# https://github.com/mikedh/trimesh
v -21000.00000000 1200.00000000 0.00000000
v -20944.56722805 1178.78679656 -8.78679656
v -20944.56722805 827.31493399 839.74134086
v -21000.00000000 848.52813742 848.52813742
v -20944.56722805 1221.21320344 8.78679656
v -20944.56722805 869.74134086 857.31493399
v -20977.03899406 1251.21320344 21.21320344
v -20977.03899406 899.74134086 869.74134086
v -21022.96100594 1251.21320344 21.21320344
v -21022.96100594 899.74134086 869.74134086
v -21055.43277195 1221.21320344 8.78679656
v -21055.43277195 869.74134086 857.31493399
v -21055.43277195 1178.78679656 -8.78679656
v -21055.43277195 827.31493399 839.74134086
v -21022.96100594 1148.78679656 -21.21320344
v -21022.96100594 797.31493399 827.31493399
v -20977.03899406 1148.78679656 -21.21320344
v -20977.03899406 797.31493399 827.31493399
v -21000.00000000 848.52813742 848.52813742
v -20977.03899406 827.31493399 797.31493399
v -20977.03899406 -21.21320344 1148.78679656
v -21000.00000000 0.00000000 1200.00000000
v -20944.56722805 839.74134086 827.31493399
v -20944.56722805 -8.78679656 1178.78679656
v -20944.56722805 857.31493399 869.74134086
v -20944.56722805 8.78679656 1221.21320344
v -20977.03899406 869.74134086 899.74134086
v -20977.03899406 21.21320344 1251.21320344
v -21022.96100594 869.74134086 899.74134086
v -21022.96100594 21.21320344 1251.21320344
v -21055.43277195 857.31493399 869.74134086
v -21055.43277195 8.78679656 1221.21320344
v -21055.43277195 839.74134086 827.31493399
v -21055.43277195 -8.78679656 1178.78679656
v -21022.96100594 827.31493399 797.31493399
v -21022.96100594 -21.21320344 1148.78679656
v -21000.00000000 0.00000000 1200.00000000
v -21022.96100594 21.21320344 1148.78679656
v -21022.96100594 -827.31493399 797.31493399
v -21000.00000000 -848.52813742 848.52813742
v -20977.03899406 21.21320344 1148.78679656
v -20977.03899406 -827.31493399 797.31493399
v -20944.56722805 8.78679656 1178.78679656
v -20944.56722805 -839.74134086 827.31493399
v -20944.56722805 -8.78679656 1221.21320344
v -20944.56722805 -857.31493399 869.74134086
v -20977.03899406 -21.21320344 1251.21320344
v -20977.03899406 -869.74134086 899.74134086
v -21022.96100594 -21.21320344 1251.21320344
v -21022.96100594 -869.74134086 899.74134086
v -21055.43277195 -8.78679656 1221.21320344
v -21055.43277195 -857.31493399 869.74134086
v -21055.43277195 8.78679656 1178.78679656
v -21055.43277195 -839.74134086 827.31493399
v -21000.00000000 -848.52813742 848.52813742
v -21055.43277195 -827.31493399 839.74134086
v -21055.43277195 -1178.78679656 -8.78679656
v -21000.00000000 -1200.00000000 0.00000000
v -21022.96100594 -797.31493399 827.31493399
v -21022.96100594 -1148.78679656 -21.21320344
v -20977.03899406 -797.31493399 827.31493399
v -20977.03899406 -1148.78679656 -21.21320344
v -20944.56722805 -827.31493399 839.74134086
v -20944.56722805 -1178.78679656 -8.78679656
v -20944.56722805 -869.74134086 857.31493399
v -20944.56722805 -1221.21320344 8.78679656
v -20977.03899406 -899.74134086 869.74134086
v -20977.03899406 -1251.21320344 21.21320344
v -21022.96100594 -899.74134086 869.74134086
v -21022.96100594 -1251.21320344 21.21320344
v -21055.43277195 -869.74134086 857.31493399
v -21055.43277195 -1221.21320344 8.78679656
v -21000.00000000 -1200.00000000 0.00000000
v -21055.43277195 -1221.21320344 -8.78679656
v -21055.43277195 -869.74134086 -857.31493399
v -21000.00000000 -848.52813742 -848.52813742
v -21055.43277195 -1178.78679656 8.78679656
v -21055.43277195 -827.31493399 -839.74134086
v -21022.96100594 -1148.78679656 21.21320344
v -21022.96100594 -797.31493399 -827.31493399
v -20977.03899406 -1148.78679656 21.21320344
v -20977.03899406 -797.31493399 -827.31493399
v -20944.56722805 -1178.78679656 8.78679656
v -20944.56722805 -827.31493399 -839.74134086
v -20944.56722805 -1221.21320344 -8.78679656
v -20944.56722805 -869.74134086 -857.31493399
v -20977.03899406 -1251.21320344 -21.21320344
v -20977.03899406 -899.74134086 -869.74134086
v -21022.96100594 -1251.21320344 -21.21320344
v -21022.96100594 -899.74134086 -869.74134086
v -21000.00000000 -848.52813742 -848.52813742
v -21022.96100594 -869.74134086 -899.74134086
v -21022.96100594 -21.21320344 -1251.21320344
v -21000.00000000 -0.00000000 -1200.00000000
v -21055.43277195 -857.31493399 -869.74134086
v -21055.43277195 -8.78679656 -1221.21320344
v -21055.43277195 -839.74134086 -827.31493399
v -21055.43277195 8.78679656 -1178.78679656
v -21022.96100594 -827.31493399 -797.31493399
v -21022.96100594 21.21320344 -1148.78679656
v -20977.03899406 -827.31493399 -797.31493399
v -20977.03899406 21.21320344 -1148.78679656
v -20944.56722805 -839.74134086 -827.31493399
v -20944.56722805 8.78679656 -1178.78679656
v -20944.56722805 -857.31493399 -869.74134086
v -20944.56722805 -8.78679656 -1221.21320344
v -20977.03899406 -869.74134086 -899.74134086
v -20977.03899406 -21.21320344 -1251.21320344
v -21000.00000000 -0.00000000 -1200.00000000
v -20977.03899406 21.21320344 -1251.21320344
v -20977.03899406 869.74134086 -899.74134086
v -21000.00000000 848.52813742 -848.52813742
v -21022.96100594 21.21320344 -1251.21320344
v -21022.96100594 869.74134086 -899.74134086
v -21055.43277195 8.78679656 -1221.21320344
v -21055.43277195 857.31493399 -869.74134086
v -21055.43277195 -8.78679656 -1178.78679656
v -21055.43277195 839.74134086 -827.31493399
v -21022.96100594 -21.21320344 -1148.78679656
v -21022.96100594 827.31493399 -797.31493399
v -20977.03899406 -21.21320344 -1148.78679656
v -20977.03899406 827.31493399 -797.31493399
v -20944.56722805 -8.78679656 -1178.78679656
v -20944.56722805 839.74134086 -827.31493399
v -20944.56722805 8.78679656 -1221.21320344
v -20944.56722805 857.31493399 -869.74134086
v -21000.00000000 848.52813742 -848.52813742
v -20944.56722805 869.74134086 -857.31493399
v -20944.56722805 1221.21320344 -8.78679656
v -21000.00000000 1200.00000000 0.00000000
v -20977.03899406 899.74134086 -869.74134086
v -20977.03899406 1251.21320344 -21.21320344
v -21022.96100594 899.74134086 -869.74134086
v -21022.96100594 1251.21320344 -21.21320344
v -21055.43277195 869.74134086 -857.31493399
v -21055.43277195 1221.21320344 -8.78679656
v -21055.43277195 827.31493399 -839.74134086
v -21055.43277195 1178.78679656 8.78679656
v -21022.96100594 797.31493399 -827.31493399
v -21022.96100594 1148.78679656 21.21320344
v -20977.03899406 797.31493399 -827.31493399
v -20977.03899406 1148.78679656 21.21320344
v -20944.56722805 827.31493399 -839.74134086
v -20944.56722805 1178.78679656 8.78679656
v -21000.00000000 1200.00000000 0.00000000
v -21000.00000000 1200.00000000 -80.00000000
v -18500.00000000 1200.00000000 -80.00000000
v -18500.00000000 1200.00000000 0.00000000
v -21000.00000000 1256.56854249 -56.56854249
v -18500.00000000 1256.56854249 -56.56854249
v -21000.00000000 1280.00000000 -0.00000000
v -18500.00000000 1280.00000000 -0.00000000
v -21000.00000000 1256.56854249 56.56854249
v -18500.00000000 1256.56854249 56.56854249
v -21000.00000000 1200.00000000 80.00000000
v -18500.00000000 1200.00000000 80.00000000
v -21000.00000000 1143.43145751 56.56854249
v -18500.00000000 1143.43145751 56.56854249
v -21000.00000000 1120.00000000 0.00000000
v -18500.00000000 1120.00000000 0.00000000
v -21000.00000000 1143.43145751 -56.56854249
v -18500.00000000 1143.43145751 -56.56854249
v -21000.00000000 1200.00000000 -0.00000000
v -20985.66335665 1199.02410091 -42.64397119
v -18485.66335665 847.55223834 805.88416624
v -18500.00000000 848.52813742 848.52813742
v -20985.66335665 1230.84390607 -29.46377634
v -18485.66335665 879.37204349 819.06436109
v -20994.06156789 1244.59576936 0.97589909
v -18494.06156789 893.12390679 849.50403651
v -21005.93843211 1232.22403579 30.84390607
v -18505.93843211 880.75217322 879.37204349
v -21014.33664335 1200.97589909 42.64397119
v -18514.33664335 849.50403651 891.17210861
v -21014.33664335 1169.15609393 29.46377634
v -18514.33664335 817.68423136 877.99191376
v -21005.93843211 1155.40423064 -0.97589909
v -18505.93843211 803.93236806 847.55223834
v -20994.06156789 1167.77596421 -30.84390607
v -18494.06156789 816.30410163 817.68423136
v -21000.00000000 848.52813742 848.52813742
v -21000.00000000 848.52813742 768.52813742
v -18500.00000000 848.52813742 768.52813742
v -18500.00000000 848.52813742 848.52813742
v -21000.00000000 905.09667992 791.95959493
v -18500.00000000 905.09667992 791.95959493
v -21000.00000000 928.52813742 848.52813742
v -18500.00000000 928.52813742 848.52813742
v -21000.00000000 905.09667992 905.09667992
v -18500.00000000 905.09667992 905.09667992
v -21000.00000000 848.52813742 928.52813742
v -18500.00000000 848.52813742 928.52813742
v -21000.00000000 791.95959493 905.09667992
v -18500.00000000 791.95959493 905.09667992
v -21000.00000000 768.52813742 848.52813742
v -18500.00000000 768.52813742 848.52813742
v -21000.00000000 791.95959493 791.95959493
v -18500.00000000 791.95959493 791.95959493
v -21000.00000000 848.52813742 848.52813742
v -20994.06156789 847.55223834 803.93236806
v -18494.06156789 -0.97589909 1155.40423064
v -18500.00000000 0.00000000 1200.00000000
v -20985.66335665 877.99191376 817.68423136
v -18485.66335665 29.46377634 1169.15609393
v -20985.66335665 891.17210861 849.50403651
v -18485.66335665 42.64397119 1200.97589909
v -20994.06156789 879.37204349 880.75217322
v -18494.06156789 30.84390607 1232.22403579
v -21005.93843211 849.50403651 893.12390679
v -18505.93843211 0.97589909 1244.59576936
v -21014.33664335 819.06436109 879.37204349
v -18514.33664335 -29.46377634 1230.84390607
v -21014.33664335 805.88416624 847.55223834
v -18514.33664335 -42.64397119 1199.02410091
v -21005.93843211 817.68423136 816.30410163
v -18505.93843211 -30.84390607 1167.77596421
v -21000.00000000 0.00000000 1200.00000000
v -21000.00000000 0.00000000 1120.00000000
v -18500.00000000 0.00000000 1120.00000000
v -18500.00000000 0.00000000 1200.00000000
v -21000.00000000 56.56854249 1143.43145751
v -18500.00000000 56.56854249 1143.43145751
v -21000.00000000 80.00000000 1200.00000000
v -18500.00000000 80.00000000 1200.00000000
v -21000.00000000 56.56854249 1256.56854249
v -18500.00000000 56.56854249 1256.56854249
v -21000.00000000 0.00000000 1280.00000000
v -18500.00000000 0.00000000 1280.00000000
v -21000.00000000 -56.56854249 1256.56854249
v -18500.00000000 -56.56854249 1256.56854249
v -21000.00000000 -80.00000000 1200.00000000
v -18500.00000000 -80.00000000 1200.00000000
v -21000.00000000 -56.56854249 1143.43145751
v -18500.00000000 -56.56854249 1143.43145751
v -21000.00000000 0.00000000 1200.00000000
v -21005.93843211 0.97589909 1155.40423064
v -18505.93843211 -847.55223834 803.93236806
v -18500.00000000 -848.52813742 848.52813742
v -20994.06156789 30.84390607 1167.77596421
v -18494.06156789 -817.68423136 816.30410163
v -20985.66335665 42.64397119 1199.02410091
v -18485.66335665 -805.88416624 847.55223834
v -20985.66335665 29.46377634 1230.84390607
v -18485.66335665 -819.06436109 879.37204349
v -20994.06156789 -0.97589909 1244.59576936
v -18494.06156789 -849.50403651 893.12390679
v -21005.93843211 -30.84390607 1232.22403579
v -18505.93843211 -879.37204349 880.75217322
v -21014.33664335 -42.64397119 1200.97589909
v -18514.33664335 -891.17210861 849.50403651
v -21014.33664335 -29.46377634 1169.15609393
v -18514.33664335 -877.99191376 817.68423136
v -21000.00000000 -848.52813742 848.52813742
v -21000.00000000 -848.52813742 768.52813742
v -18500.00000000 -848.52813742 768.52813742
v -18500.00000000 -848.52813742 848.52813742
v -21000.00000000 -791.95959493 791.95959493
v -18500.00000000 -791.95959493 791.95959493
v -21000.00000000 -768.52813742 848.52813742
v -18500.00000000 -768.52813742 848.52813742
v -21000.00000000 -791.95959493 905.09667992
v -18500.00000000 -791.95959493 905.09667992
v -21000.00000000 -848.52813742 928.52813742
v -18500.00000000 -848.52813742 928.52813742
v -21000.00000000 -905.09667992 905.09667992
v -18500.00000000 -905.09667992 905.09667992
v -21000.00000000 -928.52813742 848.52813742
v -18500.00000000 -928.52813742 848.52813742
v -21000.00000000 -905.09667992 791.95959493
v -18500.00000000 -905.09667992 791.95959493
v -21000.00000000 -848.52813742 848.52813742
v -21014.33664335 -847.55223834 805.88416624
v -18514.33664335 -1199.02410091 -42.64397119
v -18500.00000000 -1200.00000000 0.00000000
v -21005.93843211 -816.30410163 817.68423136
v -18505.93843211 -1167.77596421 -30.84390607
v -20994.06156789 -803.93236806 847.55223834
v -18494.06156789 -1155.40423064 -0.97589909
v -20985.66335665 -817.68423136 877.99191376
v -18485.66335665 -1169.15609393 29.46377634
v -20985.66335665 -849.50403651 891.17210861
v -18485.66335665 -1200.97589909 42.64397119
v -20994.06156789 -880.75217322 879.37204349
v -18494.06156789 -1232.22403579 30.84390607
v -21005.93843211 -893.12390679 849.50403651
v -18505.93843211 -1244.59576936 0.97589909
v -21014.33664335 -879.37204349 819.06436109
v -18514.33664335 -1230.84390607 -29.46377634
v -21000.00000000 -1200.00000000 0.00000000
v -21000.00000000 -1200.00000000 -80.00000000
v -18500.00000000 -1200.00000000 -80.00000000
v -18500.00000000 -1200.00000000 0.00000000
v -21000.00000000 -1143.43145751 -56.56854249
v -18500.00000000 -1143.43145751 -56.56854249
v -21000.00000000 -1120.00000000 0.00000000
v -18500.00000000 -1120.00000000 0.00000000
v -21000.00000000 -1143.43145751 56.56854249
v -18500.00000000 -1143.43145751 56.56854249
v -21000.00000000 -1200.00000000 80.00000000
v -18500.00000000 -1200.00000000 80.00000000
v -21000.00000000 -1256.56854249 56.56854249
v -18500.00000000 -1256.56854249 56.56854249
v -21000.00000000 -1280.00000000 0.00000000
v -18500.00000000 -1280.00000000 0.00000000
v -21000.00000000 -1256.56854249 -56.56854249
v -18500.00000000 -1256.56854249 -56.56854249
v -21000.00000000 -1200.00000000 0.00000000
v -21014.33664335 -1200.97589909 -42.64397119
v -18514.33664335 -849.50403651 -891.17210861
v -18500.00000000 -848.52813742 -848.52813742
v -21014.33664335 -1169.15609393 -29.46377634
v -18514.33664335 -817.68423136 -877.99191376
v -21005.93843211 -1155.40423064 0.97589909
v -18505.93843211 -803.93236806 -847.55223834
v -20994.06156789 -1167.77596421 30.84390607
v -18494.06156789 -816.30410163 -817.68423136
v -20985.66335665 -1199.02410091 42.64397119
v -18485.66335665 -847.55223834 -805.88416624
v -20985.66335665 -1230.84390607 29.46377634
v -18485.66335665 -879.37204349 -819.06436109
v -20994.06156789 -1244.59576936 -0.97589909
v -18494.06156789 -893.12390679 -849.50403651
v -21005.93843211 -1232.22403579 -30.84390607
v -18505.93843211 -880.75217322 -879.37204349
v -21000.00000000 -848.52813742 -848.52813742
v -21000.00000000 -848.52813742 -928.52813742
v -18500.00000000 -848.52813742 -928.52813742
v -18500.00000000 -848.52813742 -848.52813742
v -21000.00000000 -791.95959493 -905.09667992
v -18500.00000000 -791.95959493 -905.09667992
v -21000.00000000 -768.52813742 -848.52813742
v -18500.00000000 -768.52813742 -848.52813742
v -21000.00000000 -791.95959493 -791.95959493
v -18500.00000000 -791.95959493 -791.95959493
v -21000.00000000 -848.52813742 -768.52813742
v -18500.00000000 -848.52813742 -768.52813742
v -21000.00000000 -905.09667992 -791.95959493
v -18500.00000000 -905.09667992 -791.95959493
v -21000.00000000 -928.52813742 -848.52813742
v -18500.00000000 -928.52813742 -848.52813742
v -21000.00000000 -905.09667992 -905.09667992
v -18500.00000000 -905.09667992 -905.09667992
v -21000.00000000 -848.52813742 -848.52813742
v -21005.93843211 -849.50403651 -893.12390679
v -18505.93843211 -0.97589909 -1244.59576936
v -18500.00000000 -0.00000000 -1200.00000000
v -21014.33664335 -819.06436109 -879.37204349
v -18514.33664335 29.46377634 -1230.84390607
v -21014.33664335 -805.88416624 -847.55223834
v -18514.33664335 42.64397119 -1199.02410091
v -21005.93843211 -817.68423136 -816.30410163
v -18505.93843211 30.84390607 -1167.77596421
v -20994.06156789 -847.55223834 -803.93236806
v -18494.06156789 0.97589909 -1155.40423064
v -20985.66335665 -877.99191376 -817.68423136
v -18485.66335665 -29.46377634 -1169.15609393
v -20985.66335665 -891.17210861 -849.50403651
v -18485.66335665 -42.64397119 -1200.97589909
v -20994.06156789 -879.37204349 -880.75217322
v -18494.06156789 -30.84390607 -1232.22403579
v -21000.00000000 -0.00000000 -1200.00000000
v -21000.00000000 -0.00000000 -1280.00000000
v -18500.00000000 -0.00000000 -1280.00000000
v -18500.00000000 -0.00000000 -1200.00000000
v -21000.00000000 56.56854249 -1256.56854249
v -18500.00000000 56.56854249 -1256.56854249
v -21000.00000000 80.00000000 -1200.00000000
v -18500.00000000 80.00000000 -1200.00000000
v -21000.00000000 56.56854249 -1143.43145751
v -18500.00000000 56.56854249 -1143.43145751
v -21000.00000000 -0.00000000 -1120.00000000
v -18500.00000000 -0.00000000 -1120.00000000
v -21000.00000000 -56.56854249 -1143.43145751
v -18500.00000000 -56.56854249 -1143.43145751
v -21000.00000000 -80.00000000 -1200.00000000
v -18500.00000000 -80.00000000 -1200.00000000
v -21000.00000000 -56.56854249 -1256.56854249
v -18500.00000000 -56.56854249 -1256.56854249
v -21000.00000000 -0.00000000 -1200.00000000
v -20994.06156789 0.97589909 -1244.59576936
v -18494.06156789 849.50403651 -893.12390679
v -18500.00000000 848.52813742 -848.52813742
v -21005.93843211 30.84390607 -1232.22403579
v -18505.93843211 879.37204349 -880.75217322
v -21014.33664335 42.64397119 -1200.97589909
v -18514.33664335 891.17210861 -849.50403651
v -21014.33664335 29.46377634 -1169.15609393
v -18514.33664335 877.99191376 -817.68423136
v -21005.93843211 -0.97589909 -1155.40423064
v -18505.93843211 847.55223834 -803.93236806
v -20994.06156789 -30.84390607 -1167.77596421
v -18494.06156789 817.68423136 -816.30410163
v -20985.66335665 -42.64397119 -1199.02410091
v -18485.66335665 805.88416624 -847.55223834
v -20985.66335665 -29.46377634 -1230.84390607
v -18485.66335665 819.06436109 -879.37204349
v -21000.00000000 848.52813742 -848.52813742
v -21000.00000000 848.52813742 -928.52813742
v -18500.00000000 848.52813742 -928.52813742
v -18500.00000000 848.52813742 -848.52813742
v -21000.00000000 905.09667992 -905.09667992
v -18500.00000000 905.09667992 -905.09667992
v -21000.00000000 928.52813742 -848.52813742
v -18500.00000000 928.52813742 -848.52813742
v -21000.00000000 905.09667992 -791.95959493
v -18500.00000000 905.09667992 -791.95959493
v -21000.00000000 848.52813742 -768.52813742
v -18500.00000000 848.52813742 -768.52813742
v -21000.00000000 791.95959493 -791.95959493
v -18500.00000000 791.95959493 -791.95959493
v -21000.00000000 768.52813742 -848.52813742
v -18500.00000000 768.52813742 -848.52813742
v -21000.00000000 791.95959493 -905.09667992
v -18500.00000000 791.95959493 -905.09667992
v -21000.00000000 848.52813742 -848.52813742
v -20985.66335665 849.50403651 -891.17210861
v -18485.66335665 1200.97589909 -42.64397119
v -18500.00000000 1200.00000000 0.00000000
v -20994.06156789 880.75217322 -879.37204349
v -18494.06156789 1232.22403579 -30.84390607
v -21005.93843211 893.12390679 -849.50403651
v -18505.93843211 1244.59576936 -0.97589909
v -21014.33664335 879.37204349 -819.06436109
v -18514.33664335 1230.84390607 29.46377634
v -21014.33664335 847.55223834 -805.88416624
v -18514.33664335 1199.02410091 42.64397119
v -21005.93843211 816.30410163 -817.68423136
v -18505.93843211 1167.77596421 30.84390607
v -20994.06156789 803.93236806 -847.55223834
v -18494.06156789 1155.40423064 0.97589909
v -20985.66335665 817.68423136 -877.99191376
v -18485.66335665 1169.15609393 -29.46377634
v -18500.00000000 1200.00000000 0.00000000
v -18444.56722805 1178.78679656 -8.78679656
v -18444.56722805 827.31493399 839.74134086
v -18500.00000000 848.52813742 848.52813742
v -18444.56722805 1221.21320344 8.78679656
v -18444.56722805 869.74134086 857.31493399
v -18477.03899406 1251.21320344 21.21320344
v -18477.03899406 899.74134086 869.74134086
v -18522.96100594 1251.21320344 21.21320344
v -18522.96100594 899.74134086 869.74134086
v -18555.43277195 1221.21320344 8.78679656
v -18555.43277195 869.74134086 857.31493399
v -18555.43277195 1178.78679656 -8.78679656
v -18555.43277195 827.31493399 839.74134086
v -18522.96100594 1148.78679656 -21.21320344
v -18522.96100594 797.31493399 827.31493399
v -18477.03899406 1148.78679656 -21.21320344
v -18477.03899406 797.31493399 827.31493399
v -18500.00000000 848.52813742 848.52813742
v -18477.03899406 827.31493399 797.31493399
v -18477.03899406 -21.21320344 1148.78679656
v -18500.00000000 0.00000000 1200.00000000
v -18444.56722805 839.74134086 827.31493399
v -18444.56722805 -8.78679656 1178.78679656
v -18444.56722805 857.31493399 869.74134086
v -18444.56722805 8.78679656 1221.21320344
v -18477.03899406 869.74134086 899.74134086
v -18477.03899406 21.21320344 1251.21320344
v -18522.96100594 869.74134086 899.74134086
v -18522.96100594 21.21320344 1251.21320344
v -18555.43277195 857.31493399 869.74134086
v -18555.43277195 8.78679656 1221.21320344
v -18555.43277195 839.74134086 827.31493399
v -18555.43277195 -8.78679656 1178.78679656
v -18522.96100594 827.31493399 797.31493399
v -18522.96100594 -21.21320344 1148.78679656
v -18500.00000000 0.00000000 1200.00000000
v -18522.96100594 21.21320344 1148.78679656
v -18522.96100594 -827.31493399 797.31493399
v -18500.00000000 -848.52813742 848.52813742
v -18477.03899406 21.21320344 1148.78679656
v -18477.03899406 -827.31493399 797.31493399
v -18444.56722805 8.78679656 1178.78679656
v -18444.56722805 -839.74134086 827.31493399
v -18444.56722805 -8.78679656 1221.21320344
v -18444.56722805 -857.31493399 869.74134086
v -18477.03899406 -21.21320344 1251.21320344
v -18477.03899406 -869.74134086 899.74134086
v -18522.96100594 -21.21320344 1251.21320344
v -18522.96100594 -869.74134086 899.74134086
v -18555.43277195 -8.78679656 1221.21320344
v -18555.43277195 -857.31493399 869.74134086
v -18555.43277195 8.78679656 1178.78679656
v -18555.43277195 -839.74134086 827.31493399
v -18500.00000000 -848.52813742 848.52813742
v -18555.43277195 -827.31493399 839.74134086
v -18555.43277195 -1178.78679656 -8.78679656
v -18500.00000000 -1200.00000000 0.00000000
v -18522.96100594 -797.31493399 827.31493399
v -18522.96100594 -1148.78679656 -21.21320344
v -18477.03899406 -797.31493399 827.31493399
v -18477.03899406 -1148.78679656 -21.21320344
v -18444.56722805 -827.31493399 839.74134086
v -18444.56722805 -1178.78679656 -8.78679656
v -18444.56722805 -869.74134086 857.31493399
v -18444.56722805 -1221.21320344 8.78679656
v -18477.03899406 -899.74134086 869.74134086
v -18477.03899406 -1251.21320344 21.21320344
v -18522.96100594 -899.74134086 869.74134086
v -18522.96100594 -1251.21320344 21.21320344
v -18555.43277195 -869.74134086 857.31493399
v -18555.43277195 -1221.21320344 8.78679656
v -18500.00000000 -1200.00000000 0.00000000
v -18555.43277195 -1221.21320344 -8.78679656
v -18555.43277195 -869.74134086 -857.31493399
v -18500.00000000 -848.52813742 -848.52813742
v -18555.43277195 -1178.78679656 8.78679656
v -18555.43277195 -827.31493399 -839.74134086
v -18522.96100594 -1148.78679656 21.21320344
v -18522.96100594 -797.31493399 -827.31493399
v -18477.03899406 -1148.78679656 21.21320344
v -18477.03899406 -797.31493399 -827.31493399
v -18444.56722805 -1178.78679656 8.78679656
v -18444.56722805 -827.31493399 -839.74134086
v -18444.56722805 -1221.21320344 -8.78679656
v -18444.56722805 -869.74134086 -857.31493399
v -18477.03899406 -1251.21320344 -21.21320344
v -18477.03899406 -899.74134086 -869.74134086
v -18522.96100594 -1251.21320344 -21.21320344
v -18522.96100594 -899.74134086 -869.74134086
v -18500.00000000 -848.52813742 -848.52813742
v -18522.96100594 -869.74134086 -899.74134086
v -18522.96100594 -21.21320344 -1251.21320344
v -18500.00000000 -0.00000000 -1200.00000000
v -18555.43277195 -857.31493399 -869.74134086
v -18555.43277195 -8.78679656 -1221.21320344
v -18555.43277195 -839.74134086 -827.31493399
v -18555.43277195 8.78679656 -1178.78679656
v -18522.96100594 -827.31493399 -797.31493399
v -18522.96100594 21.21320344 -1148.78679656
v -18477.03899406 -827.31493399 -797.31493399
v -18477.03899406 21.21320344 -1148.78679656
v -18444.56722805 -839.74134086 -827.31493399
v -18444.56722805 8.78679656 -1178.78679656
v -18444.56722805 -857.31493399 -869.74134086
v -18444.56722805 -8.78679656 -1221.21320344
v -18477.03899406 -869.74134086 -899.74134086
v -18477.03899406 -21.21320344 -1251.21320344
v -18500.00000000 -0.00000000 -1200.00000000
v -18477.03899406 21.21320344 -1251.21320344
v -18477.03899406 869.74134086 -899.74134086
v -18500.00000000 848.52813742 -848.52813742
v -18522.96100594 21.21320344 -1251.21320344
v -18522.96100594 869.74134086 -899.74134086
v -18555.43277195 8.78679656 -1221.21320344
v -18555.43277195 857.31493399 -869.74134086
v -18555.43277195 -8.78679656 -1178.78679656
v -18555.43277195 839.74134086 -827.31493399
v -18522.96100594 -21.21320344 -1148.78679656
v -18522.96100594 827.31493399 -797.31493399
v -18477.03899406 -21.21320344 -1148.78679656
v -18477.03899406 827.31493399 -797.31493399
v -18444.56722805 -8.78679656 -1178.78679656
v -18444.56722805 839.74134086 -827.31493399
v -18444.56722805 8.78679656 -1221.21320344
v -18444.56722805 857.31493399 -869.74134086
v -18500.00000000 848.52813742 -848.52813742
v -18444.56722805 869.74134086 -857.31493399
v -18444.56722805 1221.21320344 -8.78679656
v -18500.00000000 1200.00000000 0.00000000
v -18477.03899406 899.74134086 -869.74134086
v -18477.03899406 1251.21320344 -21.21320344
v -18522.96100594 899.74134086 -869.74134086
v -18522.96100594 1251.21320344 -21.21320344
v -18555.43277195 869.74134086 -857.31493399
v -18555.43277195 1221.21320344 -8.78679656
v -18555.43277195 827.31493399 -839.74134086
v -18555.43277195 1178.78679656 8.78679656
v -18522.96100594 797.31493399 -827.31493399
v -18522.96100594 1148.78679656 21.21320344
v -18477.03899406 797.31493399 -827.31493399
v -18477.03899406 1148.78679656 21.21320344
v -18444.56722805 827.31493399 -839.74134086
v -18444.56722805 1178.78679656 8.78679656
v -18500.00000000 1200.00000000 0.00000000
v -18500.00000000 1200.00000000 -80.00000000
v -16000.00000000 1200.00000000 -80.00000000
v -16000.00000000 1200.00000000 0.00000000
v -18500.00000000 1256.56854249 -56.56854249
v -16000.00000000 1256.56854249 -56.56854249
v -18500.00000000 1280.00000000 -0.00000000
v -16000.00000000 1280.00000000 -0.00000000
v -18500.00000000 1256.56854249 56.56854249
v -16000.00000000 1256.56854249 56.56854249
v -18500.00000000 1200.00000000 80.00000000
v -16000.00000000 1200.00000000 80.00000000
v -18500.00000000 1143.43145751 56.56854249
v -16000.00000000 1143.43145751 56.56854249
v -18500.00000000 1120.00000000 0.00000000
v -16000.00000000 1120.00000000 0.00000000
v -18500.00000000 1143.43145751 -56.56854249
v -16000.00000000 1143.43145751 -56.56854249
v -18500.00000000 1200.00000000 0.00000000
v -18514.33664335 1200.97589909 -42.64397119
v -16014.33664335 849.50403651 -891.17210861
v -16000.00000000 848.52813742 -848.52813742
v -18505.93843211 1232.22403579 -30.84390607
v -16005.93843211 880.75217322 -879.37204349
v -18494.06156789 1244.59576936 -0.97589909
v -15994.06156789 893.12390679 -849.50403651
v -18485.66335665 1230.84390607 29.46377634
v -15985.66335665 879.37204349 -819.06436109
v -18485.66335665 1199.02410091 42.64397119
v -15985.66335665 847.55223834 -805.88416624
v -18494.06156789 1167.77596421 30.84390607
v -15994.06156789 816.30410163 -817.68423136
v -18505.93843211 1155.40423064 0.97589909
v -16005.93843211 803.93236806 -847.55223834
v -18514.33664335 1169.15609393 -29.46377634
v -16014.33664335 817.68423136 -877.99191376
v -18500.00000000 848.52813742 848.52813742
v -18500.00000000 848.52813742 768.52813742
v -16000.00000000 848.52813742 768.52813742
v -16000.00000000 848.52813742 848.52813742
v -18500.00000000 905.09667992 791.95959493
v -16000.00000000 905.09667992 791.95959493
v -18500.00000000 928.52813742 848.52813742
v -16000.00000000 928.52813742 848.52813742
v -18500.00000000 905.09667992 905.09667992
v -16000.00000000 905.09667992 905.09667992
v -18500.00000000 848.52813742 928.52813742
v -16000.00000000 848.52813742 928.52813742
v -18500.00000000 791.95959493 905.09667992
v -16000.00000000 791.95959493 905.09667992
v -18500.00000000 768.52813742 848.52813742
v -16000.00000000 768.52813742 848.52813742
v -18500.00000000 791.95959493 791.95959493
v -16000.00000000 791.95959493 791.95959493
v -18500.00000000 848.52813742 848.52813742
v -18514.33664335 847.55223834 805.88416624
v -16014.33664335 1199.02410091 -42.64397119
v -16000.00000000 1200.00000000 -0.00000000
v -18514.33664335 879.37204349 819.06436109
v -16014.33664335 1230.84390607 -29.46377634
v -18505.93843211 893.12390679 849.50403651
v -16005.93843211 1244.59576936 0.97589909
v -18494.06156789 880.75217322 879.37204349
v -15994.06156789 1232.22403579 30.84390607
v -18485.66335665 849.50403651 891.17210861
v -15985.66335665 1200.97589909 42.64397119
v -18485.66335665 817.68423136 877.99191376
v -15985.66335665 1169.15609393 29.46377634
v -18494.06156789 803.93236806 847.55223834
v -15994.06156789 1155.40423064 -0.97589909
v -18505.93843211 816.30410163 817.68423136
v -16005.93843211 1167.77596421 -30.84390607
v -18500.00000000 0.00000000 1200.00000000
v -18500.00000000 0.00000000 1120.00000000
v -16000.00000000 0.00000000 1120.00000000
v -16000.00000000 0.00000000 1200.00000000
v -18500.00000000 56.56854249 1143.43145751
v -16000.00000000 56.56854249 1143.43145751
v -18500.00000000 80.00000000 1200.00000000
v -16000.00000000 80.00000000 1200.00000000
v -18500.00000000 56.56854249 1256.56854249
v -16000.00000000 56.56854249 1256.56854249
v -18500.00000000 0.00000000 1280.00000000
v -16000.00000000 0.00000000 1280.00000000
v -18500.00000000 -56.56854249 1256.56854249
v -16000.00000000 -56.56854249 1256.56854249
v -18500.00000000 -80.00000000 1200.00000000
v -16000.00000000 -80.00000000 1200.00000000
v -18500.00000000 -56.56854249 1143.43145751
v -16000.00000000 -56.56854249 1143.43145751
v -18500.00000000 0.00000000 1200.00000000
v -18505.93843211 -0.97589909 1155.40423064
v -16005.93843211 847.55223834 803.93236806
v -16000.00000000 848.52813742 848.52813742
v -18514.33664335 29.46377634 1169.15609393
v -16014.33664335 877.99191376 817.68423136
v -18514.33664335 42.64397119 1200.97589909
v -16014.33664335 891.17210861 849.50403651
v -18505.93843211 30.84390607 1232.22403579
v -16005.93843211 879.37204349 880.75217322
v -18494.06156789 0.97589909 1244.59576936
v -15994.06156789 849.50403651 893.12390679
v -18485.66335665 -29.46377634 1230.84390607
v -15985.66335665 819.06436109 879.37204349
v -18485.66335665 -42.64397119 1199.02410091
v -15985.66335665 805.88416624 847.55223834
v -18494.06156789 -30.84390607 1167.77596421
v -15994.06156789 817.68423136 816.30410163
v -18500.00000000 -848.52813742 848.52813742
v -18500.00000000 -848.52813742 768.52813742
v -16000.00000000 -848.52813742 768.52813742
v -16000.00000000 -848.52813742 848.52813742
v -18500.00000000 -791.95959493 791.95959493
v -16000.00000000 -791.95959493 791.95959493
v -18500.00000000 -768.52813742 848.52813742
v -16000.00000000 -768.52813742 848.52813742
v -18500.00000000 -791.95959493 905.09667992
v -16000.00000000 -791.95959493 905.09667992
v -18500.00000000 -848.52813742 928.52813742
v -16000.00000000 -848.52813742 928.52813742
v -18500.00000000 -905.09667992 905.09667992
v -16000.00000000 -905.09667992 905.09667992
v -18500.00000000 -928.52813742 848.52813742
v -16000.00000000 -928.52813742 848.52813742
v -18500.00000000 -905.09667992 791.95959493
v -16000.00000000 -905.09667992 791.95959493
v -18500.00000000 -848.52813742 848.52813742
v -18494.06156789 -847.55223834 803.93236806
v -15994.06156789 0.97589909 1155.40423064
v -16000.00000000 0.00000000 1200.00000000
v -18505.93843211 -817.68423136 816.30410163
v -16005.93843211 30.84390607 1167.77596421
v -18514.33664335 -805.88416624 847.55223834
v -16014.33664335 42.64397119 1199.02410091
v -18514.33664335 -819.06436109 879.37204349
v -16014.33664335 29.46377634 1230.84390607
v -18505.93843211 -849.50403651 893.12390679
v -16005.93843211 -0.97589909 1244.59576936
v -18494.06156789 -879.37204349 880.75217322
v -15994.06156789 -30.84390607 1232.22403579
v -18485.66335665 -891.17210861 849.50403651
v -15985.66335665 -42.64397119 1200.97589909
v -18485.66335665 -877.99191376 817.68423136
v -15985.66335665 -29.46377634 1169.15609393
v -18500.00000000 -1200.00000000 0.00000000
v -18500.00000000 -1200.00000000 -80.00000000
v -16000.00000000 -1200.00000000 -80.00000000
v -16000.00000000 -1200.00000000 0.00000000
v -18500.00000000 -1143.43145751 -56.56854249
v -16000.00000000 -1143.43145751 -56.56854249
v -18500.00000000 -1120.00000000 0.00000000
v -16000.00000000 -1120.00000000 0.00000000
v -18500.00000000 -1143.43145751 56.56854249
v -16000.00000000 -1143.43145751 56.56854249
v -18500.00000000 -1200.00000000 80.00000000
v -16000.00000000 -1200.00000000 80.00000000
v -18500.00000000 -1256.56854249 56.56854249
v -16000.00000000 -1256.56854249 56.56854249
v -18500.00000000 -1280.00000000 0.00000000
v -16000.00000000 -1280.00000000 0.00000000
v -18500.00000000 -1256.56854249 -56.56854249
v -16000.00000000 -1256.56854249 -56.56854249
v -18500.00000000 -1200.00000000 0.00000000
v -18485.66335665 -1199.02410091 -42.64397119
v -15985.66335665 -847.55223834 805.88416624
v -16000.00000000 -848.52813742 848.52813742
v -18494.06156789 -1167.77596421 -30.84390607
v -15994.06156789 -816.30410163 817.68423136
v -18505.93843211 -1155.40423064 -0.97589909
v -16005.93843211 -803.93236806 847.55223834
v -18514.33664335 -1169.15609393 29.46377634
v -16014.33664335 -817.68423136 877.99191376
v -18514.33664335 -1200.97589909 42.64397119
v -16014.33664335 -849.50403651 891.17210861
v -18505.93843211 -1232.22403579 30.84390607
v -16005.93843211 -880.75217322 879.37204349
v -18494.06156789 -1244.59576936 0.97589909
v -15994.06156789 -893.12390679 849.50403651
v -18485.66335665 -1230.84390607 -29.46377634
v -15985.66335665 -879.37204349 819.06436109
v -18500.00000000 -848.52813742 -848.52813742
v -18500.00000000 -848.52813742 -928.52813742
v -16000.00000000 -848.52813742 -928.52813742
v -16000.00000000 -848.52813742 -848.52813742
v -18500.00000000 -791.95959493 -905.09667992
v -16000.00000000 -791.95959493 -905.09667992
v -18500.00000000 -768.52813742 -848.52813742
v -16000.00000000 -768.52813742 -848.52813742
v -18500.00000000 -791.95959493 -791.95959493
v -16000.00000000 -791.95959493 -791.95959493
v -18500.00000000 -848.52813742 -768.52813742
v -16000.00000000 -848.52813742 -768.52813742
v -18500.00000000 -905.09667992 -791.95959493
v -16000.00000000 -905.09667992 -791.95959493
v -18500.00000000 -928.52813742 -848.52813742
v -16000.00000000 -928.52813742 -848.52813742
v -18500.00000000 -905.09667992 -905.09667992
v -16000.00000000 -905.09667992 -905.09667992
v -18500.00000000 -848.52813742 -848.52813742
v -18485.66335665 -849.50403651 -891.17210861
v -15985.66335665 -1200.97589909 -42.64397119
v -16000.00000000 -1200.00000000 0.00000000
v -18485.66335665 -817.68423136 -877.99191376
v -15985.66335665 -1169.15609393 -29.46377634
v -18494.06156789 -803.93236806 -847.55223834
v -15994.06156789 -1155.40423064 0.97589909
v -18505.93843211 -816.30410163 -817.68423136
v -16005.93843211 -1167.77596421 30.84390607
v -18514.33664335 -847.55223834 -805.88416624
v -16014.33664335 -1199.02410091 42.64397119
v -18514.33664335 -879.37204349 -819.06436109
v -16014.33664335 -1230.84390607 29.46377634
v -18505.93843211 -893.12390679 -849.50403651
v -16005.93843211 -1244.59576936 -0.97589909
v -18494.06156789 -880.75217322 -879.37204349
v -15994.06156789 -1232.22403579 -30.84390607
v -18500.00000000 -0.00000000 -1200.00000000
v -18500.00000000 -0.00000000 -1280.00000000
v -16000.00000000 -0.00000000 -1280.00000000
v -16000.00000000 -0.00000000 -1200.00000000
v -18500.00000000 56.56854249 -1256.56854249
v -16000.00000000 56.56854249 -1256.56854249
v -18500.00000000 80.00000000 -1200.00000000
v -16000.00000000 80.00000000 -1200.00000000
v -18500.00000000 56.56854249 -1143.43145751
v -16000.00000000 56.56854249 -1143.43145751
v -18500.00000000 -0.00000000 -1120.00000000
v -16000.00000000 -0.00000000 -1120.00000000
v -18500.00000000 -56.56854249 -1143.43145751
v -16000.00000000 -56.56854249 -1143.43145751
v -18500.00000000 -80.00000000 -1200.00000000
v -16000.00000000 -80.00000000 -1200.00000000
v -18500.00000000 -56.56854249 -1256.56854249
v -16000.00000000 -56.56854249 -1256.56854249
v -18500.00000000 -0.00000000 -1200.00000000
v -18494.06156789 -0.97589909 -1244.59576936
v -15994.06156789 -849.50403651 -893.12390679
v -16000.00000000 -848.52813742 -848.52813742
v -18485.66335665 29.46377634 -1230.84390607
v -15985.66335665 -819.06436109 -879.37204349
v -18485.66335665 42.64397119 -1199.02410091
v -15985.66335665 -805.88416624 -847.55223834
v -18494.06156789 30.84390607 -1167.77596421
v -15994.06156789 -817.68423136 -816.30410163
v -18505.93843211 0.97589909 -1155.40423064
v -16005.93843211 -847.55223834 -803.93236806
v -18514.33664335 -29.46377634 -1169.15609393
v -16014.33664335 -877.99191376 -817.68423136
v -18514.33664335 -42.64397119 -1200.97589909
v -16014.33664335 -891.17210861 -849.50403651
v -18505.93843211 -30.84390607 -1232.22403579
v -16005.93843211 -879.37204349 -880.75217322
v -18500.00000000 848.52813742 -848.52813742
v -18500.00000000 848.52813742 -928.52813742
v -16000.00000000 848.52813742 -928.52813742
v -16000.00000000 848.52813742 -848.52813742
v -18500.00000000 905.09667992 -905.09667992
v -16000.00000000 905.09667992 -905.09667992
v -18500.00000000 928.52813742 -848.52813742
v -16000.00000000 928.52813742 -848.52813742
v -18500.00000000 905.09667992 -791.95959493
v -16000.00000000 905.09667992 -791.95959493
v -18500.00000000 848.52813742 -768.52813742
v -16000.00000000 848.52813742 -768.52813742
v -18500.00000000 791.95959493 -791.95959493
v -16000.00000000 791.95959493 -791.95959493
v -18500.00000000 768.52813742 -848.52813742
v -16000.00000000 768.52813742 -848.52813742
v -18500.00000000 791.95959493 -905.09667992
v -16000.00000000 791.95959493 -905.09667992
v -18500.00000000 848.52813742 -848.52813742
v -18505.93843211 849.50403651 -893.12390679
v -16005.93843211 0.97589909 -1244.59576936
v -16000.00000000 -0.00000000 -1200.00000000
v -18494.06156789 879.37204349 -880.75217322
v -15994.06156789 30.84390607 -1232.22403579
v -18485.66335665 891.17210861 -849.50403651
v -15985.66335665 42.64397119 -1200.97589909
v -18485.66335665 877.99191376 -817.68423136
v -15985.66335665 29.46377634 -1169.15609393
v -18494.06156789 847.55223834 -803.93236806
v -15994.06156789 -0.97589909 -1155.40423064
v -18505.93843211 817.68423136 -816.30410163
v -16005.93843211 -30.84390607 -1167.77596421
v -18514.33664335 805.88416624 -847.55223834
v -16014.33664335 -42.64397119 -1199.02410091
v -18514.33664335 819.06436109 -879.37204349
v -16014.33664335 -29.46377634 -1230.84390607
v -16000.00000000 1200.00000000 0.00000000
v -15944.56722805 1178.78679656 -8.78679656
v -15944.56722805 827.31493399 839.74134086
v -16000.00000000 848.52813742 848.52813742
v -15944.56722805 1221.21320344 8.78679656
v -15944.56722805 869.74134086 857.31493399
v -15977.03899406 1251.21320344 21.21320344
v -15977.03899406 899.74134086 869.74134086
v -16022.96100594 1251.21320344 21.21320344
v -16022.96100594 899.74134086 869.74134086
v -16055.43277195 1221.21320344 8.78679656
v -16055.43277195 869.74134086 857.31493399
v -16055.43277195 1178.78679656 -8.78679656
v -16055.43277195 827.31493399 839.74134086
v -16022.96100594 1148.78679656 -21.21320344
v -16022.96100594 797.31493399 827.31493399
v -15977.03899406 1148.78679656 -21.21320344
v -15977.03899406 797.31493399 827.31493399
v -16000.00000000 848.52813742 848.52813742
v -15977.03899406 827.31493399 797.31493399
v -15977.03899406 -21.21320344 1148.78679656
v -16000.00000000 0.00000000 1200.00000000
v -15944.56722805 839.74134086 827.31493399
v -15944.56722805 -8.78679656 1178.78679656
v -15944.56722805 857.31493399 869.74134086
v -15944.56722805 8.78679656 1221.21320344
v -15977.03899406 869.74134086 899.74134086
v -15977.03899406 21.21320344 1251.21320344
v -16022.96100594 869.74134086 899.74134086
v -16022.96100594 21.21320344 1251.21320344
v -16055.43277195 857.31493399 869.74134086
v -16055.43277195 8.78679656 1221.21320344
v -16055.43277195 839.74134086 827.31493399
v -16055.43277195 -8.78679656 1178.78679656
v -16022.96100594 827.31493399 797.31493399
v -16022.96100594 -21.21320344 1148.78679656
v -16000.00000000 0.00000000 1200.00000000
v -16022.96100594 21.21320344 1148.78679656
v -16022.96100594 -827.31493399 797.31493399
v -16000.00000000 -848.52813742 848.52813742
v -15977.03899406 21.21320344 1148.78679656
v -15977.03899406 -827.31493399 797.31493399
v -15944.56722805 8.78679656 1178.78679656
v -15944.56722805 -839.74134086 827.31493399
v -15944.56722805 -8.78679656 1221.21320344
v -15944.56722805 -857.31493399 869.74134086
v -15977.03899406 -21.21320344 1251.21320344
v -15977.03899406 -869.74134086 899.74134086
v -16022.96100594 -21.21320344 1251.21320344
v -16022.96100594 -869.74134086 899.74134086
v -16055.43277195 -8.78679656 1221.21320344
v -16055.43277195 -857.31493399 869.74134086
v -16055.43277195 8.78679656 1178.78679656
v -16055.43277195 -839.74134086 827.31493399
v -16000.00000000 -848.52813742 848.52813742
v -16055.43277195 -827.31493399 839.74134086
v -16055.43277195 -1178.78679656 -8.78679656
v -16000.00000000 -1200.00000000 0.00000000
v -16022.96100594 -797.31493399 827.31493399
v -16022.96100594 -1148.78679656 -21.21320344
v -15977.03899406 -797.31493399 827.31493399
v -15977.03899406 -1148.78679656 -21.21320344
v -15944.56722805 -827.31493399 839.74134086
v -15944.56722805 -1178.78679656 -8.78679656
v -15944.56722805 -869.74134086 857.31493399
v -15944.56722805 -1221.21320344 8.78679656
v -15977.03899406 -899.74134086 869.74134086
v -15977.03899406 -1251.21320344 21.21320344
v -16022.96100594 -899.74134086 869.74134086
v -16022.96100594 -1251.21320344 21.21320344
v -16055.43277195 -869.74134086 857.31493399
v -16055.43277195 -1221.21320344 8.78679656
v -16000.00000000 -1200.00000000 0.00000000
v -16055.43277195 -1221.21320344 -8.78679656
v -16055.43277195 -869.74134086 -857.31493399
v -16000.00000000 -848.52813742 -848.52813742
v -16055.43277195 -1178.78679656 8.78679656
v -16055.43277195 -827.31493399 -839.74134086
v -16022.96100594 -1148.78679656 21.21320344
v -16022.96100594 -797.31493399 -827.31493399
v -15977.03899406 -1148.78679656 21.21320344
v -15977.03899406 -797.31493399 -827.31493399
v -15944.56722805 -1178.78679656 8.78679656
v -15944.56722805 -827.31493399 -839.74134086
v -15944.56722805 -1221.21320344 -8.78679656
v -15944.56722805 -869.74134086 -857.31493399
v -15977.03899406 -1251.21320344 -21.21320344
v -15977.03899406 -899.74134086 -869.74134086
v -16022.96100594 -1251.21320344 -21.21320344
v -16022.96100594 -899.74134086 -869.74134086
v -16000.00000000 -848.52813742 -848.52813742
v -16022.96100594 -869.74134086 -899.74134086
v -16022.96100594 -21.21320344 -1251.21320344
v -16000.00000000 -0.00000000 -1200.00000000
v -16055.43277195 -857.31493399 -869.74134086
v -16055.43277195 -8.78679656 -1221.21320344
v -16055.43277195 -839.74134086 -827.31493399
v -16055.43277195 8.78679656 -1178.78679656
v -16022.96100594 -827.31493399 -797.31493399
v -16022.96100594 21.21320344 -1148.78679656
v -15977.03899406 -827.31493399 -797.31493399
v -15977.03899406 21.21320344 -1148.78679656
v -15944.56722805 -839.74134086 -827.31493399
v -15944.56722805 8.78679656 -1178.78679656
v -15944.56722805 -857.31493399 -869.74134086
v -15944.56722805 -8.78679656 -1221.21320344
v -15977.03899406 -869.74134086 -899.74134086
v -15977.03899406 -21.21320344 -1251.21320344
v -16000.00000000 -0.00000000 -1200.00000000
v -15977.03899406 21.21320344 -1251.21320344
v -15977.03899406 869.74134086 -899.74134086
v -16000.00000000 848.52813742 -848.52813742
v -16022.96100594 21.21320344 -1251.21320344
v -16022.96100594 869.74134086 -899.74134086
v -16055.43277195 8.78679656 -1221.21320344
v -16055.43277195 857.31493399 -869.74134086
v -16055.43277195 -8.78679656 -1178.78679656
v -16055.43277195 839.74134086 -827.31493399
v -16022.96100594 -21.21320344 -1148.78679656
v -16022.96100594 827.31493399 -797.31493399
v -15977.03899406 -21.21320344 -1148.78679656
v -15977.03899406 827.31493399 -797.31493399
v -15944.56722805 -8.78679656 -1178.78679656
v -15944.56722805 839.74134086 -827.31493399
v -15944.56722805 8.78679656 -1221.21320344
v -15944.56722805 857.31493399 -869.74134086
v -16000.00000000 848.52813742 -848.52813742
v -15944.56722805 869.74134086 -857.31493399
v -15944.56722805 1221.21320344 -8.78679656
v -16000.00000000 1200.00000000 0.00000000
v -15977.03899406 899.74134086 -869.74134086
v -15977.03899406 1251.21320344 -21.21320344
v -16022.96100594 899.74134086 -869.74134086
v -16022.96100594 1251.21320344 -21.21320344
v -16055.43277195 869.74134086 -857.31493399
v -16055.43277195 1221.21320344 -8.78679656
v -16055.43277195 827.31493399 -839.74134086
v -16055.43277195 1178.78679656 8.78679656
v -16022.96100594 797.31493399 -827.31493399
v -16022.96100594 1148.78679656 21.21320344
v -15977.03899406 797.31493399 -827.31493399
v -15977.03899406 1148.78679656 21.21320344
v -15944.56722805 827.31493399 -839.74134086
v -15944.56722805 1178.78679656 8.78679656
v -16000.00000000 1200.00000000 0.00000000
v -16000.00000000 1200.00000000 -80.00000000
v -13500.00000000 1200.00000000 -80.00000000
v -13500.00000000 1200.00000000 0.00000000
v -16000.00000000 1256.56854249 -56.56854249
v -13500.00000000 1256.56854249 -56.56854249
v -16000.00000000 1280.00000000 -0.00000000
v -13500.00000000 1280.00000000 -0.00000000
v -16000.00000000 1256.56854249 56.56854249
v -13500.00000000 1256.56854249 56.56854249
v -16000.00000000 1200.00000000 80.00000000
v -13500.00000000 1200.00000000 80.00000000
v -16000.00000000 1143.43145751 56.56854249
v -13500.00000000 1143.43145751 56.56854249
v -16000.00000000 1120.00000000 0.00000000
v -13500.00000000 1120.00000000 0.00000000
v -16000.00000000 1143.43145751 -56.56854249
v -13500.00000000 1143.43145751 -56.56854249
v -16000.00000000 1200.00000000 -0.00000000
v -15985.66335665 1199.02410091 -42.64397119
v -13485.66335665 847.55223834 805.88416624
v -13500.00000000 848.52813742 848.52813742
v -15985.66335665 1230.84390607 -29.46377634
v -13485.66335665 879.37204349 819.06436109
v -15994.06156789 1244.59576936 0.97589909
v -13494.06156789 893.12390679 849.50403651
v -16005.93843211 1232.22403579 30.84390607
v -13505.93843211 880.75217322 879.37204349
v -16014.33664335 1200.97589909 42.64397119
v -13514.33664335 849.50403651 891.17210861
v -16014.33664335 1169.15609393 29.46377634
v -13514.33664335 817.68423136 877.99191376
v -16005.93843211 1155.40423064 -0.97589909
v -13505.93843211 803.93236806 847.55223834
v -15994.06156789 1167.77596421 -30.84390607
v -13494.06156789 816.30410163 817.68423136
v -16000.00000000 848.52813742 848.52813742
v -16000.00000000 848.52813742 768.52813742
v -13500.00000000 848.52813742 768.52813742
v -13500.00000000 848.52813742 848.52813742
v -16000.00000000 905.09667992 791.95959493
v -13500.00000000 905.09667992 791.95959493
v -16000.00000000 928.52813742 848.52813742
v -13500.00000000 928.52813742 848.52813742
v -16000.00000000 905.09667992 905.09667992
v -13500.00000000 905.09667992 905.09667992
v -16000.00000000 848.52813742 928.52813742
v -13500.00000000 848.52813742 928.52813742
v -16000.00000000 791.95959493 905.09667992
v -13500.00000000 791.95959493 905.09667992
v -16000.00000000 768.52813742 848.52813742
v -13500.00000000 768.52813742 848.52813742
v -16000.00000000 791.95959493 791.95959493
v -13500.00000000 791.95959493 791.95959493
v -16000.00000000 848.52813742 848.52813742
v -15994.06156789 847.55223834 803.93236806
v -13494.06156789 -0.97589909 1155.40423064
v -13500.00000000 0.00000000 1200.00000000
v -15985.66335665 877.99191376 817.68423136
v -13485.66335665 29.46377634 1169.15609393
v -15985.66335665 891.17210861 849.50403651
v -13485.66335665 42.64397119 1200.97589909
v -15994.06156789 879.37204349 880.75217322
v -13494.06156789 30.84390607 1232.22403579
v -16005.93843211 849.50403651 893.12390679
v -13505.93843211 0.97589909 1244.59576936
v -16014.33664335 819.06436109 879.37204349
v -13514.33664335 -29.46377634 1230.84390607
v -16014.33664335 805.88416624 847.55223834
v -13514.33664335 -42.64397119 1199.02410091
v -16005.93843211 817.68423136 816.30410163
v -13505.93843211 -30.84390607 1167.77596421
v -16000.00000000 0.00000000 1200.00000000
v -16000.00000000 0.00000000 1120.00000000
v -13500.00000000 0.00000000 1120.00000000
v -13500.00000000 0.00000000 1200.00000000
v -16000.00000000 56.56854249 1143.43145751
v -13500.00000000 56.56854249 1143.43145751
v -16000.00000000 80.00000000 1200.00000000
v -13500.00000000 80.00000000 1200.00000000
v -16000.00000000 56.56854249 1256.56854249
v -13500.00000000 56.56854249 1256.56854249
v -16000.00000000 0.00000000 1280.00000000
v -13500.00000000 0.00000000 1280.00000000
v -16000.00000000 -56.56854249 1256.56854249
v -13500.00000000 -56.56854249 1256.56854249
v -16000.00000000 -80.00000000 1200.00000000
v -13500.00000000 -80.00000000 1200.00000000
v -16000.00000000 -56.56854249 1143.43145751
v -13500.00000000 -56.56854249 1143.43145751
v -16000.00000000 0.00000000 1200.00000000
v -16005.93843211 0.97589909 1155.40423064
v -13505.93843211 -847.55223834 803.93236806
v -13500.00000000 -848.52813742 848.52813742
v -15994.06156789 30.84390607 1167.77596421
v -13494.06156789 -817.68423136 816.30410163
v -15985.66335665 42.64397119 1199.02410091
v -13485.66335665 -805.88416624 847.55223834
v -15985.66335665 29.46377634 1230.84390607
v -13485.66335665 -819.06436109 879.37204349
v -15994.06156789 -0.97589909 1244.59576936
v -13494.06156789 -849.50403651 893.12390679
v -16005.93843211 -30.84390607 1232.22403579
v -13505.93843211 -879.37204349 880.75217322
v -16014.33664335 -42.64397119 1200.97589909
v -13514.33664335 -891.17210861 849.50403651
v -16014.33664335 -29.46377634 1169.15609393
v -13514.33664335 -877.99191376 817.68423136
v -16000.00000000 -848.52813742 848.52813742
v -16000.00000000 -848.52813742 768.52813742
v -13500.00000000 -848.52813742 768.52813742
v -13500.00000000 -848.52813742 848.52813742
v -16000.00000000 -791.95959493 791.95959493
v -13500.00000000 -791.95959493 791.95959493
v -16000.00000000 -768.52813742 848.52813742
v -13500.00000000 -768.52813742 848.52813742
v -16000.00000000 -791.95959493 905.09667992
v -13500.00000000 -791.95959493 905.09667992
v -16000.00000000 -848.52813742 928.52813742
v -13500.00000000 -848.52813742 928.52813742
v -16000.00000000 -905.09667992 905.09667992
v -13500.00000000 -905.09667992 905.09667992
v -16000.00000000 -928.52813742 848.52813742
v -13500.00000000 -928.52813742 848.52813742
v -16000.00000000 -905.09667992 791.95959493
v -13500.00000000 -905.09667992 791.95959493
v -16000.00000000 -848.52813742 848.52813742
v -16014.33664335 -847.55223834 805.88416624
v -13514.33664335 -1199.02410091 -42.64397119
v -13500.00000000 -1200.00000000 0.00000000
v -16005.93843211 -816.30410163 817.68423136
v -13505.93843211 -1167.77596421 -30.84390607
v -15994.06156789 -803.93236806 847.55223834
v -13494.06156789 -1155.40423064 -0.97589909
v -15985.66335665 -817.68423136 877.99191376
v -13485.66335665 -1169.15609393 29.46377634
v -15985.66335665 -849.50403651 891.17210861
v -13485.66335665 -1200.97589909 42.64397119
v -15994.06156789 -880.75217322 879.37204349
v -13494.06156789 -1232.22403579 30.84390607
v -16005.93843211 -893.12390679 849.50403651
v -13505.93843211 -1244.59576936 0.97589909
v -16014.33664335 -879.37204349 819.06436109
v -13514.33664335 -1230.84390607 -29.46377634
v -16000.00000000 -1200.00000000 0.00000000
v -16000.00000000 -1200.00000000 -80.00000000
v -13500.00000000 -1200.00000000 -80.00000000
v -13500.00000000 -1200.00000000 0.00000000
v -16000.00000000 -1143.43145751 -56.56854249
v -13500.00000000 -1143.43145751 -56.56854249
v -16000.00000000 -1120.00000000 0.00000000
v -13500.00000000 -1120.00000000 0.00000000
v -16000.00000000 -1143.43145751 56.56854249
v -13500.00000000 -1143.43145751 56.56854249
v -16000.00000000 -1200.00000000 80.00000000
v -13500.00000000 -1200.00000000 80.00000000
v -16000.00000000 -1256.56854249 56.56854249
v -13500.00000000 -1256.56854249 56.56854249
v -16000.00000000 -1280.00000000 0.00000000
v -13500.00000000 -1280.00000000 0.00000000
v -16000.00000000 -1256.56854249 -56.56854249
v -13500.00000000 -1256.56854249 -56.56854249
v -16000.00000000 -1200.00000000 0.00000000
v -16014.33664335 -1200.97589909 -42.64397119
v -13514.33664335 -849.50403651 -891.17210861
v -13500.00000000 -848.52813742 -848.52813742
v -16014.33664335 -1169.15609393 -29.46377634
v -13514.33664335 -817.68423136 -877.99191376
v -16005.93843211 -1155.40423064 0.97589909
v -13505.93843211 -803.93236806 -847.55223834
v -15994.06156789 -1167.77596421 30.84390607
v -13494.06156789 -816.30410163 -817.68423136
v -15985.66335665 -1199.02410091 42.64397119
v -13485.66335665 -847.55223834 -805.88416624
v -15985.66335665 -1230.84390607 29.46377634
v -13485.66335665 -879.37204349 -819.06436109
v -15994.06156789 -1244.59576936 -0.97589909
v -13494.06156789 -893.12390679 -849.50403651
v -16005.93843211 -1232.22403579 -30.84390607
v -13505.93843211 -880.75217322 -879.37204349
v -16000.00000000 -848.52813742 -848.52813742
v -16000.00000000 -848.52813742 -928.52813742
v -13500.00000000 -848.52813742 -928.52813742
v -13500.00000000 -848.52813742 -848.52813742
v -16000.00000000 -791.95959493 -905.09667992
v -13500.00000000 -791.95959493 -905.09667992
v -16000.00000000 -768.52813742 -848.52813742
v -13500.00000000 -768.52813742 -848.52813742
v -16000.00000000 -791.95959493 -791.95959493
v -13500.00000000 -791.95959493 -791.95959493
v -16000.00000000 -848.52813742 -768.52813742
v -13500.00000000 -848.52813742 -768.52813742
v -16000.00000000 -905.09667992 -791.95959493
v -13500.00000000 -905.09667992 -791.95959493
v -16000.00000000 -928.52813742 -848.52813742
v -13500.00000000 -928.52813742 -848.52813742
v -16000.00000000 -905.09667992 -905.09667992
v -13500.00000000 -905.09667992 -905.09667992
v -16000.00000000 -848.52813742 -848.52813742
v -16005.93843211 -849.50403651 -893.12390679
v -13505.93843211 -0.97589909 -1244.59576936
v -13500.00000000 -0.00000000 -1200.00000000
v -16014.33664335 -819.06436109 -879.37204349
v -13514.33664335 29.46377634 -1230.84390607
v -16014.33664335 -805.88416624 -847.55223834
v -13514.33664335 42.64397119 -1199.02410091
v -16005.93843211 -817.68423136 -816.30410163
v -13505.93843211 30.84390607 -1167.77596421
v -15994.06156789 -847.55223834 -803.93236806
v -13494.06156789 0.97589909 -1155.40423064
v -15985.66335665 -877.99191376 -817.68423136
v -13485.66335665 -29.46377634 -1169.15609393
v -15985.66335665 -891.17210861 -849.50403651
v -13485.66335665 -42.64397119 -1200.97589909
v -15994.06156789 -879.37204349 -880.75217322
v -13494.06156789 -30.84390607 -1232.22403579
v -16000.00000000 -0.00000000 -1200.00000000
v -16000.00000000 -0.00000000 -1280.00000000
v -13500.00000000 -0.00000000 -1280.00000000
v -13500.00000000 -0.00000000 -1200.00000000
v -16000.00000000 56.56854249 -1256.56854249
v -13500.00000000 56.56854249 -1256.56854249
v -16000.00000000 80.00000000 -1200.00000000
v -13500.00000000 80.00000000 -1200.00000000
v -16000.00000000 56.56854249 -1143.43145751
v -13500.00000000 56.56854249 -1143.43145751
v -16000.00000000 -0.00000000 -1120.00000000
v -13500.00000000 -0.00000000 -1120.00000000
v -16000.00000000 -56.56854249 -1143.43145751
v -13500.00000000 -56.56854249 -1143.43145751
v -16000.00000000 -80.00000000 -1200.00000000
v -13500.00000000 -80.00000000 -1200.00000000
v -16000.00000000 -56.56854249 -1256.56854249
v -13500.00000000 -56.56854249 -1256.56854249
v -16000.00000000 -0.00000000 -1200.00000000
v -15994.06156789 0.97589909 -1244.59576936
v -13494.06156789 849.50403651 -893.12390679
v -13500.00000000 848.52813742 -848.52813742
v -16005.93843211 30.84390607 -1232.22403579
v -13505.93843211 879.37204349 -880.75217322
v -16014.33664335 42.64397119 -1200.97589909
v -13514.33664335 891.17210861 -849.50403651
v -16014.33664335 29.46377634 -1169.15609393
v -13514.33664335 877.99191376 -817.68423136
v -16005.93843211 -0.97589909 -1155.40423064
v -13505.93843211 847.55223834 -803.93236806
v -15994.06156789 -30.84390607 -1167.77596421
v -13494.06156789 817.68423136 -816.30410163
v -15985.66335665 -42.64397119 -1199.02410091
v -13485.66335665 805.88416624 -847.55223834
v -15985.66335665 -29.46377634 -1230.84390607
v -13485.66335665 819.06436109 -879.37204349
v -16000.00000000 848.52813742 -848.52813742
v -16000.00000000 848.52813742 -928.52813742
v -13500.00000000 848.52813742 -928.52813742
v -13500.00000000 848.52813742 -848.52813742
v -16000.00000000 905.09667992 -905.09667992
v -13500.00000000 905.09667992 -905.09667992
v -16000.00000000 928.52813742 -848.52813742
v -13500.00000000 928.52813742 -848.52813742
v -16000.00000000 905.09667992 -791.95959493
v -13500.00000000 905.09667992 -791.95959493
v -16000.00000000 848.52813742 -768.52813742
v -13500.00000000 848.52813742 -768.52813742
v -16000.00000000 791.95959493 -791.95959493
v -13500.00000000 791.95959493 -791.95959493
v -16000.00000000 768.52813742 -848.52813742
v -13500.00000000 768.52813742 -848.52813742
v -16000.00000000 791.95959493 -905.09667992
v -13500.00000000 791.95959493 -905.09667992
v -16000.00000000 848.52813742 -848.52813742
v -15985.66335665 849.50403651 -891.17210861
v -13485.66335665 1200.97589909 -42.64397119
v -13500.00000000 1200.00000000 0.00000000
v -15994.06156789 880.75217322 -879.37204349
v -13494.06156789 1232.22403579 -30.84390607
v -16005.93843211 893.12390679 -849.50403651
v -13505.93843211 1244.59576936 -0.97589909
v -16014.33664335 879.37204349 -819.06436109
v -13514.33664335 1230.84390607 29.46377634
v -16014.33664335 847.55223834 -805.88416624
v -13514.33664335 1199.02410091 42.64397119
v -16005.93843211 816.30410163 -817.68423136
v -13505.93843211 1167.77596421 30.84390607
v -15994.06156789 803.93236806 -847.55223834
v -13494.06156789 1155.40423064 0.97589909
v -15985.66335665 817.68423136 -877.99191376
v -13485.66335665 1169.15609393 -29.46377634
v -13500.00000000 1200.00000000 0.00000000
v -13444.56722805 1178.78679656 -8.78679656
v -13444.56722805 827.31493399 839.74134086
v -13500.00000000 848.52813742 848.52813742
v -13444.56722805 1221.21320344 8.78679656
v -13444.56722805 869.74134086 857.31493399
v -13477.03899406 1251.21320344 21.21320344
v -13477.03899406 899.74134086 869.74134086
v -13522.96100594 1251.21320344 21.21320344
v -13522.96100594 899.74134086 869.74134086
v -13555.43277195 1221.21320344 8.78679656
v -13555.43277195 869.74134086 857.31493399
v -13555.43277195 1178.78679656 -8.78679656
v -13555.43277195 827.31493399 839.74134086
v -13522.96100594 1148.78679656 -21.21320344
v -13522.96100594 797.31493399 827.31493399
v -13477.03899406 1148.78679656 -21.21320344
v -13477.03899406 797.31493399 827.31493399
v -13500.00000000 848.52813742 848.52813742
v -13477.03899406 827.31493399 797.31493399
v -13477.03899406 -21.21320344 1148.78679656
v -13500.00000000 0.00000000 1200.00000000
v -13444.56722805 839.74134086 827.31493399
v -13444.56722805 -8.78679656 1178.78679656
v -13444.56722805 857.31493399 869.74134086
v -13444.56722805 8.78679656 1221.21320344
v -13477.03899406 869.74134086 899.74134086
v -13477.03899406 21.21320344 1251.21320344
v -13522.96100594 869.74134086 899.74134086
v -13522.96100594 21.21320344 1251.21320344
v -13555.43277195 857.31493399 869.74134086
v -13555.43277195 8.78679656 1221.21320344
v -13555.43277195 839.74134086 827.31493399
v -13555.43277195 -8.78679656 1178.78679656
v -13522.96100594 827.31493399 797.31493399
v -13522.96100594 -21.21320344 1148.78679656
v -13500.00000000 0.00000000 1200.00000000
v -13522.96100594 21.21320344 1148.78679656
v -13522.96100594 -827.31493399 797.31493399
v -13500.00000000 -848.52813742 848.52813742
v -13477.03899406 21.21320344 1148.78679656
v -13477.03899406 -827.31493399 797.31493399
v -13444.56722805 8.78679656 1178.78679656
v -13444.56722805 -839.74134086 827.31493399
v -13444.56722805 -8.78679656 1221.21320344
v -13444.56722805 -857.31493399 869.74134086
v -13477.03899406 -21.21320344 1251.21320344
v -13477.03899406 -869.74134086 899.74134086
v -13522.96100594 -21.21320344 1251.21320344
v -13522.96100594 -869.74134086 899.74134086
v -13555.43277195 -8.78679656 1221.21320344
v -13555.43277195 -857.31493399 869.74134086
v -13555.43277195 8.78679656 1178.78679656
v -13555.43277195 -839.74134086 827.31493399
v -13500.00000000 -848.52813742 848.52813742
v -13555.43277195 -827.31493399 839.74134086
v -13555.43277195 -1178.78679656 -8.78679656
v -13500.00000000 -1200.00000000 0.00000000
v -13522.96100594 -797.31493399 827.31493399
v -13522.96100594 -1148.78679656 -21.21320344
v -13477.03899406 -797.31493399 827.31493399
v -13477.03899406 -1148.78679656 -21.21320344
v -13444.56722805 -827.31493399 839.74134086
v -13444.56722805 -1178.78679656 -8.78679656
v -13444.56722805 -869.74134086 857.31493399
v -13444.56722805 -1221.21320344 8.78679656
v -13477.03899406 -899.74134086 869.74134086
v -13477.03899406 -1251.21320344 21.21320344
v -13522.96100594 -899.74134086 869.74134086
v -13522.96100594 -1251.21320344 21.21320344
v -13555.43277195 -869.74134086 857.31493399
v -13555.43277195 -1221.21320344 8.78679656
v -13500.00000000 -1200.00000000 0.00000000
v -13555.43277195 -1221.21320344 -8.78679656
v -13555.43277195 -869.74134086 -857.31493399
v -13500.00000000 -848.52813742 -848.52813742
v -13555.43277195 -1178.78679656 8.78679656
v -13555.43277195 -827.31493399 -839.74134086
v -13522.96100594 -1148.78679656 21.21320344
v -13522.96100594 -797.31493399 -827.31493399
v -13477.03899406 -1148.78679656 21.21320344
v -13477.03899406 -797.31493399 -827.31493399
v -13444.56722805 -1178.78679656 8.78679656
v -13444.56722805 -827.31493399 -839.74134086
v -13444.56722805 -1221.21320344 -8.78679656
v -13444.56722805 -869.74134086 -857.31493399
v -13477.03899406 -1251.21320344 -21.21320344
v -13477.03899406 -899.74134086 -869.74134086
v -13522.96100594 -1251.21320344 -21.21320344
v -13522.96100594 -899.74134086 -869.74134086
v -13500.00000000 -848.52813742 -848.52813742
v -13522.96100594 -869.74134086 -899.74134086
v -13522.96100594 -21.21320344 -1251.21320344
v -13500.00000000 -0.00000000 -1200.00000000
v -13555.43277195 -857.31493399 -869.74134086
v -13555.43277195 -8.78679656 -1221.21320344
v -13555.43277195 -839.74134086 -827.31493399
v -13555.43277195 8.78679656 -1178.78679656
v -13522.96100594 -827.31493399 -797.31493399
v -13522.96100594 21.21320344 -1148.78679656
v -13477.03899406 -827.31493399 -797.31493399
v -13477.03899406 21.21320344 -1148.78679656
v -13444.56722805 -839.74134086 -827.31493399
v -13444.56722805 8.78679656 -1178.78679656
v -13444.56722805 -857.31493399 -869.74134086
v -13444.56722805 -8.78679656 -1221.21320344
v -13477.03899406 -869.74134086 -899.74134086
v -13477.03899406 -21.21320344 -1251.21320344
v -13500.00000000 -0.00000000 -1200.00000000
v -13477.03899406 21.21320344 -1251.21320344
v -13477.03899406 869.74134086 -899.74134086
v -13500.00000000 848.52813742 -848.52813742
v -13522.96100594 21.21320344 -1251.21320344
v -13522.96100594 869.74134086 -899.74134086
v -13555.43277195 8.78679656 -1221.21320344
v -13555.43277195 857.31493399 -869.74134086
v -13555.43277195 -8.78679656 -1178.78679656
v -13555.43277195 839.74134086 -827.31493399
v -13522.96100594 -21.21320344 -1148.78679656
v -13522.96100594 827.31493399 -797.31493399
v -13477.03899406 -21.21320344 -1148.78679656
v -13477.03899406 827.31493399 -797.31493399
v -13444.56722805 -8.78679656 -1178.78679656
v -13444.56722805 839.74134086 -827.31493399
v -13444.56722805 8.78679656 -1221.21320344
v -13444.56722805 857.31493399 -869.74134086
v -13500.00000000 848.52813742 -848.52813742
v -13444.56722805 869.74134086 -857.31493399
v -13444.56722805 1221.21320344 -8.78679656
v -13500.00000000 1200.00000000 0.00000000
v -13477.03899406 899.74134086 -869.74134086
v -13477.03899406 1251.21320344 -21.21320344
v -13522.96100594 899.74134086 -869.74134086
v -13522.96100594 1251.21320344 -21.21320344
v -13555.43277195 869.74134086 -857.31493399
v -13555.43277195 1221.21320344 -8.78679656
v -13555.43277195 827.31493399 -839.74134086
v -13555.43277195 1178.78679656 8.78679656
v -13522.96100594 797.31493399 -827.31493399
v -13522.96100594 1148.78679656 21.21320344
v -13477.03899406 797.31493399 -827.31493399
v -13477.03899406 1148.78679656 21.21320344
v -13444.56722805 827.31493399 -839.74134086
v -13444.56722805 1178.78679656 8.78679656
v -13500.00000000 1200.00000000 0.00000000
v -13500.00000000 1200.00000000 -80.00000000
v -11000.00000000 1200.00000000 -80.00000000
v -11000.00000000 1200.00000000 0.00000000
v -13500.00000000 1256.56854249 -56.56854249
v -11000.00000000 1256.56854249 -56.56854249
v -13500.00000000 1280.00000000 -0.00000000
v -11000.00000000 1280.00000000 -0.00000000
v -13500.00000000 1256.56854249 56.56854249
v -11000.00000000 1256.56854249 56.56854249
v -13500.00000000 1200.00000000 80.00000000
v -11000.00000000 1200.00000000 80.00000000
v -13500.00000000 1143.43145751 56.56854249
v -11000.00000000 1143.43145751 56.56854249
v -13500.00000000 1120.00000000 0.00000000
v -11000.00000000 1120.00000000 0.00000000
v -13500.00000000 1143.43145751 -56.56854249
v -11000.00000000 1143.43145751 -56.56854249
v -13500.00000000 1200.00000000 0.00000000
v -13514.33664335 1200.97589909 -42.64397119
v -11014.33664335 849.50403651 -891.17210861
v -11000.00000000 848.52813742 -848.52813742
v -13505.93843211 1232.22403579 -30.84390607
v -11005.93843211 880.75217322 -879.37204349
v -13494.06156789 1244.59576936 -0.97589909
v -10994.06156789 893.12390679 -849.50403651
v -13485.66335665 1230.84390607 29.46377634
v -10985.66335665 879.37204349 -819.06436109
v -13485.66335665 1199.02410091 42.64397119
v -10985.66335665 847.55223834 -805.88416624
v -13494.06156789 1167.77596421 30.84390607
v -10994.06156789 816.30410163 -817.68423136
v -13505.93843211 1155.40423064 0.97589909
v -11005.93843211 803.93236806 -847.55223834
v -13514.33664335 1169.15609393 -29.46377634
v -11014.33664335 817.68423136 -877.99191376
v -13500.00000000 848.52813742 848.52813742
v -13500.00000000 848.52813742 768.52813742
v -11000.00000000 848.52813742 768.52813742
v -11000.00000000 848.52813742 848.52813742
v -13500.00000000 905.09667992 791.95959493
v -11000.00000000 905.09667992 791.95959493
v -13500.00000000 928.52813742 848.52813742
v -11000.00000000 928.52813742 848.52813742
v -13500.00000000 905.09667992 905.09667992
v -11000.00000000 905.09667992 905.09667992
v -13500.00000000 848.52813742 928.52813742
v -11000.00000000 848.52813742 928.52813742
v -13500.00000000 791.95959493 905.09667992
v -11000.00000000 791.95959493 905.09667992
v -13500.00000000 768.52813742 848.52813742
v -11000.00000000 768.52813742 848.52813742
v -13500.00000000 791.95959493 791.95959493
v -11000.00000000 791.95959493 791.95959493
v -13500.00000000 848.52813742 848.52813742
v -13514.33664335 847.55223834 805.88416624
v -11014.33664335 1199.02410091 -42.64397119
v -11000.00000000 1200.00000000 -0.00000000
v -13514.33664335 879.37204349 819.06436109
v -11014.33664335 1230.84390607 -29.46377634
v -13505.93843211 893.12390679 849.50403651
v -11005.93843211 1244.59576936 0.97589909
v -13494.06156789 880.75217322 879.37204349
v -10994.06156789 1232.22403579 30.84390607
v -13485.66335665 849.50403651 891.17210861
v -10985.66335665 1200.97589909 42.64397119
v -13485.66335665 817.68423136 877.99191376
v -10985.66335665 1169.15609393 29.46377634
v -13494.06156789 803.93236806 847.55223834
v -10994.06156789 1155.40423064 -0.97589909
v -13505.93843211 816.30410163 817.68423136
v -11005.93843211 1167.77596421 -30.84390607
v -13500.00000000 0.00000000 1200.00000000
v -13500.00000000 0.00000000 1120.00000000
v -11000.00000000 0.00000000 1120.00000000
v -11000.00000000 0.00000000 1200.00000000
v -13500.00000000 56.56854249 1143.43145751
v -11000.00000000 56.56854249 1143.43145751
v -13500.00000000 80.00000000 1200.00000000
v -11000.00000000 80.00000000 1200.00000000
v -13500.00000000 56.56854249 1256.56854249
v -11000.00000000 56.56854249 1256.56854249
v -13500.00000000 0.00000000 1280.00000000
v -11000.00000000 0.00000000 1280.00000000
v -13500.00000000 -56.56854249 1256.56854249
v -11000.00000000 -56.56854249 1256.56854249
v -13500.00000000 -80.00000000 1200.00000000
v -11000.00000000 -80.00000000 1200.00000000
v -13500.00000000 -56.56854249 1143.43145751
v -11000.00000000 -56.56854249 1143.43145751
v -13500.00000000 0.00000000 1200.00000000
v -13505.93843211 -0.97589909 1155.40423064
v -11005.93843211 847.55223834 803.93236806
v -11000.00000000 848.52813742 848.52813742
v -13514.33664335 29.46377634 1169.15609393
v -11014.33664335 877.99191376 817.68423136
v -13514.33664335 42.64397119 1200.97589909
v -11014.33664335 891.17210861 849.50403651
v -13505.93843211 30.84390607 1232.22403579
v -11005.93843211 879.37204349 880.75217322
v -13494.06156789 0.97589909 1244.59576936
v -10994.06156789 849.50403651 893.12390679
v -13485.66335665 -29.46377634 1230.84390607
v -10985.66335665 819.06436109 879.37204349
v -13485.66335665 -42.64397119 1199.02410091
v -10985.66335665 805.88416624 847.55223834
v -13494.06156789 -30.84390607 1167.77596421
v -10994.06156789 817.68423136 816.30410163
v -13500.00000000 -848.52813742 848.52813742
v -13500.00000000 -848.52813742 768.52813742
v -11000.00000000 -848.52813742 768.52813742
v -11000.00000000 -848.52813742 848.52813742
v -13500.00000000 -791.95959493 791.95959493
v -11000.00000000 -791.95959493 791.95959493
v -13500.00000000 -768.52813742 848.52813742
v -11000.00000000 -768.52813742 848.52813742
v -13500.00000000 -791.95959493 905.09667992
v -11000.00000000 -791.95959493 905.09667992
v -13500.00000000 -848.52813742 928.52813742
v -11000.00000000 -848.52813742 928.52813742
v -13500.00000000 -905.09667992 905.09667992
v -11000.00000000 -905.09667992 905.09667992
v -13500.00000000 -928.52813742 848.52813742
v -11000.00000000 -928.52813742 848.52813742
v -13500.00000000 -905.09667992 791.95959493
v -11000.00000000 -905.09667992 791.95959493
v -13500.00000000 -848.52813742 848.52813742
v -13494.06156789 -847.55223834 803.93236806
v -10994.06156789 0.97589909 1155.40423064
v -11000.00000000 0.00000000 1200.00000000
v -13505.93843211 -817.68423136 816.30410163
v -11005.93843211 30.84390607 1167.77596421
v -13514.33664335 -805.88416624 847.55223834
v -11014.33664335 42.64397119 1199.02410091
v -13514.33664335 -819.06436109 879.37204349
v -11014.33664335 29.46377634 1230.84390607
v -13505.93843211 -849.50403651 893.12390679
v -11005.93843211 -0.97589909 1244.59576936
v -13494.06156789 -879.37204349 880.75217322
v -10994.06156789 -30.84390607 1232.22403579
v -13485.66335665 -891.17210861 849.50403651
v -10985.66335665 -42.64397119 1200.97589909
v -13485.66335665 -877.99191376 817.68423136
v -10985.66335665 -29.46377634 1169.15609393
v -13500.00000000 -1200.00000000 0.00000000
v -13500.00000000 -1200.00000000 -80.00000000
v -11000.00000000 -1200.00000000 -80.00000000
v -11000.00000000 -1200.00000000 0.00000000
v -13500.00000000 -1143.43145751 -56.56854249
v -11000.00000000 -1143.43145751 -56.56854249
v -13500.00000000 -1120.00000000 0.00000000
v -11000.00000000 -1120.00000000 0.00000000
v -13500.00000000 -1143.43145751 56.56854249
v -11000.00000000 -1143.43145751 56.56854249
v -13500.00000000 -1200.00000000 80.00000000
v -11000.00000000 -1200.00000000 80.00000000
v -13500.00000000 -1256.56854249 56.56854249
v -11000.00000000 -1256.56854249 56.56854249
v -13500.00000000 -1280.00000000 0.00000000
v -11000.00000000 -1280.00000000 0.00000000
v -13500.00000000 -1256.56854249 -56.56854249
v -11000.00000000 -1256.56854249 -56.56854249
v -13500.00000000 -1200.00000000 0.00000000
v -13485.66335665 -1199.02410091 -42.64397119
v -10985.66335665 -847.55223834 805.88416624
v -11000.00000000 -848.52813742 848.52813742
v -13494.06156789 -1167.77596421 -30.84390607
v -10994.06156789 -816.30410163 817.68423136
v -13505.93843211 -1155.40423064 -0.97589909
v -11005.93843211 -803.93236806 847.55223834
v -13514.33664335 -1169.15609393 29.46377634
v -11014.33664335 -817.68423136 877.99191376
v -13514.33664335 -1200.97589909 42.64397119
v -11014.33664335 -849.50403651 891.17210861
v -13505.93843211 -1232.22403579 30.84390607
v -11005.93843211 -880.75217322 879.37204349
v -13494.06156789 -1244.59576936 0.97589909
v -10994.06156789 -893.12390679 849.50403651
v -13485.66335665 -1230.84390607 -29.46377634
v -10985.66335665 -879.37204349 819.06436109
v -13500.00000000 -848.52813742 -848.52813742
v -13500.00000000 -848.52813742 -928.52813742
v -11000.00000000 -848.52813742 -928.52813742
v -11000.00000000 -848.52813742 -848.52813742
v -13500.00000000 -791.95959493 -905.09667992
v -11000.00000000 -791.95959493 -905.09667992
v -13500.00000000 -768.52813742 -848.52813742
v -11000.00000000 -768.52813742 -848.52813742
v -13500.00000000 -791.95959493 -791.95959493
v -11000.00000000 -791.95959493 -791.95959493
v -13500.00000000 -848.52813742 -768.52813742
v -11000.00000000 -848.52813742 -768.52813742
v -13500.00000000 -905.09667992 -791.95959493
v -11000.00000000 -905.09667992 -791.95959493
v -13500.00000000 -928.52813742 -848.52813742
v -11000.00000000 -928.52813742 -848.52813742
v -13500.00000000 -905.09667992 -905.09667992
v -11000.00000000 -905.09667992 -905.09667992
v -13500.00000000 -848.52813742 -848.52813742
v -13485.66335665 -849.50403651 -891.17210861
v -10985.66335665 -1200.97589909 -42.64397119
v -11000.00000000 -1200.00000000 0.00000000
v -13485.66335665 -817.68423136 -877.99191376
v -10985.66335665 -1169.15609393 -29.46377634
v -13494.06156789 -803.93236806 -847.55223834
v -10994.06156789 -1155.40423064 0.97589909
v -13505.93843211 -816.30410163 -817.68423136
v -11005.93843211 -1167.77596421 30.84390607
v -13514.33664335 -847.55223834 -805.88416624
v -11014.33664335 -1199.02410091 42.64397119
v -13514.33664335 -879.37204349 -819.06436109
v -11014.33664335 -1230.84390607 29.46377634
v -13505.93843211 -893.12390679 -849.50403651
v -11005.93843211 -1244.59576936 -0.97589909
v -13494.06156789 -880.75217322 -879.37204349
v -10994.06156789 -1232.22403579 -30.84390607
v -13500.00000000 -0.00000000 -1200.00000000
v -13500.00000000 -0.00000000 -1280.00000000
v -11000.00000000 -0.00000000 -1280.00000000
v -11000.00000000 -0.00000000 -1200.00000000
v -13500.00000000 56.56854249 -1256.56854249
v -11000.00000000 56.56854249 -1256.56854249
v -13500.00000000 80.00000000 -1200.00000000
v -11000.00000000 80.00000000 -1200.00000000
v -13500.00000000 56.56854249 -1143.43145751
v -11000.00000000 56.56854249 -1143.43145751
v -13500.00000000 -0.00000000 -1120.00000000
v -11000.00000000 -0.00000000 -1120.00000000
v -13500.00000000 -56.56854249 -1143.43145751
v -11000.00000000 -56.56854249 -1143.43145751
v -13500.00000000 -80.00000000 -1200.00000000
v -11000.00000000 -80.00000000 -1200.00000000
v -13500.00000000 -56.56854249 -1256.56854249
v -11000.00000000 -56.56854249 -1256.56854249
v -13500.00000000 -0.00000000 -1200.00000000
v -13494.06156789 -0.97589909 -1244.59576936
v -10994.06156789 -849.50403651 -893.12390679
v -11000.00000000 -848.52813742 -848.52813742
v -13485.66335665 29.46377634 -1230.84390607
v -10985.66335665 -819.06436109 -879.37204349
v -13485.66335665 42.64397119 -1199.02410091
v -10985.66335665 -805.88416624 -847.55223834
v -13494.06156789 30.84390607 -1167.77596421
v -10994.06156789 -817.68423136 -816.30410163
v -13505.93843211 0.97589909 -1155.40423064
v -11005.93843211 -847.55223834 -803.93236806
v -13514.33664335 -29.46377634 -1169.15609393
v -11014.33664335 -877.99191376 -817.68423136
v -13514.33664335 -42.64397119 -1200.97589909
v -11014.33664335 -891.17210861 -849.50403651
v -13505.93843211 -30.84390607 -1232.22403579
v -11005.93843211 -879.37204349 -880.75217322
v -13500.00000000 848.52813742 -848.52813742
v -13500.00000000 848.52813742 -928.52813742
v -11000.00000000 848.52813742 -928.52813742
v -11000.00000000 848.52813742 -848.52813742
v -13500.00000000 905.09667992 -905.09667992
v -11000.00000000 905.09667992 -905.09667992
v -13500.00000000 928.52813742 -848.52813742
v -11000.00000000 928.52813742 -848.52813742
v -13500.00000000 905.09667992 -791.95959493
v -11000.00000000 905.09667992 -791.95959493
v -13500.00000000 848.52813742 -768.52813742
v -11000.00000000 848.52813742 -768.52813742
v -13500.00000000 791.95959493 -791.95959493
v -11000.00000000 791.95959493 -791.95959493
v -13500.00000000 768.52813742 -848.52813742
v -11000.00000000 768.52813742 -848.52813742
v -13500.00000000 791.95959493 -905.09667992
v -11000.00000000 791.95959493 -905.09667992
v -13500.00000000 848.52813742 -848.52813742
v -13505.93843211 849.50403651 -893.12390679
v -11005.93843211 0.97589909 -1244.59576936
v -11000.00000000 -0.00000000 -1200.00000000
v -13494.06156789 879.37204349 -880.75217322
v -10994.06156789 30.84390607 -1232.22403579
v -13485.66335665 891.17210861 -849.50403651
v -10985.66335665 42.64397119 -1200.97589909
v -13485.66335665 877.99191376 -817.68423136
v -10985.66335665 29.46377634 -1169.15609393
v -13494.06156789 847.55223834 -803.93236806
v -10994.06156789 -0.97589909 -1155.40423064
v -13505.93843211 817.68423136 -816.30410163
v -11005.93843211 -30.84390607 -1167.77596421
v -13514.33664335 805.88416624 -847.55223834
v -11014.33664335 -42.64397119 -1199.02410091
v -13514.33664335 819.06436109 -879.37204349
v -11014.33664335 -29.46377634 -1230.84390607
v -11000.00000000 1200.00000000 0.00000000
v -10944.56722805 1178.78679656 -8.78679656
v -10944.56722805 827.31493399 839.74134086
v -11000.00000000 848.52813742 848.52813742
v -10944.56722805 1221.21320344 8.78679656
v -10944.56722805 869.74134086 857.31493399
v -10977.03899406 1251.21320344 21.21320344
v -10977.03899406 899.74134086 869.74134086
v -11022.96100594 1251.21320344 21.21320344
v -11022.96100594 899.74134086 869.74134086
v -11055.43277195 1221.21320344 8.78679656
v -11055.43277195 869.74134086 857.31493399
v -11055.43277195 1178.78679656 -8.78679656
v -11055.43277195 827.31493399 839.74134086
v -11022.96100594 1148.78679656 -21.21320344
v -11022.96100594 797.31493399 827.31493399
v -10977.03899406 1148.78679656 -21.21320344
v -10977.03899406 797.31493399 827.31493399
v -11000.00000000 848.52813742 848.52813742
v -10977.03899406 827.31493399 797.31493399
v -10977.03899406 -21.21320344 1148.78679656
v -11000.00000000 0.00000000 1200.00000000
v -10944.56722805 839.74134086 827.31493399
v -10944.56722805 -8.78679656 1178.78679656
v -10944.56722805 857.31493399 869.74134086
v -10944.56722805 8.78679656 1221.21320344
v -10977.03899406 869.74134086 899.74134086
v -10977.03899406 21.21320344 1251.21320344
v -11022.96100594 869.74134086 899.74134086
v -11022.96100594 21.21320344 1251.21320344
v -11055.43277195 857.31493399 869.74134086
v -11055.43277195 8.78679656 1221.21320344
v -11055.43277195 839.74134086 827.31493399
v -11055.43277195 -8.78679656 1178.78679656
v -11022.96100594 827.31493399 797.31493399
v -11022.96100594 -21.21320344 1148.78679656
v -11000.00000000 0.00000000 1200.00000000
v -11022.96100594 21.21320344 1148.78679656
v -11022.96100594 -827.31493399 797.31493399
v -11000.00000000 -848.52813742 848.52813742
v -10977.03899406 21.21320344 1148.78679656
v -10977.03899406 -827.31493399 797.31493399
v -10944.56722805 8.78679656 1178.78679656
v -10944.56722805 -839.74134086 827.31493399
v -10944.56722805 -8.78679656 1221.21320344
v -10944.56722805 -857.31493399 869.74134086
v -10977.03899406 -21.21320344 1251.21320344
v -10977.03899406 -869.74134086 899.74134086
v -11022.96100594 -21.21320344 1251.21320344
v -11022.96100594 -869.74134086 899.74134086
v -11055.43277195 -8.78679656 1221.21320344
v -11055.43277195 -857.31493399 869.74134086
v -11055.43277195 8.78679656 1178.78679656
v -11055.43277195 -839.74134086 827.31493399
v -11000.00000000 -848.52813742 848.52813742
v -11055.43277195 -827.31493399 839.74134086
v -11055.43277195 -1178.78679656 -8.78679656
v -11000.00000000 -1200.00000000 0.00000000
v -11022.96100594 -797.31493399 827.31493399
v -11022.96100594 -1148.78679656 -21.21320344
v -10977.03899406 -797.31493399 827.31493399
v -10977.03899406 -1148.78679656 -21.21320344
v -10944.56722805 -827.31493399 839.74134086
v -10944.56722805 -1178.78679656 -8.78679656
v -10944.56722805 -869.74134086 857.31493399
v -10944.56722805 -1221.21320344 8.78679656
v -10977.03899406 -899.74134086 869.74134086
v -10977.03899406 -1251.21320344 21.21320344
v -11022.96100594 -899.74134086 869.74134086
v -11022.96100594 -1251.21320344 21.21320344
v -11055.43277195 -869.74134086 857.31493399
v -11055.43277195 -1221.21320344 8.78679656
v -11000.00000000 -1200.00000000 0.00000000
v -11055.43277195 -1221.21320344 -8.78679656
v -11055.43277195 -869.74134086 -857.31493399
v -11000.00000000 -848.52813742 -848.52813742
v -11055.43277195 -1178.78679656 8.78679656
v -11055.43277195 -827.31493399 -839.74134086
v -11022.96100594 -1148.78679656 21.21320344
v -11022.96100594 -797.31493399 -827.31493399
v -10977.03899406 -1148.78679656 21.21320344
v -10977.03899406 -797.31493399 -827.31493399
v -10944.56722805 -1178.78679656 8.78679656
v -10944.56722805 -827.31493399 -839.74134086
v -10944.56722805 -1221.21320344 -8.78679656
v -10944.56722805 -869.74134086 -857.31493399
v -10977.03899406 -1251.21320344 -21.21320344
v -10977.03899406 -899.74134086 -869.74134086
v -11022.96100594 -1251.21320344 -21.21320344
v -11022.96100594 -899.74134086 -869.74134086
v -11000.00000000 -848.52813742 -848.52813742
v -11022.96100594 -869.74134086 -899.74134086
v -11022.96100594 -21.21320344 -1251.21320344
v -11000.00000000 -0.00000000 -1200.00000000
v -11055.43277195 -857.31493399 -869.74134086
v -11055.43277195 -8.78679656 -1221.21320344
v -11055.43277195 -839.74134086 -827.31493399
v -11055.43277195 8.78679656 -1178.78679656
v -11022.96100594 -827.31493399 -797.31493399
v -11022.96100594 21.21320344 -1148.78679656
v -10977.03899406 -827.31493399 -797.31493399
v -10977.03899406 21.21320344 -1148.78679656
v -10944.56722805 -839.74134086 -827.31493399
v -10944.56722805 8.78679656 -1178.78679656
v -10944.56722805 -857.31493399 -869.74134086
v -10944.56722805 -8.78679656 -1221.21320344
v -10977.03899406 -869.74134086 -899.74134086
v -10977.03899406 -21.21320344 -1251.21320344
v -11000.00000000 -0.00000000 -1200.00000000
v -10977.03899406 21.21320344 -1251.21320344
v -10977.03899406 869.74134086 -899.74134086
v -11000.00000000 848.52813742 -848.52813742
v -11022.96100594 21.21320344 -1251.21320344
v -11022.96100594 869.74134086 -899.74134086
v -11055.43277195 8.78679656 -1221.21320344
v -11055.43277195 857.31493399 -869.74134086
v -11055.43277195 -8.78679656 -1178.78679656
v -11055.43277195 839.74134086 -827.31493399
v -11022.96100594 -21.21320344 -1148.78679656
v -11022.96100594 827.31493399 -797.31493399
v -10977.03899406 -21.21320344 -1148.78679656
v -10977.03899406 827.31493399 -797.31493399
v -10944.56722805 -8.78679656 -1178.78679656
v -10944.56722805 839.74134086 -827.31493399
v -10944.56722805 8.78679656 -1221.21320344
v -10944.56722805 857.31493399 -869.74134086
v -11000.00000000 848.52813742 -848.52813742
v -10944.56722805 869.74134086 -857.31493399
v -10944.56722805 1221.21320344 -8.78679656
v -11000.00000000 1200.00000000 0.00000000
v -10977.03899406 899.74134086 -869.74134086
v -10977.03899406 1251.21320344 -21.21320344
v -11022.96100594 899.74134086 -869.74134086
v -11022.96100594 1251.21320344 -21.21320344
v -11055.43277195 869.74134086 -857.31493399
v -11055.43277195 1221.21320344 -8.78679656
v -11055.43277195 827.31493399 -839.74134086
v -11055.43277195 1178.78679656 8.78679656
v -11022.96100594 797.31493399 -827.31493399
v -11022.96100594 1148.78679656 21.21320344
v -10977.03899406 797.31493399 -827.31493399
v -10977.03899406 1148.78679656 21.21320344
v -10944.56722805 827.31493399 -839.74134086
v -10944.56722805 1178.78679656 8.78679656
v -11000.00000000 1200.00000000 0.00000000
v -11000.00000000 1200.00000000 -80.00000000
v -8500.00000000 1200.00000000 -80.00000000
v -8500.00000000 1200.00000000 0.00000000
v -11000.00000000 1256.56854249 -56.56854249
v -8500.00000000 1256.56854249 -56.56854249
v -11000.00000000 1280.00000000 -0.00000000
v -8500.00000000 1280.00000000 -0.00000000
v -11000.00000000 1256.56854249 56.56854249
v -8500.00000000 1256.56854249 56.56854249
v -11000.00000000 1200.00000000 80.00000000
v -8500.00000000 1200.00000000 80.00000000
v -11000.00000000 1143.43145751 56.56854249
v -8500.00000000 1143.43145751 56.56854249
v -11000.00000000 1120.00000000 0.00000000
v -8500.00000000 1120.00000000 0.00000000
v -11000.00000000 1143.43145751 -56.56854249
v -8500.00000000 1143.43145751 -56.56854249
v -11000.00000000 1200.00000000 -0.00000000
v -10985.66335665 1199.02410091 -42.64397119
v -8485.66335665 847.55223834 805.88416624
v -8500.00000000 848.52813742 848.52813742
v -10985.66335665 1230.84390607 -29.46377634
v -8485.66335665 879.37204349 819.06436109
v -10994.06156789 1244.59576936 0.97589909
v -8494.06156789 893.12390679 849.50403651
v -11005.93843211 1232.22403579 30.84390607
v -8505.93843211 880.75217322 879.37204349
v -11014.33664335 1200.97589909 42.64397119
v -8514.33664335 849.50403651 891.17210861
v -11014.33664335 1169.15609393 29.46377634
v -8514.33664335 817.68423136 877.99191376
v -11005.93843211 1155.40423064 -0.97589909
v -8505.93843211 803.93236806 847.55223834
v -10994.06156789 1167.77596421 -30.84390607
v -8494.06156789 816.30410163 817.68423136
v -11000.00000000 848.52813742 848.52813742
v -11000.00000000 848.52813742 768.52813742
v -8500.00000000 848.52813742 768.52813742
v -8500.00000000 848.52813742 848.52813742
v -11000.00000000 905.09667992 791.95959493
v -8500.00000000 905.09667992 791.95959493
v -11000.00000000 928.52813742 848.52813742
v -8500.00000000 928.52813742 848.52813742
v -11000.00000000 905.09667992 905.09667992
v -8500.00000000 905.09667992 905.09667992
v -11000.00000000 848.52813742 928.52813742
v -8500.00000000 848.52813742 928.52813742
v -11000.00000000 791.95959493 905.09667992
v -8500.00000000 791.95959493 905.09667992
v -11000.00000000 768.52813742 848.52813742
v -8500.00000000 768.52813742 848.52813742
v -11000.00000000 791.95959493 791.95959493
v -8500.00000000 791.95959493 791.95959493
v -11000.00000000 848.52813742 848.52813742
v -10994.06156789 847.55223834 803.93236806
v -8494.06156789 -0.97589909 1155.40423064
v -8500.00000000 0.00000000 1200.00000000
v -10985.66335665 877.99191376 817.68423136
v -8485.66335665 29.46377634 1169.15609393
v -10985.66335665 891.17210861 849.50403651
v -8485.66335665 42.64397119 1200.97589909
v -10994.06156789 879.37204349 880.75217322
v -8494.06156789 30.84390607 1232.22403579
v -11005.93843211 849.50403651 893.12390679
v -8505.93843211 0.97589909 1244.59576936
v -11014.33664335 819.06436109 879.37204349
v -8514.33664335 -29.46377634 1230.84390607
v -11014.33664335 805.88416624 847.55223834
v -8514.33664335 -42.64397119 1199.02410091
v -11005.93843211 817.68423136 816.30410163
v -8505.93843211 -30.84390607 1167.77596421
v -11000.00000000 0.00000000 1200.00000000
v -11000.00000000 0.00000000 1120.00000000
v -8500.00000000 0.00000000 1120.00000000
v -8500.00000000 0.00000000 1200.00000000
v -11000.00000000 56.56854249 1143.43145751
v -8500.00000000 56.56854249 1143.43145751
v -11000.00000000 80.00000000 1200.00000000
v -8500.00000000 80.00000000 1200.00000000
v -11000.00000000 56.56854249 1256.56854249
v -8500.00000000 56.56854249 1256.56854249
v -11000.00000000 0.00000000 1280.00000000
v -8500.00000000 0.00000000 1280.00000000
v -11000.00000000 -56.56854249 1256.56854249
v -8500.00000000 -56.56854249 1256.56854249
v -11000.00000000 -80.00000000 1200.00000000
v -8500.00000000 -80.00000000 1200.00000000
v -11000.00000000 -56.56854249 1143.43145751
v -8500.00000000 -56.56854249 1143.43145751
v -11000.00000000 0.00000000 1200.00000000
v -11005.93843211 0.97589909 1155.40423064
v -8505.93843211 -847.55223834 803.93236806
v -8500.00000000 -848.52813742 848.52813742
v -10994.06156789 30.84390607 1167.77596421
v -8494.06156789 -817.68423136 816.30410163
v -10985.66335665 42.64397119 1199.02410091
v -8485.66335665 -805.88416624 847.55223834
v -10985.66335665 29.46377634 1230.84390607
v -8485.66335665 -819.06436109 879.37204349
v -10994.06156789 -0.97589909 1244.59576936
v -8494.06156789 -849.50403651 893.12390679
v -11005.93843211 -30.84390607 1232.22403579
v -8505.93843211 -879.37204349 880.75217322
v -11014.33664335 -42.64397119 1200.97589909
v -8514.33664335 -891.17210861 849.50403651
v -11014.33664335 -29.46377634 1169.15609393
v -8514.33664335 -877.99191376 817.68423136
v -11000.00000000 -848.52813742 848.52813742
v -11000.00000000 -848.52813742 768.52813742
v -8500.00000000 -848.52813742 768.52813742
v -8500.00000000 -848.52813742 848.52813742
v -11000.00000000 -791.95959493 791.95959493
v -8500.00000000 -791.95959493 791.95959493
v -11000.00000000 -768.52813742 848.52813742
v -8500.00000000 -768.52813742 848.52813742
v -11000.00000000 -791.95959493 905.09667992
v -8500.00000000 -791.95959493 905.09667992
v -11000.00000000 -848.52813742 928.52813742
v -8500.00000000 -848.52813742 928.52813742
v -11000.00000000 -905.09667992 905.09667992
v -8500.00000000 -905.09667992 905.09667992
v -11000.00000000 -928.52813742 848.52813742
v -8500.00000000 -928.52813742 848.52813742
v -11000.00000000 -905.09667992 791.95959493
v -8500.00000000 -905.09667992 791.95959493
v -11000.00000000 -848.52813742 848.52813742
v -11014.33664335 -847.55223834 805.88416624
v -8514.33664335 -1199.02410091 -42.64397119
v -8500.00000000 -1200.00000000 0.00000000
v -11005.93843211 -816.30410163 817.68423136
v -8505.93843211 -1167.77596421 -30.84390607
v -10994.06156789 -803.93236806 847.55223834
v -8494.06156789 -1155.40423064 -0.97589909
v -10985.66335665 -817.68423136 877.99191376
v -8485.66335665 -1169.15609393 29.46377634
v -10985.66335665 -849.50403651 891.17210861
v -8485.66335665 -1200.97589909 42.64397119
v -10994.06156789 -880.75217322 879.37204349
v -8494.06156789 -1232.22403579 30.84390607
v -11005.93843211 -893.12390679 849.50403651
v -8505.93843211 -1244.59576936 0.97589909
v -11014.33664335 -879.37204349 819.06436109
v -8514.33664335 -1230.84390607 -29.46377634
v -11000.00000000 -1200.00000000 0.00000000
v -11000.00000000 -1200.00000000 -80.00000000
v -8500.00000000 -1200.00000000 -80.00000000
v -8500.00000000 -1200.00000000 0.00000000
v -11000.00000000 -1143.43145751 -56.56854249
v -8500.00000000 -1143.43145751 -56.56854249
v -11000.00000000 -1120.00000000 0.00000000
v -8500.00000000 -1120.00000000 0.00000000
v -11000.00000000 -1143.43145751 56.56854249
v -8500.00000000 -1143.43145751 56.56854249
v -11000.00000000 -1200.00000000 80.00000000
v -8500.00000000 -1200.00000000 80.00000000
v -11000.00000000 -1256.56854249 56.56854249
v -8500.00000000 -1256.56854249 56.56854249
v -11000.00000000 -1280.00000000 0.00000000
v -8500.00000000 -1280.00000000 0.00000000
v -11000.00000000 -1256.56854249 -56.56854249
v -8500.00000000 -1256.56854249 -56.56854249
v -11000.00000000 -1200.00000000 0.00000000
v -11014.33664335 -1200.97589909 -42.64397119
v -8514.33664335 -849.50403651 -891.17210861
v -8500.00000000 -848.52813742 -848.52813742
v -11014.33664335 -1169.15609393 -29.46377634
v -8514.33664335 -817.68423136 -877.99191376
v -11005.93843211 -1155.40423064 0.97589909
v -8505.93843211 -803.93236806 -847.55223834
v -10994.06156789 -1167.77596421 30.84390607
v -8494.06156789 -816.30410163 -817.68423136
v -10985.66335665 -1199.02410091 42.64397119
v -8485.66335665 -847.55223834 -805.88416624
v -10985.66335665 -1230.84390607 29.46377634
v -8485.66335665 -879.37204349 -819.06436109
v -10994.06156789 -1244.59576936 -0.97589909
v -8494.06156789 -893.12390679 -849.50403651
v -11005.93843211 -1232.22403579 -30.84390607
v -8505.93843211 -880.75217322 -879.37204349
v -11000.00000000 -848.52813742 -848.52813742
v -11000.00000000 -848.52813742 -928.52813742
v -8500.00000000 -848.52813742 -928.52813742
v -8500.00000000 -848.52813742 -848.52813742
v -11000.00000000 -791.95959493 -905.09667992
v -8500.00000000 -791.95959493 -905.09667992
v -11000.00000000 -768.52813742 -848.52813742
v -8500.00000000 -768.52813742 -848.52813742
v -11000.00000000 -791.95959493 -791.95959493
v -8500.00000000 -791.95959493 -791.95959493
v -11000.00000000 -848.52813742 -768.52813742
v -8500.00000000 -848.52813742 -768.52813742
v -11000.00000000 -905.09667992 -791.95959493
v -8500.00000000 -905.09667992 -791.95959493
v -11000.00000000 -928.52813742 -848.52813742
v -8500.00000000 -928.52813742 -848.52813742
v -11000.00000000 -905.09667992 -905.09667992
v -8500.00000000 -905.09667992 -905.09667992
v -11000.00000000 -848.52813742 -848.52813742
v -11005.93843211 -849.50403651 -893.12390679
v -8505.93843211 -0.97589909 -1244.59576936
v -8500.00000000 -0.00000000 -1200.00000000
v -11014.33664335 -819.06436109 -879.37204349
v -8514.33664335 29.46377634 -1230.84390607
v -11014.33664335 -805.88416624 -847.55223834
v -8514.33664335 42.64397119 -1199.02410091
v -11005.93843211 -817.68423136 -816.30410163
v -8505.93843211 30.84390607 -1167.77596421
v -10994.06156789 -847.55223834 -803.93236806
v -8494.06156789 0.97589909 -1155.40423064
v -10985.66335665 -877.99191376 -817.68423136
v -8485.66335665 -29.46377634 -1169.15609393
v -10985.66335665 -891.17210861 -849.50403651
v -8485.66335665 -42.64397119 -1200.97589909
v -10994.06156789 -879.37204349 -880.75217322
v -8494.06156789 -30.84390607 -1232.22403579
v -11000.00000000 -0.00000000 -1200.00000000
v -11000.00000000 -0.00000000 -1280.00000000
v -8500.00000000 -0.00000000 -1280.00000000
v -8500.00000000 -0.00000000 -1200.00000000
v -11000.00000000 56.56854249 -1256.56854249
v -8500.00000000 56.56854249 -1256.56854249
v -11000.00000000 80.00000000 -1200.00000000
v -8500.00000000 80.00000000 -1200.00000000
v -11000.00000000 56.56854249 -1143.43145751
v -8500.00000000 56.56854249 -1143.43145751
v -11000.00000000 -0.00000000 -1120.00000000
v -8500.00000000 -0.00000000 -1120.00000000
v -11000.00000000 -56.56854249 -1143.43145751
v -8500.00000000 -56.56854249 -1143.43145751
v -11000.00000000 -80.00000000 -1200.00000000
v -8500.00000000 -80.00000000 -1200.00000000
v -11000.00000000 -56.56854249 -1256.56854249
v -8500.00000000 -56.56854249 -1256.56854249
v -11000.00000000 -0.00000000 -1200.00000000
v -10994.06156789 0.97589909 -1244.59576936
v -8494.06156789 849.50403651 -893.12390679
v -8500.00000000 848.52813742 -848.52813742
v -11005.93843211 30.84390607 -1232.22403579
v -8505.93843211 879.37204349 -880.75217322
v -11014.33664335 42.64397119 -1200.97589909
v -8514.33664335 891.17210861 -849.50403651
v -11014.33664335 29.46377634 -1169.15609393
v -8514.33664335 877.99191376 -817.68423136
v -11005.93843211 -0.97589909 -1155.40423064
v -8505.93843211 847.55223834 -803.93236806
v -10994.06156789 -30.84390607 -1167.77596421
v -8494.06156789 817.68423136 -816.30410163
v -10985.66335665 -42.64397119 -1199.02410091
v -8485.66335665 805.88416624 -847.55223834
v -10985.66335665 -29.46377634 -1230.84390607
v -8485.66335665 819.06436109 -879.37204349
v -11000.00000000 848.52813742 -848.52813742
v -11000.00000000 848.52813742 -928.52813742
v -8500.00000000 848.52813742 -928.52813742
v -8500.00000000 848.52813742 -848.52813742
v -11000.00000000 905.09667992 -905.09667992
v -8500.00000000 905.09667992 -905.09667992
v -11000.00000000 928.52813742 -848.52813742
v -8500.00000000 928.52813742 -848.52813742
v -11000.00000000 905.09667992 -791.95959493
v -8500.00000000 905.09667992 -791.95959493
v -11000.00000000 848.52813742 -768.52813742
v -8500.00000000 848.52813742 -768.52813742
v -11000.00000000 791.95959493 -791.95959493
v -8500.00000000 791.95959493 -791.95959493
v -11000.00000000 768.52813742 -848.52813742
v -8500.00000000 768.52813742 -848.52813742
v -11000.00000000 791.95959493 -905.09667992
v -8500.00000000 791.95959493 -905.09667992
v -11000.00000000 848.52813742 -848.52813742
v -10985.66335665 849.50403651 -891.17210861
v -8485.66335665 1200.97589909 -42.64397119
v -8500.00000000 1200.00000000 0.00000000
v -10994.06156789 880.75217322 -879.37204349
v -8494.06156789 1232.22403579 -30.84390607
v -11005.93843211 893.12390679 -849.50403651
v -8505.93843211 1244.59576936 -0.97589909
v -11014.33664335 879.37204349 -819.06436109
v -8514.33664335 1230.84390607 29.46377634
v -11014.33664335 847.55223834 -805.88416624
v -8514.33664335 1199.02410091 42.64397119
v -11005.93843211 816.30410163 -817.68423136
v -8505.93843211 1167.77596421 30.84390607
v -10994.06156789 803.93236806 -847.55223834
v -8494.06156789 1155.40423064 0.97589909
v -10985.66335665 817.68423136 -877.99191376
v -8485.66335665 1169.15609393 -29.46377634
v -8500.00000000 1200.00000000 0.00000000
v -8444.56722805 1178.78679656 -8.78679656
v -8444.56722805 827.31493399 839.74134086
v -8500.00000000 848.52813742 848.52813742
v -8444.56722805 1221.21320344 8.78679656
v -8444.56722805 869.74134086 857.31493399
v -8477.03899406 1251.21320344 21.21320344
v -8477.03899406 899.74134086 869.74134086
v -8522.96100594 1251.21320344 21.21320344
v -8522.96100594 899.74134086 869.74134086
v -8555.43277195 1221.21320344 8.78679656
v -8555.43277195 869.74134086 857.31493399
v -8555.43277195 1178.78679656 -8.78679656
v -8555.43277195 827.31493399 839.74134086
v -8522.96100594 1148.78679656 -21.21320344
v -8522.96100594 797.31493399 827.31493399
v -8477.03899406 1148.78679656 -21.21320344
v -8477.03899406 797.31493399 827.31493399
v -8500.00000000 848.52813742 848.52813742
v -8477.03899406 827.31493399 797.31493399
v -8477.03899406 -21.21320344 1148.78679656
v -8500.00000000 0.00000000 1200.00000000
v -8444.56722805 839.74134086 827.31493399
v -8444.56722805 -8.78679656 1178.78679656
v -8444.56722805 857.31493399 869.74134086
v -8444.56722805 8.78679656 1221.21320344
v -8477.03899406 869.74134086 899.74134086
v -8477.03899406 21.21320344 1251.21320344
v -8522.96100594 869.74134086 899.74134086
v -8522.96100594 21.21320344 1251.21320344
v -8555.43277195 857.31493399 869.74134086
v -8555.43277195 8.78679656 1221.21320344
v -8555.43277195 839.74134086 827.31493399
v -8555.43277195 -8.78679656 1178.78679656
v -8522.96100594 827.31493399 797.31493399
v -8522.96100594 -21.21320344 1148.78679656
v -8500.00000000 0.00000000 1200.00000000
v -8522.96100594 21.21320344 1148.78679656
v -8522.96100594 -827.31493399 797.31493399
v -8500.00000000 -848.52813742 848.52813742
v -8477.03899406 21.21320344 1148.78679656
v -8477.03899406 -827.31493399 797.31493399
v -8444.56722805 8.78679656 1178.78679656
v -8444.56722805 -839.74134086 827.31493399
v -8444.56722805 -8.78679656 1221.21320344
v -8444.56722805 -857.31493399 869.74134086
v -8477.03899406 -21.21320344 1251.21320344
v -8477.03899406 -869.74134086 899.74134086
v -8522.96100594 -21.21320344 1251.21320344
v -8522.96100594 -869.74134086 899.74134086
v -8555.43277195 -8.78679656 1221.21320344
v -8555.43277195 -857.31493399 869.74134086
v -8555.43277195 8.78679656 1178.78679656
v -8555.43277195 -839.74134086 827.31493399
v -8500.00000000 -848.52813742 848.52813742
v -8555.43277195 -827.31493399 839.74134086
v -8555.43277195 -1178.78679656 -8.78679656
v -8500.00000000 -1200.00000000 0.00000000
v -8522.96100594 -797.31493399 827.31493399
v -8522.96100594 -1148.78679656 -21.21320344
v -8477.03899406 -797.31493399 827.31493399
v -8477.03899406 -1148.78679656 -21.21320344
v -8444.56722805 -827.31493399 839.74134086
v -8444.56722805 -1178.78679656 -8.78679656
v -8444.56722805 -869.74134086 857.31493399
v -8444.56722805 -1221.21320344 8.78679656
v -8477.03899406 -899.74134086 869.74134086
v -8477.03899406 -1251.21320344 21.21320344
v -8522.96100594 -899.74134086 869.74134086
v -8522.96100594 -1251.21320344 21.21320344
v -8555.43277195 -869.74134086 857.31493399
v -8555.43277195 -1221.21320344 8.78679656
v -8500.00000000 -1200.00000000 0.00000000
v -8555.43277195 -1221.21320344 -8.78679656
v -8555.43277195 -869.74134086 -857.31493399
v -8500.00000000 -848.52813742 -848.52813742
v -8555.43277195 -1178.78679656 8.78679656
v -8555.43277195 -827.31493399 -839.74134086
v -8522.96100594 -1148.78679656 21.21320344
v -8522.96100594 -797.31493399 -827.31493399
v -8477.03899406 -1148.78679656 21.21320344
v -8477.03899406 -797.31493399 -827.31493399
v -8444.56722805 -1178.78679656 8.78679656
v -8444.56722805 -827.31493399 -839.74134086
v -8444.56722805 -1221.21320344 -8.78679656
v -8444.56722805 -869.74134086 -857.31493399
v -8477.03899406 -1251.21320344 -21.21320344
v -8477.03899406 -899.74134086 -869.74134086
v -8522.96100594 -1251.21320344 -21.21320344
v -8522.96100594 -899.74134086 -869.74134086
v -8500.00000000 -848.52813742 -848.52813742
v -8522.96100594 -869.74134086 -899.74134086
v -8522.96100594 -21.21320344 -1251.21320344
v -8500.00000000 -0.00000000 -1200.00000000
v -8555.43277195 -857.31493399 -869.74134086
v -8555.43277195 -8.78679656 -1221.21320344
v -8555.43277195 -839.74134086 -827.31493399
v -8555.43277195 8.78679656 -1178.78679656
v -8522.96100594 -827.31493399 -797.31493399
v -8522.96100594 21.21320344 -1148.78679656
v -8477.03899406 -827.31493399 -797.31493399
v -8477.03899406 21.21320344 -1148.78679656
v -8444.56722805 -839.74134086 -827.31493399
v -8444.56722805 8.78679656 -1178.78679656
v -8444.56722805 -857.31493399 -869.74134086
v -8444.56722805 -8.78679656 -1221.21320344
v -8477.03899406 -869.74134086 -899.74134086
v -8477.03899406 -21.21320344 -1251.21320344
v -8500.00000000 -0.00000000 -1200.00000000
v -8477.03899406 21.21320344 -1251.21320344
v -8477.03899406 869.74134086 -899.74134086
v -8500.00000000 848.52813742 -848.52813742
v -8522.96100594 21.21320344 -1251.21320344
v -8522.96100594 869.74134086 -899.74134086
v -8555.43277195 8.78679656 -1221.21320344
v -8555.43277195 857.31493399 -869.74134086
v -8555.43277195 -8.78679656 -1178.78679656
v -8555.43277195 839.74134086 -827.31493399
v -8522.96100594 -21.21320344 -1148.78679656
v -8522.96100594 827.31493399 -797.31493399
v -8477.03899406 -21.21320344 -1148.78679656
v -8477.03899406 827.31493399 -797.31493399
v -8444.56722805 -8.78679656 -1178.78679656
v -8444.56722805 839.74134086 -827.31493399
v -8444.56722805 8.78679656 -1221.21320344
v -8444.56722805 857.31493399 -869.74134086
v -8500.00000000 848.52813742 -848.52813742
v -8444.56722805 869.74134086 -857.31493399
v -8444.56722805 1221.21320344 -8.78679656
v -8500.00000000 1200.00000000 0.00000000
v -8477.03899406 899.74134086 -869.74134086
v -8477.03899406 1251.21320344 -21.21320344
v -8522.96100594 899.74134086 -869.74134086
v -8522.96100594 1251.21320344 -21.21320344
v -8555.43277195 869.74134086 -857.31493399
v -8555.43277195 1221.21320344 -8.78679656
v -8555.43277195 827.31493399 -839.74134086
v -8555.43277195 1178.78679656 8.78679656
v -8522.96100594 797.31493399 -827.31493399
v -8522.96100594 1148.78679656 21.21320344
v -8477.03899406 797.31493399 -827.31493399
v -8477.03899406 1148.78679656 21.21320344
v -8444.56722805 827.31493399 -839.74134086
v -8444.56722805 1178.78679656 8.78679656
v -8500.00000000 1200.00000000 0.00000000
v -8500.00000000 1200.00000000 -80.00000000
v -6000.00000000 1200.00000000 -80.00000000
v -6000.00000000 1200.00000000 0.00000000
v -8500.00000000 1256.56854249 -56.56854249
v -6000.00000000 1256.56854249 -56.56854249
v -8500.00000000 1280.00000000 -0.00000000
v -6000.00000000 1280.00000000 -0.00000000
v -8500.00000000 1256.56854249 56.56854249
v -6000.00000000 1256.56854249 56.56854249
v -8500.00000000 1200.00000000 80.00000000
v -6000.00000000 1200.00000000 80.00000000
v -8500.00000000 1143.43145751 56.56854249
v -6000.00000000 1143.43145751 56.56854249
v -8500.00000000 1120.00000000 0.00000000
v -6000.00000000 1120.00000000 0.00000000
v -8500.00000000 1143.43145751 -56.56854249
v -6000.00000000 1143.43145751 -56.56854249
v -8500.00000000 1200.00000000 0.00000000
v -8514.33664335 1200.97589909 -42.64397119
v -6014.33664335 849.50403651 -891.17210861
v -6000.00000000 848.52813742 -848.52813742
v -8505.93843211 1232.22403579 -30.84390607
v -6005.93843211 880.75217322 -879.37204349
v -8494.06156789 1244.59576936 -0.97589909
v -5994.06156789 893.12390679 -849.50403651
v -8485.66335665 1230.84390607 29.46377634
v -5985.66335665 879.37204349 -819.06436109
v -8485.66335665 1199.02410091 42.64397119
v -5985.66335665 847.55223834 -805.88416624
v -8494.06156789 1167.77596421 30.84390607
v -5994.06156789 816.30410163 -817.68423136
v -8505.93843211 1155.40423064 0.97589909
v -6005.93843211 803.93236806 -847.55223834
v -8514.33664335 1169.15609393 -29.46377634
v -6014.33664335 817.68423136 -877.99191376
v -8500.00000000 848.52813742 848.52813742
v -8500.00000000 848.52813742 768.52813742
v -6000.00000000 848.52813742 768.52813742
v -6000.00000000 848.52813742 848.52813742
v -8500.00000000 905.09667992 791.95959493
v -6000.00000000 905.09667992 791.95959493
v -8500.00000000 928.52813742 848.52813742
v -6000.00000000 928.52813742 848.52813742
v -8500.00000000 905.09667992 905.09667992
v -6000.00000000 905.09667992 905.09667992
v -8500.00000000 848.52813742 928.52813742
v -6000.00000000 848.52813742 928.52813742
v -8500.00000000 791.95959493 905.09667992
v -6000.00000000 791.95959493 905.09667992
v -8500.00000000 768.52813742 848.52813742
v -6000.00000000 768.52813742 848.52813742
v -8500.00000000 791.95959493 791.95959493
v -6000.00000000 791.95959493 791.95959493
v -8500.00000000 848.52813742 848.52813742
v -8514.33664335 847.55223834 805.88416624
v -6014.33664335 1199.02410091 -42.64397119
v -6000.00000000 1200.00000000 -0.00000000
v -8514.33664335 879.37204349 819.06436109
v -6014.33664335 1230.84390607 -29.46377634
v -8505.93843211 893.12390679 849.50403651
v -6005.93843211 1244.59576936 0.97589909
v -8494.06156789 880.75217322 879.37204349
v -5994.06156789 1232.22403579 30.84390607
v -8485.66335665 849.50403651 891.17210861
v -5985.66335665 1200.97589909 42.64397119
v -8485.66335665 817.68423136 877.99191376
v -5985.66335665 1169.15609393 29.46377634
v -8494.06156789 803.93236806 847.55223834
v -5994.06156789 1155.40423064 -0.97589909
v -8505.93843211 816.30410163 817.68423136
v -6005.93843211 1167.77596421 -30.84390607
v -8500.00000000 0.00000000 1200.00000000
v -8500.00000000 0.00000000 1120.00000000
v -6000.00000000 0.00000000 1120.00000000
v -6000.00000000 0.00000000 1200.00000000
v -8500.00000000 56.56854249 1143.43145751
v -6000.00000000 56.56854249 1143.43145751
v -8500.00000000 80.00000000 1200.00000000
v -6000.00000000 80.00000000 1200.00000000
v -8500.00000000 56.56854249 1256.56854249
v -6000.00000000 56.56854249 1256.56854249
v -8500.00000000 0.00000000 1280.00000000
v -6000.00000000 0.00000000 1280.00000000
v -8500.00000000 -56.56854249 1256.56854249
v -6000.00000000 -56.56854249 1256.56854249
v -8500.00000000 -80.00000000 1200.00000000
v -6000.00000000 -80.00000000 1200.00000000
v -8500.00000000 -56.56854249 1143.43145751
v -6000.00000000 -56.56854249 1143.43145751
v -8500.00000000 0.00000000 1200.00000000
v -8505.93843211 -0.97589909 1155.40423064
v -6005.93843211 847.55223834 803.93236806
v -6000.00000000 848.52813742 848.52813742
v -8514.33664335 29.46377634 1169.15609393
v -6014.33664335 877.99191376 817.68423136
v -8514.33664335 42.64397119 1200.97589909
v -6014.33664335 891.17210861 849.50403651
v -8505.93843211 30.84390607 1232.22403579
v -6005.93843211 879.37204349 880.75217322
v -8494.06156789 0.97589909 1244.59576936
v -5994.06156789 849.50403651 893.12390679
v -8485.66335665 -29.46377634 1230.84390607
v -5985.66335665 819.06436109 879.37204349
v -8485.66335665 -42.64397119 1199.02410091
v -5985.66335665 805.88416624 847.55223834
v -8494.06156789 -30.84390607 1167.77596421
v -5994.06156789 817.68423136 816.30410163
v -8500.00000000 -848.52813742 848.52813742
v -8500.00000000 -848.52813742 768.52813742
v -6000.00000000 -848.52813742 768.52813742
v -6000.00000000 -848.52813742 848.52813742
v -8500.00000000 -791.95959493 791.95959493
v -6000.00000000 -791.95959493 791.95959493
v -8500.00000000 -768.52813742 848.52813742
v -6000.00000000 -768.52813742 848.52813742
v -8500.00000000 -791.95959493 905.09667992
v -6000.00000000 -791.95959493 905.09667992
v -8500.00000000 -848.52813742 928.52813742
v -6000.00000000 -848.52813742 928.52813742
v -8500.00000000 -905.09667992 905.09667992
v -6000.00000000 -905.09667992 905.09667992
v -8500.00000000 -928.52813742 848.52813742
v -6000.00000000 -928.52813742 848.52813742
v -8500.00000000 -905.09667992 791.95959493
v -6000.00000000 -905.09667992 791.95959493
v -8500.00000000 -848.52813742 848.52813742
v -8494.06156789 -847.55223834 803.93236806
v -5994.06156789 0.97589909 1155.40423064
v -6000.00000000 0.00000000 1200.00000000
v -8505.93843211 -817.68423136 816.30410163
v -6005.93843211 30.84390607 1167.77596421
v -8514.33664335 -805.88416624 847.55223834
v -6014.33664335 42.64397119 1199.02410091
v -8514.33664335 -819.06436109 879.37204349
v -6014.33664335 29.46377634 1230.84390607
v -8505.93843211 -849.50403651 893.12390679
v -6005.93843211 -0.97589909 1244.59576936
v -8494.06156789 -879.37204349 880.75217322
v -5994.06156789 -30.84390607 1232.22403579
v -8485.66335665 -891.17210861 849.50403651
v -5985.66335665 -42.64397119 1200.97589909
v -8485.66335665 -877.99191376 817.68423136
v -5985.66335665 -29.46377634 1169.15609393
v -8500.00000000 -1200.00000000 0.00000000
v -8500.00000000 -1200.00000000 -80.00000000
v -6000.00000000 -1200.00000000 -80.00000000
v -6000.00000000 -1200.00000000 0.00000000
v -8500.00000000 -1143.43145751 -56.56854249
v -6000.00000000 -1143.43145751 -56.56854249
v -8500.00000000 -1120.00000000 0.00000000
v -6000.00000000 -1120.00000000 0.00000000
v -8500.00000000 -1143.43145751 56.56854249
v -6000.00000000 -1143.43145751 56.56854249
v -8500.00000000 -1200.00000000 80.00000000
v -6000.00000000 -1200.00000000 80.00000000
v -8500.00000000 -1256.56854249 56.56854249
v -6000.00000000 -1256.56854249 56.56854249
v -8500.00000000 -1280.00000000 0.00000000
v -6000.00000000 -1280.00000000 0.00000000
v -8500.00000000 -1256.56854249 -56.56854249
v -6000.00000000 -1256.56854249 -56.56854249
v -8500.00000000 -1200.00000000 0.00000000
v -8485.66335665 -1199.02410091 -42.64397119
v -5985.66335665 -847.55223834 805.88416624
v -6000.00000000 -848.52813742 848.52813742
v -8494.06156789 -1167.77596421 -30.84390607
v -5994.06156789 -816.30410163 817.68423136
v -8505.93843211 -1155.40423064 -0.97589909
v -6005.93843211 -803.93236806 847.55223834
v -8514.33664335 -1169.15609393 29.46377634
v -6014.33664335 -817.68423136 877.99191376
v -8514.33664335 -1200.97589909 42.64397119
v -6014.33664335 -849.50403651 891.17210861
v -8505.93843211 -1232.22403579 30.84390607
v -6005.93843211 -880.75217322 879.37204349
v -8494.06156789 -1244.59576936 0.97589909
v -5994.06156789 -893.12390679 849.50403651
v -8485.66335665 -1230.84390607 -29.46377634
v -5985.66335665 -879.37204349 819.06436109
v -8500.00000000 -848.52813742 -848.52813742
v -8500.00000000 -848.52813742 -928.52813742
v -6000.00000000 -848.52813742 -928.52813742
v -6000.00000000 -848.52813742 -848.52813742
v -8500.00000000 -791.95959493 -905.09667992
v -6000.00000000 -791.95959493 -905.09667992
v -8500.00000000 -768.52813742 -848.52813742
v -6000.00000000 -768.52813742 -848.52813742
v -8500.00000000 -791.95959493 -791.95959493
v -6000.00000000 -791.95959493 -791.95959493
v -8500.00000000 -848.52813742 -768.52813742
v -6000.00000000 -848.52813742 -768.52813742
v -8500.00000000 -905.09667992 -791.95959493
v -6000.00000000 -905.09667992 -791.95959493
v -8500.00000000 -928.52813742 -848.52813742
v -6000.00000000 -928.52813742 -848.52813742
v -8500.00000000 -905.09667992 -905.09667992
v -6000.00000000 -905.09667992 -905.09667992
v -8500.00000000 -848.52813742 -848.52813742
v -8485.66335665 -849.50403651 -891.17210861
v -5985.66335665 -1200.97589909 -42.64397119
v -6000.00000000 -1200.00000000 0.00000000
v -8485.66335665 -817.68423136 -877.99191376
v -5985.66335665 -1169.15609393 -29.46377634
v -8494.06156789 -803.93236806 -847.55223834
v -5994.06156789 -1155.40423064 0.97589909
v -8505.93843211 -816.30410163 -817.68423136
v -6005.93843211 -1167.77596421 30.84390607
v -8514.33664335 -847.55223834 -805.88416624
v -6014.33664335 -1199.02410091 42.64397119
v -8514.33664335 -879.37204349 -819.06436109
v -6014.33664335 -1230.84390607 29.46377634
v -8505.93843211 -893.12390679 -849.50403651
v -6005.93843211 -1244.59576936 -0.97589909
v -8494.06156789 -880.75217322 -879.37204349
v -5994.06156789 -1232.22403579 -30.84390607
v -8500.00000000 -0.00000000 -1200.00000000
v -8500.00000000 -0.00000000 -1280.00000000
v -6000.00000000 -0.00000000 -1280.00000000
v -6000.00000000 -0.00000000 -1200.00000000
v -8500.00000000 56.56854249 -1256.56854249
v -6000.00000000 56.56854249 -1256.56854249
v -8500.00000000 80.00000000 -1200.00000000
v -6000.00000000 80.00000000 -1200.00000000
v -8500.00000000 56.56854249 -1143.43145751
v -6000.00000000 56.56854249 -1143.43145751
v -8500.00000000 -0.00000000 -1120.00000000
v -6000.00000000 -0.00000000 -1120.00000000
v -8500.00000000 -56.56854249 -1143.43145751
v -6000.00000000 -56.56854249 -1143.43145751
v -8500.00000000 -80.00000000 -1200.00000000
v -6000.00000000 -80.00000000 -1200.00000000
v -8500.00000000 -56.56854249 -1256.56854249
v -6000.00000000 -56.56854249 -1256.56854249
v -8500.00000000 -0.00000000 -1200.00000000
v -8494.06156789 -0.97589909 -1244.59576936
v -5994.06156789 -849.50403651 -893.12390679
v -6000.00000000 -848.52813742 -848.52813742
v -8485.66335665 29.46377634 -1230.84390607
v -5985.66335665 -819.06436109 -879.37204349
v -8485.66335665 42.64397119 -1199.02410091
v -5985.66335665 -805.88416624 -847.55223834
v -8494.06156789 30.84390607 -1167.77596421
v -5994.06156789 -817.68423136 -816.30410163
v -8505.93843211 0.97589909 -1155.40423064
v -6005.93843211 -847.55223834 -803.93236806
v -8514.33664335 -29.46377634 -1169.15609393
v -6014.33664335 -877.99191376 -817.68423136
v -8514.33664335 -42.64397119 -1200.97589909
v -6014.33664335 -891.17210861 -849.50403651
v -8505.93843211 -30.84390607 -1232.22403579
v -6005.93843211 -879.37204349 -880.75217322
v -8500.00000000 848.52813742 -848.52813742
v -8500.00000000 848.52813742 -928.52813742
v -6000.00000000 848.52813742 -928.52813742
v -6000.00000000 848.52813742 -848.52813742
v -8500.00000000 905.09667992 -905.09667992
v -6000.00000000 905.09667992 -905.09667992
v -8500.00000000 928.52813742 -848.52813742
v -6000.00000000 928.52813742 -848.52813742
v -8500.00000000 905.09667992 -791.95959493
v -6000.00000000 905.09667992 -791.95959493
v -8500.00000000 848.52813742 -768.52813742
v -6000.00000000 848.52813742 -768.52813742
v -8500.00000000 791.95959493 -791.95959493
v -6000.00000000 791.95959493 -791.95959493
v -8500.00000000 768.52813742 -848.52813742
v -6000.00000000 768.52813742 -848.52813742
v -8500.00000000 791.95959493 -905.09667992
v -6000.00000000 791.95959493 -905.09667992
v -8500.00000000 848.52813742 -848.52813742
v -8505.93843211 849.50403651 -893.12390679
v -6005.93843211 0.97589909 -1244.59576936
v -6000.00000000 -0.00000000 -1200.00000000
v -8494.06156789 879.37204349 -880.75217322
v -5994.06156789 30.84390607 -1232.22403579
v -8485.66335665 891.17210861 -849.50403651
v -5985.66335665 42.64397119 -1200.97589909
v -8485.66335665 877.99191376 -817.68423136
v -5985.66335665 29.46377634 -1169.15609393
v -8494.06156789 847.55223834 -803.93236806
v -5994.06156789 -0.97589909 -1155.40423064
v -8505.93843211 817.68423136 -816.30410163
v -6005.93843211 -30.84390607 -1167.77596421
v -8514.33664335 805.88416624 -847.55223834
v -6014.33664335 -42.64397119 -1199.02410091
v -8514.33664335 819.06436109 -879.37204349
v -6014.33664335 -29.46377634 -1230.84390607
v -6000.00000000 1200.00000000 0.00000000
v -5944.56722805 1178.78679656 -8.78679656
v -5944.56722805 827.31493399 839.74134086
v -6000.00000000 848.52813742 848.52813742
v -5944.56722805 1221.21320344 8.78679656
v -5944.56722805 869.74134086 857.31493399
v -5977.03899406 1251.21320344 21.21320344
v -5977.03899406 899.74134086 869.74134086
v -6022.96100594 1251.21320344 21.21320344
v -6022.96100594 899.74134086 869.74134086
v -6055.43277195 1221.21320344 8.78679656
v -6055.43277195 869.74134086 857.31493399
v -6055.43277195 1178.78679656 -8.78679656
v -6055.43277195 827.31493399 839.74134086
v -6022.96100594 1148.78679656 -21.21320344
v -6022.96100594 797.31493399 827.31493399
v -5977.03899406 1148.78679656 -21.21320344
v -5977.03899406 797.31493399 827.31493399
v -6000.00000000 848.52813742 848.52813742
v -5977.03899406 827.31493399 797.31493399
v -5977.03899406 -21.21320344 1148.78679656
v -6000.00000000 0.00000000 1200.00000000
v -5944.56722805 839.74134086 827.31493399
v -5944.56722805 -8.78679656 1178.78679656
v -5944.56722805 857.31493399 869.74134086
v -5944.56722805 8.78679656 1221.21320344
v -5977.03899406 869.74134086 899.74134086
v -5977.03899406 21.21320344 1251.21320344
v -6022.96100594 869.74134086 899.74134086
v -6022.96100594 21.21320344 1251.21320344
v -6055.43277195 857.31493399 869.74134086
v -6055.43277195 8.78679656 1221.21320344
v -6055.43277195 839.74134086 827.31493399
v -6055.43277195 -8.78679656 1178.78679656
v -6022.96100594 827.31493399 797.31493399
v -6022.96100594 -21.21320344 1148.78679656
v -6000.00000000 0.00000000 1200.00000000
v -6022.96100594 21.21320344 1148.78679656
v -6022.96100594 -827.31493399 797.31493399
v -6000.00000000 -848.52813742 848.52813742
v -5977.03899406 21.21320344 1148.78679656
v -5977.03899406 -827.31493399 797.31493399
v -5944.56722805 8.78679656 1178.78679656
v -5944.56722805 -839.74134086 827.31493399
v -5944.56722805 -8.78679656 1221.21320344
v -5944.56722805 -857.31493399 869.74134086
v -5977.03899406 -21.21320344 1251.21320344
v -5977.03899406 -869.74134086 899.74134086
v -6022.96100594 -21.21320344 1251.21320344
v -6022.96100594 -869.74134086 899.74134086
v -6055.43277195 -8.78679656 1221.21320344
v -6055.43277195 -857.31493399 869.74134086
v -6055.43277195 8.78679656 1178.78679656
v -6055.43277195 -839.74134086 827.31493399
v -6000.00000000 -848.52813742 848.52813742
v -6055.43277195 -827.31493399 839.74134086
v -6055.43277195 -1178.78679656 -8.78679656
v -6000.00000000 -1200.00000000 0.00000000
v -6022.96100594 -797.31493399 827.31493399
v -6022.96100594 -1148.78679656 -21.21320344
v -5977.03899406 -797.31493399 827.31493399
v -5977.03899406 -1148.78679656 -21.21320344
v -5944.56722805 -827.31493399 839.74134086
v -5944.56722805 -1178.78679656 -8.78679656
v -5944.56722805 -869.74134086 857.31493399
v -5944.56722805 -1221.21320344 8.78679656
v -5977.03899406 -899.74134086 869.74134086
v -5977.03899406 -1251.21320344 21.21320344
v -6022.96100594 -899.74134086 869.74134086
v -6022.96100594 -1251.21320344 21.21320344
v -6055.43277195 -869.74134086 857.31493399
v -6055.43277195 -1221.21320344 8.78679656
v -6000.00000000 -1200.00000000 0.00000000
v -6055.43277195 -1221.21320344 -8.78679656
v -6055.43277195 -869.74134086 -857.31493399
v -6000.00000000 -848.52813742 -848.52813742
v -6055.43277195 -1178.78679656 8.78679656
v -6055.43277195 -827.31493399 -839.74134086
v -6022.96100594 -1148.78679656 21.21320344
v -6022.96100594 -797.31493399 -827.31493399
v -5977.03899406 -1148.78679656 21.21320344
v -5977.03899406 -797.31493399 -827.31493399
v -5944.56722805 -1178.78679656 8.78679656
v -5944.56722805 -827.31493399 -839.74134086
v -5944.56722805 -1221.21320344 -8.78679656
v -5944.56722805 -869.74134086 -857.31493399
v -5977.03899406 -1251.21320344 -21.21320344
v -5977.03899406 -899.74134086 -869.74134086
v -6022.96100594 -1251.21320344 -21.21320344
v -6022.96100594 -899.74134086 -869.74134086
v -6000.00000000 -848.52813742 -848.52813742
v -6022.96100594 -869.74134086 -899.74134086
v -6022.96100594 -21.21320344 -1251.21320344
v -6000.00000000 -0.00000000 -1200.00000000
v -6055.43277195 -857.31493399 -869.74134086
v -6055.43277195 -8.78679656 -1221.21320344
v -6055.43277195 -839.74134086 -827.31493399
v -6055.43277195 8.78679656 -1178.78679656
v -6022.96100594 -827.31493399 -797.31493399
v -6022.96100594 21.21320344 -1148.78679656
v -5977.03899406 -827.31493399 -797.31493399
v -5977.03899406 21.21320344 -1148.78679656
v -5944.56722805 -839.74134086 -827.31493399
v -5944.56722805 8.78679656 -1178.78679656
v -5944.56722805 -857.31493399 -869.74134086
v -5944.56722805 -8.78679656 -1221.21320344
v -5977.03899406 -869.74134086 -899.74134086
v -5977.03899406 -21.21320344 -1251.21320344
v -6000.00000000 -0.00000000 -1200.00000000
v -5977.03899406 21.21320344 -1251.21320344
v -5977.03899406 869.74134086 -899.74134086
v -6000.00000000 848.52813742 -848.52813742
v -6022.96100594 21.21320344 -1251.21320344
v -6022.96100594 869.74134086 -899.74134086
v -6055.43277195 8.78679656 -1221.21320344
v -6055.43277195 857.31493399 -869.74134086
v -6055.43277195 -8.78679656 -1178.78679656
v -6055.43277195 839.74134086 -827.31493399
v -6022.96100594 -21.21320344 -1148.78679656
v -6022.96100594 827.31493399 -797.31493399
v -5977.03899406 -21.21320344 -1148.78679656
v -5977.03899406 827.31493399 -797.31493399
v -5944.56722805 -8.78679656 -1178.78679656
v -5944.56722805 839.74134086 -827.31493399
v -5944.56722805 8.78679656 -1221.21320344
v -5944.56722805 857.31493399 -869.74134086
v -6000.00000000 848.52813742 -848.52813742
v -5944.56722805 869.74134086 -857.31493399
v -5944.56722805 1221.21320344 -8.78679656
v -6000.00000000 1200.00000000 0.00000000
v -5977.03899406 899.74134086 -869.74134086
v -5977.03899406 1251.21320344 -21.21320344
v -6022.96100594 899.74134086 -869.74134086
v -6022.96100594 1251.21320344 -21.21320344
v -6055.43277195 869.74134086 -857.31493399
v -6055.43277195 1221.21320344 -8.78679656
v -6055.43277195 827.31493399 -839.74134086
v -6055.43277195 1178.78679656 8.78679656
v -6022.96100594 797.31493399 -827.31493399
v -6022.96100594 1148.78679656 21.21320344
v -5977.03899406 797.31493399 -827.31493399
v -5977.03899406 1148.78679656 21.21320344
v -5944.56722805 827.31493399 -839.74134086
v -5944.56722805 1178.78679656 8.78679656
v -6000.00000000 1200.00000000 0.00000000
v -6000.00000000 1200.00000000 -80.00000000
v -3500.00000000 1200.00000000 -80.00000000
v -3500.00000000 1200.00000000 0.00000000
v -6000.00000000 1256.56854249 -56.56854249
v -3500.00000000 1256.56854249 -56.56854249
v -6000.00000000 1280.00000000 -0.00000000
v -3500.00000000 1280.00000000 -0.00000000
v -6000.00000000 1256.56854249 56.56854249
v -3500.00000000 1256.56854249 56.56854249
v -6000.00000000 1200.00000000 80.00000000
v -3500.00000000 1200.00000000 80.00000000
v -6000.00000000 1143.43145751 56.56854249
v -3500.00000000 1143.43145751 56.56854249
v -6000.00000000 1120.00000000 0.00000000
v -3500.00000000 1120.00000000 0.00000000
v -6000.00000000 1143.43145751 -56.56854249
v -3500.00000000 1143.43145751 -56.56854249
v -6000.00000000 1200.00000000 -0.00000000
v -5985.66335665 1199.02410091 -42.64397119
v -3485.66335665 847.55223834 805.88416624
v -3500.00000000 848.52813742 848.52813742
v -5985.66335665 1230.84390607 -29.46377634
v -3485.66335665 879.37204349 819.06436109
v -5994.06156789 1244.59576936 0.97589909
v -3494.06156789 893.12390679 849.50403651
v -6005.93843211 1232.22403579 30.84390607
v -3505.93843211 880.75217322 879.37204349
v -6014.33664335 1200.97589909 42.64397119
v -3514.33664335 849.50403651 891.17210861
v -6014.33664335 1169.15609393 29.46377634
v -3514.33664335 817.68423136 877.99191376
v -6005.93843211 1155.40423064 -0.97589909
v -3505.93843211 803.93236806 847.55223834
v -5994.06156789 1167.77596421 -30.84390607
v -3494.06156789 816.30410163 817.68423136
v -6000.00000000 848.52813742 848.52813742
v -6000.00000000 848.52813742 768.52813742
v -3500.00000000 848.52813742 768.52813742
v -3500.00000000 848.52813742 848.52813742
v -6000.00000000 905.09667992 791.95959493
v -3500.00000000 905.09667992 791.95959493
v -6000.00000000 928.52813742 848.52813742
v -3500.00000000 928.52813742 848.52813742
v -6000.00000000 905.09667992 905.09667992
v -3500.00000000 905.09667992 905.09667992
v -6000.00000000 848.52813742 928.52813742
v -3500.00000000 848.52813742 928.52813742
v -6000.00000000 791.95959493 905.09667992
v -3500.00000000 791.95959493 905.09667992
v -6000.00000000 768.52813742 848.52813742
v -3500.00000000 768.52813742 848.52813742
v -6000.00000000 791.95959493 791.95959493
v -3500.00000000 791.95959493 791.95959493
v -6000.00000000 848.52813742 848.52813742
v -5994.06156789 847.55223834 803.93236806
v -3494.06156789 -0.97589909 1155.40423064
v -3500.00000000 0.00000000 1200.00000000
v -5985.66335665 877.99191376 817.68423136
v -3485.66335665 29.46377634 1169.15609393
v -5985.66335665 891.17210861 849.50403651
v -3485.66335665 42.64397119 1200.97589909
v -5994.06156789 879.37204349 880.75217322
v -3494.06156789 30.84390607 1232.22403579
v -6005.93843211 849.50403651 893.12390679
v -3505.93843211 0.97589909 1244.59576936
v -6014.33664335 819.06436109 879.37204349
v -3514.33664335 -29.46377634 1230.84390607
v -6014.33664335 805.88416624 847.55223834
v -3514.33664335 -42.64397119 1199.02410091
v -6005.93843211 817.68423136 816.30410163
v -3505.93843211 -30.84390607 1167.77596421
v -6000.00000000 0.00000000 1200.00000000
v -6000.00000000 0.00000000 1120.00000000
v -3500.00000000 0.00000000 1120.00000000
v -3500.00000000 0.00000000 1200.00000000
v -6000.00000000 56.56854249 1143.43145751
v -3500.00000000 56.56854249 1143.43145751
v -6000.00000000 80.00000000 1200.00000000
v -3500.00000000 80.00000000 1200.00000000
v -6000.00000000 56.56854249 1256.56854249
v -3500.00000000 56.56854249 1256.56854249
v -6000.00000000 0.00000000 1280.00000000
v -3500.00000000 0.00000000 1280.00000000
v -6000.00000000 -56.56854249 1256.56854249
v -3500.00000000 -56.56854249 1256.56854249
v -6000.00000000 -80.00000000 1200.00000000
v -3500.00000000 -80.00000000 1200.00000000
v -6000.00000000 -56.56854249 1143.43145751
v -3500.00000000 -56.56854249 1143.43145751
v -6000.00000000 0.00000000 1200.00000000
v -6005.93843211 0.97589909 1155.40423064
v -3505.93843211 -847.55223834 803.93236806
v -3500.00000000 -848.52813742 848.52813742
v -5994.06156789 30.84390607 1167.77596421
v -3494.06156789 -817.68423136 816.30410163
v -5985.66335665 42.64397119 1199.02410091
v -3485.66335665 -805.88416624 847.55223834
v -5985.66335665 29.46377634 1230.84390607
v -3485.66335665 -819.06436109 879.37204349
v -5994.06156789 -0.97589909 1244.59576936
v -3494.06156789 -849.50403651 893.12390679
v -6005.93843211 -30.84390607 1232.22403579
v -3505.93843211 -879.37204349 880.75217322
v -6014.33664335 -42.64397119 1200.97589909
v -3514.33664335 -891.17210861 849.50403651
v -6014.33664335 -29.46377634 1169.15609393
v -3514.33664335 -877.99191376 817.68423136
v -6000.00000000 -848.52813742 848.52813742
v -6000.00000000 -848.52813742 768.52813742
v -3500.00000000 -848.52813742 768.52813742
v -3500.00000000 -848.52813742 848.52813742
v -6000.00000000 -791.95959493 791.95959493
v -3500.00000000 -791.95959493 791.95959493
v -6000.00000000 -768.52813742 848.52813742
v -3500.00000000 -768.52813742 848.52813742
v -6000.00000000 -791.95959493 905.09667992
v -3500.00000000 -791.95959493 905.09667992
v -6000.00000000 -848.52813742 928.52813742
v -3500.00000000 -848.52813742 928.52813742
v -6000.00000000 -905.09667992 905.09667992
v -3500.00000000 -905.09667992 905.09667992
v -6000.00000000 -928.52813742 848.52813742
v -3500.00000000 -928.52813742 848.52813742
v -6000.00000000 -905.09667992 791.95959493
v -3500.00000000 -905.09667992 791.95959493
v -6000.00000000 -848.52813742 848.52813742
v -6014.33664335 -847.55223834 805.88416624
v -3514.33664335 -1199.02410091 -42.64397119
v -3500.00000000 -1200.00000000 0.00000000
v -6005.93843211 -816.30410163 817.68423136
v -3505.93843211 -1167.77596421 -30.84390607
v -5994.06156789 -803.93236806 847.55223834
v -3494.06156789 -1155.40423064 -0.97589909
v -5985.66335665 -817.68423136 877.99191376
v -3485.66335665 -1169.15609393 29.46377634
v -5985.66335665 -849.50403651 891.17210861
v -3485.66335665 -1200.97589909 42.64397119
v -5994.06156789 -880.75217322 879.37204349
v -3494.06156789 -1232.22403579 30.84390607
v -6005.93843211 -893.12390679 849.50403651
v -3505.93843211 -1244.59576936 0.97589909
v -6014.33664335 -879.37204349 819.06436109
v -3514.33664335 -1230.84390607 -29.46377634
v -6000.00000000 -1200.00000000 0.00000000
v -6000.00000000 -1200.00000000 -80.00000000
v -3500.00000000 -1200.00000000 -80.00000000
v -3500.00000000 -1200.00000000 0.00000000
v -6000.00000000 -1143.43145751 -56.56854249
v -3500.00000000 -1143.43145751 -56.56854249
v -6000.00000000 -1120.00000000 0.00000000
v -3500.00000000 -1120.00000000 0.00000000
v -6000.00000000 -1143.43145751 56.56854249
v -3500.00000000 -1143.43145751 56.56854249
v -6000.00000000 -1200.00000000 80.00000000
v -3500.00000000 -1200.00000000 80.00000000
v -6000.00000000 -1256.56854249 56.56854249
v -3500.00000000 -1256.56854249 56.56854249
v -6000.00000000 -1280.00000000 0.00000000
v -3500.00000000 -1280.00000000 0.00000000
v -6000.00000000 -1256.56854249 -56.56854249
v -3500.00000000 -1256.56854249 -56.56854249
v -6000.00000000 -1200.00000000 0.00000000
v -6014.33664335 -1200.97589909 -42.64397119
v -3514.33664335 -849.50403651 -891.17210861
v -3500.00000000 -848.52813742 -848.52813742
v -6014.33664335 -1169.15609393 -29.46377634
v -3514.33664335 -817.68423136 -877.99191376
v -6005.93843211 -1155.40423064 0.97589909
v -3505.93843211 -803.93236806 -847.55223834
v -5994.06156789 -1167.77596421 30.84390607
v -3494.06156789 -816.30410163 -817.68423136
v -5985.66335665 -1199.02410091 42.64397119
v -3485.66335665 -847.55223834 -805.88416624
v -5985.66335665 -1230.84390607 29.46377634
v -3485.66335665 -879.37204349 -819.06436109
v -5994.06156789 -1244.59576936 -0.97589909
v -3494.06156789 -893.12390679 -849.50403651
v -6005.93843211 -1232.22403579 -30.84390607
v -3505.93843211 -880.75217322 -879.37204349
v -6000.00000000 -848.52813742 -848.52813742
v -6000.00000000 -848.52813742 -928.52813742
v -3500.00000000 -848.52813742 -928.52813742
v -3500.00000000 -848.52813742 -848.52813742
v -6000.00000000 -791.95959493 -905.09667992
v -3500.00000000 -791.95959493 -905.09667992
v -6000.00000000 -768.52813742 -848.52813742
v -3500.00000000 -768.52813742 -848.52813742
v -6000.00000000 -791.95959493 -791.95959493
v -3500.00000000 -791.95959493 -791.95959493
v -6000.00000000 -848.52813742 -768.52813742
v -3500.00000000 -848.52813742 -768.52813742
v -6000.00000000 -905.09667992 -791.95959493
v -3500.00000000 -905.09667992 -791.95959493
v -6000.00000000 -928.52813742 -848.52813742
v -3500.00000000 -928.52813742 -848.52813742
v -6000.00000000 -905.09667992 -905.09667992
v -3500.00000000 -905.09667992 -905.09667992
v -6000.00000000 -848.52813742 -848.52813742
v -6005.93843211 -849.50403651 -893.12390679
v -3505.93843211 -0.97589909 -1244.59576936
v -3500.00000000 -0.00000000 -1200.00000000
v -6014.33664335 -819.06436109 -879.37204349
v -3514.33664335 29.46377634 -1230.84390607
v -6014.33664335 -805.88416624 -847.55223834
v -3514.33664335 42.64397119 -1199.02410091
v -6005.93843211 -817.68423136 -816.30410163
v -3505.93843211 30.84390607 -1167.77596421
v -5994.06156789 -847.55223834 -803.93236806
v -3494.06156789 0.97589909 -1155.40423064
v -5985.66335665 -877.99191376 -817.68423136
v -3485.66335665 -29.46377634 -1169.15609393
v -5985.66335665 -891.17210861 -849.50403651
v -3485.66335665 -42.64397119 -1200.97589909
v -5994.06156789 -879.37204349 -880.75217322
v -3494.06156789 -30.84390607 -1232.22403579
v -6000.00000000 -0.00000000 -1200.00000000
v -6000.00000000 -0.00000000 -1280.00000000
v -3500.00000000 -0.00000000 -1280.00000000
v -3500.00000000 -0.00000000 -1200.00000000
v -6000.00000000 56.56854249 -1256.56854249
v -3500.00000000 56.56854249 -1256.56854249
v -6000.00000000 80.00000000 -1200.00000000
v -3500.00000000 80.00000000 -1200.00000000
v -6000.00000000 56.56854249 -1143.43145751
v -3500.00000000 56.56854249 -1143.43145751
v -6000.00000000 -0.00000000 -1120.00000000
v -3500.00000000 -0.00000000 -1120.00000000
v -6000.00000000 -56.56854249 -1143.43145751
v -3500.00000000 -56.56854249 -1143.43145751
v -6000.00000000 -80.00000000 -1200.00000000
v -3500.00000000 -80.00000000 -1200.00000000
v -6000.00000000 -56.56854249 -1256.56854249
v -3500.00000000 -56.56854249 -1256.56854249
v -6000.00000000 -0.00000000 -1200.00000000
v -5994.06156789 0.97589909 -1244.59576936
v -3494.06156789 849.50403651 -893.12390679
v -3500.00000000 848.52813742 -848.52813742
v -6005.93843211 30.84390607 -1232.22403579
v -3505.93843211 879.37204349 -880.75217322
v -6014.33664335 42.64397119 -1200.97589909
v -3514.33664335 891.17210861 -849.50403651
v -6014.33664335 29.46377634 -1169.15609393
v -3514.33664335 877.99191376 -817.68423136
v -6005.93843211 -0.97589909 -1155.40423064
v -3505.93843211 847.55223834 -803.93236806
v -5994.06156789 -30.84390607 -1167.77596421
v -3494.06156789 817.68423136 -816.30410163
v -5985.66335665 -42.64397119 -1199.02410091
v -3485.66335665 805.88416624 -847.55223834
v -5985.66335665 -29.46377634 -1230.84390607
v -3485.66335665 819.06436109 -879.37204349
v -6000.00000000 848.52813742 -848.52813742
v -6000.00000000 848.52813742 -928.52813742
v -3500.00000000 848.52813742 -928.52813742
v -3500.00000000 848.52813742 -848.52813742
v -6000.00000000 905.09667992 -905.09667992
v -3500.00000000 905.09667992 -905.09667992
v -6000.00000000 928.52813742 -848.52813742
v -3500.00000000 928.52813742 -848.52813742
v -6000.00000000 905.09667992 -791.95959493
v -3500.00000000 905.09667992 -791.95959493
v -6000.00000000 848.52813742 -768.52813742
v -3500.00000000 848.52813742 -768.52813742
v -6000.00000000 791.95959493 -791.95959493
v -3500.00000000 791.95959493 -791.95959493
v -6000.00000000 768.52813742 -848.52813742
v -3500.00000000 768.52813742 -848.52813742
v -6000.00000000 791.95959493 -905.09667992
v -3500.00000000 791.95959493 -905.09667992
v -6000.00000000 848.52813742 -848.52813742
v -5985.66335665 849.50403651 -891.17210861
v -3485.66335665 1200.97589909 -42.64397119
v -3500.00000000 1200.00000000 0.00000000
v -5994.06156789 880.75217322 -879.37204349
v -3494.06156789 1232.22403579 -30.84390607
v -6005.93843211 893.12390679 -849.50403651
v -3505.93843211 1244.59576936 -0.97589909
v -6014.33664335 879.37204349 -819.06436109
v -3514.33664335 1230.84390607 29.46377634
v -6014.33664335 847.55223834 -805.88416624
v -3514.33664335 1199.02410091 42.64397119
v -6005.93843211 816.30410163 -817.68423136
v -3505.93843211 1167.77596421 30.84390607
v -5994.06156789 803.93236806 -847.55223834
v -3494.06156789 1155.40423064 0.97589909
v -5985.66335665 817.68423136 -877.99191376
v -3485.66335665 1169.15609393 -29.46377634
v -3500.00000000 1200.00000000 0.00000000
v -3444.56722805 1178.78679656 -8.78679656
v -3444.56722805 827.31493399 839.74134086
v -3500.00000000 848.52813742 848.52813742
v -3444.56722805 1221.21320344 8.78679656
v -3444.56722805 869.74134086 857.31493399
v -3477.03899406 1251.21320344 21.21320344
v -3477.03899406 899.74134086 869.74134086
v -3522.96100594 1251.21320344 21.21320344
v -3522.96100594 899.74134086 869.74134086
v -3555.43277195 1221.21320344 8.78679656
v -3555.43277195 869.74134086 857.31493399
v -3555.43277195 1178.78679656 -8.78679656
v -3555.43277195 827.31493399 839.74134086
v -3522.96100594 1148.78679656 -21.21320344
v -3522.96100594 797.31493399 827.31493399
v -3477.03899406 1148.78679656 -21.21320344
v -3477.03899406 797.31493399 827.31493399
v -3500.00000000 848.52813742 848.52813742
v -3477.03899406 827.31493399 797.31493399
v -3477.03899406 -21.21320344 1148.78679656
v -3500.00000000 0.00000000 1200.00000000
v -3444.56722805 839.74134086 827.31493399
v -3444.56722805 -8.78679656 1178.78679656
v -3444.56722805 857.31493399 869.74134086
v -3444.56722805 8.78679656 1221.21320344
v -3477.03899406 869.74134086 899.74134086
v -3477.03899406 21.21320344 1251.21320344
v -3522.96100594 869.74134086 899.74134086
v -3522.96100594 21.21320344 1251.21320344
v -3555.43277195 857.31493399 869.74134086
v -3555.43277195 8.78679656 1221.21320344
v -3555.43277195 839.74134086 827.31493399
v -3555.43277195 -8.78679656 1178.78679656
v -3522.96100594 827.31493399 797.31493399
v -3522.96100594 -21.21320344 1148.78679656
v -3500.00000000 0.00000000 1200.00000000
v -3522.96100594 21.21320344 1148.78679656
v -3522.96100594 -827.31493399 797.31493399
v -3500.00000000 -848.52813742 848.52813742
v -3477.03899406 21.21320344 1148.78679656
v -3477.03899406 -827.31493399 797.31493399
v -3444.56722805 8.78679656 1178.78679656
v -3444.56722805 -839.74134086 827.31493399
v -3444.56722805 -8.78679656 1221.21320344
v -3444.56722805 -857.31493399 869.74134086
v -3477.03899406 -21.21320344 1251.21320344
v -3477.03899406 -869.74134086 899.74134086
v -3522.96100594 -21.21320344 1251.21320344
v -3522.96100594 -869.74134086 899.74134086
v -3555.43277195 -8.78679656 1221.21320344
v -3555.43277195 -857.31493399 869.74134086
v -3555.43277195 8.78679656 1178.78679656
v -3555.43277195 -839.74134086 827.31493399
v -3500.00000000 -848.52813742 848.52813742
v -3555.43277195 -827.31493399 839.74134086
v -3555.43277195 -1178.78679656 -8.78679656
v -3500.00000000 -1200.00000000 0.00000000
v -3522.96100594 -797.31493399 827.31493399
v -3522.96100594 -1148.78679656 -21.21320344
v -3477.03899406 -797.31493399 827.31493399
v -3477.03899406 -1148.78679656 -21.21320344
v -3444.56722805 -827.31493399 839.74134086
v -3444.56722805 -1178.78679656 -8.78679656
v -3444.56722805 -869.74134086 857.31493399
v -3444.56722805 -1221.21320344 8.78679656
v -3477.03899406 -899.74134086 869.74134086
v -3477.03899406 -1251.21320344 21.21320344
v -3522.96100594 -899.74134086 869.74134086
v -3522.96100594 -1251.21320344 21.21320344
v -3555.43277195 -869.74134086 857.31493399
v -3555.43277195 -1221.21320344 8.78679656
v -3500.00000000 -1200.00000000 0.00000000
v -3555.43277195 -1221.21320344 -8.78679656
v -3555.43277195 -869.74134086 -857.31493399
v -3500.00000000 -848.52813742 -848.52813742
v -3555.43277195 -1178.78679656 8.78679656
v -3555.43277195 -827.31493399 -839.74134086
v -3522.96100594 -1148.78679656 21.21320344
v -3522.96100594 -797.31493399 -827.31493399
v -3477.03899406 -1148.78679656 21.21320344
v -3477.03899406 -797.31493399 -827.31493399
v -3444.56722805 -1178.78679656 8.78679656
v -3444.56722805 -827.31493399 -839.74134086
v -3444.56722805 -1221.21320344 -8.78679656
v -3444.56722805 -869.74134086 -857.31493399
v -3477.03899406 -1251.21320344 -21.21320344
v -3477.03899406 -899.74134086 -869.74134086
v -3522.96100594 -1251.21320344 -21.21320344
v -3522.96100594 -899.74134086 -869.74134086
v -3500.00000000 -848.52813742 -848.52813742
v -3522.96100594 -869.74134086 -899.74134086
v -3522.96100594 -21.21320344 -1251.21320344
v -3500.00000000 -0.00000000 -1200.00000000
v -3555.43277195 -857.31493399 -869.74134086
v -3555.43277195 -8.78679656 -1221.21320344
v -3555.43277195 -839.74134086 -827.31493399
v -3555.43277195 8.78679656 -1178.78679656
v -3522.96100594 -827.31493399 -797.31493399
v -3522.96100594 21.21320344 -1148.78679656
v -3477.03899406 -827.31493399 -797.31493399
v -3477.03899406 21.21320344 -1148.78679656
v -3444.56722805 -839.74134086 -827.31493399
v -3444.56722805 8.78679656 -1178.78679656
v -3444.56722805 -857.31493399 -869.74134086
v -3444.56722805 -8.78679656 -1221.21320344
v -3477.03899406 -869.74134086 -899.74134086
v -3477.03899406 -21.21320344 -1251.21320344
v -3500.00000000 -0.00000000 -1200.00000000
v -3477.03899406 21.21320344 -1251.21320344
v -3477.03899406 869.74134086 -899.74134086
v -3500.00000000 848.52813742 -848.52813742
v -3522.96100594 21.21320344 -1251.21320344
v -3522.96100594 869.74134086 -899.74134086
v -3555.43277195 8.78679656 -1221.21320344
v -3555.43277195 857.31493399 -869.74134086
v -3555.43277195 -8.78679656 -1178.78679656
v -3555.43277195 839.74134086 -827.31493399
v -3522.96100594 -21.21320344 -1148.78679656
v -3522.96100594 827.31493399 -797.31493399
v -3477.03899406 -21.21320344 -1148.78679656
v -3477.03899406 827.31493399 -797.31493399
v -3444.56722805 -8.78679656 -1178.78679656
v -3444.56722805 839.74134086 -827.31493399
v -3444.56722805 8.78679656 -1221.21320344
v -3444.56722805 857.31493399 -869.74134086
v -3500.00000000 848.52813742 -848.52813742
v -3444.56722805 869.74134086 -857.31493399
v -3444.56722805 1221.21320344 -8.78679656
v -3500.00000000 1200.00000000 0.00000000
v -3477.03899406 899.74134086 -869.74134086
v -3477.03899406 1251.21320344 -21.21320344
v -3522.96100594 899.74134086 -869.74134086
v -3522.96100594 1251.21320344 -21.21320344
v -3555.43277195 869.74134086 -857.31493399
v -3555.43277195 1221.21320344 -8.78679656
v -3555.43277195 827.31493399 -839.74134086
v -3555.43277195 1178.78679656 8.78679656
v -3522.96100594 797.31493399 -827.31493399
v -3522.96100594 1148.78679656 21.21320344
v -3477.03899406 797.31493399 -827.31493399
v -3477.03899406 1148.78679656 21.21320344
v -3444.56722805 827.31493399 -839.74134086
v -3444.56722805 1178.78679656 8.78679656
v -3500.00000000 1200.00000000 0.00000000
v -3500.00000000 1200.00000000 -80.00000000
v -2500.00000000 1200.00000000 -80.00000000
v -2500.00000000 1200.00000000 0.00000000
v -3500.00000000 1256.56854249 -56.56854249
v -2500.00000000 1256.56854249 -56.56854249
v -3500.00000000 1280.00000000 -0.00000000
v -2500.00000000 1280.00000000 -0.00000000
v -3500.00000000 1256.56854249 56.56854249
v -2500.00000000 1256.56854249 56.56854249
v -3500.00000000 1200.00000000 80.00000000
v -2500.00000000 1200.00000000 80.00000000
v -3500.00000000 1143.43145751 56.56854249
v -2500.00000000 1143.43145751 56.56854249
v -3500.00000000 1120.00000000 0.00000000
v -2500.00000000 1120.00000000 0.00000000
v -3500.00000000 1143.43145751 -56.56854249
v -2500.00000000 1143.43145751 -56.56854249
v -3500.00000000 1200.00000000 -0.00000000
v -3528.12246380 1204.19220933 -34.87911138
v -2528.12246380 852.72034675 -883.40724881
v -2500.00000000 848.52813742 -848.52813742
v -3511.64870591 1233.55627511 -27.62759583
v -2511.64870591 882.08441254 -876.15573325
v -3488.35129409 1243.26353004 -4.19220933
v -2488.35129409 891.79166746 -852.72034675
v -3471.87753620 1227.62759583 21.69891654
v -2471.87753620 876.15573325 -826.82922089
v -3471.87753620 1195.80779067 34.87911138
v -2471.87753620 844.33592810 -813.64902604
v -3488.35129409 1166.44372489 27.62759583
v -2488.35129409 814.97186231 -820.90054160
v -3511.64870591 1156.73646996 4.19220933
v -2511.64870591 805.26460738 -844.33592810
v -3528.12246380 1172.37240417 -21.69891654
v -2528.12246380 820.90054160 -870.22705396
v -3500.00000000 848.52813742 848.52813742
v -3500.00000000 848.52813742 768.52813742
v -2500.00000000 848.52813742 768.52813742
v -2500.00000000 848.52813742 848.52813742
v -3500.00000000 905.09667992 791.95959493
v -2500.00000000 905.09667992 791.95959493
v -3500.00000000 928.52813742 848.52813742
v -2500.00000000 928.52813742 848.52813742
v -3500.00000000 905.09667992 905.09667992
v -2500.00000000 905.09667992 905.09667992
v -3500.00000000 848.52813742 928.52813742
v -2500.00000000 848.52813742 928.52813742
v -3500.00000000 791.95959493 905.09667992
v -2500.00000000 791.95959493 905.09667992
v -3500.00000000 768.52813742 848.52813742
v -2500.00000000 768.52813742 848.52813742
v -3500.00000000 791.95959493 791.95959493
v -2500.00000000 791.95959493 791.95959493
v -3500.00000000 848.52813742 848.52813742
v -3528.12246380 844.33592810 813.64902604
v -2528.12246380 1195.80779067 -34.87911138
v -2500.00000000 1200.00000000 0.00000000
v -3528.12246380 876.15573325 826.82922089
v -2528.12246380 1227.62759583 -21.69891654
v -3511.64870591 891.79166746 852.72034675
v -2511.64870591 1243.26353004 4.19220933
v -3488.35129409 882.08441254 876.15573325
v -2488.35129409 1233.55627511 27.62759583
v -3471.87753620 852.72034675 883.40724881
v -2471.87753620 1204.19220933 34.87911138
v -3471.87753620 820.90054160 870.22705396
v -2471.87753620 1172.37240417 21.69891654
v -3488.35129409 805.26460738 844.33592810
v -2488.35129409 1156.73646996 -4.19220933
v -3511.64870591 814.97186231 820.90054160
v -2511.64870591 1166.44372489 -27.62759583
v -3500.00000000 0.00000000 1200.00000000
v -3500.00000000 0.00000000 1120.00000000
v -2500.00000000 0.00000000 1120.00000000
v -2500.00000000 0.00000000 1200.00000000
v -3500.00000000 56.56854249 1143.43145751
v -2500.00000000 56.56854249 1143.43145751
v -3500.00000000 80.00000000 1200.00000000
v -2500.00000000 80.00000000 1200.00000000
v -3500.00000000 56.56854249 1256.56854249
v -2500.00000000 56.56854249 1256.56854249
v -3500.00000000 0.00000000 1280.00000000
v -2500.00000000 0.00000000 1280.00000000
v -3500.00000000 -56.56854249 1256.56854249
v -2500.00000000 -56.56854249 1256.56854249
v -3500.00000000 -80.00000000 1200.00000000
v -2500.00000000 -80.00000000 1200.00000000
v -3500.00000000 -56.56854249 1143.43145751
v -2500.00000000 -56.56854249 1143.43145751
v -3500.00000000 0.00000000 1200.00000000
v -3511.64870591 -4.19220933 1156.73646996
v -2511.64870591 844.33592810 805.26460738
v -2500.00000000 848.52813742 848.52813742
v -3528.12246380 21.69891654 1172.37240417
v -2528.12246380 870.22705396 820.90054160
v -3528.12246380 34.87911138 1204.19220933
v -2528.12246380 883.40724881 852.72034675
v -3511.64870591 27.62759583 1233.55627511
v -2511.64870591 876.15573325 882.08441254
v -3488.35129409 4.19220933 1243.26353004
v -2488.35129409 852.72034675 891.79166746
v -3471.87753620 -21.69891654 1227.62759583
v -2471.87753620 826.82922089 876.15573325
v -3471.87753620 -34.87911138 1195.80779067
v -2471.87753620 813.64902604 844.33592810
v -3488.35129409 -27.62759583 1166.44372489
v -2488.35129409 820.90054160 814.97186231
v -3500.00000000 -848.52813742 848.52813742
v -3500.00000000 -848.52813742 768.52813742
v -2500.00000000 -848.52813742 768.52813742
v -2500.00000000 -848.52813742 848.52813742
v -3500.00000000 -791.95959493 791.95959493
v -2500.00000000 -791.95959493 791.95959493
v -3500.00000000 -768.52813742 848.52813742
v -2500.00000000 -768.52813742 848.52813742
v -3500.00000000 -791.95959493 905.09667992
v -2500.00000000 -791.95959493 905.09667992
v -3500.00000000 -848.52813742 928.52813742
v -2500.00000000 -848.52813742 928.52813742
v -3500.00000000 -905.09667992 905.09667992
v -2500.00000000 -905.09667992 905.09667992
v -3500.00000000 -928.52813742 848.52813742
v -2500.00000000 -928.52813742 848.52813742
v -3500.00000000 -905.09667992 791.95959493
v -2500.00000000 -905.09667992 791.95959493
v -3500.00000000 -848.52813742 848.52813742
v -3488.35129409 -844.33592810 805.26460738
v -2488.35129409 4.19220933 1156.73646996
v -2500.00000000 0.00000000 1200.00000000
v -3511.64870591 -820.90054160 814.97186231
v -2511.64870591 27.62759583 1166.44372489
v -3528.12246380 -813.64902604 844.33592810
v -2528.12246380 34.87911138 1195.80779067
v -3528.12246380 -826.82922089 876.15573325
v -2528.12246380 21.69891654 1227.62759583
v -3511.64870591 -852.72034675 891.79166746
v -2511.64870591 -4.19220933 1243.26353004
v -3488.35129409 -876.15573325 882.08441254
v -2488.35129409 -27.62759583 1233.55627511
v -3471.87753620 -883.40724881 852.72034675
v -2471.87753620 -34.87911138 1204.19220933
v -3471.87753620 -870.22705396 820.90054160
v -2471.87753620 -21.69891654 1172.37240417
v -3500.00000000 -1200.00000000 0.00000000
v -3500.00000000 -1200.00000000 -80.00000000
v -2500.00000000 -1200.00000000 -80.00000000
v -2500.00000000 -1200.00000000 0.00000000
v -3500.00000000 -1143.43145751 -56.56854249
v -2500.00000000 -1143.43145751 -56.56854249
v -3500.00000000 -1120.00000000 0.00000000
v -2500.00000000 -1120.00000000 0.00000000
v -3500.00000000 -1143.43145751 56.56854249
v -2500.00000000 -1143.43145751 56.56854249
v -3500.00000000 -1200.00000000 80.00000000
v -2500.00000000 -1200.00000000 80.00000000
v -3500.00000000 -1256.56854249 56.56854249
v -2500.00000000 -1256.56854249 56.56854249
v -3500.00000000 -1280.00000000 0.00000000
v -2500.00000000 -1280.00000000 0.00000000
v -3500.00000000 -1256.56854249 -56.56854249
v -2500.00000000 -1256.56854249 -56.56854249
v -3500.00000000 -1200.00000000 0.00000000
v -3471.87753620 -1195.80779067 -34.87911138
v -2471.87753620 -844.33592810 813.64902604
v -2500.00000000 -848.52813742 848.52813742
v -3488.35129409 -1166.44372489 -27.62759583
v -2488.35129409 -814.97186231 820.90054160
v -3511.64870591 -1156.73646996 -4.19220933
v -2511.64870591 -805.26460738 844.33592810
v -3528.12246380 -1172.37240417 21.69891654
v -2528.12246380 -820.90054160 870.22705396
v -3528.12246380 -1204.19220933 34.87911138
v -2528.12246380 -852.72034675 883.40724881
v -3511.64870591 -1233.55627511 27.62759583
v -2511.64870591 -882.08441254 876.15573325
v -3488.35129409 -1243.26353004 4.19220933
v -2488.35129409 -891.79166746 852.72034675
v -3471.87753620 -1227.62759583 -21.69891654
v -2471.87753620 -876.15573325 826.82922089
v -3500.00000000 -848.52813742 -848.52813742
v -3500.00000000 -848.52813742 -928.52813742
v -2500.00000000 -848.52813742 -928.52813742
v -2500.00000000 -848.52813742 -848.52813742
v -3500.00000000 -791.95959493 -905.09667992
v -2500.00000000 -791.95959493 -905.09667992
v -3500.00000000 -768.52813742 -848.52813742
v -2500.00000000 -768.52813742 -848.52813742
v -3500.00000000 -791.95959493 -791.95959493
v -2500.00000000 -791.95959493 -791.95959493
v -3500.00000000 -848.52813742 -768.52813742
v -2500.00000000 -848.52813742 -768.52813742
v -3500.00000000 -905.09667992 -791.95959493
v -2500.00000000 -905.09667992 -791.95959493
v -3500.00000000 -928.52813742 -848.52813742
v -2500.00000000 -928.52813742 -848.52813742
v -3500.00000000 -905.09667992 -905.09667992
v -2500.00000000 -905.09667992 -905.09667992
v -3500.00000000 -848.52813742 -848.52813742
v -3471.87753620 -852.72034675 -883.40724881
v -2471.87753620 -1204.19220933 -34.87911138
v -2500.00000000 -1200.00000000 0.00000000
v -3471.87753620 -820.90054160 -870.22705396
v -2471.87753620 -1172.37240417 -21.69891654
v -3488.35129409 -805.26460738 -844.33592810
v -2488.35129409 -1156.73646996 4.19220933
v -3511.64870591 -814.97186231 -820.90054160
v -2511.64870591 -1166.44372489 27.62759583
v -3528.12246380 -844.33592810 -813.64902604
v -2528.12246380 -1195.80779067 34.87911138
v -3528.12246380 -876.15573325 -826.82922089
v -2528.12246380 -1227.62759583 21.69891654
v -3511.64870591 -891.79166746 -852.72034675
v -2511.64870591 -1243.26353004 -4.19220933
v -3488.35129409 -882.08441254 -876.15573325
v -2488.35129409 -1233.55627511 -27.62759583
v -3500.00000000 -0.00000000 -1200.00000000
v -3500.00000000 -0.00000000 -1280.00000000
v -2500.00000000 -0.00000000 -1280.00000000
v -2500.00000000 -0.00000000 -1200.00000000
v -3500.00000000 56.56854249 -1256.56854249
v -2500.00000000 56.56854249 -1256.56854249
v -3500.00000000 80.00000000 -1200.00000000
v -2500.00000000 80.00000000 -1200.00000000
v -3500.00000000 56.56854249 -1143.43145751
v -2500.00000000 56.56854249 -1143.43145751
v -3500.00000000 -0.00000000 -1120.00000000
v -2500.00000000 -0.00000000 -1120.00000000
v -3500.00000000 -56.56854249 -1143.43145751
v -2500.00000000 -56.56854249 -1143.43145751
v -3500.00000000 -80.00000000 -1200.00000000
v -2500.00000000 -80.00000000 -1200.00000000
v -3500.00000000 -56.56854249 -1256.56854249
v -2500.00000000 -56.56854249 -1256.56854249
v -3500.00000000 -0.00000000 -1200.00000000
v -3488.35129409 -4.19220933 -1243.26353004
v -2488.35129409 -852.72034675 -891.79166746
v -2500.00000000 -848.52813742 -848.52813742
v -3471.87753620 21.69891654 -1227.62759583
v -2471.87753620 -826.82922089 -876.15573325
v -3471.87753620 34.87911138 -1195.80779067
v -2471.87753620 -813.64902604 -844.33592810
v -3488.35129409 27.62759583 -1166.44372489
v -2488.35129409 -820.90054160 -814.97186231
v -3511.64870591 4.19220933 -1156.73646996
v -2511.64870591 -844.33592810 -805.26460738
v -3528.12246380 -21.69891654 -1172.37240417
v -2528.12246380 -870.22705396 -820.90054160
v -3528.12246380 -34.87911138 -1204.19220933
v -2528.12246380 -883.40724881 -852.72034675
v -3511.64870591 -27.62759583 -1233.55627511
v -2511.64870591 -876.15573325 -882.08441254
v -3500.00000000 848.52813742 -848.52813742
v -3500.00000000 848.52813742 -928.52813742
v -2500.00000000 848.52813742 -928.52813742
v -2500.00000000 848.52813742 -848.52813742
v -3500.00000000 905.09667992 -905.09667992
v -2500.00000000 905.09667992 -905.09667992
v -3500.00000000 928.52813742 -848.52813742
v -2500.00000000 928.52813742 -848.52813742
v -3500.00000000 905.09667992 -791.95959493
v -2500.00000000 905.09667992 -791.95959493
v -3500.00000000 848.52813742 -768.52813742
v -2500.00000000 848.52813742 -768.52813742
v -3500.00000000 791.95959493 -791.95959493
v -2500.00000000 791.95959493 -791.95959493
v -3500.00000000 768.52813742 -848.52813742
v -2500.00000000 768.52813742 -848.52813742
v -3500.00000000 791.95959493 -905.09667992
v -2500.00000000 791.95959493 -905.09667992
v -3500.00000000 848.52813742 -848.52813742
v -3511.64870591 852.72034675 -891.79166746
v -2511.64870591 4.19220933 -1243.26353004
v -2500.00000000 -0.00000000 -1200.00000000
v -3488.35129409 876.15573325 -882.08441254
v -2488.35129409 27.62759583 -1233.55627511
v -3471.87753620 883.40724881 -852.72034675
v -2471.87753620 34.87911138 -1204.19220933
v -3471.87753620 870.22705396 -820.90054160
v -2471.87753620 21.69891654 -1172.37240417
v -3488.35129409 844.33592810 -805.26460738
v -2488.35129409 -4.19220933 -1156.73646996
v -3511.64870591 820.90054160 -814.97186231
v -2511.64870591 -27.62759583 -1166.44372489
v -3528.12246380 813.64902604 -844.33592810
v -2528.12246380 -34.87911138 -1195.80779067
v -3528.12246380 826.82922089 -876.15573325
v -2528.12246380 -21.69891654 -1227.62759583
v -2500.00000000 1200.00000000 0.00000000
v -2444.56722805 1178.78679656 -8.78679656
v -2444.56722805 827.31493399 839.74134086
v -2500.00000000 848.52813742 848.52813742
v -2444.56722805 1221.21320344 8.78679656
v -2444.56722805 869.74134086 857.31493399
v -2477.03899406 1251.21320344 21.21320344
v -2477.03899406 899.74134086 869.74134086
v -2522.96100594 1251.21320344 21.21320344
v -2522.96100594 899.74134086 869.74134086
v -2555.43277195 1221.21320344 8.78679656
v -2555.43277195 869.74134086 857.31493399
v -2555.43277195 1178.78679656 -8.78679656
v -2555.43277195 827.31493399 839.74134086
v -2522.96100594 1148.78679656 -21.21320344
v -2522.96100594 797.31493399 827.31493399
v -2477.03899406 1148.78679656 -21.21320344
v -2477.03899406 797.31493399 827.31493399
v -2500.00000000 848.52813742 848.52813742
v -2477.03899406 827.31493399 797.31493399
v -2477.03899406 -21.21320344 1148.78679656
v -2500.00000000 0.00000000 1200.00000000
v -2444.56722805 839.74134086 827.31493399
v -2444.56722805 -8.78679656 1178.78679656
v -2444.56722805 857.31493399 869.74134086
v -2444.56722805 8.78679656 1221.21320344
v -2477.03899406 869.74134086 899.74134086
v -2477.03899406 21.21320344 1251.21320344
v -2522.96100594 869.74134086 899.74134086
v -2522.96100594 21.21320344 1251.21320344
v -2555.43277195 857.31493399 869.74134086
v -2555.43277195 8.78679656 1221.21320344
v -2555.43277195 839.74134086 827.31493399
v -2555.43277195 -8.78679656 1178.78679656
v -2522.96100594 827.31493399 797.31493399
v -2522.96100594 -21.21320344 1148.78679656
v -2500.00000000 0.00000000 1200.00000000
v -2522.96100594 21.21320344 1148.78679656
v -2522.96100594 -827.31493399 797.31493399
v -2500.00000000 -848.52813742 848.52813742
v -2477.03899406 21.21320344 1148.78679656
v -2477.03899406 -827.31493399 797.31493399
v -2444.56722805 8.78679656 1178.78679656
v -2444.56722805 -839.74134086 827.31493399
v -2444.56722805 -8.78679656 1221.21320344
v -2444.56722805 -857.31493399 869.74134086
v -2477.03899406 -21.21320344 1251.21320344
v -2477.03899406 -869.74134086 899.74134086
v -2522.96100594 -21.21320344 1251.21320344
v -2522.96100594 -869.74134086 899.74134086
v -2555.43277195 -8.78679656 1221.21320344
v -2555.43277195 -857.31493399 869.74134086
v -2555.43277195 8.78679656 1178.78679656
v -2555.43277195 -839.74134086 827.31493399
v -2500.00000000 -848.52813742 848.52813742
v -2555.43277195 -827.31493399 839.74134086
v -2555.43277195 -1178.78679656 -8.78679656
v -2500.00000000 -1200.00000000 0.00000000
v -2522.96100594 -797.31493399 827.31493399
v -2522.96100594 -1148.78679656 -21.21320344
v -2477.03899406 -797.31493399 827.31493399
v -2477.03899406 -1148.78679656 -21.21320344
v -2444.56722805 -827.31493399 839.74134086
v -2444.56722805 -1178.78679656 -8.78679656
v -2444.56722805 -869.74134086 857.31493399
v -2444.56722805 -1221.21320344 8.78679656
v -2477.03899406 -899.74134086 869.74134086
v -2477.03899406 -1251.21320344 21.21320344
v -2522.96100594 -899.74134086 869.74134086
v -2522.96100594 -1251.21320344 21.21320344
v -2555.43277195 -869.74134086 857.31493399
v -2555.43277195 -1221.21320344 8.78679656
v -2500.00000000 -1200.00000000 0.00000000
v -2555.43277195 -1221.21320344 -8.78679656
v -2555.43277195 -869.74134086 -857.31493399
v -2500.00000000 -848.52813742 -848.52813742
v -2555.43277195 -1178.78679656 8.78679656
v -2555.43277195 -827.31493399 -839.74134086
v -2522.96100594 -1148.78679656 21.21320344
v -2522.96100594 -797.31493399 -827.31493399
v -2477.03899406 -1148.78679656 21.21320344
v -2477.03899406 -797.31493399 -827.31493399
v -2444.56722805 -1178.78679656 8.78679656
v -2444.56722805 -827.31493399 -839.74134086
v -2444.56722805 -1221.21320344 -8.78679656
v -2444.56722805 -869.74134086 -857.31493399
v -2477.03899406 -1251.21320344 -21.21320344
v -2477.03899406 -899.74134086 -869.74134086
v -2522.96100594 -1251.21320344 -21.21320344
v -2522.96100594 -899.74134086 -869.74134086
v -2500.00000000 -848.52813742 -848.52813742
v -2522.96100594 -869.74134086 -899.74134086
v -2522.96100594 -21.21320344 -1251.21320344
v -2500.00000000 -0.00000000 -1200.00000000
v -2555.43277195 -857.31493399 -869.74134086
v -2555.43277195 -8.78679656 -1221.21320344
v -2555.43277195 -839.74134086 -827.31493399
v -2555.43277195 8.78679656 -1178.78679656
v -2522.96100594 -827.31493399 -797.31493399
v -2522.96100594 21.21320344 -1148.78679656
v -2477.03899406 -827.31493399 -797.31493399
v -2477.03899406 21.21320344 -1148.78679656
v -2444.56722805 -839.74134086 -827.31493399
v -2444.56722805 8.78679656 -1178.78679656
v -2444.56722805 -857.31493399 -869.74134086
v -2444.56722805 -8.78679656 -1221.21320344
v -2477.03899406 -869.74134086 -899.74134086
v -2477.03899406 -21.21320344 -1251.21320344
v -2500.00000000 -0.00000000 -1200.00000000
v -2477.03899406 21.21320344 -1251.21320344
v -2477.03899406 869.74134086 -899.74134086
v -2500.00000000 848.52813742 -848.52813742
v -2522.96100594 21.21320344 -1251.21320344
v -2522.96100594 869.74134086 -899.74134086
v -2555.43277195 8.78679656 -1221.21320344
v -2555.43277195 857.31493399 -869.74134086
v -2555.43277195 -8.78679656 -1178.78679656
v -2555.43277195 839.74134086 -827.31493399
v -2522.96100594 -21.21320344 -1148.78679656
v -2522.96100594 827.31493399 -797.31493399
v -2477.03899406 -21.21320344 -1148.78679656
v -2477.03899406 827.31493399 -797.31493399
v -2444.56722805 -8.78679656 -1178.78679656
v -2444.56722805 839.74134086 -827.31493399
v -2444.56722805 8.78679656 -1221.21320344
v -2444.56722805 857.31493399 -869.74134086
v -2500.00000000 848.52813742 -848.52813742
v -2444.56722805 869.74134086 -857.31493399
v -2444.56722805 1221.21320344 -8.78679656
v -2500.00000000 1200.00000000 0.00000000
v -2477.03899406 899.74134086 -869.74134086
v -2477.03899406 1251.21320344 -21.21320344
v -2522.96100594 899.74134086 -869.74134086
v -2522.96100594 1251.21320344 -21.21320344
v -2555.43277195 869.74134086 -857.31493399
v -2555.43277195 1221.21320344 -8.78679656
v -2555.43277195 827.31493399 -839.74134086
v -2555.43277195 1178.78679656 8.78679656
v -2522.96100594 797.31493399 -827.31493399
v -2522.96100594 1148.78679656 21.21320344
v -2477.03899406 797.31493399 -827.31493399
v -2477.03899406 1148.78679656 21.21320344
v -2444.56722805 827.31493399 -839.74134086
v -2444.56722805 1178.78679656 8.78679656
v -2500.00000000 1200.00000000 0.00000000
v -2500.00000000 1200.00000000 -80.00000000
v -1000.00000000 1200.00000000 -80.00000000
v -1000.00000000 1200.00000000 0.00000000
v -2500.00000000 1256.56854249 -56.56854249
v -1000.00000000 1256.56854249 -56.56854249
v -2500.00000000 1280.00000000 -0.00000000
v -1000.00000000 1280.00000000 -0.00000000
v -2500.00000000 1256.56854249 56.56854249
v -1000.00000000 1256.56854249 56.56854249
v -2500.00000000 1200.00000000 80.00000000
v -1000.00000000 1200.00000000 80.00000000
v -2500.00000000 1143.43145751 56.56854249
v -1000.00000000 1143.43145751 56.56854249
v -2500.00000000 1120.00000000 0.00000000
v -1000.00000000 1120.00000000 0.00000000
v -2500.00000000 1143.43145751 -56.56854249
v -1000.00000000 1143.43145751 -56.56854249
v -2500.00000000 1200.00000000 0.00000000
v -2478.29041995 1197.65858496 -39.34732405
v -978.29041995 846.18672238 809.18081338
v -1000.00000000 848.52813742 848.52813742
v -2478.29041995 1229.47839011 -26.16712920
v -978.29041995 878.00652753 822.36100822
v -2491.00759751 1244.03015413 2.34141504
v -991.00759751 892.55829156 850.86955247
v -2508.99240249 1232.78965102 29.47839011
v -1008.99240249 881.31778844 878.00652753
v -2521.70958005 1202.34141504 39.34732405
v -1021.70958005 850.86955247 887.87546147
v -2521.70958005 1170.52160989 26.16712920
v -1021.70958005 819.04974731 874.69526662
v -2508.99240249 1155.96984587 -2.34141504
v -1008.99240249 804.49798329 846.18672238
v -2491.00759751 1167.21034898 -29.47839011
v -991.00759751 815.73848640 819.04974731
v -2500.00000000 848.52813742 848.52813742
v -2500.00000000 848.52813742 768.52813742
v -1000.00000000 848.52813742 768.52813742
v -1000.00000000 848.52813742 848.52813742
v -2500.00000000 905.09667992 791.95959493
v -1000.00000000 905.09667992 791.95959493
v -2500.00000000 928.52813742 848.52813742
v -1000.00000000 928.52813742 848.52813742
v -2500.00000000 905.09667992 905.09667992
v -1000.00000000 905.09667992 905.09667992
v -2500.00000000 848.52813742 928.52813742
v -1000.00000000 848.52813742 928.52813742
v -2500.00000000 791.95959493 905.09667992
v -1000.00000000 791.95959493 905.09667992
v -2500.00000000 768.52813742 848.52813742
v -1000.00000000 768.52813742 848.52813742
v -2500.00000000 791.95959493 791.95959493
v -1000.00000000 791.95959493 791.95959493
v -2500.00000000 848.52813742 848.52813742
v -2491.00759751 846.18672238 804.49798329
v -991.00759751 -2.34141504 1155.96984587
v -1000.00000000 0.00000000 1200.00000000
v -2478.29041995 874.69526662 819.04974731
v -978.29041995 26.16712920 1170.52160989
v -2478.29041995 887.87546147 850.86955247
v -978.29041995 39.34732405 1202.34141504
v -2491.00759751 878.00652753 881.31778844
v -991.00759751 29.47839011 1232.78965102
v -2508.99240249 850.86955247 892.55829156
v -1008.99240249 2.34141504 1244.03015413
v -2521.70958005 822.36100822 878.00652753
v -1021.70958005 -26.16712920 1229.47839011
v -2521.70958005 809.18081338 846.18672238
v -1021.70958005 -39.34732405 1197.65858496
v -2508.99240249 819.04974731 815.73848640
v -1008.99240249 -29.47839011 1167.21034898
v -2500.00000000 0.00000000 1200.00000000
v -2500.00000000 0.00000000 1120.00000000
v -1000.00000000 0.00000000 1120.00000000
v -1000.00000000 0.00000000 1200.00000000
v -2500.00000000 56.56854249 1143.43145751
v -1000.00000000 56.56854249 1143.43145751
v -2500.00000000 80.00000000 1200.00000000
v -1000.00000000 80.00000000 1200.00000000
v -2500.00000000 56.56854249 1256.56854249
v -1000.00000000 56.56854249 1256.56854249
v -2500.00000000 0.00000000 1280.00000000
v -1000.00000000 0.00000000 1280.00000000
v -2500.00000000 -56.56854249 1256.56854249
v -1000.00000000 -56.56854249 1256.56854249
v -2500.00000000 -80.00000000 1200.00000000
v -1000.00000000 -80.00000000 1200.00000000
v -2500.00000000 -56.56854249 1143.43145751
v -1000.00000000 -56.56854249 1143.43145751
v -2500.00000000 0.00000000 1200.00000000
v -2508.99240249 2.34141504 1155.96984587
v -1008.99240249 -846.18672238 804.49798329
v -1000.00000000 -848.52813742 848.52813742
v -2491.00759751 29.47839011 1167.21034898
v -991.00759751 -819.04974731 815.73848640
v -2478.29041995 39.34732405 1197.65858496
v -978.29041995 -809.18081338 846.18672238
v -2478.29041995 26.16712920 1229.47839011
v -978.29041995 -822.36100822 878.00652753
v -2491.00759751 -2.34141504 1244.03015413
v -991.00759751 -850.86955247 892.55829156
v -2508.99240249 -29.47839011 1232.78965102
v -1008.99240249 -878.00652753 881.31778844
v -2521.70958005 -39.34732405 1202.34141504
v -1021.70958005 -887.87546147 850.86955247
v -2521.70958005 -26.16712920 1170.52160989
v -1021.70958005 -874.69526662 819.04974731
v -2500.00000000 -848.52813742 848.52813742
v -2500.00000000 -848.52813742 768.52813742
v -1000.00000000 -848.52813742 768.52813742
v -1000.00000000 -848.52813742 848.52813742
v -2500.00000000 -791.95959493 791.95959493
v -1000.00000000 -791.95959493 791.95959493
v -2500.00000000 -768.52813742 848.52813742
v -1000.00000000 -768.52813742 848.52813742
v -2500.00000000 -791.95959493 905.09667992
v -1000.00000000 -791.95959493 905.09667992
v -2500.00000000 -848.52813742 928.52813742
v -1000.00000000 -848.52813742 928.52813742
v -2500.00000000 -905.09667992 905.09667992
v -1000.00000000 -905.09667992 905.09667992
v -2500.00000000 -928.52813742 848.52813742
v -1000.00000000 -928.52813742 848.52813742
v -2500.00000000 -905.09667992 791.95959493
v -1000.00000000 -905.09667992 791.95959493
v -2500.00000000 -848.52813742 848.52813742
v -2521.70958005 -846.18672238 809.18081338
v -1021.70958005 -1197.65858496 -39.34732405
v -1000.00000000 -1200.00000000 0.00000000
v -2508.99240249 -815.73848640 819.04974731
v -1008.99240249 -1167.21034898 -29.47839011
v -2491.00759751 -804.49798329 846.18672238
v -991.00759751 -1155.96984587 -2.34141504
v -2478.29041995 -819.04974731 874.69526662
v -978.29041995 -1170.52160989 26.16712920
v -2478.29041995 -850.86955247 887.87546147
v -978.29041995 -1202.34141504 39.34732405
v -2491.00759751 -881.31778844 878.00652753
v -991.00759751 -1232.78965102 29.47839011
v -2508.99240249 -892.55829156 850.86955247
v -1008.99240249 -1244.03015413 2.34141504
v -2521.70958005 -878.00652753 822.36100822
v -1021.70958005 -1229.47839011 -26.16712920
v -2500.00000000 -1200.00000000 0.00000000
v -2500.00000000 -1200.00000000 -80.00000000
v -1000.00000000 -1200.00000000 -80.00000000
v -1000.00000000 -1200.00000000 0.00000000
v -2500.00000000 -1143.43145751 -56.56854249
v -1000.00000000 -1143.43145751 -56.56854249
v -2500.00000000 -1120.00000000 0.00000000
v -1000.00000000 -1120.00000000 0.00000000
v -2500.00000000 -1143.43145751 56.56854249
v -1000.00000000 -1143.43145751 56.56854249
v -2500.00000000 -1200.00000000 80.00000000
v -1000.00000000 -1200.00000000 80.00000000
v -2500.00000000 -1256.56854249 56.56854249
v -1000.00000000 -1256.56854249 56.56854249
v -2500.00000000 -1280.00000000 0.00000000
v -1000.00000000 -1280.00000000 0.00000000
v -2500.00000000 -1256.56854249 -56.56854249
v -1000.00000000 -1256.56854249 -56.56854249
v -2500.00000000 -1200.00000000 0.00000000
v -2521.70958005 -1202.34141504 -39.34732405
v -1021.70958005 -850.86955247 -887.87546147
v -1000.00000000 -848.52813742 -848.52813742
v -2521.70958005 -1170.52160989 -26.16712920
v -1021.70958005 -819.04974731 -874.69526662
v -2508.99240249 -1155.96984587 2.34141504
v -1008.99240249 -804.49798329 -846.18672238
v -2491.00759751 -1167.21034898 29.47839011
v -991.00759751 -815.73848640 -819.04974731
v -2478.29041995 -1197.65858496 39.34732405
v -978.29041995 -846.18672238 -809.18081338
v -2478.29041995 -1229.47839011 26.16712920
v -978.29041995 -878.00652753 -822.36100822
v -2491.00759751 -1244.03015413 -2.34141504
v -991.00759751 -892.55829156 -850.86955247
v -2508.99240249 -1232.78965102 -29.47839011
v -1008.99240249 -881.31778844 -878.00652753
v -2500.00000000 -848.52813742 -848.52813742
v -2500.00000000 -848.52813742 -928.52813742
v -1000.00000000 -848.52813742 -928.52813742
v -1000.00000000 -848.52813742 -848.52813742
v -2500.00000000 -791.95959493 -905.09667992
v -1000.00000000 -791.95959493 -905.09667992
v -2500.00000000 -768.52813742 -848.52813742
v -1000.00000000 -768.52813742 -848.52813742
v -2500.00000000 -791.95959493 -791.95959493
v -1000.00000000 -791.95959493 -791.95959493
v -2500.00000000 -848.52813742 -768.52813742
v -1000.00000000 -848.52813742 -768.52813742
v -2500.00000000 -905.09667992 -791.95959493
v -1000.00000000 -905.09667992 -791.95959493
v -2500.00000000 -928.52813742 -848.52813742
v -1000.00000000 -928.52813742 -848.52813742
v -2500.00000000 -905.09667992 -905.09667992
v -1000.00000000 -905.09667992 -905.09667992
v -2500.00000000 -848.52813742 -848.52813742
v -2508.99240249 -850.86955247 -892.55829156
v -1008.99240249 -2.34141504 -1244.03015413
v -1000.00000000 -0.00000000 -1200.00000000
v -2521.70958005 -822.36100822 -878.00652753
v -1021.70958005 26.16712920 -1229.47839011
v -2521.70958005 -809.18081338 -846.18672238
v -1021.70958005 39.34732405 -1197.65858496
v -2508.99240249 -819.04974731 -815.73848640
v -1008.99240249 29.47839011 -1167.21034898
v -2491.00759751 -846.18672238 -804.49798329
v -991.00759751 2.34141504 -1155.96984587
v -2478.29041995 -874.69526662 -819.04974731
v -978.29041995 -26.16712920 -1170.52160989
v -2478.29041995 -887.87546147 -850.86955247
v -978.29041995 -39.34732405 -1202.34141504
v -2491.00759751 -878.00652753 -881.31778844
v -991.00759751 -29.47839011 -1232.78965102
v -2500.00000000 -0.00000000 -1200.00000000
v -2500.00000000 -0.00000000 -1280.00000000
v -1000.00000000 -0.00000000 -1280.00000000
v -1000.00000000 -0.00000000 -1200.00000000
v -2500.00000000 56.56854249 -1256.56854249
v -1000.00000000 56.56854249 -1256.56854249
v -2500.00000000 80.00000000 -1200.00000000
v -1000.00000000 80.00000000 -1200.00000000
v -2500.00000000 56.56854249 -1143.43145751
v -1000.00000000 56.56854249 -1143.43145751
v -2500.00000000 -0.00000000 -1120.00000000
v -1000.00000000 -0.00000000 -1120.00000000
v -2500.00000000 -56.56854249 -1143.43145751
v -1000.00000000 -56.56854249 -1143.43145751
v -2500.00000000 -80.00000000 -1200.00000000
v -1000.00000000 -80.00000000 -1200.00000000
v -2500.00000000 -56.56854249 -1256.56854249
v -1000.00000000 -56.56854249 -1256.56854249
v -2500.00000000 -0.00000000 -1200.00000000
v -2491.00759751 2.34141504 -1244.03015413
v -991.00759751 850.86955247 -892.55829156
v -1000.00000000 848.52813742 -848.52813742
v -2508.99240249 29.47839011 -1232.78965102
v -1008.99240249 878.00652753 -881.31778844
v -2521.70958005 39.34732405 -1202.34141504
v -1021.70958005 887.87546147 -850.86955247
v -2521.70958005 26.16712920 -1170.52160989
v -1021.70958005 874.69526662 -819.04974731
v -2508.99240249 -2.34141504 -1155.96984587
v -1008.99240249 846.18672238 -804.49798329
v -2491.00759751 -29.47839011 -1167.21034898
v -991.00759751 819.04974731 -815.73848640
v -2478.29041995 -39.34732405 -1197.65858496
v -978.29041995 809.18081338 -846.18672238
v -2478.29041995 -26.16712920 -1229.47839011
v -978.29041995 822.36100822 -878.00652753
v -2500.00000000 848.52813742 -848.52813742
v -2500.00000000 848.52813742 -928.52813742
v -1000.00000000 848.52813742 -928.52813742
v -1000.00000000 848.52813742 -848.52813742
v -2500.00000000 905.09667992 -905.09667992
v -1000.00000000 905.09667992 -905.09667992
v -2500.00000000 928.52813742 -848.52813742
v -1000.00000000 928.52813742 -848.52813742
v -2500.00000000 905.09667992 -791.95959493
v -1000.00000000 905.09667992 -791.95959493
v -2500.00000000 848.52813742 -768.52813742
v -1000.00000000 848.52813742 -768.52813742
v -2500.00000000 791.95959493 -791.95959493
v -1000.00000000 791.95959493 -791.95959493
v -2500.00000000 768.52813742 -848.52813742
v -1000.00000000 768.52813742 -848.52813742
v -2500.00000000 791.95959493 -905.09667992
v -1000.00000000 791.95959493 -905.09667992
v -2500.00000000 848.52813742 -848.52813742
v -2478.29041995 850.86955247 -887.87546147
v -978.29041995 1202.34141504 -39.34732405
v -1000.00000000 1200.00000000 0.00000000
v -2491.00759751 881.31778844 -878.00652753
v -991.00759751 1232.78965102 -29.47839011
v -2508.99240249 892.55829156 -850.86955247
v -1008.99240249 1244.03015413 -2.34141504
v -2521.70958005 878.00652753 -822.36100822
v -1021.70958005 1229.47839011 26.16712920
v -2521.70958005 846.18672238 -809.18081338
v -1021.70958005 1197.65858496 39.34732405
v -2508.99240249 815.73848640 -819.04974731
v -1008.99240249 1167.21034898 29.47839011
v -2491.00759751 804.49798329 -846.18672238
v -991.00759751 1155.96984587 2.34141504
v -2478.29041995 819.04974731 -874.69526662
v -978.29041995 1170.52160989 -26.16712920
v -1000.00000000 1200.00000000 0.00000000
v -944.56722805 1178.78679656 -8.78679656
v -944.56722805 827.31493399 839.74134086
v -1000.00000000 848.52813742 848.52813742
v -944.56722805 1221.21320344 8.78679656
v -944.56722805 869.74134086 857.31493399
v -977.03899406 1251.21320344 21.21320344
v -977.03899406 899.74134086 869.74134086
v -1022.96100594 1251.21320344 21.21320344
v -1022.96100594 899.74134086 869.74134086
v -1055.43277195 1221.21320344 8.78679656
v -1055.43277195 869.74134086 857.31493399
v -1055.43277195 1178.78679656 -8.78679656
v -1055.43277195 827.31493399 839.74134086
v -1022.96100594 1148.78679656 -21.21320344
v -1022.96100594 797.31493399 827.31493399
v -977.03899406 1148.78679656 -21.21320344
v -977.03899406 797.31493399 827.31493399
v -1000.00000000 848.52813742 848.52813742
v -977.03899406 827.31493399 797.31493399
v -977.03899406 -21.21320344 1148.78679656
v -1000.00000000 0.00000000 1200.00000000
v -944.56722805 839.74134086 827.31493399
v -944.56722805 -8.78679656 1178.78679656
v -944.56722805 857.31493399 869.74134086
v -944.56722805 8.78679656 1221.21320344
v -977.03899406 869.74134086 899.74134086
v -977.03899406 21.21320344 1251.21320344
v -1022.96100594 869.74134086 899.74134086
v -1022.96100594 21.21320344 1251.21320344
v -1055.43277195 857.31493399 869.74134086
v -1055.43277195 8.78679656 1221.21320344
v -1055.43277195 839.74134086 827.31493399
v -1055.43277195 -8.78679656 1178.78679656
v -1022.96100594 827.31493399 797.31493399
v -1022.96100594 -21.21320344 1148.78679656
v -1000.00000000 0.00000000 1200.00000000
v -1022.96100594 21.21320344 1148.78679656
v -1022.96100594 -827.31493399 797.31493399
v -1000.00000000 -848.52813742 848.52813742
v -977.03899406 21.21320344 1148.78679656
v -977.03899406 -827.31493399 797.31493399
v -944.56722805 8.78679656 1178.78679656
v -944.56722805 -839.74134086 827.31493399
v -944.56722805 -8.78679656 1221.21320344
v -944.56722805 -857.31493399 869.74134086
v -977.03899406 -21.21320344 1251.21320344
v -977.03899406 -869.74134086 899.74134086
v -1022.96100594 -21.21320344 1251.21320344
v -1022.96100594 -869.74134086 899.74134086
v -1055.43277195 -8.78679656 1221.21320344
v -1055.43277195 -857.31493399 869.74134086
v -1055.43277195 8.78679656 1178.78679656
v -1055.43277195 -839.74134086 827.31493399
v -1000.00000000 -848.52813742 848.52813742
v -1055.43277195 -827.31493399 839.74134086
v -1055.43277195 -1178.78679656 -8.78679656
v -1000.00000000 -1200.00000000 0.00000000
v -1022.96100594 -797.31493399 827.31493399
v -1022.96100594 -1148.78679656 -21.21320344
v -977.03899406 -797.31493399 827.31493399
v -977.03899406 -1148.78679656 -21.21320344
v -944.56722805 -827.31493399 839.74134086
v -944.56722805 -1178.78679656 -8.78679656
v -944.56722805 -869.74134086 857.31493399
v -944.56722805 -1221.21320344 8.78679656
v -977.03899406 -899.74134086 869.74134086
v -977.03899406 -1251.21320344 21.21320344
v -1022.96100594 -899.74134086 869.74134086
v -1022.96100594 -1251.21320344 21.21320344
v -1055.43277195 -869.74134086 857.31493399
v -1055.43277195 -1221.21320344 8.78679656
v -1000.00000000 -1200.00000000 0.00000000
v -1055.43277195 -1221.21320344 -8.78679656
v -1055.43277195 -869.74134086 -857.31493399
v -1000.00000000 -848.52813742 -848.52813742
v -1055.43277195 -1178.78679656 8.78679656
v -1055.43277195 -827.31493399 -839.74134086
v -1022.96100594 -1148.78679656 21.21320344
v -1022.96100594 -797.31493399 -827.31493399
v -977.03899406 -1148.78679656 21.21320344
v -977.03899406 -797.31493399 -827.31493399
v -944.56722805 -1178.78679656 8.78679656
v -944.56722805 -827.31493399 -839.74134086
v -944.56722805 -1221.21320344 -8.78679656
v -944.56722805 -869.74134086 -857.31493399
v -977.03899406 -1251.21320344 -21.21320344
v -977.03899406 -899.74134086 -869.74134086
v -1022.96100594 -1251.21320344 -21.21320344
v -1022.96100594 -899.74134086 -869.74134086
v -1000.00000000 -848.52813742 -848.52813742
v -1022.96100594 -869.74134086 -899.74134086
v -1022.96100594 -21.21320344 -1251.21320344
v -1000.00000000 -0.00000000 -1200.00000000
v -1055.43277195 -857.31493399 -869.74134086
v -1055.43277195 -8.78679656 -1221.21320344
v -1055.43277195 -839.74134086 -827.31493399
v -1055.43277195 8.78679656 -1178.78679656
v -1022.96100594 -827.31493399 -797.31493399
v -1022.96100594 21.21320344 -1148.78679656
v -977.03899406 -827.31493399 -797.31493399
v -977.03899406 21.21320344 -1148.78679656
v -944.56722805 -839.74134086 -827.31493399
v -944.56722805 8.78679656 -1178.78679656
v -944.56722805 -857.31493399 -869.74134086
v -944.56722805 -8.78679656 -1221.21320344
v -977.03899406 -869.74134086 -899.74134086
v -977.03899406 -21.21320344 -1251.21320344
v -1000.00000000 -0.00000000 -1200.00000000
v -977.03899406 21.21320344 -1251.21320344
v -977.03899406 869.74134086 -899.74134086
v -1000.00000000 848.52813742 -848.52813742
v -1022.96100594 21.21320344 -1251.21320344
v -1022.96100594 869.74134086 -899.74134086
v -1055.43277195 8.78679656 -1221.21320344
v -1055.43277195 857.31493399 -869.74134086
v -1055.43277195 -8.78679656 -1178.78679656
v -1055.43277195 839.74134086 -827.31493399
v -1022.96100594 -21.21320344 -1148.78679656
v -1022.96100594 827.31493399 -797.31493399
v -977.03899406 -21.21320344 -1148.78679656
v -977.03899406 827.31493399 -797.31493399
v -944.56722805 -8.78679656 -1178.78679656
v -944.56722805 839.74134086 -827.31493399
v -944.56722805 8.78679656 -1221.21320344
v -944.56722805 857.31493399 -869.74134086
v -1000.00000000 848.52813742 -848.52813742
v -944.56722805 869.74134086 -857.31493399
v -944.56722805 1221.21320344 -8.78679656
v -1000.00000000 1200.00000000 0.00000000
v -977.03899406 899.74134086 -869.74134086
v -977.03899406 1251.21320344 -21.21320344
v -1022.96100594 899.74134086 -869.74134086
v -1022.96100594 1251.21320344 -21.21320344
v -1055.43277195 869.74134086 -857.31493399
v -1055.43277195 1221.21320344 -8.78679656
v -1055.43277195 827.31493399 -839.74134086
v -1055.43277195 1178.78679656 8.78679656
v -1022.96100594 797.31493399 -827.31493399
v -1022.96100594 1148.78679656 21.21320344
v -977.03899406 797.31493399 -827.31493399
v -977.03899406 1148.78679656 21.21320344
v -944.56722805 827.31493399 -839.74134086
v -944.56722805 1178.78679656 8.78679656
v -1000.00000000 1200.00000000 0.00000000
v -1000.00000000 1200.00000000 -80.00000000
v 1500.00000000 1200.00000000 -80.00000000
v 1500.00000000 1200.00000000 0.00000000
v -1000.00000000 1256.56854249 -56.56854249
v 1500.00000000 1256.56854249 -56.56854249
v -1000.00000000 1280.00000000 -0.00000000
v 1500.00000000 1280.00000000 -0.00000000
v -1000.00000000 1256.56854249 56.56854249
v 1500.00000000 1256.56854249 56.56854249
v -1000.00000000 1200.00000000 80.00000000
v 1500.00000000 1200.00000000 80.00000000
v -1000.00000000 1143.43145751 56.56854249
v 1500.00000000 1143.43145751 56.56854249
v -1000.00000000 1120.00000000 0.00000000
v 1500.00000000 1120.00000000 0.00000000
v -1000.00000000 1143.43145751 -56.56854249
v 1500.00000000 1143.43145751 -56.56854249
v -1000.00000000 1200.00000000 0.00000000
v -1014.33664335 1200.97589909 -42.64397119
v 1485.66335665 849.50403651 -891.17210861
v 1500.00000000 848.52813742 -848.52813742
v -1005.93843211 1232.22403579 -30.84390607
v 1494.06156789 880.75217322 -879.37204349
v -994.06156789 1244.59576936 -0.97589909
v 1505.93843211 893.12390679 -849.50403651
v -985.66335665 1230.84390607 29.46377634
v 1514.33664335 879.37204349 -819.06436109
v -985.66335665 1199.02410091 42.64397119
v 1514.33664335 847.55223834 -805.88416624
v -994.06156789 1167.77596421 30.84390607
v 1505.93843211 816.30410163 -817.68423136
v -1005.93843211 1155.40423064 0.97589909
v 1494.06156789 803.93236806 -847.55223834
v -1014.33664335 1169.15609393 -29.46377634
v 1485.66335665 817.68423136 -877.99191376
v -1000.00000000 848.52813742 848.52813742
v -1000.00000000 848.52813742 768.52813742
v 1500.00000000 848.52813742 768.52813742
v 1500.00000000 848.52813742 848.52813742
v -1000.00000000 905.09667992 791.95959493
v 1500.00000000 905.09667992 791.95959493
v -1000.00000000 928.52813742 848.52813742
v 1500.00000000 928.52813742 848.52813742
v -1000.00000000 905.09667992 905.09667992
v 1500.00000000 905.09667992 905.09667992
v -1000.00000000 848.52813742 928.52813742
v 1500.00000000 848.52813742 928.52813742
v -1000.00000000 791.95959493 905.09667992
v 1500.00000000 791.95959493 905.09667992
v -1000.00000000 768.52813742 848.52813742
v 1500.00000000 768.52813742 848.52813742
v -1000.00000000 791.95959493 791.95959493
v 1500.00000000 791.95959493 791.95959493
v -1000.00000000 848.52813742 848.52813742
v -1014.33664335 847.55223834 805.88416624
v 1485.66335665 1199.02410091 -42.64397119
v 1500.00000000 1200.00000000 -0.00000000
v -1014.33664335 879.37204349 819.06436109
v 1485.66335665 1230.84390607 -29.46377634
v -1005.93843211 893.12390679 849.50403651
v 1494.06156789 1244.59576936 0.97589909
v -994.06156789 880.75217322 879.37204349
v 1505.93843211 1232.22403579 30.84390607
v -985.66335665 849.50403651 891.17210861
v 1514.33664335 1200.97589909 42.64397119
v -985.66335665 817.68423136 877.99191376
v 1514.33664335 1169.15609393 29.46377634
v -994.06156789 803.93236806 847.55223834
v 1505.93843211 1155.40423064 -0.97589909
v -1005.93843211 816.30410163 817.68423136
v 1494.06156789 1167.77596421 -30.84390607
v -1000.00000000 0.00000000 1200.00000000
v -1000.00000000 0.00000000 1120.00000000
v 1500.00000000 0.00000000 1120.00000000
v 1500.00000000 0.00000000 1200.00000000
v -1000.00000000 56.56854249 1143.43145751
v 1500.00000000 56.56854249 1143.43145751
v -1000.00000000 80.00000000 1200.00000000
v 1500.00000000 80.00000000 1200.00000000
v -1000.00000000 56.56854249 1256.56854249
v 1500.00000000 56.56854249 1256.56854249
v -1000.00000000 0.00000000 1280.00000000
v 1500.00000000 0.00000000 1280.00000000
v -1000.00000000 -56.56854249 1256.56854249
v 1500.00000000 -56.56854249 1256.56854249
v -1000.00000000 -80.00000000 1200.00000000
v 1500.00000000 -80.00000000 1200.00000000
v -1000.00000000 -56.56854249 1143.43145751
v 1500.00000000 -56.56854249 1143.43145751
v -1000.00000000 0.00000000 1200.00000000
v -1005.93843211 -0.97589909 1155.40423064
v 1494.06156789 847.55223834 803.93236806
v 1500.00000000 848.52813742 848.52813742
v -1014.33664335 29.46377634 1169.15609393
v 1485.66335665 877.99191376 817.68423136
v -1014.33664335 42.64397119 1200.97589909
v 1485.66335665 891.17210861 849.50403651
v -1005.93843211 30.84390607 1232.22403579
v 1494.06156789 879.37204349 880.75217322
v -994.06156789 0.97589909 1244.59576936
v 1505.93843211 849.50403651 893.12390679
v -985.66335665 -29.46377634 1230.84390607
v 1514.33664335 819.06436109 879.37204349
v -985.66335665 -42.64397119 1199.02410091
v 1514.33664335 805.88416624 847.55223834
v -994.06156789 -30.84390607 1167.77596421
v 1505.93843211 817.68423136 816.30410163
v -1000.00000000 -848.52813742 848.52813742
v -1000.00000000 -848.52813742 768.52813742
v 1500.00000000 -848.52813742 768.52813742
v 1500.00000000 -848.52813742 848.52813742
v -1000.00000000 -791.95959493 791.95959493
v 1500.00000000 -791.95959493 791.95959493
v -1000.00000000 -768.52813742 848.52813742
v 1500.00000000 -768.52813742 848.52813742
v -1000.00000000 -791.95959493 905.09667992
v 1500.00000000 -791.95959493 905.09667992
v -1000.00000000 -848.52813742 928.52813742
v 1500.00000000 -848.52813742 928.52813742
v -1000.00000000 -905.09667992 905.09667992
v 1500.00000000 -905.09667992 905.09667992
v -1000.00000000 -928.52813742 848.52813742
v 1500.00000000 -928.52813742 848.52813742
v -1000.00000000 -905.09667992 791.95959493
v 1500.00000000 -905.09667992 791.95959493
v -1000.00000000 -848.52813742 848.52813742
v -994.06156789 -847.55223834 803.93236806
v 1505.93843211 0.97589909 1155.40423064
v 1500.00000000 0.00000000 1200.00000000
v -1005.93843211 -817.68423136 816.30410163
v 1494.06156789 30.84390607 1167.77596421
v -1014.33664335 -805.88416624 847.55223834
v 1485.66335665 42.64397119 1199.02410091
v -1014.33664335 -819.06436109 879.37204349
v 1485.66335665 29.46377634 1230.84390607
v -1005.93843211 -849.50403651 893.12390679
v 1494.06156789 -0.97589909 1244.59576936
v -994.06156789 -879.37204349 880.75217322
v 1505.93843211 -30.84390607 1232.22403579
v -985.66335665 -891.17210861 849.50403651
v 1514.33664335 -42.64397119 1200.97589909
v -985.66335665 -877.99191376 817.68423136
v 1514.33664335 -29.46377634 1169.15609393
v -1000.00000000 -1200.00000000 0.00000000
v -1000.00000000 -1200.00000000 -80.00000000
v 1500.00000000 -1200.00000000 -80.00000000
v 1500.00000000 -1200.00000000 0.00000000
v -1000.00000000 -1143.43145751 -56.56854249
v 1500.00000000 -1143.43145751 -56.56854249
v -1000.00000000 -1120.00000000 0.00000000
v 1500.00000000 -1120.00000000 0.00000000
v -1000.00000000 -1143.43145751 56.56854249
v 1500.00000000 -1143.43145751 56.56854249
v -1000.00000000 -1200.00000000 80.00000000
v 1500.00000000 -1200.00000000 80.00000000
v -1000.00000000 -1256.56854249 56.56854249
v 1500.00000000 -1256.56854249 56.56854249
v -1000.00000000 -1280.00000000 0.00000000
v 1500.00000000 -1280.00000000 0.00000000
v -1000.00000000 -1256.56854249 -56.56854249
v 1500.00000000 -1256.56854249 -56.56854249
v -1000.00000000 -1200.00000000 0.00000000
v -985.66335665 -1199.02410091 -42.64397119
v 1514.33664335 -847.55223834 805.88416624
v 1500.00000000 -848.52813742 848.52813742
v -994.06156789 -1167.77596421 -30.84390607
v 1505.93843211 -816.30410163 817.68423136
v -1005.93843211 -1155.40423064 -0.97589909
v 1494.06156789 -803.93236806 847.55223834
v -1014.33664335 -1169.15609393 29.46377634
v 1485.66335665 -817.68423136 877.99191376
v -1014.33664335 -1200.97589909 42.64397119
v 1485.66335665 -849.50403651 891.17210861
v -1005.93843211 -1232.22403579 30.84390607
v 1494.06156789 -880.75217322 879.37204349
v -994.06156789 -1244.59576936 0.97589909
v 1505.93843211 -893.12390679 849.50403651
v -985.66335665 -1230.84390607 -29.46377634
v 1514.33664335 -879.37204349 819.06436109
v -1000.00000000 -848.52813742 -848.52813742
v -1000.00000000 -848.52813742 -928.52813742
v 1500.00000000 -848.52813742 -928.52813742
v 1500.00000000 -848.52813742 -848.52813742
v -1000.00000000 -791.95959493 -905.09667992
v 1500.00000000 -791.95959493 -905.09667992
v -1000.00000000 -768.52813742 -848.52813742
v 1500.00000000 -768.52813742 -848.52813742
v -1000.00000000 -791.95959493 -791.95959493
v 1500.00000000 -791.95959493 -791.95959493
v -1000.00000000 -848.52813742 -768.52813742
v 1500.00000000 -848.52813742 -768.52813742
v -1000.00000000 -905.09667992 -791.95959493
v 1500.00000000 -905.09667992 -791.95959493
v -1000.00000000 -928.52813742 -848.52813742
v 1500.00000000 -928.52813742 -848.52813742
v -1000.00000000 -905.09667992 -905.09667992
v 1500.00000000 -905.09667992 -905.09667992
v -1000.00000000 -848.52813742 -848.52813742
v -985.66335665 -849.50403651 -891.17210861
v 1514.33664335 -1200.97589909 -42.64397119
v 1500.00000000 -1200.00000000 0.00000000
v -985.66335665 -817.68423136 -877.99191376
v 1514.33664335 -1169.15609393 -29.46377634
v -994.06156789 -803.93236806 -847.55223834
v 1505.93843211 -1155.40423064 0.97589909
v -1005.93843211 -816.30410163 -817.68423136
v 1494.06156789 -1167.77596421 30.84390607
v -1014.33664335 -847.55223834 -805.88416624
v 1485.66335665 -1199.02410091 42.64397119
v -1014.33664335 -879.37204349 -819.06436109
v 1485.66335665 -1230.84390607 29.46377634
v -1005.93843211 -893.12390679 -849.50403651
v 1494.06156789 -1244.59576936 -0.97589909
v -994.06156789 -880.75217322 -879.37204349
v 1505.93843211 -1232.22403579 -30.84390607
v -1000.00000000 -0.00000000 -1200.00000000
v -1000.00000000 -0.00000000 -1280.00000000
v 1500.00000000 -0.00000000 -1280.00000000
v 1500.00000000 -0.00000000 -1200.00000000
v -1000.00000000 56.56854249 -1256.56854249
v 1500.00000000 56.56854249 -1256.56854249
v -1000.00000000 80.00000000 -1200.00000000
v 1500.00000000 80.00000000 -1200.00000000
v -1000.00000000 56.56854249 -1143.43145751
v 1500.00000000 56.56854249 -1143.43145751
v -1000.00000000 -0.00000000 -1120.00000000
v 1500.00000000 -0.00000000 -1120.00000000
v -1000.00000000 -56.56854249 -1143.43145751
v 1500.00000000 -56.56854249 -1143.43145751
v -1000.00000000 -80.00000000 -1200.00000000
v 1500.00000000 -80.00000000 -1200.00000000
v -1000.00000000 -56.56854249 -1256.56854249
v 1500.00000000 -56.56854249 -1256.56854249
v -1000.00000000 -0.00000000 -1200.00000000
v -994.06156789 -0.97589909 -1244.59576936
v 1505.93843211 -849.50403651 -893.12390679
v 1500.00000000 -848.52813742 -848.52813742
v -985.66335665 29.46377634 -1230.84390607
v 1514.33664335 -819.06436109 -879.37204349
v -985.66335665 42.64397119 -1199.02410091
v 1514.33664335 -805.88416624 -847.55223834
v -994.06156789 30.84390607 -1167.77596421
v 1505.93843211 -817.68423136 -816.30410163
v -1005.93843211 0.97589909 -1155.40423064
v 1494.06156789 -847.55223834 -803.93236806
v -1014.33664335 -29.46377634 -1169.15609393
v 1485.66335665 -877.99191376 -817.68423136
v -1014.33664335 -42.64397119 -1200.97589909
v 1485.66335665 -891.17210861 -849.50403651
v -1005.93843211 -30.84390607 -1232.22403579
v 1494.06156789 -879.37204349 -880.75217322
v -1000.00000000 848.52813742 -848.52813742
v -1000.00000000 848.52813742 -928.52813742
v 1500.00000000 848.52813742 -928.52813742
v 1500.00000000 848.52813742 -848.52813742
v -1000.00000000 905.09667992 -905.09667992
v 1500.00000000 905.09667992 -905.09667992
v -1000.00000000 928.52813742 -848.52813742
v 1500.00000000 928.52813742 -848.52813742
v -1000.00000000 905.09667992 -791.95959493
v 1500.00000000 905.09667992 -791.95959493
v -1000.00000000 848.52813742 -768.52813742
v 1500.00000000 848.52813742 -768.52813742
v -1000.00000000 791.95959493 -791.95959493
v 1500.00000000 791.95959493 -791.95959493
v -1000.00000000 768.52813742 -848.52813742
v 1500.00000000 768.52813742 -848.52813742
v -1000.00000000 791.95959493 -905.09667992
v 1500.00000000 791.95959493 -905.09667992
v -1000.00000000 848.52813742 -848.52813742
v -1005.93843211 849.50403651 -893.12390679
v 1494.06156789 0.97589909 -1244.59576936
v 1500.00000000 -0.00000000 -1200.00000000
v -994.06156789 879.37204349 -880.75217322
v 1505.93843211 30.84390607 -1232.22403579
v -985.66335665 891.17210861 -849.50403651
v 1514.33664335 42.64397119 -1200.97589909
v -985.66335665 877.99191376 -817.68423136
v 1514.33664335 29.46377634 -1169.15609393
v -994.06156789 847.55223834 -803.93236806
v 1505.93843211 -0.97589909 -1155.40423064
v -1005.93843211 817.68423136 -816.30410163
v 1494.06156789 -30.84390607 -1167.77596421
v -1014.33664335 805.88416624 -847.55223834
v 1485.66335665 -42.64397119 -1199.02410091
v -1014.33664335 819.06436109 -879.37204349
v 1485.66335665 -29.46377634 -1230.84390607
v 1500.00000000 1200.00000000 0.00000000
v 1555.43277195 1178.78679656 -8.78679656
v 1555.43277195 827.31493399 839.74134086
v 1500.00000000 848.52813742 848.52813742
v 1555.43277195 1221.21320344 8.78679656
v 1555.43277195 869.74134086 857.31493399
v 1522.96100594 1251.21320344 21.21320344
v 1522.96100594 899.74134086 869.74134086
v 1477.03899406 1251.21320344 21.21320344
v 1477.03899406 899.74134086 869.74134086
v 1444.56722805 1221.21320344 8.78679656
v 1444.56722805 869.74134086 857.31493399
v 1444.56722805 1178.78679656 -8.78679656
v 1444.56722805 827.31493399 839.74134086
v 1477.03899406 1148.78679656 -21.21320344
v 1477.03899406 797.31493399 827.31493399
v 1522.96100594 1148.78679656 -21.21320344
v 1522.96100594 797.31493399 827.31493399
v 1500.00000000 848.52813742 848.52813742
v 1522.96100594 827.31493399 797.31493399
v 1522.96100594 -21.21320344 1148.78679656
v 1500.00000000 0.00000000 1200.00000000
v 1555.43277195 839.74134086 827.31493399
v 1555.43277195 -8.78679656 1178.78679656
v 1555.43277195 857.31493399 869.74134086
v 1555.43277195 8.78679656 1221.21320344
v 1522.96100594 869.74134086 899.74134086
v 1522.96100594 21.21320344 1251.21320344
v 1477.03899406 869.74134086 899.74134086
v 1477.03899406 21.21320344 1251.21320344
v 1444.56722805 857.31493399 869.74134086
v 1444.56722805 8.78679656 1221.21320344
v 1444.56722805 839.74134086 827.31493399
v 1444.56722805 -8.78679656 1178.78679656
v 1477.03899406 827.31493399 797.31493399
v 1477.03899406 -21.21320344 1148.78679656
v 1500.00000000 0.00000000 1200.00000000
v 1477.03899406 21.21320344 1148.78679656
v 1477.03899406 -827.31493399 797.31493399
v 1500.00000000 -848.52813742 848.52813742
v 1522.96100594 21.21320344 1148.78679656
v 1522.96100594 -827.31493399 797.31493399
v 1555.43277195 8.78679656 1178.78679656
v 1555.43277195 -839.74134086 827.31493399
v 1555.43277195 -8.78679656 1221.21320344
v 1555.43277195 -857.31493399 869.74134086
v 1522.96100594 -21.21320344 1251.21320344
v 1522.96100594 -869.74134086 899.74134086
v 1477.03899406 -21.21320344 1251.21320344
v 1477.03899406 -869.74134086 899.74134086
v 1444.56722805 -8.78679656 1221.21320344
v 1444.56722805 -857.31493399 869.74134086
v 1444.56722805 8.78679656 1178.78679656
v 1444.56722805 -839.74134086 827.31493399
v 1500.00000000 -848.52813742 848.52813742
v 1444.56722805 -827.31493399 839.74134086
v 1444.56722805 -1178.78679656 -8.78679656
v 1500.00000000 -1200.00000000 0.00000000
v 1477.03899406 -797.31493399 827.31493399
v 1477.03899406 -1148.78679656 -21.21320344
v 1522.96100594 -797.31493399 827.31493399
v 1522.96100594 -1148.78679656 -21.21320344
v 1555.43277195 -827.31493399 839.74134086
v 1555.43277195 -1178.78679656 -8.78679656
v 1555.43277195 -869.74134086 857.31493399
v 1555.43277195 -1221.21320344 8.78679656
v 1522.96100594 -899.74134086 869.74134086
v 1522.96100594 -1251.21320344 21.21320344
v 1477.03899406 -899.74134086 869.74134086
v 1477.03899406 -1251.21320344 21.21320344
v 1444.56722805 -869.74134086 857.31493399
v 1444.56722805 -1221.21320344 8.78679656
v 1500.00000000 -1200.00000000 0.00000000
v 1444.56722805 -1221.21320344 -8.78679656
v 1444.56722805 -869.74134086 -857.31493399
v 1500.00000000 -848.52813742 -848.52813742
v 1444.56722805 -1178.78679656 8.78679656
v 1444.56722805 -827.31493399 -839.74134086
v 1477.03899406 -1148.78679656 21.21320344
v 1477.03899406 -797.31493399 -827.31493399
v 1522.96100594 -1148.78679656 21.21320344
v 1522.96100594 -797.31493399 -827.31493399
v 1555.43277195 -1178.78679656 8.78679656
v 1555.43277195 -827.31493399 -839.74134086
v 1555.43277195 -1221.21320344 -8.78679656
v 1555.43277195 -869.74134086 -857.31493399
v 1522.96100594 -1251.21320344 -21.21320344
v 1522.96100594 -899.74134086 -869.74134086
v 1477.03899406 -1251.21320344 -21.21320344
v 1477.03899406 -899.74134086 -869.74134086
v 1500.00000000 -848.52813742 -848.52813742
v 1477.03899406 -869.74134086 -899.74134086
v 1477.03899406 -21.21320344 -1251.21320344
v 1500.00000000 -0.00000000 -1200.00000000
v 1444.56722805 -857.31493399 -869.74134086
v 1444.56722805 -8.78679656 -1221.21320344
v 1444.56722805 -839.74134086 -827.31493399
v 1444.56722805 8.78679656 -1178.78679656
v 1477.03899406 -827.31493399 -797.31493399
v 1477.03899406 21.21320344 -1148.78679656
v 1522.96100594 -827.31493399 -797.31493399
v 1522.96100594 21.21320344 -1148.78679656
v 1555.43277195 -839.74134086 -827.31493399
v 1555.43277195 8.78679656 -1178.78679656
v 1555.43277195 -857.31493399 -869.74134086
v 1555.43277195 -8.78679656 -1221.21320344
v 1522.96100594 -869.74134086 -899.74134086
v 1522.96100594 -21.21320344 -1251.21320344
v 1500.00000000 -0.00000000 -1200.00000000
v 1522.96100594 21.21320344 -1251.21320344
v 1522.96100594 869.74134086 -899.74134086
v 1500.00000000 848.52813742 -848.52813742
v 1477.03899406 21.21320344 -1251.21320344
v 1477.03899406 869.74134086 -899.74134086
v 1444.56722805 8.78679656 -1221.21320344
v 1444.56722805 857.31493399 -869.74134086
v 1444.56722805 -8.78679656 -1178.78679656
v 1444.56722805 839.74134086 -827.31493399
v 1477.03899406 -21.21320344 -1148.78679656
v 1477.03899406 827.31493399 -797.31493399
v 1522.96100594 -21.21320344 -1148.78679656
v 1522.96100594 827.31493399 -797.31493399
v 1555.43277195 -8.78679656 -1178.78679656
v 1555.43277195 839.74134086 -827.31493399
v 1555.43277195 8.78679656 -1221.21320344
v 1555.43277195 857.31493399 -869.74134086
v 1500.00000000 848.52813742 -848.52813742
v 1555.43277195 869.74134086 -857.31493399
v 1555.43277195 1221.21320344 -8.78679656
v 1500.00000000 1200.00000000 0.00000000
v 1522.96100594 899.74134086 -869.74134086
v 1522.96100594 1251.21320344 -21.21320344
v 1477.03899406 899.74134086 -869.74134086
v 1477.03899406 1251.21320344 -21.21320344
v 1444.56722805 869.74134086 -857.31493399
v 1444.56722805 1221.21320344 -8.78679656
v 1444.56722805 827.31493399 -839.74134086
v 1444.56722805 1178.78679656 8.78679656
v 1477.03899406 797.31493399 -827.31493399
v 1477.03899406 1148.78679656 21.21320344
v 1522.96100594 797.31493399 -827.31493399
v 1522.96100594 1148.78679656 21.21320344
v 1555.43277195 827.31493399 -839.74134086
v 1555.43277195 1178.78679656 8.78679656
v 1500.00000000 1200.00000000 0.00000000
v 1500.00000000 1200.00000000 -80.00000000
v 2500.00000000 1200.00000000 -80.00000000
v 2500.00000000 1200.00000000 0.00000000
v 1500.00000000 1256.56854249 -56.56854249
v 2500.00000000 1256.56854249 -56.56854249
v 1500.00000000 1280.00000000 -0.00000000
v 2500.00000000 1280.00000000 -0.00000000
v 1500.00000000 1256.56854249 56.56854249
v 2500.00000000 1256.56854249 56.56854249
v 1500.00000000 1200.00000000 80.00000000
v 2500.00000000 1200.00000000 80.00000000
v 1500.00000000 1143.43145751 56.56854249
v 2500.00000000 1143.43145751 56.56854249
v 1500.00000000 1120.00000000 0.00000000
v 2500.00000000 1120.00000000 0.00000000
v 1500.00000000 1143.43145751 -56.56854249
v 2500.00000000 1143.43145751 -56.56854249
v 1500.00000000 1200.00000000 0.00000000
v 1528.12246380 1195.80779067 -34.87911138
v 2528.12246380 844.33592810 813.64902604
v 2500.00000000 848.52813742 848.52813742
v 1528.12246380 1227.62759583 -21.69891654
v 2528.12246380 876.15573325 826.82922089
v 1511.64870591 1243.26353004 4.19220933
v 2511.64870591 891.79166746 852.72034675
v 1488.35129409 1233.55627511 27.62759583
v 2488.35129409 882.08441254 876.15573325
v 1471.87753620 1204.19220933 34.87911138
v 2471.87753620 852.72034675 883.40724881
v 1471.87753620 1172.37240417 21.69891654
v 2471.87753620 820.90054160 870.22705396
v 1488.35129409 1156.73646996 -4.19220933
v 2488.35129409 805.26460738 844.33592810
v 1511.64870591 1166.44372489 -27.62759583
v 2511.64870591 814.97186231 820.90054160
v 1500.00000000 848.52813742 848.52813742
v 1500.00000000 848.52813742 768.52813742
v 2500.00000000 848.52813742 768.52813742
v 2500.00000000 848.52813742 848.52813742
v 1500.00000000 905.09667992 791.95959493
v 2500.00000000 905.09667992 791.95959493
v 1500.00000000 928.52813742 848.52813742
v 2500.00000000 928.52813742 848.52813742
v 1500.00000000 905.09667992 905.09667992
v 2500.00000000 905.09667992 905.09667992
v 1500.00000000 848.52813742 928.52813742
v 2500.00000000 848.52813742 928.52813742
v 1500.00000000 791.95959493 905.09667992
v 2500.00000000 791.95959493 905.09667992
v 1500.00000000 768.52813742 848.52813742
v 2500.00000000 768.52813742 848.52813742
v 1500.00000000 791.95959493 791.95959493
v 2500.00000000 791.95959493 791.95959493
v 1500.00000000 848.52813742 848.52813742
v 1511.64870591 844.33592810 805.26460738
v 2511.64870591 -4.19220933 1156.73646996
v 2500.00000000 0.00000000 1200.00000000
v 1528.12246380 870.22705396 820.90054160
v 2528.12246380 21.69891654 1172.37240417
v 1528.12246380 883.40724881 852.72034675
v 2528.12246380 34.87911138 1204.19220933
v 1511.64870591 876.15573325 882.08441254
v 2511.64870591 27.62759583 1233.55627511
v 1488.35129409 852.72034675 891.79166746
v 2488.35129409 4.19220933 1243.26353004
v 1471.87753620 826.82922089 876.15573325
v 2471.87753620 -21.69891654 1227.62759583
v 1471.87753620 813.64902604 844.33592810
v 2471.87753620 -34.87911138 1195.80779067
v 1488.35129409 820.90054160 814.97186231
v 2488.35129409 -27.62759583 1166.44372489
v 1500.00000000 0.00000000 1200.00000000
v 1500.00000000 0.00000000 1120.00000000
v 2500.00000000 0.00000000 1120.00000000
v 2500.00000000 0.00000000 1200.00000000
v 1500.00000000 56.56854249 1143.43145751
v 2500.00000000 56.56854249 1143.43145751
v 1500.00000000 80.00000000 1200.00000000
v 2500.00000000 80.00000000 1200.00000000
v 1500.00000000 56.56854249 1256.56854249
v 2500.00000000 56.56854249 1256.56854249
v 1500.00000000 0.00000000 1280.00000000
v 2500.00000000 0.00000000 1280.00000000
v 1500.00000000 -56.56854249 1256.56854249
v 2500.00000000 -56.56854249 1256.56854249
v 1500.00000000 -80.00000000 1200.00000000
v 2500.00000000 -80.00000000 1200.00000000
v 1500.00000000 -56.56854249 1143.43145751
v 2500.00000000 -56.56854249 1143.43145751
v 1500.00000000 0.00000000 1200.00000000
v 1488.35129409 4.19220933 1156.73646996
v 2488.35129409 -844.33592810 805.26460738
v 2500.00000000 -848.52813742 848.52813742
v 1511.64870591 27.62759583 1166.44372489
v 2511.64870591 -820.90054160 814.97186231
v 1528.12246380 34.87911138 1195.80779067
v 2528.12246380 -813.64902604 844.33592810
v 1528.12246380 21.69891654 1227.62759583
v 2528.12246380 -826.82922089 876.15573325
v 1511.64870591 -4.19220933 1243.26353004
v 2511.64870591 -852.72034675 891.79166746
v 1488.35129409 -27.62759583 1233.55627511
v 2488.35129409 -876.15573325 882.08441254
v 1471.87753620 -34.87911138 1204.19220933
v 2471.87753620 -883.40724881 852.72034675
v 1471.87753620 -21.69891654 1172.37240417
v 2471.87753620 -870.22705396 820.90054160
v 1500.00000000 -848.52813742 848.52813742
v 1500.00000000 -848.52813742 768.52813742
v 2500.00000000 -848.52813742 768.52813742
v 2500.00000000 -848.52813742 848.52813742
v 1500.00000000 -791.95959493 791.95959493
v 2500.00000000 -791.95959493 791.95959493
v 1500.00000000 -768.52813742 848.52813742
v 2500.00000000 -768.52813742 848.52813742
v 1500.00000000 -791.95959493 905.09667992
v 2500.00000000 -791.95959493 905.09667992
v 1500.00000000 -848.52813742 928.52813742
v 2500.00000000 -848.52813742 928.52813742
v 1500.00000000 -905.09667992 905.09667992
v 2500.00000000 -905.09667992 905.09667992
v 1500.00000000 -928.52813742 848.52813742
v 2500.00000000 -928.52813742 848.52813742
v 1500.00000000 -905.09667992 791.95959493
v 2500.00000000 -905.09667992 791.95959493
v 1500.00000000 -848.52813742 848.52813742
v 1471.87753620 -844.33592810 813.64902604
v 2471.87753620 -1195.80779067 -34.87911138
v 2500.00000000 -1200.00000000 0.00000000
v 1488.35129409 -814.97186231 820.90054160
v 2488.35129409 -1166.44372489 -27.62759583
v 1511.64870591 -805.26460738 844.33592810
v 2511.64870591 -1156.73646996 -4.19220933
v 1528.12246380 -820.90054160 870.22705396
v 2528.12246380 -1172.37240417 21.69891654
v 1528.12246380 -852.72034675 883.40724881
v 2528.12246380 -1204.19220933 34.87911138
v 1511.64870591 -882.08441254 876.15573325
v 2511.64870591 -1233.55627511 27.62759583
v 1488.35129409 -891.79166746 852.72034675
v 2488.35129409 -1243.26353004 4.19220933
v 1471.87753620 -876.15573325 826.82922089
v 2471.87753620 -1227.62759583 -21.69891654
v 1500.00000000 -1200.00000000 0.00000000
v 1500.00000000 -1200.00000000 -80.00000000
v 2500.00000000 -1200.00000000 -80.00000000
v 2500.00000000 -1200.00000000 0.00000000
v 1500.00000000 -1143.43145751 -56.56854249
v 2500.00000000 -1143.43145751 -56.56854249
v 1500.00000000 -1120.00000000 0.00000000
v 2500.00000000 -1120.00000000 0.00000000
v 1500.00000000 -1143.43145751 56.56854249
v 2500.00000000 -1143.43145751 56.56854249
v 1500.00000000 -1200.00000000 80.00000000
v 2500.00000000 -1200.00000000 80.00000000
v 1500.00000000 -1256.56854249 56.56854249
v 2500.00000000 -1256.56854249 56.56854249
v 1500.00000000 -1280.00000000 0.00000000
v 2500.00000000 -1280.00000000 0.00000000
v 1500.00000000 -1256.56854249 -56.56854249
v 2500.00000000 -1256.56854249 -56.56854249
v 1500.00000000 -1200.00000000 0.00000000
v 1471.87753620 -1204.19220933 -34.87911138
v 2471.87753620 -852.72034675 -883.40724881
v 2500.00000000 -848.52813742 -848.52813742
v 1471.87753620 -1172.37240417 -21.69891654
v 2471.87753620 -820.90054160 -870.22705396
v 1488.35129409 -1156.73646996 4.19220933
v 2488.35129409 -805.26460738 -844.33592810
v 1511.64870591 -1166.44372489 27.62759583
v 2511.64870591 -814.97186231 -820.90054160
v 1528.12246380 -1195.80779067 34.87911138
v 2528.12246380 -844.33592810 -813.64902604
v 1528.12246380 -1227.62759583 21.69891654
v 2528.12246380 -876.15573325 -826.82922089
v 1511.64870591 -1243.26353004 -4.19220933
v 2511.64870591 -891.79166746 -852.72034675
v 1488.35129409 -1233.55627511 -27.62759583
v 2488.35129409 -882.08441254 -876.15573325
v 1500.00000000 -848.52813742 -848.52813742
v 1500.00000000 -848.52813742 -928.52813742
v 2500.00000000 -848.52813742 -928.52813742
v 2500.00000000 -848.52813742 -848.52813742
v 1500.00000000 -791.95959493 -905.09667992
v 2500.00000000 -791.95959493 -905.09667992
v 1500.00000000 -768.52813742 -848.52813742
v 2500.00000000 -768.52813742 -848.52813742
v 1500.00000000 -791.95959493 -791.95959493
v 2500.00000000 -791.95959493 -791.95959493
v 1500.00000000 -848.52813742 -768.52813742
v 2500.00000000 -848.52813742 -768.52813742
v 1500.00000000 -905.09667992 -791.95959493
v 2500.00000000 -905.09667992 -791.95959493
v 1500.00000000 -928.52813742 -848.52813742
v 2500.00000000 -928.52813742 -848.52813742
v 1500.00000000 -905.09667992 -905.09667992
v 2500.00000000 -905.09667992 -905.09667992
v 1500.00000000 -848.52813742 -848.52813742
v 1488.35129409 -852.72034675 -891.79166746
v 2488.35129409 -4.19220933 -1243.26353004
v 2500.00000000 -0.00000000 -1200.00000000
v 1471.87753620 -826.82922089 -876.15573325
v 2471.87753620 21.69891654 -1227.62759583
v 1471.87753620 -813.64902604 -844.33592810
v 2471.87753620 34.87911138 -1195.80779067
v 1488.35129409 -820.90054160 -814.97186231
v 2488.35129409 27.62759583 -1166.44372489
v 1511.64870591 -844.33592810 -805.26460738
v 2511.64870591 4.19220933 -1156.73646996
v 1528.12246380 -870.22705396 -820.90054160
v 2528.12246380 -21.69891654 -1172.37240417
v 1528.12246380 -883.40724881 -852.72034675
v 2528.12246380 -34.87911138 -1204.19220933
v 1511.64870591 -876.15573325 -882.08441254
v 2511.64870591 -27.62759583 -1233.55627511
v 1500.00000000 -0.00000000 -1200.00000000
v 1500.00000000 -0.00000000 -1280.00000000
v 2500.00000000 -0.00000000 -1280.00000000
v 2500.00000000 -0.00000000 -1200.00000000
v 1500.00000000 56.56854249 -1256.56854249
v 2500.00000000 56.56854249 -1256.56854249
v 1500.00000000 80.00000000 -1200.00000000
v 2500.00000000 80.00000000 -1200.00000000
v 1500.00000000 56.56854249 -1143.43145751
v 2500.00000000 56.56854249 -1143.43145751
v 1500.00000000 -0.00000000 -1120.00000000
v 2500.00000000 -0.00000000 -1120.00000000
v 1500.00000000 -56.56854249 -1143.43145751
v 2500.00000000 -56.56854249 -1143.43145751
v 1500.00000000 -80.00000000 -1200.00000000
v 2500.00000000 -80.00000000 -1200.00000000
v 1500.00000000 -56.56854249 -1256.56854249
v 2500.00000000 -56.56854249 -1256.56854249
v 1500.00000000 -0.00000000 -1200.00000000
v 1511.64870591 4.19220933 -1243.26353004
v 2511.64870591 852.72034675 -891.79166746
v 2500.00000000 848.52813742 -848.52813742
v 1488.35129409 27.62759583 -1233.55627511
v 2488.35129409 876.15573325 -882.08441254
v 1471.87753620 34.87911138 -1204.19220933
v 2471.87753620 883.40724881 -852.72034675
v 1471.87753620 21.69891654 -1172.37240417
v 2471.87753620 870.22705396 -820.90054160
v 1488.35129409 -4.19220933 -1156.73646996
v 2488.35129409 844.33592810 -805.26460738
v 1511.64870591 -27.62759583 -1166.44372489
v 2511.64870591 820.90054160 -814.97186231
v 1528.12246380 -34.87911138 -1195.80779067
v 2528.12246380 813.64902604 -844.33592810
v 1528.12246380 -21.69891654 -1227.62759583
v 2528.12246380 826.82922089 -876.15573325
v 1500.00000000 848.52813742 -848.52813742
v 1500.00000000 848.52813742 -928.52813742
v 2500.00000000 848.52813742 -928.52813742
v 2500.00000000 848.52813742 -848.52813742
v 1500.00000000 905.09667992 -905.09667992
v 2500.00000000 905.09667992 -905.09667992
v 1500.00000000 928.52813742 -848.52813742
v 2500.00000000 928.52813742 -848.52813742
v 1500.00000000 905.09667992 -791.95959493
v 2500.00000000 905.09667992 -791.95959493
v 1500.00000000 848.52813742 -768.52813742
v 2500.00000000 848.52813742 -768.52813742
v 1500.00000000 791.95959493 -791.95959493
v 2500.00000000 791.95959493 -791.95959493
v 1500.00000000 768.52813742 -848.52813742
v 2500.00000000 768.52813742 -848.52813742
v 1500.00000000 791.95959493 -905.09667992
v 2500.00000000 791.95959493 -905.09667992
v 1500.00000000 848.52813742 -848.52813742
v 1528.12246380 852.72034675 -883.40724881
v 2528.12246380 1204.19220933 -34.87911138
v 2500.00000000 1200.00000000 -0.00000000
v 1511.64870591 882.08441254 -876.15573325
v 2511.64870591 1233.55627511 -27.62759583
v 1488.35129409 891.79166746 -852.72034675
v 2488.35129409 1243.26353004 -4.19220933
v 1471.87753620 876.15573325 -826.82922089
v 2471.87753620 1227.62759583 21.69891654
v 1471.87753620 844.33592810 -813.64902604
v 2471.87753620 1195.80779067 34.87911138
v 1488.35129409 814.97186231 -820.90054160
v 2488.35129409 1166.44372489 27.62759583
v 1511.64870591 805.26460738 -844.33592810
v 2511.64870591 1156.73646996 4.19220933
v 1528.12246380 820.90054160 -870.22705396
v 2528.12246380 1172.37240417 -21.69891654
v 2500.00000000 1200.00000000 0.00000000
v 2555.43277195 1178.78679656 -8.78679656
v 2555.43277195 827.31493399 839.74134086
v 2500.00000000 848.52813742 848.52813742
v 2555.43277195 1221.21320344 8.78679656
v 2555.43277195 869.74134086 857.31493399
v 2522.96100594 1251.21320344 21.21320344
v 2522.96100594 899.74134086 869.74134086
v 2477.03899406 1251.21320344 21.21320344
v 2477.03899406 899.74134086 869.74134086
v 2444.56722805 1221.21320344 8.78679656
v 2444.56722805 869.74134086 857.31493399
v 2444.56722805 1178.78679656 -8.78679656
v 2444.56722805 827.31493399 839.74134086
v 2477.03899406 1148.78679656 -21.21320344
v 2477.03899406 797.31493399 827.31493399
v 2522.96100594 1148.78679656 -21.21320344
v 2522.96100594 797.31493399 827.31493399
v 2500.00000000 848.52813742 848.52813742
v 2522.96100594 827.31493399 797.31493399
v 2522.96100594 -21.21320344 1148.78679656
v 2500.00000000 0.00000000 1200.00000000
v 2555.43277195 839.74134086 827.31493399
v 2555.43277195 -8.78679656 1178.78679656
v 2555.43277195 857.31493399 869.74134086
v 2555.43277195 8.78679656 1221.21320344
v 2522.96100594 869.74134086 899.74134086
v 2522.96100594 21.21320344 1251.21320344
v 2477.03899406 869.74134086 899.74134086
v 2477.03899406 21.21320344 1251.21320344
v 2444.56722805 857.31493399 869.74134086
v 2444.56722805 8.78679656 1221.21320344
v 2444.56722805 839.74134086 827.31493399
v 2444.56722805 -8.78679656 1178.78679656
v 2477.03899406 827.31493399 797.31493399
v 2477.03899406 -21.21320344 1148.78679656
v 2500.00000000 0.00000000 1200.00000000
v 2477.03899406 21.21320344 1148.78679656
v 2477.03899406 -827.31493399 797.31493399
v 2500.00000000 -848.52813742 848.52813742
v 2522.96100594 21.21320344 1148.78679656
v 2522.96100594 -827.31493399 797.31493399
v 2555.43277195 8.78679656 1178.78679656
v 2555.43277195 -839.74134086 827.31493399
v 2555.43277195 -8.78679656 1221.21320344
v 2555.43277195 -857.31493399 869.74134086
v 2522.96100594 -21.21320344 1251.21320344
v 2522.96100594 -869.74134086 899.74134086
v 2477.03899406 -21.21320344 1251.21320344
v 2477.03899406 -869.74134086 899.74134086
v 2444.56722805 -8.78679656 1221.21320344
v 2444.56722805 -857.31493399 869.74134086
v 2444.56722805 8.78679656 1178.78679656
v 2444.56722805 -839.74134086 827.31493399
v 2500.00000000 -848.52813742 848.52813742
v 2444.56722805 -827.31493399 839.74134086
v 2444.56722805 -1178.78679656 -8.78679656
v 2500.00000000 -1200.00000000 0.00000000
v 2477.03899406 -797.31493399 827.31493399
v 2477.03899406 -1148.78679656 -21.21320344
v 2522.96100594 -797.31493399 827.31493399
v 2522.96100594 -1148.78679656 -21.21320344
v 2555.43277195 -827.31493399 839.74134086
v 2555.43277195 -1178.78679656 -8.78679656
v 2555.43277195 -869.74134086 857.31493399
v 2555.43277195 -1221.21320344 8.78679656
v 2522.96100594 -899.74134086 869.74134086
v 2522.96100594 -1251.21320344 21.21320344
v 2477.03899406 -899.74134086 869.74134086
v 2477.03899406 -1251.21320344 21.21320344
v 2444.56722805 -869.74134086 857.31493399
v 2444.56722805 -1221.21320344 8.78679656
v 2500.00000000 -1200.00000000 0.00000000
v 2444.56722805 -1221.21320344 -8.78679656
v 2444.56722805 -869.74134086 -857.31493399
v 2500.00000000 -848.52813742 -848.52813742
v 2444.56722805 -1178.78679656 8.78679656
v 2444.56722805 -827.31493399 -839.74134086
v 2477.03899406 -1148.78679656 21.21320344
v 2477.03899406 -797.31493399 -827.31493399
v 2522.96100594 -1148.78679656 21.21320344
v 2522.96100594 -797.31493399 -827.31493399
v 2555.43277195 -1178.78679656 8.78679656
v 2555.43277195 -827.31493399 -839.74134086
v 2555.43277195 -1221.21320344 -8.78679656
v 2555.43277195 -869.74134086 -857.31493399
v 2522.96100594 -1251.21320344 -21.21320344
v 2522.96100594 -899.74134086 -869.74134086
v 2477.03899406 -1251.21320344 -21.21320344
v 2477.03899406 -899.74134086 -869.74134086
v 2500.00000000 -848.52813742 -848.52813742
v 2477.03899406 -869.74134086 -899.74134086
v 2477.03899406 -21.21320344 -1251.21320344
v 2500.00000000 -0.00000000 -1200.00000000
v 2444.56722805 -857.31493399 -869.74134086
v 2444.56722805 -8.78679656 -1221.21320344
v 2444.56722805 -839.74134086 -827.31493399
v 2444.56722805 8.78679656 -1178.78679656
v 2477.03899406 -827.31493399 -797.31493399
v 2477.03899406 21.21320344 -1148.78679656
v 2522.96100594 -827.31493399 -797.31493399
v 2522.96100594 21.21320344 -1148.78679656
v 2555.43277195 -839.74134086 -827.31493399
v 2555.43277195 8.78679656 -1178.78679656
v 2555.43277195 -857.31493399 -869.74134086
v 2555.43277195 -8.78679656 -1221.21320344
v 2522.96100594 -869.74134086 -899.74134086
v 2522.96100594 -21.21320344 -1251.21320344
v 2500.00000000 -0.00000000 -1200.00000000
v 2522.96100594 21.21320344 -1251.21320344
v 2522.96100594 869.74134086 -899.74134086
v 2500.00000000 848.52813742 -848.52813742
v 2477.03899406 21.21320344 -1251.21320344
v 2477.03899406 869.74134086 -899.74134086
v 2444.56722805 8.78679656 -1221.21320344
v 2444.56722805 857.31493399 -869.74134086
v 2444.56722805 -8.78679656 -1178.78679656
v 2444.56722805 839.74134086 -827.31493399
v 2477.03899406 -21.21320344 -1148.78679656
v 2477.03899406 827.31493399 -797.31493399
v 2522.96100594 -21.21320344 -1148.78679656
v 2522.96100594 827.31493399 -797.31493399
v 2555.43277195 -8.78679656 -1178.78679656
v 2555.43277195 839.74134086 -827.31493399
v 2555.43277195 8.78679656 -1221.21320344
v 2555.43277195 857.31493399 -869.74134086
v 2500.00000000 848.52813742 -848.52813742
v 2555.43277195 869.74134086 -857.31493399
v 2555.43277195 1221.21320344 -8.78679656
v 2500.00000000 1200.00000000 0.00000000
v 2522.96100594 899.74134086 -869.74134086
v 2522.96100594 1251.21320344 -21.21320344
v 2477.03899406 899.74134086 -869.74134086
v 2477.03899406 1251.21320344 -21.21320344
v 2444.56722805 869.74134086 -857.31493399
v 2444.56722805 1221.21320344 -8.78679656
v 2444.56722805 827.31493399 -839.74134086
v 2444.56722805 1178.78679656 8.78679656
v 2477.03899406 797.31493399 -827.31493399
v 2477.03899406 1148.78679656 21.21320344
v 2522.96100594 797.31493399 -827.31493399
v 2522.96100594 1148.78679656 21.21320344
v 2555.43277195 827.31493399 -839.74134086
v 2555.43277195 1178.78679656 8.78679656
v 2500.00000000 1200.00000000 0.00000000
v 2500.00000000 1200.00000000 -80.00000000
v 4000.00000000 1200.00000000 -80.00000000
v 4000.00000000 1200.00000000 0.00000000
v 2500.00000000 1256.56854249 -56.56854249
v 4000.00000000 1256.56854249 -56.56854249
v 2500.00000000 1280.00000000 -0.00000000
v 4000.00000000 1280.00000000 -0.00000000
v 2500.00000000 1256.56854249 56.56854249
v 4000.00000000 1256.56854249 56.56854249
v 2500.00000000 1200.00000000 80.00000000
v 4000.00000000 1200.00000000 80.00000000
v 2500.00000000 1143.43145751 56.56854249
v 4000.00000000 1143.43145751 56.56854249
v 2500.00000000 1120.00000000 0.00000000
v 4000.00000000 1120.00000000 0.00000000
v 2500.00000000 1143.43145751 -56.56854249
v 4000.00000000 1143.43145751 -56.56854249
v 2500.00000000 1200.00000000 0.00000000
v 2478.29041995 1202.34141504 -39.34732405
v 3978.29041995 850.86955247 -887.87546147
v 4000.00000000 848.52813742 -848.52813742
v 2491.00759751 1232.78965102 -29.47839011
v 3991.00759751 881.31778844 -878.00652753
v 2508.99240249 1244.03015413 -2.34141504
v 4008.99240249 892.55829156 -850.86955247
v 2521.70958005 1229.47839011 26.16712920
v 4021.70958005 878.00652753 -822.36100822
v 2521.70958005 1197.65858496 39.34732405
v 4021.70958005 846.18672238 -809.18081338
v 2508.99240249 1167.21034898 29.47839011
v 4008.99240249 815.73848640 -819.04974731
v 2491.00759751 1155.96984587 2.34141504
v 3991.00759751 804.49798329 -846.18672238
v 2478.29041995 1170.52160989 -26.16712920
v 3978.29041995 819.04974731 -874.69526662
v 2500.00000000 848.52813742 848.52813742
v 2500.00000000 848.52813742 768.52813742
v 4000.00000000 848.52813742 768.52813742
v 4000.00000000 848.52813742 848.52813742
v 2500.00000000 905.09667992 791.95959493
v 4000.00000000 905.09667992 791.95959493
v 2500.00000000 928.52813742 848.52813742
v 4000.00000000 928.52813742 848.52813742
v 2500.00000000 905.09667992 905.09667992
v 4000.00000000 905.09667992 905.09667992
v 2500.00000000 848.52813742 928.52813742
v 4000.00000000 848.52813742 928.52813742
v 2500.00000000 791.95959493 905.09667992
v 4000.00000000 791.95959493 905.09667992
v 2500.00000000 768.52813742 848.52813742
v 4000.00000000 768.52813742 848.52813742
v 2500.00000000 791.95959493 791.95959493
v 4000.00000000 791.95959493 791.95959493
v 2500.00000000 848.52813742 848.52813742
v 2478.29041995 846.18672238 809.18081338
v 3978.29041995 1197.65858496 -39.34732405
v 4000.00000000 1200.00000000 0.00000000
v 2478.29041995 878.00652753 822.36100822
v 3978.29041995 1229.47839011 -26.16712920
v 2491.00759751 892.55829156 850.86955247
v 3991.00759751 1244.03015413 2.34141504
v 2508.99240249 881.31778844 878.00652753
v 4008.99240249 1232.78965102 29.47839011
v 2521.70958005 850.86955247 887.87546147
v 4021.70958005 1202.34141504 39.34732405
v 2521.70958005 819.04974731 874.69526662
v 4021.70958005 1170.52160989 26.16712920
v 2508.99240249 804.49798329 846.18672238
v 4008.99240249 1155.96984587 -2.34141504
v 2491.00759751 815.73848640 819.04974731
v 3991.00759751 1167.21034898 -29.47839011
v 2500.00000000 0.00000000 1200.00000000
v 2500.00000000 0.00000000 1120.00000000
v 4000.00000000 0.00000000 1120.00000000
v 4000.00000000 0.00000000 1200.00000000
v 2500.00000000 56.56854249 1143.43145751
v 4000.00000000 56.56854249 1143.43145751
v 2500.00000000 80.00000000 1200.00000000
v 4000.00000000 80.00000000 1200.00000000
v 2500.00000000 56.56854249 1256.56854249
v 4000.00000000 56.56854249 1256.56854249
v 2500.00000000 0.00000000 1280.00000000
v 4000.00000000 0.00000000 1280.00000000
v 2500.00000000 -56.56854249 1256.56854249
v 4000.00000000 -56.56854249 1256.56854249
v 2500.00000000 -80.00000000 1200.00000000
v 4000.00000000 -80.00000000 1200.00000000
v 2500.00000000 -56.56854249 1143.43145751
v 4000.00000000 -56.56854249 1143.43145751
v 2500.00000000 0.00000000 1200.00000000
v 2491.00759751 -2.34141504 1155.96984587
v 3991.00759751 846.18672238 804.49798329
v 4000.00000000 848.52813742 848.52813742
v 2478.29041995 26.16712920 1170.52160989
v 3978.29041995 874.69526662 819.04974731
v 2478.29041995 39.34732405 1202.34141504
v 3978.29041995 887.87546147 850.86955247
v 2491.00759751 29.47839011 1232.78965102
v 3991.00759751 878.00652753 881.31778844
v 2508.99240249 2.34141504 1244.03015413
v 4008.99240249 850.86955247 892.55829156
v 2521.70958005 -26.16712920 1229.47839011
v 4021.70958005 822.36100822 878.00652753
v 2521.70958005 -39.34732405 1197.65858496
v 4021.70958005 809.18081338 846.18672238
v 2508.99240249 -29.47839011 1167.21034898
v 4008.99240249 819.04974731 815.73848640
v 2500.00000000 -848.52813742 848.52813742
v 2500.00000000 -848.52813742 768.52813742
v 4000.00000000 -848.52813742 768.52813742
v 4000.00000000 -848.52813742 848.52813742
v 2500.00000000 -791.95959493 791.95959493
v 4000.00000000 -791.95959493 791.95959493
v 2500.00000000 -768.52813742 848.52813742
v 4000.00000000 -768.52813742 848.52813742
v 2500.00000000 -791.95959493 905.09667992
v 4000.00000000 -791.95959493 905.09667992
v 2500.00000000 -848.52813742 928.52813742
v 4000.00000000 -848.52813742 928.52813742
v 2500.00000000 -905.09667992 905.09667992
v 4000.00000000 -905.09667992 905.09667992
v 2500.00000000 -928.52813742 848.52813742
v 4000.00000000 -928.52813742 848.52813742
v 2500.00000000 -905.09667992 791.95959493
v 4000.00000000 -905.09667992 791.95959493
v 2500.00000000 -848.52813742 848.52813742
v 2508.99240249 -846.18672238 804.49798329
v 4008.99240249 2.34141504 1155.96984587
v 4000.00000000 0.00000000 1200.00000000
v 2491.00759751 -819.04974731 815.73848640
v 3991.00759751 29.47839011 1167.21034898
v 2478.29041995 -809.18081338 846.18672238
v 3978.29041995 39.34732405 1197.65858496
v 2478.29041995 -822.36100822 878.00652753
v 3978.29041995 26.16712920 1229.47839011
v 2491.00759751 -850.86955247 892.55829156
v 3991.00759751 -2.34141504 1244.03015413
v 2508.99240249 -878.00652753 881.31778844
v 4008.99240249 -29.47839011 1232.78965102
v 2521.70958005 -887.87546147 850.86955247
v 4021.70958005 -39.34732405 1202.34141504
v 2521.70958005 -874.69526662 819.04974731
v 4021.70958005 -26.16712920 1170.52160989
v 2500.00000000 -1200.00000000 0.00000000
v 2500.00000000 -1200.00000000 -80.00000000
v 4000.00000000 -1200.00000000 -80.00000000
v 4000.00000000 -1200.00000000 0.00000000
v 2500.00000000 -1143.43145751 -56.56854249
v 4000.00000000 -1143.43145751 -56.56854249
v 2500.00000000 -1120.00000000 0.00000000
v 4000.00000000 -1120.00000000 0.00000000
v 2500.00000000 -1143.43145751 56.56854249
v 4000.00000000 -1143.43145751 56.56854249
v 2500.00000000 -1200.00000000 80.00000000
v 4000.00000000 -1200.00000000 80.00000000
v 2500.00000000 -1256.56854249 56.56854249
v 4000.00000000 -1256.56854249 56.56854249
v 2500.00000000 -1280.00000000 0.00000000
v 4000.00000000 -1280.00000000 0.00000000
v 2500.00000000 -1256.56854249 -56.56854249
v 4000.00000000 -1256.56854249 -56.56854249
v 2500.00000000 -1200.00000000 0.00000000
v 2521.70958005 -1197.65858496 -39.34732405
v 4021.70958005 -846.18672238 809.18081338
v 4000.00000000 -848.52813742 848.52813742
v 2508.99240249 -1167.21034898 -29.47839011
v 4008.99240249 -815.73848640 819.04974731
v 2491.00759751 -1155.96984587 -2.34141504
v 3991.00759751 -804.49798329 846.18672238
v 2478.29041995 -1170.52160989 26.16712920
v 3978.29041995 -819.04974731 874.69526662
v 2478.29041995 -1202.34141504 39.34732405
v 3978.29041995 -850.86955247 887.87546147
v 2491.00759751 -1232.78965102 29.47839011
v 3991.00759751 -881.31778844 878.00652753
v 2508.99240249 -1244.03015413 2.34141504
v 4008.99240249 -892.55829156 850.86955247
v 2521.70958005 -1229.47839011 -26.16712920
v 4021.70958005 -878.00652753 822.36100822
v 2500.00000000 -848.52813742 -848.52813742
v 2500.00000000 -848.52813742 -928.52813742
v 4000.00000000 -848.52813742 -928.52813742
v 4000.00000000 -848.52813742 -848.52813742
v 2500.00000000 -791.95959493 -905.09667992
v 4000.00000000 -791.95959493 -905.09667992
v 2500.00000000 -768.52813742 -848.52813742
v 4000.00000000 -768.52813742 -848.52813742
v 2500.00000000 -791.95959493 -791.95959493
v 4000.00000000 -791.95959493 -791.95959493
v 2500.00000000 -848.52813742 -768.52813742
v 4000.00000000 -848.52813742 -768.52813742
v 2500.00000000 -905.09667992 -791.95959493
v 4000.00000000 -905.09667992 -791.95959493
v 2500.00000000 -928.52813742 -848.52813742
v 4000.00000000 -928.52813742 -848.52813742
v 2500.00000000 -905.09667992 -905.09667992
v 4000.00000000 -905.09667992 -905.09667992
v 2500.00000000 -848.52813742 -848.52813742
v 2521.70958005 -850.86955247 -887.87546147
v 4021.70958005 -1202.34141504 -39.34732405
v 4000.00000000 -1200.00000000 0.00000000
v 2521.70958005 -819.04974731 -874.69526662
v 4021.70958005 -1170.52160989 -26.16712920
v 2508.99240249 -804.49798329 -846.18672238
v 4008.99240249 -1155.96984587 2.34141504
v 2491.00759751 -815.73848640 -819.04974731
v 3991.00759751 -1167.21034898 29.47839011
v 2478.29041995 -846.18672238 -809.18081338
v 3978.29041995 -1197.65858496 39.34732405
v 2478.29041995 -878.00652753 -822.36100822
v 3978.29041995 -1229.47839011 26.16712920
v 2491.00759751 -892.55829156 -850.86955247
v 3991.00759751 -1244.03015413 -2.34141504
v 2508.99240249 -881.31778844 -878.00652753
v 4008.99240249 -1232.78965102 -29.47839011
v 2500.00000000 -0.00000000 -1200.00000000
v 2500.00000000 -0.00000000 -1280.00000000
v 4000.00000000 -0.00000000 -1280.00000000
v 4000.00000000 -0.00000000 -1200.00000000
v 2500.00000000 56.56854249 -1256.56854249
v 4000.00000000 56.56854249 -1256.56854249
v 2500.00000000 80.00000000 -1200.00000000
v 4000.00000000 80.00000000 -1200.00000000
v 2500.00000000 56.56854249 -1143.43145751
v 4000.00000000 56.56854249 -1143.43145751
v 2500.00000000 -0.00000000 -1120.00000000
v 4000.00000000 -0.00000000 -1120.00000000
v 2500.00000000 -56.56854249 -1143.43145751
v 4000.00000000 -56.56854249 -1143.43145751
v 2500.00000000 -80.00000000 -1200.00000000
v 4000.00000000 -80.00000000 -1200.00000000
v 2500.00000000 -56.56854249 -1256.56854249
v 4000.00000000 -56.56854249 -1256.56854249
v 2500.00000000 -0.00000000 -1200.00000000
v 2508.99240249 -2.34141504 -1244.03015413
v 4008.99240249 -850.86955247 -892.55829156
v 4000.00000000 -848.52813742 -848.52813742
v 2521.70958005 26.16712920 -1229.47839011
v 4021.70958005 -822.36100822 -878.00652753
v 2521.70958005 39.34732405 -1197.65858496
v 4021.70958005 -809.18081338 -846.18672238
v 2508.99240249 29.47839011 -1167.21034898
v 4008.99240249 -819.04974731 -815.73848640
v 2491.00759751 2.34141504 -1155.96984587
v 3991.00759751 -846.18672238 -804.49798329
v 2478.29041995 -26.16712920 -1170.52160989
v 3978.29041995 -874.69526662 -819.04974731
v 2478.29041995 -39.34732405 -1202.34141504
v 3978.29041995 -887.87546147 -850.86955247
v 2491.00759751 -29.47839011 -1232.78965102
v 3991.00759751 -878.00652753 -881.31778844
v 2500.00000000 848.52813742 -848.52813742
v 2500.00000000 848.52813742 -928.52813742
v 4000.00000000 848.52813742 -928.52813742
v 4000.00000000 848.52813742 -848.52813742
v 2500.00000000 905.09667992 -905.09667992
v 4000.00000000 905.09667992 -905.09667992
v 2500.00000000 928.52813742 -848.52813742
v 4000.00000000 928.52813742 -848.52813742
v 2500.00000000 905.09667992 -791.95959493
v 4000.00000000 905.09667992 -791.95959493
v 2500.00000000 848.52813742 -768.52813742
v 4000.00000000 848.52813742 -768.52813742
v 2500.00000000 791.95959493 -791.95959493
v 4000.00000000 791.95959493 -791.95959493
v 2500.00000000 768.52813742 -848.52813742
v 4000.00000000 768.52813742 -848.52813742
v 2500.00000000 791.95959493 -905.09667992
v 4000.00000000 791.95959493 -905.09667992
v 2500.00000000 848.52813742 -848.52813742
v 2491.00759751 850.86955247 -892.55829156
v 3991.00759751 2.34141504 -1244.03015413
v 4000.00000000 -0.00000000 -1200.00000000
v 2508.99240249 878.00652753 -881.31778844
v 4008.99240249 29.47839011 -1232.78965102
v 2521.70958005 887.87546147 -850.86955247
v 4021.70958005 39.34732405 -1202.34141504
v 2521.70958005 874.69526662 -819.04974731
v 4021.70958005 26.16712920 -1170.52160989
v 2508.99240249 846.18672238 -804.49798329
v 4008.99240249 -2.34141504 -1155.96984587
v 2491.00759751 819.04974731 -815.73848640
v 3991.00759751 -29.47839011 -1167.21034898
v 2478.29041995 809.18081338 -846.18672238
v 3978.29041995 -39.34732405 -1197.65858496
v 2478.29041995 822.36100822 -878.00652753
v 3978.29041995 -26.16712920 -1229.47839011
v 4000.00000000 1200.00000000 0.00000000
v 4055.43277195 1178.78679656 -8.78679656
v 4055.43277195 827.31493399 839.74134086
v 4000.00000000 848.52813742 848.52813742
v 4055.43277195 1221.21320344 8.78679656
v 4055.43277195 869.74134086 857.31493399
v 4022.96100594 1251.21320344 21.21320344
v 4022.96100594 899.74134086 869.74134086
v 3977.03899406 1251.21320344 21.21320344
v 3977.03899406 899.74134086 869.74134086
v 3944.56722805 1221.21320344 8.78679656
v 3944.56722805 869.74134086 857.31493399
v 3944.56722805 1178.78679656 -8.78679656
v 3944.56722805 827.31493399 839.74134086
v 3977.03899406 1148.78679656 -21.21320344
v 3977.03899406 797.31493399 827.31493399
v 4022.96100594 1148.78679656 -21.21320344
v 4022.96100594 797.31493399 827.31493399
v 4000.00000000 848.52813742 848.52813742
v 4022.96100594 827.31493399 797.31493399
v 4022.96100594 -21.21320344 1148.78679656
v 4000.00000000 0.00000000 1200.00000000
v 4055.43277195 839.74134086 827.31493399
v 4055.43277195 -8.78679656 1178.78679656
v 4055.43277195 857.31493399 869.74134086
v 4055.43277195 8.78679656 1221.21320344
v 4022.96100594 869.74134086 899.74134086
v 4022.96100594 21.21320344 1251.21320344
v 3977.03899406 869.74134086 899.74134086
v 3977.03899406 21.21320344 1251.21320344
v 3944.56722805 857.31493399 869.74134086
v 3944.56722805 8.78679656 1221.21320344
v 3944.56722805 839.74134086 827.31493399
v 3944.56722805 -8.78679656 1178.78679656
v 3977.03899406 827.31493399 797.31493399
v 3977.03899406 -21.21320344 1148.78679656
v 4000.00000000 0.00000000 1200.00000000
v 3977.03899406 21.21320344 1148.78679656
v 3977.03899406 -827.31493399 797.31493399
v 4000.00000000 -848.52813742 848.52813742
v 4022.96100594 21.21320344 1148.78679656
v 4022.96100594 -827.31493399 797.31493399
v 4055.43277195 8.78679656 1178.78679656
v 4055.43277195 -839.74134086 827.31493399
v 4055.43277195 -8.78679656 1221.21320344
v 4055.43277195 -857.31493399 869.74134086
v 4022.96100594 -21.21320344 1251.21320344
v 4022.96100594 -869.74134086 899.74134086
v 3977.03899406 -21.21320344 1251.21320344
v 3977.03899406 -869.74134086 899.74134086
v 3944.56722805 -8.78679656 1221.21320344
v 3944.56722805 -857.31493399 869.74134086
v 3944.56722805 8.78679656 1178.78679656
v 3944.56722805 -839.74134086 827.31493399
v 4000.00000000 -848.52813742 848.52813742
v 3944.56722805 -827.31493399 839.74134086
v 3944.56722805 -1178.78679656 -8.78679656
v 4000.00000000 -1200.00000000 0.00000000
v 3977.03899406 -797.31493399 827.31493399
v 3977.03899406 -1148.78679656 -21.21320344
v 4022.96100594 -797.31493399 827.31493399
v 4022.96100594 -1148.78679656 -21.21320344
v 4055.43277195 -827.31493399 839.74134086
v 4055.43277195 -1178.78679656 -8.78679656
v 4055.43277195 -869.74134086 857.31493399
v 4055.43277195 -1221.21320344 8.78679656
v 4022.96100594 -899.74134086 869.74134086
v 4022.96100594 -1251.21320344 21.21320344
v 3977.03899406 -899.74134086 869.74134086
v 3977.03899406 -1251.21320344 21.21320344
v 3944.56722805 -869.74134086 857.31493399
v 3944.56722805 -1221.21320344 8.78679656
v 4000.00000000 -1200.00000000 0.00000000
v 3944.56722805 -1221.21320344 -8.78679656
v 3944.56722805 -869.74134086 -857.31493399
v 4000.00000000 -848.52813742 -848.52813742
v 3944.56722805 -1178.78679656 8.78679656
v 3944.56722805 -827.31493399 -839.74134086
v 3977.03899406 -1148.78679656 21.21320344
v 3977.03899406 -797.31493399 -827.31493399
v 4022.96100594 -1148.78679656 21.21320344
v 4022.96100594 -797.31493399 -827.31493399
v 4055.43277195 -1178.78679656 8.78679656
v 4055.43277195 -827.31493399 -839.74134086
v 4055.43277195 -1221.21320344 -8.78679656
v 4055.43277195 -869.74134086 -857.31493399
v 4022.96100594 -1251.21320344 -21.21320344
v 4022.96100594 -899.74134086 -869.74134086
v 3977.03899406 -1251.21320344 -21.21320344
v 3977.03899406 -899.74134086 -869.74134086
v 4000.00000000 -848.52813742 -848.52813742
v 3977.03899406 -869.74134086 -899.74134086
v 3977.03899406 -21.21320344 -1251.21320344
v 4000.00000000 -0.00000000 -1200.00000000
v 3944.56722805 -857.31493399 -869.74134086
v 3944.56722805 -8.78679656 -1221.21320344
v 3944.56722805 -839.74134086 -827.31493399
v 3944.56722805 8.78679656 -1178.78679656
v 3977.03899406 -827.31493399 -797.31493399
v 3977.03899406 21.21320344 -1148.78679656
v 4022.96100594 -827.31493399 -797.31493399
v 4022.96100594 21.21320344 -1148.78679656
v 4055.43277195 -839.74134086 -827.31493399
v 4055.43277195 8.78679656 -1178.78679656
v 4055.43277195 -857.31493399 -869.74134086
v 4055.43277195 -8.78679656 -1221.21320344
v 4022.96100594 -869.74134086 -899.74134086
v 4022.96100594 -21.21320344 -1251.21320344
v 4000.00000000 -0.00000000 -1200.00000000
v 4022.96100594 21.21320344 -1251.21320344
v 4022.96100594 869.74134086 -899.74134086
v 4000.00000000 848.52813742 -848.52813742
v 3977.03899406 21.21320344 -1251.21320344
v 3977.03899406 869.74134086 -899.74134086
v 3944.56722805 8.78679656 -1221.21320344
v 3944.56722805 857.31493399 -869.74134086
v 3944.56722805 -8.78679656 -1178.78679656
v 3944.56722805 839.74134086 -827.31493399
v 3977.03899406 -21.21320344 -1148.78679656
v 3977.03899406 827.31493399 -797.31493399
v 4022.96100594 -21.21320344 -1148.78679656
v 4022.96100594 827.31493399 -797.31493399
v 4055.43277195 -8.78679656 -1178.78679656
v 4055.43277195 839.74134086 -827.31493399
v 4055.43277195 8.78679656 -1221.21320344
v 4055.43277195 857.31493399 -869.74134086
v 4000.00000000 848.52813742 -848.52813742
v 4055.43277195 869.74134086 -857.31493399
v 4055.43277195 1221.21320344 -8.78679656
v 4000.00000000 1200.00000000 0.00000000
v 4022.96100594 899.74134086 -869.74134086
v 4022.96100594 1251.21320344 -21.21320344
v 3977.03899406 899.74134086 -869.74134086
v 3977.03899406 1251.21320344 -21.21320344
v 3944.56722805 869.74134086 -857.31493399
v 3944.56722805 1221.21320344 -8.78679656
v 3944.56722805 827.31493399 -839.74134086
v 3944.56722805 1178.78679656 8.78679656
v 3977.03899406 797.31493399 -827.31493399
v 3977.03899406 1148.78679656 21.21320344
v 4022.96100594 797.31493399 -827.31493399
v 4022.96100594 1148.78679656 21.21320344
v 4055.43277195 827.31493399 -839.74134086
v 4055.43277195 1178.78679656 8.78679656
v 4000.00000000 1200.00000000 0.00000000
v 4000.00000000 1200.00000000 -80.00000000
v 6500.00000000 1200.00000000 -80.00000000
v 6500.00000000 1200.00000000 0.00000000
v 4000.00000000 1256.56854249 -56.56854249
v 6500.00000000 1256.56854249 -56.56854249
v 4000.00000000 1280.00000000 -0.00000000
v 6500.00000000 1280.00000000 -0.00000000
v 4000.00000000 1256.56854249 56.56854249
v 6500.00000000 1256.56854249 56.56854249
v 4000.00000000 1200.00000000 80.00000000
v 6500.00000000 1200.00000000 80.00000000
v 4000.00000000 1143.43145751 56.56854249
v 6500.00000000 1143.43145751 56.56854249
v 4000.00000000 1120.00000000 0.00000000
v 6500.00000000 1120.00000000 0.00000000
v 4000.00000000 1143.43145751 -56.56854249
v 6500.00000000 1143.43145751 -56.56854249
v 4000.00000000 1200.00000000 -0.00000000
v 4014.33664335 1199.02410091 -42.64397119
v 6514.33664335 847.55223834 805.88416624
v 6500.00000000 848.52813742 848.52813742
v 4014.33664335 1230.84390607 -29.46377634
v 6514.33664335 879.37204349 819.06436109
v 4005.93843211 1244.59576936 0.97589909
v 6505.93843211 893.12390679 849.50403651
v 3994.06156789 1232.22403579 30.84390607
v 6494.06156789 880.75217322 879.37204349
v 3985.66335665 1200.97589909 42.64397119
v 6485.66335665 849.50403651 891.17210861
v 3985.66335665 1169.15609393 29.46377634
v 6485.66335665 817.68423136 877.99191376
v 3994.06156789 1155.40423064 -0.97589909
v 6494.06156789 803.93236806 847.55223834
v 4005.93843211 1167.77596421 -30.84390607
v 6505.93843211 816.30410163 817.68423136
v 4000.00000000 848.52813742 848.52813742
v 4000.00000000 848.52813742 768.52813742
v 6500.00000000 848.52813742 768.52813742
v 6500.00000000 848.52813742 848.52813742
v 4000.00000000 905.09667992 791.95959493
v 6500.00000000 905.09667992 791.95959493
v 4000.00000000 928.52813742 848.52813742
v 6500.00000000 928.52813742 848.52813742
v 4000.00000000 905.09667992 905.09667992
v 6500.00000000 905.09667992 905.09667992
v 4000.00000000 848.52813742 928.52813742
v 6500.00000000 848.52813742 928.52813742
v 4000.00000000 791.95959493 905.09667992
v 6500.00000000 791.95959493 905.09667992
v 4000.00000000 768.52813742 848.52813742
v 6500.00000000 768.52813742 848.52813742
v 4000.00000000 791.95959493 791.95959493
v 6500.00000000 791.95959493 791.95959493
v 4000.00000000 848.52813742 848.52813742
v 4005.93843211 847.55223834 803.93236806
v 6505.93843211 -0.97589909 1155.40423064
v 6500.00000000 0.00000000 1200.00000000
v 4014.33664335 877.99191376 817.68423136
v 6514.33664335 29.46377634 1169.15609393
v 4014.33664335 891.17210861 849.50403651
v 6514.33664335 42.64397119 1200.97589909
v 4005.93843211 879.37204349 880.75217322
v 6505.93843211 30.84390607 1232.22403579
v 3994.06156789 849.50403651 893.12390679
v 6494.06156789 0.97589909 1244.59576936
v 3985.66335665 819.06436109 879.37204349
v 6485.66335665 -29.46377634 1230.84390607
v 3985.66335665 805.88416624 847.55223834
v 6485.66335665 -42.64397119 1199.02410091
v 3994.06156789 817.68423136 816.30410163
v 6494.06156789 -30.84390607 1167.77596421
v 4000.00000000 0.00000000 1200.00000000
v 4000.00000000 0.00000000 1120.00000000
v 6500.00000000 0.00000000 1120.00000000
v 6500.00000000 0.00000000 1200.00000000
v 4000.00000000 56.56854249 1143.43145751
v 6500.00000000 56.56854249 1143.43145751
v 4000.00000000 80.00000000 1200.00000000
v 6500.00000000 80.00000000 1200.00000000
v 4000.00000000 56.56854249 1256.56854249
v 6500.00000000 56.56854249 1256.56854249
v 4000.00000000 0.00000000 1280.00000000
v 6500.00000000 0.00000000 1280.00000000
v 4000.00000000 -56.56854249 1256.56854249
v 6500.00000000 -56.56854249 1256.56854249
v 4000.00000000 -80.00000000 1200.00000000
v 6500.00000000 -80.00000000 1200.00000000
v 4000.00000000 -56.56854249 1143.43145751
v 6500.00000000 -56.56854249 1143.43145751
v 4000.00000000 0.00000000 1200.00000000
v 3994.06156789 0.97589909 1155.40423064
v 6494.06156789 -847.55223834 803.93236806
v 6500.00000000 -848.52813742 848.52813742
v 4005.93843211 30.84390607 1167.77596421
v 6505.93843211 -817.68423136 816.30410163
v 4014.33664335 42.64397119 1199.02410091
v 6514.33664335 -805.88416624 847.55223834
v 4014.33664335 29.46377634 1230.84390607
v 6514.33664335 -819.06436109 879.37204349
v 4005.93843211 -0.97589909 1244.59576936
v 6505.93843211 -849.50403651 893.12390679
v 3994.06156789 -30.84390607 1232.22403579
v 6494.06156789 -879.37204349 880.75217322
v 3985.66335665 -42.64397119 1200.97589909
v 6485.66335665 -891.17210861 849.50403651
v 3985.66335665 -29.46377634 1169.15609393
v 6485.66335665 -877.99191376 817.68423136
v 4000.00000000 -848.52813742 848.52813742
v 4000.00000000 -848.52813742 768.52813742
v 6500.00000000 -848.52813742 768.52813742
v 6500.00000000 -848.52813742 848.52813742
v 4000.00000000 -791.95959493 791.95959493
v 6500.00000000 -791.95959493 791.95959493
v 4000.00000000 -768.52813742 848.52813742
v 6500.00000000 -768.52813742 848.52813742
v 4000.00000000 -791.95959493 905.09667992
v 6500.00000000 -791.95959493 905.09667992
v 4000.00000000 -848.52813742 928.52813742
v 6500.00000000 -848.52813742 928.52813742
v 4000.00000000 -905.09667992 905.09667992
v 6500.00000000 -905.09667992 905.09667992
v 4000.00000000 -928.52813742 848.52813742
v 6500.00000000 -928.52813742 848.52813742
v 4000.00000000 -905.09667992 791.95959493
v 6500.00000000 -905.09667992 791.95959493
v 4000.00000000 -848.52813742 848.52813742
v 3985.66335665 -847.55223834 805.88416624
v 6485.66335665 -1199.02410091 -42.64397119
v 6500.00000000 -1200.00000000 0.00000000
v 3994.06156789 -816.30410163 817.68423136
v 6494.06156789 -1167.77596421 -30.84390607
v 4005.93843211 -803.93236806 847.55223834
v 6505.93843211 -1155.40423064 -0.97589909
v 4014.33664335 -817.68423136 877.99191376
v 6514.33664335 -1169.15609393 29.46377634
v 4014.33664335 -849.50403651 891.17210861
v 6514.33664335 -1200.97589909 42.64397119
v 4005.93843211 -880.75217322 879.37204349
v 6505.93843211 -1232.22403579 30.84390607
v 3994.06156789 -893.12390679 849.50403651
v 6494.06156789 -1244.59576936 0.97589909
v 3985.66335665 -879.37204349 819.06436109
v 6485.66335665 -1230.84390607 -29.46377634
v 4000.00000000 -1200.00000000 0.00000000
v 4000.00000000 -1200.00000000 -80.00000000
v 6500.00000000 -1200.00000000 -80.00000000
v 6500.00000000 -1200.00000000 0.00000000
v 4000.00000000 -1143.43145751 -56.56854249
v 6500.00000000 -1143.43145751 -56.56854249
v 4000.00000000 -1120.00000000 0.00000000
v 6500.00000000 -1120.00000000 0.00000000
v 4000.00000000 -1143.43145751 56.56854249
v 6500.00000000 -1143.43145751 56.56854249
v 4000.00000000 -1200.00000000 80.00000000
v 6500.00000000 -1200.00000000 80.00000000
v 4000.00000000 -1256.56854249 56.56854249
v 6500.00000000 -1256.56854249 56.56854249
v 4000.00000000 -1280.00000000 0.00000000
v 6500.00000000 -1280.00000000 0.00000000
v 4000.00000000 -1256.56854249 -56.56854249
v 6500.00000000 -1256.56854249 -56.56854249
v 4000.00000000 -1200.00000000 0.00000000
v 3985.66335665 -1200.97589909 -42.64397119
v 6485.66335665 -849.50403651 -891.17210861
v 6500.00000000 -848.52813742 -848.52813742
v 3985.66335665 -1169.15609393 -29.46377634
v 6485.66335665 -817.68423136 -877.99191376
v 3994.06156789 -1155.40423064 0.97589909
v 6494.06156789 -803.93236806 -847.55223834
v 4005.93843211 -1167.77596421 30.84390607
v 6505.93843211 -816.30410163 -817.68423136
v 4014.33664335 -1199.02410091 42.64397119
v 6514.33664335 -847.55223834 -805.88416624
v 4014.33664335 -1230.84390607 29.46377634
v 6514.33664335 -879.37204349 -819.06436109
v 4005.93843211 -1244.59576936 -0.97589909
v 6505.93843211 -893.12390679 -849.50403651
v 3994.06156789 -1232.22403579 -30.84390607
v 6494.06156789 -880.75217322 -879.37204349
v 4000.00000000 -848.52813742 -848.52813742
v 4000.00000000 -848.52813742 -928.52813742
v 6500.00000000 -848.52813742 -928.52813742
v 6500.00000000 -848.52813742 -848.52813742
v 4000.00000000 -791.95959493 -905.09667992
v 6500.00000000 -791.95959493 -905.09667992
v 4000.00000000 -768.52813742 -848.52813742
v 6500.00000000 -768.52813742 -848.52813742
v 4000.00000000 -791.95959493 -791.95959493
v 6500.00000000 -791.95959493 -791.95959493
v 4000.00000000 -848.52813742 -768.52813742
v 6500.00000000 -848.52813742 -768.52813742
v 4000.00000000 -905.09667992 -791.95959493
v 6500.00000000 -905.09667992 -791.95959493
v 4000.00000000 -928.52813742 -848.52813742
v 6500.00000000 -928.52813742 -848.52813742
v 4000.00000000 -905.09667992 -905.09667992
v 6500.00000000 -905.09667992 -905.09667992
v 4000.00000000 -848.52813742 -848.52813742
v 3994.06156789 -849.50403651 -893.12390679
v 6494.06156789 -0.97589909 -1244.59576936
v 6500.00000000 -0.00000000 -1200.00000000
v 3985.66335665 -819.06436109 -879.37204349
v 6485.66335665 29.46377634 -1230.84390607
v 3985.66335665 -805.88416624 -847.55223834
v 6485.66335665 42.64397119 -1199.02410091
v 3994.06156789 -817.68423136 -816.30410163
v 6494.06156789 30.84390607 -1167.77596421
v 4005.93843211 -847.55223834 -803.93236806
v 6505.93843211 0.97589909 -1155.40423064
v 4014.33664335 -877.99191376 -817.68423136
v 6514.33664335 -29.46377634 -1169.15609393
v 4014.33664335 -891.17210861 -849.50403651
v 6514.33664335 -42.64397119 -1200.97589909
v 4005.93843211 -879.37204349 -880.75217322
v 6505.93843211 -30.84390607 -1232.22403579
v 4000.00000000 -0.00000000 -1200.00000000
v 4000.00000000 -0.00000000 -1280.00000000
v 6500.00000000 -0.00000000 -1280.00000000
v 6500.00000000 -0.00000000 -1200.00000000
v 4000.00000000 56.56854249 -1256.56854249
v 6500.00000000 56.56854249 -1256.56854249
v 4000.00000000 80.00000000 -1200.00000000
v 6500.00000000 80.00000000 -1200.00000000
v 4000.00000000 56.56854249 -1143.43145751
v 6500.00000000 56.56854249 -1143.43145751
v 4000.00000000 -0.00000000 -1120.00000000
v 6500.00000000 -0.00000000 -1120.00000000
v 4000.00000000 -56.56854249 -1143.43145751
v 6500.00000000 -56.56854249 -1143.43145751
v 4000.00000000 -80.00000000 -1200.00000000
v 6500.00000000 -80.00000000 -1200.00000000
v 4000.00000000 -56.56854249 -1256.56854249
v 6500.00000000 -56.56854249 -1256.56854249
v 4000.00000000 -0.00000000 -1200.00000000
v 4005.93843211 0.97589909 -1244.59576936
v 6505.93843211 849.50403651 -893.12390679
v 6500.00000000 848.52813742 -848.52813742
v 3994.06156789 30.84390607 -1232.22403579
v 6494.06156789 879.37204349 -880.75217322
v 3985.66335665 42.64397119 -1200.97589909
v 6485.66335665 891.17210861 -849.50403651
v 3985.66335665 29.46377634 -1169.15609393
v 6485.66335665 877.99191376 -817.68423136
v 3994.06156789 -0.97589909 -1155.40423064
v 6494.06156789 847.55223834 -803.93236806
v 4005.93843211 -30.84390607 -1167.77596421
v 6505.93843211 817.68423136 -816.30410163
v 4014.33664335 -42.64397119 -1199.02410091
v 6514.33664335 805.88416624 -847.55223834
v 4014.33664335 -29.46377634 -1230.84390607
v 6514.33664335 819.06436109 -879.37204349
v 4000.00000000 848.52813742 -848.52813742
v 4000.00000000 848.52813742 -928.52813742
v 6500.00000000 848.52813742 -928.52813742
v 6500.00000000 848.52813742 -848.52813742
v 4000.00000000 905.09667992 -905.09667992
v 6500.00000000 905.09667992 -905.09667992
v 4000.00000000 928.52813742 -848.52813742
v 6500.00000000 928.52813742 -848.52813742
v 4000.00000000 905.09667992 -791.95959493
v 6500.00000000 905.09667992 -791.95959493
v 4000.00000000 848.52813742 -768.52813742
v 6500.00000000 848.52813742 -768.52813742
v 4000.00000000 791.95959493 -791.95959493
v 6500.00000000 791.95959493 -791.95959493
v 4000.00000000 768.52813742 -848.52813742
v 6500.00000000 768.52813742 -848.52813742
v 4000.00000000 791.95959493 -905.09667992
v 6500.00000000 791.95959493 -905.09667992
v 4000.00000000 848.52813742 -848.52813742
v 4014.33664335 849.50403651 -891.17210861
v 6514.33664335 1200.97589909 -42.64397119
v 6500.00000000 1200.00000000 0.00000000
v 4005.93843211 880.75217322 -879.37204349
v 6505.93843211 1232.22403579 -30.84390607
v 3994.06156789 893.12390679 -849.50403651
v 6494.06156789 1244.59576936 -0.97589909
v 3985.66335665 879.37204349 -819.06436109
v 6485.66335665 1230.84390607 29.46377634
v 3985.66335665 847.55223834 -805.88416624
v 6485.66335665 1199.02410091 42.64397119
v 3994.06156789 816.30410163 -817.68423136
v 6494.06156789 1167.77596421 30.84390607
v 4005.93843211 803.93236806 -847.55223834
v 6505.93843211 1155.40423064 0.97589909
v 4014.33664335 817.68423136 -877.99191376
v 6514.33664335 1169.15609393 -29.46377634
v 6500.00000000 1200.00000000 0.00000000
v 6555.43277195 1178.78679656 -8.78679656
v 6555.43277195 827.31493399 839.74134086
v 6500.00000000 848.52813742 848.52813742
v 6555.43277195 1221.21320344 8.78679656
v 6555.43277195 869.74134086 857.31493399
v 6522.96100594 1251.21320344 21.21320344
v 6522.96100594 899.74134086 869.74134086
v 6477.03899406 1251.21320344 21.21320344
v 6477.03899406 899.74134086 869.74134086
v 6444.56722805 1221.21320344 8.78679656
v 6444.56722805 869.74134086 857.31493399
v 6444.56722805 1178.78679656 -8.78679656
v 6444.56722805 827.31493399 839.74134086
v 6477.03899406 1148.78679656 -21.21320344
v 6477.03899406 797.31493399 827.31493399
v 6522.96100594 1148.78679656 -21.21320344
v 6522.96100594 797.31493399 827.31493399
v 6500.00000000 848.52813742 848.52813742
v 6522.96100594 827.31493399 797.31493399
v 6522.96100594 -21.21320344 1148.78679656
v 6500.00000000 0.00000000 1200.00000000
v 6555.43277195 839.74134086 827.31493399
v 6555.43277195 -8.78679656 1178.78679656
v 6555.43277195 857.31493399 869.74134086
v 6555.43277195 8.78679656 1221.21320344
v 6522.96100594 869.74134086 899.74134086
v 6522.96100594 21.21320344 1251.21320344
v 6477.03899406 869.74134086 899.74134086
v 6477.03899406 21.21320344 1251.21320344
v 6444.56722805 857.31493399 869.74134086
v 6444.56722805 8.78679656 1221.21320344
v 6444.56722805 839.74134086 827.31493399
v 6444.56722805 -8.78679656 1178.78679656
v 6477.03899406 827.31493399 797.31493399
v 6477.03899406 -21.21320344 1148.78679656
v 6500.00000000 0.00000000 1200.00000000
v 6477.03899406 21.21320344 1148.78679656
v 6477.03899406 -827.31493399 797.31493399
v 6500.00000000 -848.52813742 848.52813742
v 6522.96100594 21.21320344 1148.78679656
v 6522.96100594 -827.31493399 797.31493399
v 6555.43277195 8.78679656 1178.78679656
v 6555.43277195 -839.74134086 827.31493399
v 6555.43277195 -8.78679656 1221.21320344
v 6555.43277195 -857.31493399 869.74134086
v 6522.96100594 -21.21320344 1251.21320344
v 6522.96100594 -869.74134086 899.74134086
v 6477.03899406 -21.21320344 1251.21320344
v 6477.03899406 -869.74134086 899.74134086
v 6444.56722805 -8.78679656 1221.21320344
v 6444.56722805 -857.31493399 869.74134086
v 6444.56722805 8.78679656 1178.78679656
v 6444.56722805 -839.74134086 827.31493399
v 6500.00000000 -848.52813742 848.52813742
v 6444.56722805 -827.31493399 839.74134086
v 6444.56722805 -1178.78679656 -8.78679656
v 6500.00000000 -1200.00000000 0.00000000
v 6477.03899406 -797.31493399 827.31493399
v 6477.03899406 -1148.78679656 -21.21320344
v 6522.96100594 -797.31493399 827.31493399
v 6522.96100594 -1148.78679656 -21.21320344
v 6555.43277195 -827.31493399 839.74134086
v 6555.43277195 -1178.78679656 -8.78679656
v 6555.43277195 -869.74134086 857.31493399
v 6555.43277195 -1221.21320344 8.78679656
v 6522.96100594 -899.74134086 869.74134086
v 6522.96100594 -1251.21320344 21.21320344
v 6477.03899406 -899.74134086 869.74134086
v 6477.03899406 -1251.21320344 21.21320344
v 6444.56722805 -869.74134086 857.31493399
v 6444.56722805 -1221.21320344 8.78679656
v 6500.00000000 -1200.00000000 0.00000000
v 6444.56722805 -1221.21320344 -8.78679656
v 6444.56722805 -869.74134086 -857.31493399
v 6500.00000000 -848.52813742 -848.52813742
v 6444.56722805 -1178.78679656 8.78679656
v 6444.56722805 -827.31493399 -839.74134086
v 6477.03899406 -1148.78679656 21.21320344
v 6477.03899406 -797.31493399 -827.31493399
v 6522.96100594 -1148.78679656 21.21320344
v 6522.96100594 -797.31493399 -827.31493399
v 6555.43277195 -1178.78679656 8.78679656
v 6555.43277195 -827.31493399 -839.74134086
v 6555.43277195 -1221.21320344 -8.78679656
v 6555.43277195 -869.74134086 -857.31493399
v 6522.96100594 -1251.21320344 -21.21320344
v 6522.96100594 -899.74134086 -869.74134086
v 6477.03899406 -1251.21320344 -21.21320344
v 6477.03899406 -899.74134086 -869.74134086
v 6500.00000000 -848.52813742 -848.52813742
v 6477.03899406 -869.74134086 -899.74134086
v 6477.03899406 -21.21320344 -1251.21320344
v 6500.00000000 -0.00000000 -1200.00000000
v 6444.56722805 -857.31493399 -869.74134086
v 6444.56722805 -8.78679656 -1221.21320344
v 6444.56722805 -839.74134086 -827.31493399
v 6444.56722805 8.78679656 -1178.78679656
v 6477.03899406 -827.31493399 -797.31493399
v 6477.03899406 21.21320344 -1148.78679656
v 6522.96100594 -827.31493399 -797.31493399
v 6522.96100594 21.21320344 -1148.78679656
v 6555.43277195 -839.74134086 -827.31493399
v 6555.43277195 8.78679656 -1178.78679656
v 6555.43277195 -857.31493399 -869.74134086
v 6555.43277195 -8.78679656 -1221.21320344
v 6522.96100594 -869.74134086 -899.74134086
v 6522.96100594 -21.21320344 -1251.21320344
v 6500.00000000 -0.00000000 -1200.00000000
v 6522.96100594 21.21320344 -1251.21320344
v 6522.96100594 869.74134086 -899.74134086
v 6500.00000000 848.52813742 -848.52813742
v 6477.03899406 21.21320344 -1251.21320344
v 6477.03899406 869.74134086 -899.74134086
v 6444.56722805 8.78679656 -1221.21320344
v 6444.56722805 857.31493399 -869.74134086
v 6444.56722805 -8.78679656 -1178.78679656
v 6444.56722805 839.74134086 -827.31493399
v 6477.03899406 -21.21320344 -1148.78679656
v 6477.03899406 827.31493399 -797.31493399
v 6522.96100594 -21.21320344 -1148.78679656
v 6522.96100594 827.31493399 -797.31493399
v 6555.43277195 -8.78679656 -1178.78679656
v 6555.43277195 839.74134086 -827.31493399
v 6555.43277195 8.78679656 -1221.21320344
v 6555.43277195 857.31493399 -869.74134086
v 6500.00000000 848.52813742 -848.52813742
v 6555.43277195 869.74134086 -857.31493399
v 6555.43277195 1221.21320344 -8.78679656
v 6500.00000000 1200.00000000 0.00000000
v 6522.96100594 899.74134086 -869.74134086
v 6522.96100594 1251.21320344 -21.21320344
v 6477.03899406 899.74134086 -869.74134086
v 6477.03899406 1251.21320344 -21.21320344
v 6444.56722805 869.74134086 -857.31493399
v 6444.56722805 1221.21320344 -8.78679656
v 6444.56722805 827.31493399 -839.74134086
v 6444.56722805 1178.78679656 8.78679656
v 6477.03899406 797.31493399 -827.31493399
v 6477.03899406 1148.78679656 21.21320344
v 6522.96100594 797.31493399 -827.31493399
v 6522.96100594 1148.78679656 21.21320344
v 6555.43277195 827.31493399 -839.74134086
v 6555.43277195 1178.78679656 8.78679656
v 6500.00000000 1200.00000000 0.00000000
v 6500.00000000 1200.00000000 -80.00000000
v 9000.00000000 1200.00000000 -80.00000000
v 9000.00000000 1200.00000000 0.00000000
v 6500.00000000 1256.56854249 -56.56854249
v 9000.00000000 1256.56854249 -56.56854249
v 6500.00000000 1280.00000000 -0.00000000
v 9000.00000000 1280.00000000 -0.00000000
v 6500.00000000 1256.56854249 56.56854249
v 9000.00000000 1256.56854249 56.56854249
v 6500.00000000 1200.00000000 80.00000000
v 9000.00000000 1200.00000000 80.00000000
v 6500.00000000 1143.43145751 56.56854249
v 9000.00000000 1143.43145751 56.56854249
v 6500.00000000 1120.00000000 0.00000000
v 9000.00000000 1120.00000000 0.00000000
v 6500.00000000 1143.43145751 -56.56854249
v 9000.00000000 1143.43145751 -56.56854249
v 6500.00000000 1200.00000000 0.00000000
v 6485.66335665 1200.97589909 -42.64397119
v 8985.66335665 849.50403651 -891.17210861
v 9000.00000000 848.52813742 -848.52813742
v 6494.06156789 1232.22403579 -30.84390607
v 8994.06156789 880.75217322 -879.37204349
v 6505.93843211 1244.59576936 -0.97589909
v 9005.93843211 893.12390679 -849.50403651
v 6514.33664335 1230.84390607 29.46377634
v 9014.33664335 879.37204349 -819.06436109
v 6514.33664335 1199.02410091 42.64397119
v 9014.33664335 847.55223834 -805.88416624
v 6505.93843211 1167.77596421 30.84390607
v 9005.93843211 816.30410163 -817.68423136
v 6494.06156789 1155.40423064 0.97589909
v 8994.06156789 803.93236806 -847.55223834
v 6485.66335665 1169.15609393 -29.46377634
v 8985.66335665 817.68423136 -877.99191376
v 6500.00000000 848.52813742 848.52813742
v 6500.00000000 848.52813742 768.52813742
v 9000.00000000 848.52813742 768.52813742
v 9000.00000000 848.52813742 848.52813742
v 6500.00000000 905.09667992 791.95959493
v 9000.00000000 905.09667992 791.95959493
v 6500.00000000 928.52813742 848.52813742
v 9000.00000000 928.52813742 848.52813742
v 6500.00000000 905.09667992 905.09667992
v 9000.00000000 905.09667992 905.09667992
v 6500.00000000 848.52813742 928.52813742
v 9000.00000000 848.52813742 928.52813742
v 6500.00000000 791.95959493 905.09667992
v 9000.00000000 791.95959493 905.09667992
v 6500.00000000 768.52813742 848.52813742
v 9000.00000000 768.52813742 848.52813742
v 6500.00000000 791.95959493 791.95959493
v 9000.00000000 791.95959493 791.95959493
v 6500.00000000 848.52813742 848.52813742
v 6485.66335665 847.55223834 805.88416624
v 8985.66335665 1199.02410091 -42.64397119
v 9000.00000000 1200.00000000 -0.00000000
v 6485.66335665 879.37204349 819.06436109
v 8985.66335665 1230.84390607 -29.46377634
v 6494.06156789 893.12390679 849.50403651
v 8994.06156789 1244.59576936 0.97589909
v 6505.93843211 880.75217322 879.37204349
v 9005.93843211 1232.22403579 30.84390607
v 6514.33664335 849.50403651 891.17210861
v 9014.33664335 1200.97589909 42.64397119
v 6514.33664335 817.68423136 877.99191376
v 9014.33664335 1169.15609393 29.46377634
v 6505.93843211 803.93236806 847.55223834
v 9005.93843211 1155.40423064 -0.97589909
v 6494.06156789 816.30410163 817.68423136
v 8994.06156789 1167.77596421 -30.84390607
v 6500.00000000 0.00000000 1200.00000000
v 6500.00000000 0.00000000 1120.00000000
v 9000.00000000 0.00000000 1120.00000000
v 9000.00000000 0.00000000 1200.00000000
v 6500.00000000 56.56854249 1143.43145751
v 9000.00000000 56.56854249 1143.43145751
v 6500.00000000 80.00000000 1200.00000000
v 9000.00000000 80.00000000 1200.00000000
v 6500.00000000 56.56854249 1256.56854249
v 9000.00000000 56.56854249 1256.56854249
v 6500.00000000 0.00000000 1280.00000000
v 9000.00000000 0.00000000 1280.00000000
v 6500.00000000 -56.56854249 1256.56854249
v 9000.00000000 -56.56854249 1256.56854249
v 6500.00000000 -80.00000000 1200.00000000
v 9000.00000000 -80.00000000 1200.00000000
v 6500.00000000 -56.56854249 1143.43145751
v 9000.00000000 -56.56854249 1143.43145751
v 6500.00000000 0.00000000 1200.00000000
v 6494.06156789 -0.97589909 1155.40423064
v 8994.06156789 847.55223834 803.93236806
v 9000.00000000 848.52813742 848.52813742
v 6485.66335665 29.46377634 1169.15609393
v 8985.66335665 877.99191376 817.68423136
v 6485.66335665 42.64397119 1200.97589909
v 8985.66335665 891.17210861 849.50403651
v 6494.06156789 30.84390607 1232.22403579
v 8994.06156789 879.37204349 880.75217322
v 6505.93843211 0.97589909 1244.59576936
v 9005.93843211 849.50403651 893.12390679
v 6514.33664335 -29.46377634 1230.84390607
v 9014.33664335 819.06436109 879.37204349
v 6514.33664335 -42.64397119 1199.02410091
v 9014.33664335 805.88416624 847.55223834
v 6505.93843211 -30.84390607 1167.77596421
v 9005.93843211 817.68423136 816.30410163
v 6500.00000000 -848.52813742 848.52813742
v 6500.00000000 -848.52813742 768.52813742
v 9000.00000000 -848.52813742 768.52813742
v 9000.00000000 -848.52813742 848.52813742
v 6500.00000000 -791.95959493 791.95959493
v 9000.00000000 -791.95959493 791.95959493
v 6500.00000000 -768.52813742 848.52813742
v 9000.00000000 -768.52813742 848.52813742
v 6500.00000000 -791.95959493 905.09667992
v 9000.00000000 -791.95959493 905.09667992
v 6500.00000000 -848.52813742 928.52813742
v 9000.00000000 -848.52813742 928.52813742
v 6500.00000000 -905.09667992 905.09667992
v 9000.00000000 -905.09667992 905.09667992
v 6500.00000000 -928.52813742 848.52813742
v 9000.00000000 -928.52813742 848.52813742
v 6500.00000000 -905.09667992 791.95959493
v 9000.00000000 -905.09667992 791.95959493
v 6500.00000000 -848.52813742 848.52813742
v 6505.93843211 -847.55223834 803.93236806
v 9005.93843211 0.97589909 1155.40423064
v 9000.00000000 0.00000000 1200.00000000
v 6494.06156789 -817.68423136 816.30410163
v 8994.06156789 30.84390607 1167.77596421
v 6485.66335665 -805.88416624 847.55223834
v 8985.66335665 42.64397119 1199.02410091
v 6485.66335665 -819.06436109 879.37204349
v 8985.66335665 29.46377634 1230.84390607
v 6494.06156789 -849.50403651 893.12390679
v 8994.06156789 -0.97589909 1244.59576936
v 6505.93843211 -879.37204349 880.75217322
v 9005.93843211 -30.84390607 1232.22403579
v 6514.33664335 -891.17210861 849.50403651
v 9014.33664335 -42.64397119 1200.97589909
v 6514.33664335 -877.99191376 817.68423136
v 9014.33664335 -29.46377634 1169.15609393
v 6500.00000000 -1200.00000000 0.00000000
v 6500.00000000 -1200.00000000 -80.00000000
v 9000.00000000 -1200.00000000 -80.00000000
v 9000.00000000 -1200.00000000 0.00000000
v 6500.00000000 -1143.43145751 -56.56854249
v 9000.00000000 -1143.43145751 -56.56854249
v 6500.00000000 -1120.00000000 0.00000000
v 9000.00000000 -1120.00000000 0.00000000
v 6500.00000000 -1143.43145751 56.56854249
v 9000.00000000 -1143.43145751 56.56854249
v 6500.00000000 -1200.00000000 80.00000000
v 9000.00000000 -1200.00000000 80.00000000
v 6500.00000000 -1256.56854249 56.56854249
v 9000.00000000 -1256.56854249 56.56854249
v 6500.00000000 -1280.00000000 0.00000000
v 9000.00000000 -1280.00000000 0.00000000
v 6500.00000000 -1256.56854249 -56.56854249
v 9000.00000000 -1256.56854249 -56.56854249
v 6500.00000000 -1200.00000000 0.00000000
v 6514.33664335 -1199.02410091 -42.64397119
v 9014.33664335 -847.55223834 805.88416624
v 9000.00000000 -848.52813742 848.52813742
v 6505.93843211 -1167.77596421 -30.84390607
v 9005.93843211 -816.30410163 817.68423136
v 6494.06156789 -1155.40423064 -0.97589909
v 8994.06156789 -803.93236806 847.55223834
v 6485.66335665 -1169.15609393 29.46377634
v 8985.66335665 -817.68423136 877.99191376
v 6485.66335665 -1200.97589909 42.64397119
v 8985.66335665 -849.50403651 891.17210861
v 6494.06156789 -1232.22403579 30.84390607
v 8994.06156789 -880.75217322 879.37204349
v 6505.93843211 -1244.59576936 0.97589909
v 9005.93843211 -893.12390679 849.50403651
v 6514.33664335 -1230.84390607 -29.46377634
v 9014.33664335 -879.37204349 819.06436109
v 6500.00000000 -848.52813742 -848.52813742
v 6500.00000000 -848.52813742 -928.52813742
v 9000.00000000 -848.52813742 -928.52813742
v 9000.00000000 -848.52813742 -848.52813742
v 6500.00000000 -791.95959493 -905.09667992
v 9000.00000000 -791.95959493 -905.09667992
v 6500.00000000 -768.52813742 -848.52813742
v 9000.00000000 -768.52813742 -848.52813742
v 6500.00000000 -791.95959493 -791.95959493
v 9000.00000000 -791.95959493 -791.95959493
v 6500.00000000 -848.52813742 -768.52813742
v 9000.00000000 -848.52813742 -768.52813742
v 6500.00000000 -905.09667992 -791.95959493
v 9000.00000000 -905.09667992 -791.95959493
v 6500.00000000 -928.52813742 -848.52813742
v 9000.00000000 -928.52813742 -848.52813742
v 6500.00000000 -905.09667992 -905.09667992
v 9000.00000000 -905.09667992 -905.09667992
v 6500.00000000 -848.52813742 -848.52813742
v 6514.33664335 -849.50403651 -891.17210861
v 9014.33664335 -1200.97589909 -42.64397119
v 9000.00000000 -1200.00000000 0.00000000
v 6514.33664335 -817.68423136 -877.99191376
v 9014.33664335 -1169.15609393 -29.46377634
v 6505.93843211 -803.93236806 -847.55223834
v 9005.93843211 -1155.40423064 0.97589909
v 6494.06156789 -816.30410163 -817.68423136
v 8994.06156789 -1167.77596421 30.84390607
v 6485.66335665 -847.55223834 -805.88416624
v 8985.66335665 -1199.02410091 42.64397119
v 6485.66335665 -879.37204349 -819.06436109
v 8985.66335665 -1230.84390607 29.46377634
v 6494.06156789 -893.12390679 -849.50403651
v 8994.06156789 -1244.59576936 -0.97589909
v 6505.93843211 -880.75217322 -879.37204349
v 9005.93843211 -1232.22403579 -30.84390607
v 6500.00000000 -0.00000000 -1200.00000000
v 6500.00000000 -0.00000000 -1280.00000000
v 9000.00000000 -0.00000000 -1280.00000000
v 9000.00000000 -0.00000000 -1200.00000000
v 6500.00000000 56.56854249 -1256.56854249
v 9000.00000000 56.56854249 -1256.56854249
v 6500.00000000 80.00000000 -1200.00000000
v 9000.00000000 80.00000000 -1200.00000000
v 6500.00000000 56.56854249 -1143.43145751
v 9000.00000000 56.56854249 -1143.43145751
v 6500.00000000 -0.00000000 -1120.00000000
v 9000.00000000 -0.00000000 -1120.00000000
v 6500.00000000 -56.56854249 -1143.43145751
v 9000.00000000 -56.56854249 -1143.43145751
v 6500.00000000 -80.00000000 -1200.00000000
v 9000.00000000 -80.00000000 -1200.00000000
v 6500.00000000 -56.56854249 -1256.56854249
v 9000.00000000 -56.56854249 -1256.56854249
v 6500.00000000 -0.00000000 -1200.00000000
v 6505.93843211 -0.97589909 -1244.59576936
v 9005.93843211 -849.50403651 -893.12390679
v 9000.00000000 -848.52813742 -848.52813742
v 6514.33664335 29.46377634 -1230.84390607
v 9014.33664335 -819.06436109 -879.37204349
v 6514.33664335 42.64397119 -1199.02410091
v 9014.33664335 -805.88416624 -847.55223834
v 6505.93843211 30.84390607 -1167.77596421
v 9005.93843211 -817.68423136 -816.30410163
v 6494.06156789 0.97589909 -1155.40423064
v 8994.06156789 -847.55223834 -803.93236806
v 6485.66335665 -29.46377634 -1169.15609393
v 8985.66335665 -877.99191376 -817.68423136
v 6485.66335665 -42.64397119 -1200.97589909
v 8985.66335665 -891.17210861 -849.50403651
v 6494.06156789 -30.84390607 -1232.22403579
v 8994.06156789 -879.37204349 -880.75217322
v 6500.00000000 848.52813742 -848.52813742
v 6500.00000000 848.52813742 -928.52813742
v 9000.00000000 848.52813742 -928.52813742
v 9000.00000000 848.52813742 -848.52813742
v 6500.00000000 905.09667992 -905.09667992
v 9000.00000000 905.09667992 -905.09667992
v 6500.00000000 928.52813742 -848.52813742
v 9000.00000000 928.52813742 -848.52813742
v 6500.00000000 905.09667992 -791.95959493
v 9000.00000000 905.09667992 -791.95959493
v 6500.00000000 848.52813742 -768.52813742
v 9000.00000000 848.52813742 -768.52813742
v 6500.00000000 791.95959493 -791.95959493
v 9000.00000000 791.95959493 -791.95959493
v 6500.00000000 768.52813742 -848.52813742
v 9000.00000000 768.52813742 -848.52813742
v 6500.00000000 791.95959493 -905.09667992
v 9000.00000000 791.95959493 -905.09667992
v 6500.00000000 848.52813742 -848.52813742
v 6494.06156789 849.50403651 -893.12390679
v 8994.06156789 0.97589909 -1244.59576936
v 9000.00000000 -0.00000000 -1200.00000000
v 6505.93843211 879.37204349 -880.75217322
v 9005.93843211 30.84390607 -1232.22403579
v 6514.33664335 891.17210861 -849.50403651
v 9014.33664335 42.64397119 -1200.97589909
v 6514.33664335 877.99191376 -817.68423136
v 9014.33664335 29.46377634 -1169.15609393
v 6505.93843211 847.55223834 -803.93236806
v 9005.93843211 -0.97589909 -1155.40423064
v 6494.06156789 817.68423136 -816.30410163
v 8994.06156789 -30.84390607 -1167.77596421
v 6485.66335665 805.88416624 -847.55223834
v 8985.66335665 -42.64397119 -1199.02410091
v 6485.66335665 819.06436109 -879.37204349
v 8985.66335665 -29.46377634 -1230.84390607
v 9000.00000000 1200.00000000 0.00000000
v 9055.43277195 1178.78679656 -8.78679656
v 9055.43277195 827.31493399 839.74134086
v 9000.00000000 848.52813742 848.52813742
v 9055.43277195 1221.21320344 8.78679656
v 9055.43277195 869.74134086 857.31493399
v 9022.96100594 1251.21320344 21.21320344
v 9022.96100594 899.74134086 869.74134086
v 8977.03899406 1251.21320344 21.21320344
v 8977.03899406 899.74134086 869.74134086
v 8944.56722805 1221.21320344 8.78679656
v 8944.56722805 869.74134086 857.31493399
v 8944.56722805 1178.78679656 -8.78679656
v 8944.56722805 827.31493399 839.74134086
v 8977.03899406 1148.78679656 -21.21320344
v 8977.03899406 797.31493399 827.31493399
v 9022.96100594 1148.78679656 -21.21320344
v 9022.96100594 797.31493399 827.31493399
v 9000.00000000 848.52813742 848.52813742
v 9022.96100594 827.31493399 797.31493399
v 9022.96100594 -21.21320344 1148.78679656
v 9000.00000000 0.00000000 1200.00000000
v 9055.43277195 839.74134086 827.31493399
v 9055.43277195 -8.78679656 1178.78679656
v 9055.43277195 857.31493399 869.74134086
v 9055.43277195 8.78679656 1221.21320344
v 9022.96100594 869.74134086 899.74134086
v 9022.96100594 21.21320344 1251.21320344
v 8977.03899406 869.74134086 899.74134086
v 8977.03899406 21.21320344 1251.21320344
v 8944.56722805 857.31493399 869.74134086
v 8944.56722805 8.78679656 1221.21320344
v 8944.56722805 839.74134086 827.31493399
v 8944.56722805 -8.78679656 1178.78679656
v 8977.03899406 827.31493399 797.31493399
v 8977.03899406 -21.21320344 1148.78679656
v 9000.00000000 0.00000000 1200.00000000
v 8977.03899406 21.21320344 1148.78679656
v 8977.03899406 -827.31493399 797.31493399
v 9000.00000000 -848.52813742 848.52813742
v 9022.96100594 21.21320344 1148.78679656
v 9022.96100594 -827.31493399 797.31493399
v 9055.43277195 8.78679656 1178.78679656
v 9055.43277195 -839.74134086 827.31493399
v 9055.43277195 -8.78679656 1221.21320344
v 9055.43277195 -857.31493399 869.74134086
v 9022.96100594 -21.21320344 1251.21320344
v 9022.96100594 -869.74134086 899.74134086
v 8977.03899406 -21.21320344 1251.21320344
v 8977.03899406 -869.74134086 899.74134086
v 8944.56722805 -8.78679656 1221.21320344
v 8944.56722805 -857.31493399 869.74134086
v 8944.56722805 8.78679656 1178.78679656
v 8944.56722805 -839.74134086 827.31493399
v 9000.00000000 -848.52813742 848.52813742
v 8944.56722805 -827.31493399 839.74134086
v 8944.56722805 -1178.78679656 -8.78679656
v 9000.00000000 -1200.00000000 0.00000000
v 8977.03899406 -797.31493399 827.31493399
v 8977.03899406 -1148.78679656 -21.21320344
v 9022.96100594 -797.31493399 827.31493399
v 9022.96100594 -1148.78679656 -21.21320344
v 9055.43277195 -827.31493399 839.74134086
v 9055.43277195 -1178.78679656 -8.78679656
v 9055.43277195 -869.74134086 857.31493399
v 9055.43277195 -1221.21320344 8.78679656
v 9022.96100594 -899.74134086 869.74134086
v 9022.96100594 -1251.21320344 21.21320344
v 8977.03899406 -899.74134086 869.74134086
v 8977.03899406 -1251.21320344 21.21320344
v 8944.56722805 -869.74134086 857.31493399
v 8944.56722805 -1221.21320344 8.78679656
v 9000.00000000 -1200.00000000 0.00000000
v 8944.56722805 -1221.21320344 -8.78679656
v 8944.56722805 -869.74134086 -857.31493399
v 9000.00000000 -848.52813742 -848.52813742
v 8944.56722805 -1178.78679656 8.78679656
v 8944.56722805 -827.31493399 -839.74134086
v 8977.03899406 -1148.78679656 21.21320344
v 8977.03899406 -797.31493399 -827.31493399
v 9022.96100594 -1148.78679656 21.21320344
v 9022.96100594 -797.31493399 -827.31493399
v 9055.43277195 -1178.78679656 8.78679656
v 9055.43277195 -827.31493399 -839.74134086
v 9055.43277195 -1221.21320344 -8.78679656
v 9055.43277195 -869.74134086 -857.31493399
v 9022.96100594 -1251.21320344 -21.21320344
v 9022.96100594 -899.74134086 -869.74134086
v 8977.03899406 -1251.21320344 -21.21320344
v 8977.03899406 -899.74134086 -869.74134086
v 9000.00000000 -848.52813742 -848.52813742
v 8977.03899406 -869.74134086 -899.74134086
v 8977.03899406 -21.21320344 -1251.21320344
v 9000.00000000 -0.00000000 -1200.00000000
v 8944.56722805 -857.31493399 -869.74134086
v 8944.56722805 -8.78679656 -1221.21320344
v 8944.56722805 -839.74134086 -827.31493399
v 8944.56722805 8.78679656 -1178.78679656
v 8977.03899406 -827.31493399 -797.31493399
v 8977.03899406 21.21320344 -1148.78679656
v 9022.96100594 -827.31493399 -797.31493399
v 9022.96100594 21.21320344 -1148.78679656
v 9055.43277195 -839.74134086 -827.31493399
v 9055.43277195 8.78679656 -1178.78679656
v 9055.43277195 -857.31493399 -869.74134086
v 9055.43277195 -8.78679656 -1221.21320344
v 9022.96100594 -869.74134086 -899.74134086
v 9022.96100594 -21.21320344 -1251.21320344
v 9000.00000000 -0.00000000 -1200.00000000
v 9022.96100594 21.21320344 -1251.21320344
v 9022.96100594 869.74134086 -899.74134086
v 9000.00000000 848.52813742 -848.52813742
v 8977.03899406 21.21320344 -1251.21320344
v 8977.03899406 869.74134086 -899.74134086
v 8944.56722805 8.78679656 -1221.21320344
v 8944.56722805 857.31493399 -869.74134086
v 8944.56722805 -8.78679656 -1178.78679656
v 8944.56722805 839.74134086 -827.31493399
v 8977.03899406 -21.21320344 -1148.78679656
v 8977.03899406 827.31493399 -797.31493399
v 9022.96100594 -21.21320344 -1148.78679656
v 9022.96100594 827.31493399 -797.31493399
v 9055.43277195 -8.78679656 -1178.78679656
v 9055.43277195 839.74134086 -827.31493399
v 9055.43277195 8.78679656 -1221.21320344
v 9055.43277195 857.31493399 -869.74134086
v 9000.00000000 848.52813742 -848.52813742
v 9055.43277195 869.74134086 -857.31493399
v 9055.43277195 1221.21320344 -8.78679656
v 9000.00000000 1200.00000000 0.00000000
v 9022.96100594 899.74134086 -869.74134086
v 9022.96100594 1251.21320344 -21.21320344
v 8977.03899406 899.74134086 -869.74134086
v 8977.03899406 1251.21320344 -21.21320344
v 8944.56722805 869.74134086 -857.31493399
v 8944.56722805 1221.21320344 -8.78679656
v 8944.56722805 827.31493399 -839.74134086
v 8944.56722805 1178.78679656 8.78679656
v 8977.03899406 797.31493399 -827.31493399
v 8977.03899406 1148.78679656 21.21320344
v 9022.96100594 797.31493399 -827.31493399
v 9022.96100594 1148.78679656 21.21320344
v 9055.43277195 827.31493399 -839.74134086
v 9055.43277195 1178.78679656 8.78679656
v 9000.00000000 1200.00000000 0.00000000
v 9000.00000000 1200.00000000 -80.00000000
v 11500.00000000 1200.00000000 -80.00000000
v 11500.00000000 1200.00000000 0.00000000
v 9000.00000000 1256.56854249 -56.56854249
v 11500.00000000 1256.56854249 -56.56854249
v 9000.00000000 1280.00000000 -0.00000000
v 11500.00000000 1280.00000000 -0.00000000
v 9000.00000000 1256.56854249 56.56854249
v 11500.00000000 1256.56854249 56.56854249
v 9000.00000000 1200.00000000 80.00000000
v 11500.00000000 1200.00000000 80.00000000
v 9000.00000000 1143.43145751 56.56854249
v 11500.00000000 1143.43145751 56.56854249
v 9000.00000000 1120.00000000 0.00000000
v 11500.00000000 1120.00000000 0.00000000
v 9000.00000000 1143.43145751 -56.56854249
v 11500.00000000 1143.43145751 -56.56854249
v 9000.00000000 1200.00000000 -0.00000000
v 9014.33664335 1199.02410091 -42.64397119
v 11514.33664335 847.55223834 805.88416624
v 11500.00000000 848.52813742 848.52813742
v 9014.33664335 1230.84390607 -29.46377634
v 11514.33664335 879.37204349 819.06436109
v 9005.93843211 1244.59576936 0.97589909
v 11505.93843211 893.12390679 849.50403651
v 8994.06156789 1232.22403579 30.84390607
v 11494.06156789 880.75217322 879.37204349
v 8985.66335665 1200.97589909 42.64397119
v 11485.66335665 849.50403651 891.17210861
v 8985.66335665 1169.15609393 29.46377634
v 11485.66335665 817.68423136 877.99191376
v 8994.06156789 1155.40423064 -0.97589909
v 11494.06156789 803.93236806 847.55223834
v 9005.93843211 1167.77596421 -30.84390607
v 11505.93843211 816.30410163 817.68423136
v 9000.00000000 848.52813742 848.52813742
v 9000.00000000 848.52813742 768.52813742
v 11500.00000000 848.52813742 768.52813742
v 11500.00000000 848.52813742 848.52813742
v 9000.00000000 905.09667992 791.95959493
v 11500.00000000 905.09667992 791.95959493
v 9000.00000000 928.52813742 848.52813742
v 11500.00000000 928.52813742 848.52813742
v 9000.00000000 905.09667992 905.09667992
v 11500.00000000 905.09667992 905.09667992
v 9000.00000000 848.52813742 928.52813742
v 11500.00000000 848.52813742 928.52813742
v 9000.00000000 791.95959493 905.09667992
v 11500.00000000 791.95959493 905.09667992
v 9000.00000000 768.52813742 848.52813742
v 11500.00000000 768.52813742 848.52813742
v 9000.00000000 791.95959493 791.95959493
v 11500.00000000 791.95959493 791.95959493
v 9000.00000000 848.52813742 848.52813742
v 9005.93843211 847.55223834 803.93236806
v 11505.93843211 -0.97589909 1155.40423064
v 11500.00000000 0.00000000 1200.00000000
v 9014.33664335 877.99191376 817.68423136
v 11514.33664335 29.46377634 1169.15609393
v 9014.33664335 891.17210861 849.50403651
v 11514.33664335 42.64397119 1200.97589909
v 9005.93843211 879.37204349 880.75217322
v 11505.93843211 30.84390607 1232.22403579
v 8994.06156789 849.50403651 893.12390679
v 11494.06156789 0.97589909 1244.59576936
v 8985.66335665 819.06436109 879.37204349
v 11485.66335665 -29.46377634 1230.84390607
v 8985.66335665 805.88416624 847.55223834
v 11485.66335665 -42.64397119 1199.02410091
v 8994.06156789 817.68423136 816.30410163
v 11494.06156789 -30.84390607 1167.77596421
v 9000.00000000 0.00000000 1200.00000000
v 9000.00000000 0.00000000 1120.00000000
v 11500.00000000 0.00000000 1120.00000000
v 11500.00000000 0.00000000 1200.00000000
v 9000.00000000 56.56854249 1143.43145751
v 11500.00000000 56.56854249 1143.43145751
v 9000.00000000 80.00000000 1200.00000000
v 11500.00000000 80.00000000 1200.00000000
v 9000.00000000 56.56854249 1256.56854249
v 11500.00000000 56.56854249 1256.56854249
v 9000.00000000 0.00000000 1280.00000000
v 11500.00000000 0.00000000 1280.00000000
v 9000.00000000 -56.56854249 1256.56854249
v 11500.00000000 -56.56854249 1256.56854249
v 9000.00000000 -80.00000000 1200.00000000
v 11500.00000000 -80.00000000 1200.00000000
v 9000.00000000 -56.56854249 1143.43145751
v 11500.00000000 -56.56854249 1143.43145751
v 9000.00000000 0.00000000 1200.00000000
v 8994.06156789 0.97589909 1155.40423064
v 11494.06156789 -847.55223834 803.93236806
v 11500.00000000 -848.52813742 848.52813742
v 9005.93843211 30.84390607 1167.77596421
v 11505.93843211 -817.68423136 816.30410163
v 9014.33664335 42.64397119 1199.02410091
v 11514.33664335 -805.88416624 847.55223834
v 9014.33664335 29.46377634 1230.84390607
v 11514.33664335 -819.06436109 879.37204349
v 9005.93843211 -0.97589909 1244.59576936
v 11505.93843211 -849.50403651 893.12390679
v 8994.06156789 -30.84390607 1232.22403579
v 11494.06156789 -879.37204349 880.75217322
v 8985.66335665 -42.64397119 1200.97589909
v 11485.66335665 -891.17210861 849.50403651
v 8985.66335665 -29.46377634 1169.15609393
v 11485.66335665 -877.99191376 817.68423136
v 9000.00000000 -848.52813742 848.52813742
v 9000.00000000 -848.52813742 768.52813742
v 11500.00000000 -848.52813742 768.52813742
v 11500.00000000 -848.52813742 848.52813742
v 9000.00000000 -791.95959493 791.95959493
v 11500.00000000 -791.95959493 791.95959493
v 9000.00000000 -768.52813742 848.52813742
v 11500.00000000 -768.52813742 848.52813742
v 9000.00000000 -791.95959493 905.09667992
v 11500.00000000 -791.95959493 905.09667992
v 9000.00000000 -848.52813742 928.52813742
v 11500.00000000 -848.52813742 928.52813742
v 9000.00000000 -905.09667992 905.09667992
v 11500.00000000 -905.09667992 905.09667992
v 9000.00000000 -928.52813742 848.52813742
v 11500.00000000 -928.52813742 848.52813742
v 9000.00000000 -905.09667992 791.95959493
v 11500.00000000 -905.09667992 791.95959493
v 9000.00000000 -848.52813742 848.52813742
v 8985.66335665 -847.55223834 805.88416624
v 11485.66335665 -1199.02410091 -42.64397119
v 11500.00000000 -1200.00000000 0.00000000
v 8994.06156789 -816.30410163 817.68423136
v 11494.06156789 -1167.77596421 -30.84390607
v 9005.93843211 -803.93236806 847.55223834
v 11505.93843211 -1155.40423064 -0.97589909
v 9014.33664335 -817.68423136 877.99191376
v 11514.33664335 -1169.15609393 29.46377634
v 9014.33664335 -849.50403651 891.17210861
v 11514.33664335 -1200.97589909 42.64397119
v 9005.93843211 -880.75217322 879.37204349
v 11505.93843211 -1232.22403579 30.84390607
v 8994.06156789 -893.12390679 849.50403651
v 11494.06156789 -1244.59576936 0.97589909
v 8985.66335665 -879.37204349 819.06436109
v 11485.66335665 -1230.84390607 -29.46377634
v 9000.00000000 -1200.00000000 0.00000000
v 9000.00000000 -1200.00000000 -80.00000000
v 11500.00000000 -1200.00000000 -80.00000000
v 11500.00000000 -1200.00000000 0.00000000
v 9000.00000000 -1143.43145751 -56.56854249
v 11500.00000000 -1143.43145751 -56.56854249
v 9000.00000000 -1120.00000000 0.00000000
v 11500.00000000 -1120.00000000 0.00000000
v 9000.00000000 -1143.43145751 56.56854249
v 11500.00000000 -1143.43145751 56.56854249
v 9000.00000000 -1200.00000000 80.00000000
v 11500.00000000 -1200.00000000 80.00000000
v 9000.00000000 -1256.56854249 56.56854249
v 11500.00000000 -1256.56854249 56.56854249
v 9000.00000000 -1280.00000000 0.00000000
v 11500.00000000 -1280.00000000 0.00000000
v 9000.00000000 -1256.56854249 -56.56854249
v 11500.00000000 -1256.56854249 -56.56854249
v 9000.00000000 -1200.00000000 0.00000000
v 8985.66335665 -1200.97589909 -42.64397119
v 11485.66335665 -849.50403651 -891.17210861
v 11500.00000000 -848.52813742 -848.52813742
v 8985.66335665 -1169.15609393 -29.46377634
v 11485.66335665 -817.68423136 -877.99191376
v 8994.06156789 -1155.40423064 0.97589909
v 11494.06156789 -803.93236806 -847.55223834
v 9005.93843211 -1167.77596421 30.84390607
v 11505.93843211 -816.30410163 -817.68423136
v 9014.33664335 -1199.02410091 42.64397119
v 11514.33664335 -847.55223834 -805.88416624
v 9014.33664335 -1230.84390607 29.46377634
v 11514.33664335 -879.37204349 -819.06436109
v 9005.93843211 -1244.59576936 -0.97589909
v 11505.93843211 -893.12390679 -849.50403651
v 8994.06156789 -1232.22403579 -30.84390607
v 11494.06156789 -880.75217322 -879.37204349
v 9000.00000000 -848.52813742 -848.52813742
v 9000.00000000 -848.52813742 -928.52813742
v 11500.00000000 -848.52813742 -928.52813742
v 11500.00000000 -848.52813742 -848.52813742
v 9000.00000000 -791.95959493 -905.09667992
v 11500.00000000 -791.95959493 -905.09667992
v 9000.00000000 -768.52813742 -848.52813742
v 11500.00000000 -768.52813742 -848.52813742
v 9000.00000000 -791.95959493 -791.95959493
v 11500.00000000 -791.95959493 -791.95959493
v 9000.00000000 -848.52813742 -768.52813742
v 11500.00000000 -848.52813742 -768.52813742
v 9000.00000000 -905.09667992 -791.95959493
v 11500.00000000 -905.09667992 -791.95959493
v 9000.00000000 -928.52813742 -848.52813742
v 11500.00000000 -928.52813742 -848.52813742
v 9000.00000000 -905.09667992 -905.09667992
v 11500.00000000 -905.09667992 -905.09667992
v 9000.00000000 -848.52813742 -848.52813742
v 8994.06156789 -849.50403651 -893.12390679
v 11494.06156789 -0.97589909 -1244.59576936
v 11500.00000000 -0.00000000 -1200.00000000
v 8985.66335665 -819.06436109 -879.37204349
v 11485.66335665 29.46377634 -1230.84390607
v 8985.66335665 -805.88416624 -847.55223834
v 11485.66335665 42.64397119 -1199.02410091
v 8994.06156789 -817.68423136 -816.30410163
v 11494.06156789 30.84390607 -1167.77596421
v 9005.93843211 -847.55223834 -803.93236806
v 11505.93843211 0.97589909 -1155.40423064
v 9014.33664335 -877.99191376 -817.68423136
v 11514.33664335 -29.46377634 -1169.15609393
v 9014.33664335 -891.17210861 -849.50403651
v 11514.33664335 -42.64397119 -1200.97589909
v 9005.93843211 -879.37204349 -880.75217322
v 11505.93843211 -30.84390607 -1232.22403579
v 9000.00000000 -0.00000000 -1200.00000000
v 9000.00000000 -0.00000000 -1280.00000000
v 11500.00000000 -0.00000000 -1280.00000000
v 11500.00000000 -0.00000000 -1200.00000000
v 9000.00000000 56.56854249 -1256.56854249
v 11500.00000000 56.56854249 -1256.56854249
v 9000.00000000 80.00000000 -1200.00000000
v 11500.00000000 80.00000000 -1200.00000000
v 9000.00000000 56.56854249 -1143.43145751
v 11500.00000000 56.56854249 -1143.43145751
v 9000.00000000 -0.00000000 -1120.00000000
v 11500.00000000 -0.00000000 -1120.00000000
v 9000.00000000 -56.56854249 -1143.43145751
v 11500.00000000 -56.56854249 -1143.43145751
v 9000.00000000 -80.00000000 -1200.00000000
v 11500.00000000 -80.00000000 -1200.00000000
v 9000.00000000 -56.56854249 -1256.56854249
v 11500.00000000 -56.56854249 -1256.56854249
v 9000.00000000 -0.00000000 -1200.00000000
v 9005.93843211 0.97589909 -1244.59576936
v 11505.93843211 849.50403651 -893.12390679
v 11500.00000000 848.52813742 -848.52813742
v 8994.06156789 30.84390607 -1232.22403579
v 11494.06156789 879.37204349 -880.75217322
v 8985.66335665 42.64397119 -1200.97589909
v 11485.66335665 891.17210861 -849.50403651
v 8985.66335665 29.46377634 -1169.15609393
v 11485.66335665 877.99191376 -817.68423136
v 8994.06156789 -0.97589909 -1155.40423064
v 11494.06156789 847.55223834 -803.93236806
v 9005.93843211 -30.84390607 -1167.77596421
v 11505.93843211 817.68423136 -816.30410163
v 9014.33664335 -42.64397119 -1199.02410091
v 11514.33664335 805.88416624 -847.55223834
v 9014.33664335 -29.46377634 -1230.84390607
v 11514.33664335 819.06436109 -879.37204349
v 9000.00000000 848.52813742 -848.52813742
v 9000.00000000 848.52813742 -928.52813742
v 11500.00000000 848.52813742 -928.52813742
v 11500.00000000 848.52813742 -848.52813742
v 9000.00000000 905.09667992 -905.09667992
v 11500.00000000 905.09667992 -905.09667992
v 9000.00000000 928.52813742 -848.52813742
v 11500.00000000 928.52813742 -848.52813742
v 9000.00000000 905.09667992 -791.95959493
v 11500.00000000 905.09667992 -791.95959493
v 9000.00000000 848.52813742 -768.52813742
v 11500.00000000 848.52813742 -768.52813742
v 9000.00000000 791.95959493 -791.95959493
v 11500.00000000 791.95959493 -791.95959493
v 9000.00000000 768.52813742 -848.52813742
v 11500.00000000 768.52813742 -848.52813742
v 9000.00000000 791.95959493 -905.09667992
v 11500.00000000 791.95959493 -905.09667992
v 9000.00000000 848.52813742 -848.52813742
v 9014.33664335 849.50403651 -891.17210861
v 11514.33664335 1200.97589909 -42.64397119
v 11500.00000000 1200.00000000 0.00000000
v 9005.93843211 880.75217322 -879.37204349
v 11505.93843211 1232.22403579 -30.84390607
v 8994.06156789 893.12390679 -849.50403651
v 11494.06156789 1244.59576936 -0.97589909
v 8985.66335665 879.37204349 -819.06436109
v 11485.66335665 1230.84390607 29.46377634
v 8985.66335665 847.55223834 -805.88416624
v 11485.66335665 1199.02410091 42.64397119
v 8994.06156789 816.30410163 -817.68423136
v 11494.06156789 1167.77596421 30.84390607
v 9005.93843211 803.93236806 -847.55223834
v 11505.93843211 1155.40423064 0.97589909
v 9014.33664335 817.68423136 -877.99191376
v 11514.33664335 1169.15609393 -29.46377634
v 11500.00000000 1200.00000000 0.00000000
v 11555.43277195 1178.78679656 -8.78679656
v 11555.43277195 827.31493399 839.74134086
v 11500.00000000 848.52813742 848.52813742
v 11555.43277195 1221.21320344 8.78679656
v 11555.43277195 869.74134086 857.31493399
v 11522.96100594 1251.21320344 21.21320344
v 11522.96100594 899.74134086 869.74134086
v 11477.03899406 1251.21320344 21.21320344
v 11477.03899406 899.74134086 869.74134086
v 11444.56722805 1221.21320344 8.78679656
v 11444.56722805 869.74134086 857.31493399
v 11444.56722805 1178.78679656 -8.78679656
v 11444.56722805 827.31493399 839.74134086
v 11477.03899406 1148.78679656 -21.21320344
v 11477.03899406 797.31493399 827.31493399
v 11522.96100594 1148.78679656 -21.21320344
v 11522.96100594 797.31493399 827.31493399
v 11500.00000000 848.52813742 848.52813742
v 11522.96100594 827.31493399 797.31493399
v 11522.96100594 -21.21320344 1148.78679656
v 11500.00000000 0.00000000 1200.00000000
v 11555.43277195 839.74134086 827.31493399
v 11555.43277195 -8.78679656 1178.78679656
v 11555.43277195 857.31493399 869.74134086
v 11555.43277195 8.78679656 1221.21320344
v 11522.96100594 869.74134086 899.74134086
v 11522.96100594 21.21320344 1251.21320344
v 11477.03899406 869.74134086 899.74134086
v 11477.03899406 21.21320344 1251.21320344
v 11444.56722805 857.31493399 869.74134086
v 11444.56722805 8.78679656 1221.21320344
v 11444.56722805 839.74134086 827.31493399
v 11444.56722805 -8.78679656 1178.78679656
v 11477.03899406 827.31493399 797.31493399
v 11477.03899406 -21.21320344 1148.78679656
v 11500.00000000 0.00000000 1200.00000000
v 11477.03899406 21.21320344 1148.78679656
v 11477.03899406 -827.31493399 797.31493399
v 11500.00000000 -848.52813742 848.52813742
v 11522.96100594 21.21320344 1148.78679656
v 11522.96100594 -827.31493399 797.31493399
v 11555.43277195 8.78679656 1178.78679656
v 11555.43277195 -839.74134086 827.31493399
v 11555.43277195 -8.78679656 1221.21320344
v 11555.43277195 -857.31493399 869.74134086
v 11522.96100594 -21.21320344 1251.21320344
v 11522.96100594 -869.74134086 899.74134086
v 11477.03899406 -21.21320344 1251.21320344
v 11477.03899406 -869.74134086 899.74134086
v 11444.56722805 -8.78679656 1221.21320344
v 11444.56722805 -857.31493399 869.74134086
v 11444.56722805 8.78679656 1178.78679656
v 11444.56722805 -839.74134086 827.31493399
v 11500.00000000 -848.52813742 848.52813742
v 11444.56722805 -827.31493399 839.74134086
v 11444.56722805 -1178.78679656 -8.78679656
v 11500.00000000 -1200.00000000 0.00000000
v 11477.03899406 -797.31493399 827.31493399
v 11477.03899406 -1148.78679656 -21.21320344
v 11522.96100594 -797.31493399 827.31493399
v 11522.96100594 -1148.78679656 -21.21320344
v 11555.43277195 -827.31493399 839.74134086
v 11555.43277195 -1178.78679656 -8.78679656
v 11555.43277195 -869.74134086 857.31493399
v 11555.43277195 -1221.21320344 8.78679656
v 11522.96100594 -899.74134086 869.74134086
v 11522.96100594 -1251.21320344 21.21320344
v 11477.03899406 -899.74134086 869.74134086
v 11477.03899406 -1251.21320344 21.21320344
v 11444.56722805 -869.74134086 857.31493399
v 11444.56722805 -1221.21320344 8.78679656
v 11500.00000000 -1200.00000000 0.00000000
v 11444.56722805 -1221.21320344 -8.78679656
v 11444.56722805 -869.74134086 -857.31493399
v 11500.00000000 -848.52813742 -848.52813742
v 11444.56722805 -1178.78679656 8.78679656
v 11444.56722805 -827.31493399 -839.74134086
v 11477.03899406 -1148.78679656 21.21320344
v 11477.03899406 -797.31493399 -827.31493399
v 11522.96100594 -1148.78679656 21.21320344
v 11522.96100594 -797.31493399 -827.31493399
v 11555.43277195 -1178.78679656 8.78679656
v 11555.43277195 -827.31493399 -839.74134086
v 11555.43277195 -1221.21320344 -8.78679656
v 11555.43277195 -869.74134086 -857.31493399
v 11522.96100594 -1251.21320344 -21.21320344
v 11522.96100594 -899.74134086 -869.74134086
v 11477.03899406 -1251.21320344 -21.21320344
v 11477.03899406 -899.74134086 -869.74134086
v 11500.00000000 -848.52813742 -848.52813742
v 11477.03899406 -869.74134086 -899.74134086
v 11477.03899406 -21.21320344 -1251.21320344
v 11500.00000000 -0.00000000 -1200.00000000
v 11444.56722805 -857.31493399 -869.74134086
v 11444.56722805 -8.78679656 -1221.21320344
v 11444.56722805 -839.74134086 -827.31493399
v 11444.56722805 8.78679656 -1178.78679656
v 11477.03899406 -827.31493399 -797.31493399
v 11477.03899406 21.21320344 -1148.78679656
v 11522.96100594 -827.31493399 -797.31493399
v 11522.96100594 21.21320344 -1148.78679656
v 11555.43277195 -839.74134086 -827.31493399
v 11555.43277195 8.78679656 -1178.78679656
v 11555.43277195 -857.31493399 -869.74134086
v 11555.43277195 -8.78679656 -1221.21320344
v 11522.96100594 -869.74134086 -899.74134086
v 11522.96100594 -21.21320344 -1251.21320344
v 11500.00000000 -0.00000000 -1200.00000000
v 11522.96100594 21.21320344 -1251.21320344
v 11522.96100594 869.74134086 -899.74134086
v 11500.00000000 848.52813742 -848.52813742
v 11477.03899406 21.21320344 -1251.21320344
v 11477.03899406 869.74134086 -899.74134086
v 11444.56722805 8.78679656 -1221.21320344
v 11444.56722805 857.31493399 -869.74134086
v 11444.56722805 -8.78679656 -1178.78679656
v 11444.56722805 839.74134086 -827.31493399
v 11477.03899406 -21.21320344 -1148.78679656
v 11477.03899406 827.31493399 -797.31493399
v 11522.96100594 -21.21320344 -1148.78679656
v 11522.96100594 827.31493399 -797.31493399
v 11555.43277195 -8.78679656 -1178.78679656
v 11555.43277195 839.74134086 -827.31493399
v 11555.43277195 8.78679656 -1221.21320344
v 11555.43277195 857.31493399 -869.74134086
v 11500.00000000 848.52813742 -848.52813742
v 11555.43277195 869.74134086 -857.31493399
v 11555.43277195 1221.21320344 -8.78679656
v 11500.00000000 1200.00000000 0.00000000
v 11522.96100594 899.74134086 -869.74134086
v 11522.96100594 1251.21320344 -21.21320344
v 11477.03899406 899.74134086 -869.74134086
v 11477.03899406 1251.21320344 -21.21320344
v 11444.56722805 869.74134086 -857.31493399
v 11444.56722805 1221.21320344 -8.78679656
v 11444.56722805 827.31493399 -839.74134086
v 11444.56722805 1178.78679656 8.78679656
v 11477.03899406 797.31493399 -827.31493399
v 11477.03899406 1148.78679656 21.21320344
v 11522.96100594 797.31493399 -827.31493399
v 11522.96100594 1148.78679656 21.21320344
v 11555.43277195 827.31493399 -839.74134086
v 11555.43277195 1178.78679656 8.78679656
v 11500.00000000 1200.00000000 0.00000000
v 11500.00000000 1200.00000000 -80.00000000
v 14000.00000000 1200.00000000 -80.00000000
v 14000.00000000 1200.00000000 0.00000000
v 11500.00000000 1256.56854249 -56.56854249
v 14000.00000000 1256.56854249 -56.56854249
v 11500.00000000 1280.00000000 -0.00000000
v 14000.00000000 1280.00000000 -0.00000000
v 11500.00000000 1256.56854249 56.56854249
v 14000.00000000 1256.56854249 56.56854249
v 11500.00000000 1200.00000000 80.00000000
v 14000.00000000 1200.00000000 80.00000000
v 11500.00000000 1143.43145751 56.56854249
v 14000.00000000 1143.43145751 56.56854249
v 11500.00000000 1120.00000000 0.00000000
v 14000.00000000 1120.00000000 0.00000000
v 11500.00000000 1143.43145751 -56.56854249
v 14000.00000000 1143.43145751 -56.56854249
v 11500.00000000 1200.00000000 0.00000000
v 11485.66335665 1200.97589909 -42.64397119
v 13985.66335665 849.50403651 -891.17210861
v 14000.00000000 848.52813742 -848.52813742
v 11494.06156789 1232.22403579 -30.84390607
v 13994.06156789 880.75217322 -879.37204349
v 11505.93843211 1244.59576936 -0.97589909
v 14005.93843211 893.12390679 -849.50403651
v 11514.33664335 1230.84390607 29.46377634
v 14014.33664335 879.37204349 -819.06436109
v 11514.33664335 1199.02410091 42.64397119
v 14014.33664335 847.55223834 -805.88416624
v 11505.93843211 1167.77596421 30.84390607
v 14005.93843211 816.30410163 -817.68423136
v 11494.06156789 1155.40423064 0.97589909
v 13994.06156789 803.93236806 -847.55223834
v 11485.66335665 1169.15609393 -29.46377634
v 13985.66335665 817.68423136 -877.99191376
v 11500.00000000 848.52813742 848.52813742
v 11500.00000000 848.52813742 768.52813742
v 14000.00000000 848.52813742 768.52813742
v 14000.00000000 848.52813742 848.52813742
v 11500.00000000 905.09667992 791.95959493
v 14000.00000000 905.09667992 791.95959493
v 11500.00000000 928.52813742 848.52813742
v 14000.00000000 928.52813742 848.52813742
v 11500.00000000 905.09667992 905.09667992
v 14000.00000000 905.09667992 905.09667992
v 11500.00000000 848.52813742 928.52813742
v 14000.00000000 848.52813742 928.52813742
v 11500.00000000 791.95959493 905.09667992
v 14000.00000000 791.95959493 905.09667992
v 11500.00000000 768.52813742 848.52813742
v 14000.00000000 768.52813742 848.52813742
v 11500.00000000 791.95959493 791.95959493
v 14000.00000000 791.95959493 791.95959493
v 11500.00000000 848.52813742 848.52813742
v 11485.66335665 847.55223834 805.88416624
v 13985.66335665 1199.02410091 -42.64397119
v 14000.00000000 1200.00000000 -0.00000000
v 11485.66335665 879.37204349 819.06436109
v 13985.66335665 1230.84390607 -29.46377634
v 11494.06156789 893.12390679 849.50403651
v 13994.06156789 1244.59576936 0.97589909
v 11505.93843211 880.75217322 879.37204349
v 14005.93843211 1232.22403579 30.84390607
v 11514.33664335 849.50403651 891.17210861
v 14014.33664335 1200.97589909 42.64397119
v 11514.33664335 817.68423136 877.99191376
v 14014.33664335 1169.15609393 29.46377634
v 11505.93843211 803.93236806 847.55223834
v 14005.93843211 1155.40423064 -0.97589909
v 11494.06156789 816.30410163 817.68423136
v 13994.06156789 1167.77596421 -30.84390607
v 11500.00000000 0.00000000 1200.00000000
v 11500.00000000 0.00000000 1120.00000000
v 14000.00000000 0.00000000 1120.00000000
v 14000.00000000 0.00000000 1200.00000000
v 11500.00000000 56.56854249 1143.43145751
v 14000.00000000 56.56854249 1143.43145751
v 11500.00000000 80.00000000 1200.00000000
v 14000.00000000 80.00000000 1200.00000000
v 11500.00000000 56.56854249 1256.56854249
v 14000.00000000 56.56854249 1256.56854249
v 11500.00000000 0.00000000 1280.00000000
v 14000.00000000 0.00000000 1280.00000000
v 11500.00000000 -56.56854249 1256.56854249
v 14000.00000000 -56.56854249 1256.56854249
v 11500.00000000 -80.00000000 1200.00000000
v 14000.00000000 -80.00000000 1200.00000000
v 11500.00000000 -56.56854249 1143.43145751
v 14000.00000000 -56.56854249 1143.43145751
v 11500.00000000 0.00000000 1200.00000000
v 11494.06156789 -0.97589909 1155.40423064
v 13994.06156789 847.55223834 803.93236806
v 14000.00000000 848.52813742 848.52813742
v 11485.66335665 29.46377634 1169.15609393
v 13985.66335665 877.99191376 817.68423136
v 11485.66335665 42.64397119 1200.97589909
v 13985.66335665 891.17210861 849.50403651
v 11494.06156789 30.84390607 1232.22403579
v 13994.06156789 879.37204349 880.75217322
v 11505.93843211 0.97589909 1244.59576936
v 14005.93843211 849.50403651 893.12390679
v 11514.33664335 -29.46377634 1230.84390607
v 14014.33664335 819.06436109 879.37204349
v 11514.33664335 -42.64397119 1199.02410091
v 14014.33664335 805.88416624 847.55223834
v 11505.93843211 -30.84390607 1167.77596421
v 14005.93843211 817.68423136 816.30410163
v 11500.00000000 -848.52813742 848.52813742
v 11500.00000000 -848.52813742 768.52813742
v 14000.00000000 -848.52813742 768.52813742
v 14000.00000000 -848.52813742 848.52813742
v 11500.00000000 -791.95959493 791.95959493
v 14000.00000000 -791.95959493 791.95959493
v 11500.00000000 -768.52813742 848.52813742
v 14000.00000000 -768.52813742 848.52813742
v 11500.00000000 -791.95959493 905.09667992
v 14000.00000000 -791.95959493 905.09667992
v 11500.00000000 -848.52813742 928.52813742
v 14000.00000000 -848.52813742 928.52813742
v 11500.00000000 -905.09667992 905.09667992
v 14000.00000000 -905.09667992 905.09667992
v 11500.00000000 -928.52813742 848.52813742
v 14000.00000000 -928.52813742 848.52813742
v 11500.00000000 -905.09667992 791.95959493
v 14000.00000000 -905.09667992 791.95959493
v 11500.00000000 -848.52813742 848.52813742
v 11505.93843211 -847.55223834 803.93236806
v 14005.93843211 0.97589909 1155.40423064
v 14000.00000000 0.00000000 1200.00000000
v 11494.06156789 -817.68423136 816.30410163
v 13994.06156789 30.84390607 1167.77596421
v 11485.66335665 -805.88416624 847.55223834
v 13985.66335665 42.64397119 1199.02410091
v 11485.66335665 -819.06436109 879.37204349
v 13985.66335665 29.46377634 1230.84390607
v 11494.06156789 -849.50403651 893.12390679
v 13994.06156789 -0.97589909 1244.59576936
v 11505.93843211 -879.37204349 880.75217322
v 14005.93843211 -30.84390607 1232.22403579
v 11514.33664335 -891.17210861 849.50403651
v 14014.33664335 -42.64397119 1200.97589909
v 11514.33664335 -877.99191376 817.68423136
v 14014.33664335 -29.46377634 1169.15609393
v 11500.00000000 -1200.00000000 0.00000000
v 11500.00000000 -1200.00000000 -80.00000000
v 14000.00000000 -1200.00000000 -80.00000000
v 14000.00000000 -1200.00000000 0.00000000
v 11500.00000000 -1143.43145751 -56.56854249
v 14000.00000000 -1143.43145751 -56.56854249
v 11500.00000000 -1120.00000000 0.00000000
v 14000.00000000 -1120.00000000 0.00000000
v 11500.00000000 -1143.43145751 56.56854249
v 14000.00000000 -1143.43145751 56.56854249
v 11500.00000000 -1200.00000000 80.00000000
v 14000.00000000 -1200.00000000 80.00000000
v 11500.00000000 -1256.56854249 56.56854249
v 14000.00000000 -1256.56854249 56.56854249
v 11500.00000000 -1280.00000000 0.00000000
v 14000.00000000 -1280.00000000 0.00000000
v 11500.00000000 -1256.56854249 -56.56854249
v 14000.00000000 -1256.56854249 -56.56854249
v 11500.00000000 -1200.00000000 0.00000000
v 11514.33664335 -1199.02410091 -42.64397119
v 14014.33664335 -847.55223834 805.88416624
v 14000.00000000 -848.52813742 848.52813742
v 11505.93843211 -1167.77596421 -30.84390607
v 14005.93843211 -816.30410163 817.68423136
v 11494.06156789 -1155.40423064 -0.97589909
v 13994.06156789 -803.93236806 847.55223834
v 11485.66335665 -1169.15609393 29.46377634
v 13985.66335665 -817.68423136 877.99191376
v 11485.66335665 -1200.97589909 42.64397119
v 13985.66335665 -849.50403651 891.17210861
v 11494.06156789 -1232.22403579 30.84390607
v 13994.06156789 -880.75217322 879.37204349
v 11505.93843211 -1244.59576936 0.97589909
v 14005.93843211 -893.12390679 849.50403651
v 11514.33664335 -1230.84390607 -29.46377634
v 14014.33664335 -879.37204349 819.06436109
v 11500.00000000 -848.52813742 -848.52813742
v 11500.00000000 -848.52813742 -928.52813742
v 14000.00000000 -848.52813742 -928.52813742
v 14000.00000000 -848.52813742 -848.52813742
v 11500.00000000 -791.95959493 -905.09667992
v 14000.00000000 -791.95959493 -905.09667992
v 11500.00000000 -768.52813742 -848.52813742
v 14000.00000000 -768.52813742 -848.52813742
v 11500.00000000 -791.95959493 -791.95959493
v 14000.00000000 -791.95959493 -791.95959493
v 11500.00000000 -848.52813742 -768.52813742
v 14000.00000000 -848.52813742 -768.52813742
v 11500.00000000 -905.09667992 -791.95959493
v 14000.00000000 -905.09667992 -791.95959493
v 11500.00000000 -928.52813742 -848.52813742
v 14000.00000000 -928.52813742 -848.52813742
v 11500.00000000 -905.09667992 -905.09667992
v 14000.00000000 -905.09667992 -905.09667992
v 11500.00000000 -848.52813742 -848.52813742
v 11514.33664335 -849.50403651 -891.17210861
v 14014.33664335 -1200.97589909 -42.64397119
v 14000.00000000 -1200.00000000 0.00000000
v 11514.33664335 -817.68423136 -877.99191376
v 14014.33664335 -1169.15609393 -29.46377634
v 11505.93843211 -803.93236806 -847.55223834
v 14005.93843211 -1155.40423064 0.97589909
v 11494.06156789 -816.30410163 -817.68423136
v 13994.06156789 -1167.77596421 30.84390607
v 11485.66335665 -847.55223834 -805.88416624
v 13985.66335665 -1199.02410091 42.64397119
v 11485.66335665 -879.37204349 -819.06436109
v 13985.66335665 -1230.84390607 29.46377634
v 11494.06156789 -893.12390679 -849.50403651
v 13994.06156789 -1244.59576936 -0.97589909
v 11505.93843211 -880.75217322 -879.37204349
v 14005.93843211 -1232.22403579 -30.84390607
v 11500.00000000 -0.00000000 -1200.00000000
v 11500.00000000 -0.00000000 -1280.00000000
v 14000.00000000 -0.00000000 -1280.00000000
v 14000.00000000 -0.00000000 -1200.00000000
v 11500.00000000 56.56854249 -1256.56854249
v 14000.00000000 56.56854249 -1256.56854249
v 11500.00000000 80.00000000 -1200.00000000
v 14000.00000000 80.00000000 -1200.00000000
v 11500.00000000 56.56854249 -1143.43145751
v 14000.00000000 56.56854249 -1143.43145751
v 11500.00000000 -0.00000000 -1120.00000000
v 14000.00000000 -0.00000000 -1120.00000000
v 11500.00000000 -56.56854249 -1143.43145751
v 14000.00000000 -56.56854249 -1143.43145751
v 11500.00000000 -80.00000000 -1200.00000000
v 14000.00000000 -80.00000000 -1200.00000000
v 11500.00000000 -56.56854249 -1256.56854249
v 14000.00000000 -56.56854249 -1256.56854249
v 11500.00000000 -0.00000000 -1200.00000000
v 11505.93843211 -0.97589909 -1244.59576936
v 14005.93843211 -849.50403651 -893.12390679
v 14000.00000000 -848.52813742 -848.52813742
v 11514.33664335 29.46377634 -1230.84390607
v 14014.33664335 -819.06436109 -879.37204349
v 11514.33664335 42.64397119 -1199.02410091
v 14014.33664335 -805.88416624 -847.55223834
v 11505.93843211 30.84390607 -1167.77596421
v 14005.93843211 -817.68423136 -816.30410163
v 11494.06156789 0.97589909 -1155.40423064
v 13994.06156789 -847.55223834 -803.93236806
v 11485.66335665 -29.46377634 -1169.15609393
v 13985.66335665 -877.99191376 -817.68423136
v 11485.66335665 -42.64397119 -1200.97589909
v 13985.66335665 -891.17210861 -849.50403651
v 11494.06156789 -30.84390607 -1232.22403579
v 13994.06156789 -879.37204349 -880.75217322
v 11500.00000000 848.52813742 -848.52813742
v 11500.00000000 848.52813742 -928.52813742
v 14000.00000000 848.52813742 -928.52813742
v 14000.00000000 848.52813742 -848.52813742
v 11500.00000000 905.09667992 -905.09667992
v 14000.00000000 905.09667992 -905.09667992
v 11500.00000000 928.52813742 -848.52813742
v 14000.00000000 928.52813742 -848.52813742
v 11500.00000000 905.09667992 -791.95959493
v 14000.00000000 905.09667992 -791.95959493
v 11500.00000000 848.52813742 -768.52813742
v 14000.00000000 848.52813742 -768.52813742
v 11500.00000000 791.95959493 -791.95959493
v 14000.00000000 791.95959493 -791.95959493
v 11500.00000000 768.52813742 -848.52813742
v 14000.00000000 768.52813742 -848.52813742
v 11500.00000000 791.95959493 -905.09667992
v 14000.00000000 791.95959493 -905.09667992
v 11500.00000000 848.52813742 -848.52813742
v 11494.06156789 849.50403651 -893.12390679
v 13994.06156789 0.97589909 -1244.59576936
v 14000.00000000 -0.00000000 -1200.00000000
v 11505.93843211 879.37204349 -880.75217322
v 14005.93843211 30.84390607 -1232.22403579
v 11514.33664335 891.17210861 -849.50403651
v 14014.33664335 42.64397119 -1200.97589909
v 11514.33664335 877.99191376 -817.68423136
v 14014.33664335 29.46377634 -1169.15609393
v 11505.93843211 847.55223834 -803.93236806
v 14005.93843211 -0.97589909 -1155.40423064
v 11494.06156789 817.68423136 -816.30410163
v 13994.06156789 -30.84390607 -1167.77596421
v 11485.66335665 805.88416624 -847.55223834
v 13985.66335665 -42.64397119 -1199.02410091
v 11485.66335665 819.06436109 -879.37204349
v 13985.66335665 -29.46377634 -1230.84390607
v 14000.00000000 1200.00000000 0.00000000
v 14055.43277195 1178.78679656 -8.78679656
v 14055.43277195 827.31493399 839.74134086
v 14000.00000000 848.52813742 848.52813742
v 14055.43277195 1221.21320344 8.78679656
v 14055.43277195 869.74134086 857.31493399
v 14022.96100594 1251.21320344 21.21320344
v 14022.96100594 899.74134086 869.74134086
v 13977.03899406 1251.21320344 21.21320344
v 13977.03899406 899.74134086 869.74134086
v 13944.56722805 1221.21320344 8.78679656
v 13944.56722805 869.74134086 857.31493399
v 13944.56722805 1178.78679656 -8.78679656
v 13944.56722805 827.31493399 839.74134086
v 13977.03899406 1148.78679656 -21.21320344
v 13977.03899406 797.31493399 827.31493399
v 14022.96100594 1148.78679656 -21.21320344
v 14022.96100594 797.31493399 827.31493399
v 14000.00000000 848.52813742 848.52813742
v 14022.96100594 827.31493399 797.31493399
v 14022.96100594 -21.21320344 1148.78679656
v 14000.00000000 0.00000000 1200.00000000
v 14055.43277195 839.74134086 827.31493399
v 14055.43277195 -8.78679656 1178.78679656
v 14055.43277195 857.31493399 869.74134086
v 14055.43277195 8.78679656 1221.21320344
v 14022.96100594 869.74134086 899.74134086
v 14022.96100594 21.21320344 1251.21320344
v 13977.03899406 869.74134086 899.74134086
v 13977.03899406 21.21320344 1251.21320344
v 13944.56722805 857.31493399 869.74134086
v 13944.56722805 8.78679656 1221.21320344
v 13944.56722805 839.74134086 827.31493399
v 13944.56722805 -8.78679656 1178.78679656
v 13977.03899406 827.31493399 797.31493399
v 13977.03899406 -21.21320344 1148.78679656
v 14000.00000000 0.00000000 1200.00000000
v 13977.03899406 21.21320344 1148.78679656
v 13977.03899406 -827.31493399 797.31493399
v 14000.00000000 -848.52813742 848.52813742
v 14022.96100594 21.21320344 1148.78679656
v 14022.96100594 -827.31493399 797.31493399
v 14055.43277195 8.78679656 1178.78679656
v 14055.43277195 -839.74134086 827.31493399
v 14055.43277195 -8.78679656 1221.21320344
v 14055.43277195 -857.31493399 869.74134086
v 14022.96100594 -21.21320344 1251.21320344
v 14022.96100594 -869.74134086 899.74134086
v 13977.03899406 -21.21320344 1251.21320344
v 13977.03899406 -869.74134086 899.74134086
v 13944.56722805 -8.78679656 1221.21320344
v 13944.56722805 -857.31493399 869.74134086
v 13944.56722805 8.78679656 1178.78679656
v 13944.56722805 -839.74134086 827.31493399
v 14000.00000000 -848.52813742 848.52813742
v 13944.56722805 -827.31493399 839.74134086
v 13944.56722805 -1178.78679656 -8.78679656
v 14000.00000000 -1200.00000000 0.00000000
v 13977.03899406 -797.31493399 827.31493399
v 13977.03899406 -1148.78679656 -21.21320344
v 14022.96100594 -797.31493399 827.31493399
v 14022.96100594 -1148.78679656 -21.21320344
v 14055.43277195 -827.31493399 839.74134086
v 14055.43277195 -1178.78679656 -8.78679656
v 14055.43277195 -869.74134086 857.31493399
v 14055.43277195 -1221.21320344 8.78679656
v 14022.96100594 -899.74134086 869.74134086
v 14022.96100594 -1251.21320344 21.21320344
v 13977.03899406 -899.74134086 869.74134086
v 13977.03899406 -1251.21320344 21.21320344
v 13944.56722805 -869.74134086 857.31493399
v 13944.56722805 -1221.21320344 8.78679656
v 14000.00000000 -1200.00000000 0.00000000
v 13944.56722805 -1221.21320344 -8.78679656
v 13944.56722805 -869.74134086 -857.31493399
v 14000.00000000 -848.52813742 -848.52813742
v 13944.56722805 -1178.78679656 8.78679656
v 13944.56722805 -827.31493399 -839.74134086
v 13977.03899406 -1148.78679656 21.21320344
v 13977.03899406 -797.31493399 -827.31493399
v 14022.96100594 -1148.78679656 21.21320344
v 14022.96100594 -797.31493399 -827.31493399
v 14055.43277195 -1178.78679656 8.78679656
v 14055.43277195 -827.31493399 -839.74134086
v 14055.43277195 -1221.21320344 -8.78679656
v 14055.43277195 -869.74134086 -857.31493399
v 14022.96100594 -1251.21320344 -21.21320344
v 14022.96100594 -899.74134086 -869.74134086
v 13977.03899406 -1251.21320344 -21.21320344
v 13977.03899406 -899.74134086 -869.74134086
v 14000.00000000 -848.52813742 -848.52813742
v 13977.03899406 -869.74134086 -899.74134086
v 13977.03899406 -21.21320344 -1251.21320344
v 14000.00000000 -0.00000000 -1200.00000000
v 13944.56722805 -857.31493399 -869.74134086
v 13944.56722805 -8.78679656 -1221.21320344
v 13944.56722805 -839.74134086 -827.31493399
v 13944.56722805 8.78679656 -1178.78679656
v 13977.03899406 -827.31493399 -797.31493399
v 13977.03899406 21.21320344 -1148.78679656
v 14022.96100594 -827.31493399 -797.31493399
v 14022.96100594 21.21320344 -1148.78679656
v 14055.43277195 -839.74134086 -827.31493399
v 14055.43277195 8.78679656 -1178.78679656
v 14055.43277195 -857.31493399 -869.74134086
v 14055.43277195 -8.78679656 -1221.21320344
v 14022.96100594 -869.74134086 -899.74134086
v 14022.96100594 -21.21320344 -1251.21320344
v 14000.00000000 -0.00000000 -1200.00000000
v 14022.96100594 21.21320344 -1251.21320344
v 14022.96100594 869.74134086 -899.74134086
v 14000.00000000 848.52813742 -848.52813742
v 13977.03899406 21.21320344 -1251.21320344
v 13977.03899406 869.74134086 -899.74134086
v 13944.56722805 8.78679656 -1221.21320344
v 13944.56722805 857.31493399 -869.74134086
v 13944.56722805 -8.78679656 -1178.78679656
v 13944.56722805 839.74134086 -827.31493399
v 13977.03899406 -21.21320344 -1148.78679656
v 13977.03899406 827.31493399 -797.31493399
v 14022.96100594 -21.21320344 -1148.78679656
v 14022.96100594 827.31493399 -797.31493399
v 14055.43277195 -8.78679656 -1178.78679656
v 14055.43277195 839.74134086 -827.31493399
v 14055.43277195 8.78679656 -1221.21320344
v 14055.43277195 857.31493399 -869.74134086
v 14000.00000000 848.52813742 -848.52813742
v 14055.43277195 869.74134086 -857.31493399
v 14055.43277195 1221.21320344 -8.78679656
v 14000.00000000 1200.00000000 0.00000000
v 14022.96100594 899.74134086 -869.74134086
v 14022.96100594 1251.21320344 -21.21320344
v 13977.03899406 899.74134086 -869.74134086
v 13977.03899406 1251.21320344 -21.21320344
v 13944.56722805 869.74134086 -857.31493399
v 13944.56722805 1221.21320344 -8.78679656
v 13944.56722805 827.31493399 -839.74134086
v 13944.56722805 1178.78679656 8.78679656
v 13977.03899406 797.31493399 -827.31493399
v 13977.03899406 1148.78679656 21.21320344
v 14022.96100594 797.31493399 -827.31493399
v 14022.96100594 1148.78679656 21.21320344
v 14055.43277195 827.31493399 -839.74134086
v 14055.43277195 1178.78679656 8.78679656
v 14000.00000000 1200.00000000 0.00000000
v 14000.00000000 1200.00000000 -80.00000000
v 15000.00000000 1200.00000000 -80.00000000
v 15000.00000000 1200.00000000 0.00000000
v 14000.00000000 1256.56854249 -56.56854249
v 15000.00000000 1256.56854249 -56.56854249
v 14000.00000000 1280.00000000 -0.00000000
v 15000.00000000 1280.00000000 -0.00000000
v 14000.00000000 1256.56854249 56.56854249
v 15000.00000000 1256.56854249 56.56854249
v 14000.00000000 1200.00000000 80.00000000
v 15000.00000000 1200.00000000 80.00000000
v 14000.00000000 1143.43145751 56.56854249
v 15000.00000000 1143.43145751 56.56854249
v 14000.00000000 1120.00000000 0.00000000
v 15000.00000000 1120.00000000 0.00000000
v 14000.00000000 1143.43145751 -56.56854249
v 15000.00000000 1143.43145751 -56.56854249
v 14000.00000000 1200.00000000 0.00000000
v 14028.12246380 1195.80779067 -34.87911138
v 15028.12246380 844.33592810 813.64902604
v 15000.00000000 848.52813742 848.52813742
v 14028.12246380 1227.62759583 -21.69891654
v 15028.12246380 876.15573325 826.82922089
v 14011.64870591 1243.26353004 4.19220933
v 15011.64870591 891.79166746 852.72034675
v 13988.35129409 1233.55627511 27.62759583
v 14988.35129409 882.08441254 876.15573325
v 13971.87753620 1204.19220933 34.87911138
v 14971.87753620 852.72034675 883.40724881
v 13971.87753620 1172.37240417 21.69891654
v 14971.87753620 820.90054160 870.22705396
v 13988.35129409 1156.73646996 -4.19220933
v 14988.35129409 805.26460738 844.33592810
v 14011.64870591 1166.44372489 -27.62759583
v 15011.64870591 814.97186231 820.90054160
v 14000.00000000 848.52813742 848.52813742
v 14000.00000000 848.52813742 768.52813742
v 15000.00000000 848.52813742 768.52813742
v 15000.00000000 848.52813742 848.52813742
v 14000.00000000 905.09667992 791.95959493
v 15000.00000000 905.09667992 791.95959493
v 14000.00000000 928.52813742 848.52813742
v 15000.00000000 928.52813742 848.52813742
v 14000.00000000 905.09667992 905.09667992
v 15000.00000000 905.09667992 905.09667992
v 14000.00000000 848.52813742 928.52813742
v 15000.00000000 848.52813742 928.52813742
v 14000.00000000 791.95959493 905.09667992
v 15000.00000000 791.95959493 905.09667992
v 14000.00000000 768.52813742 848.52813742
v 15000.00000000 768.52813742 848.52813742
v 14000.00000000 791.95959493 791.95959493
v 15000.00000000 791.95959493 791.95959493
v 14000.00000000 848.52813742 848.52813742
v 14011.64870591 844.33592810 805.26460738
v 15011.64870591 -4.19220933 1156.73646996
v 15000.00000000 0.00000000 1200.00000000
v 14028.12246380 870.22705396 820.90054160
v 15028.12246380 21.69891654 1172.37240417
v 14028.12246380 883.40724881 852.72034675
v 15028.12246380 34.87911138 1204.19220933
v 14011.64870591 876.15573325 882.08441254
v 15011.64870591 27.62759583 1233.55627511
v 13988.35129409 852.72034675 891.79166746
v 14988.35129409 4.19220933 1243.26353004
v 13971.87753620 826.82922089 876.15573325
v 14971.87753620 -21.69891654 1227.62759583
v 13971.87753620 813.64902604 844.33592810
v 14971.87753620 -34.87911138 1195.80779067
v 13988.35129409 820.90054160 814.97186231
v 14988.35129409 -27.62759583 1166.44372489
v 14000.00000000 0.00000000 1200.00000000
v 14000.00000000 0.00000000 1120.00000000
v 15000.00000000 0.00000000 1120.00000000
v 15000.00000000 0.00000000 1200.00000000
v 14000.00000000 56.56854249 1143.43145751
v 15000.00000000 56.56854249 1143.43145751
v 14000.00000000 80.00000000 1200.00000000
v 15000.00000000 80.00000000 1200.00000000
v 14000.00000000 56.56854249 1256.56854249
v 15000.00000000 56.56854249 1256.56854249
v 14000.00000000 0.00000000 1280.00000000
v 15000.00000000 0.00000000 1280.00000000
v 14000.00000000 -56.56854249 1256.56854249
v 15000.00000000 -56.56854249 1256.56854249
v 14000.00000000 -80.00000000 1200.00000000
v 15000.00000000 -80.00000000 1200.00000000
v 14000.00000000 -56.56854249 1143.43145751
v 15000.00000000 -56.56854249 1143.43145751
v 14000.00000000 0.00000000 1200.00000000
v 13988.35129409 4.19220933 1156.73646996
v 14988.35129409 -844.33592810 805.26460738
v 15000.00000000 -848.52813742 848.52813742
v 14011.64870591 27.62759583 1166.44372489
v 15011.64870591 -820.90054160 814.97186231
v 14028.12246380 34.87911138 1195.80779067
v 15028.12246380 -813.64902604 844.33592810
v 14028.12246380 21.69891654 1227.62759583
v 15028.12246380 -826.82922089 876.15573325
v 14011.64870591 -4.19220933 1243.26353004
v 15011.64870591 -852.72034675 891.79166746
v 13988.35129409 -27.62759583 1233.55627511
v 14988.35129409 -876.15573325 882.08441254
v 13971.87753620 -34.87911138 1204.19220933
v 14971.87753620 -883.40724881 852.72034675
v 13971.87753620 -21.69891654 1172.37240417
v 14971.87753620 -870.22705396 820.90054160
v 14000.00000000 -848.52813742 848.52813742
v 14000.00000000 -848.52813742 768.52813742
v 15000.00000000 -848.52813742 768.52813742
v 15000.00000000 -848.52813742 848.52813742
v 14000.00000000 -791.95959493 791.95959493
v 15000.00000000 -791.95959493 791.95959493
v 14000.00000000 -768.52813742 848.52813742
v 15000.00000000 -768.52813742 848.52813742
v 14000.00000000 -791.95959493 905.09667992
v 15000.00000000 -791.95959493 905.09667992
v 14000.00000000 -848.52813742 928.52813742
v 15000.00000000 -848.52813742 928.52813742
v 14000.00000000 -905.09667992 905.09667992
v 15000.00000000 -905.09667992 905.09667992
v 14000.00000000 -928.52813742 848.52813742
v 15000.00000000 -928.52813742 848.52813742
v 14000.00000000 -905.09667992 791.95959493
v 15000.00000000 -905.09667992 791.95959493
v 14000.00000000 -848.52813742 848.52813742
v 13971.87753620 -844.33592810 813.64902604
v 14971.87753620 -1195.80779067 -34.87911138
v 15000.00000000 -1200.00000000 0.00000000
v 13988.35129409 -814.97186231 820.90054160
v 14988.35129409 -1166.44372489 -27.62759583
v 14011.64870591 -805.26460738 844.33592810
v 15011.64870591 -1156.73646996 -4.19220933
v 14028.12246380 -820.90054160 870.22705396
v 15028.12246380 -1172.37240417 21.69891654
v 14028.12246380 -852.72034675 883.40724881
v 15028.12246380 -1204.19220933 34.87911138
v 14011.64870591 -882.08441254 876.15573325
v 15011.64870591 -1233.55627511 27.62759583
v 13988.35129409 -891.79166746 852.72034675
v 14988.35129409 -1243.26353004 4.19220933
v 13971.87753620 -876.15573325 826.82922089
v 14971.87753620 -1227.62759583 -21.69891654
v 14000.00000000 -1200.00000000 0.00000000
v 14000.00000000 -1200.00000000 -80.00000000
v 15000.00000000 -1200.00000000 -80.00000000
v 15000.00000000 -1200.00000000 0.00000000
v 14000.00000000 -1143.43145751 -56.56854249
v 15000.00000000 -1143.43145751 -56.56854249
v 14000.00000000 -1120.00000000 0.00000000
v 15000.00000000 -1120.00000000 0.00000000
v 14000.00000000 -1143.43145751 56.56854249
v 15000.00000000 -1143.43145751 56.56854249
v 14000.00000000 -1200.00000000 80.00000000
v 15000.00000000 -1200.00000000 80.00000000
v 14000.00000000 -1256.56854249 56.56854249
v 15000.00000000 -1256.56854249 56.56854249
v 14000.00000000 -1280.00000000 0.00000000
v 15000.00000000 -1280.00000000 0.00000000
v 14000.00000000 -1256.56854249 -56.56854249
v 15000.00000000 -1256.56854249 -56.56854249
v 14000.00000000 -1200.00000000 0.00000000
v 13971.87753620 -1204.19220933 -34.87911138
v 14971.87753620 -852.72034675 -883.40724881
v 15000.00000000 -848.52813742 -848.52813742
v 13971.87753620 -1172.37240417 -21.69891654
v 14971.87753620 -820.90054160 -870.22705396
v 13988.35129409 -1156.73646996 4.19220933
v 14988.35129409 -805.26460738 -844.33592810
v 14011.64870591 -1166.44372489 27.62759583
v 15011.64870591 -814.97186231 -820.90054160
v 14028.12246380 -1195.80779067 34.87911138
v 15028.12246380 -844.33592810 -813.64902604
v 14028.12246380 -1227.62759583 21.69891654
v 15028.12246380 -876.15573325 -826.82922089
v 14011.64870591 -1243.26353004 -4.19220933
v 15011.64870591 -891.79166746 -852.72034675
v 13988.35129409 -1233.55627511 -27.62759583
v 14988.35129409 -882.08441254 -876.15573325
v 14000.00000000 -848.52813742 -848.52813742
v 14000.00000000 -848.52813742 -928.52813742
v 15000.00000000 -848.52813742 -928.52813742
v 15000.00000000 -848.52813742 -848.52813742
v 14000.00000000 -791.95959493 -905.09667992
v 15000.00000000 -791.95959493 -905.09667992
v 14000.00000000 -768.52813742 -848.52813742
v 15000.00000000 -768.52813742 -848.52813742
v 14000.00000000 -791.95959493 -791.95959493
v 15000.00000000 -791.95959493 -791.95959493
v 14000.00000000 -848.52813742 -768.52813742
v 15000.00000000 -848.52813742 -768.52813742
v 14000.00000000 -905.09667992 -791.95959493
v 15000.00000000 -905.09667992 -791.95959493
v 14000.00000000 -928.52813742 -848.52813742
v 15000.00000000 -928.52813742 -848.52813742
v 14000.00000000 -905.09667992 -905.09667992
v 15000.00000000 -905.09667992 -905.09667992
v 14000.00000000 -848.52813742 -848.52813742
v 13988.35129409 -852.72034675 -891.79166746
v 14988.35129409 -4.19220933 -1243.26353004
v 15000.00000000 -0.00000000 -1200.00000000
v 13971.87753620 -826.82922089 -876.15573325
v 14971.87753620 21.69891654 -1227.62759583
v 13971.87753620 -813.64902604 -844.33592810
v 14971.87753620 34.87911138 -1195.80779067
v 13988.35129409 -820.90054160 -814.97186231
v 14988.35129409 27.62759583 -1166.44372489
v 14011.64870591 -844.33592810 -805.26460738
v 15011.64870591 4.19220933 -1156.73646996
v 14028.12246380 -870.22705396 -820.90054160
v 15028.12246380 -21.69891654 -1172.37240417
v 14028.12246380 -883.40724881 -852.72034675
v 15028.12246380 -34.87911138 -1204.19220933
v 14011.64870591 -876.15573325 -882.08441254
v 15011.64870591 -27.62759583 -1233.55627511
v 14000.00000000 -0.00000000 -1200.00000000
v 14000.00000000 -0.00000000 -1280.00000000
v 15000.00000000 -0.00000000 -1280.00000000
v 15000.00000000 -0.00000000 -1200.00000000
v 14000.00000000 56.56854249 -1256.56854249
v 15000.00000000 56.56854249 -1256.56854249
v 14000.00000000 80.00000000 -1200.00000000
v 15000.00000000 80.00000000 -1200.00000000
v 14000.00000000 56.56854249 -1143.43145751
v 15000.00000000 56.56854249 -1143.43145751
v 14000.00000000 -0.00000000 -1120.00000000
v 15000.00000000 -0.00000000 -1120.00000000
v 14000.00000000 -56.56854249 -1143.43145751
v 15000.00000000 -56.56854249 -1143.43145751
v 14000.00000000 -80.00000000 -1200.00000000
v 15000.00000000 -80.00000000 -1200.00000000
v 14000.00000000 -56.56854249 -1256.56854249
v 15000.00000000 -56.56854249 -1256.56854249
v 14000.00000000 -0.00000000 -1200.00000000
v 14011.64870591 4.19220933 -1243.26353004
v 15011.64870591 852.72034675 -891.79166746
v 15000.00000000 848.52813742 -848.52813742
v 13988.35129409 27.62759583 -1233.55627511
v 14988.35129409 876.15573325 -882.08441254
v 13971.87753620 34.87911138 -1204.19220933
v 14971.87753620 883.40724881 -852.72034675
v 13971.87753620 21.69891654 -1172.37240417
v 14971.87753620 870.22705396 -820.90054160
v 13988.35129409 -4.19220933 -1156.73646996
v 14988.35129409 844.33592810 -805.26460738
v 14011.64870591 -27.62759583 -1166.44372489
v 15011.64870591 820.90054160 -814.97186231
v 14028.12246380 -34.87911138 -1195.80779067
v 15028.12246380 813.64902604 -844.33592810
v 14028.12246380 -21.69891654 -1227.62759583
v 15028.12246380 826.82922089 -876.15573325
v 14000.00000000 848.52813742 -848.52813742
v 14000.00000000 848.52813742 -928.52813742
v 15000.00000000 848.52813742 -928.52813742
v 15000.00000000 848.52813742 -848.52813742
v 14000.00000000 905.09667992 -905.09667992
v 15000.00000000 905.09667992 -905.09667992
v 14000.00000000 928.52813742 -848.52813742
v 15000.00000000 928.52813742 -848.52813742
v 14000.00000000 905.09667992 -791.95959493
v 15000.00000000 905.09667992 -791.95959493
v 14000.00000000 848.52813742 -768.52813742
v 15000.00000000 848.52813742 -768.52813742
v 14000.00000000 791.95959493 -791.95959493
v 15000.00000000 791.95959493 -791.95959493
v 14000.00000000 768.52813742 -848.52813742
v 15000.00000000 768.52813742 -848.52813742
v 14000.00000000 791.95959493 -905.09667992
v 15000.00000000 791.95959493 -905.09667992
v 14000.00000000 848.52813742 -848.52813742
v 14028.12246380 852.72034675 -883.40724881
v 15028.12246380 1204.19220933 -34.87911138
v 15000.00000000 1200.00000000 -0.00000000
v 14011.64870591 882.08441254 -876.15573325
v 15011.64870591 1233.55627511 -27.62759583
v 13988.35129409 891.79166746 -852.72034675
v 14988.35129409 1243.26353004 -4.19220933
v 13971.87753620 876.15573325 -826.82922089
v 14971.87753620 1227.62759583 21.69891654
v 13971.87753620 844.33592810 -813.64902604
v 14971.87753620 1195.80779067 34.87911138
v 13988.35129409 814.97186231 -820.90054160
v 14988.35129409 1166.44372489 27.62759583
v 14011.64870591 805.26460738 -844.33592810
v 15011.64870591 1156.73646996 4.19220933
v 14028.12246380 820.90054160 -870.22705396
v 15028.12246380 1172.37240417 -21.69891654
v 15000.00000000 1200.00000000 0.00000000
v 15055.43277195 1178.78679656 -8.78679656
v 15055.43277195 827.31493399 839.74134086
v 15000.00000000 848.52813742 848.52813742
v 15055.43277195 1221.21320344 8.78679656
v 15055.43277195 869.74134086 857.31493399
v 15022.96100594 1251.21320344 21.21320344
v 15022.96100594 899.74134086 869.74134086
v 14977.03899406 1251.21320344 21.21320344
v 14977.03899406 899.74134086 869.74134086
v 14944.56722805 1221.21320344 8.78679656
v 14944.56722805 869.74134086 857.31493399
v 14944.56722805 1178.78679656 -8.78679656
v 14944.56722805 827.31493399 839.74134086
v 14977.03899406 1148.78679656 -21.21320344
v 14977.03899406 797.31493399 827.31493399
v 15022.96100594 1148.78679656 -21.21320344
v 15022.96100594 797.31493399 827.31493399
v 15000.00000000 848.52813742 848.52813742
v 15022.96100594 827.31493399 797.31493399
v 15022.96100594 -21.21320344 1148.78679656
v 15000.00000000 0.00000000 1200.00000000
v 15055.43277195 839.74134086 827.31493399
v 15055.43277195 -8.78679656 1178.78679656
v 15055.43277195 857.31493399 869.74134086
v 15055.43277195 8.78679656 1221.21320344
v 15022.96100594 869.74134086 899.74134086
v 15022.96100594 21.21320344 1251.21320344
v 14977.03899406 869.74134086 899.74134086
v 14977.03899406 21.21320344 1251.21320344
v 14944.56722805 857.31493399 869.74134086
v 14944.56722805 8.78679656 1221.21320344
v 14944.56722805 839.74134086 827.31493399
v 14944.56722805 -8.78679656 1178.78679656
v 14977.03899406 827.31493399 797.31493399
v 14977.03899406 -21.21320344 1148.78679656
v 15000.00000000 0.00000000 1200.00000000
v 14977.03899406 21.21320344 1148.78679656
v 14977.03899406 -827.31493399 797.31493399
v 15000.00000000 -848.52813742 848.52813742
v 15022.96100594 21.21320344 1148.78679656
v 15022.96100594 -827.31493399 797.31493399
v 15055.43277195 8.78679656 1178.78679656
v 15055.43277195 -839.74134086 827.31493399
v 15055.43277195 -8.78679656 1221.21320344
v 15055.43277195 -857.31493399 869.74134086
v 15022.96100594 -21.21320344 1251.21320344
v 15022.96100594 -869.74134086 899.74134086
v 14977.03899406 -21.21320344 1251.21320344
v 14977.03899406 -869.74134086 899.74134086
v 14944.56722805 -8.78679656 1221.21320344
v 14944.56722805 -857.31493399 869.74134086
v 14944.56722805 8.78679656 1178.78679656
v 14944.56722805 -839.74134086 827.31493399
v 15000.00000000 -848.52813742 848.52813742
v 14944.56722805 -827.31493399 839.74134086
v 14944.56722805 -1178.78679656 -8.78679656
v 15000.00000000 -1200.00000000 0.00000000
v 14977.03899406 -797.31493399 827.31493399
v 14977.03899406 -1148.78679656 -21.21320344
v 15022.96100594 -797.31493399 827.31493399
v 15022.96100594 -1148.78679656 -21.21320344
v 15055.43277195 -827.31493399 839.74134086
v 15055.43277195 -1178.78679656 -8.78679656
v 15055.43277195 -869.74134086 857.31493399
v 15055.43277195 -1221.21320344 8.78679656
v 15022.96100594 -899.74134086 869.74134086
v 15022.96100594 -1251.21320344 21.21320344
v 14977.03899406 -899.74134086 869.74134086
v 14977.03899406 -1251.21320344 21.21320344
v 14944.56722805 -869.74134086 857.31493399
v 14944.56722805 -1221.21320344 8.78679656
v 15000.00000000 -1200.00000000 0.00000000
v 14944.56722805 -1221.21320344 -8.78679656
v 14944.56722805 -869.74134086 -857.31493399
v 15000.00000000 -848.52813742 -848.52813742
v 14944.56722805 -1178.78679656 8.78679656
v 14944.56722805 -827.31493399 -839.74134086
v 14977.03899406 -1148.78679656 21.21320344
v 14977.03899406 -797.31493399 -827.31493399
v 15022.96100594 -1148.78679656 21.21320344
v 15022.96100594 -797.31493399 -827.31493399
v 15055.43277195 -1178.78679656 8.78679656
v 15055.43277195 -827.31493399 -839.74134086
v 15055.43277195 -1221.21320344 -8.78679656
v 15055.43277195 -869.74134086 -857.31493399
v 15022.96100594 -1251.21320344 -21.21320344
v 15022.96100594 -899.74134086 -869.74134086
v 14977.03899406 -1251.21320344 -21.21320344
v 14977.03899406 -899.74134086 -869.74134086
v 15000.00000000 -848.52813742 -848.52813742
v 14977.03899406 -869.74134086 -899.74134086
v 14977.03899406 -21.21320344 -1251.21320344
v 15000.00000000 -0.00000000 -1200.00000000
v 14944.56722805 -857.31493399 -869.74134086
v 14944.56722805 -8.78679656 -1221.21320344
v 14944.56722805 -839.74134086 -827.31493399
v 14944.56722805 8.78679656 -1178.78679656
v 14977.03899406 -827.31493399 -797.31493399
v 14977.03899406 21.21320344 -1148.78679656
v 15022.96100594 -827.31493399 -797.31493399
v 15022.96100594 21.21320344 -1148.78679656
v 15055.43277195 -839.74134086 -827.31493399
v 15055.43277195 8.78679656 -1178.78679656
v 15055.43277195 -857.31493399 -869.74134086
v 15055.43277195 -8.78679656 -1221.21320344
v 15022.96100594 -869.74134086 -899.74134086
v 15022.96100594 -21.21320344 -1251.21320344
v 15000.00000000 -0.00000000 -1200.00000000
v 15022.96100594 21.21320344 -1251.21320344
v 15022.96100594 869.74134086 -899.74134086
v 15000.00000000 848.52813742 -848.52813742
v 14977.03899406 21.21320344 -1251.21320344
v 14977.03899406 869.74134086 -899.74134086
v 14944.56722805 8.78679656 -1221.21320344
v 14944.56722805 857.31493399 -869.74134086
v 14944.56722805 -8.78679656 -1178.78679656
v 14944.56722805 839.74134086 -827.31493399
v 14977.03899406 -21.21320344 -1148.78679656
v 14977.03899406 827.31493399 -797.31493399
v 15022.96100594 -21.21320344 -1148.78679656
v 15022.96100594 827.31493399 -797.31493399
v 15055.43277195 -8.78679656 -1178.78679656
v 15055.43277195 839.74134086 -827.31493399
v 15055.43277195 8.78679656 -1221.21320344
v 15055.43277195 857.31493399 -869.74134086
v 15000.00000000 848.52813742 -848.52813742
v 15055.43277195 869.74134086 -857.31493399
v 15055.43277195 1221.21320344 -8.78679656
v 15000.00000000 1200.00000000 0.00000000
v 15022.96100594 899.74134086 -869.74134086
v 15022.96100594 1251.21320344 -21.21320344
v 14977.03899406 899.74134086 -869.74134086
v 14977.03899406 1251.21320344 -21.21320344
v 14944.56722805 869.74134086 -857.31493399
v 14944.56722805 1221.21320344 -8.78679656
v 14944.56722805 827.31493399 -839.74134086
v 14944.56722805 1178.78679656 8.78679656
v 14977.03899406 797.31493399 -827.31493399
v 14977.03899406 1148.78679656 21.21320344
v 15022.96100594 797.31493399 -827.31493399
v 15022.96100594 1148.78679656 21.21320344
v 15055.43277195 827.31493399 -839.74134086
v 15055.43277195 1178.78679656 8.78679656
v 15000.00000000 1200.00000000 0.00000000
v 15000.00000000 1200.00000000 -80.00000000
v 16500.00000000 1200.00000000 -80.00000000
v 16500.00000000 1200.00000000 0.00000000
v 15000.00000000 1256.56854249 -56.56854249
v 16500.00000000 1256.56854249 -56.56854249
v 15000.00000000 1280.00000000 -0.00000000
v 16500.00000000 1280.00000000 -0.00000000
v 15000.00000000 1256.56854249 56.56854249
v 16500.00000000 1256.56854249 56.56854249
v 15000.00000000 1200.00000000 80.00000000
v 16500.00000000 1200.00000000 80.00000000
v 15000.00000000 1143.43145751 56.56854249
v 16500.00000000 1143.43145751 56.56854249
v 15000.00000000 1120.00000000 0.00000000
v 16500.00000000 1120.00000000 0.00000000
v 15000.00000000 1143.43145751 -56.56854249
v 16500.00000000 1143.43145751 -56.56854249
v 15000.00000000 1200.00000000 0.00000000
v 14978.29041995 1202.34141504 -39.34732405
v 16478.29041995 850.86955247 -887.87546147
v 16500.00000000 848.52813742 -848.52813742
v 14991.00759751 1232.78965102 -29.47839011
v 16491.00759751 881.31778844 -878.00652753
v 15008.99240249 1244.03015413 -2.34141504
v 16508.99240249 892.55829156 -850.86955247
v 15021.70958005 1229.47839011 26.16712920
v 16521.70958005 878.00652753 -822.36100822
v 15021.70958005 1197.65858496 39.34732405
v 16521.70958005 846.18672238 -809.18081338
v 15008.99240249 1167.21034898 29.47839011
v 16508.99240249 815.73848640 -819.04974731
v 14991.00759751 1155.96984587 2.34141504
v 16491.00759751 804.49798329 -846.18672238
v 14978.29041995 1170.52160989 -26.16712920
v 16478.29041995 819.04974731 -874.69526662
v 15000.00000000 848.52813742 848.52813742
v 15000.00000000 848.52813742 768.52813742
v 16500.00000000 848.52813742 768.52813742
v 16500.00000000 848.52813742 848.52813742
v 15000.00000000 905.09667992 791.95959493
v 16500.00000000 905.09667992 791.95959493
v 15000.00000000 928.52813742 848.52813742
v 16500.00000000 928.52813742 848.52813742
v 15000.00000000 905.09667992 905.09667992
v 16500.00000000 905.09667992 905.09667992
v 15000.00000000 848.52813742 928.52813742
v 16500.00000000 848.52813742 928.52813742
v 15000.00000000 791.95959493 905.09667992
v 16500.00000000 791.95959493 905.09667992
v 15000.00000000 768.52813742 848.52813742
v 16500.00000000 768.52813742 848.52813742
v 15000.00000000 791.95959493 791.95959493
v 16500.00000000 791.95959493 791.95959493
v 15000.00000000 848.52813742 848.52813742
v 14978.29041995 846.18672238 809.18081338
v 16478.29041995 1197.65858496 -39.34732405
v 16500.00000000 1200.00000000 0.00000000
v 14978.29041995 878.00652753 822.36100822
v 16478.29041995 1229.47839011 -26.16712920
v 14991.00759751 892.55829156 850.86955247
v 16491.00759751 1244.03015413 2.34141504
v 15008.99240249 881.31778844 878.00652753
v 16508.99240249 1232.78965102 29.47839011
v 15021.70958005 850.86955247 887.87546147
v 16521.70958005 1202.34141504 39.34732405
v 15021.70958005 819.04974731 874.69526662
v 16521.70958005 1170.52160989 26.16712920
v 15008.99240249 804.49798329 846.18672238
v 16508.99240249 1155.96984587 -2.34141504
v 14991.00759751 815.73848640 819.04974731
v 16491.00759751 1167.21034898 -29.47839011
v 15000.00000000 0.00000000 1200.00000000
v 15000.00000000 0.00000000 1120.00000000
v 16500.00000000 0.00000000 1120.00000000
v 16500.00000000 0.00000000 1200.00000000
v 15000.00000000 56.56854249 1143.43145751
v 16500.00000000 56.56854249 1143.43145751
v 15000.00000000 80.00000000 1200.00000000
v 16500.00000000 80.00000000 1200.00000000
v 15000.00000000 56.56854249 1256.56854249
v 16500.00000000 56.56854249 1256.56854249
v 15000.00000000 0.00000000 1280.00000000
v 16500.00000000 0.00000000 1280.00000000
v 15000.00000000 -56.56854249 1256.56854249
v 16500.00000000 -56.56854249 1256.56854249
v 15000.00000000 -80.00000000 1200.00000000
v 16500.00000000 -80.00000000 1200.00000000
v 15000.00000000 -56.56854249 1143.43145751
v 16500.00000000 -56.56854249 1143.43145751
v 15000.00000000 0.00000000 1200.00000000
v 14991.00759751 -2.34141504 1155.96984587
v 16491.00759751 846.18672238 804.49798329
v 16500.00000000 848.52813742 848.52813742
v 14978.29041995 26.16712920 1170.52160989
v 16478.29041995 874.69526662 819.04974731
v 14978.29041995 39.34732405 1202.34141504
v 16478.29041995 887.87546147 850.86955247
v 14991.00759751 29.47839011 1232.78965102
v 16491.00759751 878.00652753 881.31778844
v 15008.99240249 2.34141504 1244.03015413
v 16508.99240249 850.86955247 892.55829156
v 15021.70958005 -26.16712920 1229.47839011
v 16521.70958005 822.36100822 878.00652753
v 15021.70958005 -39.34732405 1197.65858496
v 16521.70958005 809.18081338 846.18672238
v 15008.99240249 -29.47839011 1167.21034898
v 16508.99240249 819.04974731 815.73848640
v 15000.00000000 -848.52813742 848.52813742
v 15000.00000000 -848.52813742 768.52813742
v 16500.00000000 -848.52813742 768.52813742
v 16500.00000000 -848.52813742 848.52813742
v 15000.00000000 -791.95959493 791.95959493
v 16500.00000000 -791.95959493 791.95959493
v 15000.00000000 -768.52813742 848.52813742
v 16500.00000000 -768.52813742 848.52813742
v 15000.00000000 -791.95959493 905.09667992
v 16500.00000000 -791.95959493 905.09667992
v 15000.00000000 -848.52813742 928.52813742
v 16500.00000000 -848.52813742 928.52813742
v 15000.00000000 -905.09667992 905.09667992
v 16500.00000000 -905.09667992 905.09667992
v 15000.00000000 -928.52813742 848.52813742
v 16500.00000000 -928.52813742 848.52813742
v 15000.00000000 -905.09667992 791.95959493
v 16500.00000000 -905.09667992 791.95959493
v 15000.00000000 -848.52813742 848.52813742
v 15008.99240249 -846.18672238 804.49798329
v 16508.99240249 2.34141504 1155.96984587
v 16500.00000000 0.00000000 1200.00000000
v 14991.00759751 -819.04974731 815.73848640
v 16491.00759751 29.47839011 1167.21034898
v 14978.29041995 -809.18081338 846.18672238
v 16478.29041995 39.34732405 1197.65858496
v 14978.29041995 -822.36100822 878.00652753
v 16478.29041995 26.16712920 1229.47839011
v 14991.00759751 -850.86955247 892.55829156
v 16491.00759751 -2.34141504 1244.03015413
v 15008.99240249 -878.00652753 881.31778844
v 16508.99240249 -29.47839011 1232.78965102
v 15021.70958005 -887.87546147 850.86955247
v 16521.70958005 -39.34732405 1202.34141504
v 15021.70958005 -874.69526662 819.04974731
v 16521.70958005 -26.16712920 1170.52160989
v 15000.00000000 -1200.00000000 0.00000000
v 15000.00000000 -1200.00000000 -80.00000000
v 16500.00000000 -1200.00000000 -80.00000000
v 16500.00000000 -1200.00000000 0.00000000
v 15000.00000000 -1143.43145751 -56.56854249
v 16500.00000000 -1143.43145751 -56.56854249
v 15000.00000000 -1120.00000000 0.00000000
v 16500.00000000 -1120.00000000 0.00000000
v 15000.00000000 -1143.43145751 56.56854249
v 16500.00000000 -1143.43145751 56.56854249
v 15000.00000000 -1200.00000000 80.00000000
v 16500.00000000 -1200.00000000 80.00000000
v 15000.00000000 -1256.56854249 56.56854249
v 16500.00000000 -1256.56854249 56.56854249
v 15000.00000000 -1280.00000000 0.00000000
v 16500.00000000 -1280.00000000 0.00000000
v 15000.00000000 -1256.56854249 -56.56854249
v 16500.00000000 -1256.56854249 -56.56854249
v 15000.00000000 -1200.00000000 0.00000000
v 15021.70958005 -1197.65858496 -39.34732405
v 16521.70958005 -846.18672238 809.18081338
v 16500.00000000 -848.52813742 848.52813742
v 15008.99240249 -1167.21034898 -29.47839011
v 16508.99240249 -815.73848640 819.04974731
v 14991.00759751 -1155.96984587 -2.34141504
v 16491.00759751 -804.49798329 846.18672238
v 14978.29041995 -1170.52160989 26.16712920
v 16478.29041995 -819.04974731 874.69526662
v 14978.29041995 -1202.34141504 39.34732405
v 16478.29041995 -850.86955247 887.87546147
v 14991.00759751 -1232.78965102 29.47839011
v 16491.00759751 -881.31778844 878.00652753
v 15008.99240249 -1244.03015413 2.34141504
v 16508.99240249 -892.55829156 850.86955247
v 15021.70958005 -1229.47839011 -26.16712920
v 16521.70958005 -878.00652753 822.36100822
v 15000.00000000 -848.52813742 -848.52813742
v 15000.00000000 -848.52813742 -928.52813742
v 16500.00000000 -848.52813742 -928.52813742
v 16500.00000000 -848.52813742 -848.52813742
v 15000.00000000 -791.95959493 -905.09667992
v 16500.00000000 -791.95959493 -905.09667992
v 15000.00000000 -768.52813742 -848.52813742
v 16500.00000000 -768.52813742 -848.52813742
v 15000.00000000 -791.95959493 -791.95959493
v 16500.00000000 -791.95959493 -791.95959493
v 15000.00000000 -848.52813742 -768.52813742
v 16500.00000000 -848.52813742 -768.52813742
v 15000.00000000 -905.09667992 -791.95959493
v 16500.00000000 -905.09667992 -791.95959493
v 15000.00000000 -928.52813742 -848.52813742
v 16500.00000000 -928.52813742 -848.52813742
v 15000.00000000 -905.09667992 -905.09667992
v 16500.00000000 -905.09667992 -905.09667992
v 15000.00000000 -848.52813742 -848.52813742
v 15021.70958005 -850.86955247 -887.87546147
v 16521.70958005 -1202.34141504 -39.34732405
v 16500.00000000 -1200.00000000 0.00000000
v 15021.70958005 -819.04974731 -874.69526662
v 16521.70958005 -1170.52160989 -26.16712920
v 15008.99240249 -804.49798329 -846.18672238
v 16508.99240249 -1155.96984587 2.34141504
v 14991.00759751 -815.73848640 -819.04974731
v 16491.00759751 -1167.21034898 29.47839011
v 14978.29041995 -846.18672238 -809.18081338
v 16478.29041995 -1197.65858496 39.34732405
v 14978.29041995 -878.00652753 -822.36100822
v 16478.29041995 -1229.47839011 26.16712920
v 14991.00759751 -892.55829156 -850.86955247
v 16491.00759751 -1244.03015413 -2.34141504
v 15008.99240249 -881.31778844 -878.00652753
v 16508.99240249 -1232.78965102 -29.47839011
v 15000.00000000 -0.00000000 -1200.00000000
v 15000.00000000 -0.00000000 -1280.00000000
v 16500.00000000 -0.00000000 -1280.00000000
v 16500.00000000 -0.00000000 -1200.00000000
v 15000.00000000 56.56854249 -1256.56854249
v 16500.00000000 56.56854249 -1256.56854249
v 15000.00000000 80.00000000 -1200.00000000
v 16500.00000000 80.00000000 -1200.00000000
v 15000.00000000 56.56854249 -1143.43145751
v 16500.00000000 56.56854249 -1143.43145751
v 15000.00000000 -0.00000000 -1120.00000000
v 16500.00000000 -0.00000000 -1120.00000000
v 15000.00000000 -56.56854249 -1143.43145751
v 16500.00000000 -56.56854249 -1143.43145751
v 15000.00000000 -80.00000000 -1200.00000000
v 16500.00000000 -80.00000000 -1200.00000000
v 15000.00000000 -56.56854249 -1256.56854249
v 16500.00000000 -56.56854249 -1256.56854249
v 15000.00000000 -0.00000000 -1200.00000000
v 15008.99240249 -2.34141504 -1244.03015413
v 16508.99240249 -850.86955247 -892.55829156
v 16500.00000000 -848.52813742 -848.52813742
v 15021.70958005 26.16712920 -1229.47839011
v 16521.70958005 -822.36100822 -878.00652753
v 15021.70958005 39.34732405 -1197.65858496
v 16521.70958005 -809.18081338 -846.18672238
v 15008.99240249 29.47839011 -1167.21034898
v 16508.99240249 -819.04974731 -815.73848640
v 14991.00759751 2.34141504 -1155.96984587
v 16491.00759751 -846.18672238 -804.49798329
v 14978.29041995 -26.16712920 -1170.52160989
v 16478.29041995 -874.69526662 -819.04974731
v 14978.29041995 -39.34732405 -1202.34141504
v 16478.29041995 -887.87546147 -850.86955247
v 14991.00759751 -29.47839011 -1232.78965102
v 16491.00759751 -878.00652753 -881.31778844
v 15000.00000000 848.52813742 -848.52813742
v 15000.00000000 848.52813742 -928.52813742
v 16500.00000000 848.52813742 -928.52813742
v 16500.00000000 848.52813742 -848.52813742
v 15000.00000000 905.09667992 -905.09667992
v 16500.00000000 905.09667992 -905.09667992
v 15000.00000000 928.52813742 -848.52813742
v 16500.00000000 928.52813742 -848.52813742
v 15000.00000000 905.09667992 -791.95959493
v 16500.00000000 905.09667992 -791.95959493
v 15000.00000000 848.52813742 -768.52813742
v 16500.00000000 848.52813742 -768.52813742
v 15000.00000000 791.95959493 -791.95959493
v 16500.00000000 791.95959493 -791.95959493
v 15000.00000000 768.52813742 -848.52813742
v 16500.00000000 768.52813742 -848.52813742
v 15000.00000000 791.95959493 -905.09667992
v 16500.00000000 791.95959493 -905.09667992
v 15000.00000000 848.52813742 -848.52813742
v 14991.00759751 850.86955247 -892.55829156
v 16491.00759751 2.34141504 -1244.03015413
v 16500.00000000 -0.00000000 -1200.00000000
v 15008.99240249 878.00652753 -881.31778844
v 16508.99240249 29.47839011 -1232.78965102
v 15021.70958005 887.87546147 -850.86955247
v 16521.70958005 39.34732405 -1202.34141504
v 15021.70958005 874.69526662 -819.04974731
v 16521.70958005 26.16712920 -1170.52160989
v 15008.99240249 846.18672238 -804.49798329
v 16508.99240249 -2.34141504 -1155.96984587
v 14991.00759751 819.04974731 -815.73848640
v 16491.00759751 -29.47839011 -1167.21034898
v 14978.29041995 809.18081338 -846.18672238
v 16478.29041995 -39.34732405 -1197.65858496
v 14978.29041995 822.36100822 -878.00652753
v 16478.29041995 -26.16712920 -1229.47839011
v 16500.00000000 1200.00000000 0.00000000
v 16555.43277195 1178.78679656 -8.78679656
v 16555.43277195 827.31493399 839.74134086
v 16500.00000000 848.52813742 848.52813742
v 16555.43277195 1221.21320344 8.78679656
v 16555.43277195 869.74134086 857.31493399
v 16522.96100594 1251.21320344 21.21320344
v 16522.96100594 899.74134086 869.74134086
v 16477.03899406 1251.21320344 21.21320344
v 16477.03899406 899.74134086 869.74134086
v 16444.56722805 1221.21320344 8.78679656
v 16444.56722805 869.74134086 857.31493399
v 16444.56722805 1178.78679656 -8.78679656
v 16444.56722805 827.31493399 839.74134086
v 16477.03899406 1148.78679656 -21.21320344
v 16477.03899406 797.31493399 827.31493399
v 16522.96100594 1148.78679656 -21.21320344
v 16522.96100594 797.31493399 827.31493399
v 16500.00000000 848.52813742 848.52813742
v 16522.96100594 827.31493399 797.31493399
v 16522.96100594 -21.21320344 1148.78679656
v 16500.00000000 0.00000000 1200.00000000
v 16555.43277195 839.74134086 827.31493399
v 16555.43277195 -8.78679656 1178.78679656
v 16555.43277195 857.31493399 869.74134086
v 16555.43277195 8.78679656 1221.21320344
v 16522.96100594 869.74134086 899.74134086
v 16522.96100594 21.21320344 1251.21320344
v 16477.03899406 869.74134086 899.74134086
v 16477.03899406 21.21320344 1251.21320344
v 16444.56722805 857.31493399 869.74134086
v 16444.56722805 8.78679656 1221.21320344
v 16444.56722805 839.74134086 827.31493399
v 16444.56722805 -8.78679656 1178.78679656
v 16477.03899406 827.31493399 797.31493399
v 16477.03899406 -21.21320344 1148.78679656
v 16500.00000000 0.00000000 1200.00000000
v 16477.03899406 21.21320344 1148.78679656
v 16477.03899406 -827.31493399 797.31493399
v 16500.00000000 -848.52813742 848.52813742
v 16522.96100594 21.21320344 1148.78679656
v 16522.96100594 -827.31493399 797.31493399
v 16555.43277195 8.78679656 1178.78679656
v 16555.43277195 -839.74134086 827.31493399
v 16555.43277195 -8.78679656 1221.21320344
v 16555.43277195 -857.31493399 869.74134086
v 16522.96100594 -21.21320344 1251.21320344
v 16522.96100594 -869.74134086 899.74134086
v 16477.03899406 -21.21320344 1251.21320344
v 16477.03899406 -869.74134086 899.74134086
v 16444.56722805 -8.78679656 1221.21320344
v 16444.56722805 -857.31493399 869.74134086
v 16444.56722805 8.78679656 1178.78679656
v 16444.56722805 -839.74134086 827.31493399
v 16500.00000000 -848.52813742 848.52813742
v 16444.56722805 -827.31493399 839.74134086
v 16444.56722805 -1178.78679656 -8.78679656
v 16500.00000000 -1200.00000000 0.00000000
v 16477.03899406 -797.31493399 827.31493399
v 16477.03899406 -1148.78679656 -21.21320344
v 16522.96100594 -797.31493399 827.31493399
v 16522.96100594 -1148.78679656 -21.21320344
v 16555.43277195 -827.31493399 839.74134086
v 16555.43277195 -1178.78679656 -8.78679656
v 16555.43277195 -869.74134086 857.31493399
v 16555.43277195 -1221.21320344 8.78679656
v 16522.96100594 -899.74134086 869.74134086
v 16522.96100594 -1251.21320344 21.21320344
v 16477.03899406 -899.74134086 869.74134086
v 16477.03899406 -1251.21320344 21.21320344
v 16444.56722805 -869.74134086 857.31493399
v 16444.56722805 -1221.21320344 8.78679656
v 16500.00000000 -1200.00000000 0.00000000
v 16444.56722805 -1221.21320344 -8.78679656
v 16444.56722805 -869.74134086 -857.31493399
v 16500.00000000 -848.52813742 -848.52813742
v 16444.56722805 -1178.78679656 8.78679656
v 16444.56722805 -827.31493399 -839.74134086
v 16477.03899406 -1148.78679656 21.21320344
v 16477.03899406 -797.31493399 -827.31493399
v 16522.96100594 -1148.78679656 21.21320344
v 16522.96100594 -797.31493399 -827.31493399
v 16555.43277195 -1178.78679656 8.78679656
v 16555.43277195 -827.31493399 -839.74134086
v 16555.43277195 -1221.21320344 -8.78679656
v 16555.43277195 -869.74134086 -857.31493399
v 16522.96100594 -1251.21320344 -21.21320344
v 16522.96100594 -899.74134086 -869.74134086
v 16477.03899406 -1251.21320344 -21.21320344
v 16477.03899406 -899.74134086 -869.74134086
v 16500.00000000 -848.52813742 -848.52813742
v 16477.03899406 -869.74134086 -899.74134086
v 16477.03899406 -21.21320344 -1251.21320344
v 16500.00000000 -0.00000000 -1200.00000000
v 16444.56722805 -857.31493399 -869.74134086
v 16444.56722805 -8.78679656 -1221.21320344
v 16444.56722805 -839.74134086 -827.31493399
v 16444.56722805 8.78679656 -1178.78679656
v 16477.03899406 -827.31493399 -797.31493399
v 16477.03899406 21.21320344 -1148.78679656
v 16522.96100594 -827.31493399 -797.31493399
v 16522.96100594 21.21320344 -1148.78679656
v 16555.43277195 -839.74134086 -827.31493399
v 16555.43277195 8.78679656 -1178.78679656
v 16555.43277195 -857.31493399 -869.74134086
v 16555.43277195 -8.78679656 -1221.21320344
v 16522.96100594 -869.74134086 -899.74134086
v 16522.96100594 -21.21320344 -1251.21320344
v 16500.00000000 -0.00000000 -1200.00000000
v 16522.96100594 21.21320344 -1251.21320344
v 16522.96100594 869.74134086 -899.74134086
v 16500.00000000 848.52813742 -848.52813742
v 16477.03899406 21.21320344 -1251.21320344
v 16477.03899406 869.74134086 -899.74134086
v 16444.56722805 8.78679656 -1221.21320344
v 16444.56722805 857.31493399 -869.74134086
v 16444.56722805 -8.78679656 -1178.78679656
v 16444.56722805 839.74134086 -827.31493399
v 16477.03899406 -21.21320344 -1148.78679656
v 16477.03899406 827.31493399 -797.31493399
v 16522.96100594 -21.21320344 -1148.78679656
v 16522.96100594 827.31493399 -797.31493399
v 16555.43277195 -8.78679656 -1178.78679656
v 16555.43277195 839.74134086 -827.31493399
v 16555.43277195 8.78679656 -1221.21320344
v 16555.43277195 857.31493399 -869.74134086
v 16500.00000000 848.52813742 -848.52813742
v 16555.43277195 869.74134086 -857.31493399
v 16555.43277195 1221.21320344 -8.78679656
v 16500.00000000 1200.00000000 0.00000000
v 16522.96100594 899.74134086 -869.74134086
v 16522.96100594 1251.21320344 -21.21320344
v 16477.03899406 899.74134086 -869.74134086
v 16477.03899406 1251.21320344 -21.21320344
v 16444.56722805 869.74134086 -857.31493399
v 16444.56722805 1221.21320344 -8.78679656
v 16444.56722805 827.31493399 -839.74134086
v 16444.56722805 1178.78679656 8.78679656
v 16477.03899406 797.31493399 -827.31493399
v 16477.03899406 1148.78679656 21.21320344
v 16522.96100594 797.31493399 -827.31493399
v 16522.96100594 1148.78679656 21.21320344
v 16555.43277195 827.31493399 -839.74134086
v 16555.43277195 1178.78679656 8.78679656
v 16500.00000000 1200.00000000 0.00000000
v 16500.00000000 1200.00000000 -80.00000000
v 19000.00000000 1200.00000000 -80.00000000
v 19000.00000000 1200.00000000 0.00000000
v 16500.00000000 1256.56854249 -56.56854249
v 19000.00000000 1256.56854249 -56.56854249
v 16500.00000000 1280.00000000 -0.00000000
v 19000.00000000 1280.00000000 -0.00000000
v 16500.00000000 1256.56854249 56.56854249
v 19000.00000000 1256.56854249 56.56854249
v 16500.00000000 1200.00000000 80.00000000
v 19000.00000000 1200.00000000 80.00000000
v 16500.00000000 1143.43145751 56.56854249
v 19000.00000000 1143.43145751 56.56854249
v 16500.00000000 1120.00000000 0.00000000
v 19000.00000000 1120.00000000 0.00000000
v 16500.00000000 1143.43145751 -56.56854249
v 19000.00000000 1143.43145751 -56.56854249
v 16500.00000000 1200.00000000 -0.00000000
v 16514.33664335 1199.02410091 -42.64397119
v 19014.33664335 847.55223834 805.88416624
v 19000.00000000 848.52813742 848.52813742
v 16514.33664335 1230.84390607 -29.46377634
v 19014.33664335 879.37204349 819.06436109
v 16505.93843211 1244.59576936 0.97589909
v 19005.93843211 893.12390679 849.50403651
v 16494.06156789 1232.22403579 30.84390607
v 18994.06156789 880.75217322 879.37204349
v 16485.66335665 1200.97589909 42.64397119
v 18985.66335665 849.50403651 891.17210861
v 16485.66335665 1169.15609393 29.46377634
v 18985.66335665 817.68423136 877.99191376
v 16494.06156789 1155.40423064 -0.97589909
v 18994.06156789 803.93236806 847.55223834
v 16505.93843211 1167.77596421 -30.84390607
v 19005.93843211 816.30410163 817.68423136
v 16500.00000000 848.52813742 848.52813742
v 16500.00000000 848.52813742 768.52813742
v 19000.00000000 848.52813742 768.52813742
v 19000.00000000 848.52813742 848.52813742
v 16500.00000000 905.09667992 791.95959493
v 19000.00000000 905.09667992 791.95959493
v 16500.00000000 928.52813742 848.52813742
v 19000.00000000 928.52813742 848.52813742
v 16500.00000000 905.09667992 905.09667992
v 19000.00000000 905.09667992 905.09667992
v 16500.00000000 848.52813742 928.52813742
v 19000.00000000 848.52813742 928.52813742
v 16500.00000000 791.95959493 905.09667992
v 19000.00000000 791.95959493 905.09667992
v 16500.00000000 768.52813742 848.52813742
v 19000.00000000 768.52813742 848.52813742
v 16500.00000000 791.95959493 791.95959493
v 19000.00000000 791.95959493 791.95959493
v 16500.00000000 848.52813742 848.52813742
v 16505.93843211 847.55223834 803.93236806
v 19005.93843211 -0.97589909 1155.40423064
v 19000.00000000 0.00000000 1200.00000000
v 16514.33664335 877.99191376 817.68423136
v 19014.33664335 29.46377634 1169.15609393
v 16514.33664335 891.17210861 849.50403651
v 19014.33664335 42.64397119 1200.97589909
v 16505.93843211 879.37204349 880.75217322
v 19005.93843211 30.84390607 1232.22403579
v 16494.06156789 849.50403651 893.12390679
v 18994.06156789 0.97589909 1244.59576936
v 16485.66335665 819.06436109 879.37204349
v 18985.66335665 -29.46377634 1230.84390607
v 16485.66335665 805.88416624 847.55223834
v 18985.66335665 -42.64397119 1199.02410091
v 16494.06156789 817.68423136 816.30410163
v 18994.06156789 -30.84390607 1167.77596421
v 16500.00000000 0.00000000 1200.00000000
v 16500.00000000 0.00000000 1120.00000000
v 19000.00000000 0.00000000 1120.00000000
v 19000.00000000 0.00000000 1200.00000000
v 16500.00000000 56.56854249 1143.43145751
v 19000.00000000 56.56854249 1143.43145751
v 16500.00000000 80.00000000 1200.00000000
v 19000.00000000 80.00000000 1200.00000000
v 16500.00000000 56.56854249 1256.56854249
v 19000.00000000 56.56854249 1256.56854249
v 16500.00000000 0.00000000 1280.00000000
v 19000.00000000 0.00000000 1280.00000000
v 16500.00000000 -56.56854249 1256.56854249
v 19000.00000000 -56.56854249 1256.56854249
v 16500.00000000 -80.00000000 1200.00000000
v 19000.00000000 -80.00000000 1200.00000000
v 16500.00000000 -56.56854249 1143.43145751
v 19000.00000000 -56.56854249 1143.43145751
v 16500.00000000 0.00000000 1200.00000000
v 16494.06156789 0.97589909 1155.40423064
v 18994.06156789 -847.55223834 803.93236806
v 19000.00000000 -848.52813742 848.52813742
v 16505.93843211 30.84390607 1167.77596421
v 19005.93843211 -817.68423136 816.30410163
v 16514.33664335 42.64397119 1199.02410091
v 19014.33664335 -805.88416624 847.55223834
v 16514.33664335 29.46377634 1230.84390607
v 19014.33664335 -819.06436109 879.37204349
v 16505.93843211 -0.97589909 1244.59576936
v 19005.93843211 -849.50403651 893.12390679
v 16494.06156789 -30.84390607 1232.22403579
v 18994.06156789 -879.37204349 880.75217322
v 16485.66335665 -42.64397119 1200.97589909
v 18985.66335665 -891.17210861 849.50403651
v 16485.66335665 -29.46377634 1169.15609393
v 18985.66335665 -877.99191376 817.68423136
v 16500.00000000 -848.52813742 848.52813742
v 16500.00000000 -848.52813742 768.52813742
v 19000.00000000 -848.52813742 768.52813742
v 19000.00000000 -848.52813742 848.52813742
v 16500.00000000 -791.95959493 791.95959493
v 19000.00000000 -791.95959493 791.95959493
v 16500.00000000 -768.52813742 848.52813742
v 19000.00000000 -768.52813742 848.52813742
v 16500.00000000 -791.95959493 905.09667992
v 19000.00000000 -791.95959493 905.09667992
v 16500.00000000 -848.52813742 928.52813742
v 19000.00000000 -848.52813742 928.52813742
v 16500.00000000 -905.09667992 905.09667992
v 19000.00000000 -905.09667992 905.09667992
v 16500.00000000 -928.52813742 848.52813742
v 19000.00000000 -928.52813742 848.52813742
v 16500.00000000 -905.09667992 791.95959493
v 19000.00000000 -905.09667992 791.95959493
v 16500.00000000 -848.52813742 848.52813742
v 16485.66335665 -847.55223834 805.88416624
v 18985.66335665 -1199.02410091 -42.64397119
v 19000.00000000 -1200.00000000 0.00000000
v 16494.06156789 -816.30410163 817.68423136
v 18994.06156789 -1167.77596421 -30.84390607
v 16505.93843211 -803.93236806 847.55223834
v 19005.93843211 -1155.40423064 -0.97589909
v 16514.33664335 -817.68423136 877.99191376
v 19014.33664335 -1169.15609393 29.46377634
v 16514.33664335 -849.50403651 891.17210861
v 19014.33664335 -1200.97589909 42.64397119
v 16505.93843211 -880.75217322 879.37204349
v 19005.93843211 -1232.22403579 30.84390607
v 16494.06156789 -893.12390679 849.50403651
v 18994.06156789 -1244.59576936 0.97589909
v 16485.66335665 -879.37204349 819.06436109
v 18985.66335665 -1230.84390607 -29.46377634
v 16500.00000000 -1200.00000000 0.00000000
v 16500.00000000 -1200.00000000 -80.00000000
v 19000.00000000 -1200.00000000 -80.00000000
v 19000.00000000 -1200.00000000 0.00000000
v 16500.00000000 -1143.43145751 -56.56854249
v 19000.00000000 -1143.43145751 -56.56854249
v 16500.00000000 -1120.00000000 0.00000000
v 19000.00000000 -1120.00000000 0.00000000
v 16500.00000000 -1143.43145751 56.56854249
v 19000.00000000 -1143.43145751 56.56854249
v 16500.00000000 -1200.00000000 80.00000000
v 19000.00000000 -1200.00000000 80.00000000
v 16500.00000000 -1256.56854249 56.56854249
v 19000.00000000 -1256.56854249 56.56854249
v 16500.00000000 -1280.00000000 0.00000000
v 19000.00000000 -1280.00000000 0.00000000
v 16500.00000000 -1256.56854249 -56.56854249
v 19000.00000000 -1256.56854249 -56.56854249
v 16500.00000000 -1200.00000000 0.00000000
v 16485.66335665 -1200.97589909 -42.64397119
v 18985.66335665 -849.50403651 -891.17210861
v 19000.00000000 -848.52813742 -848.52813742
v 16485.66335665 -1169.15609393 -29.46377634
v 18985.66335665 -817.68423136 -877.99191376
v 16494.06156789 -1155.40423064 0.97589909
v 18994.06156789 -803.93236806 -847.55223834
v 16505.93843211 -1167.77596421 30.84390607
v 19005.93843211 -816.30410163 -817.68423136
v 16514.33664335 -1199.02410091 42.64397119
v 19014.33664335 -847.55223834 -805.88416624
v 16514.33664335 -1230.84390607 29.46377634
v 19014.33664335 -879.37204349 -819.06436109
v 16505.93843211 -1244.59576936 -0.97589909
v 19005.93843211 -893.12390679 -849.50403651
v 16494.06156789 -1232.22403579 -30.84390607
v 18994.06156789 -880.75217322 -879.37204349
v 16500.00000000 -848.52813742 -848.52813742
v 16500.00000000 -848.52813742 -928.52813742
v 19000.00000000 -848.52813742 -928.52813742
v 19000.00000000 -848.52813742 -848.52813742
v 16500.00000000 -791.95959493 -905.09667992
v 19000.00000000 -791.95959493 -905.09667992
v 16500.00000000 -768.52813742 -848.52813742
v 19000.00000000 -768.52813742 -848.52813742
v 16500.00000000 -791.95959493 -791.95959493
v 19000.00000000 -791.95959493 -791.95959493
v 16500.00000000 -848.52813742 -768.52813742
v 19000.00000000 -848.52813742 -768.52813742
v 16500.00000000 -905.09667992 -791.95959493
v 19000.00000000 -905.09667992 -791.95959493
v 16500.00000000 -928.52813742 -848.52813742
v 19000.00000000 -928.52813742 -848.52813742
v 16500.00000000 -905.09667992 -905.09667992
v 19000.00000000 -905.09667992 -905.09667992
v 16500.00000000 -848.52813742 -848.52813742
v 16494.06156789 -849.50403651 -893.12390679
v 18994.06156789 -0.97589909 -1244.59576936
v 19000.00000000 -0.00000000 -1200.00000000
v 16485.66335665 -819.06436109 -879.37204349
v 18985.66335665 29.46377634 -1230.84390607
v 16485.66335665 -805.88416624 -847.55223834
v 18985.66335665 42.64397119 -1199.02410091
v 16494.06156789 -817.68423136 -816.30410163
v 18994.06156789 30.84390607 -1167.77596421
v 16505.93843211 -847.55223834 -803.93236806
v 19005.93843211 0.97589909 -1155.40423064
v 16514.33664335 -877.99191376 -817.68423136
v 19014.33664335 -29.46377634 -1169.15609393
v 16514.33664335 -891.17210861 -849.50403651
v 19014.33664335 -42.64397119 -1200.97589909
v 16505.93843211 -879.37204349 -880.75217322
v 19005.93843211 -30.84390607 -1232.22403579
v 16500.00000000 -0.00000000 -1200.00000000
v 16500.00000000 -0.00000000 -1280.00000000
v 19000.00000000 -0.00000000 -1280.00000000
v 19000.00000000 -0.00000000 -1200.00000000
v 16500.00000000 56.56854249 -1256.56854249
v 19000.00000000 56.56854249 -1256.56854249
v 16500.00000000 80.00000000 -1200.00000000
v 19000.00000000 80.00000000 -1200.00000000
v 16500.00000000 56.56854249 -1143.43145751
v 19000.00000000 56.56854249 -1143.43145751
v 16500.00000000 -0.00000000 -1120.00000000
v 19000.00000000 -0.00000000 -1120.00000000
v 16500.00000000 -56.56854249 -1143.43145751
v 19000.00000000 -56.56854249 -1143.43145751
v 16500.00000000 -80.00000000 -1200.00000000
v 19000.00000000 -80.00000000 -1200.00000000
v 16500.00000000 -56.56854249 -1256.56854249
v 19000.00000000 -56.56854249 -1256.56854249
v 16500.00000000 -0.00000000 -1200.00000000
v 16505.93843211 0.97589909 -1244.59576936
v 19005.93843211 849.50403651 -893.12390679
v 19000.00000000 848.52813742 -848.52813742
v 16494.06156789 30.84390607 -1232.22403579
v 18994.06156789 879.37204349 -880.75217322
v 16485.66335665 42.64397119 -1200.97589909
v 18985.66335665 891.17210861 -849.50403651
v 16485.66335665 29.46377634 -1169.15609393
v 18985.66335665 877.99191376 -817.68423136
v 16494.06156789 -0.97589909 -1155.40423064
v 18994.06156789 847.55223834 -803.93236806
v 16505.93843211 -30.84390607 -1167.77596421
v 19005.93843211 817.68423136 -816.30410163
v 16514.33664335 -42.64397119 -1199.02410091
v 19014.33664335 805.88416624 -847.55223834
v 16514.33664335 -29.46377634 -1230.84390607
v 19014.33664335 819.06436109 -879.37204349
v 16500.00000000 848.52813742 -848.52813742
v 16500.00000000 848.52813742 -928.52813742
v 19000.00000000 848.52813742 -928.52813742
v 19000.00000000 848.52813742 -848.52813742
v 16500.00000000 905.09667992 -905.09667992
v 19000.00000000 905.09667992 -905.09667992
v 16500.00000000 928.52813742 -848.52813742
v 19000.00000000 928.52813742 -848.52813742
v 16500.00000000 905.09667992 -791.95959493
v 19000.00000000 905.09667992 -791.95959493
v 16500.00000000 848.52813742 -768.52813742
v 19000.00000000 848.52813742 -768.52813742
v 16500.00000000 791.95959493 -791.95959493
v 19000.00000000 791.95959493 -791.95959493
v 16500.00000000 768.52813742 -848.52813742
v 19000.00000000 768.52813742 -848.52813742
v 16500.00000000 791.95959493 -905.09667992
v 19000.00000000 791.95959493 -905.09667992
v 16500.00000000 848.52813742 -848.52813742
v 16514.33664335 849.50403651 -891.17210861
v 19014.33664335 1200.97589909 -42.64397119
v 19000.00000000 1200.00000000 0.00000000
v 16505.93843211 880.75217322 -879.37204349
v 19005.93843211 1232.22403579 -30.84390607
v 16494.06156789 893.12390679 -849.50403651
v 18994.06156789 1244.59576936 -0.97589909
v 16485.66335665 879.37204349 -819.06436109
v 18985.66335665 1230.84390607 29.46377634
v 16485.66335665 847.55223834 -805.88416624
v 18985.66335665 1199.02410091 42.64397119
v 16494.06156789 816.30410163 -817.68423136
v 18994.06156789 1167.77596421 30.84390607
v 16505.93843211 803.93236806 -847.55223834
v 19005.93843211 1155.40423064 0.97589909
v 16514.33664335 817.68423136 -877.99191376
v 19014.33664335 1169.15609393 -29.46377634
v 19000.00000000 1200.00000000 0.00000000
v 19055.43277195 1178.78679656 -8.78679656
v 19055.43277195 827.31493399 839.74134086
v 19000.00000000 848.52813742 848.52813742
v 19055.43277195 1221.21320344 8.78679656
v 19055.43277195 869.74134086 857.31493399
v 19022.96100594 1251.21320344 21.21320344
v 19022.96100594 899.74134086 869.74134086
v 18977.03899406 1251.21320344 21.21320344
v 18977.03899406 899.74134086 869.74134086
v 18944.56722805 1221.21320344 8.78679656
v 18944.56722805 869.74134086 857.31493399
v 18944.56722805 1178.78679656 -8.78679656
v 18944.56722805 827.31493399 839.74134086
v 18977.03899406 1148.78679656 -21.21320344
v 18977.03899406 797.31493399 827.31493399
v 19022.96100594 1148.78679656 -21.21320344
v 19022.96100594 797.31493399 827.31493399
v 19000.00000000 848.52813742 848.52813742
v 19022.96100594 827.31493399 797.31493399
v 19022.96100594 -21.21320344 1148.78679656
v 19000.00000000 0.00000000 1200.00000000
v 19055.43277195 839.74134086 827.31493399
v 19055.43277195 -8.78679656 1178.78679656
v 19055.43277195 857.31493399 869.74134086
v 19055.43277195 8.78679656 1221.21320344
v 19022.96100594 869.74134086 899.74134086
v 19022.96100594 21.21320344 1251.21320344
v 18977.03899406 869.74134086 899.74134086
v 18977.03899406 21.21320344 1251.21320344
v 18944.56722805 857.31493399 869.74134086
v 18944.56722805 8.78679656 1221.21320344
v 18944.56722805 839.74134086 827.31493399
v 18944.56722805 -8.78679656 1178.78679656
v 18977.03899406 827.31493399 797.31493399
v 18977.03899406 -21.21320344 1148.78679656
v 19000.00000000 0.00000000 1200.00000000
v 18977.03899406 21.21320344 1148.78679656
v 18977.03899406 -827.31493399 797.31493399
v 19000.00000000 -848.52813742 848.52813742
v 19022.96100594 21.21320344 1148.78679656
v 19022.96100594 -827.31493399 797.31493399
v 19055.43277195 8.78679656 1178.78679656
v 19055.43277195 -839.74134086 827.31493399
v 19055.43277195 -8.78679656 1221.21320344
v 19055.43277195 -857.31493399 869.74134086
v 19022.96100594 -21.21320344 1251.21320344
v 19022.96100594 -869.74134086 899.74134086
v 18977.03899406 -21.21320344 1251.21320344
v 18977.03899406 -869.74134086 899.74134086
v 18944.56722805 -8.78679656 1221.21320344
v 18944.56722805 -857.31493399 869.74134086
v 18944.56722805 8.78679656 1178.78679656
v 18944.56722805 -839.74134086 827.31493399
v 19000.00000000 -848.52813742 848.52813742
v 18944.56722805 -827.31493399 839.74134086
v 18944.56722805 -1178.78679656 -8.78679656
v 19000.00000000 -1200.00000000 0.00000000
v 18977.03899406 -797.31493399 827.31493399
v 18977.03899406 -1148.78679656 -21.21320344
v 19022.96100594 -797.31493399 827.31493399
v 19022.96100594 -1148.78679656 -21.21320344
v 19055.43277195 -827.31493399 839.74134086
v 19055.43277195 -1178.78679656 -8.78679656
v 19055.43277195 -869.74134086 857.31493399
v 19055.43277195 -1221.21320344 8.78679656
v 19022.96100594 -899.74134086 869.74134086
v 19022.96100594 -1251.21320344 21.21320344
v 18977.03899406 -899.74134086 869.74134086
v 18977.03899406 -1251.21320344 21.21320344
v 18944.56722805 -869.74134086 857.31493399
v 18944.56722805 -1221.21320344 8.78679656
v 19000.00000000 -1200.00000000 0.00000000
v 18944.56722805 -1221.21320344 -8.78679656
v 18944.56722805 -869.74134086 -857.31493399
v 19000.00000000 -848.52813742 -848.52813742
v 18944.56722805 -1178.78679656 8.78679656
v 18944.56722805 -827.31493399 -839.74134086
v 18977.03899406 -1148.78679656 21.21320344
v 18977.03899406 -797.31493399 -827.31493399
v 19022.96100594 -1148.78679656 21.21320344
v 19022.96100594 -797.31493399 -827.31493399
v 19055.43277195 -1178.78679656 8.78679656
v 19055.43277195 -827.31493399 -839.74134086
v 19055.43277195 -1221.21320344 -8.78679656
v 19055.43277195 -869.74134086 -857.31493399
v 19022.96100594 -1251.21320344 -21.21320344
v 19022.96100594 -899.74134086 -869.74134086
v 18977.03899406 -1251.21320344 -21.21320344
v 18977.03899406 -899.74134086 -869.74134086
v 19000.00000000 -848.52813742 -848.52813742
v 18977.03899406 -869.74134086 -899.74134086
v 18977.03899406 -21.21320344 -1251.21320344
v 19000.00000000 -0.00000000 -1200.00000000
v 18944.56722805 -857.31493399 -869.74134086
v 18944.56722805 -8.78679656 -1221.21320344
v 18944.56722805 -839.74134086 -827.31493399
v 18944.56722805 8.78679656 -1178.78679656
v 18977.03899406 -827.31493399 -797.31493399
v 18977.03899406 21.21320344 -1148.78679656
v 19022.96100594 -827.31493399 -797.31493399
v 19022.96100594 21.21320344 -1148.78679656
v 19055.43277195 -839.74134086 -827.31493399
v 19055.43277195 8.78679656 -1178.78679656
v 19055.43277195 -857.31493399 -869.74134086
v 19055.43277195 -8.78679656 -1221.21320344
v 19022.96100594 -869.74134086 -899.74134086
v 19022.96100594 -21.21320344 -1251.21320344
v 19000.00000000 -0.00000000 -1200.00000000
v 19022.96100594 21.21320344 -1251.21320344
v 19022.96100594 869.74134086 -899.74134086
v 19000.00000000 848.52813742 -848.52813742
v 18977.03899406 21.21320344 -1251.21320344
v 18977.03899406 869.74134086 -899.74134086
v 18944.56722805 8.78679656 -1221.21320344
v 18944.56722805 857.31493399 -869.74134086
v 18944.56722805 -8.78679656 -1178.78679656
v 18944.56722805 839.74134086 -827.31493399
v 18977.03899406 -21.21320344 -1148.78679656
v 18977.03899406 827.31493399 -797.31493399
v 19022.96100594 -21.21320344 -1148.78679656
v 19022.96100594 827.31493399 -797.31493399
v 19055.43277195 -8.78679656 -1178.78679656
v 19055.43277195 839.74134086 -827.31493399
v 19055.43277195 8.78679656 -1221.21320344
v 19055.43277195 857.31493399 -869.74134086
v 19000.00000000 848.52813742 -848.52813742
v 19055.43277195 869.74134086 -857.31493399
v 19055.43277195 1221.21320344 -8.78679656
v 19000.00000000 1200.00000000 0.00000000
v 19022.96100594 899.74134086 -869.74134086
v 19022.96100594 1251.21320344 -21.21320344
v 18977.03899406 899.74134086 -869.74134086
v 18977.03899406 1251.21320344 -21.21320344
v 18944.56722805 869.74134086 -857.31493399
v 18944.56722805 1221.21320344 -8.78679656
v 18944.56722805 827.31493399 -839.74134086
v 18944.56722805 1178.78679656 8.78679656
v 18977.03899406 797.31493399 -827.31493399
v 18977.03899406 1148.78679656 21.21320344
v 19022.96100594 797.31493399 -827.31493399
v 19022.96100594 1148.78679656 21.21320344
v 19055.43277195 827.31493399 -839.74134086
v 19055.43277195 1178.78679656 8.78679656
v 19000.00000000 1200.00000000 0.00000000
v 19000.00000000 1200.00000000 -80.00000000
v 21000.00000000 1200.00000000 -80.00000000
v 21000.00000000 1200.00000000 0.00000000
v 19000.00000000 1256.56854249 -56.56854249
v 21000.00000000 1256.56854249 -56.56854249
v 19000.00000000 1280.00000000 -0.00000000
v 21000.00000000 1280.00000000 -0.00000000
v 19000.00000000 1256.56854249 56.56854249
v 21000.00000000 1256.56854249 56.56854249
v 19000.00000000 1200.00000000 80.00000000
v 21000.00000000 1200.00000000 80.00000000
v 19000.00000000 1143.43145751 56.56854249
v 21000.00000000 1143.43145751 56.56854249
v 19000.00000000 1120.00000000 0.00000000
v 21000.00000000 1120.00000000 0.00000000
v 19000.00000000 1143.43145751 -56.56854249
v 21000.00000000 1143.43145751 -56.56854249
v 19000.00000000 1200.00000000 0.00000000
v 18982.65007290 1201.45163000 -41.49545517
v 20982.65007290 849.97976742 -890.02359260
v 21000.00000000 848.52813742 -848.52813742
v 18992.81342489 1232.42108999 -30.36817516
v 20992.81342489 880.94922741 -878.89631258
v 19007.18657511 1244.39871517 -1.45163000
v 21007.18657511 892.92685259 -849.97976742
v 19017.34992710 1230.36817516 28.31526033
v 21017.34992710 878.89631258 -820.21287710
v 19017.34992710 1198.54837000 41.49545517
v 21017.34992710 847.07650743 -807.03268225
v 19007.18657511 1167.57891001 30.36817516
v 21007.18657511 816.10704744 -818.15996227
v 18992.81342489 1155.60128483 1.45163000
v 20992.81342489 804.12942226 -847.07650743
v 18982.65007290 1169.63182484 -28.31526033
v 20982.65007290 818.15996227 -876.84339775
v 19000.00000000 848.52813742 848.52813742
v 19000.00000000 848.52813742 768.52813742
v 21000.00000000 848.52813742 768.52813742
v 21000.00000000 848.52813742 848.52813742
v 19000.00000000 905.09667992 791.95959493
v 21000.00000000 905.09667992 791.95959493
v 19000.00000000 928.52813742 848.52813742
v 21000.00000000 928.52813742 848.52813742
v 19000.00000000 905.09667992 905.09667992
v 21000.00000000 905.09667992 905.09667992
v 19000.00000000 848.52813742 928.52813742
v 21000.00000000 848.52813742 928.52813742
v 19000.00000000 791.95959493 905.09667992
v 21000.00000000 791.95959493 905.09667992
v 19000.00000000 768.52813742 848.52813742
v 21000.00000000 768.52813742 848.52813742
v 19000.00000000 791.95959493 791.95959493
v 21000.00000000 791.95959493 791.95959493
v 19000.00000000 848.52813742 848.52813742
v 18982.65007290 847.07650743 807.03268225
v 20982.65007290 1198.54837000 -41.49545517
v 21000.00000000 1200.00000000 0.00000000
v 18982.65007290 878.89631258 820.21287710
v 20982.65007290 1230.36817516 -28.31526033
v 18992.81342489 892.92685259 849.97976742
v 20992.81342489 1244.39871517 1.45163000
v 19007.18657511 880.94922741 878.89631258
v 21007.18657511 1232.42108999 30.36817516
v 19017.34992710 849.97976742 890.02359260
v 21017.34992710 1201.45163000 41.49545517
v 19017.34992710 818.15996227 876.84339775
v 21017.34992710 1169.63182484 28.31526033
v 19007.18657511 804.12942226 847.07650743
v 21007.18657511 1155.60128483 -1.45163000
v 18992.81342489 816.10704744 818.15996227
v 20992.81342489 1167.57891001 -30.36817516
v 19000.00000000 0.00000000 1200.00000000
v 19000.00000000 0.00000000 1120.00000000
v 21000.00000000 0.00000000 1120.00000000
v 21000.00000000 0.00000000 1200.00000000
v 19000.00000000 56.56854249 1143.43145751
v 21000.00000000 56.56854249 1143.43145751
v 19000.00000000 80.00000000 1200.00000000
v 21000.00000000 80.00000000 1200.00000000
v 19000.00000000 56.56854249 1256.56854249
v 21000.00000000 56.56854249 1256.56854249
v 19000.00000000 0.00000000 1280.00000000
v 21000.00000000 0.00000000 1280.00000000
v 19000.00000000 -56.56854249 1256.56854249
v 21000.00000000 -56.56854249 1256.56854249
v 19000.00000000 -80.00000000 1200.00000000
v 21000.00000000 -80.00000000 1200.00000000
v 19000.00000000 -56.56854249 1143.43145751
v 21000.00000000 -56.56854249 1143.43145751
v 19000.00000000 0.00000000 1200.00000000
v 18992.81342489 -1.45163000 1155.60128483
v 20992.81342489 847.07650743 804.12942226
v 21000.00000000 848.52813742 848.52813742
v 18982.65007290 28.31526033 1169.63182484
v 20982.65007290 876.84339775 818.15996227
v 18982.65007290 41.49545517 1201.45163000
v 20982.65007290 890.02359260 849.97976742
v 18992.81342489 30.36817516 1232.42108999
v 20992.81342489 878.89631258 880.94922741
v 19007.18657511 1.45163000 1244.39871517
v 21007.18657511 849.97976742 892.92685259
v 19017.34992710 -28.31526033 1230.36817516
v 21017.34992710 820.21287710 878.89631258
v 19017.34992710 -41.49545517 1198.54837000
v 21017.34992710 807.03268225 847.07650743
v 19007.18657511 -30.36817516 1167.57891001
v 21007.18657511 818.15996227 816.10704744
v 19000.00000000 -848.52813742 848.52813742
v 19000.00000000 -848.52813742 768.52813742
v 21000.00000000 -848.52813742 768.52813742
v 21000.00000000 -848.52813742 848.52813742
v 19000.00000000 -791.95959493 791.95959493
v 21000.00000000 -791.95959493 791.95959493
v 19000.00000000 -768.52813742 848.52813742
v 21000.00000000 -768.52813742 848.52813742
v 19000.00000000 -791.95959493 905.09667992
v 21000.00000000 -791.95959493 905.09667992
v 19000.00000000 -848.52813742 928.52813742
v 21000.00000000 -848.52813742 928.52813742
v 19000.00000000 -905.09667992 905.09667992
v 21000.00000000 -905.09667992 905.09667992
v 19000.00000000 -928.52813742 848.52813742
v 21000.00000000 -928.52813742 848.52813742
v 19000.00000000 -905.09667992 791.95959493
v 21000.00000000 -905.09667992 791.95959493
v 19000.00000000 -848.52813742 848.52813742
v 19007.18657511 -847.07650743 804.12942226
v 21007.18657511 1.45163000 1155.60128483
v 21000.00000000 0.00000000 1200.00000000
v 18992.81342489 -818.15996227 816.10704744
v 20992.81342489 30.36817516 1167.57891001
v 18982.65007290 -807.03268225 847.07650743
v 20982.65007290 41.49545517 1198.54837000
v 18982.65007290 -820.21287710 878.89631258
v 20982.65007290 28.31526033 1230.36817516
v 18992.81342489 -849.97976742 892.92685259
v 20992.81342489 -1.45163000 1244.39871517
v 19007.18657511 -878.89631258 880.94922741
v 21007.18657511 -30.36817516 1232.42108999
v 19017.34992710 -890.02359260 849.97976742
v 21017.34992710 -41.49545517 1201.45163000
v 19017.34992710 -876.84339775 818.15996227
v 21017.34992710 -28.31526033 1169.63182484
v 19000.00000000 -1200.00000000 0.00000000
v 19000.00000000 -1200.00000000 -80.00000000
v 21000.00000000 -1200.00000000 -80.00000000
v 21000.00000000 -1200.00000000 0.00000000
v 19000.00000000 -1143.43145751 -56.56854249
v 21000.00000000 -1143.43145751 -56.56854249
v 19000.00000000 -1120.00000000 0.00000000
v 21000.00000000 -1120.00000000 0.00000000
v 19000.00000000 -1143.43145751 56.56854249
v 21000.00000000 -1143.43145751 56.56854249
v 19000.00000000 -1200.00000000 80.00000000
v 21000.00000000 -1200.00000000 80.00000000
v 19000.00000000 -1256.56854249 56.56854249
v 21000.00000000 -1256.56854249 56.56854249
v 19000.00000000 -1280.00000000 0.00000000
v 21000.00000000 -1280.00000000 0.00000000
v 19000.00000000 -1256.56854249 -56.56854249
v 21000.00000000 -1256.56854249 -56.56854249
v 19000.00000000 -1200.00000000 0.00000000
v 19017.34992710 -1198.54837000 -41.49545517
v 21017.34992710 -847.07650743 807.03268225
v 21000.00000000 -848.52813742 848.52813742
v 19007.18657511 -1167.57891001 -30.36817516
v 21007.18657511 -816.10704744 818.15996227
v 18992.81342489 -1155.60128483 -1.45163000
v 20992.81342489 -804.12942226 847.07650743
v 18982.65007290 -1169.63182484 28.31526033
v 20982.65007290 -818.15996227 876.84339775
v 18982.65007290 -1201.45163000 41.49545517
v 20982.65007290 -849.97976742 890.02359260
v 18992.81342489 -1232.42108999 30.36817516
v 20992.81342489 -880.94922741 878.89631258
v 19007.18657511 -1244.39871517 1.45163000
v 21007.18657511 -892.92685259 849.97976742
v 19017.34992710 -1230.36817516 -28.31526033
v 21017.34992710 -878.89631258 820.21287710
v 19000.00000000 -848.52813742 -848.52813742
v 19000.00000000 -848.52813742 -928.52813742
v 21000.00000000 -848.52813742 -928.52813742
v 21000.00000000 -848.52813742 -848.52813742
v 19000.00000000 -791.95959493 -905.09667992
v 21000.00000000 -791.95959493 -905.09667992
v 19000.00000000 -768.52813742 -848.52813742
v 21000.00000000 -768.52813742 -848.52813742
v 19000.00000000 -791.95959493 -791.95959493
v 21000.00000000 -791.95959493 -791.95959493
v 19000.00000000 -848.52813742 -768.52813742
v 21000.00000000 -848.52813742 -768.52813742
v 19000.00000000 -905.09667992 -791.95959493
v 21000.00000000 -905.09667992 -791.95959493
v 19000.00000000 -928.52813742 -848.52813742
v 21000.00000000 -928.52813742 -848.52813742
v 19000.00000000 -905.09667992 -905.09667992
v 21000.00000000 -905.09667992 -905.09667992
v 19000.00000000 -848.52813742 -848.52813742
v 19017.34992710 -849.97976742 -890.02359260
v 21017.34992710 -1201.45163000 -41.49545517
v 21000.00000000 -1200.00000000 0.00000000
v 19017.34992710 -818.15996227 -876.84339775
v 21017.34992710 -1169.63182484 -28.31526033
v 19007.18657511 -804.12942226 -847.07650743
v 21007.18657511 -1155.60128483 1.45163000
v 18992.81342489 -816.10704744 -818.15996227
v 20992.81342489 -1167.57891001 30.36817516
v 18982.65007290 -847.07650743 -807.03268225
v 20982.65007290 -1198.54837000 41.49545517
v 18982.65007290 -878.89631258 -820.21287710
v 20982.65007290 -1230.36817516 28.31526033
v 18992.81342489 -892.92685259 -849.97976742
v 20992.81342489 -1244.39871517 -1.45163000
v 19007.18657511 -880.94922741 -878.89631258
v 21007.18657511 -1232.42108999 -30.36817516
v 19000.00000000 -0.00000000 -1200.00000000
v 19000.00000000 -0.00000000 -1280.00000000
v 21000.00000000 -0.00000000 -1280.00000000
v 21000.00000000 -0.00000000 -1200.00000000
v 19000.00000000 56.56854249 -1256.56854249
v 21000.00000000 56.56854249 -1256.56854249
v 19000.00000000 80.00000000 -1200.00000000
v 21000.00000000 80.00000000 -1200.00000000
v 19000.00000000 56.56854249 -1143.43145751
v 21000.00000000 56.56854249 -1143.43145751
v 19000.00000000 -0.00000000 -1120.00000000
v 21000.00000000 -0.00000000 -1120.00000000
v 19000.00000000 -56.56854249 -1143.43145751
v 21000.00000000 -56.56854249 -1143.43145751
v 19000.00000000 -80.00000000 -1200.00000000
v 21000.00000000 -80.00000000 -1200.00000000
v 19000.00000000 -56.56854249 -1256.56854249
v 21000.00000000 -56.56854249 -1256.56854249
v 19000.00000000 -0.00000000 -1200.00000000
v 19007.18657511 -1.45163000 -1244.39871517
v 21007.18657511 -849.97976742 -892.92685259
v 21000.00000000 -848.52813742 -848.52813742
v 19017.34992710 28.31526033 -1230.36817516
v 21017.34992710 -820.21287710 -878.89631258
v 19017.34992710 41.49545517 -1198.54837000
v 21017.34992710 -807.03268225 -847.07650743
v 19007.18657511 30.36817516 -1167.57891001
v 21007.18657511 -818.15996227 -816.10704744
v 18992.81342489 1.45163000 -1155.60128483
v 20992.81342489 -847.07650743 -804.12942226
v 18982.65007290 -28.31526033 -1169.63182484
v 20982.65007290 -876.84339775 -818.15996227
v 18982.65007290 -41.49545517 -1201.45163000
v 20982.65007290 -890.02359260 -849.97976742
v 18992.81342489 -30.36817516 -1232.42108999
v 20992.81342489 -878.89631258 -880.94922741
v 19000.00000000 848.52813742 -848.52813742
v 19000.00000000 848.52813742 -928.52813742
v 21000.00000000 848.52813742 -928.52813742
v 21000.00000000 848.52813742 -848.52813742
v 19000.00000000 905.09667992 -905.09667992
v 21000.00000000 905.09667992 -905.09667992
v 19000.00000000 928.52813742 -848.52813742
v 21000.00000000 928.52813742 -848.52813742
v 19000.00000000 905.09667992 -791.95959493
v 21000.00000000 905.09667992 -791.95959493
v 19000.00000000 848.52813742 -768.52813742
v 21000.00000000 848.52813742 -768.52813742
v 19000.00000000 791.95959493 -791.95959493
v 21000.00000000 791.95959493 -791.95959493
v 19000.00000000 768.52813742 -848.52813742
v 21000.00000000 768.52813742 -848.52813742
v 19000.00000000 791.95959493 -905.09667992
v 21000.00000000 791.95959493 -905.09667992
v 19000.00000000 848.52813742 -848.52813742
v 18992.81342489 849.97976742 -892.92685259
v 20992.81342489 1.45163000 -1244.39871517
v 21000.00000000 -0.00000000 -1200.00000000
v 19007.18657511 878.89631258 -880.94922741
v 21007.18657511 30.36817516 -1232.42108999
v 19017.34992710 890.02359260 -849.97976742
v 21017.34992710 41.49545517 -1201.45163000
v 19017.34992710 876.84339775 -818.15996227
v 21017.34992710 28.31526033 -1169.63182484
v 19007.18657511 847.07650743 -804.12942226
v 21007.18657511 -1.45163000 -1155.60128483
v 18992.81342489 818.15996227 -816.10704744
v 20992.81342489 -30.36817516 -1167.57891001
v 18982.65007290 807.03268225 -847.07650743
v 20982.65007290 -41.49545517 -1198.54837000
v 18982.65007290 820.21287710 -878.89631258
v 20982.65007290 -28.31526033 -1230.36817516
v 21000.00000000 1200.00000000 0.00000000
v 21055.43277195 1178.78679656 -8.78679656
v 21055.43277195 827.31493399 839.74134086
v 21000.00000000 848.52813742 848.52813742
v 21055.43277195 1221.21320344 8.78679656
v 21055.43277195 869.74134086 857.31493399
v 21022.96100594 1251.21320344 21.21320344
v 21022.96100594 899.74134086 869.74134086
v 20977.03899406 1251.21320344 21.21320344
v 20977.03899406 899.74134086 869.74134086
v 20944.56722805 1221.21320344 8.78679656
v 20944.56722805 869.74134086 857.31493399
v 20944.56722805 1178.78679656 -8.78679656
v 20944.56722805 827.31493399 839.74134086
v 20977.03899406 1148.78679656 -21.21320344
v 20977.03899406 797.31493399 827.31493399
v 21022.96100594 1148.78679656 -21.21320344
v 21022.96100594 797.31493399 827.31493399
v 21000.00000000 848.52813742 848.52813742
v 21022.96100594 827.31493399 797.31493399
v 21022.96100594 -21.21320344 1148.78679656
v 21000.00000000 0.00000000 1200.00000000
v 21055.43277195 839.74134086 827.31493399
v 21055.43277195 -8.78679656 1178.78679656
v 21055.43277195 857.31493399 869.74134086
v 21055.43277195 8.78679656 1221.21320344
v 21022.96100594 869.74134086 899.74134086
v 21022.96100594 21.21320344 1251.21320344
v 20977.03899406 869.74134086 899.74134086
v 20977.03899406 21.21320344 1251.21320344
v 20944.56722805 857.31493399 869.74134086
v 20944.56722805 8.78679656 1221.21320344
v 20944.56722805 839.74134086 827.31493399
v 20944.56722805 -8.78679656 1178.78679656
v 20977.03899406 827.31493399 797.31493399
v 20977.03899406 -21.21320344 1148.78679656
v 21000.00000000 0.00000000 1200.00000000
v 20977.03899406 21.21320344 1148.78679656
v 20977.03899406 -827.31493399 797.31493399
v 21000.00000000 -848.52813742 848.52813742
v 21022.96100594 21.21320344 1148.78679656
v 21022.96100594 -827.31493399 797.31493399
v 21055.43277195 8.78679656 1178.78679656
v 21055.43277195 -839.74134086 827.31493399
v 21055.43277195 -8.78679656 1221.21320344
v 21055.43277195 -857.31493399 869.74134086
v 21022.96100594 -21.21320344 1251.21320344
v 21022.96100594 -869.74134086 899.74134086
v 20977.03899406 -21.21320344 1251.21320344
v 20977.03899406 -869.74134086 899.74134086
v 20944.56722805 -8.78679656 1221.21320344
v 20944.56722805 -857.31493399 869.74134086
v 20944.56722805 8.78679656 1178.78679656
v 20944.56722805 -839.74134086 827.31493399
v 21000.00000000 -848.52813742 848.52813742
v 20944.56722805 -827.31493399 839.74134086
v 20944.56722805 -1178.78679656 -8.78679656
v 21000.00000000 -1200.00000000 0.00000000
v 20977.03899406 -797.31493399 827.31493399
v 20977.03899406 -1148.78679656 -21.21320344
v 21022.96100594 -797.31493399 827.31493399
v 21022.96100594 -1148.78679656 -21.21320344
v 21055.43277195 -827.31493399 839.74134086
v 21055.43277195 -1178.78679656 -8.78679656
v 21055.43277195 -869.74134086 857.31493399
v 21055.43277195 -1221.21320344 8.78679656
v 21022.96100594 -899.74134086 869.74134086
v 21022.96100594 -1251.21320344 21.21320344
v 20977.03899406 -899.74134086 869.74134086
v 20977.03899406 -1251.21320344 21.21320344
v 20944.56722805 -869.74134086 857.31493399
v 20944.56722805 -1221.21320344 8.78679656
v 21000.00000000 -1200.00000000 0.00000000
v 20944.56722805 -1221.21320344 -8.78679656
v 20944.56722805 -869.74134086 -857.31493399
v 21000.00000000 -848.52813742 -848.52813742
v 20944.56722805 -1178.78679656 8.78679656
v 20944.56722805 -827.31493399 -839.74134086
v 20977.03899406 -1148.78679656 21.21320344
v 20977.03899406 -797.31493399 -827.31493399
v 21022.96100594 -1148.78679656 21.21320344
v 21022.96100594 -797.31493399 -827.31493399
v 21055.43277195 -1178.78679656 8.78679656
v 21055.43277195 -827.31493399 -839.74134086
v 21055.43277195 -1221.21320344 -8.78679656
v 21055.43277195 -869.74134086 -857.31493399
v 21022.96100594 -1251.21320344 -21.21320344
v 21022.96100594 -899.74134086 -869.74134086
v 20977.03899406 -1251.21320344 -21.21320344
v 20977.03899406 -899.74134086 -869.74134086
v 21000.00000000 -848.52813742 -848.52813742
v 20977.03899406 -869.74134086 -899.74134086
v 20977.03899406 -21.21320344 -1251.21320344
v 21000.00000000 -0.00000000 -1200.00000000
v 20944.56722805 -857.31493399 -869.74134086
v 20944.56722805 -8.78679656 -1221.21320344
v 20944.56722805 -839.74134086 -827.31493399
v 20944.56722805 8.78679656 -1178.78679656
v 20977.03899406 -827.31493399 -797.31493399
v 20977.03899406 21.21320344 -1148.78679656
v 21022.96100594 -827.31493399 -797.31493399
v 21022.96100594 21.21320344 -1148.78679656
v 21055.43277195 -839.74134086 -827.31493399
v 21055.43277195 8.78679656 -1178.78679656
v 21055.43277195 -857.31493399 -869.74134086
v 21055.43277195 -8.78679656 -1221.21320344
v 21022.96100594 -869.74134086 -899.74134086
v 21022.96100594 -21.21320344 -1251.21320344
v 21000.00000000 -0.00000000 -1200.00000000
v 21022.96100594 21.21320344 -1251.21320344
v 21022.96100594 869.74134086 -899.74134086
v 21000.00000000 848.52813742 -848.52813742
v 20977.03899406 21.21320344 -1251.21320344
v 20977.03899406 869.74134086 -899.74134086
v 20944.56722805 8.78679656 -1221.21320344
v 20944.56722805 857.31493399 -869.74134086
v 20944.56722805 -8.78679656 -1178.78679656
v 20944.56722805 839.74134086 -827.31493399
v 20977.03899406 -21.21320344 -1148.78679656
v 20977.03899406 827.31493399 -797.31493399
v 21022.96100594 -21.21320344 -1148.78679656
v 21022.96100594 827.31493399 -797.31493399
v 21055.43277195 -8.78679656 -1178.78679656
v 21055.43277195 839.74134086 -827.31493399
v 21055.43277195 8.78679656 -1221.21320344
v 21055.43277195 857.31493399 -869.74134086
v 21000.00000000 848.52813742 -848.52813742
v 21055.43277195 869.74134086 -857.31493399
v 21055.43277195 1221.21320344 -8.78679656
v 21000.00000000 1200.00000000 0.00000000
v 21022.96100594 899.74134086 -869.74134086
v 21022.96100594 1251.21320344 -21.21320344
v 20977.03899406 899.74134086 -869.74134086
v 20977.03899406 1251.21320344 -21.21320344
v 20944.56722805 869.74134086 -857.31493399
v 20944.56722805 1221.21320344 -8.78679656
v 20944.56722805 827.31493399 -839.74134086
v 20944.56722805 1178.78679656 8.78679656
v 20977.03899406 797.31493399 -827.31493399
v 20977.03899406 1148.78679656 21.21320344
v 21022.96100594 797.31493399 -827.31493399
v 21022.96100594 1148.78679656 21.21320344
v 21055.43277195 827.31493399 -839.74134086
v 21055.43277195 1178.78679656 8.78679656
v -2500.00000000 1200.00000000 0.00000000
v -2500.00000000 1200.00000000 -60.00000000
v -2500.00000000 12000.00000000 -60.00000000
v -2500.00000000 12000.00000000 0.00000000
v -2542.42640687 1200.00000000 -42.42640687
v -2542.42640687 12000.00000000 -42.42640687
v -2560.00000000 1200.00000000 -0.00000000
v -2560.00000000 12000.00000000 -0.00000000
v -2542.42640687 1200.00000000 42.42640687
v -2542.42640687 12000.00000000 42.42640687
v -2500.00000000 1200.00000000 60.00000000
v -2500.00000000 12000.00000000 60.00000000
v -2457.57359313 1200.00000000 42.42640687
v -2457.57359313 12000.00000000 42.42640687
v -2440.00000000 1200.00000000 0.00000000
v -2440.00000000 12000.00000000 0.00000000
v -2457.57359313 1200.00000000 -42.42640687
v -2457.57359313 12000.00000000 -42.42640687
v -2500.00000000 1039.23048454 600.00000000
v -2444.46526618 1005.42308062 574.05866658
v -2444.46526618 814.72073350 822.58680400
v -2500.00000000 848.52813742 848.52813742
v -2430.59885970 1046.47922188 605.56215179
v -2430.59885970 855.77687477 854.09028921
v -2457.38669997 1083.28915112 633.80740392
v -2457.38669997 892.58680400 882.33554134
v -2509.13683346 1094.29011102 642.24873734
v -2509.13683346 903.58776390 890.77687477
v -2555.53473382 1073.03788846 625.94133342
v -2555.53473382 882.33554134 874.46947085
v -2569.40114030 1031.98174720 594.43784821
v -2569.40114030 841.27940008 842.96598563
v -2542.61330003 995.17181796 566.19259608
v -2542.61330003 804.46947085 814.72073350
v -2490.86316654 984.17085807 557.75126266
v -2490.86316654 793.46851095 806.27940008
v -2500.00000000 1039.23048454 600.00000000
v -2470.00000000 1065.21124665 555.00000000
v -2470.00000000 10418.28560753 5955.00000000
v -2500.00000000 10392.30484541 6000.00000000
v -2515.52914271 1068.20825933 549.80902178
v -2515.52914271 10421.28262020 5949.80902178
v -2551.96152423 1054.23048454 574.01923789
v -2551.96152423 10407.30484541 5974.01923789
v -2557.95554958 1031.46591319 613.44863208
v -2557.95554958 10384.54027406 6013.44863208
v -2530.00000000 1013.24972243 645.00000000
v -2530.00000000 10366.32408330 6045.00000000
v -2484.47085729 1010.25270975 650.19097822
v -2484.47085729 10363.32707062 6050.19097822
v -2448.03847577 1024.23048454 625.98076211
v -2448.03847577 10377.30484541 6025.98076211
v -2442.04445042 1046.99505589 586.55136792
v -2442.04445042 10400.06941677 5986.55136792
v -2500.00000000 600.00000000 1039.23048454
v -2542.61330003 566.19259608 995.17181796
v -2542.61330003 814.72073350 804.46947085
v -2500.00000000 848.52813742 848.52813742
v -2569.40114030 594.43784821 1031.98174720
v -2569.40114030 842.96598563 841.27940008
v -2555.53473382 625.94133342 1073.03788846
v -2555.53473382 874.46947085 882.33554134
v -2509.13683346 642.24873734 1094.29011102
v -2509.13683346 890.77687477 903.58776390
v -2457.38669997 633.80740392 1083.28915112
v -2457.38669997 882.33554134 892.58680400
v -2430.59885970 605.56215179 1046.47922188
v -2430.59885970 854.09028921 855.77687477
v -2444.46526618 574.05866658 1005.42308062
v -2444.46526618 822.58680400 814.72073350
v -2490.86316654 557.75126266 984.17085807
v -2490.86316654 806.27940008 793.46851095
v -2500.00000000 600.00000000 1039.23048454
v -2448.03847577 625.98076211 1024.23048454
v -2448.03847577 6025.98076211 10377.30484541
v -2500.00000000 6000.00000000 10392.30484541
v -2484.47085729 650.19097822 1010.25270975
v -2484.47085729 6050.19097822 10363.32707062
v -2530.00000000 645.00000000 1013.24972243
v -2530.00000000 6045.00000000 10366.32408330
v -2557.95554958 613.44863208 1031.46591319
v -2557.95554958 6013.44863208 10384.54027406
v -2551.96152423 574.01923789 1054.23048454
v -2551.96152423 5974.01923789 10407.30484541
v -2515.52914271 549.80902178 1068.20825933
v -2515.52914271 5949.80902178 10421.28262020
v -2470.00000000 555.00000000 1065.21124665
v -2470.00000000 5955.00000000 10418.28560753
v -2442.04445042 586.55136792 1046.99505589
v -2442.04445042 5986.55136792 10400.06941677
v -2500.00000000 0.00000000 1200.00000000
v -2440.00000000 0.00000000 1200.00000000
v -2440.00000000 0.00000000 12000.00000000
v -2500.00000000 0.00000000 12000.00000000
v -2457.57359313 42.42640687 1200.00000000
v -2457.57359313 42.42640687 12000.00000000
v -2500.00000000 60.00000000 1200.00000000
v -2500.00000000 60.00000000 12000.00000000
v -2542.42640687 42.42640687 1200.00000000
v -2542.42640687 42.42640687 12000.00000000
v -2560.00000000 0.00000000 1200.00000000
v -2560.00000000 0.00000000 12000.00000000
v -2542.42640687 -42.42640687 1200.00000000
v -2542.42640687 -42.42640687 12000.00000000
v -2500.00000000 -60.00000000 1200.00000000
v -2500.00000000 -60.00000000 12000.00000000
v -2457.57359313 -42.42640687 1200.00000000
v -2457.57359313 -42.42640687 12000.00000000
v -2500.00000000 -600.00000000 1039.23048454
v -2542.61330003 -566.19259608 995.17181796
v -2542.61330003 -814.72073350 804.46947085
v -2500.00000000 -848.52813742 848.52813742
v -2490.86316654 -557.75126266 984.17085807
v -2490.86316654 -806.27940008 793.46851095
v -2444.46526618 -574.05866658 1005.42308062
v -2444.46526618 -822.58680400 814.72073350
v -2430.59885970 -605.56215179 1046.47922188
v -2430.59885970 -854.09028921 855.77687477
v -2457.38669997 -633.80740392 1083.28915112
v -2457.38669997 -882.33554134 892.58680400
v -2509.13683346 -642.24873734 1094.29011102
v -2509.13683346 -890.77687477 903.58776390
v -2555.53473382 -625.94133342 1073.03788846
v -2555.53473382 -874.46947085 882.33554134
v -2569.40114030 -594.43784821 1031.98174720
v -2569.40114030 -842.96598563 841.27940008
v -2500.00000000 -600.00000000 1039.23048454
v -2448.03847577 -625.98076211 1024.23048454
v -2448.03847577 -6025.98076211 10377.30484541
v -2500.00000000 -6000.00000000 10392.30484541
v -2442.04445042 -586.55136792 1046.99505589
v -2442.04445042 -5986.55136792 10400.06941677
v -2470.00000000 -555.00000000 1065.21124665
v -2470.00000000 -5955.00000000 10418.28560753
v -2515.52914271 -549.80902178 1068.20825933
v -2515.52914271 -5949.80902178 10421.28262020
v -2551.96152423 -574.01923789 1054.23048454
v -2551.96152423 -5974.01923789 10407.30484541
v -2557.95554958 -613.44863208 1031.46591319
v -2557.95554958 -6013.44863208 10384.54027406
v -2530.00000000 -645.00000000 1013.24972243
v -2530.00000000 -6045.00000000 10366.32408330
v -2484.47085729 -650.19097822 1010.25270975
v -2484.47085729 -6050.19097822 10363.32707062
v -2500.00000000 -1039.23048454 600.00000000
v -2444.46526618 -1005.42308062 574.05866658
v -2444.46526618 -814.72073350 822.58680400
v -2500.00000000 -848.52813742 848.52813742
v -2490.86316654 -984.17085807 557.75126266
v -2490.86316654 -793.46851095 806.27940008
v -2542.61330003 -995.17181796 566.19259608
v -2542.61330003 -804.46947085 814.72073350
v -2569.40114030 -1031.98174720 594.43784821
v -2569.40114030 -841.27940008 842.96598563
v -2555.53473382 -1073.03788846 625.94133342
v -2555.53473382 -882.33554134 874.46947085
v -2509.13683346 -1094.29011102 642.24873734
v -2509.13683346 -903.58776390 890.77687477
v -2457.38669997 -1083.28915112 633.80740392
v -2457.38669997 -892.58680400 882.33554134
v -2430.59885970 -1046.47922188 605.56215179
v -2430.59885970 -855.77687477 854.09028921
v -2500.00000000 -1039.23048454 600.00000000
v -2470.00000000 -1065.21124665 555.00000000
v -2470.00000000 -10418.28560753 5955.00000000
v -2500.00000000 -10392.30484541 6000.00000000
v -2442.04445042 -1046.99505589 586.55136792
v -2442.04445042 -10400.06941677 5986.55136792
v -2448.03847577 -1024.23048454 625.98076211
v -2448.03847577 -10377.30484541 6025.98076211
v -2484.47085729 -1010.25270975 650.19097822
v -2484.47085729 -10363.32707062 6050.19097822
v -2530.00000000 -1013.24972243 645.00000000
v -2530.00000000 -10366.32408330 6045.00000000
v -2557.95554958 -1031.46591319 613.44863208
v -2557.95554958 -10384.54027406 6013.44863208
v -2551.96152423 -1054.23048454 574.01923789
v -2551.96152423 -10407.30484541 5974.01923789
v -2515.52914271 -1068.20825933 549.80902178
v -2515.52914271 -10421.28262020 5949.80902178
v -2500.00000000 -1200.00000000 0.00000000
v -2500.00000000 -1200.00000000 -60.00000000
v -2500.00000000 -12000.00000000 -60.00000000
v -2500.00000000 -12000.00000000 0.00000000
v -2457.57359313 -1200.00000000 -42.42640687
v -2457.57359313 -12000.00000000 -42.42640687
v -2440.00000000 -1200.00000000 0.00000000
v -2440.00000000 -12000.00000000 0.00000000
v -2457.57359313 -1200.00000000 42.42640687
v -2457.57359313 -12000.00000000 42.42640687
v -2500.00000000 -1200.00000000 60.00000000
v -2500.00000000 -12000.00000000 60.00000000
v -2542.42640687 -1200.00000000 42.42640687
v -2542.42640687 -12000.00000000 42.42640687
v -2560.00000000 -1200.00000000 0.00000000
v -2560.00000000 -12000.00000000 0.00000000
v -2542.42640687 -1200.00000000 -42.42640687
v -2542.42640687 -12000.00000000 -42.42640687
v -2500.00000000 -1039.23048454 -600.00000000
v -2555.53473382 -1073.03788846 -625.94133342
v -2555.53473382 -882.33554134 -874.46947085
v -2500.00000000 -848.52813742 -848.52813742
v -2569.40114030 -1031.98174720 -594.43784821
v -2569.40114030 -841.27940008 -842.96598563
v -2542.61330003 -995.17181796 -566.19259608
v -2542.61330003 -804.46947085 -814.72073350
v -2490.86316654 -984.17085807 -557.75126266
v -2490.86316654 -793.46851095 -806.27940008
v -2444.46526618 -1005.42308062 -574.05866658
v -2444.46526618 -814.72073350 -822.58680400
v -2430.59885970 -1046.47922188 -605.56215179
v -2430.59885970 -855.77687477 -854.09028921
v -2457.38669997 -1083.28915112 -633.80740392
v -2457.38669997 -892.58680400 -882.33554134
v -2509.13683346 -1094.29011102 -642.24873734
v -2509.13683346 -903.58776390 -890.77687477
v -2500.00000000 -1039.23048454 -600.00000000
v -2530.00000000 -1013.24972243 -645.00000000
v -2530.00000000 -10366.32408330 -6045.00000000
v -2500.00000000 -10392.30484541 -6000.00000000
v -2484.47085729 -1010.25270975 -650.19097822
v -2484.47085729 -10363.32707062 -6050.19097822
v -2448.03847577 -1024.23048454 -625.98076211
v -2448.03847577 -10377.30484541 -6025.98076211
v -2442.04445042 -1046.99505589 -586.55136792
v -2442.04445042 -10400.06941677 -5986.55136792
v -2470.00000000 -1065.21124665 -555.00000000
v -2470.00000000 -10418.28560753 -5955.00000000
v -2515.52914271 -1068.20825933 -549.80902178
v -2515.52914271 -10421.28262020 -5949.80902178
v -2551.96152423 -1054.23048454 -574.01923789
v -2551.96152423 -10407.30484541 -5974.01923789
v -2557.95554958 -1031.46591319 -613.44863208
v -2557.95554958 -10384.54027406 -6013.44863208
v -2500.00000000 -600.00000000 -1039.23048454
v -2457.38669997 -633.80740392 -1083.28915112
v -2457.38669997 -882.33554134 -892.58680400
v -2500.00000000 -848.52813742 -848.52813742
v -2430.59885970 -605.56215179 -1046.47922188
v -2430.59885970 -854.09028921 -855.77687477
v -2444.46526618 -574.05866658 -1005.42308062
v -2444.46526618 -822.58680400 -814.72073350
v -2490.86316654 -557.75126266 -984.17085807
v -2490.86316654 -806.27940008 -793.46851095
v -2542.61330003 -566.19259608 -995.17181796
v -2542.61330003 -814.72073350 -804.46947085
v -2569.40114030 -594.43784821 -1031.98174720
v -2569.40114030 -842.96598563 -841.27940008
v -2555.53473382 -625.94133342 -1073.03788846
v -2555.53473382 -874.46947085 -882.33554134
v -2509.13683346 -642.24873734 -1094.29011102
v -2509.13683346 -890.77687477 -903.58776390
v -2500.00000000 -600.00000000 -1039.23048454
v -2551.96152423 -574.01923789 -1054.23048454
v -2551.96152423 -5974.01923789 -10407.30484541
v -2500.00000000 -6000.00000000 -10392.30484541
v -2515.52914271 -549.80902178 -1068.20825933
v -2515.52914271 -5949.80902178 -10421.28262020
v -2470.00000000 -555.00000000 -1065.21124665
v -2470.00000000 -5955.00000000 -10418.28560753
v -2442.04445042 -586.55136792 -1046.99505589
v -2442.04445042 -5986.55136792 -10400.06941677
v -2448.03847577 -625.98076211 -1024.23048454
v -2448.03847577 -6025.98076211 -10377.30484541
v -2484.47085729 -650.19097822 -1010.25270975
v -2484.47085729 -6050.19097822 -10363.32707062
v -2530.00000000 -645.00000000 -1013.24972243
v -2530.00000000 -6045.00000000 -10366.32408330
v -2557.95554958 -613.44863208 -1031.46591319
v -2557.95554958 -6013.44863208 -10384.54027406
v -2500.00000000 -0.00000000 -1200.00000000
v -2560.00000000 -0.00000000 -1200.00000000
v -2560.00000000 -0.00000000 -12000.00000000
v -2500.00000000 -0.00000000 -12000.00000000
v -2542.42640687 42.42640687 -1200.00000000
v -2542.42640687 42.42640687 -12000.00000000
v -2500.00000000 60.00000000 -1200.00000000
v -2500.00000000 60.00000000 -12000.00000000
v -2457.57359313 42.42640687 -1200.00000000
v -2457.57359313 42.42640687 -12000.00000000
v -2440.00000000 -0.00000000 -1200.00000000
v -2440.00000000 -0.00000000 -12000.00000000
v -2457.57359313 -42.42640687 -1200.00000000
v -2457.57359313 -42.42640687 -12000.00000000
v -2500.00000000 -60.00000000 -1200.00000000
v -2500.00000000 -60.00000000 -12000.00000000
v -2542.42640687 -42.42640687 -1200.00000000
v -2542.42640687 -42.42640687 -12000.00000000
v -2500.00000000 600.00000000 -1039.23048454
v -2457.38669997 633.80740392 -1083.28915112
v -2457.38669997 882.33554134 -892.58680400
v -2500.00000000 848.52813742 -848.52813742
v -2509.13683346 642.24873734 -1094.29011102
v -2509.13683346 890.77687477 -903.58776390
v -2555.53473382 625.94133342 -1073.03788846
v -2555.53473382 874.46947085 -882.33554134
v -2569.40114030 594.43784821 -1031.98174720
v -2569.40114030 842.96598563 -841.27940008
v -2542.61330003 566.19259608 -995.17181796
v -2542.61330003 814.72073350 -804.46947085
v -2490.86316654 557.75126266 -984.17085807
v -2490.86316654 806.27940008 -793.46851095
v -2444.46526618 574.05866658 -1005.42308062
v -2444.46526618 822.58680400 -814.72073350
v -2430.59885970 605.56215179 -1046.47922188
v -2430.59885970 854.09028921 -855.77687477
v -2500.00000000 600.00000000 -1039.23048454
v -2551.96152423 574.01923789 -1054.23048454
v -2551.96152423 5974.01923789 -10407.30484541
v -2500.00000000 6000.00000000 -10392.30484541
v -2557.95554958 613.44863208 -1031.46591319
v -2557.95554958 6013.44863208 -10384.54027406
v -2530.00000000 645.00000000 -1013.24972243
v -2530.00000000 6045.00000000 -10366.32408330
v -2484.47085729 650.19097822 -1010.25270975
v -2484.47085729 6050.19097822 -10363.32707062
v -2448.03847577 625.98076211 -1024.23048454
v -2448.03847577 6025.98076211 -10377.30484541
v -2442.04445042 586.55136792 -1046.99505589
v -2442.04445042 5986.55136792 -10400.06941677
v -2470.00000000 555.00000000 -1065.21124665
v -2470.00000000 5955.00000000 -10418.28560753
v -2515.52914271 549.80902178 -1068.20825933
v -2515.52914271 5949.80902178 -10421.28262020
v -2500.00000000 1039.23048454 -600.00000000
v -2555.53473382 1073.03788846 -625.94133342
v -2555.53473382 882.33554134 -874.46947085
v -2500.00000000 848.52813742 -848.52813742
v -2509.13683346 1094.29011102 -642.24873734
v -2509.13683346 903.58776390 -890.77687477
v -2457.38669997 1083.28915112 -633.80740392
v -2457.38669997 892.58680400 -882.33554134
v -2430.59885970 1046.47922188 -605.56215179
v -2430.59885970 855.77687477 -854.09028921
v -2444.46526618 1005.42308062 -574.05866658
v -2444.46526618 814.72073350 -822.58680400
v -2490.86316654 984.17085807 -557.75126266
v -2490.86316654 793.46851095 -806.27940008
v -2542.61330003 995.17181796 -566.19259608
v -2542.61330003 804.46947085 -814.72073350
v -2569.40114030 1031.98174720 -594.43784821
v -2569.40114030 841.27940008 -842.96598563
v -2500.00000000 1039.23048454 -600.00000000
v -2530.00000000 1013.24972243 -645.00000000
v -2530.00000000 10366.32408330 -6045.00000000
v -2500.00000000 10392.30484541 -6000.00000000
v -2557.95554958 1031.46591319 -613.44863208
v -2557.95554958 10384.54027406 -6013.44863208
v -2551.96152423 1054.23048454 -574.01923789
v -2551.96152423 10407.30484541 -5974.01923789
v -2515.52914271 1068.20825933 -549.80902178
v -2515.52914271 10421.28262020 -5949.80902178
v -2470.00000000 1065.21124665 -555.00000000
v -2470.00000000 10418.28560753 -5955.00000000
v -2442.04445042 1046.99505589 -586.55136792
v -2442.04445042 10400.06941677 -5986.55136792
v -2448.03847577 1024.23048454 -625.98076211
v -2448.03847577 10377.30484541 -6025.98076211
v -2484.47085729 1010.25270975 -650.19097822
v -2484.47085729 10363.32707062 -6050.19097822
v -2500.00000000 12000.00000000 -0.00000000
v -2403.40741737 11975.00000000 -6.69872981
v -2403.40741737 10367.30484541 5993.30127019
v -2500.00000000 10392.30484541 6000.00000000
v -2413.39745962 12048.29629131 12.94095226
v -2413.39745962 10440.60113673 6012.94095226
v -2474.11809549 12093.30127019 25.00000000
v -2474.11809549 10485.60611560 6025.00000000
v -2550.00000000 12083.65163037 22.41438680
v -2550.00000000 10475.95647579 6022.41438680
v -2596.59258263 12025.00000000 6.69872981
v -2596.59258263 10417.30484541 6006.69872981
v -2586.60254038 11951.70370869 -12.94095226
v -2586.60254038 10344.00855410 5987.05904774
v -2525.88190451 11906.69872981 -25.00000000
v -2525.88190451 10299.00357522 5975.00000000
v -2450.00000000 11916.34836963 -22.41438680
v -2450.00000000 10308.65321504 5977.58561320
v -2500.00000000 10392.30484541 6000.00000000
v -2429.28932188 10342.30484541 5950.00000000
v -2429.28932188 5950.00000000 10342.30484541
v -2500.00000000 6000.00000000 10392.30484541
v -2400.00000000 10392.30484541 6000.00000000
v -2400.00000000 6000.00000000 10392.30484541
v -2429.28932188 10442.30484541 6050.00000000
v -2429.28932188 6050.00000000 10442.30484541
v -2500.00000000 10463.01552353 6070.71067812
v -2500.00000000 6070.71067812 10463.01552353
v -2570.71067812 10442.30484541 6050.00000000
v -2570.71067812 6050.00000000 10442.30484541
v -2600.00000000 10392.30484541 6000.00000000
v -2600.00000000 6000.00000000 10392.30484541
v -2570.71067812 10342.30484541 5950.00000000
v -2570.71067812 5950.00000000 10342.30484541
v -2500.00000000 10321.59416729 5929.28932188
v -2500.00000000 5929.28932188 10321.59416729
v -2500.00000000 6000.00000000 10392.30484541
v -2474.11809549 5975.00000000 10299.00357522
v -2474.11809549 -25.00000000 11906.69872981
v -2500.00000000 0.00000000 12000.00000000
v -2413.39745962 5987.05904774 10344.00855410
v -2413.39745962 -12.94095226 11951.70370869
v -2403.40741737 6006.69872981 10417.30484541
v -2403.40741737 6.69872981 12025.00000000
v -2450.00000000 6022.41438680 10475.95647579
v -2450.00000000 22.41438680 12083.65163037
v -2525.88190451 6025.00000000 10485.60611560
v -2525.88190451 25.00000000 12093.30127019
v -2586.60254038 6012.94095226 10440.60113673
v -2586.60254038 12.94095226 12048.29629131
v -2596.59258263 5993.30127019 10367.30484541
v -2596.59258263 -6.69872981 11975.00000000
v -2550.00000000 5977.58561320 10308.65321504
v -2550.00000000 -22.41438680 11916.34836963
v -2500.00000000 0.00000000 12000.00000000
v -2525.88190451 25.00000000 11906.69872981
v -2525.88190451 -5975.00000000 10299.00357522
v -2500.00000000 -6000.00000000 10392.30484541
v -2450.00000000 22.41438680 11916.34836963
v -2450.00000000 -5977.58561320 10308.65321504
v -2403.40741737 6.69872981 11975.00000000
v -2403.40741737 -5993.30127019 10367.30484541
v -2413.39745962 -12.94095226 12048.29629131
v -2413.39745962 -6012.94095226 10440.60113673
v -2474.11809549 -25.00000000 12093.30127019
v -2474.11809549 -6025.00000000 10485.60611560
v -2550.00000000 -22.41438680 12083.65163037
v -2550.00000000 -6022.41438680 10475.95647579
v -2596.59258263 -6.69872981 12025.00000000
v -2596.59258263 -6006.69872981 10417.30484541
v -2586.60254038 12.94095226 11951.70370869
v -2586.60254038 -5987.05904774 10344.00855410
v -2500.00000000 -6000.00000000 10392.30484541
v -2570.71067812 -5950.00000000 10342.30484541
v -2570.71067812 -10342.30484541 5950.00000000
v -2500.00000000 -10392.30484541 6000.00000000
v -2500.00000000 -5929.28932188 10321.59416729
v -2500.00000000 -10321.59416729 5929.28932188
v -2429.28932188 -5950.00000000 10342.30484541
v -2429.28932188 -10342.30484541 5950.00000000
v -2400.00000000 -6000.00000000 10392.30484541
v -2400.00000000 -10392.30484541 6000.00000000
v -2429.28932188 -6050.00000000 10442.30484541
v -2429.28932188 -10442.30484541 6050.00000000
v -2500.00000000 -6070.71067812 10463.01552353
v -2500.00000000 -10463.01552353 6070.71067812
v -2570.71067812 -6050.00000000 10442.30484541
v -2570.71067812 -10442.30484541 6050.00000000
v -2600.00000000 -6000.00000000 10392.30484541
v -2600.00000000 -10392.30484541 6000.00000000
v -2500.00000000 -10392.30484541 6000.00000000
v -2596.59258263 -10367.30484541 5993.30127019
v -2596.59258263 -11975.00000000 -6.69872981
v -2500.00000000 -12000.00000000 0.00000000
v -2550.00000000 -10308.65321504 5977.58561320
v -2550.00000000 -11916.34836963 -22.41438680
v -2474.11809549 -10299.00357522 5975.00000000
v -2474.11809549 -11906.69872981 -25.00000000
v -2413.39745962 -10344.00855410 5987.05904774
v -2413.39745962 -11951.70370869 -12.94095226
v -2403.40741737 -10417.30484541 6006.69872981
v -2403.40741737 -12025.00000000 6.69872981
v -2450.00000000 -10475.95647579 6022.41438680
v -2450.00000000 -12083.65163037 22.41438680
v -2525.88190451 -10485.60611560 6025.00000000
v -2525.88190451 -12093.30127019 25.00000000
v -2586.60254038 -10440.60113673 6012.94095226
v -2586.60254038 -12048.29629131 12.94095226
v -2500.00000000 -12000.00000000 0.00000000
v -2596.59258263 -12025.00000000 -6.69872981
v -2596.59258263 -10417.30484541 -6006.69872981
v -2500.00000000 -10392.30484541 -6000.00000000
v -2586.60254038 -11951.70370869 12.94095226
v -2586.60254038 -10344.00855410 -5987.05904774
v -2525.88190451 -11906.69872981 25.00000000
v -2525.88190451 -10299.00357522 -5975.00000000
v -2450.00000000 -11916.34836963 22.41438680
v -2450.00000000 -10308.65321504 -5977.58561320
v -2403.40741737 -11975.00000000 6.69872981
v -2403.40741737 -10367.30484541 -5993.30127019
v -2413.39745962 -12048.29629131 -12.94095226
v -2413.39745962 -10440.60113673 -6012.94095226
v -2474.11809549 -12093.30127019 -25.00000000
v -2474.11809549 -10485.60611560 -6025.00000000
v -2550.00000000 -12083.65163037 -22.41438680
v -2550.00000000 -10475.95647579 -6022.41438680
v -2500.00000000 -10392.30484541 -6000.00000000
v -2570.71067812 -10442.30484541 -6050.00000000
v -2570.71067812 -6050.00000000 -10442.30484541
v -2500.00000000 -6000.00000000 -10392.30484541
v -2600.00000000 -10392.30484541 -6000.00000000
v -2600.00000000 -6000.00000000 -10392.30484541
v -2570.71067812 -10342.30484541 -5950.00000000
v -2570.71067812 -5950.00000000 -10342.30484541
v -2500.00000000 -10321.59416729 -5929.28932188
v -2500.00000000 -5929.28932188 -10321.59416729
v -2429.28932188 -10342.30484541 -5950.00000000
v -2429.28932188 -5950.00000000 -10342.30484541
v -2400.00000000 -10392.30484541 -6000.00000000
v -2400.00000000 -6000.00000000 -10392.30484541
v -2429.28932188 -10442.30484541 -6050.00000000
v -2429.28932188 -6050.00000000 -10442.30484541
v -2500.00000000 -10463.01552353 -6070.71067812
v -2500.00000000 -6070.71067812 -10463.01552353
v -2500.00000000 -6000.00000000 -10392.30484541
v -2525.88190451 -6025.00000000 -10485.60611560
v -2525.88190451 -25.00000000 -12093.30127019
v -2500.00000000 -0.00000000 -12000.00000000
v -2586.60254038 -6012.94095226 -10440.60113673
v -2586.60254038 -12.94095226 -12048.29629131
v -2596.59258263 -5993.30127019 -10367.30484541
v -2596.59258263 6.69872981 -11975.00000000
v -2550.00000000 -5977.58561320 -10308.65321504
v -2550.00000000 22.41438680 -11916.34836963
v -2474.11809549 -5975.00000000 -10299.00357522
v -2474.11809549 25.00000000 -11906.69872981
v -2413.39745962 -5987.05904774 -10344.00855410
v -2413.39745962 12.94095226 -11951.70370869
v -2403.40741737 -6006.69872981 -10417.30484541
v -2403.40741737 -6.69872981 -12025.00000000
v -2450.00000000 -6022.41438680 -10475.95647579
v -2450.00000000 -22.41438680 -12083.65163037
v -2500.00000000 -0.00000000 -12000.00000000
v -2474.11809549 25.00000000 -12093.30127019
v -2474.11809549 6025.00000000 -10485.60611560
v -2500.00000000 6000.00000000 -10392.30484541
v -2550.00000000 22.41438680 -12083.65163037
v -2550.00000000 6022.41438680 -10475.95647579
v -2596.59258263 6.69872981 -12025.00000000
v -2596.59258263 6006.69872981 -10417.30484541
v -2586.60254038 -12.94095226 -11951.70370869
v -2586.60254038 5987.05904774 -10344.00855410
v -2525.88190451 -25.00000000 -11906.69872981
v -2525.88190451 5975.00000000 -10299.00357522
v -2450.00000000 -22.41438680 -11916.34836963
v -2450.00000000 5977.58561320 -10308.65321504
v -2403.40741737 -6.69872981 -11975.00000000
v -2403.40741737 5993.30127019 -10367.30484541
v -2413.39745962 12.94095226 -12048.29629131
v -2413.39745962 6012.94095226 -10440.60113673
v -2500.00000000 6000.00000000 -10392.30484541
v -2429.28932188 6050.00000000 -10442.30484541
v -2429.28932188 10442.30484541 -6050.00000000
v -2500.00000000 10392.30484541 -6000.00000000
v -2500.00000000 6070.71067812 -10463.01552353
v -2500.00000000 10463.01552353 -6070.71067812
v -2570.71067812 6050.00000000 -10442.30484541
v -2570.71067812 10442.30484541 -6050.00000000
v -2600.00000000 6000.00000000 -10392.30484541
v -2600.00000000 10392.30484541 -6000.00000000
v -2570.71067812 5950.00000000 -10342.30484541
v -2570.71067812 10342.30484541 -5950.00000000
v -2500.00000000 5929.28932188 -10321.59416729
v -2500.00000000 10321.59416729 -5929.28932188
v -2429.28932188 5950.00000000 -10342.30484541
v -2429.28932188 10342.30484541 -5950.00000000
v -2400.00000000 6000.00000000 -10392.30484541
v -2400.00000000 10392.30484541 -6000.00000000
v -2500.00000000 10392.30484541 -6000.00000000
v -2403.40741737 10417.30484541 -6006.69872981
v -2403.40741737 12025.00000000 -6.69872981
v -2500.00000000 12000.00000000 0.00000000
v -2450.00000000 10475.95647579 -6022.41438680
v -2450.00000000 12083.65163037 -22.41438680
v -2525.88190451 10485.60611560 -6025.00000000
v -2525.88190451 12093.30127019 -25.00000000
v -2586.60254038 10440.60113673 -6012.94095226
v -2586.60254038 12048.29629131 -12.94095226
v -2596.59258263 10367.30484541 -5993.30127019
v -2596.59258263 11975.00000000 6.69872981
v -2550.00000000 10308.65321504 -5977.58561320
v -2550.00000000 11916.34836963 22.41438680
v -2474.11809549 10299.00357522 -5975.00000000
v -2474.11809549 11906.69872981 25.00000000
v -2413.39745962 10344.00855410 -5987.05904774
v -2413.39745962 11951.70370869 12.94095226
v 2500.00000000 1200.00000000 0.00000000
v 2500.00000000 1200.00000000 -60.00000000
v 2500.00000000 12000.00000000 -60.00000000
v 2500.00000000 12000.00000000 0.00000000
v 2457.57359313 1200.00000000 -42.42640687
v 2457.57359313 12000.00000000 -42.42640687
v 2440.00000000 1200.00000000 -0.00000000
v 2440.00000000 12000.00000000 -0.00000000
v 2457.57359313 1200.00000000 42.42640687
v 2457.57359313 12000.00000000 42.42640687
v 2500.00000000 1200.00000000 60.00000000
v 2500.00000000 12000.00000000 60.00000000
v 2542.42640687 1200.00000000 42.42640687
v 2542.42640687 12000.00000000 42.42640687
v 2560.00000000 1200.00000000 0.00000000
v 2560.00000000 12000.00000000 0.00000000
v 2542.42640687 1200.00000000 -42.42640687
v 2542.42640687 12000.00000000 -42.42640687
v 2500.00000000 1039.23048454 600.00000000
v 2555.53473382 1005.42308062 574.05866658
v 2555.53473382 814.72073350 822.58680400
v 2500.00000000 848.52813742 848.52813742
v 2569.40114030 1046.47922188 605.56215179
v 2569.40114030 855.77687477 854.09028921
v 2542.61330003 1083.28915112 633.80740392
v 2542.61330003 892.58680400 882.33554134
v 2490.86316654 1094.29011102 642.24873734
v 2490.86316654 903.58776390 890.77687477
v 2444.46526618 1073.03788846 625.94133342
v 2444.46526618 882.33554134 874.46947085
v 2430.59885970 1031.98174720 594.43784821
v 2430.59885970 841.27940008 842.96598563
v 2457.38669997 995.17181796 566.19259608
v 2457.38669997 804.46947085 814.72073350
v 2509.13683346 984.17085807 557.75126266
v 2509.13683346 793.46851095 806.27940008
v 2500.00000000 1039.23048454 600.00000000
v 2530.00000000 1065.21124665 555.00000000
v 2530.00000000 10418.28560753 5955.00000000
v 2500.00000000 10392.30484541 6000.00000000
v 2484.47085729 1068.20825933 549.80902178
v 2484.47085729 10421.28262020 5949.80902178
v 2448.03847577 1054.23048454 574.01923789
v 2448.03847577 10407.30484541 5974.01923789
v 2442.04445042 1031.46591319 613.44863208
v 2442.04445042 10384.54027406 6013.44863208
v 2470.00000000 1013.24972243 645.00000000
v 2470.00000000 10366.32408330 6045.00000000
v 2515.52914271 1010.25270975 650.19097822
v 2515.52914271 10363.32707062 6050.19097822
v 2551.96152423 1024.23048454 625.98076211
v 2551.96152423 10377.30484541 6025.98076211
v 2557.95554958 1046.99505589 586.55136792
v 2557.95554958 10400.06941677 5986.55136792
v 2500.00000000 600.00000000 1039.23048454
v 2457.38669997 566.19259608 995.17181796
v 2457.38669997 814.72073350 804.46947085
v 2500.00000000 848.52813742 848.52813742
v 2430.59885970 594.43784821 1031.98174720
v 2430.59885970 842.96598563 841.27940008
v 2444.46526618 625.94133342 1073.03788846
v 2444.46526618 874.46947085 882.33554134
v 2490.86316654 642.24873734 1094.29011102
v 2490.86316654 890.77687477 903.58776390
v 2542.61330003 633.80740392 1083.28915112
v 2542.61330003 882.33554134 892.58680400
v 2569.40114030 605.56215179 1046.47922188
v 2569.40114030 854.09028921 855.77687477
v 2555.53473382 574.05866658 1005.42308062
v 2555.53473382 822.58680400 814.72073350
v 2509.13683346 557.75126266 984.17085807
v 2509.13683346 806.27940008 793.46851095
v 2500.00000000 600.00000000 1039.23048454
v 2551.96152423 625.98076211 1024.23048454
v 2551.96152423 6025.98076211 10377.30484541
v 2500.00000000 6000.00000000 10392.30484541
v 2515.52914271 650.19097822 1010.25270975
v 2515.52914271 6050.19097822 10363.32707062
v 2470.00000000 645.00000000 1013.24972243
v 2470.00000000 6045.00000000 10366.32408330
v 2442.04445042 613.44863208 1031.46591319
v 2442.04445042 6013.44863208 10384.54027406
v 2448.03847577 574.01923789 1054.23048454
v 2448.03847577 5974.01923789 10407.30484541
v 2484.47085729 549.80902178 1068.20825933
v 2484.47085729 5949.80902178 10421.28262020
v 2530.00000000 555.00000000 1065.21124665
v 2530.00000000 5955.00000000 10418.28560753
v 2557.95554958 586.55136792 1046.99505589
v 2557.95554958 5986.55136792 10400.06941677
v 2500.00000000 0.00000000 1200.00000000
v 2560.00000000 0.00000000 1200.00000000
v 2560.00000000 0.00000000 12000.00000000
v 2500.00000000 0.00000000 12000.00000000
v 2542.42640687 42.42640687 1200.00000000
v 2542.42640687 42.42640687 12000.00000000
v 2500.00000000 60.00000000 1200.00000000
v 2500.00000000 60.00000000 12000.00000000
v 2457.57359313 42.42640687 1200.00000000
v 2457.57359313 42.42640687 12000.00000000
v 2440.00000000 0.00000000 1200.00000000
v 2440.00000000 0.00000000 12000.00000000
v 2457.57359313 -42.42640687 1200.00000000
v 2457.57359313 -42.42640687 12000.00000000
v 2500.00000000 -60.00000000 1200.00000000
v 2500.00000000 -60.00000000 12000.00000000
v 2542.42640687 -42.42640687 1200.00000000
v 2542.42640687 -42.42640687 12000.00000000
v 2500.00000000 -600.00000000 1039.23048454
v 2457.38669997 -566.19259608 995.17181796
v 2457.38669997 -814.72073350 804.46947085
v 2500.00000000 -848.52813742 848.52813742
v 2509.13683346 -557.75126266 984.17085807
v 2509.13683346 -806.27940008 793.46851095
v 2555.53473382 -574.05866658 1005.42308062
v 2555.53473382 -822.58680400 814.72073350
v 2569.40114030 -605.56215179 1046.47922188
v 2569.40114030 -854.09028921 855.77687477
v 2542.61330003 -633.80740392 1083.28915112
v 2542.61330003 -882.33554134 892.58680400
v 2490.86316654 -642.24873734 1094.29011102
v 2490.86316654 -890.77687477 903.58776390
v 2444.46526618 -625.94133342 1073.03788846
v 2444.46526618 -874.46947085 882.33554134
v 2430.59885970 -594.43784821 1031.98174720
v 2430.59885970 -842.96598563 841.27940008
v 2500.00000000 -600.00000000 1039.23048454
v 2551.96152423 -625.98076211 1024.23048454
v 2551.96152423 -6025.98076211 10377.30484541
v 2500.00000000 -6000.00000000 10392.30484541
v 2557.95554958 -586.55136792 1046.99505589
v 2557.95554958 -5986.55136792 10400.06941677
v 2530.00000000 -555.00000000 1065.21124665
v 2530.00000000 -5955.00000000 10418.28560753
v 2484.47085729 -549.80902178 1068.20825933
v 2484.47085729 -5949.80902178 10421.28262020
v 2448.03847577 -574.01923789 1054.23048454
v 2448.03847577 -5974.01923789 10407.30484541
v 2442.04445042 -613.44863208 1031.46591319
v 2442.04445042 -6013.44863208 10384.54027406
v 2470.00000000 -645.00000000 1013.24972243
v 2470.00000000 -6045.00000000 10366.32408330
v 2515.52914271 -650.19097822 1010.25270975
v 2515.52914271 -6050.19097822 10363.32707062
v 2500.00000000 -1039.23048454 600.00000000
v 2555.53473382 -1005.42308062 574.05866658
v 2555.53473382 -814.72073350 822.58680400
v 2500.00000000 -848.52813742 848.52813742
v 2509.13683346 -984.17085807 557.75126266
v 2509.13683346 -793.46851095 806.27940008
v 2457.38669997 -995.17181796 566.19259608
v 2457.38669997 -804.46947085 814.72073350
v 2430.59885970 -1031.98174720 594.43784821
v 2430.59885970 -841.27940008 842.96598563
v 2444.46526618 -1073.03788846 625.94133342
v 2444.46526618 -882.33554134 874.46947085
v 2490.86316654 -1094.29011102 642.24873734
v 2490.86316654 -903.58776390 890.77687477
v 2542.61330003 -1083.28915112 633.80740392
v 2542.61330003 -892.58680400 882.33554134
v 2569.40114030 -1046.47922188 605.56215179
v 2569.40114030 -855.77687477 854.09028921
v 2500.00000000 -1039.23048454 600.00000000
v 2530.00000000 -1065.21124665 555.00000000
v 2530.00000000 -10418.28560753 5955.00000000
v 2500.00000000 -10392.30484541 6000.00000000
v 2557.95554958 -1046.99505589 586.55136792
v 2557.95554958 -10400.06941677 5986.55136792
v 2551.96152423 -1024.23048454 625.98076211
v 2551.96152423 -10377.30484541 6025.98076211
v 2515.52914271 -1010.25270975 650.19097822
v 2515.52914271 -10363.32707062 6050.19097822
v 2470.00000000 -1013.24972243 645.00000000
v 2470.00000000 -10366.32408330 6045.00000000
v 2442.04445042 -1031.46591319 613.44863208
v 2442.04445042 -10384.54027406 6013.44863208
v 2448.03847577 -1054.23048454 574.01923789
v 2448.03847577 -10407.30484541 5974.01923789
v 2484.47085729 -1068.20825933 549.80902178
v 2484.47085729 -10421.28262020 5949.80902178
v 2500.00000000 -1200.00000000 0.00000000
v 2500.00000000 -1200.00000000 -60.00000000
v 2500.00000000 -12000.00000000 -60.00000000
v 2500.00000000 -12000.00000000 0.00000000
v 2542.42640687 -1200.00000000 -42.42640687
v 2542.42640687 -12000.00000000 -42.42640687
v 2560.00000000 -1200.00000000 0.00000000
v 2560.00000000 -12000.00000000 0.00000000
v 2542.42640687 -1200.00000000 42.42640687
v 2542.42640687 -12000.00000000 42.42640687
v 2500.00000000 -1200.00000000 60.00000000
v 2500.00000000 -12000.00000000 60.00000000
v 2457.57359313 -1200.00000000 42.42640687
v 2457.57359313 -12000.00000000 42.42640687
v 2440.00000000 -1200.00000000 0.00000000
v 2440.00000000 -12000.00000000 0.00000000
v 2457.57359313 -1200.00000000 -42.42640687
v 2457.57359313 -12000.00000000 -42.42640687
v 2500.00000000 -1039.23048454 -600.00000000
v 2444.46526618 -1073.03788846 -625.94133342
v 2444.46526618 -882.33554134 -874.46947085
v 2500.00000000 -848.52813742 -848.52813742
v 2430.59885970 -1031.98174720 -594.43784821
v 2430.59885970 -841.27940008 -842.96598563
v 2457.38669997 -995.17181796 -566.19259608
v 2457.38669997 -804.46947085 -814.72073350
v 2509.13683346 -984.17085807 -557.75126266
v 2509.13683346 -793.46851095 -806.27940008
v 2555.53473382 -1005.42308062 -574.05866658
v 2555.53473382 -814.72073350 -822.58680400
v 2569.40114030 -1046.47922188 -605.56215179
v 2569.40114030 -855.77687477 -854.09028921
v 2542.61330003 -1083.28915112 -633.80740392
v 2542.61330003 -892.58680400 -882.33554134
v 2490.86316654 -1094.29011102 -642.24873734
v 2490.86316654 -903.58776390 -890.77687477
v 2500.00000000 -1039.23048454 -600.00000000
v 2470.00000000 -1013.24972243 -645.00000000
v 2470.00000000 -10366.32408330 -6045.00000000
v 2500.00000000 -10392.30484541 -6000.00000000
v 2515.52914271 -1010.25270975 -650.19097822
v 2515.52914271 -10363.32707062 -6050.19097822
v 2551.96152423 -1024.23048454 -625.98076211
v 2551.96152423 -10377.30484541 -6025.98076211
v 2557.95554958 -1046.99505589 -586.55136792
v 2557.95554958 -10400.06941677 -5986.55136792
v 2530.00000000 -1065.21124665 -555.00000000
v 2530.00000000 -10418.28560753 -5955.00000000
v 2484.47085729 -1068.20825933 -549.80902178
v 2484.47085729 -10421.28262020 -5949.80902178
v 2448.03847577 -1054.23048454 -574.01923789
v 2448.03847577 -10407.30484541 -5974.01923789
v 2442.04445042 -1031.46591319 -613.44863208
v 2442.04445042 -10384.54027406 -6013.44863208
v 2500.00000000 -600.00000000 -1039.23048454
v 2542.61330003 -633.80740392 -1083.28915112
v 2542.61330003 -882.33554134 -892.58680400
v 2500.00000000 -848.52813742 -848.52813742
v 2569.40114030 -605.56215179 -1046.47922188
v 2569.40114030 -854.09028921 -855.77687477
v 2555.53473382 -574.05866658 -1005.42308062
v 2555.53473382 -822.58680400 -814.72073350
v 2509.13683346 -557.75126266 -984.17085807
v 2509.13683346 -806.27940008 -793.46851095
v 2457.38669997 -566.19259608 -995.17181796
v 2457.38669997 -814.72073350 -804.46947085
v 2430.59885970 -594.43784821 -1031.98174720
v 2430.59885970 -842.96598563 -841.27940008
v 2444.46526618 -625.94133342 -1073.03788846
v 2444.46526618 -874.46947085 -882.33554134
v 2490.86316654 -642.24873734 -1094.29011102
v 2490.86316654 -890.77687477 -903.58776390
v 2500.00000000 -600.00000000 -1039.23048454
v 2448.03847577 -574.01923789 -1054.23048454
v 2448.03847577 -5974.01923789 -10407.30484541
v 2500.00000000 -6000.00000000 -10392.30484541
v 2484.47085729 -549.80902178 -1068.20825933
v 2484.47085729 -5949.80902178 -10421.28262020
v 2530.00000000 -555.00000000 -1065.21124665
v 2530.00000000 -5955.00000000 -10418.28560753
v 2557.95554958 -586.55136792 -1046.99505589
v 2557.95554958 -5986.55136792 -10400.06941677
v 2551.96152423 -625.98076211 -1024.23048454
v 2551.96152423 -6025.98076211 -10377.30484541
v 2515.52914271 -650.19097822 -1010.25270975
v 2515.52914271 -6050.19097822 -10363.32707062
v 2470.00000000 -645.00000000 -1013.24972243
v 2470.00000000 -6045.00000000 -10366.32408330
v 2442.04445042 -613.44863208 -1031.46591319
v 2442.04445042 -6013.44863208 -10384.54027406
v 2500.00000000 -0.00000000 -1200.00000000
v 2440.00000000 -0.00000000 -1200.00000000
v 2440.00000000 -0.00000000 -12000.00000000
v 2500.00000000 -0.00000000 -12000.00000000
v 2457.57359313 42.42640687 -1200.00000000
v 2457.57359313 42.42640687 -12000.00000000
v 2500.00000000 60.00000000 -1200.00000000
v 2500.00000000 60.00000000 -12000.00000000
v 2542.42640687 42.42640687 -1200.00000000
v 2542.42640687 42.42640687 -12000.00000000
v 2560.00000000 -0.00000000 -1200.00000000
v 2560.00000000 -0.00000000 -12000.00000000
v 2542.42640687 -42.42640687 -1200.00000000
v 2542.42640687 -42.42640687 -12000.00000000
v 2500.00000000 -60.00000000 -1200.00000000
v 2500.00000000 -60.00000000 -12000.00000000
v 2457.57359313 -42.42640687 -1200.00000000
v 2457.57359313 -42.42640687 -12000.00000000
v 2500.00000000 600.00000000 -1039.23048454
v 2542.61330003 633.80740392 -1083.28915112
v 2542.61330003 882.33554134 -892.58680400
v 2500.00000000 848.52813742 -848.52813742
v 2490.86316654 642.24873734 -1094.29011102
v 2490.86316654 890.77687477 -903.58776390
v 2444.46526618 625.94133342 -1073.03788846
v 2444.46526618 874.46947085 -882.33554134
v 2430.59885970 594.43784821 -1031.98174720
v 2430.59885970 842.96598563 -841.27940008
v 2457.38669997 566.19259608 -995.17181796
v 2457.38669997 814.72073350 -804.46947085
v 2509.13683346 557.75126266 -984.17085807
v 2509.13683346 806.27940008 -793.46851095
v 2555.53473382 574.05866658 -1005.42308062
v 2555.53473382 822.58680400 -814.72073350
v 2569.40114030 605.56215179 -1046.47922188
v 2569.40114030 854.09028921 -855.77687477
v 2500.00000000 600.00000000 -1039.23048454
v 2448.03847577 574.01923789 -1054.23048454
v 2448.03847577 5974.01923789 -10407.30484541
v 2500.00000000 6000.00000000 -10392.30484541
v 2442.04445042 613.44863208 -1031.46591319
v 2442.04445042 6013.44863208 -10384.54027406
v 2470.00000000 645.00000000 -1013.24972243
v 2470.00000000 6045.00000000 -10366.32408330
v 2515.52914271 650.19097822 -1010.25270975
v 2515.52914271 6050.19097822 -10363.32707062
v 2551.96152423 625.98076211 -1024.23048454
v 2551.96152423 6025.98076211 -10377.30484541
v 2557.95554958 586.55136792 -1046.99505589
v 2557.95554958 5986.55136792 -10400.06941677
v 2530.00000000 555.00000000 -1065.21124665
v 2530.00000000 5955.00000000 -10418.28560753
v 2484.47085729 549.80902178 -1068.20825933
v 2484.47085729 5949.80902178 -10421.28262020
v 2500.00000000 1039.23048454 -600.00000000
v 2444.46526618 1073.03788846 -625.94133342
v 2444.46526618 882.33554134 -874.46947085
v 2500.00000000 848.52813742 -848.52813742
v 2490.86316654 1094.29011102 -642.24873734
v 2490.86316654 903.58776390 -890.77687477
v 2542.61330003 1083.28915112 -633.80740392
v 2542.61330003 892.58680400 -882.33554134
v 2569.40114030 1046.47922188 -605.56215179
v 2569.40114030 855.77687477 -854.09028921
v 2555.53473382 1005.42308062 -574.05866658
v 2555.53473382 814.72073350 -822.58680400
v 2509.13683346 984.17085807 -557.75126266
v 2509.13683346 793.46851095 -806.27940008
v 2457.38669997 995.17181796 -566.19259608
v 2457.38669997 804.46947085 -814.72073350
v 2430.59885970 1031.98174720 -594.43784821
v 2430.59885970 841.27940008 -842.96598563
v 2500.00000000 1039.23048454 -600.00000000
v 2470.00000000 1013.24972243 -645.00000000
v 2470.00000000 10366.32408330 -6045.00000000
v 2500.00000000 10392.30484541 -6000.00000000
v 2442.04445042 1031.46591319 -613.44863208
v 2442.04445042 10384.54027406 -6013.44863208
v 2448.03847577 1054.23048454 -574.01923789
v 2448.03847577 10407.30484541 -5974.01923789
v 2484.47085729 1068.20825933 -549.80902178
v 2484.47085729 10421.28262020 -5949.80902178
v 2530.00000000 1065.21124665 -555.00000000
v 2530.00000000 10418.28560753 -5955.00000000
v 2557.95554958 1046.99505589 -586.55136792
v 2557.95554958 10400.06941677 -5986.55136792
v 2551.96152423 1024.23048454 -625.98076211
v 2551.96152423 10377.30484541 -6025.98076211
v 2515.52914271 1010.25270975 -650.19097822
v 2515.52914271 10363.32707062 -6050.19097822
v 2500.00000000 12000.00000000 -0.00000000
v 2596.59258263 11975.00000000 -6.69872981
v 2596.59258263 10367.30484541 5993.30127019
v 2500.00000000 10392.30484541 6000.00000000
v 2586.60254038 12048.29629131 12.94095226
v 2586.60254038 10440.60113673 6012.94095226
v 2525.88190451 12093.30127019 25.00000000
v 2525.88190451 10485.60611560 6025.00000000
v 2450.00000000 12083.65163037 22.41438680
v 2450.00000000 10475.95647579 6022.41438680
v 2403.40741737 12025.00000000 6.69872981
v 2403.40741737 10417.30484541 6006.69872981
v 2413.39745962 11951.70370869 -12.94095226
v 2413.39745962 10344.00855410 5987.05904774
v 2474.11809549 11906.69872981 -25.00000000
v 2474.11809549 10299.00357522 5975.00000000
v 2550.00000000 11916.34836963 -22.41438680
v 2550.00000000 10308.65321504 5977.58561320
v 2500.00000000 10392.30484541 6000.00000000
v 2570.71067812 10342.30484541 5950.00000000
v 2570.71067812 5950.00000000 10342.30484541
v 2500.00000000 6000.00000000 10392.30484541
v 2600.00000000 10392.30484541 6000.00000000
v 2600.00000000 6000.00000000 10392.30484541
v 2570.71067812 10442.30484541 6050.00000000
v 2570.71067812 6050.00000000 10442.30484541
v 2500.00000000 10463.01552353 6070.71067812
v 2500.00000000 6070.71067812 10463.01552353
v 2429.28932188 10442.30484541 6050.00000000
v 2429.28932188 6050.00000000 10442.30484541
v 2400.00000000 10392.30484541 6000.00000000
v 2400.00000000 6000.00000000 10392.30484541
v 2429.28932188 10342.30484541 5950.00000000
v 2429.28932188 5950.00000000 10342.30484541
v 2500.00000000 10321.59416729 5929.28932188
v 2500.00000000 5929.28932188 10321.59416729
v 2500.00000000 6000.00000000 10392.30484541
v 2525.88190451 5975.00000000 10299.00357522
v 2525.88190451 -25.00000000 11906.69872981
v 2500.00000000 0.00000000 12000.00000000
v 2586.60254038 5987.05904774 10344.00855410
v 2586.60254038 -12.94095226 11951.70370869
v 2596.59258263 6006.69872981 10417.30484541
v 2596.59258263 6.69872981 12025.00000000
v 2550.00000000 6022.41438680 10475.95647579
v 2550.00000000 22.41438680 12083.65163037
v 2474.11809549 6025.00000000 10485.60611560
v 2474.11809549 25.00000000 12093.30127019
v 2413.39745962 6012.94095226 10440.60113673
v 2413.39745962 12.94095226 12048.29629131
v 2403.40741737 5993.30127019 10367.30484541
v 2403.40741737 -6.69872981 11975.00000000
v 2450.00000000 5977.58561320 10308.65321504
v 2450.00000000 -22.41438680 11916.34836963
v 2500.00000000 0.00000000 12000.00000000
v 2474.11809549 25.00000000 11906.69872981
v 2474.11809549 -5975.00000000 10299.00357522
v 2500.00000000 -6000.00000000 10392.30484541
v 2550.00000000 22.41438680 11916.34836963
v 2550.00000000 -5977.58561320 10308.65321504
v 2596.59258263 6.69872981 11975.00000000
v 2596.59258263 -5993.30127019 10367.30484541
v 2586.60254038 -12.94095226 12048.29629131
v 2586.60254038 -6012.94095226 10440.60113673
v 2525.88190451 -25.00000000 12093.30127019
v 2525.88190451 -6025.00000000 10485.60611560
v 2450.00000000 -22.41438680 12083.65163037
v 2450.00000000 -6022.41438680 10475.95647579
v 2403.40741737 -6.69872981 12025.00000000
v 2403.40741737 -6006.69872981 10417.30484541
v 2413.39745962 12.94095226 11951.70370869
v 2413.39745962 -5987.05904774 10344.00855410
v 2500.00000000 -6000.00000000 10392.30484541
v 2429.28932188 -5950.00000000 10342.30484541
v 2429.28932188 -10342.30484541 5950.00000000
v 2500.00000000 -10392.30484541 6000.00000000
v 2500.00000000 -5929.28932188 10321.59416729
v 2500.00000000 -10321.59416729 5929.28932188
v 2570.71067812 -5950.00000000 10342.30484541
v 2570.71067812 -10342.30484541 5950.00000000
v 2600.00000000 -6000.00000000 10392.30484541
v 2600.00000000 -10392.30484541 6000.00000000
v 2570.71067812 -6050.00000000 10442.30484541
v 2570.71067812 -10442.30484541 6050.00000000
v 2500.00000000 -6070.71067812 10463.01552353
v 2500.00000000 -10463.01552353 6070.71067812
v 2429.28932188 -6050.00000000 10442.30484541
v 2429.28932188 -10442.30484541 6050.00000000
v 2400.00000000 -6000.00000000 10392.30484541
v 2400.00000000 -10392.30484541 6000.00000000
v 2500.00000000 -10392.30484541 6000.00000000
v 2403.40741737 -10367.30484541 5993.30127019
v 2403.40741737 -11975.00000000 -6.69872981
v 2500.00000000 -12000.00000000 0.00000000
v 2450.00000000 -10308.65321504 5977.58561320
v 2450.00000000 -11916.34836963 -22.41438680
v 2525.88190451 -10299.00357522 5975.00000000
v 2525.88190451 -11906.69872981 -25.00000000
v 2586.60254038 -10344.00855410 5987.05904774
v 2586.60254038 -11951.70370869 -12.94095226
v 2596.59258263 -10417.30484541 6006.69872981
v 2596.59258263 -12025.00000000 6.69872981
v 2550.00000000 -10475.95647579 6022.41438680
v 2550.00000000 -12083.65163037 22.41438680
v 2474.11809549 -10485.60611560 6025.00000000
v 2474.11809549 -12093.30127019 25.00000000
v 2413.39745962 -10440.60113673 6012.94095226
v 2413.39745962 -12048.29629131 12.94095226
v 2500.00000000 -12000.00000000 0.00000000
v 2403.40741737 -12025.00000000 -6.69872981
v 2403.40741737 -10417.30484541 -6006.69872981
v 2500.00000000 -10392.30484541 -6000.00000000
v 2413.39745962 -11951.70370869 12.94095226
v 2413.39745962 -10344.00855410 -5987.05904774
v 2474.11809549 -11906.69872981 25.00000000
v 2474.11809549 -10299.00357522 -5975.00000000
v 2550.00000000 -11916.34836963 22.41438680
v 2550.00000000 -10308.65321504 -5977.58561320
v 2596.59258263 -11975.00000000 6.69872981
v 2596.59258263 -10367.30484541 -5993.30127019
v 2586.60254038 -12048.29629131 -12.94095226
v 2586.60254038 -10440.60113673 -6012.94095226
v 2525.88190451 -12093.30127019 -25.00000000
v 2525.88190451 -10485.60611560 -6025.00000000
v 2450.00000000 -12083.65163037 -22.41438680
v 2450.00000000 -10475.95647579 -6022.41438680
v 2500.00000000 -10392.30484541 -6000.00000000
v 2429.28932188 -10442.30484541 -6050.00000000
v 2429.28932188 -6050.00000000 -10442.30484541
v 2500.00000000 -6000.00000000 -10392.30484541
v 2400.00000000 -10392.30484541 -6000.00000000
v 2400.00000000 -6000.00000000 -10392.30484541
v 2429.28932188 -10342.30484541 -5950.00000000
v 2429.28932188 -5950.00000000 -10342.30484541
v 2500.00000000 -10321.59416729 -5929.28932188
v 2500.00000000 -5929.28932188 -10321.59416729
v 2570.71067812 -10342.30484541 -5950.00000000
v 2570.71067812 -5950.00000000 -10342.30484541
v 2600.00000000 -10392.30484541 -6000.00000000
v 2600.00000000 -6000.00000000 -10392.30484541
v 2570.71067812 -10442.30484541 -6050.00000000
v 2570.71067812 -6050.00000000 -10442.30484541
v 2500.00000000 -10463.01552353 -6070.71067812
v 2500.00000000 -6070.71067812 -10463.01552353
v 2500.00000000 -6000.00000000 -10392.30484541
v 2474.11809549 -6025.00000000 -10485.60611560
v 2474.11809549 -25.00000000 -12093.30127019
v 2500.00000000 -0.00000000 -12000.00000000
v 2413.39745962 -6012.94095226 -10440.60113673
v 2413.39745962 -12.94095226 -12048.29629131
v 2403.40741737 -5993.30127019 -10367.30484541
v 2403.40741737 6.69872981 -11975.00000000
v 2450.00000000 -5977.58561320 -10308.65321504
v 2450.00000000 22.41438680 -11916.34836963
v 2525.88190451 -5975.00000000 -10299.00357522
v 2525.88190451 25.00000000 -11906.69872981
v 2586.60254038 -5987.05904774 -10344.00855410
v 2586.60254038 12.94095226 -11951.70370869
v 2596.59258263 -6006.69872981 -10417.30484541
v 2596.59258263 -6.69872981 -12025.00000000
v 2550.00000000 -6022.41438680 -10475.95647579
v 2550.00000000 -22.41438680 -12083.65163037
v 2500.00000000 -0.00000000 -12000.00000000
v 2525.88190451 25.00000000 -12093.30127019
v 2525.88190451 6025.00000000 -10485.60611560
v 2500.00000000 6000.00000000 -10392.30484541
v 2450.00000000 22.41438680 -12083.65163037
v 2450.00000000 6022.41438680 -10475.95647579
v 2403.40741737 6.69872981 -12025.00000000
v 2403.40741737 6006.69872981 -10417.30484541
v 2413.39745962 -12.94095226 -11951.70370869
v 2413.39745962 5987.05904774 -10344.00855410
v 2474.11809549 -25.00000000 -11906.69872981
v 2474.11809549 5975.00000000 -10299.00357522
v 2550.00000000 -22.41438680 -11916.34836963
v 2550.00000000 5977.58561320 -10308.65321504
v 2596.59258263 -6.69872981 -11975.00000000
v 2596.59258263 5993.30127019 -10367.30484541
v 2586.60254038 12.94095226 -12048.29629131
v 2586.60254038 6012.94095226 -10440.60113673
v 2500.00000000 6000.00000000 -10392.30484541
v 2570.71067812 6050.00000000 -10442.30484541
v 2570.71067812 10442.30484541 -6050.00000000
v 2500.00000000 10392.30484541 -6000.00000000
v 2500.00000000 6070.71067812 -10463.01552353
v 2500.00000000 10463.01552353 -6070.71067812
v 2429.28932188 6050.00000000 -10442.30484541
v 2429.28932188 10442.30484541 -6050.00000000
v 2400.00000000 6000.00000000 -10392.30484541
v 2400.00000000 10392.30484541 -6000.00000000
v 2429.28932188 5950.00000000 -10342.30484541
v 2429.28932188 10342.30484541 -5950.00000000
v 2500.00000000 5929.28932188 -10321.59416729
v 2500.00000000 10321.59416729 -5929.28932188
v 2570.71067812 5950.00000000 -10342.30484541
v 2570.71067812 10342.30484541 -5950.00000000
v 2600.00000000 6000.00000000 -10392.30484541
v 2600.00000000 10392.30484541 -6000.00000000
v 2500.00000000 10392.30484541 -6000.00000000
v 2596.59258263 10417.30484541 -6006.69872981
v 2596.59258263 12025.00000000 -6.69872981
v 2500.00000000 12000.00000000 0.00000000
v 2550.00000000 10475.95647579 -6022.41438680
v 2550.00000000 12083.65163037 -22.41438680
v 2474.11809549 10485.60611560 -6025.00000000
v 2474.11809549 12093.30127019 -25.00000000
v 2413.39745962 10440.60113673 -6012.94095226
v 2413.39745962 12048.29629131 -12.94095226
v 2403.40741737 10367.30484541 -5993.30127019
v 2403.40741737 11975.00000000 6.69872981
v 2450.00000000 10308.65321504 -5977.58561320
v 2450.00000000 11916.34836963 22.41438680
v 2525.88190451 10299.00357522 -5975.00000000
v 2525.88190451 11906.69872981 25.00000000
v 2586.60254038 10344.00855410 -5987.05904774
v 2586.60254038 11951.70370869 12.94095226
v -16000.00000000 1200.00000000 0.00000000
v -16000.00000000 1200.00000000 -70.00000000
v -16000.00000000 3200.00000000 -70.00000000
v -16000.00000000 3200.00000000 0.00000000
v -16049.49747468 1200.00000000 -49.49747468
v -16049.49747468 3200.00000000 -49.49747468
v -16070.00000000 1200.00000000 -0.00000000
v -16070.00000000 3200.00000000 -0.00000000
v -16049.49747468 1200.00000000 49.49747468
v -16049.49747468 3200.00000000 49.49747468
v -16000.00000000 1200.00000000 70.00000000
v -16000.00000000 3200.00000000 70.00000000
v -15950.50252532 1200.00000000 49.49747468
v -15950.50252532 3200.00000000 49.49747468
v -15930.00000000 1200.00000000 0.00000000
v -15930.00000000 3200.00000000 0.00000000
v -15950.50252532 1200.00000000 -49.49747468
v -15950.50252532 3200.00000000 -49.49747468
v -16000.00000000 848.52813742 848.52813742
v -16023.75989048 826.17881468 786.59288594
v -16023.75989048 3177.65067725 -61.93525149
v -16000.00000000 3200.00000000 0.00000000
v -16063.35970796 838.42741812 820.53665877
v -16063.35970796 3189.89928069 -27.99147865
v -16065.84426782 856.59288594 870.87746017
v -16065.84426782 3208.06474851 22.34932275
v -16029.75814859 870.03413345 908.12633142
v -16029.75814859 3221.50599603 59.59819399
v -15976.24010952 870.87746017 910.46338891
v -15976.24010952 3222.34932275 61.93525149
v -15936.64029204 858.62885673 876.51961608
v -15936.64029204 3210.10071931 27.99147865
v -15934.15573218 840.46338891 826.17881468
v -15934.15573218 3191.93525149 -22.34932275
v -15970.24185141 827.02214139 788.92994343
v -15970.24185141 3178.49400397 -59.59819399
v -16000.00000000 848.52813742 848.52813742
v -15934.80254211 872.26112852 839.25254478
v -15934.80254211 1623.73299109 2762.00569946
v -16000.00000000 1600.00000000 2771.28129211
v -15971.91636378 908.24853659 825.18754402
v -15971.91636378 1659.72039916 2747.94069871
v -16025.48119866 909.25254478 824.79514633
v -16025.48119866 1660.72440735 2747.54830102
v -16064.11949295 874.68501871 838.30521294
v -16064.11949295 1626.15688128 2761.05836763
v -16065.19745789 824.79514633 857.80373007
v -16065.19745789 1576.26700891 2780.55688476
v -16028.08363622 788.80773826 871.86873082
v -16028.08363622 1540.27960084 2794.62188551
v -15974.51880134 787.80373007 872.26112852
v -15974.51880134 1539.27559265 2795.01428321
v -15935.88050705 822.37125614 858.75106191
v -15935.88050705 1573.84311872 2781.50421659
v -16000.00000000 -0.00000000 1200.00000000
v -15950.95277907 34.99425986 1164.36614115
v -15950.95277907 1634.99425986 2735.64743326
v -16000.00000000 1600.00000000 2771.28129211
v -16000.63388484 49.04520990 1150.05837832
v -16000.63388484 1649.04520990 2721.33967043
v -16049.94366946 34.36614115 1165.00574014
v -16049.94366946 1634.36614115 2736.28703225
v -16069.99712987 -0.44414700 1200.45226478
v -16069.99712987 1599.55585300 2771.73355689
v -16049.04722093 -34.99425986 1235.63385885
v -16049.04722093 1565.00574014 2806.91515096
v -15999.36611516 -49.04520990 1249.94162168
v -15999.36611516 1550.95479010 2821.22291379
v -15950.05633054 -34.36614115 1234.99425986
v -15950.05633054 1565.63385885 2806.27555197
v -15930.00287013 0.44414700 1199.54773522
v -15930.00287013 1600.44414700 2770.82902733
v -16000.00000000 -848.52813742 848.52813742
v -15934.80254211 -872.26112852 839.25254478
v -15934.80254211 -1623.73299109 2762.00569946
v -16000.00000000 -1600.00000000 2771.28129211
v -15935.88050705 -822.37125614 858.75106191
v -15935.88050705 -1573.84311872 2781.50421659
v -15974.51880134 -787.80373007 872.26112852
v -15974.51880134 -1539.27559265 2795.01428321
v -16028.08363622 -788.80773826 871.86873082
v -16028.08363622 -1540.27960084 2794.62188551
v -16065.19745789 -824.79514633 857.80373007
v -16065.19745789 -1576.26700891 2780.55688476
v -16064.11949295 -874.68501871 838.30521294
v -16064.11949295 -1626.15688128 2761.05836763
v -16025.48119866 -909.25254478 824.79514633
v -16025.48119866 -1660.72440735 2747.54830102
v -15971.91636378 -908.24853659 825.18754402
v -15971.91636378 -1659.72039916 2747.94069871
v -16000.00000000 -1200.00000000 0.00000000
v -15930.71796770 -1209.89743319 -1.42857143
v -15930.71796770 -1609.89743319 2769.85272068
v -16000.00000000 -1600.00000000 2771.28129211
v -15943.93913733 -1158.51121998 5.98838958
v -15943.93913733 -1558.51121998 2777.26968169
v -15990.00000000 -1131.42857143 9.89743319
v -15990.00000000 -1531.42857143 2781.17872530
v -16041.91872704 -1144.51413574 8.00869467
v -16041.91872704 -1544.51413574 2779.28998678
v -16069.28203230 -1190.10256681 1.42857143
v -16069.28203230 -1590.10256681 2772.70986354
v -16056.06086267 -1241.48878002 -5.98838958
v -16056.06086267 -1641.48878002 2765.29290253
v -16010.00000000 -1268.57142857 -9.89743319
v -16010.00000000 -1668.57142857 2761.38385892
v -15958.08127296 -1255.48586426 -8.00869467
v -15958.08127296 -1655.48586426 2763.27259744
v -16000.00000000 -1200.00000000 0.00000000
v -16000.00000000 -1200.00000000 -70.00000000
v -16000.00000000 -3200.00000000 -70.00000000
v -16000.00000000 -3200.00000000 0.00000000
v -15950.50252532 -1200.00000000 -49.49747468
v -15950.50252532 -3200.00000000 -49.49747468
v -15930.00000000 -1200.00000000 0.00000000
v -15930.00000000 -3200.00000000 0.00000000
v -15950.50252532 -1200.00000000 49.49747468
v -15950.50252532 -3200.00000000 49.49747468
v -16000.00000000 -1200.00000000 70.00000000
v -16000.00000000 -3200.00000000 70.00000000
v -16049.49747468 -1200.00000000 49.49747468
v -16049.49747468 -3200.00000000 49.49747468
v -16070.00000000 -1200.00000000 0.00000000
v -16070.00000000 -3200.00000000 0.00000000
v -16049.49747468 -1200.00000000 -49.49747468
v -16049.49747468 -3200.00000000 -49.49747468
v -16000.00000000 -848.52813742 -848.52813742
v -15976.24010952 -870.87746017 -910.46338891
v -15976.24010952 -3222.34932275 -61.93525149
v -16000.00000000 -3200.00000000 0.00000000
v -15936.64029204 -858.62885673 -876.51961608
v -15936.64029204 -3210.10071931 -27.99147865
v -15934.15573218 -840.46338891 -826.17881468
v -15934.15573218 -3191.93525149 22.34932275
v -15970.24185141 -827.02214139 -788.92994343
v -15970.24185141 -3178.49400397 59.59819399
v -16023.75989048 -826.17881468 -786.59288594
v -16023.75989048 -3177.65067725 61.93525149
v -16063.35970796 -838.42741812 -820.53665877
v -16063.35970796 -3189.89928069 27.99147865
v -16065.84426782 -856.59288594 -870.87746017
v -16065.84426782 -3208.06474851 -22.34932275
v -16029.75814859 -870.03413345 -908.12633142
v -16029.75814859 -3221.50599603 -59.59819399
v -16000.00000000 -848.52813742 -848.52813742
v -16065.19745789 -824.79514633 -857.80373007
v -16065.19745789 -1576.26700891 -2780.55688476
v -16000.00000000 -1600.00000000 -2771.28129211
v -16028.08363622 -788.80773826 -871.86873082
v -16028.08363622 -1540.27960084 -2794.62188551
v -15974.51880134 -787.80373007 -872.26112852
v -15974.51880134 -1539.27559265 -2795.01428321
v -15935.88050705 -822.37125614 -858.75106191
v -15935.88050705 -1573.84311872 -2781.50421659
v -15934.80254211 -872.26112852 -839.25254478
v -15934.80254211 -1623.73299109 -2762.00569946
v -15971.91636378 -908.24853659 -825.18754402
v -15971.91636378 -1659.72039916 -2747.94069871
v -16025.48119866 -909.25254478 -824.79514633
v -16025.48119866 -1660.72440735 -2747.54830102
v -16064.11949295 -874.68501871 -838.30521294
v -16064.11949295 -1626.15688128 -2761.05836763
v -16000.00000000 -0.00000000 -1200.00000000
v -16049.04722093 34.99425986 -1235.63385885
v -16049.04722093 -1565.00574014 -2806.91515096
v -16000.00000000 -1600.00000000 -2771.28129211
v -15999.36611516 49.04520990 -1249.94162168
v -15999.36611516 -1550.95479010 -2821.22291379
v -15950.05633054 34.36614115 -1234.99425986
v -15950.05633054 -1565.63385885 -2806.27555197
v -15930.00287013 -0.44414700 -1199.54773522
v -15930.00287013 -1600.44414700 -2770.82902733
v -15950.95277907 -34.99425986 -1164.36614115
v -15950.95277907 -1634.99425986 -2735.64743326
v -16000.63388484 -49.04520990 -1150.05837832
v -16000.63388484 -1649.04520990 -2721.33967043
v -16049.94366946 -34.36614115 -1165.00574014
v -16049.94366946 -1634.36614115 -2736.28703225
v -16069.99712987 0.44414700 -1200.45226478
v -16069.99712987 -1599.55585300 -2771.73355689
v -16000.00000000 848.52813742 -848.52813742
v -16065.19745789 824.79514633 -857.80373007
v -16065.19745789 1576.26700891 -2780.55688476
v -16000.00000000 1600.00000000 -2771.28129211
v -16064.11949295 874.68501871 -838.30521294
v -16064.11949295 1626.15688128 -2761.05836763
v -16025.48119866 909.25254478 -824.79514633
v -16025.48119866 1660.72440735 -2747.54830102
v -15971.91636378 908.24853659 -825.18754402
v -15971.91636378 1659.72039916 -2747.94069871
v -15934.80254211 872.26112852 -839.25254478
v -15934.80254211 1623.73299109 -2762.00569946
v -15935.88050705 822.37125614 -858.75106191
v -15935.88050705 1573.84311872 -2781.50421659
v -15974.51880134 787.80373007 -872.26112852
v -15974.51880134 1539.27559265 -2795.01428321
v -16028.08363622 788.80773826 -871.86873082
v -16028.08363622 1540.27960084 -2794.62188551
v -16000.00000000 1200.00000000 0.00000000
v -16069.28203230 1190.10256681 -1.42857143
v -16069.28203230 1590.10256681 -2772.70986354
v -16000.00000000 1600.00000000 -2771.28129211
v -16056.06086267 1241.48878002 5.98838958
v -16056.06086267 1641.48878002 -2765.29290253
v -16010.00000000 1268.57142857 9.89743319
v -16010.00000000 1668.57142857 -2761.38385892
v -15958.08127296 1255.48586426 8.00869467
v -15958.08127296 1655.48586426 -2763.27259744
v -15930.71796770 1209.89743319 1.42857143
v -15930.71796770 1609.89743319 -2769.85272068
v -15943.93913733 1158.51121998 -5.98838958
v -15943.93913733 1558.51121998 -2777.26968169
v -15990.00000000 1131.42857143 -9.89743319
v -15990.00000000 1531.42857143 -2781.17872530
v -16041.91872704 1144.51413574 -8.00869467
v -16041.91872704 1544.51413574 -2779.28998678
v 21000.00000000 1200.00000000 0.00000000
v 21000.00000000 1200.00000000 -70.00000000
v 21400.00000000 800.00000000 -70.00000000
v 21400.00000000 800.00000000 0.00000000
v 21035.00000000 1235.00000000 -49.49747468
v 21435.00000000 835.00000000 -49.49747468
v 21049.49747468 1249.49747468 -0.00000000
v 21449.49747468 849.49747468 -0.00000000
v 21035.00000000 1235.00000000 49.49747468
v 21435.00000000 835.00000000 49.49747468
v 21000.00000000 1200.00000000 70.00000000
v 21400.00000000 800.00000000 70.00000000
v 20965.00000000 1165.00000000 49.49747468
v 21365.00000000 765.00000000 49.49747468
v 20950.50252532 1150.50252532 0.00000000
v 21350.50252532 750.50252532 0.00000000
v 20965.00000000 1165.00000000 -49.49747468
v 21365.00000000 765.00000000 -49.49747468
v 21000.00000000 848.52813742 848.52813742
v 20965.00000000 858.77940008 788.77940008
v 21365.00000000 575.93668761 505.93668761
v 21400.00000000 565.68542495 565.68542495
v 21000.00000000 898.02561211 799.03066274
v 21400.00000000 615.18289963 516.18795027
v 21035.00000000 908.27687477 838.27687477
v 21435.00000000 625.43416229 555.43416229
v 21049.49747468 883.52813742 883.52813742
v 21449.49747468 600.68542495 600.68542495
v 21035.00000000 838.27687477 908.27687477
v 21435.00000000 555.43416229 625.43416229
v 21000.00000000 799.03066274 898.02561211
v 21400.00000000 516.18795027 615.18289963
v 20965.00000000 788.77940008 858.77940008
v 21365.00000000 505.93668761 575.93668761
v 20950.50252532 813.52813742 813.52813742
v 21350.50252532 530.68542495 530.68542495
v 21000.00000000 0.00000000 1200.00000000
v 20950.50252532 0.00000000 1150.50252532
v 21350.50252532 0.00000000 750.50252532
v 21400.00000000 0.00000000 800.00000000
v 20965.00000000 49.49747468 1165.00000000
v 21365.00000000 49.49747468 765.00000000
v 21000.00000000 70.00000000 1200.00000000
v 21400.00000000 70.00000000 800.00000000
v 21035.00000000 49.49747468 1235.00000000
v 21435.00000000 49.49747468 835.00000000
v 21049.49747468 0.00000000 1249.49747468
v 21449.49747468 0.00000000 849.49747468
v 21035.00000000 -49.49747468 1235.00000000
v 21435.00000000 -49.49747468 835.00000000
v 21000.00000000 -70.00000000 1200.00000000
v 21400.00000000 -70.00000000 800.00000000
v 20965.00000000 -49.49747468 1165.00000000
v 21365.00000000 -49.49747468 765.00000000
v 21000.00000000 -848.52813742 848.52813742
v 20965.00000000 -858.77940008 788.77940008
v 21365.00000000 -575.93668761 505.93668761
v 21400.00000000 -565.68542495 565.68542495
v 20950.50252532 -813.52813742 813.52813742
v 21350.50252532 -530.68542495 530.68542495
v 20965.00000000 -788.77940008 858.77940008
v 21365.00000000 -505.93668761 575.93668761
v 21000.00000000 -799.03066274 898.02561211
v 21400.00000000 -516.18795027 615.18289963
v 21035.00000000 -838.27687477 908.27687477
v 21435.00000000 -555.43416229 625.43416229
v 21049.49747468 -883.52813742 883.52813742
v 21449.49747468 -600.68542495 600.68542495
v 21035.00000000 -908.27687477 838.27687477
v 21435.00000000 -625.43416229 555.43416229
v 21000.00000000 -898.02561211 799.03066274
v 21400.00000000 -615.18289963 516.18795027
v 21000.00000000 -1200.00000000 0.00000000
v 21000.00000000 -1200.00000000 -70.00000000
v 21400.00000000 -800.00000000 -70.00000000
v 21400.00000000 -800.00000000 0.00000000
v 20965.00000000 -1165.00000000 -49.49747468
v 21365.00000000 -765.00000000 -49.49747468
v 20950.50252532 -1150.50252532 0.00000000
v 21350.50252532 -750.50252532 0.00000000
v 20965.00000000 -1165.00000000 49.49747468
v 21365.00000000 -765.00000000 49.49747468
v 21000.00000000 -1200.00000000 70.00000000
v 21400.00000000 -800.00000000 70.00000000
v 21035.00000000 -1235.00000000 49.49747468
v 21435.00000000 -835.00000000 49.49747468
v 21049.49747468 -1249.49747468 0.00000000
v 21449.49747468 -849.49747468 0.00000000
v 21035.00000000 -1235.00000000 -49.49747468
v 21435.00000000 -835.00000000 -49.49747468
v 21000.00000000 -848.52813742 -848.52813742
v 21035.00000000 -838.27687477 -908.27687477
v 21435.00000000 -555.43416229 -625.43416229
v 21400.00000000 -565.68542495 -565.68542495
v 21000.00000000 -799.03066274 -898.02561211
v 21400.00000000 -516.18795027 -615.18289963
v 20965.00000000 -788.77940008 -858.77940008
v 21365.00000000 -505.93668761 -575.93668761
v 20950.50252532 -813.52813742 -813.52813742
v 21350.50252532 -530.68542495 -530.68542495
v 20965.00000000 -858.77940008 -788.77940008
v 21365.00000000 -575.93668761 -505.93668761
v 21000.00000000 -898.02561211 -799.03066274
v 21400.00000000 -615.18289963 -516.18795027
v 21035.00000000 -908.27687477 -838.27687477
v 21435.00000000 -625.43416229 -555.43416229
v 21049.49747468 -883.52813742 -883.52813742
v 21449.49747468 -600.68542495 -600.68542495
v 21000.00000000 -0.00000000 -1200.00000000
v 21049.49747468 -0.00000000 -1249.49747468
v 21449.49747468 -0.00000000 -849.49747468
v 21400.00000000 -0.00000000 -800.00000000
v 21035.00000000 49.49747468 -1235.00000000
v 21435.00000000 49.49747468 -835.00000000
v 21000.00000000 70.00000000 -1200.00000000
v 21400.00000000 70.00000000 -800.00000000
v 20965.00000000 49.49747468 -1165.00000000
v 21365.00000000 49.49747468 -765.00000000
v 20950.50252532 -0.00000000 -1150.50252532
v 21350.50252532 -0.00000000 -750.50252532
v 20965.00000000 -49.49747468 -1165.00000000
v 21365.00000000 -49.49747468 -765.00000000
v 21000.00000000 -70.00000000 -1200.00000000
v 21400.00000000 -70.00000000 -800.00000000
v 21035.00000000 -49.49747468 -1235.00000000
v 21435.00000000 -49.49747468 -835.00000000
v 21000.00000000 848.52813742 -848.52813742
v 21035.00000000 838.27687477 -908.27687477
v 21435.00000000 555.43416229 -625.43416229
v 21400.00000000 565.68542495 -565.68542495
v 21049.49747468 883.52813742 -883.52813742
v 21449.49747468 600.68542495 -600.68542495
v 21035.00000000 908.27687477 -838.27687477
v 21435.00000000 625.43416229 -555.43416229
v 21000.00000000 898.02561211 -799.03066274
v 21400.00000000 615.18289963 -516.18795027
v 20965.00000000 858.77940008 -788.77940008
v 21365.00000000 575.93668761 -505.93668761
v 20950.50252532 813.52813742 -813.52813742
v 21350.50252532 530.68542495 -530.68542495
v 20965.00000000 788.77940008 -858.77940008
v 21365.00000000 505.93668761 -575.93668761
v 21000.00000000 799.03066274 -898.02561211
v 21400.00000000 516.18795027 -615.18289963
v 21400.00000000 800.00000000 0.00000000
v 21464.67156728 775.25126266 -10.25126266
v 21464.67156728 540.93668761 555.43416229
v 21400.00000000 565.68542495 565.68542495
v 21464.67156728 824.74873734 10.25126266
v 21464.67156728 590.43416229 575.93668761
v 21426.78784027 859.74873734 24.74873734
v 21426.78784027 625.43416229 590.43416229
v 21373.21215973 859.74873734 24.74873734
v 21373.21215973 625.43416229 590.43416229
v 21335.32843272 824.74873734 10.25126266
v 21335.32843272 590.43416229 575.93668761
v 21335.32843272 775.25126266 -10.25126266
v 21335.32843272 540.93668761 555.43416229
v 21373.21215973 740.25126266 -24.74873734
v 21373.21215973 505.93668761 540.93668761
v 21426.78784027 740.25126266 -24.74873734
v 21426.78784027 505.93668761 540.93668761
v 21400.00000000 565.68542495 565.68542495
v 21426.78784027 540.93668761 505.93668761
v 21426.78784027 -24.74873734 740.25126266
v 21400.00000000 0.00000000 800.00000000
v 21464.67156728 555.43416229 540.93668761
v 21464.67156728 -10.25126266 775.25126266
v 21464.67156728 575.93668761 590.43416229
v 21464.67156728 10.25126266 824.74873734
v 21426.78784027 590.43416229 625.43416229
v 21426.78784027 24.74873734 859.74873734
v 21373.21215973 590.43416229 625.43416229
v 21373.21215973 24.74873734 859.74873734
v 21335.32843272 575.93668761 590.43416229
v 21335.32843272 10.25126266 824.74873734
v 21335.32843272 555.43416229 540.93668761
v 21335.32843272 -10.25126266 775.25126266
v 21373.21215973 540.93668761 505.93668761
v 21373.21215973 -24.74873734 740.25126266
v 21400.00000000 -0.00000000 800.00000000
v 21373.21215973 24.74873734 740.25126266
v 21373.21215973 -540.93668761 505.93668761
v 21400.00000000 -565.68542495 565.68542495
v 21426.78784027 24.74873734 740.25126266
v 21426.78784027 -540.93668761 505.93668761
v 21464.67156728 10.25126266 775.25126266
v 21464.67156728 -555.43416229 540.93668761
v 21464.67156728 -10.25126266 824.74873734
v 21464.67156728 -575.93668761 590.43416229
v 21426.78784027 -24.74873734 859.74873734
v 21426.78784027 -590.43416229 625.43416229
v 21373.21215973 -24.74873734 859.74873734
v 21373.21215973 -590.43416229 625.43416229
v 21335.32843272 -10.25126266 824.74873734
v 21335.32843272 -575.93668761 590.43416229
v 21335.32843272 10.25126266 775.25126266
v 21335.32843272 -555.43416229 540.93668761
v 21400.00000000 -565.68542495 565.68542495
v 21335.32843272 -540.93668761 555.43416229
v 21335.32843272 -775.25126266 -10.25126266
v 21400.00000000 -800.00000000 0.00000000
v 21373.21215973 -505.93668761 540.93668761
v 21373.21215973 -740.25126266 -24.74873734
v 21426.78784027 -505.93668761 540.93668761
v 21426.78784027 -740.25126266 -24.74873734
v 21464.67156728 -540.93668761 555.43416229
v 21464.67156728 -775.25126266 -10.25126266
v 21464.67156728 -590.43416229 575.93668761
v 21464.67156728 -824.74873734 10.25126266
v 21426.78784027 -625.43416229 590.43416229
v 21426.78784027 -859.74873734 24.74873734
v 21373.21215973 -625.43416229 590.43416229
v 21373.21215973 -859.74873734 24.74873734
v 21335.32843272 -590.43416229 575.93668761
v 21335.32843272 -824.74873734 10.25126266
v 21400.00000000 -800.00000000 0.00000000
v 21335.32843272 -824.74873734 -10.25126266
v 21335.32843272 -590.43416229 -575.93668761
v 21400.00000000 -565.68542495 -565.68542495
v 21335.32843272 -775.25126266 10.25126266
v 21335.32843272 -540.93668761 -555.43416229
v 21373.21215973 -740.25126266 24.74873734
v 21373.21215973 -505.93668761 -540.93668761
v 21426.78784027 -740.25126266 24.74873734
v 21426.78784027 -505.93668761 -540.93668761
v 21464.67156728 -775.25126266 10.25126266
v 21464.67156728 -540.93668761 -555.43416229
v 21464.67156728 -824.74873734 -10.25126266
v 21464.67156728 -590.43416229 -575.93668761
v 21426.78784027 -859.74873734 -24.74873734
v 21426.78784027 -625.43416229 -590.43416229
v 21373.21215973 -859.74873734 -24.74873734
v 21373.21215973 -625.43416229 -590.43416229
v 21400.00000000 -565.68542495 -565.68542495
v 21373.21215973 -590.43416229 -625.43416229
v 21373.21215973 -24.74873734 -859.74873734
v 21400.00000000 -0.00000000 -800.00000000
v 21335.32843272 -575.93668761 -590.43416229
v 21335.32843272 -10.25126266 -824.74873734
v 21335.32843272 -555.43416229 -540.93668761
v 21335.32843272 10.25126266 -775.25126266
v 21373.21215973 -540.93668761 -505.93668761
v 21373.21215973 24.74873734 -740.25126266
v 21426.78784027 -540.93668761 -505.93668761
v 21426.78784027 24.74873734 -740.25126266
v 21464.67156728 -555.43416229 -540.93668761
v 21464.67156728 10.25126266 -775.25126266
v 21464.67156728 -575.93668761 -590.43416229
v 21464.67156728 -10.25126266 -824.74873734
v 21426.78784027 -590.43416229 -625.43416229
v 21426.78784027 -24.74873734 -859.74873734
v 21400.00000000 -0.00000000 -800.00000000
v 21426.78784027 24.74873734 -859.74873734
v 21426.78784027 590.43416229 -625.43416229
v 21400.00000000 565.68542495 -565.68542495
v 21373.21215973 24.74873734 -859.74873734
v 21373.21215973 590.43416229 -625.43416229
v 21335.32843272 10.25126266 -824.74873734
v 21335.32843272 575.93668761 -590.43416229
v 21335.32843272 -10.25126266 -775.25126266
v 21335.32843272 555.43416229 -540.93668761
v 21373.21215973 -24.74873734 -740.25126266
v 21373.21215973 540.93668761 -505.93668761
v 21426.78784027 -24.74873734 -740.25126266
v 21426.78784027 540.93668761 -505.93668761
v 21464.67156728 -10.25126266 -775.25126266
v 21464.67156728 555.43416229 -540.93668761
v 21464.67156728 10.25126266 -824.74873734
v 21464.67156728 575.93668761 -590.43416229
v 21400.00000000 565.68542495 -565.68542495
v 21464.67156728 590.43416229 -575.93668761
v 21464.67156728 824.74873734 -10.25126266
v 21400.00000000 800.00000000 0.00000000
v 21426.78784027 625.43416229 -590.43416229
v 21426.78784027 859.74873734 -24.74873734
v 21373.21215973 625.43416229 -590.43416229
v 21373.21215973 859.74873734 -24.74873734
v 21335.32843272 590.43416229 -575.93668761
v 21335.32843272 824.74873734 -10.25126266
v 21335.32843272 540.93668761 -555.43416229
v 21335.32843272 775.25126266 10.25126266
v 21373.21215973 505.93668761 -540.93668761
v 21373.21215973 740.25126266 24.74873734
v 21426.78784027 505.93668761 -540.93668761
v 21426.78784027 740.25126266 24.74873734
v 21464.67156728 540.93668761 -555.43416229
v 21464.67156728 775.25126266 10.25126266
f 2 1 5
f 2 5 3
f 3 5 6
f 3 6 4
f 5 1 7
f 5 7 6
f 6 7 8
f 6 8 4
f 7 1 9
f 7 9 8
f 8 9 10
f 8 10 4
f 9 1 11
f 9 11 10
f 10 11 12
f 10 12 4
f 11 1 13
f 11 13 12
f 12 13 14
f 12 14 4
f 13 1 15
f 13 15 14
f 14 15 16
f 14 16 4
f 15 1 17
f 15 17 16
f 16 17 18
f 16 18 4
f 17 1 2
f 17 2 18
f 18 2 3
f 18 3 4
f 20 19 23
f 20 23 21
f 21 23 24
f 21 24 22
f 23 19 25
f 23 25 24
f 24 25 26
f 24 26 22
f 25 19 27
f 25 27 26
f 26 27 28
f 26 28 22
f 27 19 29
f 27 29 28
f 28 29 30
f 28 30 22
f 29 19 31
f 29 31 30
f 30 31 32
f 30 32 22
f 31 19 33
f 31 33 32
f 32 33 34
f 32 34 22
f 33 19 35
f 33 35 34
f 34 35 36
f 34 36 22
f 35 19 20
f 35 20 36
f 36 20 21
f 36 21 22
f 38 37 41
f 38 41 39
f 39 41 42
f 39 42 40
f 41 37 43
f 41 43 42
f 42 43 44
f 42 44 40
f 43 37 45
f 43 45 44
f 44 45 46
f 44 46 40
f 45 37 47
f 45 47 46
f 46 47 48
f 46 48 40
f 47 37 49
f 47 49 48
f 48 49 50
f 48 50 40
f 49 37 51
f 49 51 50
f 50 51 52
f 50 52 40
f 51 37 53
f 51 53 52
f 52 53 54
f 52 54 40
f 53 37 38
f 53 38 54
f 54 38 39
f 54 39 40
f 56 55 59
f 56 59 57
f 57 59 60
f 57 60 58
f 59 55 61
f 59 61 60
f 60 61 62
f 60 62 58
f 61 55 63
f 61 63 62
f 62 63 64
f 62 64 58
f 63 55 65
f 63 65 64
f 64 65 66
f 64 66 58
f 65 55 67
f 65 67 66
f 66 67 68
f 66 68 58
f 67 55 69
f 67 69 68
f 68 69 70
f 68 70 58
f 69 55 71
f 69 71 70
f 70 71 72
f 70 72 58
f 71 55 56
f 71 56 72
f 72 56 57
f 72 57 58
f 74 73 77
f 74 77 75
f 75 77 78
f 75 78 76
f 77 73 79
f 77 79 78
f 78 79 80
f 78 80 76
f 79 73 81
f 79 81 80
f 80 81 82
f 80 82 76
f 81 73 83
f 81 83 82
f 82 83 84
f 82 84 76
f 83 73 85
f 83 85 84
f 84 85 86
f 84 86 76
f 85 73 87
f 85 87 86
f 86 87 88
f 86 88 76
f 87 73 89
f 87 89 88
f 88 89 90
f 88 90 76
f 89 73 74
f 89 74 90
f 90 74 75
f 90 75 76
f 92 91 95
f 92 95 93
f 93 95 96
f 93 96 94
f 95 91 97
f 95 97 96
f 96 97 98
f 96 98 94
f 97 91 99
f 97 99 98
f 98 99 100
f 98 100 94
f 99 91 101
f 99 101 100
f 100 101 102
f 100 102 94
f 101 91 103
f 101 103 102
f 102 103 104
f 102 104 94
f 103 91 105
f 103 105 104
f 104 105 106
f 104 106 94
f 105 91 107
f 105 107 106
f 106 107 108
f 106 108 94
f 107 91 92
f 107 92 108
f 108 92 93
f 108 93 94
f 110 109 113
f 110 113 111
f 111 113 114
f 111 114 112
f 113 109 115
f 113 115 114
f 114 115 116
f 114 116 112
f 115 109 117
f 115 117 116
f 116 117 118
f 116 118 112
f 117 109 119
f 117 119 118
f 118 119 120
f 118 120 112
f 119 109 121
f 119 121 120
f 120 121 122
f 120 122 112
f 121 109 123
f 121 123 122
f 122 123 124
f 122 124 112
f 123 109 125
f 123 125 124
f 124 125 126
f 124 126 112
f 125 109 110
f 125 110 126
f 126 110 111
f 126 111 112
f 128 127 131
f 128 131 129
f 129 131 132
f 129 132 130
f 131 127 133
f 131 133 132
f 132 133 134
f 132 134 130
f 133 127 135
f 133 135 134
f 134 135 136
f 134 136 130
f 135 127 137
f 135 137 136
f 136 137 138
f 136 138 130
f 137 127 139
f 137 139 138
f 138 139 140
f 138 140 130
f 139 127 141
f 139 141 140
f 140 141 142
f 140 142 130
f 141 127 143
f 141 143 142
f 142 143 144
f 142 144 130
f 143 127 128
f 143 128 144
f 144 128 129
f 144 129 130
f 146 145 149
f 146 149 147
f 147 149 150
f 147 150 148
f 149 145 151
f 149 151 150
f 150 151 152
f 150 152 148
f 151 145 153
f 151 153 152
f 152 153 154
f 152 154 148
f 153 145 155
f 153 155 154
f 154 155 156
f 154 156 148
f 155 145 157
f 155 157 156
f 156 157 158
f 156 158 148
f 157 145 159
f 157 159 158
f 158 159 160
f 158 160 148
f 159 145 161
f 159 161 160
f 160 161 162
f 160 162 148
f 161 145 146
f 161 146 162
f 162 146 147
f 162 147 148
f 164 163 167
f 164 167 165
f 165 167 168
f 165 168 166
f 167 163 169
f 167 169 168
f 168 169 170
f 168 170 166
f 169 163 171
f 169 171 170
f 170 171 172
f 170 172 166
f 171 163 173
f 171 173 172
f 172 173 174
f 172 174 166
f 173 163 175
f 173 175 174
f 174 175 176
f 174 176 166
f 175 163 177
f 175 177 176
f 176 177 178
f 176 178 166
f 177 163 179
f 177 179 178
f 178 179 180
f 178 180 166
f 179 163 164
f 179 164 180
f 180 164 165
f 180 165 166
f 182 181 185
f 182 185 183
f 183 185 186
f 183 186 184
f 185 181 187
f 185 187 186
f 186 187 188
f 186 188 184
f 187 181 189
f 187 189 188
f 188 189 190
f 188 190 184
f 189 181 191
f 189 191 190
f 190 191 192
f 190 192 184
f 191 181 193
f 191 193 192
f 192 193 194
f 192 194 184
f 193 181 195
f 193 195 194
f 194 195 196
f 194 196 184
f 195 181 197
f 195 197 196
f 196 197 198
f 196 198 184
f 197 181 182
f 197 182 198
f 198 182 183
f 198 183 184
f 200 199 203
f 200 203 201
f 201 203 204
f 201 204 202
f 203 199 205
f 203 205 204
f 204 205 206
f 204 206 202
f 205 199 207
f 205 207 206
f 206 207 208
f 206 208 202
f 207 199 209
f 207 209 208
f 208 209 210
f 208 210 202
f 209 199 211
f 209 211 210
f 210 211 212
f 210 212 202
f 211 199 213
f 211 213 212
f 212 213 214
f 212 214 202
f 213 199 215
f 213 215 214
f 214 215 216
f 214 216 202
f 215 199 200
f 215 200 216
f 216 200 201
f 216 201 202
f 218 217 221
f 218 221 219
f 219 221 222
f 219 222 220
f 221 217 223
f 221 223 222
f 222 223 224
f 222 224 220
f 223 217 225
f 223 225 224
f 224 225 226
f 224 226 220
f 225 217 227
f 225 227 226
f 226 227 228
f 226 228 220
f 227 217 229
f 227 229 228
f 228 229 230
f 228 230 220
f 229 217 231
f 229 231 230
f 230 231 232
f 230 232 220
f 231 217 233
f 231 233 232
f 232 233 234
f 232 234 220
f 233 217 218
f 233 218 234
f 234 218 219
f 234 219 220
f 236 235 239
f 236 239 237
f 237 239 240
f 237 240 238
f 239 235 241
f 239 241 240
f 240 241 242
f 240 242 238
f 241 235 243
f 241 243 242
f 242 243 244
f 242 244 238
f 243 235 245
f 243 245 244
f 244 245 246
f 244 246 238
f 245 235 247
f 245 247 246
f 246 247 248
f 246 248 238
f 247 235 249
f 247 249 248
f 248 249 250
f 248 250 238
f 249 235 251
f 249 251 250
f 250 251 252
f 250 252 238
f 251 235 236
f 251 236 252
f 252 236 237
f 252 237 238
f 254 253 257
f 254 257 255
f 255 257 258
f 255 258 256
f 257 253 259
f 257 259 258
f 258 259 260
f 258 260 256
f 259 253 261
f 259 261 260
f 260 261 262
f 260 262 256
f 261 253 263
f 261 263 262
f 262 263 264
f 262 264 256
f 263 253 265
f 263 265 264
f 264 265 266
f 264 266 256
f 265 253 267
f 265 267 266
f 266 267 268
f 266 268 256
f 267 253 269
f 267 269 268
f 268 269 270
f 268 270 256
f 269 253 254
f 269 254 270
f 270 254 255
f 270 255 256
f 272 271 275
f 272 275 273
f 273 275 276
f 273 276 274
f 275 271 277
f 275 277 276
f 276 277 278
f 276 278 274
f 277 271 279
f 277 279 278
f 278 279 280
f 278 280 274
f 279 271 281
f 279 281 280
f 280 281 282
f 280 282 274
f 281 271 283
f 281 283 282
f 282 283 284
f 282 284 274
f 283 271 285
f 283 285 284
f 284 285 286
f 284 286 274
f 285 271 287
f 285 287 286
f 286 287 288
f 286 288 274
f 287 271 272
f 287 272 288
f 288 272 273
f 288 273 274
f 290 289 293
f 290 293 291
f 291 293 294
f 291 294 292
f 293 289 295
f 293 295 294
f 294 295 296
f 294 296 292
f 295 289 297
f 295 297 296
f 296 297 298
f 296 298 292
f 297 289 299
f 297 299 298
f 298 299 300
f 298 300 292
f 299 289 301
f 299 301 300
f 300 301 302
f 300 302 292
f 301 289 303
f 301 303 302
f 302 303 304
f 302 304 292
f 303 289 305
f 303 305 304
f 304 305 306
f 304 306 292
f 305 289 290
f 305 290 306
f 306 290 291
f 306 291 292
f 308 307 311
f 308 311 309
f 309 311 312
f 309 312 310
f 311 307 313
f 311 313 312
f 312 313 314
f 312 314 310
f 313 307 315
f 313 315 314
f 314 315 316
f 314 316 310
f 315 307 317
f 315 317 316
f 316 317 318
f 316 318 310
f 317 307 319
f 317 319 318
f 318 319 320
f 318 320 310
f 319 307 321
f 319 321 320
f 320 321 322
f 320 322 310
f 321 307 323
f 321 323 322
f 322 323 324
f 322 324 310
f 323 307 308
f 323 308 324
f 324 308 309
f 324 309 310
f 326 325 329
f 326 329 327
f 327 329 330
f 327 330 328
f 329 325 331
f 329 331 330
f 330 331 332
f 330 332 328
f 331 325 333
f 331 333 332
f 332 333 334
f 332 334 328
f 333 325 335
f 333 335 334
f 334 335 336
f 334 336 328
f 335 325 337
f 335 337 336
f 336 337 338
f 336 338 328
f 337 325 339
f 337 339 338
f 338 339 340
f 338 340 328
f 339 325 341
f 339 341 340
f 340 341 342
f 340 342 328
f 341 325 326
f 341 326 342
f 342 326 327
f 342 327 328
f 344 343 347
f 344 347 345
f 345 347 348
f 345 348 346
f 347 343 349
f 347 349 348
f 348 349 350
f 348 350 346
f 349 343 351
f 349 351 350
f 350 351 352
f 350 352 346
f 351 343 353
f 351 353 352
f 352 353 354
f 352 354 346
f 353 343 355
f 353 355 354
f 354 355 356
f 354 356 346
f 355 343 357
f 355 357 356
f 356 357 358
f 356 358 346
f 357 343 359
f 357 359 358
f 358 359 360
f 358 360 346
f 359 343 344
f 359 344 360
f 360 344 345
f 360 345 346
f 362 361 365
f 362 365 363
f 363 365 366
f 363 366 364
f 365 361 367
f 365 367 366
f 366 367 368
f 366 368 364
f 367 361 369
f 367 369 368
f 368 369 370
f 368 370 364
f 369 361 371
f 369 371 370
f 370 371 372
f 370 372 364
f 371 361 373
f 371 373 372
f 372 373 374
f 372 374 364
f 373 361 375
f 373 375 374
f 374 375 376
f 374 376 364
f 375 361 377
f 375 377 376
f 376 377 378
f 376 378 364
f 377 361 362
f 377 362 378
f 378 362 363
f 378 363 364
f 380 379 383
f 380 383 381
f 381 383 384
f 381 384 382
f 383 379 385
f 383 385 384
f 384 385 386
f 384 386 382
f 385 379 387
f 385 387 386
f 386 387 388
f 386 388 382
f 387 379 389
f 387 389 388
f 388 389 390
f 388 390 382
f 389 379 391
f 389 391 390
f 390 391 392
f 390 392 382
f 391 379 393
f 391 393 392
f 392 393 394
f 392 394 382
f 393 379 395
f 393 395 394
f 394 395 396
f 394 396 382
f 395 379 380
f 395 380 396
f 396 380 381
f 396 381 382
f 398 397 401
f 398 401 399
f 399 401 402
f 399 402 400
f 401 397 403
f 401 403 402
f 402 403 404
f 402 404 400
f 403 397 405
f 403 405 404
f 404 405 406
f 404 406 400
f 405 397 407
f 405 407 406
f 406 407 408
f 406 408 400
f 407 397 409
f 407 409 408
f 408 409 410
f 408 410 400
f 409 397 411
f 409 411 410
f 410 411 412
f 410 412 400
f 411 397 413
f 411 413 412
f 412 413 414
f 412 414 400
f 413 397 398
f 413 398 414
f 414 398 399
f 414 399 400
f 416 415 419
f 416 419 417
f 417 419 420
f 417 420 418
f 419 415 421
f 419 421 420
f 420 421 422
f 420 422 418
f 421 415 423
f 421 423 422
f 422 423 424
f 422 424 418
f 423 415 425
f 423 425 424
f 424 425 426
f 424 426 418
f 425 415 427
f 425 427 426
f 426 427 428
f 426 428 418
f 427 415 429
f 427 429 428
f 428 429 430
f 428 430 418
f 429 415 431
f 429 431 430
f 430 431 432
f 430 432 418
f 431 415 416
f 431 416 432
f 432 416 417
f 432 417 418
f 434 433 437
f 434 437 435
f 435 437 438
f 435 438 436
f 437 433 439
f 437 439 438
f 438 439 440
f 438 440 436
f 439 433 441
f 439 441 440
f 440 441 442
f 440 442 436
f 441 433 443
f 441 443 442
f 442 443 444
f 442 444 436
f 443 433 445
f 443 445 444
f 444 445 446
f 444 446 436
f 445 433 447
f 445 447 446
f 446 447 448
f 446 448 436
f 447 433 449
f 447 449 448
f 448 449 450
f 448 450 436
f 449 433 434
f 449 434 450
f 450 434 435
f 450 435 436
f 452 451 455
f 452 455 453
f 453 455 456
f 453 456 454
f 455 451 457
f 455 457 456
f 456 457 458
f 456 458 454
f 457 451 459
f 457 459 458
f 458 459 460
f 458 460 454
f 459 451 461
f 459 461 460
f 460 461 462
f 460 462 454
f 461 451 463
f 461 463 462
f 462 463 464
f 462 464 454
f 463 451 465
f 463 465 464
f 464 465 466
f 464 466 454
f 465 451 467
f 465 467 466
f 466 467 468
f 466 468 454
f 467 451 452
f 467 452 468
f 468 452 453
f 468 453 454
f 470 469 473
f 470 473 471
f 471 473 474
f 471 474 472
f 473 469 475
f 473 475 474
f 474 475 476
f 474 476 472
f 475 469 477
f 475 477 476
f 476 477 478
f 476 478 472
f 477 469 479
f 477 479 478
f 478 479 480
f 478 480 472
f 479 469 481
f 479 481 480
f 480 481 482
f 480 482 472
f 481 469 483
f 481 483 482
f 482 483 484
f 482 484 472
f 483 469 485
f 483 485 484
f 484 485 486
f 484 486 472
f 485 469 470
f 485 470 486
f 486 470 471
f 486 471 472
f 488 487 491
f 488 491 489
f 489 491 492
f 489 492 490
f 491 487 493
f 491 493 492
f 492 493 494
f 492 494 490
f 493 487 495
f 493 495 494
f 494 495 496
f 494 496 490
f 495 487 497
f 495 497 496
f 496 497 498
f 496 498 490
f 497 487 499
f 497 499 498
f 498 499 500
f 498 500 490
f 499 487 501
f 499 501 500
f 500 501 502
f 500 502 490
f 501 487 503
f 501 503 502
f 502 503 504
f 502 504 490
f 503 487 488
f 503 488 504
f 504 488 489
f 504 489 490
f 506 505 509
f 506 509 507
f 507 509 510
f 507 510 508
f 509 505 511
f 509 511 510
f 510 511 512
f 510 512 508
f 511 505 513
f 511 513 512
f 512 513 514
f 512 514 508
f 513 505 515
f 513 515 514
f 514 515 516
f 514 516 508
f 515 505 517
f 515 517 516
f 516 517 518
f 516 518 508
f 517 505 519
f 517 519 518
f 518 519 520
f 518 520 508
f 519 505 521
f 519 521 520
f 520 521 522
f 520 522 508
f 521 505 506
f 521 506 522
f 522 506 507
f 522 507 508
f 524 523 527
f 524 527 525
f 525 527 528
f 525 528 526
f 527 523 529
f 527 529 528
f 528 529 530
f 528 530 526
f 529 523 531
f 529 531 530
f 530 531 532
f 530 532 526
f 531 523 533
f 531 533 532
f 532 533 534
f 532 534 526
f 533 523 535
f 533 535 534
f 534 535 536
f 534 536 526
f 535 523 537
f 535 537 536
f 536 537 538
f 536 538 526
f 537 523 539
f 537 539 538
f 538 539 540
f 538 540 526
f 539 523 524
f 539 524 540
f 540 524 525
f 540 525 526
f 542 541 545
f 542 545 543
f 543 545 546
f 543 546 544
f 545 541 547
f 545 547 546
f 546 547 548
f 546 548 544
f 547 541 549
f 547 549 548
f 548 549 550
f 548 550 544
f 549 541 551
f 549 551 550
f 550 551 552
f 550 552 544
f 551 541 553
f 551 553 552
f 552 553 554
f 552 554 544
f 553 541 555
f 553 555 554
f 554 555 556
f 554 556 544
f 555 541 557
f 555 557 556
f 556 557 558
f 556 558 544
f 557 541 542
f 557 542 558
f 558 542 543
f 558 543 544
f 560 559 563
f 560 563 561
f 561 563 564
f 561 564 562
f 563 559 565
f 563 565 564
f 564 565 566
f 564 566 562
f 565 559 567
f 565 567 566
f 566 567 568
f 566 568 562
f 567 559 569
f 567 569 568
f 568 569 570
f 568 570 562
f 569 559 571
f 569 571 570
f 570 571 572
f 570 572 562
f 571 559 573
f 571 573 572
f 572 573 574
f 572 574 562
f 573 559 575
f 573 575 574
f 574 575 576
f 574 576 562
f 575 559 560
f 575 560 576
f 576 560 561
f 576 561 562
f 578 577 581
f 578 581 579
f 579 581 582
f 579 582 580
f 581 577 583
f 581 583 582
f 582 583 584
f 582 584 580
f 583 577 585
f 583 585 584
f 584 585 586
f 584 586 580
f 585 577 587
f 585 587 586
f 586 587 588
f 586 588 580
f 587 577 589
f 587 589 588
f 588 589 590
f 588 590 580
f 589 577 591
f 589 591 590
f 590 591 592
f 590 592 580
f 591 577 593
f 591 593 592
f 592 593 594
f 592 594 580
f 593 577 578
f 593 578 594
f 594 578 579
f 594 579 580
f 596 595 599
f 596 599 597
f 597 599 600
f 597 600 598
f 599 595 601
f 599 601 600
f 600 601 602
f 600 602 598
f 601 595 603
f 601 603 602
f 602 603 604
f 602 604 598
f 603 595 605
f 603 605 604
f 604 605 606
f 604 606 598
f 605 595 607
f 605 607 606
f 606 607 608
f 606 608 598
f 607 595 609
f 607 609 608
f 608 609 610
f 608 610 598
f 609 595 611
f 609 611 610
f 610 611 612
f 610 612 598
f 611 595 596
f 611 596 612
f 612 596 597
f 612 597 598
f 614 613 617
f 614 617 615
f 615 617 618
f 615 618 616
f 617 613 619
f 617 619 618
f 618 619 620
f 618 620 616
f 619 613 621
f 619 621 620
f 620 621 622
f 620 622 616
f 621 613 623
f 621 623 622
f 622 623 624
f 622 624 616
f 623 613 625
f 623 625 624
f 624 625 626
f 624 626 616
f 625 613 627
f 625 627 626
f 626 627 628
f 626 628 616
f 627 613 629
f 627 629 628
f 628 629 630
f 628 630 616
f 629 613 614
f 629 614 630
f 630 614 615
f 630 615 616
f 632 631 635
f 632 635 633
f 633 635 636
f 633 636 634
f 635 631 637
f 635 637 636
f 636 637 638
f 636 638 634
f 637 631 639
f 637 639 638
f 638 639 640
f 638 640 634
f 639 631 641
f 639 641 640
f 640 641 642
f 640 642 634
f 641 631 643
f 641 643 642
f 642 643 644
f 642 644 634
f 643 631 645
f 643 645 644
f 644 645 646
f 644 646 634
f 645 631 647
f 645 647 646
f 646 647 648
f 646 648 634
f 647 631 632
f 647 632 648
f 648 632 633
f 648 633 634
f 650 649 653
f 650 653 651
f 651 653 654
f 651 654 652
f 653 649 655
f 653 655 654
f 654 655 656
f 654 656 652
f 655 649 657
f 655 657 656
f 656 657 658
f 656 658 652
f 657 649 659
f 657 659 658
f 658 659 660
f 658 660 652
f 659 649 661
f 659 661 660
f 660 661 662
f 660 662 652
f 661 649 663
f 661 663 662
f 662 663 664
f 662 664 652
f 663 649 665
f 663 665 664
f 664 665 666
f 664 666 652
f 665 649 650
f 665 650 666
f 666 650 651
f 666 651 652
f 668 667 671
f 668 671 669
f 669 671 672
f 669 672 670
f 671 667 673
f 671 673 672
f 672 673 674
f 672 674 670
f 673 667 675
f 673 675 674
f 674 675 676
f 674 676 670
f 675 667 677
f 675 677 676
f 676 677 678
f 676 678 670
f 677 667 679
f 677 679 678
f 678 679 680
f 678 680 670
f 679 667 681
f 679 681 680
f 680 681 682
f 680 682 670
f 681 667 683
f 681 683 682
f 682 683 684
f 682 684 670
f 683 667 668
f 683 668 684
f 684 668 669
f 684 669 670
f 686 685 689
f 686 689 687
f 687 689 690
f 687 690 688
f 689 685 691
f 689 691 690
f 690 691 692
f 690 692 688
f 691 685 693
f 691 693 692
f 692 693 694
f 692 694 688
f 693 685 695
f 693 695 694
f 694 695 696
f 694 696 688
f 695 685 697
f 695 697 696
f 696 697 698
f 696 698 688
f 697 685 699
f 697 699 698
f 698 699 700
f 698 700 688
f 699 685 701
f 699 701 700
f 700 701 702
f 700 702 688
f 701 685 686
f 701 686 702
f 702 686 687
f 702 687 688
f 704 703 707
f 704 707 705
f 705 707 708
f 705 708 706
f 707 703 709
f 707 709 708
f 708 709 710
f 708 710 706
f 709 703 711
f 709 711 710
f 710 711 712
f 710 712 706
f 711 703 713
f 711 713 712
f 712 713 714
f 712 714 706
f 713 703 715
f 713 715 714
f 714 715 716
f 714 716 706
f 715 703 717
f 715 717 716
f 716 717 718
f 716 718 706
f 717 703 719
f 717 719 718
f 718 719 720
f 718 720 706
f 719 703 704
f 719 704 720
f 720 704 705
f 720 705 706
f 722 721 725
f 722 725 723
f 723 725 726
f 723 726 724
f 725 721 727
f 725 727 726
f 726 727 728
f 726 728 724
f 727 721 729
f 727 729 728
f 728 729 730
f 728 730 724
f 729 721 731
f 729 731 730
f 730 731 732
f 730 732 724
f 731 721 733
f 731 733 732
f 732 733 734
f 732 734 724
f 733 721 735
f 733 735 734
f 734 735 736
f 734 736 724
f 735 721 737
f 735 737 736
f 736 737 738
f 736 738 724
f 737 721 722
f 737 722 738
f 738 722 723
f 738 723 724
f 740 739 743
f 740 743 741
f 741 743 744
f 741 744 742
f 743 739 745
f 743 745 744
f 744 745 746
f 744 746 742
f 745 739 747
f 745 747 746
f 746 747 748
f 746 748 742
f 747 739 749
f 747 749 748
f 748 749 750
f 748 750 742
f 749 739 751
f 749 751 750
f 750 751 752
f 750 752 742
f 751 739 753
f 751 753 752
f 752 753 754
f 752 754 742
f 753 739 755
f 753 755 754
f 754 755 756
f 754 756 742
f 755 739 740
f 755 740 756
f 756 740 741
f 756 741 742
f 758 757 761
f 758 761 759
f 759 761 762
f 759 762 760
f 761 757 763
f 761 763 762
f 762 763 764
f 762 764 760
f 763 757 765
f 763 765 764
f 764 765 766
f 764 766 760
f 765 757 767
f 765 767 766
f 766 767 768
f 766 768 760
f 767 757 769
f 767 769 768
f 768 769 770
f 768 770 760
f 769 757 771
f 769 771 770
f 770 771 772
f 770 772 760
f 771 757 773
f 771 773 772
f 772 773 774
f 772 774 760
f 773 757 758
f 773 758 774
f 774 758 759
f 774 759 760
f 776 775 779
f 776 779 777
f 777 779 780
f 777 780 778
f 779 775 781
f 779 781 780
f 780 781 782
f 780 782 778
f 781 775 783
f 781 783 782
f 782 783 784
f 782 784 778
f 783 775 785
f 783 785 784
f 784 785 786
f 784 786 778
f 785 775 787
f 785 787 786
f 786 787 788
f 786 788 778
f 787 775 789
f 787 789 788
f 788 789 790
f 788 790 778
f 789 775 791
f 789 791 790
f 790 791 792
f 790 792 778
f 791 775 776
f 791 776 792
f 792 776 777
f 792 777 778
f 794 793 797
f 794 797 795
f 795 797 798
f 795 798 796
f 797 793 799
f 797 799 798
f 798 799 800
f 798 800 796
f 799 793 801
f 799 801 800
f 800 801 802
f 800 802 796
f 801 793 803
f 801 803 802
f 802 803 804
f 802 804 796
f 803 793 805
f 803 805 804
f 804 805 806
f 804 806 796
f 805 793 807
f 805 807 806
f 806 807 808
f 806 808 796
f 807 793 809
f 807 809 808
f 808 809 810
f 808 810 796
f 809 793 794
f 809 794 810
f 810 794 795
f 810 795 796
f 812 811 815
f 812 815 813
f 813 815 816
f 813 816 814
f 815 811 817
f 815 817 816
f 816 817 818
f 816 818 814
f 817 811 819
f 817 819 818
f 818 819 820
f 818 820 814
f 819 811 821
f 819 821 820
f 820 821 822
f 820 822 814
f 821 811 823
f 821 823 822
f 822 823 824
f 822 824 814
f 823 811 825
f 823 825 824
f 824 825 826
f 824 826 814
f 825 811 827
f 825 827 826
f 826 827 828
f 826 828 814
f 827 811 812
f 827 812 828
f 828 812 813
f 828 813 814
f 830 829 833
f 830 833 831
f 831 833 834
f 831 834 832
f 833 829 835
f 833 835 834
f 834 835 836
f 834 836 832
f 835 829 837
f 835 837 836
f 836 837 838
f 836 838 832
f 837 829 839
f 837 839 838
f 838 839 840
f 838 840 832
f 839 829 841
f 839 841 840
f 840 841 842
f 840 842 832
f 841 829 843
f 841 843 842
f 842 843 844
f 842 844 832
f 843 829 845
f 843 845 844
f 844 845 846
f 844 846 832
f 845 829 830
f 845 830 846
f 846 830 831
f 846 831 832
f 848 847 851
f 848 851 849
f 849 851 852
f 849 852 850
f 851 847 853
f 851 853 852
f 852 853 854
f 852 854 850
f 853 847 855
f 853 855 854
f 854 855 856
f 854 856 850
f 855 847 857
f 855 857 856
f 856 857 858
f 856 858 850
f 857 847 859
f 857 859 858
f 858 859 860
f 858 860 850
f 859 847 861
f 859 861 860
f 860 861 862
f 860 862 850
f 861 847 863
f 861 863 862
f 862 863 864
f 862 864 850
f 863 847 848
f 863 848 864
f 864 848 849
f 864 849 850
f 866 865 869
f 866 869 867
f 867 869 870
f 867 870 868
f 869 865 871
f 869 871 870
f 870 871 872
f 870 872 868
f 871 865 873
f 871 873 872
f 872 873 874
f 872 874 868
f 873 865 875
f 873 875 874
f 874 875 876
f 874 876 868
f 875 865 877
f 875 877 876
f 876 877 878
f 876 878 868
f 877 865 879
f 877 879 878
f 878 879 880
f 878 880 868
f 879 865 881
f 879 881 880
f 880 881 882
f 880 882 868
f 881 865 866
f 881 866 882
f 882 866 867
f 882 867 868
f 884 883 887
f 884 887 885
f 885 887 888
f 885 888 886
f 887 883 889
f 887 889 888
f 888 889 890
f 888 890 886
f 889 883 891
f 889 891 890
f 890 891 892
f 890 892 886
f 891 883 893
f 891 893 892
f 892 893 894
f 892 894 886
f 893 883 895
f 893 895 894
f 894 895 896
f 894 896 886
f 895 883 897
f 895 897 896
f 896 897 898
f 896 898 886
f 897 883 899
f 897 899 898
f 898 899 900
f 898 900 886
f 899 883 884
f 899 884 900
f 900 884 885
f 900 885 886
f 902 901 905
f 902 905 903
f 903 905 906
f 903 906 904
f 905 901 907
f 905 907 906
f 906 907 908
f 906 908 904
f 907 901 909
f 907 909 908
f 908 909 910
f 908 910 904
f 909 901 911
f 909 911 910
f 910 911 912
f 910 912 904
f 911 901 913
f 911 913 912
f 912 913 914
f 912 914 904
f 913 901 915
f 913 915 914
f 914 915 916
f 914 916 904
f 915 901 917
f 915 917 916
f 916 917 918
f 916 918 904
f 917 901 902
f 917 902 918
f 918 902 903
f 918 903 904
f 920 919 923
f 920 923 921
f 921 923 924
f 921 924 922
f 923 919 925
f 923 925 924
f 924 925 926
f 924 926 922
f 925 919 927
f 925 927 926
f 926 927 928
f 926 928 922
f 927 919 929
f 927 929 928
f 928 929 930
f 928 930 922
f 929 919 931
f 929 931 930
f 930 931 932
f 930 932 922
f 931 919 933
f 931 933 932
f 932 933 934
f 932 934 922
f 933 919 935
f 933 935 934
f 934 935 936
f 934 936 922
f 935 919 920
f 935 920 936
f 936 920 921
f 936 921 922
f 938 937 941
f 938 941 939
f 939 941 942
f 939 942 940
f 941 937 943
f 941 943 942
f 942 943 944
f 942 944 940
f 943 937 945
f 943 945 944
f 944 945 946
f 944 946 940
f 945 937 947
f 945 947 946
f 946 947 948
f 946 948 940
f 947 937 949
f 947 949 948
f 948 949 950
f 948 950 940
f 949 937 951
f 949 951 950
f 950 951 952
f 950 952 940
f 951 937 953
f 951 953 952
f 952 953 954
f 952 954 940
f 953 937 938
f 953 938 954
f 954 938 939
f 954 939 940
f 956 955 959
f 956 959 957
f 957 959 960
f 957 960 958
f 959 955 961
f 959 961 960
f 960 961 962
f 960 962 958
f 961 955 963
f 961 963 962
f 962 963 964
f 962 964 958
f 963 955 965
f 963 965 964
f 964 965 966
f 964 966 958
f 965 955 967
f 965 967 966
f 966 967 968
f 966 968 958
f 967 955 969
f 967 969 968
f 968 969 970
f 968 970 958
f 969 955 971
f 969 971 970
f 970 971 972
f 970 972 958
f 971 955 956
f 971 956 972
f 972 956 957
f 972 957 958
f 974 973 977
f 974 977 975
f 975 977 978
f 975 978 976
f 977 973 979
f 977 979 978
f 978 979 980
f 978 980 976
f 979 973 981
f 979 981 980
f 980 981 982
f 980 982 976
f 981 973 983
f 981 983 982
f 982 983 984
f 982 984 976
f 983 973 985
f 983 985 984
f 984 985 986
f 984 986 976
f 985 973 987
f 985 987 986
f 986 987 988
f 986 988 976
f 987 973 989
f 987 989 988
f 988 989 990
f 988 990 976
f 989 973 974
f 989 974 990
f 990 974 975
f 990 975 976
f 992 991 995
f 992 995 993
f 993 995 996
f 993 996 994
f 995 991 997
f 995 997 996
f 996 997 998
f 996 998 994
f 997 991 999
f 997 999 998
f 998 999 1000
f 998 1000 994
f 999 991 1001
f 999 1001 1000
f 1000 1001 1002
f 1000 1002 994
f 1001 991 1003
f 1001 1003 1002
f 1002 1003 1004
f 1002 1004 994
f 1003 991 1005
f 1003 1005 1004
f 1004 1005 1006
f 1004 1006 994
f 1005 991 1007
f 1005 1007 1006
f 1006 1007 1008
f 1006 1008 994
f 1007 991 992
f 1007 992 1008
f 1008 992 993
f 1008 993 994
f 1010 1009 1013
f 1010 1013 1011
f 1011 1013 1014
f 1011 1014 1012
f 1013 1009 1015
f 1013 1015 1014
f 1014 1015 1016
f 1014 1016 1012
f 1015 1009 1017
f 1015 1017 1016
f 1016 1017 1018
f 1016 1018 1012
f 1017 1009 1019
f 1017 1019 1018
f 1018 1019 1020
f 1018 1020 1012
f 1019 1009 1021
f 1019 1021 1020
f 1020 1021 1022
f 1020 1022 1012
f 1021 1009 1023
f 1021 1023 1022
f 1022 1023 1024
f 1022 1024 1012
f 1023 1009 1025
f 1023 1025 1024
f 1024 1025 1026
f 1024 1026 1012
f 1025 1009 1010
f 1025 1010 1026
f 1026 1010 1011
f 1026 1011 1012
f 1028 1027 1031
f 1028 1031 1029
f 1029 1031 1032
f 1029 1032 1030
f 1031 1027 1033
f 1031 1033 1032
f 1032 1033 1034
f 1032 1034 1030
f 1033 1027 1035
f 1033 1035 1034
f 1034 1035 1036
f 1034 1036 1030
f 1035 1027 1037
f 1035 1037 1036
f 1036 1037 1038
f 1036 1038 1030
f 1037 1027 1039
f 1037 1039 1038
f 1038 1039 1040
f 1038 1040 1030
f 1039 1027 1041
f 1039 1041 1040
f 1040 1041 1042
f 1040 1042 1030
f 1041 1027 1043
f 1041 1043 1042
f 1042 1043 1044
f 1042 1044 1030
f 1043 1027 1028
f 1043 1028 1044
f 1044 1028 1029
f 1044 1029 1030
f 1046 1045 1049
f 1046 1049 1047
f 1047 1049 1050
f 1047 1050 1048
f 1049 1045 1051
f 1049 1051 1050
f 1050 1051 1052
f 1050 1052 1048
f 1051 1045 1053
f 1051 1053 1052
f 1052 1053 1054
f 1052 1054 1048
f 1053 1045 1055
f 1053 1055 1054
f 1054 1055 1056
f 1054 1056 1048
f 1055 1045 1057
f 1055 1057 1056
f 1056 1057 1058
f 1056 1058 1048
f 1057 1045 1059
f 1057 1059 1058
f 1058 1059 1060
f 1058 1060 1048
f 1059 1045 1061
f 1059 1061 1060
f 1060 1061 1062
f 1060 1062 1048
f 1061 1045 1046
f 1061 1046 1062
f 1062 1046 1047
f 1062 1047 1048
f 1064 1063 1067
f 1064 1067 1065
f 1065 1067 1068
f 1065 1068 1066
f 1067 1063 1069
f 1067 1069 1068
f 1068 1069 1070
f 1068 1070 1066
f 1069 1063 1071
f 1069 1071 1070
f 1070 1071 1072
f 1070 1072 1066
f 1071 1063 1073
f 1071 1073 1072
f 1072 1073 1074
f 1072 1074 1066
f 1073 1063 1075
f 1073 1075 1074
f 1074 1075 1076
f 1074 1076 1066
f 1075 1063 1077
f 1075 1077 1076
f 1076 1077 1078
f 1076 1078 1066
f 1077 1063 1079
f 1077 1079 1078
f 1078 1079 1080
f 1078 1080 1066
f 1079 1063 1064
f 1079 1064 1080
f 1080 1064 1065
f 1080 1065 1066
f 1082 1081 1085
f 1082 1085 1083
f 1083 1085 1086
f 1083 1086 1084
f 1085 1081 1087
f 1085 1087 1086
f 1086 1087 1088
f 1086 1088 1084
f 1087 1081 1089
f 1087 1089 1088
f 1088 1089 1090
f 1088 1090 1084
f 1089 1081 1091
f 1089 1091 1090
f 1090 1091 1092
f 1090 1092 1084
f 1091 1081 1093
f 1091 1093 1092
f 1092 1093 1094
f 1092 1094 1084
f 1093 1081 1095
f 1093 1095 1094
f 1094 1095 1096
f 1094 1096 1084
f 1095 1081 1097
f 1095 1097 1096
f 1096 1097 1098
f 1096 1098 1084
f 1097 1081 1082
f 1097 1082 1098
f 1098 1082 1083
f 1098 1083 1084
f 1100 1099 1103
f 1100 1103 1101
f 1101 1103 1104
f 1101 1104 1102
f 1103 1099 1105
f 1103 1105 1104
f 1104 1105 1106
f 1104 1106 1102
f 1105 1099 1107
f 1105 1107 1106
f 1106 1107 1108
f 1106 1108 1102
f 1107 1099 1109
f 1107 1109 1108
f 1108 1109 1110
f 1108 1110 1102
f 1109 1099 1111
f 1109 1111 1110
f 1110 1111 1112
f 1110 1112 1102
f 1111 1099 1113
f 1111 1113 1112
f 1112 1113 1114
f 1112 1114 1102
f 1113 1099 1115
f 1113 1115 1114
f 1114 1115 1116
f 1114 1116 1102
f 1115 1099 1100
f 1115 1100 1116
f 1116 1100 1101
f 1116 1101 1102
f 1118 1117 1121
f 1118 1121 1119
f 1119 1121 1122
f 1119 1122 1120
f 1121 1117 1123
f 1121 1123 1122
f 1122 1123 1124
f 1122 1124 1120
f 1123 1117 1125
f 1123 1125 1124
f 1124 1125 1126
f 1124 1126 1120
f 1125 1117 1127
f 1125 1127 1126
f 1126 1127 1128
f 1126 1128 1120
f 1127 1117 1129
f 1127 1129 1128
f 1128 1129 1130
f 1128 1130 1120
f 1129 1117 1131
f 1129 1131 1130
f 1130 1131 1132
f 1130 1132 1120
f 1131 1117 1133
f 1131 1133 1132
f 1132 1133 1134
f 1132 1134 1120
f 1133 1117 1118
f 1133 1118 1134
f 1134 1118 1119
f 1134 1119 1120
f 1136 1135 1139
f 1136 1139 1137
f 1137 1139 1140
f 1137 1140 1138
f 1139 1135 1141
f 1139 1141 1140
f 1140 1141 1142
f 1140 1142 1138
f 1141 1135 1143
f 1141 1143 1142
f 1142 1143 1144
f 1142 1144 1138
f 1143 1135 1145
f 1143 1145 1144
f 1144 1145 1146
f 1144 1146 1138
f 1145 1135 1147
f 1145 1147 1146
f 1146 1147 1148
f 1146 1148 1138
f 1147 1135 1149
f 1147 1149 1148
f 1148 1149 1150
f 1148 1150 1138
f 1149 1135 1151
f 1149 1151 1150
f 1150 1151 1152
f 1150 1152 1138
f 1151 1135 1136
f 1151 1136 1152
f 1152 1136 1137
f 1152 1137 1138
f 1154 1153 1157
f 1154 1157 1155
f 1155 1157 1158
f 1155 1158 1156
f 1157 1153 1159
f 1157 1159 1158
f 1158 1159 1160
f 1158 1160 1156
f 1159 1153 1161
f 1159 1161 1160
f 1160 1161 1162
f 1160 1162 1156
f 1161 1153 1163
f 1161 1163 1162
f 1162 1163 1164
f 1162 1164 1156
f 1163 1153 1165
f 1163 1165 1164
f 1164 1165 1166
f 1164 1166 1156
f 1165 1153 1167
f 1165 1167 1166
f 1166 1167 1168
f 1166 1168 1156
f 1167 1153 1169
f 1167 1169 1168
f 1168 1169 1170
f 1168 1170 1156
f 1169 1153 1154
f 1169 1154 1170
f 1170 1154 1155
f 1170 1155 1156
f 1172 1171 1175
f 1172 1175 1173
f 1173 1175 1176
f 1173 1176 1174
f 1175 1171 1177
f 1175 1177 1176
f 1176 1177 1178
f 1176 1178 1174
f 1177 1171 1179
f 1177 1179 1178
f 1178 1179 1180
f 1178 1180 1174
f 1179 1171 1181
f 1179 1181 1180
f 1180 1181 1182
f 1180 1182 1174
f 1181 1171 1183
f 1181 1183 1182
f 1182 1183 1184
f 1182 1184 1174
f 1183 1171 1185
f 1183 1185 1184
f 1184 1185 1186
f 1184 1186 1174
f 1185 1171 1187
f 1185 1187 1186
f 1186 1187 1188
f 1186 1188 1174
f 1187 1171 1172
f 1187 1172 1188
f 1188 1172 1173
f 1188 1173 1174
f 1190 1189 1193
f 1190 1193 1191
f 1191 1193 1194
f 1191 1194 1192
f 1193 1189 1195
f 1193 1195 1194
f 1194 1195 1196
f 1194 1196 1192
f 1195 1189 1197
f 1195 1197 1196
f 1196 1197 1198
f 1196 1198 1192
f 1197 1189 1199
f 1197 1199 1198
f 1198 1199 1200
f 1198 1200 1192
f 1199 1189 1201
f 1199 1201 1200
f 1200 1201 1202
f 1200 1202 1192
f 1201 1189 1203
f 1201 1203 1202
f 1202 1203 1204
f 1202 1204 1192
f 1203 1189 1205
f 1203 1205 1204
f 1204 1205 1206
f 1204 1206 1192
f 1205 1189 1190
f 1205 1190 1206
f 1206 1190 1191
f 1206 1191 1192
f 1208 1207 1211
f 1208 1211 1209
f 1209 1211 1212
f 1209 1212 1210
f 1211 1207 1213
f 1211 1213 1212
f 1212 1213 1214
f 1212 1214 1210
f 1213 1207 1215
f 1213 1215 1214
f 1214 1215 1216
f 1214 1216 1210
f 1215 1207 1217
f 1215 1217 1216
f 1216 1217 1218
f 1216 1218 1210
f 1217 1207 1219
f 1217 1219 1218
f 1218 1219 1220
f 1218 1220 1210
f 1219 1207 1221
f 1219 1221 1220
f 1220 1221 1222
f 1220 1222 1210
f 1221 1207 1223
f 1221 1223 1222
f 1222 1223 1224
f 1222 1224 1210
f 1223 1207 1208
f 1223 1208 1224
f 1224 1208 1209
f 1224 1209 1210
f 1226 1225 1229
f 1226 1229 1227
f 1227 1229 1230
f 1227 1230 1228
f 1229 1225 1231
f 1229 1231 1230
f 1230 1231 1232
f 1230 1232 1228
f 1231 1225 1233
f 1231 1233 1232
f 1232 1233 1234
f 1232 1234 1228
f 1233 1225 1235
f 1233 1235 1234
f 1234 1235 1236
f 1234 1236 1228
f 1235 1225 1237
f 1235 1237 1236
f 1236 1237 1238
f 1236 1238 1228
f 1237 1225 1239
f 1237 1239 1238
f 1238 1239 1240
f 1238 1240 1228
f 1239 1225 1241
f 1239 1241 1240
f 1240 1241 1242
f 1240 1242 1228
f 1241 1225 1226
f 1241 1226 1242
f 1242 1226 1227
f 1242 1227 1228
f 1244 1243 1247
f 1244 1247 1245
f 1245 1247 1248
f 1245 1248 1246
f 1247 1243 1249
f 1247 1249 1248
f 1248 1249 1250
f 1248 1250 1246
f 1249 1243 1251
f 1249 1251 1250
f 1250 1251 1252
f 1250 1252 1246
f 1251 1243 1253
f 1251 1253 1252
f 1252 1253 1254
f 1252 1254 1246
f 1253 1243 1255
f 1253 1255 1254
f 1254 1255 1256
f 1254 1256 1246
f 1255 1243 1257
f 1255 1257 1256
f 1256 1257 1258
f 1256 1258 1246
f 1257 1243 1259
f 1257 1259 1258
f 1258 1259 1260
f 1258 1260 1246
f 1259 1243 1244
f 1259 1244 1260
f 1260 1244 1245
f 1260 1245 1246
f 1262 1261 1265
f 1262 1265 1263
f 1263 1265 1266
f 1263 1266 1264
f 1265 1261 1267
f 1265 1267 1266
f 1266 1267 1268
f 1266 1268 1264
f 1267 1261 1269
f 1267 1269 1268
f 1268 1269 1270
f 1268 1270 1264
f 1269 1261 1271
f 1269 1271 1270
f 1270 1271 1272
f 1270 1272 1264
f 1271 1261 1273
f 1271 1273 1272
f 1272 1273 1274
f 1272 1274 1264
f 1273 1261 1275
f 1273 1275 1274
f 1274 1275 1276
f 1274 1276 1264
f 1275 1261 1277
f 1275 1277 1276
f 1276 1277 1278
f 1276 1278 1264
f 1277 1261 1262
f 1277 1262 1278
f 1278 1262 1263
f 1278 1263 1264
f 1280 1279 1283
f 1280 1283 1281
f 1281 1283 1284
f 1281 1284 1282
f 1283 1279 1285
f 1283 1285 1284
f 1284 1285 1286
f 1284 1286 1282
f 1285 1279 1287
f 1285 1287 1286
f 1286 1287 1288
f 1286 1288 1282
f 1287 1279 1289
f 1287 1289 1288
f 1288 1289 1290
f 1288 1290 1282
f 1289 1279 1291
f 1289 1291 1290
f 1290 1291 1292
f 1290 1292 1282
f 1291 1279 1293
f 1291 1293 1292
f 1292 1293 1294
f 1292 1294 1282
f 1293 1279 1295
f 1293 1295 1294
f 1294 1295 1296
f 1294 1296 1282
f 1295 1279 1280
f 1295 1280 1296
f 1296 1280 1281
f 1296 1281 1282
f 1298 1297 1301
f 1298 1301 1299
f 1299 1301 1302
f 1299 1302 1300
f 1301 1297 1303
f 1301 1303 1302
f 1302 1303 1304
f 1302 1304 1300
f 1303 1297 1305
f 1303 1305 1304
f 1304 1305 1306
f 1304 1306 1300
f 1305 1297 1307
f 1305 1307 1306
f 1306 1307 1308
f 1306 1308 1300
f 1307 1297 1309
f 1307 1309 1308
f 1308 1309 1310
f 1308 1310 1300
f 1309 1297 1311
f 1309 1311 1310
f 1310 1311 1312
f 1310 1312 1300
f 1311 1297 1313
f 1311 1313 1312
f 1312 1313 1314
f 1312 1314 1300
f 1313 1297 1298
f 1313 1298 1314
f 1314 1298 1299
f 1314 1299 1300
f 1316 1315 1319
f 1316 1319 1317
f 1317 1319 1320
f 1317 1320 1318
f 1319 1315 1321
f 1319 1321 1320
f 1320 1321 1322
f 1320 1322 1318
f 1321 1315 1323
f 1321 1323 1322
f 1322 1323 1324
f 1322 1324 1318
f 1323 1315 1325
f 1323 1325 1324
f 1324 1325 1326
f 1324 1326 1318
f 1325 1315 1327
f 1325 1327 1326
f 1326 1327 1328
f 1326 1328 1318
f 1327 1315 1329
f 1327 1329 1328
f 1328 1329 1330
f 1328 1330 1318
f 1329 1315 1331
f 1329 1331 1330
f 1330 1331 1332
f 1330 1332 1318
f 1331 1315 1316
f 1331 1316 1332
f 1332 1316 1317
f 1332 1317 1318
f 1334 1333 1337
f 1334 1337 1335
f 1335 1337 1338
f 1335 1338 1336
f 1337 1333 1339
f 1337 1339 1338
f 1338 1339 1340
f 1338 1340 1336
f 1339 1333 1341
f 1339 1341 1340
f 1340 1341 1342
f 1340 1342 1336
f 1341 1333 1343
f 1341 1343 1342
f 1342 1343 1344
f 1342 1344 1336
f 1343 1333 1345
f 1343 1345 1344
f 1344 1345 1346
f 1344 1346 1336
f 1345 1333 1347
f 1345 1347 1346
f 1346 1347 1348
f 1346 1348 1336
f 1347 1333 1349
f 1347 1349 1348
f 1348 1349 1350
f 1348 1350 1336
f 1349 1333 1334
f 1349 1334 1350
f 1350 1334 1335
f 1350 1335 1336
f 1352 1351 1355
f 1352 1355 1353
f 1353 1355 1356
f 1353 1356 1354
f 1355 1351 1357
f 1355 1357 1356
f 1356 1357 1358
f 1356 1358 1354
f 1357 1351 1359
f 1357 1359 1358
f 1358 1359 1360
f 1358 1360 1354
f 1359 1351 1361
f 1359 1361 1360
f 1360 1361 1362
f 1360 1362 1354
f 1361 1351 1363
f 1361 1363 1362
f 1362 1363 1364
f 1362 1364 1354
f 1363 1351 1365
f 1363 1365 1364
f 1364 1365 1366
f 1364 1366 1354
f 1365 1351 1367
f 1365 1367 1366
f 1366 1367 1368
f 1366 1368 1354
f 1367 1351 1352
f 1367 1352 1368
f 1368 1352 1353
f 1368 1353 1354
f 1370 1369 1373
f 1370 1373 1371
f 1371 1373 1374
f 1371 1374 1372
f 1373 1369 1375
f 1373 1375 1374
f 1374 1375 1376
f 1374 1376 1372
f 1375 1369 1377
f 1375 1377 1376
f 1376 1377 1378
f 1376 1378 1372
f 1377 1369 1379
f 1377 1379 1378
f 1378 1379 1380
f 1378 1380 1372
f 1379 1369 1381
f 1379 1381 1380
f 1380 1381 1382
f 1380 1382 1372
f 1381 1369 1383
f 1381 1383 1382
f 1382 1383 1384
f 1382 1384 1372
f 1383 1369 1385
f 1383 1385 1384
f 1384 1385 1386
f 1384 1386 1372
f 1385 1369 1370
f 1385 1370 1386
f 1386 1370 1371
f 1386 1371 1372
f 1388 1387 1391
f 1388 1391 1389
f 1389 1391 1392
f 1389 1392 1390
f 1391 1387 1393
f 1391 1393 1392
f 1392 1393 1394
f 1392 1394 1390
f 1393 1387 1395
f 1393 1395 1394
f 1394 1395 1396
f 1394 1396 1390
f 1395 1387 1397
f 1395 1397 1396
f 1396 1397 1398
f 1396 1398 1390
f 1397 1387 1399
f 1397 1399 1398
f 1398 1399 1400
f 1398 1400 1390
f 1399 1387 1401
f 1399 1401 1400
f 1400 1401 1402
f 1400 1402 1390
f 1401 1387 1403
f 1401 1403 1402
f 1402 1403 1404
f 1402 1404 1390
f 1403 1387 1388
f 1403 1388 1404
f 1404 1388 1389
f 1404 1389 1390
f 1406 1405 1409
f 1406 1409 1407
f 1407 1409 1410
f 1407 1410 1408
f 1409 1405 1411
f 1409 1411 1410
f 1410 1411 1412
f 1410 1412 1408
f 1411 1405 1413
f 1411 1413 1412
f 1412 1413 1414
f 1412 1414 1408
f 1413 1405 1415
f 1413 1415 1414
f 1414 1415 1416
f 1414 1416 1408
f 1415 1405 1417
f 1415 1417 1416
f 1416 1417 1418
f 1416 1418 1408
f 1417 1405 1419
f 1417 1419 1418
f 1418 1419 1420
f 1418 1420 1408
f 1419 1405 1421
f 1419 1421 1420
f 1420 1421 1422
f 1420 1422 1408
f 1421 1405 1406
f 1421 1406 1422
f 1422 1406 1407
f 1422 1407 1408
f 1424 1423 1427
f 1424 1427 1425
f 1425 1427 1428
f 1425 1428 1426
f 1427 1423 1429
f 1427 1429 1428
f 1428 1429 1430
f 1428 1430 1426
f 1429 1423 1431
f 1429 1431 1430
f 1430 1431 1432
f 1430 1432 1426
f 1431 1423 1433
f 1431 1433 1432
f 1432 1433 1434
f 1432 1434 1426
f 1433 1423 1435
f 1433 1435 1434
f 1434 1435 1436
f 1434 1436 1426
f 1435 1423 1437
f 1435 1437 1436
f 1436 1437 1438
f 1436 1438 1426
f 1437 1423 1439
f 1437 1439 1438
f 1438 1439 1440
f 1438 1440 1426
f 1439 1423 1424
f 1439 1424 1440
f 1440 1424 1425
f 1440 1425 1426
f 1442 1441 1445
f 1442 1445 1443
f 1443 1445 1446
f 1443 1446 1444
f 1445 1441 1447
f 1445 1447 1446
f 1446 1447 1448
f 1446 1448 1444
f 1447 1441 1449
f 1447 1449 1448
f 1448 1449 1450
f 1448 1450 1444
f 1449 1441 1451
f 1449 1451 1450
f 1450 1451 1452
f 1450 1452 1444
f 1451 1441 1453
f 1451 1453 1452
f 1452 1453 1454
f 1452 1454 1444
f 1453 1441 1455
f 1453 1455 1454
f 1454 1455 1456
f 1454 1456 1444
f 1455 1441 1457
f 1455 1457 1456
f 1456 1457 1458
f 1456 1458 1444
f 1457 1441 1442
f 1457 1442 1458
f 1458 1442 1443
f 1458 1443 1444
f 1460 1459 1463
f 1460 1463 1461
f 1461 1463 1464
f 1461 1464 1462
f 1463 1459 1465
f 1463 1465 1464
f 1464 1465 1466
f 1464 1466 1462
f 1465 1459 1467
f 1465 1467 1466
f 1466 1467 1468
f 1466 1468 1462
f 1467 1459 1469
f 1467 1469 1468
f 1468 1469 1470
f 1468 1470 1462
f 1469 1459 1471
f 1469 1471 1470
f 1470 1471 1472
f 1470 1472 1462
f 1471 1459 1473
f 1471 1473 1472
f 1472 1473 1474
f 1472 1474 1462
f 1473 1459 1475
f 1473 1475 1474
f 1474 1475 1476
f 1474 1476 1462
f 1475 1459 1460
f 1475 1460 1476
f 1476 1460 1461
f 1476 1461 1462
f 1478 1477 1481
f 1478 1481 1479
f 1479 1481 1482
f 1479 1482 1480
f 1481 1477 1483
f 1481 1483 1482
f 1482 1483 1484
f 1482 1484 1480
f 1483 1477 1485
f 1483 1485 1484
f 1484 1485 1486
f 1484 1486 1480
f 1485 1477 1487
f 1485 1487 1486
f 1486 1487 1488
f 1486 1488 1480
f 1487 1477 1489
f 1487 1489 1488
f 1488 1489 1490
f 1488 1490 1480
f 1489 1477 1491
f 1489 1491 1490
f 1490 1491 1492
f 1490 1492 1480
f 1491 1477 1493
f 1491 1493 1492
f 1492 1493 1494
f 1492 1494 1480
f 1493 1477 1478
f 1493 1478 1494
f 1494 1478 1479
f 1494 1479 1480
f 1496 1495 1499
f 1496 1499 1497
f 1497 1499 1500
f 1497 1500 1498
f 1499 1495 1501
f 1499 1501 1500
f 1500 1501 1502
f 1500 1502 1498
f 1501 1495 1503
f 1501 1503 1502
f 1502 1503 1504
f 1502 1504 1498
f 1503 1495 1505
f 1503 1505 1504
f 1504 1505 1506
f 1504 1506 1498
f 1505 1495 1507
f 1505 1507 1506
f 1506 1507 1508
f 1506 1508 1498
f 1507 1495 1509
f 1507 1509 1508
f 1508 1509 1510
f 1508 1510 1498
f 1509 1495 1511
f 1509 1511 1510
f 1510 1511 1512
f 1510 1512 1498
f 1511 1495 1496
f 1511 1496 1512
f 1512 1496 1497
f 1512 1497 1498
f 1514 1513 1517
f 1514 1517 1515
f 1515 1517 1518
f 1515 1518 1516
f 1517 1513 1519
f 1517 1519 1518
f 1518 1519 1520
f 1518 1520 1516
f 1519 1513 1521
f 1519 1521 1520
f 1520 1521 1522
f 1520 1522 1516
f 1521 1513 1523
f 1521 1523 1522
f 1522 1523 1524
f 1522 1524 1516
f 1523 1513 1525
f 1523 1525 1524
f 1524 1525 1526
f 1524 1526 1516
f 1525 1513 1527
f 1525 1527 1526
f 1526 1527 1528
f 1526 1528 1516
f 1527 1513 1529
f 1527 1529 1528
f 1528 1529 1530
f 1528 1530 1516
f 1529 1513 1514
f 1529 1514 1530
f 1530 1514 1515
f 1530 1515 1516
f 1532 1531 1535
f 1532 1535 1533
f 1533 1535 1536
f 1533 1536 1534
f 1535 1531 1537
f 1535 1537 1536
f 1536 1537 1538
f 1536 1538 1534
f 1537 1531 1539
f 1537 1539 1538
f 1538 1539 1540
f 1538 1540 1534
f 1539 1531 1541
f 1539 1541 1540
f 1540 1541 1542
f 1540 1542 1534
f 1541 1531 1543
f 1541 1543 1542
f 1542 1543 1544
f 1542 1544 1534
f 1543 1531 1545
f 1543 1545 1544
f 1544 1545 1546
f 1544 1546 1534
f 1545 1531 1547
f 1545 1547 1546
f 1546 1547 1548
f 1546 1548 1534
f 1547 1531 1532
f 1547 1532 1548
f 1548 1532 1533
f 1548 1533 1534
f 1550 1549 1553
f 1550 1553 1551
f 1551 1553 1554
f 1551 1554 1552
f 1553 1549 1555
f 1553 1555 1554
f 1554 1555 1556
f 1554 1556 1552
f 1555 1549 1557
f 1555 1557 1556
f 1556 1557 1558
f 1556 1558 1552
f 1557 1549 1559
f 1557 1559 1558
f 1558 1559 1560
f 1558 1560 1552
f 1559 1549 1561
f 1559 1561 1560
f 1560 1561 1562
f 1560 1562 1552
f 1561 1549 1563
f 1561 1563 1562
f 1562 1563 1564
f 1562 1564 1552
f 1563 1549 1565
f 1563 1565 1564
f 1564 1565 1566
f 1564 1566 1552
f 1565 1549 1550
f 1565 1550 1566
f 1566 1550 1551
f 1566 1551 1552
f 1568 1567 1571
f 1568 1571 1569
f 1569 1571 1572
f 1569 1572 1570
f 1571 1567 1573
f 1571 1573 1572
f 1572 1573 1574
f 1572 1574 1570
f 1573 1567 1575
f 1573 1575 1574
f 1574 1575 1576
f 1574 1576 1570
f 1575 1567 1577
f 1575 1577 1576
f 1576 1577 1578
f 1576 1578 1570
f 1577 1567 1579
f 1577 1579 1578
f 1578 1579 1580
f 1578 1580 1570
f 1579 1567 1581
f 1579 1581 1580
f 1580 1581 1582
f 1580 1582 1570
f 1581 1567 1583
f 1581 1583 1582
f 1582 1583 1584
f 1582 1584 1570
f 1583 1567 1568
f 1583 1568 1584
f 1584 1568 1569
f 1584 1569 1570
f 1586 1585 1589
f 1586 1589 1587
f 1587 1589 1590
f 1587 1590 1588
f 1589 1585 1591
f 1589 1591 1590
f 1590 1591 1592
f 1590 1592 1588
f 1591 1585 1593
f 1591 1593 1592
f 1592 1593 1594
f 1592 1594 1588
f 1593 1585 1595
f 1593 1595 1594
f 1594 1595 1596
f 1594 1596 1588
f 1595 1585 1597
f 1595 1597 1596
f 1596 1597 1598
f 1596 1598 1588
f 1597 1585 1599
f 1597 1599 1598
f 1598 1599 1600
f 1598 1600 1588
f 1599 1585 1601
f 1599 1601 1600
f 1600 1601 1602
f 1600 1602 1588
f 1601 1585 1586
f 1601 1586 1602
f 1602 1586 1587
f 1602 1587 1588
f 1604 1603 1607
f 1604 1607 1605
f 1605 1607 1608
f 1605 1608 1606
f 1607 1603 1609
f 1607 1609 1608
f 1608 1609 1610
f 1608 1610 1606
f 1609 1603 1611
f 1609 1611 1610
f 1610 1611 1612
f 1610 1612 1606
f 1611 1603 1613
f 1611 1613 1612
f 1612 1613 1614
f 1612 1614 1606
f 1613 1603 1615
f 1613 1615 1614
f 1614 1615 1616
f 1614 1616 1606
f 1615 1603 1617
f 1615 1617 1616
f 1616 1617 1618
f 1616 1618 1606
f 1617 1603 1619
f 1617 1619 1618
f 1618 1619 1620
f 1618 1620 1606
f 1619 1603 1604
f 1619 1604 1620
f 1620 1604 1605
f 1620 1605 1606
f 1622 1621 1625
f 1622 1625 1623
f 1623 1625 1626
f 1623 1626 1624
f 1625 1621 1627
f 1625 1627 1626
f 1626 1627 1628
f 1626 1628 1624
f 1627 1621 1629
f 1627 1629 1628
f 1628 1629 1630
f 1628 1630 1624
f 1629 1621 1631
f 1629 1631 1630
f 1630 1631 1632
f 1630 1632 1624
f 1631 1621 1633
f 1631 1633 1632
f 1632 1633 1634
f 1632 1634 1624
f 1633 1621 1635
f 1633 1635 1634
f 1634 1635 1636
f 1634 1636 1624
f 1635 1621 1637
f 1635 1637 1636
f 1636 1637 1638
f 1636 1638 1624
f 1637 1621 1622
f 1637 1622 1638
f 1638 1622 1623
f 1638 1623 1624
f 1640 1639 1643
f 1640 1643 1641
f 1641 1643 1644
f 1641 1644 1642
f 1643 1639 1645
f 1643 1645 1644
f 1644 1645 1646
f 1644 1646 1642
f 1645 1639 1647
f 1645 1647 1646
f 1646 1647 1648
f 1646 1648 1642
f 1647 1639 1649
f 1647 1649 1648
f 1648 1649 1650
f 1648 1650 1642
f 1649 1639 1651
f 1649 1651 1650
f 1650 1651 1652
f 1650 1652 1642
f 1651 1639 1653
f 1651 1653 1652
f 1652 1653 1654
f 1652 1654 1642
f 1653 1639 1655
f 1653 1655 1654
f 1654 1655 1656
f 1654 1656 1642
f 1655 1639 1640
f 1655 1640 1656
f 1656 1640 1641
f 1656 1641 1642
f 1658 1657 1661
f 1658 1661 1659
f 1659 1661 1662
f 1659 1662 1660
f 1661 1657 1663
f 1661 1663 1662
f 1662 1663 1664
f 1662 1664 1660
f 1663 1657 1665
f 1663 1665 1664
f 1664 1665 1666
f 1664 1666 1660
f 1665 1657 1667
f 1665 1667 1666
f 1666 1667 1668
f 1666 1668 1660
f 1667 1657 1669
f 1667 1669 1668
f 1668 1669 1670
f 1668 1670 1660
f 1669 1657 1671
f 1669 1671 1670
f 1670 1671 1672
f 1670 1672 1660
f 1671 1657 1673
f 1671 1673 1672
f 1672 1673 1674
f 1672 1674 1660
f 1673 1657 1658
f 1673 1658 1674
f 1674 1658 1659
f 1674 1659 1660
f 1676 1675 1679
f 1676 1679 1677
f 1677 1679 1680
f 1677 1680 1678
f 1679 1675 1681
f 1679 1681 1680
f 1680 1681 1682
f 1680 1682 1678
f 1681 1675 1683
f 1681 1683 1682
f 1682 1683 1684
f 1682 1684 1678
f 1683 1675 1685
f 1683 1685 1684
f 1684 1685 1686
f 1684 1686 1678
f 1685 1675 1687
f 1685 1687 1686
f 1686 1687 1688
f 1686 1688 1678
f 1687 1675 1689
f 1687 1689 1688
f 1688 1689 1690
f 1688 1690 1678
f 1689 1675 1691
f 1689 1691 1690
f 1690 1691 1692
f 1690 1692 1678
f 1691 1675 1676
f 1691 1676 1692
f 1692 1676 1677
f 1692 1677 1678
f 1694 1693 1697
f 1694 1697 1695
f 1695 1697 1698
f 1695 1698 1696
f 1697 1693 1699
f 1697 1699 1698
f 1698 1699 1700
f 1698 1700 1696
f 1699 1693 1701
f 1699 1701 1700
f 1700 1701 1702
f 1700 1702 1696
f 1701 1693 1703
f 1701 1703 1702
f 1702 1703 1704
f 1702 1704 1696
f 1703 1693 1705
f 1703 1705 1704
f 1704 1705 1706
f 1704 1706 1696
f 1705 1693 1707
f 1705 1707 1706
f 1706 1707 1708
f 1706 1708 1696
f 1707 1693 1709
f 1707 1709 1708
f 1708 1709 1710
f 1708 1710 1696
f 1709 1693 1694
f 1709 1694 1710
f 1710 1694 1695
f 1710 1695 1696
f 1712 1711 1715
f 1712 1715 1713
f 1713 1715 1716
f 1713 1716 1714
f 1715 1711 1717
f 1715 1717 1716
f 1716 1717 1718
f 1716 1718 1714
f 1717 1711 1719
f 1717 1719 1718
f 1718 1719 1720
f 1718 1720 1714
f 1719 1711 1721
f 1719 1721 1720
f 1720 1721 1722
f 1720 1722 1714
f 1721 1711 1723
f 1721 1723 1722
f 1722 1723 1724
f 1722 1724 1714
f 1723 1711 1725
f 1723 1725 1724
f 1724 1725 1726
f 1724 1726 1714
f 1725 1711 1727
f 1725 1727 1726
f 1726 1727 1728
f 1726 1728 1714
f 1727 1711 1712
f 1727 1712 1728
f 1728 1712 1713
f 1728 1713 1714
f 1730 1729 1733
f 1730 1733 1731
f 1731 1733 1734
f 1731 1734 1732
f 1733 1729 1735
f 1733 1735 1734
f 1734 1735 1736
f 1734 1736 1732
f 1735 1729 1737
f 1735 1737 1736
f 1736 1737 1738
f 1736 1738 1732
f 1737 1729 1739
f 1737 1739 1738
f 1738 1739 1740
f 1738 1740 1732
f 1739 1729 1741
f 1739 1741 1740
f 1740 1741 1742
f 1740 1742 1732
f 1741 1729 1743
f 1741 1743 1742
f 1742 1743 1744
f 1742 1744 1732
f 1743 1729 1745
f 1743 1745 1744
f 1744 1745 1746
f 1744 1746 1732
f 1745 1729 1730
f 1745 1730 1746
f 1746 1730 1731
f 1746 1731 1732
f 1748 1747 1751
f 1748 1751 1749
f 1749 1751 1752
f 1749 1752 1750
f 1751 1747 1753
f 1751 1753 1752
f 1752 1753 1754
f 1752 1754 1750
f 1753 1747 1755
f 1753 1755 1754
f 1754 1755 1756
f 1754 1756 1750
f 1755 1747 1757
f 1755 1757 1756
f 1756 1757 1758
f 1756 1758 1750
f 1757 1747 1759
f 1757 1759 1758
f 1758 1759 1760
f 1758 1760 1750
f 1759 1747 1761
f 1759 1761 1760
f 1760 1761 1762
f 1760 1762 1750
f 1761 1747 1763
f 1761 1763 1762
f 1762 1763 1764
f 1762 1764 1750
f 1763 1747 1748
f 1763 1748 1764
f 1764 1748 1749
f 1764 1749 1750
f 1766 1765 1769
f 1766 1769 1767
f 1767 1769 1770
f 1767 1770 1768
f 1769 1765 1771
f 1769 1771 1770
f 1770 1771 1772
f 1770 1772 1768
f 1771 1765 1773
f 1771 1773 1772
f 1772 1773 1774
f 1772 1774 1768
f 1773 1765 1775
f 1773 1775 1774
f 1774 1775 1776
f 1774 1776 1768
f 1775 1765 1777
f 1775 1777 1776
f 1776 1777 1778
f 1776 1778 1768
f 1777 1765 1779
f 1777 1779 1778
f 1778 1779 1780
f 1778 1780 1768
f 1779 1765 1781
f 1779 1781 1780
f 1780 1781 1782
f 1780 1782 1768
f 1781 1765 1766
f 1781 1766 1782
f 1782 1766 1767
f 1782 1767 1768
f 1784 1783 1787
f 1784 1787 1785
f 1785 1787 1788
f 1785 1788 1786
f 1787 1783 1789
f 1787 1789 1788
f 1788 1789 1790
f 1788 1790 1786
f 1789 1783 1791
f 1789 1791 1790
f 1790 1791 1792
f 1790 1792 1786
f 1791 1783 1793
f 1791 1793 1792
f 1792 1793 1794
f 1792 1794 1786
f 1793 1783 1795
f 1793 1795 1794
f 1794 1795 1796
f 1794 1796 1786
f 1795 1783 1797
f 1795 1797 1796
f 1796 1797 1798
f 1796 1798 1786
f 1797 1783 1799
f 1797 1799 1798
f 1798 1799 1800
f 1798 1800 1786
f 1799 1783 1784
f 1799 1784 1800
f 1800 1784 1785
f 1800 1785 1786
f 1802 1801 1805
f 1802 1805 1803
f 1803 1805 1806
f 1803 1806 1804
f 1805 1801 1807
f 1805 1807 1806
f 1806 1807 1808
f 1806 1808 1804
f 1807 1801 1809
f 1807 1809 1808
f 1808 1809 1810
f 1808 1810 1804
f 1809 1801 1811
f 1809 1811 1810
f 1810 1811 1812
f 1810 1812 1804
f 1811 1801 1813
f 1811 1813 1812
f 1812 1813 1814
f 1812 1814 1804
f 1813 1801 1815
f 1813 1815 1814
f 1814 1815 1816
f 1814 1816 1804
f 1815 1801 1817
f 1815 1817 1816
f 1816 1817 1818
f 1816 1818 1804
f 1817 1801 1802
f 1817 1802 1818
f 1818 1802 1803
f 1818 1803 1804
f 1820 1819 1823
f 1820 1823 1821
f 1821 1823 1824
f 1821 1824 1822
f 1823 1819 1825
f 1823 1825 1824
f 1824 1825 1826
f 1824 1826 1822
f 1825 1819 1827
f 1825 1827 1826
f 1826 1827 1828
f 1826 1828 1822
f 1827 1819 1829
f 1827 1829 1828
f 1828 1829 1830
f 1828 1830 1822
f 1829 1819 1831
f 1829 1831 1830
f 1830 1831 1832
f 1830 1832 1822
f 1831 1819 1833
f 1831 1833 1832
f 1832 1833 1834
f 1832 1834 1822
f 1833 1819 1835
f 1833 1835 1834
f 1834 1835 1836
f 1834 1836 1822
f 1835 1819 1820
f 1835 1820 1836
f 1836 1820 1821
f 1836 1821 1822
f 1838 1837 1841
f 1838 1841 1839
f 1839 1841 1842
f 1839 1842 1840
f 1841 1837 1843
f 1841 1843 1842
f 1842 1843 1844
f 1842 1844 1840
f 1843 1837 1845
f 1843 1845 1844
f 1844 1845 1846
f 1844 1846 1840
f 1845 1837 1847
f 1845 1847 1846
f 1846 1847 1848
f 1846 1848 1840
f 1847 1837 1849
f 1847 1849 1848
f 1848 1849 1850
f 1848 1850 1840
f 1849 1837 1851
f 1849 1851 1850
f 1850 1851 1852
f 1850 1852 1840
f 1851 1837 1853
f 1851 1853 1852
f 1852 1853 1854
f 1852 1854 1840
f 1853 1837 1838
f 1853 1838 1854
f 1854 1838 1839
f 1854 1839 1840
f 1856 1855 1859
f 1856 1859 1857
f 1857 1859 1860
f 1857 1860 1858
f 1859 1855 1861
f 1859 1861 1860
f 1860 1861 1862
f 1860 1862 1858
f 1861 1855 1863
f 1861 1863 1862
f 1862 1863 1864
f 1862 1864 1858
f 1863 1855 1865
f 1863 1865 1864
f 1864 1865 1866
f 1864 1866 1858
f 1865 1855 1867
f 1865 1867 1866
f 1866 1867 1868
f 1866 1868 1858
f 1867 1855 1869
f 1867 1869 1868
f 1868 1869 1870
f 1868 1870 1858
f 1869 1855 1871
f 1869 1871 1870
f 1870 1871 1872
f 1870 1872 1858
f 1871 1855 1856
f 1871 1856 1872
f 1872 1856 1857
f 1872 1857 1858
f 1874 1873 1877
f 1874 1877 1875
f 1875 1877 1878
f 1875 1878 1876
f 1877 1873 1879
f 1877 1879 1878
f 1878 1879 1880
f 1878 1880 1876
f 1879 1873 1881
f 1879 1881 1880
f 1880 1881 1882
f 1880 1882 1876
f 1881 1873 1883
f 1881 1883 1882
f 1882 1883 1884
f 1882 1884 1876
f 1883 1873 1885
f 1883 1885 1884
f 1884 1885 1886
f 1884 1886 1876
f 1885 1873 1887
f 1885 1887 1886
f 1886 1887 1888
f 1886 1888 1876
f 1887 1873 1889
f 1887 1889 1888
f 1888 1889 1890
f 1888 1890 1876
f 1889 1873 1874
f 1889 1874 1890
f 1890 1874 1875
f 1890 1875 1876
f 1892 1891 1895
f 1892 1895 1893
f 1893 1895 1896
f 1893 1896 1894
f 1895 1891 1897
f 1895 1897 1896
f 1896 1897 1898
f 1896 1898 1894
f 1897 1891 1899
f 1897 1899 1898
f 1898 1899 1900
f 1898 1900 1894
f 1899 1891 1901
f 1899 1901 1900
f 1900 1901 1902
f 1900 1902 1894
f 1901 1891 1903
f 1901 1903 1902
f 1902 1903 1904
f 1902 1904 1894
f 1903 1891 1905
f 1903 1905 1904
f 1904 1905 1906
f 1904 1906 1894
f 1905 1891 1907
f 1905 1907 1906
f 1906 1907 1908
f 1906 1908 1894
f 1907 1891 1892
f 1907 1892 1908
f 1908 1892 1893
f 1908 1893 1894
f 1910 1909 1913
f 1910 1913 1911
f 1911 1913 1914
f 1911 1914 1912
f 1913 1909 1915
f 1913 1915 1914
f 1914 1915 1916
f 1914 1916 1912
f 1915 1909 1917
f 1915 1917 1916
f 1916 1917 1918
f 1916 1918 1912
f 1917 1909 1919
f 1917 1919 1918
f 1918 1919 1920
f 1918 1920 1912
f 1919 1909 1921
f 1919 1921 1920
f 1920 1921 1922
f 1920 1922 1912
f 1921 1909 1923
f 1921 1923 1922
f 1922 1923 1924
f 1922 1924 1912
f 1923 1909 1925
f 1923 1925 1924
f 1924 1925 1926
f 1924 1926 1912
f 1925 1909 1910
f 1925 1910 1926
f 1926 1910 1911
f 1926 1911 1912
f 1928 1927 1931
f 1928 1931 1929
f 1929 1931 1932
f 1929 1932 1930
f 1931 1927 1933
f 1931 1933 1932
f 1932 1933 1934
f 1932 1934 1930
f 1933 1927 1935
f 1933 1935 1934
f 1934 1935 1936
f 1934 1936 1930
f 1935 1927 1937
f 1935 1937 1936
f 1936 1937 1938
f 1936 1938 1930
f 1937 1927 1939
f 1937 1939 1938
f 1938 1939 1940
f 1938 1940 1930
f 1939 1927 1941
f 1939 1941 1940
f 1940 1941 1942
f 1940 1942 1930
f 1941 1927 1943
f 1941 1943 1942
f 1942 1943 1944
f 1942 1944 1930
f 1943 1927 1928
f 1943 1928 1944
f 1944 1928 1929
f 1944 1929 1930
f 1946 1945 1949
f 1946 1949 1947
f 1947 1949 1950
f 1947 1950 1948
f 1949 1945 1951
f 1949 1951 1950
f 1950 1951 1952
f 1950 1952 1948
f 1951 1945 1953
f 1951 1953 1952
f 1952 1953 1954
f 1952 1954 1948
f 1953 1945 1955
f 1953 1955 1954
f 1954 1955 1956
f 1954 1956 1948
f 1955 1945 1957
f 1955 1957 1956
f 1956 1957 1958
f 1956 1958 1948
f 1957 1945 1959
f 1957 1959 1958
f 1958 1959 1960
f 1958 1960 1948
f 1959 1945 1961
f 1959 1961 1960
f 1960 1961 1962
f 1960 1962 1948
f 1961 1945 1946
f 1961 1946 1962
f 1962 1946 1947
f 1962 1947 1948
f 1964 1963 1967
f 1964 1967 1965
f 1965 1967 1968
f 1965 1968 1966
f 1967 1963 1969
f 1967 1969 1968
f 1968 1969 1970
f 1968 1970 1966
f 1969 1963 1971
f 1969 1971 1970
f 1970 1971 1972
f 1970 1972 1966
f 1971 1963 1973
f 1971 1973 1972
f 1972 1973 1974
f 1972 1974 1966
f 1973 1963 1975
f 1973 1975 1974
f 1974 1975 1976
f 1974 1976 1966
f 1975 1963 1977
f 1975 1977 1976
f 1976 1977 1978
f 1976 1978 1966
f 1977 1963 1979
f 1977 1979 1978
f 1978 1979 1980
f 1978 1980 1966
f 1979 1963 1964
f 1979 1964 1980
f 1980 1964 1965
f 1980 1965 1966
f 1982 1981 1985
f 1982 1985 1983
f 1983 1985 1986
f 1983 1986 1984
f 1985 1981 1987
f 1985 1987 1986
f 1986 1987 1988
f 1986 1988 1984
f 1987 1981 1989
f 1987 1989 1988
f 1988 1989 1990
f 1988 1990 1984
f 1989 1981 1991
f 1989 1991 1990
f 1990 1991 1992
f 1990 1992 1984
f 1991 1981 1993
f 1991 1993 1992
f 1992 1993 1994
f 1992 1994 1984
f 1993 1981 1995
f 1993 1995 1994
f 1994 1995 1996
f 1994 1996 1984
f 1995 1981 1997
f 1995 1997 1996
f 1996 1997 1998
f 1996 1998 1984
f 1997 1981 1982
f 1997 1982 1998
f 1998 1982 1983
f 1998 1983 1984
f 2000 1999 2003
f 2000 2003 2001
f 2001 2003 2004
f 2001 2004 2002
f 2003 1999 2005
f 2003 2005 2004
f 2004 2005 2006
f 2004 2006 2002
f 2005 1999 2007
f 2005 2007 2006
f 2006 2007 2008
f 2006 2008 2002
f 2007 1999 2009
f 2007 2009 2008
f 2008 2009 2010
f 2008 2010 2002
f 2009 1999 2011
f 2009 2011 2010
f 2010 2011 2012
f 2010 2012 2002
f 2011 1999 2013
f 2011 2013 2012
f 2012 2013 2014
f 2012 2014 2002
f 2013 1999 2015
f 2013 2015 2014
f 2014 2015 2016
f 2014 2016 2002
f 2015 1999 2000
f 2015 2000 2016
f 2016 2000 2001
f 2016 2001 2002
f 2018 2017 2021
f 2018 2021 2019
f 2019 2021 2022
f 2019 2022 2020
f 2021 2017 2023
f 2021 2023 2022
f 2022 2023 2024
f 2022 2024 2020
f 2023 2017 2025
f 2023 2025 2024
f 2024 2025 2026
f 2024 2026 2020
f 2025 2017 2027
f 2025 2027 2026
f 2026 2027 2028
f 2026 2028 2020
f 2027 2017 2029
f 2027 2029 2028
f 2028 2029 2030
f 2028 2030 2020
f 2029 2017 2031
f 2029 2031 2030
f 2030 2031 2032
f 2030 2032 2020
f 2031 2017 2033
f 2031 2033 2032
f 2032 2033 2034
f 2032 2034 2020
f 2033 2017 2018
f 2033 2018 2034
f 2034 2018 2019
f 2034 2019 2020
f 2036 2035 2039
f 2036 2039 2037
f 2037 2039 2040
f 2037 2040 2038
f 2039 2035 2041
f 2039 2041 2040
f 2040 2041 2042
f 2040 2042 2038
f 2041 2035 2043
f 2041 2043 2042
f 2042 2043 2044
f 2042 2044 2038
f 2043 2035 2045
f 2043 2045 2044
f 2044 2045 2046
f 2044 2046 2038
f 2045 2035 2047
f 2045 2047 2046
f 2046 2047 2048
f 2046 2048 2038
f 2047 2035 2049
f 2047 2049 2048
f 2048 2049 2050
f 2048 2050 2038
f 2049 2035 2051
f 2049 2051 2050
f 2050 2051 2052
f 2050 2052 2038
f 2051 2035 2036
f 2051 2036 2052
f 2052 2036 2037
f 2052 2037 2038
f 2054 2053 2057
f 2054 2057 2055
f 2055 2057 2058
f 2055 2058 2056
f 2057 2053 2059
f 2057 2059 2058
f 2058 2059 2060
f 2058 2060 2056
f 2059 2053 2061
f 2059 2061 2060
f 2060 2061 2062
f 2060 2062 2056
f 2061 2053 2063
f 2061 2063 2062
f 2062 2063 2064
f 2062 2064 2056
f 2063 2053 2065
f 2063 2065 2064
f 2064 2065 2066
f 2064 2066 2056
f 2065 2053 2067
f 2065 2067 2066
f 2066 2067 2068
f 2066 2068 2056
f 2067 2053 2069
f 2067 2069 2068
f 2068 2069 2070
f 2068 2070 2056
f 2069 2053 2054
f 2069 2054 2070
f 2070 2054 2055
f 2070 2055 2056
f 2072 2071 2075
f 2072 2075 2073
f 2073 2075 2076
f 2073 2076 2074
f 2075 2071 2077
f 2075 2077 2076
f 2076 2077 2078
f 2076 2078 2074
f 2077 2071 2079
f 2077 2079 2078
f 2078 2079 2080
f 2078 2080 2074
f 2079 2071 2081
f 2079 2081 2080
f 2080 2081 2082
f 2080 2082 2074
f 2081 2071 2083
f 2081 2083 2082
f 2082 2083 2084
f 2082 2084 2074
f 2083 2071 2085
f 2083 2085 2084
f 2084 2085 2086
f 2084 2086 2074
f 2085 2071 2087
f 2085 2087 2086
f 2086 2087 2088
f 2086 2088 2074
f 2087 2071 2072
f 2087 2072 2088
f 2088 2072 2073
f 2088 2073 2074
f 2090 2089 2093
f 2090 2093 2091
f 2091 2093 2094
f 2091 2094 2092
f 2093 2089 2095
f 2093 2095 2094
f 2094 2095 2096
f 2094 2096 2092
f 2095 2089 2097
f 2095 2097 2096
f 2096 2097 2098
f 2096 2098 2092
f 2097 2089 2099
f 2097 2099 2098
f 2098 2099 2100
f 2098 2100 2092
f 2099 2089 2101
f 2099 2101 2100
f 2100 2101 2102
f 2100 2102 2092
f 2101 2089 2103
f 2101 2103 2102
f 2102 2103 2104
f 2102 2104 2092
f 2103 2089 2105
f 2103 2105 2104
f 2104 2105 2106
f 2104 2106 2092
f 2105 2089 2090
f 2105 2090 2106
f 2106 2090 2091
f 2106 2091 2092
f 2108 2107 2111
f 2108 2111 2109
f 2109 2111 2112
f 2109 2112 2110
f 2111 2107 2113
f 2111 2113 2112
f 2112 2113 2114
f 2112 2114 2110
f 2113 2107 2115
f 2113 2115 2114
f 2114 2115 2116
f 2114 2116 2110
f 2115 2107 2117
f 2115 2117 2116
f 2116 2117 2118
f 2116 2118 2110
f 2117 2107 2119
f 2117 2119 2118
f 2118 2119 2120
f 2118 2120 2110
f 2119 2107 2121
f 2119 2121 2120
f 2120 2121 2122
f 2120 2122 2110
f 2121 2107 2123
f 2121 2123 2122
f 2122 2123 2124
f 2122 2124 2110
f 2123 2107 2108
f 2123 2108 2124
f 2124 2108 2109
f 2124 2109 2110
f 2126 2125 2129
f 2126 2129 2127
f 2127 2129 2130
f 2127 2130 2128
f 2129 2125 2131
f 2129 2131 2130
f 2130 2131 2132
f 2130 2132 2128
f 2131 2125 2133
f 2131 2133 2132
f 2132 2133 2134
f 2132 2134 2128
f 2133 2125 2135
f 2133 2135 2134
f 2134 2135 2136
f 2134 2136 2128
f 2135 2125 2137
f 2135 2137 2136
f 2136 2137 2138
f 2136 2138 2128
f 2137 2125 2139
f 2137 2139 2138
f 2138 2139 2140
f 2138 2140 2128
f 2139 2125 2141
f 2139 2141 2140
f 2140 2141 2142
f 2140 2142 2128
f 2141 2125 2126
f 2141 2126 2142
f 2142 2126 2127
f 2142 2127 2128
f 2144 2143 2147
f 2144 2147 2145
f 2145 2147 2148
f 2145 2148 2146
f 2147 2143 2149
f 2147 2149 2148
f 2148 2149 2150
f 2148 2150 2146
f 2149 2143 2151
f 2149 2151 2150
f 2150 2151 2152
f 2150 2152 2146
f 2151 2143 2153
f 2151 2153 2152
f 2152 2153 2154
f 2152 2154 2146
f 2153 2143 2155
f 2153 2155 2154
f 2154 2155 2156
f 2154 2156 2146
f 2155 2143 2157
f 2155 2157 2156
f 2156 2157 2158
f 2156 2158 2146
f 2157 2143 2159
f 2157 2159 2158
f 2158 2159 2160
f 2158 2160 2146
f 2159 2143 2144
f 2159 2144 2160
f 2160 2144 2145
f 2160 2145 2146
f 2162 2161 2165
f 2162 2165 2163
f 2163 2165 2166
f 2163 2166 2164
f 2165 2161 2167
f 2165 2167 2166
f 2166 2167 2168
f 2166 2168 2164
f 2167 2161 2169
f 2167 2169 2168
f 2168 2169 2170
f 2168 2170 2164
f 2169 2161 2171
f 2169 2171 2170
f 2170 2171 2172
f 2170 2172 2164
f 2171 2161 2173
f 2171 2173 2172
f 2172 2173 2174
f 2172 2174 2164
f 2173 2161 2175
f 2173 2175 2174
f 2174 2175 2176
f 2174 2176 2164
f 2175 2161 2177
f 2175 2177 2176
f 2176 2177 2178
f 2176 2178 2164
f 2177 2161 2162
f 2177 2162 2178
f 2178 2162 2163
f 2178 2163 2164
f 2180 2179 2183
f 2180 2183 2181
f 2181 2183 2184
f 2181 2184 2182
f 2183 2179 2185
f 2183 2185 2184
f 2184 2185 2186
f 2184 2186 2182
f 2185 2179 2187
f 2185 2187 2186
f 2186 2187 2188
f 2186 2188 2182
f 2187 2179 2189
f 2187 2189 2188
f 2188 2189 2190
f 2188 2190 2182
f 2189 2179 2191
f 2189 2191 2190
f 2190 2191 2192
f 2190 2192 2182
f 2191 2179 2193
f 2191 2193 2192
f 2192 2193 2194
f 2192 2194 2182
f 2193 2179 2195
f 2193 2195 2194
f 2194 2195 2196
f 2194 2196 2182
f 2195 2179 2180
f 2195 2180 2196
f 2196 2180 2181
f 2196 2181 2182
f 2198 2197 2201
f 2198 2201 2199
f 2199 2201 2202
f 2199 2202 2200
f 2201 2197 2203
f 2201 2203 2202
f 2202 2203 2204
f 2202 2204 2200
f 2203 2197 2205
f 2203 2205 2204
f 2204 2205 2206
f 2204 2206 2200
f 2205 2197 2207
f 2205 2207 2206
f 2206 2207 2208
f 2206 2208 2200
f 2207 2197 2209
f 2207 2209 2208
f 2208 2209 2210
f 2208 2210 2200
f 2209 2197 2211
f 2209 2211 2210
f 2210 2211 2212
f 2210 2212 2200
f 2211 2197 2213
f 2211 2213 2212
f 2212 2213 2214
f 2212 2214 2200
f 2213 2197 2198
f 2213 2198 2214
f 2214 2198 2199
f 2214 2199 2200
f 2216 2215 2219
f 2216 2219 2217
f 2217 2219 2220
f 2217 2220 2218
f 2219 2215 2221
f 2219 2221 2220
f 2220 2221 2222
f 2220 2222 2218
f 2221 2215 2223
f 2221 2223 2222
f 2222 2223 2224
f 2222 2224 2218
f 2223 2215 2225
f 2223 2225 2224
f 2224 2225 2226
f 2224 2226 2218
f 2225 2215 2227
f 2225 2227 2226
f 2226 2227 2228
f 2226 2228 2218
f 2227 2215 2229
f 2227 2229 2228
f 2228 2229 2230
f 2228 2230 2218
f 2229 2215 2231
f 2229 2231 2230
f 2230 2231 2232
f 2230 2232 2218
f 2231 2215 2216
f 2231 2216 2232
f 2232 2216 2217
f 2232 2217 2218
f 2234 2233 2237
f 2234 2237 2235
f 2235 2237 2238
f 2235 2238 2236
f 2237 2233 2239
f 2237 2239 2238
f 2238 2239 2240
f 2238 2240 2236
f 2239 2233 2241
f 2239 2241 2240
f 2240 2241 2242
f 2240 2242 2236
f 2241 2233 2243
f 2241 2243 2242
f 2242 2243 2244
f 2242 2244 2236
f 2243 2233 2245
f 2243 2245 2244
f 2244 2245 2246
f 2244 2246 2236
f 2245 2233 2247
f 2245 2247 2246
f 2246 2247 2248
f 2246 2248 2236
f 2247 2233 2249
f 2247 2249 2248
f 2248 2249 2250
f 2248 2250 2236
f 2249 2233 2234
f 2249 2234 2250
f 2250 2234 2235
f 2250 2235 2236
f 2252 2251 2255
f 2252 2255 2253
f 2253 2255 2256
f 2253 2256 2254
f 2255 2251 2257
f 2255 2257 2256
f 2256 2257 2258
f 2256 2258 2254
f 2257 2251 2259
f 2257 2259 2258
f 2258 2259 2260
f 2258 2260 2254
f 2259 2251 2261
f 2259 2261 2260
f 2260 2261 2262
f 2260 2262 2254
f 2261 2251 2263
f 2261 2263 2262
f 2262 2263 2264
f 2262 2264 2254
f 2263 2251 2265
f 2263 2265 2264
f 2264 2265 2266
f 2264 2266 2254
f 2265 2251 2267
f 2265 2267 2266
f 2266 2267 2268
f 2266 2268 2254
f 2267 2251 2252
f 2267 2252 2268
f 2268 2252 2253
f 2268 2253 2254
f 2270 2269 2273
f 2270 2273 2271
f 2271 2273 2274
f 2271 2274 2272
f 2273 2269 2275
f 2273 2275 2274
f 2274 2275 2276
f 2274 2276 2272
f 2275 2269 2277
f 2275 2277 2276
f 2276 2277 2278
f 2276 2278 2272
f 2277 2269 2279
f 2277 2279 2278
f 2278 2279 2280
f 2278 2280 2272
f 2279 2269 2281
f 2279 2281 2280
f 2280 2281 2282
f 2280 2282 2272
f 2281 2269 2283
f 2281 2283 2282
f 2282 2283 2284
f 2282 2284 2272
f 2283 2269 2285
f 2283 2285 2284
f 2284 2285 2286
f 2284 2286 2272
f 2285 2269 2270
f 2285 2270 2286
f 2286 2270 2271
f 2286 2271 2272
f 2288 2287 2291
f 2288 2291 2289
f 2289 2291 2292
f 2289 2292 2290
f 2291 2287 2293
f 2291 2293 2292
f 2292 2293 2294
f 2292 2294 2290
f 2293 2287 2295
f 2293 2295 2294
f 2294 2295 2296
f 2294 2296 2290
f 2295 2287 2297
f 2295 2297 2296
f 2296 2297 2298
f 2296 2298 2290
f 2297 2287 2299
f 2297 2299 2298
f 2298 2299 2300
f 2298 2300 2290
f 2299 2287 2301
f 2299 2301 2300
f 2300 2301 2302
f 2300 2302 2290
f 2301 2287 2303
f 2301 2303 2302
f 2302 2303 2304
f 2302 2304 2290
f 2303 2287 2288
f 2303 2288 2304
f 2304 2288 2289
f 2304 2289 2290
f 2306 2305 2309
f 2306 2309 2307
f 2307 2309 2310
f 2307 2310 2308
f 2309 2305 2311
f 2309 2311 2310
f 2310 2311 2312
f 2310 2312 2308
f 2311 2305 2313
f 2311 2313 2312
f 2312 2313 2314
f 2312 2314 2308
f 2313 2305 2315
f 2313 2315 2314
f 2314 2315 2316
f 2314 2316 2308
f 2315 2305 2317
f 2315 2317 2316
f 2316 2317 2318
f 2316 2318 2308
f 2317 2305 2319
f 2317 2319 2318
f 2318 2319 2320
f 2318 2320 2308
f 2319 2305 2321
f 2319 2321 2320
f 2320 2321 2322
f 2320 2322 2308
f 2321 2305 2306
f 2321 2306 2322
f 2322 2306 2307
f 2322 2307 2308
f 2324 2323 2327
f 2324 2327 2325
f 2325 2327 2328
f 2325 2328 2326
f 2327 2323 2329
f 2327 2329 2328
f 2328 2329 2330
f 2328 2330 2326
f 2329 2323 2331
f 2329 2331 2330
f 2330 2331 2332
f 2330 2332 2326
f 2331 2323 2333
f 2331 2333 2332
f 2332 2333 2334
f 2332 2334 2326
f 2333 2323 2335
f 2333 2335 2334
f 2334 2335 2336
f 2334 2336 2326
f 2335 2323 2337
f 2335 2337 2336
f 2336 2337 2338
f 2336 2338 2326
f 2337 2323 2339
f 2337 2339 2338
f 2338 2339 2340
f 2338 2340 2326
f 2339 2323 2324
f 2339 2324 2340
f 2340 2324 2325
f 2340 2325 2326
f 2342 2341 2345
f 2342 2345 2343
f 2343 2345 2346
f 2343 2346 2344
f 2345 2341 2347
f 2345 2347 2346
f 2346 2347 2348
f 2346 2348 2344
f 2347 2341 2349
f 2347 2349 2348
f 2348 2349 2350
f 2348 2350 2344
f 2349 2341 2351
f 2349 2351 2350
f 2350 2351 2352
f 2350 2352 2344
f 2351 2341 2353
f 2351 2353 2352
f 2352 2353 2354
f 2352 2354 2344
f 2353 2341 2355
f 2353 2355 2354
f 2354 2355 2356
f 2354 2356 2344
f 2355 2341 2357
f 2355 2357 2356
f 2356 2357 2358
f 2356 2358 2344
f 2357 2341 2342
f 2357 2342 2358
f 2358 2342 2343
f 2358 2343 2344
f 2360 2359 2363
f 2360 2363 2361
f 2361 2363 2364
f 2361 2364 2362
f 2363 2359 2365
f 2363 2365 2364
f 2364 2365 2366
f 2364 2366 2362
f 2365 2359 2367
f 2365 2367 2366
f 2366 2367 2368
f 2366 2368 2362
f 2367 2359 2369
f 2367 2369 2368
f 2368 2369 2370
f 2368 2370 2362
f 2369 2359 2371
f 2369 2371 2370
f 2370 2371 2372
f 2370 2372 2362
f 2371 2359 2373
f 2371 2373 2372
f 2372 2373 2374
f 2372 2374 2362
f 2373 2359 2375
f 2373 2375 2374
f 2374 2375 2376
f 2374 2376 2362
f 2375 2359 2360
f 2375 2360 2376
f 2376 2360 2361
f 2376 2361 2362
f 2378 2377 2381
f 2378 2381 2379
f 2379 2381 2382
f 2379 2382 2380
f 2381 2377 2383
f 2381 2383 2382
f 2382 2383 2384
f 2382 2384 2380
f 2383 2377 2385
f 2383 2385 2384
f 2384 2385 2386
f 2384 2386 2380
f 2385 2377 2387
f 2385 2387 2386
f 2386 2387 2388
f 2386 2388 2380
f 2387 2377 2389
f 2387 2389 2388
f 2388 2389 2390
f 2388 2390 2380
f 2389 2377 2391
f 2389 2391 2390
f 2390 2391 2392
f 2390 2392 2380
f 2391 2377 2393
f 2391 2393 2392
f 2392 2393 2394
f 2392 2394 2380
f 2393 2377 2378
f 2393 2378 2394
f 2394 2378 2379
f 2394 2379 2380
f 2396 2395 2399
f 2396 2399 2397
f 2397 2399 2400
f 2397 2400 2398
f 2399 2395 2401
f 2399 2401 2400
f 2400 2401 2402
f 2400 2402 2398
f 2401 2395 2403
f 2401 2403 2402
f 2402 2403 2404
f 2402 2404 2398
f 2403 2395 2405
f 2403 2405 2404
f 2404 2405 2406
f 2404 2406 2398
f 2405 2395 2407
f 2405 2407 2406
f 2406 2407 2408
f 2406 2408 2398
f 2407 2395 2409
f 2407 2409 2408
f 2408 2409 2410
f 2408 2410 2398
f 2409 2395 2411
f 2409 2411 2410
f 2410 2411 2412
f 2410 2412 2398
f 2411 2395 2396
f 2411 2396 2412
f 2412 2396 2397
f 2412 2397 2398
f 2414 2413 2417
f 2414 2417 2415
f 2415 2417 2418
f 2415 2418 2416
f 2417 2413 2419
f 2417 2419 2418
f 2418 2419 2420
f 2418 2420 2416
f 2419 2413 2421
f 2419 2421 2420
f 2420 2421 2422
f 2420 2422 2416
f 2421 2413 2423
f 2421 2423 2422
f 2422 2423 2424
f 2422 2424 2416
f 2423 2413 2425
f 2423 2425 2424
f 2424 2425 2426
f 2424 2426 2416
f 2425 2413 2427
f 2425 2427 2426
f 2426 2427 2428
f 2426 2428 2416
f 2427 2413 2429
f 2427 2429 2428
f 2428 2429 2430
f 2428 2430 2416
f 2429 2413 2414
f 2429 2414 2430
f 2430 2414 2415
f 2430 2415 2416
f 2432 2431 2435
f 2432 2435 2433
f 2433 2435 2436
f 2433 2436 2434
f 2435 2431 2437
f 2435 2437 2436
f 2436 2437 2438
f 2436 2438 2434
f 2437 2431 2439
f 2437 2439 2438
f 2438 2439 2440
f 2438 2440 2434
f 2439 2431 2441
f 2439 2441 2440
f 2440 2441 2442
f 2440 2442 2434
f 2441 2431 2443
f 2441 2443 2442
f 2442 2443 2444
f 2442 2444 2434
f 2443 2431 2445
f 2443 2445 2444
f 2444 2445 2446
f 2444 2446 2434
f 2445 2431 2447
f 2445 2447 2446
f 2446 2447 2448
f 2446 2448 2434
f 2447 2431 2432
f 2447 2432 2448
f 2448 2432 2433
f 2448 2433 2434
f 2450 2449 2453
f 2450 2453 2451
f 2451 2453 2454
f 2451 2454 2452
f 2453 2449 2455
f 2453 2455 2454
f 2454 2455 2456
f 2454 2456 2452
f 2455 2449 2457
f 2455 2457 2456
f 2456 2457 2458
f 2456 2458 2452
f 2457 2449 2459
f 2457 2459 2458
f 2458 2459 2460
f 2458 2460 2452
f 2459 2449 2461
f 2459 2461 2460
f 2460 2461 2462
f 2460 2462 2452
f 2461 2449 2463
f 2461 2463 2462
f 2462 2463 2464
f 2462 2464 2452
f 2463 2449 2465
f 2463 2465 2464
f 2464 2465 2466
f 2464 2466 2452
f 2465 2449 2450
f 2465 2450 2466
f 2466 2450 2451
f 2466 2451 2452
f 2468 2467 2471
f 2468 2471 2469
f 2469 2471 2472
f 2469 2472 2470
f 2471 2467 2473
f 2471 2473 2472
f 2472 2473 2474
f 2472 2474 2470
f 2473 2467 2475
f 2473 2475 2474
f 2474 2475 2476
f 2474 2476 2470
f 2475 2467 2477
f 2475 2477 2476
f 2476 2477 2478
f 2476 2478 2470
f 2477 2467 2479
f 2477 2479 2478
f 2478 2479 2480
f 2478 2480 2470
f 2479 2467 2481
f 2479 2481 2480
f 2480 2481 2482
f 2480 2482 2470
f 2481 2467 2483
f 2481 2483 2482
f 2482 2483 2484
f 2482 2484 2470
f 2483 2467 2468
f 2483 2468 2484
f 2484 2468 2469
f 2484 2469 2470
f 2486 2485 2489
f 2486 2489 2487
f 2487 2489 2490
f 2487 2490 2488
f 2489 2485 2491
f 2489 2491 2490
f 2490 2491 2492
f 2490 2492 2488
f 2491 2485 2493
f 2491 2493 2492
f 2492 2493 2494
f 2492 2494 2488
f 2493 2485 2495
f 2493 2495 2494
f 2494 2495 2496
f 2494 2496 2488
f 2495 2485 2497
f 2495 2497 2496
f 2496 2497 2498
f 2496 2498 2488
f 2497 2485 2499
f 2497 2499 2498
f 2498 2499 2500
f 2498 2500 2488
f 2499 2485 2501
f 2499 2501 2500
f 2500 2501 2502
f 2500 2502 2488
f 2501 2485 2486
f 2501 2486 2502
f 2502 2486 2487
f 2502 2487 2488
f 2504 2503 2507
f 2504 2507 2505
f 2505 2507 2508
f 2505 2508 2506
f 2507 2503 2509
f 2507 2509 2508
f 2508 2509 2510
f 2508 2510 2506
f 2509 2503 2511
f 2509 2511 2510
f 2510 2511 2512
f 2510 2512 2506
f 2511 2503 2513
f 2511 2513 2512
f 2512 2513 2514
f 2512 2514 2506
f 2513 2503 2515
f 2513 2515 2514
f 2514 2515 2516
f 2514 2516 2506
f 2515 2503 2517
f 2515 2517 2516
f 2516 2517 2518
f 2516 2518 2506
f 2517 2503 2519
f 2517 2519 2518
f 2518 2519 2520
f 2518 2520 2506
f 2519 2503 2504
f 2519 2504 2520
f 2520 2504 2505
f 2520 2505 2506
f 2522 2521 2525
f 2522 2525 2523
f 2523 2525 2526
f 2523 2526 2524
f 2525 2521 2527
f 2525 2527 2526
f 2526 2527 2528
f 2526 2528 2524
f 2527 2521 2529
f 2527 2529 2528
f 2528 2529 2530
f 2528 2530 2524
f 2529 2521 2531
f 2529 2531 2530
f 2530 2531 2532
f 2530 2532 2524
f 2531 2521 2533
f 2531 2533 2532
f 2532 2533 2534
f 2532 2534 2524
f 2533 2521 2535
f 2533 2535 2534
f 2534 2535 2536
f 2534 2536 2524
f 2535 2521 2537
f 2535 2537 2536
f 2536 2537 2538
f 2536 2538 2524
f 2537 2521 2522
f 2537 2522 2538
f 2538 2522 2523
f 2538 2523 2524
f 2540 2539 2543
f 2540 2543 2541
f 2541 2543 2544
f 2541 2544 2542
f 2543 2539 2545
f 2543 2545 2544
f 2544 2545 2546
f 2544 2546 2542
f 2545 2539 2547
f 2545 2547 2546
f 2546 2547 2548
f 2546 2548 2542
f 2547 2539 2549
f 2547 2549 2548
f 2548 2549 2550
f 2548 2550 2542
f 2549 2539 2551
f 2549 2551 2550
f 2550 2551 2552
f 2550 2552 2542
f 2551 2539 2553
f 2551 2553 2552
f 2552 2553 2554
f 2552 2554 2542
f 2553 2539 2555
f 2553 2555 2554
f 2554 2555 2556
f 2554 2556 2542
f 2555 2539 2540
f 2555 2540 2556
f 2556 2540 2541
f 2556 2541 2542
f 2558 2557 2561
f 2558 2561 2559
f 2559 2561 2562
f 2559 2562 2560
f 2561 2557 2563
f 2561 2563 2562
f 2562 2563 2564
f 2562 2564 2560
f 2563 2557 2565
f 2563 2565 2564
f 2564 2565 2566
f 2564 2566 2560
f 2565 2557 2567
f 2565 2567 2566
f 2566 2567 2568
f 2566 2568 2560
f 2567 2557 2569
f 2567 2569 2568
f 2568 2569 2570
f 2568 2570 2560
f 2569 2557 2571
f 2569 2571 2570
f 2570 2571 2572
f 2570 2572 2560
f 2571 2557 2573
f 2571 2573 2572
f 2572 2573 2574
f 2572 2574 2560
f 2573 2557 2558
f 2573 2558 2574
f 2574 2558 2559
f 2574 2559 2560
f 2576 2575 2579
f 2576 2579 2577
f 2577 2579 2580
f 2577 2580 2578
f 2579 2575 2581
f 2579 2581 2580
f 2580 2581 2582
f 2580 2582 2578
f 2581 2575 2583
f 2581 2583 2582
f 2582 2583 2584
f 2582 2584 2578
f 2583 2575 2585
f 2583 2585 2584
f 2584 2585 2586
f 2584 2586 2578
f 2585 2575 2587
f 2585 2587 2586
f 2586 2587 2588
f 2586 2588 2578
f 2587 2575 2589
f 2587 2589 2588
f 2588 2589 2590
f 2588 2590 2578
f 2589 2575 2591
f 2589 2591 2590
f 2590 2591 2592
f 2590 2592 2578
f 2591 2575 2576
f 2591 2576 2592
f 2592 2576 2577
f 2592 2577 2578
f 2594 2593 2597
f 2594 2597 2595
f 2595 2597 2598
f 2595 2598 2596
f 2597 2593 2599
f 2597 2599 2598
f 2598 2599 2600
f 2598 2600 2596
f 2599 2593 2601
f 2599 2601 2600
f 2600 2601 2602
f 2600 2602 2596
f 2601 2593 2603
f 2601 2603 2602
f 2602 2603 2604
f 2602 2604 2596
f 2603 2593 2605
f 2603 2605 2604
f 2604 2605 2606
f 2604 2606 2596
f 2605 2593 2607
f 2605 2607 2606
f 2606 2607 2608
f 2606 2608 2596
f 2607 2593 2609
f 2607 2609 2608
f 2608 2609 2610
f 2608 2610 2596
f 2609 2593 2594
f 2609 2594 2610
f 2610 2594 2595
f 2610 2595 2596
f 2612 2611 2615
f 2612 2615 2613
f 2613 2615 2616
f 2613 2616 2614
f 2615 2611 2617
f 2615 2617 2616
f 2616 2617 2618
f 2616 2618 2614
f 2617 2611 2619
f 2617 2619 2618
f 2618 2619 2620
f 2618 2620 2614
f 2619 2611 2621
f 2619 2621 2620
f 2620 2621 2622
f 2620 2622 2614
f 2621 2611 2623
f 2621 2623 2622
f 2622 2623 2624
f 2622 2624 2614
f 2623 2611 2625
f 2623 2625 2624
f 2624 2625 2626
f 2624 2626 2614
f 2625 2611 2627
f 2625 2627 2626
f 2626 2627 2628
f 2626 2628 2614
f 2627 2611 2612
f 2627 2612 2628
f 2628 2612 2613
f 2628 2613 2614
f 2630 2629 2633
f 2630 2633 2631
f 2631 2633 2634
f 2631 2634 2632
f 2633 2629 2635
f 2633 2635 2634
f 2634 2635 2636
f 2634 2636 2632
f 2635 2629 2637
f 2635 2637 2636
f 2636 2637 2638
f 2636 2638 2632
f 2637 2629 2639
f 2637 2639 2638
f 2638 2639 2640
f 2638 2640 2632
f 2639 2629 2641
f 2639 2641 2640
f 2640 2641 2642
f 2640 2642 2632
f 2641 2629 2643
f 2641 2643 2642
f 2642 2643 2644
f 2642 2644 2632
f 2643 2629 2645
f 2643 2645 2644
f 2644 2645 2646
f 2644 2646 2632
f 2645 2629 2630
f 2645 2630 2646
f 2646 2630 2631
f 2646 2631 2632
f 2648 2647 2651
f 2648 2651 2649
f 2649 2651 2652
f 2649 2652 2650
f 2651 2647 2653
f 2651 2653 2652
f 2652 2653 2654
f 2652 2654 2650
f 2653 2647 2655
f 2653 2655 2654
f 2654 2655 2656
f 2654 2656 2650
f 2655 2647 2657
f 2655 2657 2656
f 2656 2657 2658
f 2656 2658 2650
f 2657 2647 2659
f 2657 2659 2658
f 2658 2659 2660
f 2658 2660 2650
f 2659 2647 2661
f 2659 2661 2660
f 2660 2661 2662
f 2660 2662 2650
f 2661 2647 2663
f 2661 2663 2662
f 2662 2663 2664
f 2662 2664 2650
f 2663 2647 2648
f 2663 2648 2664
f 2664 2648 2649
f 2664 2649 2650
f 2666 2665 2669
f 2666 2669 2667
f 2667 2669 2670
f 2667 2670 2668
f 2669 2665 2671
f 2669 2671 2670
f 2670 2671 2672
f 2670 2672 2668
f 2671 2665 2673
f 2671 2673 2672
f 2672 2673 2674
f 2672 2674 2668
f 2673 2665 2675
f 2673 2675 2674
f 2674 2675 2676
f 2674 2676 2668
f 2675 2665 2677
f 2675 2677 2676
f 2676 2677 2678
f 2676 2678 2668
f 2677 2665 2679
f 2677 2679 2678
f 2678 2679 2680
f 2678 2680 2668
f 2679 2665 2681
f 2679 2681 2680
f 2680 2681 2682
f 2680 2682 2668
f 2681 2665 2666
f 2681 2666 2682
f 2682 2666 2667
f 2682 2667 2668
f 2684 2683 2687
f 2684 2687 2685
f 2685 2687 2688
f 2685 2688 2686
f 2687 2683 2689
f 2687 2689 2688
f 2688 2689 2690
f 2688 2690 2686
f 2689 2683 2691
f 2689 2691 2690
f 2690 2691 2692
f 2690 2692 2686
f 2691 2683 2693
f 2691 2693 2692
f 2692 2693 2694
f 2692 2694 2686
f 2693 2683 2695
f 2693 2695 2694
f 2694 2695 2696
f 2694 2696 2686
f 2695 2683 2697
f 2695 2697 2696
f 2696 2697 2698
f 2696 2698 2686
f 2697 2683 2699
f 2697 2699 2698
f 2698 2699 2700
f 2698 2700 2686
f 2699 2683 2684
f 2699 2684 2700
f 2700 2684 2685
f 2700 2685 2686
f 2702 2701 2705
f 2702 2705 2703
f 2703 2705 2706
f 2703 2706 2704
f 2705 2701 2707
f 2705 2707 2706
f 2706 2707 2708
f 2706 2708 2704
f 2707 2701 2709
f 2707 2709 2708
f 2708 2709 2710
f 2708 2710 2704
f 2709 2701 2711
f 2709 2711 2710
f 2710 2711 2712
f 2710 2712 2704
f 2711 2701 2713
f 2711 2713 2712
f 2712 2713 2714
f 2712 2714 2704
f 2713 2701 2715
f 2713 2715 2714
f 2714 2715 2716
f 2714 2716 2704
f 2715 2701 2717
f 2715 2717 2716
f 2716 2717 2718
f 2716 2718 2704
f 2717 2701 2702
f 2717 2702 2718
f 2718 2702 2703
f 2718 2703 2704
f 2720 2719 2723
f 2720 2723 2721
f 2721 2723 2724
f 2721 2724 2722
f 2723 2719 2725
f 2723 2725 2724
f 2724 2725 2726
f 2724 2726 2722
f 2725 2719 2727
f 2725 2727 2726
f 2726 2727 2728
f 2726 2728 2722
f 2727 2719 2729
f 2727 2729 2728
f 2728 2729 2730
f 2728 2730 2722
f 2729 2719 2731
f 2729 2731 2730
f 2730 2731 2732
f 2730 2732 2722
f 2731 2719 2733
f 2731 2733 2732
f 2732 2733 2734
f 2732 2734 2722
f 2733 2719 2735
f 2733 2735 2734
f 2734 2735 2736
f 2734 2736 2722
f 2735 2719 2720
f 2735 2720 2736
f 2736 2720 2721
f 2736 2721 2722
f 2738 2737 2741
f 2738 2741 2739
f 2739 2741 2742
f 2739 2742 2740
f 2741 2737 2743
f 2741 2743 2742
f 2742 2743 2744
f 2742 2744 2740
f 2743 2737 2745
f 2743 2745 2744
f 2744 2745 2746
f 2744 2746 2740
f 2745 2737 2747
f 2745 2747 2746
f 2746 2747 2748
f 2746 2748 2740
f 2747 2737 2749
f 2747 2749 2748
f 2748 2749 2750
f 2748 2750 2740
f 2749 2737 2751
f 2749 2751 2750
f 2750 2751 2752
f 2750 2752 2740
f 2751 2737 2753
f 2751 2753 2752
f 2752 2753 2754
f 2752 2754 2740
f 2753 2737 2738
f 2753 2738 2754
f 2754 2738 2739
f 2754 2739 2740
f 2756 2755 2759
f 2756 2759 2757
f 2757 2759 2760
f 2757 2760 2758
f 2759 2755 2761
f 2759 2761 2760
f 2760 2761 2762
f 2760 2762 2758
f 2761 2755 2763
f 2761 2763 2762
f 2762 2763 2764
f 2762 2764 2758
f 2763 2755 2765
f 2763 2765 2764
f 2764 2765 2766
f 2764 2766 2758
f 2765 2755 2767
f 2765 2767 2766
f 2766 2767 2768
f 2766 2768 2758
f 2767 2755 2769
f 2767 2769 2768
f 2768 2769 2770
f 2768 2770 2758
f 2769 2755 2771
f 2769 2771 2770
f 2770 2771 2772
f 2770 2772 2758
f 2771 2755 2756
f 2771 2756 2772
f 2772 2756 2757
f 2772 2757 2758
f 2774 2773 2777
f 2774 2777 2775
f 2775 2777 2778
f 2775 2778 2776
f 2777 2773 2779
f 2777 2779 2778
f 2778 2779 2780
f 2778 2780 2776
f 2779 2773 2781
f 2779 2781 2780
f 2780 2781 2782
f 2780 2782 2776
f 2781 2773 2783
f 2781 2783 2782
f 2782 2783 2784
f 2782 2784 2776
f 2783 2773 2785
f 2783 2785 2784
f 2784 2785 2786
f 2784 2786 2776
f 2785 2773 2787
f 2785 2787 2786
f 2786 2787 2788
f 2786 2788 2776
f 2787 2773 2789
f 2787 2789 2788
f 2788 2789 2790
f 2788 2790 2776
f 2789 2773 2774
f 2789 2774 2790
f 2790 2774 2775
f 2790 2775 2776
f 2792 2791 2795
f 2792 2795 2793
f 2793 2795 2796
f 2793 2796 2794
f 2795 2791 2797
f 2795 2797 2796
f 2796 2797 2798
f 2796 2798 2794
f 2797 2791 2799
f 2797 2799 2798
f 2798 2799 2800
f 2798 2800 2794
f 2799 2791 2801
f 2799 2801 2800
f 2800 2801 2802
f 2800 2802 2794
f 2801 2791 2803
f 2801 2803 2802
f 2802 2803 2804
f 2802 2804 2794
f 2803 2791 2805
f 2803 2805 2804
f 2804 2805 2806
f 2804 2806 2794
f 2805 2791 2807
f 2805 2807 2806
f 2806 2807 2808
f 2806 2808 2794
f 2807 2791 2792
f 2807 2792 2808
f 2808 2792 2793
f 2808 2793 2794
f 2810 2809 2813
f 2810 2813 2811
f 2811 2813 2814
f 2811 2814 2812
f 2813 2809 2815
f 2813 2815 2814
f 2814 2815 2816
f 2814 2816 2812
f 2815 2809 2817
f 2815 2817 2816
f 2816 2817 2818
f 2816 2818 2812
f 2817 2809 2819
f 2817 2819 2818
f 2818 2819 2820
f 2818 2820 2812
f 2819 2809 2821
f 2819 2821 2820
f 2820 2821 2822
f 2820 2822 2812
f 2821 2809 2823
f 2821 2823 2822
f 2822 2823 2824
f 2822 2824 2812
f 2823 2809 2825
f 2823 2825 2824
f 2824 2825 2826
f 2824 2826 2812
f 2825 2809 2810
f 2825 2810 2826
f 2826 2810 2811
f 2826 2811 2812
f 2828 2827 2831
f 2828 2831 2829
f 2829 2831 2832
f 2829 2832 2830
f 2831 2827 2833
f 2831 2833 2832
f 2832 2833 2834
f 2832 2834 2830
f 2833 2827 2835
f 2833 2835 2834
f 2834 2835 2836
f 2834 2836 2830
f 2835 2827 2837
f 2835 2837 2836
f 2836 2837 2838
f 2836 2838 2830
f 2837 2827 2839
f 2837 2839 2838
f 2838 2839 2840
f 2838 2840 2830
f 2839 2827 2841
f 2839 2841 2840
f 2840 2841 2842
f 2840 2842 2830
f 2841 2827 2843
f 2841 2843 2842
f 2842 2843 2844
f 2842 2844 2830
f 2843 2827 2828
f 2843 2828 2844
f 2844 2828 2829
f 2844 2829 2830
f 2846 2845 2849
f 2846 2849 2847
f 2847 2849 2850
f 2847 2850 2848
f 2849 2845 2851
f 2849 2851 2850
f 2850 2851 2852
f 2850 2852 2848
f 2851 2845 2853
f 2851 2853 2852
f 2852 2853 2854
f 2852 2854 2848
f 2853 2845 2855
f 2853 2855 2854
f 2854 2855 2856
f 2854 2856 2848
f 2855 2845 2857
f 2855 2857 2856
f 2856 2857 2858
f 2856 2858 2848
f 2857 2845 2859
f 2857 2859 2858
f 2858 2859 2860
f 2858 2860 2848
f 2859 2845 2861
f 2859 2861 2860
f 2860 2861 2862
f 2860 2862 2848
f 2861 2845 2846
f 2861 2846 2862
f 2862 2846 2847
f 2862 2847 2848
f 2864 2863 2867
f 2864 2867 2865
f 2865 2867 2868
f 2865 2868 2866
f 2867 2863 2869
f 2867 2869 2868
f 2868 2869 2870
f 2868 2870 2866
f 2869 2863 2871
f 2869 2871 2870
f 2870 2871 2872
f 2870 2872 2866
f 2871 2863 2873
f 2871 2873 2872
f 2872 2873 2874
f 2872 2874 2866
f 2873 2863 2875
f 2873 2875 2874
f 2874 2875 2876
f 2874 2876 2866
f 2875 2863 2877
f 2875 2877 2876
f 2876 2877 2878
f 2876 2878 2866
f 2877 2863 2879
f 2877 2879 2878
f 2878 2879 2880
f 2878 2880 2866
f 2879 2863 2864
f 2879 2864 2880
f 2880 2864 2865
f 2880 2865 2866
f 2882 2881 2885
f 2882 2885 2883
f 2883 2885 2886
f 2883 2886 2884
f 2885 2881 2887
f 2885 2887 2886
f 2886 2887 2888
f 2886 2888 2884
f 2887 2881 2889
f 2887 2889 2888
f 2888 2889 2890
f 2888 2890 2884
f 2889 2881 2891
f 2889 2891 2890
f 2890 2891 2892
f 2890 2892 2884
f 2891 2881 2893
f 2891 2893 2892
f 2892 2893 2894
f 2892 2894 2884
f 2893 2881 2895
f 2893 2895 2894
f 2894 2895 2896
f 2894 2896 2884
f 2895 2881 2897
f 2895 2897 2896
f 2896 2897 2898
f 2896 2898 2884
f 2897 2881 2882
f 2897 2882 2898
f 2898 2882 2883
f 2898 2883 2884
f 2900 2899 2903
f 2900 2903 2901
f 2901 2903 2904
f 2901 2904 2902
f 2903 2899 2905
f 2903 2905 2904
f 2904 2905 2906
f 2904 2906 2902
f 2905 2899 2907
f 2905 2907 2906
f 2906 2907 2908
f 2906 2908 2902
f 2907 2899 2909
f 2907 2909 2908
f 2908 2909 2910
f 2908 2910 2902
f 2909 2899 2911
f 2909 2911 2910
f 2910 2911 2912
f 2910 2912 2902
f 2911 2899 2913
f 2911 2913 2912
f 2912 2913 2914
f 2912 2914 2902
f 2913 2899 2915
f 2913 2915 2914
f 2914 2915 2916
f 2914 2916 2902
f 2915 2899 2900
f 2915 2900 2916
f 2916 2900 2901
f 2916 2901 2902
f 2918 2917 2921
f 2918 2921 2919
f 2919 2921 2922
f 2919 2922 2920
f 2921 2917 2923
f 2921 2923 2922
f 2922 2923 2924
f 2922 2924 2920
f 2923 2917 2925
f 2923 2925 2924
f 2924 2925 2926
f 2924 2926 2920
f 2925 2917 2927
f 2925 2927 2926
f 2926 2927 2928
f 2926 2928 2920
f 2927 2917 2929
f 2927 2929 2928
f 2928 2929 2930
f 2928 2930 2920
f 2929 2917 2931
f 2929 2931 2930
f 2930 2931 2932
f 2930 2932 2920
f 2931 2917 2933
f 2931 2933 2932
f 2932 2933 2934
f 2932 2934 2920
f 2933 2917 2918
f 2933 2918 2934
f 2934 2918 2919
f 2934 2919 2920
f 2936 2935 2939
f 2936 2939 2937
f 2937 2939 2940
f 2937 2940 2938
f 2939 2935 2941
f 2939 2941 2940
f 2940 2941 2942
f 2940 2942 2938
f 2941 2935 2943
f 2941 2943 2942
f 2942 2943 2944
f 2942 2944 2938
f 2943 2935 2945
f 2943 2945 2944
f 2944 2945 2946
f 2944 2946 2938
f 2945 2935 2947
f 2945 2947 2946
f 2946 2947 2948
f 2946 2948 2938
f 2947 2935 2949
f 2947 2949 2948
f 2948 2949 2950
f 2948 2950 2938
f 2949 2935 2951
f 2949 2951 2950
f 2950 2951 2952
f 2950 2952 2938
f 2951 2935 2936
f 2951 2936 2952
f 2952 2936 2937
f 2952 2937 2938
f 2954 2953 2957
f 2954 2957 2955
f 2955 2957 2958
f 2955 2958 2956
f 2957 2953 2959
f 2957 2959 2958
f 2958 2959 2960
f 2958 2960 2956
f 2959 2953 2961
f 2959 2961 2960
f 2960 2961 2962
f 2960 2962 2956
f 2961 2953 2963
f 2961 2963 2962
f 2962 2963 2964
f 2962 2964 2956
f 2963 2953 2965
f 2963 2965 2964
f 2964 2965 2966
f 2964 2966 2956
f 2965 2953 2967
f 2965 2967 2966
f 2966 2967 2968
f 2966 2968 2956
f 2967 2953 2969
f 2967 2969 2968
f 2968 2969 2970
f 2968 2970 2956
f 2969 2953 2954
f 2969 2954 2970
f 2970 2954 2955
f 2970 2955 2956
f 2972 2971 2975
f 2972 2975 2973
f 2973 2975 2976
f 2973 2976 2974
f 2975 2971 2977
f 2975 2977 2976
f 2976 2977 2978
f 2976 2978 2974
f 2977 2971 2979
f 2977 2979 2978
f 2978 2979 2980
f 2978 2980 2974
f 2979 2971 2981
f 2979 2981 2980
f 2980 2981 2982
f 2980 2982 2974
f 2981 2971 2983
f 2981 2983 2982
f 2982 2983 2984
f 2982 2984 2974
f 2983 2971 2985
f 2983 2985 2984
f 2984 2985 2986
f 2984 2986 2974
f 2985 2971 2987
f 2985 2987 2986
f 2986 2987 2988
f 2986 2988 2974
f 2987 2971 2972
f 2987 2972 2988
f 2988 2972 2973
f 2988 2973 2974
f 2990 2989 2993
f 2990 2993 2991
f 2991 2993 2994
f 2991 2994 2992
f 2993 2989 2995
f 2993 2995 2994
f 2994 2995 2996
f 2994 2996 2992
f 2995 2989 2997
f 2995 2997 2996
f 2996 2997 2998
f 2996 2998 2992
f 2997 2989 2999
f 2997 2999 2998
f 2998 2999 3000
f 2998 3000 2992
f 2999 2989 3001
f 2999 3001 3000
f 3000 3001 3002
f 3000 3002 2992
f 3001 2989 3003
f 3001 3003 3002
f 3002 3003 3004
f 3002 3004 2992
f 3003 2989 3005
f 3003 3005 3004
f 3004 3005 3006
f 3004 3006 2992
f 3005 2989 2990
f 3005 2990 3006
f 3006 2990 2991
f 3006 2991 2992
f 3008 3007 3011
f 3008 3011 3009
f 3009 3011 3012
f 3009 3012 3010
f 3011 3007 3013
f 3011 3013 3012
f 3012 3013 3014
f 3012 3014 3010
f 3013 3007 3015
f 3013 3015 3014
f 3014 3015 3016
f 3014 3016 3010
f 3015 3007 3017
f 3015 3017 3016
f 3016 3017 3018
f 3016 3018 3010
f 3017 3007 3019
f 3017 3019 3018
f 3018 3019 3020
f 3018 3020 3010
f 3019 3007 3021
f 3019 3021 3020
f 3020 3021 3022
f 3020 3022 3010
f 3021 3007 3023
f 3021 3023 3022
f 3022 3023 3024
f 3022 3024 3010
f 3023 3007 3008
f 3023 3008 3024
f 3024 3008 3009
f 3024 3009 3010
f 3026 3025 3029
f 3026 3029 3027
f 3027 3029 3030
f 3027 3030 3028
f 3029 3025 3031
f 3029 3031 3030
f 3030 3031 3032
f 3030 3032 3028
f 3031 3025 3033
f 3031 3033 3032
f 3032 3033 3034
f 3032 3034 3028
f 3033 3025 3035
f 3033 3035 3034
f 3034 3035 3036
f 3034 3036 3028
f 3035 3025 3037
f 3035 3037 3036
f 3036 3037 3038
f 3036 3038 3028
f 3037 3025 3039
f 3037 3039 3038
f 3038 3039 3040
f 3038 3040 3028
f 3039 3025 3041
f 3039 3041 3040
f 3040 3041 3042
f 3040 3042 3028
f 3041 3025 3026
f 3041 3026 3042
f 3042 3026 3027
f 3042 3027 3028
f 3044 3043 3047
f 3044 3047 3045
f 3045 3047 3048
f 3045 3048 3046
f 3047 3043 3049
f 3047 3049 3048
f 3048 3049 3050
f 3048 3050 3046
f 3049 3043 3051
f 3049 3051 3050
f 3050 3051 3052
f 3050 3052 3046
f 3051 3043 3053
f 3051 3053 3052
f 3052 3053 3054
f 3052 3054 3046
f 3053 3043 3055
f 3053 3055 3054
f 3054 3055 3056
f 3054 3056 3046
f 3055 3043 3057
f 3055 3057 3056
f 3056 3057 3058
f 3056 3058 3046
f 3057 3043 3059
f 3057 3059 3058
f 3058 3059 3060
f 3058 3060 3046
f 3059 3043 3044
f 3059 3044 3060
f 3060 3044 3045
f 3060 3045 3046
f 3062 3061 3065
f 3062 3065 3063
f 3063 3065 3066
f 3063 3066 3064
f 3065 3061 3067
f 3065 3067 3066
f 3066 3067 3068
f 3066 3068 3064
f 3067 3061 3069
f 3067 3069 3068
f 3068 3069 3070
f 3068 3070 3064
f 3069 3061 3071
f 3069 3071 3070
f 3070 3071 3072
f 3070 3072 3064
f 3071 3061 3073
f 3071 3073 3072
f 3072 3073 3074
f 3072 3074 3064
f 3073 3061 3075
f 3073 3075 3074
f 3074 3075 3076
f 3074 3076 3064
f 3075 3061 3077
f 3075 3077 3076
f 3076 3077 3078
f 3076 3078 3064
f 3077 3061 3062
f 3077 3062 3078
f 3078 3062 3063
f 3078 3063 3064
f 3080 3079 3083
f 3080 3083 3081
f 3081 3083 3084
f 3081 3084 3082
f 3083 3079 3085
f 3083 3085 3084
f 3084 3085 3086
f 3084 3086 3082
f 3085 3079 3087
f 3085 3087 3086
f 3086 3087 3088
f 3086 3088 3082
f 3087 3079 3089
f 3087 3089 3088
f 3088 3089 3090
f 3088 3090 3082
f 3089 3079 3091
f 3089 3091 3090
f 3090 3091 3092
f 3090 3092 3082
f 3091 3079 3093
f 3091 3093 3092
f 3092 3093 3094
f 3092 3094 3082
f 3093 3079 3095
f 3093 3095 3094
f 3094 3095 3096
f 3094 3096 3082
f 3095 3079 3080
f 3095 3080 3096
f 3096 3080 3081
f 3096 3081 3082
f 3098 3097 3101
f 3098 3101 3099
f 3099 3101 3102
f 3099 3102 3100
f 3101 3097 3103
f 3101 3103 3102
f 3102 3103 3104
f 3102 3104 3100
f 3103 3097 3105
f 3103 3105 3104
f 3104 3105 3106
f 3104 3106 3100
f 3105 3097 3107
f 3105 3107 3106
f 3106 3107 3108
f 3106 3108 3100
f 3107 3097 3109
f 3107 3109 3108
f 3108 3109 3110
f 3108 3110 3100
f 3109 3097 3111
f 3109 3111 3110
f 3110 3111 3112
f 3110 3112 3100
f 3111 3097 3113
f 3111 3113 3112
f 3112 3113 3114
f 3112 3114 3100
f 3113 3097 3098
f 3113 3098 3114
f 3114 3098 3099
f 3114 3099 3100
f 3116 3115 3119
f 3116 3119 3117
f 3117 3119 3120
f 3117 3120 3118
f 3119 3115 3121
f 3119 3121 3120
f 3120 3121 3122
f 3120 3122 3118
f 3121 3115 3123
f 3121 3123 3122
f 3122 3123 3124
f 3122 3124 3118
f 3123 3115 3125
f 3123 3125 3124
f 3124 3125 3126
f 3124 3126 3118
f 3125 3115 3127
f 3125 3127 3126
f 3126 3127 3128
f 3126 3128 3118
f 3127 3115 3129
f 3127 3129 3128
f 3128 3129 3130
f 3128 3130 3118
f 3129 3115 3131
f 3129 3131 3130
f 3130 3131 3132
f 3130 3132 3118
f 3131 3115 3116
f 3131 3116 3132
f 3132 3116 3117
f 3132 3117 3118
f 3134 3133 3137
f 3134 3137 3135
f 3135 3137 3138
f 3135 3138 3136
f 3137 3133 3139
f 3137 3139 3138
f 3138 3139 3140
f 3138 3140 3136
f 3139 3133 3141
f 3139 3141 3140
f 3140 3141 3142
f 3140 3142 3136
f 3141 3133 3143
f 3141 3143 3142
f 3142 3143 3144
f 3142 3144 3136
f 3143 3133 3145
f 3143 3145 3144
f 3144 3145 3146
f 3144 3146 3136
f 3145 3133 3147
f 3145 3147 3146
f 3146 3147 3148
f 3146 3148 3136
f 3147 3133 3149
f 3147 3149 3148
f 3148 3149 3150
f 3148 3150 3136
f 3149 3133 3134
f 3149 3134 3150
f 3150 3134 3135
f 3150 3135 3136
f 3152 3151 3155
f 3152 3155 3153
f 3153 3155 3156
f 3153 3156 3154
f 3155 3151 3157
f 3155 3157 3156
f 3156 3157 3158
f 3156 3158 3154
f 3157 3151 3159
f 3157 3159 3158
f 3158 3159 3160
f 3158 3160 3154
f 3159 3151 3161
f 3159 3161 3160
f 3160 3161 3162
f 3160 3162 3154
f 3161 3151 3163
f 3161 3163 3162
f 3162 3163 3164
f 3162 3164 3154
f 3163 3151 3165
f 3163 3165 3164
f 3164 3165 3166
f 3164 3166 3154
f 3165 3151 3167
f 3165 3167 3166
f 3166 3167 3168
f 3166 3168 3154
f 3167 3151 3152
f 3167 3152 3168
f 3168 3152 3153
f 3168 3153 3154
f 3170 3169 3173
f 3170 3173 3171
f 3171 3173 3174
f 3171 3174 3172
f 3173 3169 3175
f 3173 3175 3174
f 3174 3175 3176
f 3174 3176 3172
f 3175 3169 3177
f 3175 3177 3176
f 3176 3177 3178
f 3176 3178 3172
f 3177 3169 3179
f 3177 3179 3178
f 3178 3179 3180
f 3178 3180 3172
f 3179 3169 3181
f 3179 3181 3180
f 3180 3181 3182
f 3180 3182 3172
f 3181 3169 3183
f 3181 3183 3182
f 3182 3183 3184
f 3182 3184 3172
f 3183 3169 3185
f 3183 3185 3184
f 3184 3185 3186
f 3184 3186 3172
f 3185 3169 3170
f 3185 3170 3186
f 3186 3170 3171
f 3186 3171 3172
f 3188 3187 3191
f 3188 3191 3189
f 3189 3191 3192
f 3189 3192 3190
f 3191 3187 3193
f 3191 3193 3192
f 3192 3193 3194
f 3192 3194 3190
f 3193 3187 3195
f 3193 3195 3194
f 3194 3195 3196
f 3194 3196 3190
f 3195 3187 3197
f 3195 3197 3196
f 3196 3197 3198
f 3196 3198 3190
f 3197 3187 3199
f 3197 3199 3198
f 3198 3199 3200
f 3198 3200 3190
f 3199 3187 3201
f 3199 3201 3200
f 3200 3201 3202
f 3200 3202 3190
f 3201 3187 3203
f 3201 3203 3202
f 3202 3203 3204
f 3202 3204 3190
f 3203 3187 3188
f 3203 3188 3204
f 3204 3188 3189
f 3204 3189 3190
f 3206 3205 3209
f 3206 3209 3207
f 3207 3209 3210
f 3207 3210 3208
f 3209 3205 3211
f 3209 3211 3210
f 3210 3211 3212
f 3210 3212 3208
f 3211 3205 3213
f 3211 3213 3212
f 3212 3213 3214
f 3212 3214 3208
f 3213 3205 3215
f 3213 3215 3214
f 3214 3215 3216
f 3214 3216 3208
f 3215 3205 3217
f 3215 3217 3216
f 3216 3217 3218
f 3216 3218 3208
f 3217 3205 3219
f 3217 3219 3218
f 3218 3219 3220
f 3218 3220 3208
f 3219 3205 3221
f 3219 3221 3220
f 3220 3221 3222
f 3220 3222 3208
f 3221 3205 3206
f 3221 3206 3222
f 3222 3206 3207
f 3222 3207 3208
f 3224 3223 3227
f 3224 3227 3225
f 3225 3227 3228
f 3225 3228 3226
f 3227 3223 3229
f 3227 3229 3228
f 3228 3229 3230
f 3228 3230 3226
f 3229 3223 3231
f 3229 3231 3230
f 3230 3231 3232
f 3230 3232 3226
f 3231 3223 3233
f 3231 3233 3232
f 3232 3233 3234
f 3232 3234 3226
f 3233 3223 3235
f 3233 3235 3234
f 3234 3235 3236
f 3234 3236 3226
f 3235 3223 3237
f 3235 3237 3236
f 3236 3237 3238
f 3236 3238 3226
f 3237 3223 3239
f 3237 3239 3238
f 3238 3239 3240
f 3238 3240 3226
f 3239 3223 3224
f 3239 3224 3240
f 3240 3224 3225
f 3240 3225 3226
f 3242 3241 3245
f 3242 3245 3243
f 3243 3245 3246
f 3243 3246 3244
f 3245 3241 3247
f 3245 3247 3246
f 3246 3247 3248
f 3246 3248 3244
f 3247 3241 3249
f 3247 3249 3248
f 3248 3249 3250
f 3248 3250 3244
f 3249 3241 3251
f 3249 3251 3250
f 3250 3251 3252
f 3250 3252 3244
f 3251 3241 3253
f 3251 3253 3252
f 3252 3253 3254
f 3252 3254 3244
f 3253 3241 3255
f 3253 3255 3254
f 3254 3255 3256
f 3254 3256 3244
f 3255 3241 3257
f 3255 3257 3256
f 3256 3257 3258
f 3256 3258 3244
f 3257 3241 3242
f 3257 3242 3258
f 3258 3242 3243
f 3258 3243 3244
f 3260 3259 3263
f 3260 3263 3261
f 3261 3263 3264
f 3261 3264 3262
f 3263 3259 3265
f 3263 3265 3264
f 3264 3265 3266
f 3264 3266 3262
f 3265 3259 3267
f 3265 3267 3266
f 3266 3267 3268
f 3266 3268 3262
f 3267 3259 3269
f 3267 3269 3268
f 3268 3269 3270
f 3268 3270 3262
f 3269 3259 3271
f 3269 3271 3270
f 3270 3271 3272
f 3270 3272 3262
f 3271 3259 3273
f 3271 3273 3272
f 3272 3273 3274
f 3272 3274 3262
f 3273 3259 3275
f 3273 3275 3274
f 3274 3275 3276
f 3274 3276 3262
f 3275 3259 3260
f 3275 3260 3276
f 3276 3260 3261
f 3276 3261 3262
f 3278 3277 3281
f 3278 3281 3279
f 3279 3281 3282
f 3279 3282 3280
f 3281 3277 3283
f 3281 3283 3282
f 3282 3283 3284
f 3282 3284 3280
f 3283 3277 3285
f 3283 3285 3284
f 3284 3285 3286
f 3284 3286 3280
f 3285 3277 3287
f 3285 3287 3286
f 3286 3287 3288
f 3286 3288 3280
f 3287 3277 3289
f 3287 3289 3288
f 3288 3289 3290
f 3288 3290 3280
f 3289 3277 3291
f 3289 3291 3290
f 3290 3291 3292
f 3290 3292 3280
f 3291 3277 3293
f 3291 3293 3292
f 3292 3293 3294
f 3292 3294 3280
f 3293 3277 3278
f 3293 3278 3294
f 3294 3278 3279
f 3294 3279 3280
f 3296 3295 3299
f 3296 3299 3297
f 3297 3299 3300
f 3297 3300 3298
f 3299 3295 3301
f 3299 3301 3300
f 3300 3301 3302
f 3300 3302 3298
f 3301 3295 3303
f 3301 3303 3302
f 3302 3303 3304
f 3302 3304 3298
f 3303 3295 3305
f 3303 3305 3304
f 3304 3305 3306
f 3304 3306 3298
f 3305 3295 3307
f 3305 3307 3306
f 3306 3307 3308
f 3306 3308 3298
f 3307 3295 3309
f 3307 3309 3308
f 3308 3309 3310
f 3308 3310 3298
f 3309 3295 3311
f 3309 3311 3310
f 3310 3311 3312
f 3310 3312 3298
f 3311 3295 3296
f 3311 3296 3312
f 3312 3296 3297
f 3312 3297 3298
f 3314 3313 3317
f 3314 3317 3315
f 3315 3317 3318
f 3315 3318 3316
f 3317 3313 3319
f 3317 3319 3318
f 3318 3319 3320
f 3318 3320 3316
f 3319 3313 3321
f 3319 3321 3320
f 3320 3321 3322
f 3320 3322 3316
f 3321 3313 3323
f 3321 3323 3322
f 3322 3323 3324
f 3322 3324 3316
f 3323 3313 3325
f 3323 3325 3324
f 3324 3325 3326
f 3324 3326 3316
f 3325 3313 3327
f 3325 3327 3326
f 3326 3327 3328
f 3326 3328 3316
f 3327 3313 3329
f 3327 3329 3328
f 3328 3329 3330
f 3328 3330 3316
f 3329 3313 3314
f 3329 3314 3330
f 3330 3314 3315
f 3330 3315 3316
f 3332 3331 3335
f 3332 3335 3333
f 3333 3335 3336
f 3333 3336 3334
f 3335 3331 3337
f 3335 3337 3336
f 3336 3337 3338
f 3336 3338 3334
f 3337 3331 3339
f 3337 3339 3338
f 3338 3339 3340
f 3338 3340 3334
f 3339 3331 3341
f 3339 3341 3340
f 3340 3341 3342
f 3340 3342 3334
f 3341 3331 3343
f 3341 3343 3342
f 3342 3343 3344
f 3342 3344 3334
f 3343 3331 3345
f 3343 3345 3344
f 3344 3345 3346
f 3344 3346 3334
f 3345 3331 3347
f 3345 3347 3346
f 3346 3347 3348
f 3346 3348 3334
f 3347 3331 3332
f 3347 3332 3348
f 3348 3332 3333
f 3348 3333 3334
f 3350 3349 3353
f 3350 3353 3351
f 3351 3353 3354
f 3351 3354 3352
f 3353 3349 3355
f 3353 3355 3354
f 3354 3355 3356
f 3354 3356 3352
f 3355 3349 3357
f 3355 3357 3356
f 3356 3357 3358
f 3356 3358 3352
f 3357 3349 3359
f 3357 3359 3358
f 3358 3359 3360
f 3358 3360 3352
f 3359 3349 3361
f 3359 3361 3360
f 3360 3361 3362
f 3360 3362 3352
f 3361 3349 3363
f 3361 3363 3362
f 3362 3363 3364
f 3362 3364 3352
f 3363 3349 3365
f 3363 3365 3364
f 3364 3365 3366
f 3364 3366 3352
f 3365 3349 3350
f 3365 3350 3366
f 3366 3350 3351
f 3366 3351 3352
f 3368 3367 3371
f 3368 3371 3369
f 3369 3371 3372
f 3369 3372 3370
f 3371 3367 3373
f 3371 3373 3372
f 3372 3373 3374
f 3372 3374 3370
f 3373 3367 3375
f 3373 3375 3374
f 3374 3375 3376
f 3374 3376 3370
f 3375 3367 3377
f 3375 3377 3376
f 3376 3377 3378
f 3376 3378 3370
f 3377 3367 3379
f 3377 3379 3378
f 3378 3379 3380
f 3378 3380 3370
f 3379 3367 3381
f 3379 3381 3380
f 3380 3381 3382
f 3380 3382 3370
f 3381 3367 3383
f 3381 3383 3382
f 3382 3383 3384
f 3382 3384 3370
f 3383 3367 3368
f 3383 3368 3384
f 3384 3368 3369
f 3384 3369 3370
f 3386 3385 3389
f 3386 3389 3387
f 3387 3389 3390
f 3387 3390 3388
f 3389 3385 3391
f 3389 3391 3390
f 3390 3391 3392
f 3390 3392 3388
f 3391 3385 3393
f 3391 3393 3392
f 3392 3393 3394
f 3392 3394 3388
f 3393 3385 3395
f 3393 3395 3394
f 3394 3395 3396
f 3394 3396 3388
f 3395 3385 3397
f 3395 3397 3396
f 3396 3397 3398
f 3396 3398 3388
f 3397 3385 3399
f 3397 3399 3398
f 3398 3399 3400
f 3398 3400 3388
f 3399 3385 3401
f 3399 3401 3400
f 3400 3401 3402
f 3400 3402 3388
f 3401 3385 3386
f 3401 3386 3402
f 3402 3386 3387
f 3402 3387 3388
f 3404 3403 3407
f 3404 3407 3405
f 3405 3407 3408
f 3405 3408 3406
f 3407 3403 3409
f 3407 3409 3408
f 3408 3409 3410
f 3408 3410 3406
f 3409 3403 3411
f 3409 3411 3410
f 3410 3411 3412
f 3410 3412 3406
f 3411 3403 3413
f 3411 3413 3412
f 3412 3413 3414
f 3412 3414 3406
f 3413 3403 3415
f 3413 3415 3414
f 3414 3415 3416
f 3414 3416 3406
f 3415 3403 3417
f 3415 3417 3416
f 3416 3417 3418
f 3416 3418 3406
f 3417 3403 3419
f 3417 3419 3418
f 3418 3419 3420
f 3418 3420 3406
f 3419 3403 3404
f 3419 3404 3420
f 3420 3404 3405
f 3420 3405 3406
f 3422 3421 3425
f 3422 3425 3423
f 3423 3425 3426
f 3423 3426 3424
f 3425 3421 3427
f 3425 3427 3426
f 3426 3427 3428
f 3426 3428 3424
f 3427 3421 3429
f 3427 3429 3428
f 3428 3429 3430
f 3428 3430 3424
f 3429 3421 3431
f 3429 3431 3430
f 3430 3431 3432
f 3430 3432 3424
f 3431 3421 3433
f 3431 3433 3432
f 3432 3433 3434
f 3432 3434 3424
f 3433 3421 3435
f 3433 3435 3434
f 3434 3435 3436
f 3434 3436 3424
f 3435 3421 3437
f 3435 3437 3436
f 3436 3437 3438
f 3436 3438 3424
f 3437 3421 3422
f 3437 3422 3438
f 3438 3422 3423
f 3438 3423 3424
f 3440 3439 3443
f 3440 3443 3441
f 3441 3443 3444
f 3441 3444 3442
f 3443 3439 3445
f 3443 3445 3444
f 3444 3445 3446
f 3444 3446 3442
f 3445 3439 3447
f 3445 3447 3446
f 3446 3447 3448
f 3446 3448 3442
f 3447 3439 3449
f 3447 3449 3448
f 3448 3449 3450
f 3448 3450 3442
f 3449 3439 3451
f 3449 3451 3450
f 3450 3451 3452
f 3450 3452 3442
f 3451 3439 3453
f 3451 3453 3452
f 3452 3453 3454
f 3452 3454 3442
f 3453 3439 3455
f 3453 3455 3454
f 3454 3455 3456
f 3454 3456 3442
f 3455 3439 3440
f 3455 3440 3456
f 3456 3440 3441
f 3456 3441 3442
f 3458 3457 3461
f 3458 3461 3459
f 3459 3461 3462
f 3459 3462 3460
f 3461 3457 3463
f 3461 3463 3462
f 3462 3463 3464
f 3462 3464 3460
f 3463 3457 3465
f 3463 3465 3464
f 3464 3465 3466
f 3464 3466 3460
f 3465 3457 3467
f 3465 3467 3466
f 3466 3467 3468
f 3466 3468 3460
f 3467 3457 3469
f 3467 3469 3468
f 3468 3469 3470
f 3468 3470 3460
f 3469 3457 3471
f 3469 3471 3470
f 3470 3471 3472
f 3470 3472 3460
f 3471 3457 3473
f 3471 3473 3472
f 3472 3473 3474
f 3472 3474 3460
f 3473 3457 3458
f 3473 3458 3474
f 3474 3458 3459
f 3474 3459 3460
f 3476 3475 3479
f 3476 3479 3477
f 3477 3479 3480
f 3477 3480 3478
f 3479 3475 3481
f 3479 3481 3480
f 3480 3481 3482
f 3480 3482 3478
f 3481 3475 3483
f 3481 3483 3482
f 3482 3483 3484
f 3482 3484 3478
f 3483 3475 3485
f 3483 3485 3484
f 3484 3485 3486
f 3484 3486 3478
f 3485 3475 3487
f 3485 3487 3486
f 3486 3487 3488
f 3486 3488 3478
f 3487 3475 3489
f 3487 3489 3488
f 3488 3489 3490
f 3488 3490 3478
f 3489 3475 3491
f 3489 3491 3490
f 3490 3491 3492
f 3490 3492 3478
f 3491 3475 3476
f 3491 3476 3492
f 3492 3476 3477
f 3492 3477 3478
f 3494 3493 3497
f 3494 3497 3495
f 3495 3497 3498
f 3495 3498 3496
f 3497 3493 3499
f 3497 3499 3498
f 3498 3499 3500
f 3498 3500 3496
f 3499 3493 3501
f 3499 3501 3500
f 3500 3501 3502
f 3500 3502 3496
f 3501 3493 3503
f 3501 3503 3502
f 3502 3503 3504
f 3502 3504 3496
f 3503 3493 3505
f 3503 3505 3504
f 3504 3505 3506
f 3504 3506 3496
f 3505 3493 3507
f 3505 3507 3506
f 3506 3507 3508
f 3506 3508 3496
f 3507 3493 3509
f 3507 3509 3508
f 3508 3509 3510
f 3508 3510 3496
f 3509 3493 3494
f 3509 3494 3510
f 3510 3494 3495
f 3510 3495 3496
f 3512 3511 3515
f 3512 3515 3513
f 3513 3515 3516
f 3513 3516 3514
f 3515 3511 3517
f 3515 3517 3516
f 3516 3517 3518
f 3516 3518 3514
f 3517 3511 3519
f 3517 3519 3518
f 3518 3519 3520
f 3518 3520 3514
f 3519 3511 3521
f 3519 3521 3520
f 3520 3521 3522
f 3520 3522 3514
f 3521 3511 3523
f 3521 3523 3522
f 3522 3523 3524
f 3522 3524 3514
f 3523 3511 3525
f 3523 3525 3524
f 3524 3525 3526
f 3524 3526 3514
f 3525 3511 3527
f 3525 3527 3526
f 3526 3527 3528
f 3526 3528 3514
f 3527 3511 3512
f 3527 3512 3528
f 3528 3512 3513
f 3528 3513 3514
f 3530 3529 3533
f 3530 3533 3531
f 3531 3533 3534
f 3531 3534 3532
f 3533 3529 3535
f 3533 3535 3534
f 3534 3535 3536
f 3534 3536 3532
f 3535 3529 3537
f 3535 3537 3536
f 3536 3537 3538
f 3536 3538 3532
f 3537 3529 3539
f 3537 3539 3538
f 3538 3539 3540
f 3538 3540 3532
f 3539 3529 3541
f 3539 3541 3540
f 3540 3541 3542
f 3540 3542 3532
f 3541 3529 3543
f 3541 3543 3542
f 3542 3543 3544
f 3542 3544 3532
f 3543 3529 3545
f 3543 3545 3544
f 3544 3545 3546
f 3544 3546 3532
f 3545 3529 3530
f 3545 3530 3546
f 3546 3530 3531
f 3546 3531 3532
f 3548 3547 3551
f 3548 3551 3549
f 3549 3551 3552
f 3549 3552 3550
f 3551 3547 3553
f 3551 3553 3552
f 3552 3553 3554
f 3552 3554 3550
f 3553 3547 3555
f 3553 3555 3554
f 3554 3555 3556
f 3554 3556 3550
f 3555 3547 3557
f 3555 3557 3556
f 3556 3557 3558
f 3556 3558 3550
f 3557 3547 3559
f 3557 3559 3558
f 3558 3559 3560
f 3558 3560 3550
f 3559 3547 3561
f 3559 3561 3560
f 3560 3561 3562
f 3560 3562 3550
f 3561 3547 3563
f 3561 3563 3562
f 3562 3563 3564
f 3562 3564 3550
f 3563 3547 3548
f 3563 3548 3564
f 3564 3548 3549
f 3564 3549 3550
f 3566 3565 3569
f 3566 3569 3567
f 3567 3569 3570
f 3567 3570 3568
f 3569 3565 3571
f 3569 3571 3570
f 3570 3571 3572
f 3570 3572 3568
f 3571 3565 3573
f 3571 3573 3572
f 3572 3573 3574
f 3572 3574 3568
f 3573 3565 3575
f 3573 3575 3574
f 3574 3575 3576
f 3574 3576 3568
f 3575 3565 3577
f 3575 3577 3576
f 3576 3577 3578
f 3576 3578 3568
f 3577 3565 3579
f 3577 3579 3578
f 3578 3579 3580
f 3578 3580 3568
f 3579 3565 3581
f 3579 3581 3580
f 3580 3581 3582
f 3580 3582 3568
f 3581 3565 3566
f 3581 3566 3582
f 3582 3566 3567
f 3582 3567 3568
f 3584 3583 3587
f 3584 3587 3585
f 3585 3587 3588
f 3585 3588 3586
f 3587 3583 3589
f 3587 3589 3588
f 3588 3589 3590
f 3588 3590 3586
f 3589 3583 3591
f 3589 3591 3590
f 3590 3591 3592
f 3590 3592 3586
f 3591 3583 3593
f 3591 3593 3592
f 3592 3593 3594
f 3592 3594 3586
f 3593 3583 3595
f 3593 3595 3594
f 3594 3595 3596
f 3594 3596 3586
f 3595 3583 3597
f 3595 3597 3596
f 3596 3597 3598
f 3596 3598 3586
f 3597 3583 3599
f 3597 3599 3598
f 3598 3599 3600
f 3598 3600 3586
f 3599 3583 3584
f 3599 3584 3600
f 3600 3584 3585
f 3600 3585 3586
f 3602 3601 3605
f 3602 3605 3603
f 3603 3605 3606
f 3603 3606 3604
f 3605 3601 3607
f 3605 3607 3606
f 3606 3607 3608
f 3606 3608 3604
f 3607 3601 3609
f 3607 3609 3608
f 3608 3609 3610
f 3608 3610 3604
f 3609 3601 3611
f 3609 3611 3610
f 3610 3611 3612
f 3610 3612 3604
f 3611 3601 3613
f 3611 3613 3612
f 3612 3613 3614
f 3612 3614 3604
f 3613 3601 3615
f 3613 3615 3614
f 3614 3615 3616
f 3614 3616 3604
f 3615 3601 3617
f 3615 3617 3616
f 3616 3617 3618
f 3616 3618 3604
f 3617 3601 3602
f 3617 3602 3618
f 3618 3602 3603
f 3618 3603 3604
f 3620 3619 3623
f 3620 3623 3621
f 3621 3623 3624
f 3621 3624 3622
f 3623 3619 3625
f 3623 3625 3624
f 3624 3625 3626
f 3624 3626 3622
f 3625 3619 3627
f 3625 3627 3626
f 3626 3627 3628
f 3626 3628 3622
f 3627 3619 3629
f 3627 3629 3628
f 3628 3629 3630
f 3628 3630 3622
f 3629 3619 3631
f 3629 3631 3630
f 3630 3631 3632
f 3630 3632 3622
f 3631 3619 3633
f 3631 3633 3632
f 3632 3633 3634
f 3632 3634 3622
f 3633 3619 3635
f 3633 3635 3634
f 3634 3635 3636
f 3634 3636 3622
f 3635 3619 3620
f 3635 3620 3636
f 3636 3620 3621
f 3636 3621 3622
f 3638 3637 3641
f 3638 3641 3639
f 3639 3641 3642
f 3639 3642 3640
f 3641 3637 3643
f 3641 3643 3642
f 3642 3643 3644
f 3642 3644 3640
f 3643 3637 3645
f 3643 3645 3644
f 3644 3645 3646
f 3644 3646 3640
f 3645 3637 3647
f 3645 3647 3646
f 3646 3647 3648
f 3646 3648 3640
f 3647 3637 3649
f 3647 3649 3648
f 3648 3649 3650
f 3648 3650 3640
f 3649 3637 3651
f 3649 3651 3650
f 3650 3651 3652
f 3650 3652 3640
f 3651 3637 3653
f 3651 3653 3652
f 3652 3653 3654
f 3652 3654 3640
f 3653 3637 3638
f 3653 3638 3654
f 3654 3638 3639
f 3654 3639 3640
f 3656 3655 3659
f 3656 3659 3657
f 3657 3659 3660
f 3657 3660 3658
f 3659 3655 3661
f 3659 3661 3660
f 3660 3661 3662
f 3660 3662 3658
f 3661 3655 3663
f 3661 3663 3662
f 3662 3663 3664
f 3662 3664 3658
f 3663 3655 3665
f 3663 3665 3664
f 3664 3665 3666
f 3664 3666 3658
f 3665 3655 3667
f 3665 3667 3666
f 3666 3667 3668
f 3666 3668 3658
f 3667 3655 3669
f 3667 3669 3668
f 3668 3669 3670
f 3668 3670 3658
f 3669 3655 3671
f 3669 3671 3670
f 3670 3671 3672
f 3670 3672 3658
f 3671 3655 3656
f 3671 3656 3672
f 3672 3656 3657
f 3672 3657 3658
f 3674 3673 3677
f 3674 3677 3675
f 3675 3677 3678
f 3675 3678 3676
f 3677 3673 3679
f 3677 3679 3678
f 3678 3679 3680
f 3678 3680 3676
f 3679 3673 3681
f 3679 3681 3680
f 3680 3681 3682
f 3680 3682 3676
f 3681 3673 3683
f 3681 3683 3682
f 3682 3683 3684
f 3682 3684 3676
f 3683 3673 3685
f 3683 3685 3684
f 3684 3685 3686
f 3684 3686 3676
f 3685 3673 3687
f 3685 3687 3686
f 3686 3687 3688
f 3686 3688 3676
f 3687 3673 3689
f 3687 3689 3688
f 3688 3689 3690
f 3688 3690 3676
f 3689 3673 3674
f 3689 3674 3690
f 3690 3674 3675
f 3690 3675 3676
f 3692 3691 3695
f 3692 3695 3693
f 3693 3695 3696
f 3693 3696 3694
f 3695 3691 3697
f 3695 3697 3696
f 3696 3697 3698
f 3696 3698 3694
f 3697 3691 3699
f 3697 3699 3698
f 3698 3699 3700
f 3698 3700 3694
f 3699 3691 3701
f 3699 3701 3700
f 3700 3701 3702
f 3700 3702 3694
f 3701 3691 3703
f 3701 3703 3702
f 3702 3703 3704
f 3702 3704 3694
f 3703 3691 3705
f 3703 3705 3704
f 3704 3705 3706
f 3704 3706 3694
f 3705 3691 3707
f 3705 3707 3706
f 3706 3707 3708
f 3706 3708 3694
f 3707 3691 3692
f 3707 3692 3708
f 3708 3692 3693
f 3708 3693 3694
f 3710 3709 3713
f 3710 3713 3711
f 3711 3713 3714
f 3711 3714 3712
f 3713 3709 3715
f 3713 3715 3714
f 3714 3715 3716
f 3714 3716 3712
f 3715 3709 3717
f 3715 3717 3716
f 3716 3717 3718
f 3716 3718 3712
f 3717 3709 3719
f 3717 3719 3718
f 3718 3719 3720
f 3718 3720 3712
f 3719 3709 3721
f 3719 3721 3720
f 3720 3721 3722
f 3720 3722 3712
f 3721 3709 3723
f 3721 3723 3722
f 3722 3723 3724
f 3722 3724 3712
f 3723 3709 3725
f 3723 3725 3724
f 3724 3725 3726
f 3724 3726 3712
f 3725 3709 3710
f 3725 3710 3726
f 3726 3710 3711
f 3726 3711 3712
f 3728 3727 3731
f 3728 3731 3729
f 3729 3731 3732
f 3729 3732 3730
f 3731 3727 3733
f 3731 3733 3732
f 3732 3733 3734
f 3732 3734 3730
f 3733 3727 3735
f 3733 3735 3734
f 3734 3735 3736
f 3734 3736 3730
f 3735 3727 3737
f 3735 3737 3736
f 3736 3737 3738
f 3736 3738 3730
f 3737 3727 3739
f 3737 3739 3738
f 3738 3739 3740
f 3738 3740 3730
f 3739 3727 3741
f 3739 3741 3740
f 3740 3741 3742
f 3740 3742 3730
f 3741 3727 3743
f 3741 3743 3742
f 3742 3743 3744
f 3742 3744 3730
f 3743 3727 3728
f 3743 3728 3744
f 3744 3728 3729
f 3744 3729 3730
f 3746 3745 3749
f 3746 3749 3747
f 3747 3749 3750
f 3747 3750 3748
f 3749 3745 3751
f 3749 3751 3750
f 3750 3751 3752
f 3750 3752 3748
f 3751 3745 3753
f 3751 3753 3752
f 3752 3753 3754
f 3752 3754 3748
f 3753 3745 3755
f 3753 3755 3754
f 3754 3755 3756
f 3754 3756 3748
f 3755 3745 3757
f 3755 3757 3756
f 3756 3757 3758
f 3756 3758 3748
f 3757 3745 3759
f 3757 3759 3758
f 3758 3759 3760
f 3758 3760 3748
f 3759 3745 3761
f 3759 3761 3760
f 3760 3761 3762
f 3760 3762 3748
f 3761 3745 3746
f 3761 3746 3762
f 3762 3746 3747
f 3762 3747 3748
f 3764 3763 3767
f 3764 3767 3765
f 3765 3767 3768
f 3765 3768 3766
f 3767 3763 3769
f 3767 3769 3768
f 3768 3769 3770
f 3768 3770 3766
f 3769 3763 3771
f 3769 3771 3770
f 3770 3771 3772
f 3770 3772 3766
f 3771 3763 3773
f 3771 3773 3772
f 3772 3773 3774
f 3772 3774 3766
f 3773 3763 3775
f 3773 3775 3774
f 3774 3775 3776
f 3774 3776 3766
f 3775 3763 3777
f 3775 3777 3776
f 3776 3777 3778
f 3776 3778 3766
f 3777 3763 3779
f 3777 3779 3778
f 3778 3779 3780
f 3778 3780 3766
f 3779 3763 3764
f 3779 3764 3780
f 3780 3764 3765
f 3780 3765 3766
f 3782 3781 3785
f 3782 3785 3783
f 3783 3785 3786
f 3783 3786 3784
f 3785 3781 3787
f 3785 3787 3786
f 3786 3787 3788
f 3786 3788 3784
f 3787 3781 3789
f 3787 3789 3788
f 3788 3789 3790
f 3788 3790 3784
f 3789 3781 3791
f 3789 3791 3790
f 3790 3791 3792
f 3790 3792 3784
f 3791 3781 3793
f 3791 3793 3792
f 3792 3793 3794
f 3792 3794 3784
f 3793 3781 3795
f 3793 3795 3794
f 3794 3795 3796
f 3794 3796 3784
f 3795 3781 3797
f 3795 3797 3796
f 3796 3797 3798
f 3796 3798 3784
f 3797 3781 3782
f 3797 3782 3798
f 3798 3782 3783
f 3798 3783 3784
f 3800 3799 3803
f 3800 3803 3801
f 3801 3803 3804
f 3801 3804 3802
f 3803 3799 3805
f 3803 3805 3804
f 3804 3805 3806
f 3804 3806 3802
f 3805 3799 3807
f 3805 3807 3806
f 3806 3807 3808
f 3806 3808 3802
f 3807 3799 3809
f 3807 3809 3808
f 3808 3809 3810
f 3808 3810 3802
f 3809 3799 3811
f 3809 3811 3810
f 3810 3811 3812
f 3810 3812 3802
f 3811 3799 3813
f 3811 3813 3812
f 3812 3813 3814
f 3812 3814 3802
f 3813 3799 3815
f 3813 3815 3814
f 3814 3815 3816
f 3814 3816 3802
f 3815 3799 3800
f 3815 3800 3816
f 3816 3800 3801
f 3816 3801 3802
f 3818 3817 3821
f 3818 3821 3819
f 3819 3821 3822
f 3819 3822 3820
f 3821 3817 3823
f 3821 3823 3822
f 3822 3823 3824
f 3822 3824 3820
f 3823 3817 3825
f 3823 3825 3824
f 3824 3825 3826
f 3824 3826 3820
f 3825 3817 3827
f 3825 3827 3826
f 3826 3827 3828
f 3826 3828 3820
f 3827 3817 3829
f 3827 3829 3828
f 3828 3829 3830
f 3828 3830 3820
f 3829 3817 3831
f 3829 3831 3830
f 3830 3831 3832
f 3830 3832 3820
f 3831 3817 3833
f 3831 3833 3832
f 3832 3833 3834
f 3832 3834 3820
f 3833 3817 3818
f 3833 3818 3834
f 3834 3818 3819
f 3834 3819 3820
f 3836 3835 3839
f 3836 3839 3837
f 3837 3839 3840
f 3837 3840 3838
f 3839 3835 3841
f 3839 3841 3840
f 3840 3841 3842
f 3840 3842 3838
f 3841 3835 3843
f 3841 3843 3842
f 3842 3843 3844
f 3842 3844 3838
f 3843 3835 3845
f 3843 3845 3844
f 3844 3845 3846
f 3844 3846 3838
f 3845 3835 3847
f 3845 3847 3846
f 3846 3847 3848
f 3846 3848 3838
f 3847 3835 3849
f 3847 3849 3848
f 3848 3849 3850
f 3848 3850 3838
f 3849 3835 3851
f 3849 3851 3850
f 3850 3851 3852
f 3850 3852 3838
f 3851 3835 3836
f 3851 3836 3852
f 3852 3836 3837
f 3852 3837 3838
f 3854 3853 3857
f 3854 3857 3855
f 3855 3857 3858
f 3855 3858 3856
f 3857 3853 3859
f 3857 3859 3858
f 3858 3859 3860
f 3858 3860 3856
f 3859 3853 3861
f 3859 3861 3860
f 3860 3861 3862
f 3860 3862 3856
f 3861 3853 3863
f 3861 3863 3862
f 3862 3863 3864
f 3862 3864 3856
f 3863 3853 3865
f 3863 3865 3864
f 3864 3865 3866
f 3864 3866 3856
f 3865 3853 3867
f 3865 3867 3866
f 3866 3867 3868
f 3866 3868 3856
f 3867 3853 3869
f 3867 3869 3868
f 3868 3869 3870
f 3868 3870 3856
f 3869 3853 3854
f 3869 3854 3870
f 3870 3854 3855
f 3870 3855 3856
f 3872 3871 3875
f 3872 3875 3873
f 3873 3875 3876
f 3873 3876 3874
f 3875 3871 3877
f 3875 3877 3876
f 3876 3877 3878
f 3876 3878 3874
f 3877 3871 3879
f 3877 3879 3878
f 3878 3879 3880
f 3878 3880 3874
f 3879 3871 3881
f 3879 3881 3880
f 3880 3881 3882
f 3880 3882 3874
f 3881 3871 3883
f 3881 3883 3882
f 3882 3883 3884
f 3882 3884 3874
f 3883 3871 3885
f 3883 3885 3884
f 3884 3885 3886
f 3884 3886 3874
f 3885 3871 3887
f 3885 3887 3886
f 3886 3887 3888
f 3886 3888 3874
f 3887 3871 3872
f 3887 3872 3888
f 3888 3872 3873
f 3888 3873 3874
f 3890 3889 3893
f 3890 3893 3891
f 3891 3893 3894
f 3891 3894 3892
f 3893 3889 3895
f 3893 3895 3894
f 3894 3895 3896
f 3894 3896 3892
f 3895 3889 3897
f 3895 3897 3896
f 3896 3897 3898
f 3896 3898 3892
f 3897 3889 3899
f 3897 3899 3898
f 3898 3899 3900
f 3898 3900 3892
f 3899 3889 3901
f 3899 3901 3900
f 3900 3901 3902
f 3900 3902 3892
f 3901 3889 3903
f 3901 3903 3902
f 3902 3903 3904
f 3902 3904 3892
f 3903 3889 3905
f 3903 3905 3904
f 3904 3905 3906
f 3904 3906 3892
f 3905 3889 3890
f 3905 3890 3906
f 3906 3890 3891
f 3906 3891 3892
f 3908 3907 3911
f 3908 3911 3909
f 3909 3911 3912
f 3909 3912 3910
f 3911 3907 3913
f 3911 3913 3912
f 3912 3913 3914
f 3912 3914 3910
f 3913 3907 3915
f 3913 3915 3914
f 3914 3915 3916
f 3914 3916 3910
f 3915 3907 3917
f 3915 3917 3916
f 3916 3917 3918
f 3916 3918 3910
f 3917 3907 3919
f 3917 3919 3918
f 3918 3919 3920
f 3918 3920 3910
f 3919 3907 3921
f 3919 3921 3920
f 3920 3921 3922
f 3920 3922 3910
f 3921 3907 3923
f 3921 3923 3922
f 3922 3923 3924
f 3922 3924 3910
f 3923 3907 3908
f 3923 3908 3924
f 3924 3908 3909
f 3924 3909 3910
f 3926 3925 3929
f 3926 3929 3927
f 3927 3929 3930
f 3927 3930 3928
f 3929 3925 3931
f 3929 3931 3930
f 3930 3931 3932
f 3930 3932 3928
f 3931 3925 3933
f 3931 3933 3932
f 3932 3933 3934
f 3932 3934 3928
f 3933 3925 3935
f 3933 3935 3934
f 3934 3935 3936
f 3934 3936 3928
f 3935 3925 3937
f 3935 3937 3936
f 3936 3937 3938
f 3936 3938 3928
f 3937 3925 3939
f 3937 3939 3938
f 3938 3939 3940
f 3938 3940 3928
f 3939 3925 3941
f 3939 3941 3940
f 3940 3941 3942
f 3940 3942 3928
f 3941 3925 3926
f 3941 3926 3942
f 3942 3926 3927
f 3942 3927 3928
f 3944 3943 3947
f 3944 3947 3945
f 3945 3947 3948
f 3945 3948 3946
f 3947 3943 3949
f 3947 3949 3948
f 3948 3949 3950
f 3948 3950 3946
f 3949 3943 3951
f 3949 3951 3950
f 3950 3951 3952
f 3950 3952 3946
f 3951 3943 3953
f 3951 3953 3952
f 3952 3953 3954
f 3952 3954 3946
f 3953 3943 3955
f 3953 3955 3954
f 3954 3955 3956
f 3954 3956 3946
f 3955 3943 3957
f 3955 3957 3956
f 3956 3957 3958
f 3956 3958 3946
f 3957 3943 3959
f 3957 3959 3958
f 3958 3959 3960
f 3958 3960 3946
f 3959 3943 3944
f 3959 3944 3960
f 3960 3944 3945
f 3960 3945 3946
f 3962 3961 3965
f 3962 3965 3963
f 3963 3965 3966
f 3963 3966 3964
f 3965 3961 3967
f 3965 3967 3966
f 3966 3967 3968
f 3966 3968 3964
f 3967 3961 3969
f 3967 3969 3968
f 3968 3969 3970
f 3968 3970 3964
f 3969 3961 3971
f 3969 3971 3970
f 3970 3971 3972
f 3970 3972 3964
f 3971 3961 3973
f 3971 3973 3972
f 3972 3973 3974
f 3972 3974 3964
f 3973 3961 3975
f 3973 3975 3974
f 3974 3975 3976
f 3974 3976 3964
f 3975 3961 3977
f 3975 3977 3976
f 3976 3977 3978
f 3976 3978 3964
f 3977 3961 3962
f 3977 3962 3978
f 3978 3962 3963
f 3978 3963 3964
f 3980 3979 3983
f 3980 3983 3981
f 3981 3983 3984
f 3981 3984 3982
f 3983 3979 3985
f 3983 3985 3984
f 3984 3985 3986
f 3984 3986 3982
f 3985 3979 3987
f 3985 3987 3986
f 3986 3987 3988
f 3986 3988 3982
f 3987 3979 3989
f 3987 3989 3988
f 3988 3989 3990
f 3988 3990 3982
f 3989 3979 3991
f 3989 3991 3990
f 3990 3991 3992
f 3990 3992 3982
f 3991 3979 3993
f 3991 3993 3992
f 3992 3993 3994
f 3992 3994 3982
f 3993 3979 3995
f 3993 3995 3994
f 3994 3995 3996
f 3994 3996 3982
f 3995 3979 3980
f 3995 3980 3996
f 3996 3980 3981
f 3996 3981 3982
f 3998 3997 4001
f 3998 4001 3999
f 3999 4001 4002
f 3999 4002 4000
f 4001 3997 4003
f 4001 4003 4002
f 4002 4003 4004
f 4002 4004 4000
f 4003 3997 4005
f 4003 4005 4004
f 4004 4005 4006
f 4004 4006 4000
f 4005 3997 4007
f 4005 4007 4006
f 4006 4007 4008
f 4006 4008 4000
f 4007 3997 4009
f 4007 4009 4008
f 4008 4009 4010
f 4008 4010 4000
f 4009 3997 4011
f 4009 4011 4010
f 4010 4011 4012
f 4010 4012 4000
f 4011 3997 4013
f 4011 4013 4012
f 4012 4013 4014
f 4012 4014 4000
f 4013 3997 3998
f 4013 3998 4014
f 4014 3998 3999
f 4014 3999 4000
f 4016 4015 4019
f 4016 4019 4017
f 4017 4019 4020
f 4017 4020 4018
f 4019 4015 4021
f 4019 4021 4020
f 4020 4021 4022
f 4020 4022 4018
f 4021 4015 4023
f 4021 4023 4022
f 4022 4023 4024
f 4022 4024 4018
f 4023 4015 4025
f 4023 4025 4024
f 4024 4025 4026
f 4024 4026 4018
f 4025 4015 4027
f 4025 4027 4026
f 4026 4027 4028
f 4026 4028 4018
f 4027 4015 4029
f 4027 4029 4028
f 4028 4029 4030
f 4028 4030 4018
f 4029 4015 4031
f 4029 4031 4030
f 4030 4031 4032
f 4030 4032 4018
f 4031 4015 4016
f 4031 4016 4032
f 4032 4016 4017
f 4032 4017 4018
f 4034 4033 4037
f 4034 4037 4035
f 4035 4037 4038
f 4035 4038 4036
f 4037 4033 4039
f 4037 4039 4038
f 4038 4039 4040
f 4038 4040 4036
f 4039 4033 4041
f 4039 4041 4040
f 4040 4041 4042
f 4040 4042 4036
f 4041 4033 4043
f 4041 4043 4042
f 4042 4043 4044
f 4042 4044 4036
f 4043 4033 4045
f 4043 4045 4044
f 4044 4045 4046
f 4044 4046 4036
f 4045 4033 4047
f 4045 4047 4046
f 4046 4047 4048
f 4046 4048 4036
f 4047 4033 4049
f 4047 4049 4048
f 4048 4049 4050
f 4048 4050 4036
f 4049 4033 4034
f 4049 4034 4050
f 4050 4034 4035
f 4050 4035 4036
f 4052 4051 4055
f 4052 4055 4053
f 4053 4055 4056
f 4053 4056 4054
f 4055 4051 4057
f 4055 4057 4056
f 4056 4057 4058
f 4056 4058 4054
f 4057 4051 4059
f 4057 4059 4058
f 4058 4059 4060
f 4058 4060 4054
f 4059 4051 4061
f 4059 4061 4060
f 4060 4061 4062
f 4060 4062 4054
f 4061 4051 4063
f 4061 4063 4062
f 4062 4063 4064
f 4062 4064 4054
f 4063 4051 4065
f 4063 4065 4064
f 4064 4065 4066
f 4064 4066 4054
f 4065 4051 4067
f 4065 4067 4066
f 4066 4067 4068
f 4066 4068 4054
f 4067 4051 4052
f 4067 4052 4068
f 4068 4052 4053
f 4068 4053 4054
f 4070 4069 4073
f 4070 4073 4071
f 4071 4073 4074
f 4071 4074 4072
f 4073 4069 4075
f 4073 4075 4074
f 4074 4075 4076
f 4074 4076 4072
f 4075 4069 4077
f 4075 4077 4076
f 4076 4077 4078
f 4076 4078 4072
f 4077 4069 4079
f 4077 4079 4078
f 4078 4079 4080
f 4078 4080 4072
f 4079 4069 4081
f 4079 4081 4080
f 4080 4081 4082
f 4080 4082 4072
f 4081 4069 4083
f 4081 4083 4082
f 4082 4083 4084
f 4082 4084 4072
f 4083 4069 4085
f 4083 4085 4084
f 4084 4085 4086
f 4084 4086 4072
f 4085 4069 4070
f 4085 4070 4086
f 4086 4070 4071
f 4086 4071 4072
f 4088 4087 4091
f 4088 4091 4089
f 4089 4091 4092
f 4089 4092 4090
f 4091 4087 4093
f 4091 4093 4092
f 4092 4093 4094
f 4092 4094 4090
f 4093 4087 4095
f 4093 4095 4094
f 4094 4095 4096
f 4094 4096 4090
f 4095 4087 4097
f 4095 4097 4096
f 4096 4097 4098
f 4096 4098 4090
f 4097 4087 4099
f 4097 4099 4098
f 4098 4099 4100
f 4098 4100 4090
f 4099 4087 4101
f 4099 4101 4100
f 4100 4101 4102
f 4100 4102 4090
f 4101 4087 4103
f 4101 4103 4102
f 4102 4103 4104
f 4102 4104 4090
f 4103 4087 4088
f 4103 4088 4104
f 4104 4088 4089
f 4104 4089 4090
f 4106 4105 4109
f 4106 4109 4107
f 4107 4109 4110
f 4107 4110 4108
f 4109 4105 4111
f 4109 4111 4110
f 4110 4111 4112
f 4110 4112 4108
f 4111 4105 4113
f 4111 4113 4112
f 4112 4113 4114
f 4112 4114 4108
f 4113 4105 4115
f 4113 4115 4114
f 4114 4115 4116
f 4114 4116 4108
f 4115 4105 4117
f 4115 4117 4116
f 4116 4117 4118
f 4116 4118 4108
f 4117 4105 4119
f 4117 4119 4118
f 4118 4119 4120
f 4118 4120 4108
f 4119 4105 4121
f 4119 4121 4120
f 4120 4121 4122
f 4120 4122 4108
f 4121 4105 4106
f 4121 4106 4122
f 4122 4106 4107
f 4122 4107 4108
f 4124 4123 4127
f 4124 4127 4125
f 4125 4127 4128
f 4125 4128 4126
f 4127 4123 4129
f 4127 4129 4128
f 4128 4129 4130
f 4128 4130 4126
f 4129 4123 4131
f 4129 4131 4130
f 4130 4131 4132
f 4130 4132 4126
f 4131 4123 4133
f 4131 4133 4132
f 4132 4133 4134
f 4132 4134 4126
f 4133 4123 4135
f 4133 4135 4134
f 4134 4135 4136
f 4134 4136 4126
f 4135 4123 4137
f 4135 4137 4136
f 4136 4137 4138
f 4136 4138 4126
f 4137 4123 4139
f 4137 4139 4138
f 4138 4139 4140
f 4138 4140 4126
f 4139 4123 4124
f 4139 4124 4140
f 4140 4124 4125
f 4140 4125 4126
f 4142 4141 4145
f 4142 4145 4143
f 4143 4145 4146
f 4143 4146 4144
f 4145 4141 4147
f 4145 4147 4146
f 4146 4147 4148
f 4146 4148 4144
f 4147 4141 4149
f 4147 4149 4148
f 4148 4149 4150
f 4148 4150 4144
f 4149 4141 4151
f 4149 4151 4150
f 4150 4151 4152
f 4150 4152 4144
f 4151 4141 4153
f 4151 4153 4152
f 4152 4153 4154
f 4152 4154 4144
f 4153 4141 4155
f 4153 4155 4154
f 4154 4155 4156
f 4154 4156 4144
f 4155 4141 4157
f 4155 4157 4156
f 4156 4157 4158
f 4156 4158 4144
f 4157 4141 4142
f 4157 4142 4158
f 4158 4142 4143
f 4158 4143 4144
f 4160 4159 4163
f 4160 4163 4161
f 4161 4163 4164
f 4161 4164 4162
f 4163 4159 4165
f 4163 4165 4164
f 4164 4165 4166
f 4164 4166 4162
f 4165 4159 4167
f 4165 4167 4166
f 4166 4167 4168
f 4166 4168 4162
f 4167 4159 4169
f 4167 4169 4168
f 4168 4169 4170
f 4168 4170 4162
f 4169 4159 4171
f 4169 4171 4170
f 4170 4171 4172
f 4170 4172 4162
f 4171 4159 4173
f 4171 4173 4172
f 4172 4173 4174
f 4172 4174 4162
f 4173 4159 4175
f 4173 4175 4174
f 4174 4175 4176
f 4174 4176 4162
f 4175 4159 4160
f 4175 4160 4176
f 4176 4160 4161
f 4176 4161 4162
f 4178 4177 4181
f 4178 4181 4179
f 4179 4181 4182
f 4179 4182 4180
f 4181 4177 4183
f 4181 4183 4182
f 4182 4183 4184
f 4182 4184 4180
f 4183 4177 4185
f 4183 4185 4184
f 4184 4185 4186
f 4184 4186 4180
f 4185 4177 4187
f 4185 4187 4186
f 4186 4187 4188
f 4186 4188 4180
f 4187 4177 4189
f 4187 4189 4188
f 4188 4189 4190
f 4188 4190 4180
f 4189 4177 4191
f 4189 4191 4190
f 4190 4191 4192
f 4190 4192 4180
f 4191 4177 4193
f 4191 4193 4192
f 4192 4193 4194
f 4192 4194 4180
f 4193 4177 4178
f 4193 4178 4194
f 4194 4178 4179
f 4194 4179 4180
f 4196 4195 4199
f 4196 4199 4197
f 4197 4199 4200
f 4197 4200 4198
f 4199 4195 4201
f 4199 4201 4200
f 4200 4201 4202
f 4200 4202 4198
f 4201 4195 4203
f 4201 4203 4202
f 4202 4203 4204
f 4202 4204 4198
f 4203 4195 4205
f 4203 4205 4204
f 4204 4205 4206
f 4204 4206 4198
f 4205 4195 4207
f 4205 4207 4206
f 4206 4207 4208
f 4206 4208 4198
f 4207 4195 4209
f 4207 4209 4208
f 4208 4209 4210
f 4208 4210 4198
f 4209 4195 4211
f 4209 4211 4210
f 4210 4211 4212
f 4210 4212 4198
f 4211 4195 4196
f 4211 4196 4212
f 4212 4196 4197
f 4212 4197 4198
f 4214 4213 4217
f 4214 4217 4215
f 4215 4217 4218
f 4215 4218 4216
f 4217 4213 4219
f 4217 4219 4218
f 4218 4219 4220
f 4218 4220 4216
f 4219 4213 4221
f 4219 4221 4220
f 4220 4221 4222
f 4220 4222 4216
f 4221 4213 4223
f 4221 4223 4222
f 4222 4223 4224
f 4222 4224 4216
f 4223 4213 4225
f 4223 4225 4224
f 4224 4225 4226
f 4224 4226 4216
f 4225 4213 4227
f 4225 4227 4226
f 4226 4227 4228
f 4226 4228 4216
f 4227 4213 4229
f 4227 4229 4228
f 4228 4229 4230
f 4228 4230 4216
f 4229 4213 4214
f 4229 4214 4230
f 4230 4214 4215
f 4230 4215 4216
f 4232 4231 4235
f 4232 4235 4233
f 4233 4235 4236
f 4233 4236 4234
f 4235 4231 4237
f 4235 4237 4236
f 4236 4237 4238
f 4236 4238 4234
f 4237 4231 4239
f 4237 4239 4238
f 4238 4239 4240
f 4238 4240 4234
f 4239 4231 4241
f 4239 4241 4240
f 4240 4241 4242
f 4240 4242 4234
f 4241 4231 4243
f 4241 4243 4242
f 4242 4243 4244
f 4242 4244 4234
f 4243 4231 4245
f 4243 4245 4244
f 4244 4245 4246
f 4244 4246 4234
f 4245 4231 4247
f 4245 4247 4246
f 4246 4247 4248
f 4246 4248 4234
f 4247 4231 4232
f 4247 4232 4248
f 4248 4232 4233
f 4248 4233 4234
f 4250 4249 4253
f 4250 4253 4251
f 4251 4253 4254
f 4251 4254 4252
f 4253 4249 4255
f 4253 4255 4254
f 4254 4255 4256
f 4254 4256 4252
f 4255 4249 4257
f 4255 4257 4256
f 4256 4257 4258
f 4256 4258 4252
f 4257 4249 4259
f 4257 4259 4258
f 4258 4259 4260
f 4258 4260 4252
f 4259 4249 4261
f 4259 4261 4260
f 4260 4261 4262
f 4260 4262 4252
f 4261 4249 4263
f 4261 4263 4262
f 4262 4263 4264
f 4262 4264 4252
f 4263 4249 4265
f 4263 4265 4264
f 4264 4265 4266
f 4264 4266 4252
f 4265 4249 4250
f 4265 4250 4266
f 4266 4250 4251
f 4266 4251 4252
f 4268 4267 4271
f 4268 4271 4269
f 4269 4271 4272
f 4269 4272 4270
f 4271 4267 4273
f 4271 4273 4272
f 4272 4273 4274
f 4272 4274 4270
f 4273 4267 4275
f 4273 4275 4274
f 4274 4275 4276
f 4274 4276 4270
f 4275 4267 4277
f 4275 4277 4276
f 4276 4277 4278
f 4276 4278 4270
f 4277 4267 4279
f 4277 4279 4278
f 4278 4279 4280
f 4278 4280 4270
f 4279 4267 4281
f 4279 4281 4280
f 4280 4281 4282
f 4280 4282 4270
f 4281 4267 4283
f 4281 4283 4282
f 4282 4283 4284
f 4282 4284 4270
f 4283 4267 4268
f 4283 4268 4284
f 4284 4268 4269
f 4284 4269 4270
f 4286 4285 4289
f 4286 4289 4287
f 4287 4289 4290
f 4287 4290 4288
f 4289 4285 4291
f 4289 4291 4290
f 4290 4291 4292
f 4290 4292 4288
f 4291 4285 4293
f 4291 4293 4292
f 4292 4293 4294
f 4292 4294 4288
f 4293 4285 4295
f 4293 4295 4294
f 4294 4295 4296
f 4294 4296 4288
f 4295 4285 4297
f 4295 4297 4296
f 4296 4297 4298
f 4296 4298 4288
f 4297 4285 4299
f 4297 4299 4298
f 4298 4299 4300
f 4298 4300 4288
f 4299 4285 4301
f 4299 4301 4300
f 4300 4301 4302
f 4300 4302 4288
f 4301 4285 4286
f 4301 4286 4302
f 4302 4286 4287
f 4302 4287 4288
f 4304 4303 4307
f 4304 4307 4305
f 4305 4307 4308
f 4305 4308 4306
f 4307 4303 4309
f 4307 4309 4308
f 4308 4309 4310
f 4308 4310 4306
f 4309 4303 4311
f 4309 4311 4310
f 4310 4311 4312
f 4310 4312 4306
f 4311 4303 4313
f 4311 4313 4312
f 4312 4313 4314
f 4312 4314 4306
f 4313 4303 4315
f 4313 4315 4314
f 4314 4315 4316
f 4314 4316 4306
f 4315 4303 4317
f 4315 4317 4316
f 4316 4317 4318
f 4316 4318 4306
f 4317 4303 4319
f 4317 4319 4318
f 4318 4319 4320
f 4318 4320 4306
f 4319 4303 4304
f 4319 4304 4320
f 4320 4304 4305
f 4320 4305 4306
f 4322 4321 4325
f 4322 4325 4323
f 4323 4325 4326
f 4323 4326 4324
f 4325 4321 4327
f 4325 4327 4326
f 4326 4327 4328
f 4326 4328 4324
f 4327 4321 4329
f 4327 4329 4328
f 4328 4329 4330
f 4328 4330 4324
f 4329 4321 4331
f 4329 4331 4330
f 4330 4331 4332
f 4330 4332 4324
f 4331 4321 4333
f 4331 4333 4332
f 4332 4333 4334
f 4332 4334 4324
f 4333 4321 4335
f 4333 4335 4334
f 4334 4335 4336
f 4334 4336 4324
f 4335 4321 4337
f 4335 4337 4336
f 4336 4337 4338
f 4336 4338 4324
f 4337 4321 4322
f 4337 4322 4338
f 4338 4322 4323
f 4338 4323 4324
f 4340 4339 4343
f 4340 4343 4341
f 4341 4343 4344
f 4341 4344 4342
f 4343 4339 4345
f 4343 4345 4344
f 4344 4345 4346
f 4344 4346 4342
f 4345 4339 4347
f 4345 4347 4346
f 4346 4347 4348
f 4346 4348 4342
f 4347 4339 4349
f 4347 4349 4348
f 4348 4349 4350
f 4348 4350 4342
f 4349 4339 4351
f 4349 4351 4350
f 4350 4351 4352
f 4350 4352 4342
f 4351 4339 4353
f 4351 4353 4352
f 4352 4353 4354
f 4352 4354 4342
f 4353 4339 4355
f 4353 4355 4354
f 4354 4355 4356
f 4354 4356 4342
f 4355 4339 4340
f 4355 4340 4356
f 4356 4340 4341
f 4356 4341 4342
f 4358 4357 4361
f 4358 4361 4359
f 4359 4361 4362
f 4359 4362 4360
f 4361 4357 4363
f 4361 4363 4362
f 4362 4363 4364
f 4362 4364 4360
f 4363 4357 4365
f 4363 4365 4364
f 4364 4365 4366
f 4364 4366 4360
f 4365 4357 4367
f 4365 4367 4366
f 4366 4367 4368
f 4366 4368 4360
f 4367 4357 4369
f 4367 4369 4368
f 4368 4369 4370
f 4368 4370 4360
f 4369 4357 4371
f 4369 4371 4370
f 4370 4371 4372
f 4370 4372 4360
f 4371 4357 4373
f 4371 4373 4372
f 4372 4373 4374
f 4372 4374 4360
f 4373 4357 4358
f 4373 4358 4374
f 4374 4358 4359
f 4374 4359 4360
f 4376 4375 4379
f 4376 4379 4377
f 4377 4379 4380
f 4377 4380 4378
f 4379 4375 4381
f 4379 4381 4380
f 4380 4381 4382
f 4380 4382 4378
f 4381 4375 4383
f 4381 4383 4382
f 4382 4383 4384
f 4382 4384 4378
f 4383 4375 4385
f 4383 4385 4384
f 4384 4385 4386
f 4384 4386 4378
f 4385 4375 4387
f 4385 4387 4386
f 4386 4387 4388
f 4386 4388 4378
f 4387 4375 4389
f 4387 4389 4388
f 4388 4389 4390
f 4388 4390 4378
f 4389 4375 4391
f 4389 4391 4390
f 4390 4391 4392
f 4390 4392 4378
f 4391 4375 4376
f 4391 4376 4392
f 4392 4376 4377
f 4392 4377 4378
f 4394 4393 4397
f 4394 4397 4395
f 4395 4397 4398
f 4395 4398 4396
f 4397 4393 4399
f 4397 4399 4398
f 4398 4399 4400
f 4398 4400 4396
f 4399 4393 4401
f 4399 4401 4400
f 4400 4401 4402
f 4400 4402 4396
f 4401 4393 4403
f 4401 4403 4402
f 4402 4403 4404
f 4402 4404 4396
f 4403 4393 4405
f 4403 4405 4404
f 4404 4405 4406
f 4404 4406 4396
f 4405 4393 4407
f 4405 4407 4406
f 4406 4407 4408
f 4406 4408 4396
f 4407 4393 4409
f 4407 4409 4408
f 4408 4409 4410
f 4408 4410 4396
f 4409 4393 4394
f 4409 4394 4410
f 4410 4394 4395
f 4410 4395 4396
f 4412 4411 4415
f 4412 4415 4413
f 4413 4415 4416
f 4413 4416 4414
f 4415 4411 4417
f 4415 4417 4416
f 4416 4417 4418
f 4416 4418 4414
f 4417 4411 4419
f 4417 4419 4418
f 4418 4419 4420
f 4418 4420 4414
f 4419 4411 4421
f 4419 4421 4420
f 4420 4421 4422
f 4420 4422 4414
f 4421 4411 4423
f 4421 4423 4422
f 4422 4423 4424
f 4422 4424 4414
f 4423 4411 4425
f 4423 4425 4424
f 4424 4425 4426
f 4424 4426 4414
f 4425 4411 4427
f 4425 4427 4426
f 4426 4427 4428
f 4426 4428 4414
f 4427 4411 4412
f 4427 4412 4428
f 4428 4412 4413
f 4428 4413 4414
f 4430 4429 4433
f 4430 4433 4431
f 4431 4433 4434
f 4431 4434 4432
f 4433 4429 4435
f 4433 4435 4434
f 4434 4435 4436
f 4434 4436 4432
f 4435 4429 4437
f 4435 4437 4436
f 4436 4437 4438
f 4436 4438 4432
f 4437 4429 4439
f 4437 4439 4438
f 4438 4439 4440
f 4438 4440 4432
f 4439 4429 4441
f 4439 4441 4440
f 4440 4441 4442
f 4440 4442 4432
f 4441 4429 4443
f 4441 4443 4442
f 4442 4443 4444
f 4442 4444 4432
f 4443 4429 4445
f 4443 4445 4444
f 4444 4445 4446
f 4444 4446 4432
f 4445 4429 4430
f 4445 4430 4446
f 4446 4430 4431
f 4446 4431 4432
f 4448 4447 4451
f 4448 4451 4449
f 4449 4451 4452
f 4449 4452 4450
f 4451 4447 4453
f 4451 4453 4452
f 4452 4453 4454
f 4452 4454 4450
f 4453 4447 4455
f 4453 4455 4454
f 4454 4455 4456
f 4454 4456 4450
f 4455 4447 4457
f 4455 4457 4456
f 4456 4457 4458
f 4456 4458 4450
f 4457 4447 4459
f 4457 4459 4458
f 4458 4459 4460
f 4458 4460 4450
f 4459 4447 4461
f 4459 4461 4460
f 4460 4461 4462
f 4460 4462 4450
f 4461 4447 4463
f 4461 4463 4462
f 4462 4463 4464
f 4462 4464 4450
f 4463 4447 4448
f 4463 4448 4464
f 4464 4448 4449
f 4464 4449 4450
f 4466 4465 4469
f 4466 4469 4467
f 4467 4469 4470
f 4467 4470 4468
f 4469 4465 4471
f 4469 4471 4470
f 4470 4471 4472
f 4470 4472 4468
f 4471 4465 4473
f 4471 4473 4472
f 4472 4473 4474
f 4472 4474 4468
f 4473 4465 4475
f 4473 4475 4474
f 4474 4475 4476
f 4474 4476 4468
f 4475 4465 4477
f 4475 4477 4476
f 4476 4477 4478
f 4476 4478 4468
f 4477 4465 4479
f 4477 4479 4478
f 4478 4479 4480
f 4478 4480 4468
f 4479 4465 4481
f 4479 4481 4480
f 4480 4481 4482
f 4480 4482 4468
f 4481 4465 4466
f 4481 4466 4482
f 4482 4466 4467
f 4482 4467 4468
f 4484 4483 4487
f 4484 4487 4485
f 4485 4487 4488
f 4485 4488 4486
f 4487 4483 4489
f 4487 4489 4488
f 4488 4489 4490
f 4488 4490 4486
f 4489 4483 4491
f 4489 4491 4490
f 4490 4491 4492
f 4490 4492 4486
f 4491 4483 4493
f 4491 4493 4492
f 4492 4493 4494
f 4492 4494 4486
f 4493 4483 4495
f 4493 4495 4494
f 4494 4495 4496
f 4494 4496 4486
f 4495 4483 4497
f 4495 4497 4496
f 4496 4497 4498
f 4496 4498 4486
f 4497 4483 4499
f 4497 4499 4498
f 4498 4499 4500
f 4498 4500 4486
f 4499 4483 4484
f 4499 4484 4500
f 4500 4484 4485
f 4500 4485 4486
f 4502 4501 4505
f 4502 4505 4503
f 4503 4505 4506
f 4503 4506 4504
f 4505 4501 4507
f 4505 4507 4506
f 4506 4507 4508
f 4506 4508 4504
f 4507 4501 4509
f 4507 4509 4508
f 4508 4509 4510
f 4508 4510 4504
f 4509 4501 4511
f 4509 4511 4510
f 4510 4511 4512
f 4510 4512 4504
f 4511 4501 4513
f 4511 4513 4512
f 4512 4513 4514
f 4512 4514 4504
f 4513 4501 4515
f 4513 4515 4514
f 4514 4515 4516
f 4514 4516 4504
f 4515 4501 4517
f 4515 4517 4516
f 4516 4517 4518
f 4516 4518 4504
f 4517 4501 4502
f 4517 4502 4518
f 4518 4502 4503
f 4518 4503 4504
f 4520 4519 4523
f 4520 4523 4521
f 4521 4523 4524
f 4521 4524 4522
f 4523 4519 4525
f 4523 4525 4524
f 4524 4525 4526
f 4524 4526 4522
f 4525 4519 4527
f 4525 4527 4526
f 4526 4527 4528
f 4526 4528 4522
f 4527 4519 4529
f 4527 4529 4528
f 4528 4529 4530
f 4528 4530 4522
f 4529 4519 4531
f 4529 4531 4530
f 4530 4531 4532
f 4530 4532 4522
f 4531 4519 4533
f 4531 4533 4532
f 4532 4533 4534
f 4532 4534 4522
f 4533 4519 4535
f 4533 4535 4534
f 4534 4535 4536
f 4534 4536 4522
f 4535 4519 4520
f 4535 4520 4536
f 4536 4520 4521
f 4536 4521 4522
f 4538 4537 4541
f 4538 4541 4539
f 4539 4541 4542
f 4539 4542 4540
f 4541 4537 4543
f 4541 4543 4542
f 4542 4543 4544
f 4542 4544 4540
f 4543 4537 4545
f 4543 4545 4544
f 4544 4545 4546
f 4544 4546 4540
f 4545 4537 4547
f 4545 4547 4546
f 4546 4547 4548
f 4546 4548 4540
f 4547 4537 4549
f 4547 4549 4548
f 4548 4549 4550
f 4548 4550 4540
f 4549 4537 4551
f 4549 4551 4550
f 4550 4551 4552
f 4550 4552 4540
f 4551 4537 4553
f 4551 4553 4552
f 4552 4553 4554
f 4552 4554 4540
f 4553 4537 4538
f 4553 4538 4554
f 4554 4538 4539
f 4554 4539 4540
f 4556 4555 4559
f 4556 4559 4557
f 4557 4559 4560
f 4557 4560 4558
f 4559 4555 4561
f 4559 4561 4560
f 4560 4561 4562
f 4560 4562 4558
f 4561 4555 4563
f 4561 4563 4562
f 4562 4563 4564
f 4562 4564 4558
f 4563 4555 4565
f 4563 4565 4564
f 4564 4565 4566
f 4564 4566 4558
f 4565 4555 4567
f 4565 4567 4566
f 4566 4567 4568
f 4566 4568 4558
f 4567 4555 4569
f 4567 4569 4568
f 4568 4569 4570
f 4568 4570 4558
f 4569 4555 4571
f 4569 4571 4570
f 4570 4571 4572
f 4570 4572 4558
f 4571 4555 4556
f 4571 4556 4572
f 4572 4556 4557
f 4572 4557 4558
f 4574 4573 4577
f 4574 4577 4575
f 4575 4577 4578
f 4575 4578 4576
f 4577 4573 4579
f 4577 4579 4578
f 4578 4579 4580
f 4578 4580 4576
f 4579 4573 4581
f 4579 4581 4580
f 4580 4581 4582
f 4580 4582 4576
f 4581 4573 4583
f 4581 4583 4582
f 4582 4583 4584
f 4582 4584 4576
f 4583 4573 4585
f 4583 4585 4584
f 4584 4585 4586
f 4584 4586 4576
f 4585 4573 4587
f 4585 4587 4586
f 4586 4587 4588
f 4586 4588 4576
f 4587 4573 4589
f 4587 4589 4588
f 4588 4589 4590
f 4588 4590 4576
f 4589 4573 4574
f 4589 4574 4590
f 4590 4574 4575
f 4590 4575 4576
f 4592 4591 4595
f 4592 4595 4593
f 4593 4595 4596
f 4593 4596 4594
f 4595 4591 4597
f 4595 4597 4596
f 4596 4597 4598
f 4596 4598 4594
f 4597 4591 4599
f 4597 4599 4598
f 4598 4599 4600
f 4598 4600 4594
f 4599 4591 4601
f 4599 4601 4600
f 4600 4601 4602
f 4600 4602 4594
f 4601 4591 4603
f 4601 4603 4602
f 4602 4603 4604
f 4602 4604 4594
f 4603 4591 4605
f 4603 4605 4604
f 4604 4605 4606
f 4604 4606 4594
f 4605 4591 4607
f 4605 4607 4606
f 4606 4607 4608
f 4606 4608 4594
f 4607 4591 4592
f 4607 4592 4608
f 4608 4592 4593
f 4608 4593 4594
f 4610 4609 4613
f 4610 4613 4611
f 4611 4613 4614
f 4611 4614 4612
f 4613 4609 4615
f 4613 4615 4614
f 4614 4615 4616
f 4614 4616 4612
f 4615 4609 4617
f 4615 4617 4616
f 4616 4617 4618
f 4616 4618 4612
f 4617 4609 4619
f 4617 4619 4618
f 4618 4619 4620
f 4618 4620 4612
f 4619 4609 4621
f 4619 4621 4620
f 4620 4621 4622
f 4620 4622 4612
f 4621 4609 4623
f 4621 4623 4622
f 4622 4623 4624
f 4622 4624 4612
f 4623 4609 4625
f 4623 4625 4624
f 4624 4625 4626
f 4624 4626 4612
f 4625 4609 4610
f 4625 4610 4626
f 4626 4610 4611
f 4626 4611 4612
f 4628 4627 4631
f 4628 4631 4629
f 4629 4631 4632
f 4629 4632 4630
f 4631 4627 4633
f 4631 4633 4632
f 4632 4633 4634
f 4632 4634 4630
f 4633 4627 4635
f 4633 4635 4634
f 4634 4635 4636
f 4634 4636 4630
f 4635 4627 4637
f 4635 4637 4636
f 4636 4637 4638
f 4636 4638 4630
f 4637 4627 4639
f 4637 4639 4638
f 4638 4639 4640
f 4638 4640 4630
f 4639 4627 4641
f 4639 4641 4640
f 4640 4641 4642
f 4640 4642 4630
f 4641 4627 4643
f 4641 4643 4642
f 4642 4643 4644
f 4642 4644 4630
f 4643 4627 4628
f 4643 4628 4644
f 4644 4628 4629
f 4644 4629 4630
f 4646 4645 4649
f 4646 4649 4647
f 4647 4649 4650
f 4647 4650 4648
f 4649 4645 4651
f 4649 4651 4650
f 4650 4651 4652
f 4650 4652 4648
f 4651 4645 4653
f 4651 4653 4652
f 4652 4653 4654
f 4652 4654 4648
f 4653 4645 4655
f 4653 4655 4654
f 4654 4655 4656
f 4654 4656 4648
f 4655 4645 4657
f 4655 4657 4656
f 4656 4657 4658
f 4656 4658 4648
f 4657 4645 4659
f 4657 4659 4658
f 4658 4659 4660
f 4658 4660 4648
f 4659 4645 4661
f 4659 4661 4660
f 4660 4661 4662
f 4660 4662 4648
f 4661 4645 4646
f 4661 4646 4662
f 4662 4646 4647
f 4662 4647 4648
f 4664 4663 4667
f 4664 4667 4665
f 4665 4667 4668
f 4665 4668 4666
f 4667 4663 4669
f 4667 4669 4668
f 4668 4669 4670
f 4668 4670 4666
f 4669 4663 4671
f 4669 4671 4670
f 4670 4671 4672
f 4670 4672 4666
f 4671 4663 4673
f 4671 4673 4672
f 4672 4673 4674
f 4672 4674 4666
f 4673 4663 4675
f 4673 4675 4674
f 4674 4675 4676
f 4674 4676 4666
f 4675 4663 4677
f 4675 4677 4676
f 4676 4677 4678
f 4676 4678 4666
f 4677 4663 4679
f 4677 4679 4678
f 4678 4679 4680
f 4678 4680 4666
f 4679 4663 4664
f 4679 4664 4680
f 4680 4664 4665
f 4680 4665 4666
f 4682 4681 4685
f 4682 4685 4683
f 4683 4685 4686
f 4683 4686 4684
f 4685 4681 4687
f 4685 4687 4686
f 4686 4687 4688
f 4686 4688 4684
f 4687 4681 4689
f 4687 4689 4688
f 4688 4689 4690
f 4688 4690 4684
f 4689 4681 4691
f 4689 4691 4690
f 4690 4691 4692
f 4690 4692 4684
f 4691 4681 4693
f 4691 4693 4692
f 4692 4693 4694
f 4692 4694 4684
f 4693 4681 4695
f 4693 4695 4694
f 4694 4695 4696
f 4694 4696 4684
f 4695 4681 4697
f 4695 4697 4696
f 4696 4697 4698
f 4696 4698 4684
f 4697 4681 4682
f 4697 4682 4698
f 4698 4682 4683
f 4698 4683 4684
f 4700 4699 4703
f 4700 4703 4701
f 4701 4703 4704
f 4701 4704 4702
f 4703 4699 4705
f 4703 4705 4704
f 4704 4705 4706
f 4704 4706 4702
f 4705 4699 4707
f 4705 4707 4706
f 4706 4707 4708
f 4706 4708 4702
f 4707 4699 4709
f 4707 4709 4708
f 4708 4709 4710
f 4708 4710 4702
f 4709 4699 4711
f 4709 4711 4710
f 4710 4711 4712
f 4710 4712 4702
f 4711 4699 4713
f 4711 4713 4712
f 4712 4713 4714
f 4712 4714 4702
f 4713 4699 4715
f 4713 4715 4714
f 4714 4715 4716
f 4714 4716 4702
f 4715 4699 4700
f 4715 4700 4716
f 4716 4700 4701
f 4716 4701 4702
f 4718 4717 4721
f 4718 4721 4719
f 4719 4721 4722
f 4719 4722 4720
f 4721 4717 4723
f 4721 4723 4722
f 4722 4723 4724
f 4722 4724 4720
f 4723 4717 4725
f 4723 4725 4724
f 4724 4725 4726
f 4724 4726 4720
f 4725 4717 4727
f 4725 4727 4726
f 4726 4727 4728
f 4726 4728 4720
f 4727 4717 4729
f 4727 4729 4728
f 4728 4729 4730
f 4728 4730 4720
f 4729 4717 4731
f 4729 4731 4730
f 4730 4731 4732
f 4730 4732 4720
f 4731 4717 4733
f 4731 4733 4732
f 4732 4733 4734
f 4732 4734 4720
f 4733 4717 4718
f 4733 4718 4734
f 4734 4718 4719
f 4734 4719 4720
f 4736 4735 4739
f 4736 4739 4737
f 4737 4739 4740
f 4737 4740 4738
f 4739 4735 4741
f 4739 4741 4740
f 4740 4741 4742
f 4740 4742 4738
f 4741 4735 4743
f 4741 4743 4742
f 4742 4743 4744
f 4742 4744 4738
f 4743 4735 4745
f 4743 4745 4744
f 4744 4745 4746
f 4744 4746 4738
f 4745 4735 4747
f 4745 4747 4746
f 4746 4747 4748
f 4746 4748 4738
f 4747 4735 4749
f 4747 4749 4748
f 4748 4749 4750
f 4748 4750 4738
f 4749 4735 4751
f 4749 4751 4750
f 4750 4751 4752
f 4750 4752 4738
f 4751 4735 4736
f 4751 4736 4752
f 4752 4736 4737
f 4752 4737 4738
f 4754 4753 4757
f 4754 4757 4755
f 4755 4757 4758
f 4755 4758 4756
f 4757 4753 4759
f 4757 4759 4758
f 4758 4759 4760
f 4758 4760 4756
f 4759 4753 4761
f 4759 4761 4760
f 4760 4761 4762
f 4760 4762 4756
f 4761 4753 4763
f 4761 4763 4762
f 4762 4763 4764
f 4762 4764 4756
f 4763 4753 4765
f 4763 4765 4764
f 4764 4765 4766
f 4764 4766 4756
f 4765 4753 4767
f 4765 4767 4766
f 4766 4767 4768
f 4766 4768 4756
f 4767 4753 4769
f 4767 4769 4768
f 4768 4769 4770
f 4768 4770 4756
f 4769 4753 4754
f 4769 4754 4770
f 4770 4754 4755
f 4770 4755 4756
f 4772 4771 4775
f 4772 4775 4773
f 4773 4775 4776
f 4773 4776 4774
f 4775 4771 4777
f 4775 4777 4776
f 4776 4777 4778
f 4776 4778 4774
f 4777 4771 4779
f 4777 4779 4778
f 4778 4779 4780
f 4778 4780 4774
f 4779 4771 4781
f 4779 4781 4780
f 4780 4781 4782
f 4780 4782 4774
f 4781 4771 4783
f 4781 4783 4782
f 4782 4783 4784
f 4782 4784 4774
f 4783 4771 4785
f 4783 4785 4784
f 4784 4785 4786
f 4784 4786 4774
f 4785 4771 4787
f 4785 4787 4786
f 4786 4787 4788
f 4786 4788 4774
f 4787 4771 4772
f 4787 4772 4788
f 4788 4772 4773
f 4788 4773 4774
f 4790 4789 4793
f 4790 4793 4791
f 4791 4793 4794
f 4791 4794 4792
f 4793 4789 4795
f 4793 4795 4794
f 4794 4795 4796
f 4794 4796 4792
f 4795 4789 4797
f 4795 4797 4796
f 4796 4797 4798
f 4796 4798 4792
f 4797 4789 4799
f 4797 4799 4798
f 4798 4799 4800
f 4798 4800 4792
f 4799 4789 4801
f 4799 4801 4800
f 4800 4801 4802
f 4800 4802 4792
f 4801 4789 4803
f 4801 4803 4802
f 4802 4803 4804
f 4802 4804 4792
f 4803 4789 4805
f 4803 4805 4804
f 4804 4805 4806
f 4804 4806 4792
f 4805 4789 4790
f 4805 4790 4806
f 4806 4790 4791
f 4806 4791 4792
f 4808 4807 4811
f 4808 4811 4809
f 4809 4811 4812
f 4809 4812 4810
f 4811 4807 4813
f 4811 4813 4812
f 4812 4813 4814
f 4812 4814 4810
f 4813 4807 4815
f 4813 4815 4814
f 4814 4815 4816
f 4814 4816 4810
f 4815 4807 4817
f 4815 4817 4816
f 4816 4817 4818
f 4816 4818 4810
f 4817 4807 4819
f 4817 4819 4818
f 4818 4819 4820
f 4818 4820 4810
f 4819 4807 4821
f 4819 4821 4820
f 4820 4821 4822
f 4820 4822 4810
f 4821 4807 4823
f 4821 4823 4822
f 4822 4823 4824
f 4822 4824 4810
f 4823 4807 4808
f 4823 4808 4824
f 4824 4808 4809
f 4824 4809 4810
f 4826 4825 4829
f 4826 4829 4827
f 4827 4829 4830
f 4827 4830 4828
f 4829 4825 4831
f 4829 4831 4830
f 4830 4831 4832
f 4830 4832 4828
f 4831 4825 4833
f 4831 4833 4832
f 4832 4833 4834
f 4832 4834 4828
f 4833 4825 4835
f 4833 4835 4834
f 4834 4835 4836
f 4834 4836 4828
f 4835 4825 4837
f 4835 4837 4836
f 4836 4837 4838
f 4836 4838 4828
f 4837 4825 4839
f 4837 4839 4838
f 4838 4839 4840
f 4838 4840 4828
f 4839 4825 4841
f 4839 4841 4840
f 4840 4841 4842
f 4840 4842 4828
f 4841 4825 4826
f 4841 4826 4842
f 4842 4826 4827
f 4842 4827 4828
f 4844 4843 4847
f 4844 4847 4845
f 4845 4847 4848
f 4845 4848 4846
f 4847 4843 4849
f 4847 4849 4848
f 4848 4849 4850
f 4848 4850 4846
f 4849 4843 4851
f 4849 4851 4850
f 4850 4851 4852
f 4850 4852 4846
f 4851 4843 4853
f 4851 4853 4852
f 4852 4853 4854
f 4852 4854 4846
f 4853 4843 4855
f 4853 4855 4854
f 4854 4855 4856
f 4854 4856 4846
f 4855 4843 4857
f 4855 4857 4856
f 4856 4857 4858
f 4856 4858 4846
f 4857 4843 4859
f 4857 4859 4858
f 4858 4859 4860
f 4858 4860 4846
f 4859 4843 4844
f 4859 4844 4860
f 4860 4844 4845
f 4860 4845 4846
f 4862 4861 4865
f 4862 4865 4863
f 4863 4865 4866
f 4863 4866 4864
f 4865 4861 4867
f 4865 4867 4866
f 4866 4867 4868
f 4866 4868 4864
f 4867 4861 4869
f 4867 4869 4868
f 4868 4869 4870
f 4868 4870 4864
f 4869 4861 4871
f 4869 4871 4870
f 4870 4871 4872
f 4870 4872 4864
f 4871 4861 4873
f 4871 4873 4872
f 4872 4873 4874
f 4872 4874 4864
f 4873 4861 4875
f 4873 4875 4874
f 4874 4875 4876
f 4874 4876 4864
f 4875 4861 4877
f 4875 4877 4876
f 4876 4877 4878
f 4876 4878 4864
f 4877 4861 4862
f 4877 4862 4878
f 4878 4862 4863
f 4878 4863 4864
f 4880 4879 4883
f 4880 4883 4881
f 4881 4883 4884
f 4881 4884 4882
f 4883 4879 4885
f 4883 4885 4884
f 4884 4885 4886
f 4884 4886 4882
f 4885 4879 4887
f 4885 4887 4886
f 4886 4887 4888
f 4886 4888 4882
f 4887 4879 4889
f 4887 4889 4888
f 4888 4889 4890
f 4888 4890 4882
f 4889 4879 4891
f 4889 4891 4890
f 4890 4891 4892
f 4890 4892 4882
f 4891 4879 4893
f 4891 4893 4892
f 4892 4893 4894
f 4892 4894 4882
f 4893 4879 4895
f 4893 4895 4894
f 4894 4895 4896
f 4894 4896 4882
f 4895 4879 4880
f 4895 4880 4896
f 4896 4880 4881
f 4896 4881 4882
f 4898 4897 4901
f 4898 4901 4899
f 4899 4901 4902
f 4899 4902 4900
f 4901 4897 4903
f 4901 4903 4902
f 4902 4903 4904
f 4902 4904 4900
f 4903 4897 4905
f 4903 4905 4904
f 4904 4905 4906
f 4904 4906 4900
f 4905 4897 4907
f 4905 4907 4906
f 4906 4907 4908
f 4906 4908 4900
f 4907 4897 4909
f 4907 4909 4908
f 4908 4909 4910
f 4908 4910 4900
f 4909 4897 4911
f 4909 4911 4910
f 4910 4911 4912
f 4910 4912 4900
f 4911 4897 4913
f 4911 4913 4912
f 4912 4913 4914
f 4912 4914 4900
f 4913 4897 4898
f 4913 4898 4914
f 4914 4898 4899
f 4914 4899 4900
f 4916 4915 4919
f 4916 4919 4917
f 4917 4919 4920
f 4917 4920 4918
f 4919 4915 4921
f 4919 4921 4920
f 4920 4921 4922
f 4920 4922 4918
f 4921 4915 4923
f 4921 4923 4922
f 4922 4923 4924
f 4922 4924 4918
f 4923 4915 4925
f 4923 4925 4924
f 4924 4925 4926
f 4924 4926 4918
f 4925 4915 4927
f 4925 4927 4926
f 4926 4927 4928
f 4926 4928 4918
f 4927 4915 4929
f 4927 4929 4928
f 4928 4929 4930
f 4928 4930 4918
f 4929 4915 4931
f 4929 4931 4930
f 4930 4931 4932
f 4930 4932 4918
f 4931 4915 4916
f 4931 4916 4932
f 4932 4916 4917
f 4932 4917 4918
f 4934 4933 4937
f 4934 4937 4935
f 4935 4937 4938
f 4935 4938 4936
f 4937 4933 4939
f 4937 4939 4938
f 4938 4939 4940
f 4938 4940 4936
f 4939 4933 4941
f 4939 4941 4940
f 4940 4941 4942
f 4940 4942 4936
f 4941 4933 4943
f 4941 4943 4942
f 4942 4943 4944
f 4942 4944 4936
f 4943 4933 4945
f 4943 4945 4944
f 4944 4945 4946
f 4944 4946 4936
f 4945 4933 4947
f 4945 4947 4946
f 4946 4947 4948
f 4946 4948 4936
f 4947 4933 4949
f 4947 4949 4948
f 4948 4949 4950
f 4948 4950 4936
f 4949 4933 4934
f 4949 4934 4950
f 4950 4934 4935
f 4950 4935 4936
f 4952 4951 4955
f 4952 4955 4953
f 4953 4955 4956
f 4953 4956 4954
f 4955 4951 4957
f 4955 4957 4956
f 4956 4957 4958
f 4956 4958 4954
f 4957 4951 4959
f 4957 4959 4958
f 4958 4959 4960
f 4958 4960 4954
f 4959 4951 4961
f 4959 4961 4960
f 4960 4961 4962
f 4960 4962 4954
f 4961 4951 4963
f 4961 4963 4962
f 4962 4963 4964
f 4962 4964 4954
f 4963 4951 4965
f 4963 4965 4964
f 4964 4965 4966
f 4964 4966 4954
f 4965 4951 4967
f 4965 4967 4966
f 4966 4967 4968
f 4966 4968 4954
f 4967 4951 4952
f 4967 4952 4968
f 4968 4952 4953
f 4968 4953 4954
f 4970 4969 4973
f 4970 4973 4971
f 4971 4973 4974
f 4971 4974 4972
f 4973 4969 4975
f 4973 4975 4974
f 4974 4975 4976
f 4974 4976 4972
f 4975 4969 4977
f 4975 4977 4976
f 4976 4977 4978
f 4976 4978 4972
f 4977 4969 4979
f 4977 4979 4978
f 4978 4979 4980
f 4978 4980 4972
f 4979 4969 4981
f 4979 4981 4980
f 4980 4981 4982
f 4980 4982 4972
f 4981 4969 4983
f 4981 4983 4982
f 4982 4983 4984
f 4982 4984 4972
f 4983 4969 4985
f 4983 4985 4984
f 4984 4985 4986
f 4984 4986 4972
f 4985 4969 4970
f 4985 4970 4986
f 4986 4970 4971
f 4986 4971 4972
f 4988 4987 4991
f 4988 4991 4989
f 4989 4991 4992
f 4989 4992 4990
f 4991 4987 4993
f 4991 4993 4992
f 4992 4993 4994
f 4992 4994 4990
f 4993 4987 4995
f 4993 4995 4994
f 4994 4995 4996
f 4994 4996 4990
f 4995 4987 4997
f 4995 4997 4996
f 4996 4997 4998
f 4996 4998 4990
f 4997 4987 4999
f 4997 4999 4998
f 4998 4999 5000
f 4998 5000 4990
f 4999 4987 5001
f 4999 5001 5000
f 5000 5001 5002
f 5000 5002 4990
f 5001 4987 5003
f 5001 5003 5002
f 5002 5003 5004
f 5002 5004 4990
f 5003 4987 4988
f 5003 4988 5004
f 5004 4988 4989
f 5004 4989 4990
f 5006 5005 5009
f 5006 5009 5007
f 5007 5009 5010
f 5007 5010 5008
f 5009 5005 5011
f 5009 5011 5010
f 5010 5011 5012
f 5010 5012 5008
f 5011 5005 5013
f 5011 5013 5012
f 5012 5013 5014
f 5012 5014 5008
f 5013 5005 5015
f 5013 5015 5014
f 5014 5015 5016
f 5014 5016 5008
f 5015 5005 5017
f 5015 5017 5016
f 5016 5017 5018
f 5016 5018 5008
f 5017 5005 5019
f 5017 5019 5018
f 5018 5019 5020
f 5018 5020 5008
f 5019 5005 5021
f 5019 5021 5020
f 5020 5021 5022
f 5020 5022 5008
f 5021 5005 5006
f 5021 5006 5022
f 5022 5006 5007
f 5022 5007 5008
f 5024 5023 5027
f 5024 5027 5025
f 5025 5027 5028
f 5025 5028 5026
f 5027 5023 5029
f 5027 5029 5028
f 5028 5029 5030
f 5028 5030 5026
f 5029 5023 5031
f 5029 5031 5030
f 5030 5031 5032
f 5030 5032 5026
f 5031 5023 5033
f 5031 5033 5032
f 5032 5033 5034
f 5032 5034 5026
f 5033 5023 5035
f 5033 5035 5034
f 5034 5035 5036
f 5034 5036 5026
f 5035 5023 5037
f 5035 5037 5036
f 5036 5037 5038
f 5036 5038 5026
f 5037 5023 5039
f 5037 5039 5038
f 5038 5039 5040
f 5038 5040 5026
f 5039 5023 5024
f 5039 5024 5040
f 5040 5024 5025
f 5040 5025 5026
f 5042 5041 5045
f 5042 5045 5043
f 5043 5045 5046
f 5043 5046 5044
f 5045 5041 5047
f 5045 5047 5046
f 5046 5047 5048
f 5046 5048 5044
f 5047 5041 5049
f 5047 5049 5048
f 5048 5049 5050
f 5048 5050 5044
f 5049 5041 5051
f 5049 5051 5050
f 5050 5051 5052
f 5050 5052 5044
f 5051 5041 5053
f 5051 5053 5052
f 5052 5053 5054
f 5052 5054 5044
f 5053 5041 5055
f 5053 5055 5054
f 5054 5055 5056
f 5054 5056 5044
f 5055 5041 5057
f 5055 5057 5056
f 5056 5057 5058
f 5056 5058 5044
f 5057 5041 5042
f 5057 5042 5058
f 5058 5042 5043
f 5058 5043 5044
f 5060 5059 5063
f 5060 5063 5061
f 5061 5063 5064
f 5061 5064 5062
f 5063 5059 5065
f 5063 5065 5064
f 5064 5065 5066
f 5064 5066 5062
f 5065 5059 5067
f 5065 5067 5066
f 5066 5067 5068
f 5066 5068 5062
f 5067 5059 5069
f 5067 5069 5068
f 5068 5069 5070
f 5068 5070 5062
f 5069 5059 5071
f 5069 5071 5070
f 5070 5071 5072
f 5070 5072 5062
f 5071 5059 5073
f 5071 5073 5072
f 5072 5073 5074
f 5072 5074 5062
f 5073 5059 5075
f 5073 5075 5074
f 5074 5075 5076
f 5074 5076 5062
f 5075 5059 5060
f 5075 5060 5076
f 5076 5060 5061
f 5076 5061 5062
f 5078 5077 5081
f 5078 5081 5079
f 5079 5081 5082
f 5079 5082 5080
f 5081 5077 5083
f 5081 5083 5082
f 5082 5083 5084
f 5082 5084 5080
f 5083 5077 5085
f 5083 5085 5084
f 5084 5085 5086
f 5084 5086 5080
f 5085 5077 5087
f 5085 5087 5086
f 5086 5087 5088
f 5086 5088 5080
f 5087 5077 5089
f 5087 5089 5088
f 5088 5089 5090
f 5088 5090 5080
f 5089 5077 5091
f 5089 5091 5090
f 5090 5091 5092
f 5090 5092 5080
f 5091 5077 5093
f 5091 5093 5092
f 5092 5093 5094
f 5092 5094 5080
f 5093 5077 5078
f 5093 5078 5094
f 5094 5078 5079
f 5094 5079 5080
f 5096 5095 5099
f 5096 5099 5097
f 5097 5099 5100
f 5097 5100 5098
f 5099 5095 5101
f 5099 5101 5100
f 5100 5101 5102
f 5100 5102 5098
f 5101 5095 5103
f 5101 5103 5102
f 5102 5103 5104
f 5102 5104 5098
f 5103 5095 5105
f 5103 5105 5104
f 5104 5105 5106
f 5104 5106 5098
f 5105 5095 5107
f 5105 5107 5106
f 5106 5107 5108
f 5106 5108 5098
f 5107 5095 5109
f 5107 5109 5108
f 5108 5109 5110
f 5108 5110 5098
f 5109 5095 5111
f 5109 5111 5110
f 5110 5111 5112
f 5110 5112 5098
f 5111 5095 5096
f 5111 5096 5112
f 5112 5096 5097
f 5112 5097 5098
f 5114 5113 5117
f 5114 5117 5115
f 5115 5117 5118
f 5115 5118 5116
f 5117 5113 5119
f 5117 5119 5118
f 5118 5119 5120
f 5118 5120 5116
f 5119 5113 5121
f 5119 5121 5120
f 5120 5121 5122
f 5120 5122 5116
f 5121 5113 5123
f 5121 5123 5122
f 5122 5123 5124
f 5122 5124 5116
f 5123 5113 5125
f 5123 5125 5124
f 5124 5125 5126
f 5124 5126 5116
f 5125 5113 5127
f 5125 5127 5126
f 5126 5127 5128
f 5126 5128 5116
f 5127 5113 5129
f 5127 5129 5128
f 5128 5129 5130
f 5128 5130 5116
f 5129 5113 5114
f 5129 5114 5130
f 5130 5114 5115
f 5130 5115 5116
f 5132 5131 5135
f 5132 5135 5133
f 5133 5135 5136
f 5133 5136 5134
f 5135 5131 5137
f 5135 5137 5136
f 5136 5137 5138
f 5136 5138 5134
f 5137 5131 5139
f 5137 5139 5138
f 5138 5139 5140
f 5138 5140 5134
f 5139 5131 5141
f 5139 5141 5140
f 5140 5141 5142
f 5140 5142 5134
f 5141 5131 5143
f 5141 5143 5142
f 5142 5143 5144
f 5142 5144 5134
f 5143 5131 5145
f 5143 5145 5144
f 5144 5145 5146
f 5144 5146 5134
f 5145 5131 5147
f 5145 5147 5146
f 5146 5147 5148
f 5146 5148 5134
f 5147 5131 5132
f 5147 5132 5148
f 5148 5132 5133
f 5148 5133 5134
f 5150 5149 5153
f 5150 5153 5151
f 5151 5153 5154
f 5151 5154 5152
f 5153 5149 5155
f 5153 5155 5154
f 5154 5155 5156
f 5154 5156 5152
f 5155 5149 5157
f 5155 5157 5156
f 5156 5157 5158
f 5156 5158 5152
f 5157 5149 5159
f 5157 5159 5158
f 5158 5159 5160
f 5158 5160 5152
f 5159 5149 5161
f 5159 5161 5160
f 5160 5161 5162
f 5160 5162 5152
f 5161 5149 5163
f 5161 5163 5162
f 5162 5163 5164
f 5162 5164 5152
f 5163 5149 5165
f 5163 5165 5164
f 5164 5165 5166
f 5164 5166 5152
f 5165 5149 5150
f 5165 5150 5166
f 5166 5150 5151
f 5166 5151 5152
f 5168 5167 5171
f 5168 5171 5169
f 5169 5171 5172
f 5169 5172 5170
f 5171 5167 5173
f 5171 5173 5172
f 5172 5173 5174
f 5172 5174 5170
f 5173 5167 5175
f 5173 5175 5174
f 5174 5175 5176
f 5174 5176 5170
f 5175 5167 5177
f 5175 5177 5176
f 5176 5177 5178
f 5176 5178 5170
f 5177 5167 5179
f 5177 5179 5178
f 5178 5179 5180
f 5178 5180 5170
f 5179 5167 5181
f 5179 5181 5180
f 5180 5181 5182
f 5180 5182 5170
f 5181 5167 5183
f 5181 5183 5182
f 5182 5183 5184
f 5182 5184 5170
f 5183 5167 5168
f 5183 5168 5184
f 5184 5168 5169
f 5184 5169 5170
f 5186 5185 5189
f 5186 5189 5187
f 5187 5189 5190
f 5187 5190 5188
f 5189 5185 5191
f 5189 5191 5190
f 5190 5191 5192
f 5190 5192 5188
f 5191 5185 5193
f 5191 5193 5192
f 5192 5193 5194
f 5192 5194 5188
f 5193 5185 5195
f 5193 5195 5194
f 5194 5195 5196
f 5194 5196 5188
f 5195 5185 5197
f 5195 5197 5196
f 5196 5197 5198
f 5196 5198 5188
f 5197 5185 5199
f 5197 5199 5198
f 5198 5199 5200
f 5198 5200 5188
f 5199 5185 5201
f 5199 5201 5200
f 5200 5201 5202
f 5200 5202 5188
f 5201 5185 5186
f 5201 5186 5202
f 5202 5186 5187
f 5202 5187 5188
f 5204 5203 5207
f 5204 5207 5205
f 5205 5207 5208
f 5205 5208 5206
f 5207 5203 5209
f 5207 5209 5208
f 5208 5209 5210
f 5208 5210 5206
f 5209 5203 5211
f 5209 5211 5210
f 5210 5211 5212
f 5210 5212 5206
f 5211 5203 5213
f 5211 5213 5212
f 5212 5213 5214
f 5212 5214 5206
f 5213 5203 5215
f 5213 5215 5214
f 5214 5215 5216
f 5214 5216 5206
f 5215 5203 5217
f 5215 5217 5216
f 5216 5217 5218
f 5216 5218 5206
f 5217 5203 5219
f 5217 5219 5218
f 5218 5219 5220
f 5218 5220 5206
f 5219 5203 5204
f 5219 5204 5220
f 5220 5204 5205
f 5220 5205 5206
f 5222 5221 5225
f 5222 5225 5223
f 5223 5225 5226
f 5223 5226 5224
f 5225 5221 5227
f 5225 5227 5226
f 5226 5227 5228
f 5226 5228 5224
f 5227 5221 5229
f 5227 5229 5228
f 5228 5229 5230
f 5228 5230 5224
f 5229 5221 5231
f 5229 5231 5230
f 5230 5231 5232
f 5230 5232 5224
f 5231 5221 5233
f 5231 5233 5232
f 5232 5233 5234
f 5232 5234 5224
f 5233 5221 5235
f 5233 5235 5234
f 5234 5235 5236
f 5234 5236 5224
f 5235 5221 5237
f 5235 5237 5236
f 5236 5237 5238
f 5236 5238 5224
f 5237 5221 5222
f 5237 5222 5238
f 5238 5222 5223
f 5238 5223 5224
f 5240 5239 5243
f 5240 5243 5241
f 5241 5243 5244
f 5241 5244 5242
f 5243 5239 5245
f 5243 5245 5244
f 5244 5245 5246
f 5244 5246 5242
f 5245 5239 5247
f 5245 5247 5246
f 5246 5247 5248
f 5246 5248 5242
f 5247 5239 5249
f 5247 5249 5248
f 5248 5249 5250
f 5248 5250 5242
f 5249 5239 5251
f 5249 5251 5250
f 5250 5251 5252
f 5250 5252 5242
f 5251 5239 5253
f 5251 5253 5252
f 5252 5253 5254
f 5252 5254 5242
f 5253 5239 5255
f 5253 5255 5254
f 5254 5255 5256
f 5254 5256 5242
f 5255 5239 5240
f 5255 5240 5256
f 5256 5240 5241
f 5256 5241 5242
f 5258 5257 5261
f 5258 5261 5259
f 5259 5261 5262
f 5259 5262 5260
f 5261 5257 5263
f 5261 5263 5262
f 5262 5263 5264
f 5262 5264 5260
f 5263 5257 5265
f 5263 5265 5264
f 5264 5265 5266
f 5264 5266 5260
f 5265 5257 5267
f 5265 5267 5266
f 5266 5267 5268
f 5266 5268 5260
f 5267 5257 5269
f 5267 5269 5268
f 5268 5269 5270
f 5268 5270 5260
f 5269 5257 5271
f 5269 5271 5270
f 5270 5271 5272
f 5270 5272 5260
f 5271 5257 5273
f 5271 5273 5272
f 5272 5273 5274
f 5272 5274 5260
f 5273 5257 5258
f 5273 5258 5274
f 5274 5258 5259
f 5274 5259 5260
f 5276 5275 5279
f 5276 5279 5277
f 5277 5279 5280
f 5277 5280 5278
f 5279 5275 5281
f 5279 5281 5280
f 5280 5281 5282
f 5280 5282 5278
f 5281 5275 5283
f 5281 5283 5282
f 5282 5283 5284
f 5282 5284 5278
f 5283 5275 5285
f 5283 5285 5284
f 5284 5285 5286
f 5284 5286 5278
f 5285 5275 5287
f 5285 5287 5286
f 5286 5287 5288
f 5286 5288 5278
f 5287 5275 5289
f 5287 5289 5288
f 5288 5289 5290
f 5288 5290 5278
f 5289 5275 5291
f 5289 5291 5290
f 5290 5291 5292
f 5290 5292 5278
f 5291 5275 5276
f 5291 5276 5292
f 5292 5276 5277
f 5292 5277 5278
f 5294 5293 5297
f 5294 5297 5295
f 5295 5297 5298
f 5295 5298 5296
f 5297 5293 5299
f 5297 5299 5298
f 5298 5299 5300
f 5298 5300 5296
f 5299 5293 5301
f 5299 5301 5300
f 5300 5301 5302
f 5300 5302 5296
f 5301 5293 5303
f 5301 5303 5302
f 5302 5303 5304
f 5302 5304 5296
f 5303 5293 5305
f 5303 5305 5304
f 5304 5305 5306
f 5304 5306 5296
f 5305 5293 5307
f 5305 5307 5306
f 5306 5307 5308
f 5306 5308 5296
f 5307 5293 5309
f 5307 5309 5308
f 5308 5309 5310
f 5308 5310 5296
f 5309 5293 5294
f 5309 5294 5310
f 5310 5294 5295
f 5310 5295 5296
f 5312 5311 5315
f 5312 5315 5313
f 5313 5315 5316
f 5313 5316 5314
f 5315 5311 5317
f 5315 5317 5316
f 5316 5317 5318
f 5316 5318 5314
f 5317 5311 5319
f 5317 5319 5318
f 5318 5319 5320
f 5318 5320 5314
f 5319 5311 5321
f 5319 5321 5320
f 5320 5321 5322
f 5320 5322 5314
f 5321 5311 5323
f 5321 5323 5322
f 5322 5323 5324
f 5322 5324 5314
f 5323 5311 5325
f 5323 5325 5324
f 5324 5325 5326
f 5324 5326 5314
f 5325 5311 5327
f 5325 5327 5326
f 5326 5327 5328
f 5326 5328 5314
f 5327 5311 5312
f 5327 5312 5328
f 5328 5312 5313
f 5328 5313 5314
f 5330 5329 5333
f 5330 5333 5331
f 5331 5333 5334
f 5331 5334 5332
f 5333 5329 5335
f 5333 5335 5334
f 5334 5335 5336
f 5334 5336 5332
f 5335 5329 5337
f 5335 5337 5336
f 5336 5337 5338
f 5336 5338 5332
f 5337 5329 5339
f 5337 5339 5338
f 5338 5339 5340
f 5338 5340 5332
f 5339 5329 5341
f 5339 5341 5340
f 5340 5341 5342
f 5340 5342 5332
f 5341 5329 5343
f 5341 5343 5342
f 5342 5343 5344
f 5342 5344 5332
f 5343 5329 5345
f 5343 5345 5344
f 5344 5345 5346
f 5344 5346 5332
f 5345 5329 5330
f 5345 5330 5346
f 5346 5330 5331
f 5346 5331 5332
f 5348 5347 5351
f 5348 5351 5349
f 5349 5351 5352
f 5349 5352 5350
f 5351 5347 5353
f 5351 5353 5352
f 5352 5353 5354
f 5352 5354 5350
f 5353 5347 5355
f 5353 5355 5354
f 5354 5355 5356
f 5354 5356 5350
f 5355 5347 5357
f 5355 5357 5356
f 5356 5357 5358
f 5356 5358 5350
f 5357 5347 5359
f 5357 5359 5358
f 5358 5359 5360
f 5358 5360 5350
f 5359 5347 5361
f 5359 5361 5360
f 5360 5361 5362
f 5360 5362 5350
f 5361 5347 5363
f 5361 5363 5362
f 5362 5363 5364
f 5362 5364 5350
f 5363 5347 5348
f 5363 5348 5364
f 5364 5348 5349
f 5364 5349 5350
f 5366 5365 5369
f 5366 5369 5367
f 5367 5369 5370
f 5367 5370 5368
f 5369 5365 5371
f 5369 5371 5370
f 5370 5371 5372
f 5370 5372 5368
f 5371 5365 5373
f 5371 5373 5372
f 5372 5373 5374
f 5372 5374 5368
f 5373 5365 5375
f 5373 5375 5374
f 5374 5375 5376
f 5374 5376 5368
f 5375 5365 5377
f 5375 5377 5376
f 5376 5377 5378
f 5376 5378 5368
f 5377 5365 5379
f 5377 5379 5378
f 5378 5379 5380
f 5378 5380 5368
f 5379 5365 5381
f 5379 5381 5380
f 5380 5381 5382
f 5380 5382 5368
f 5381 5365 5366
f 5381 5366 5382
f 5382 5366 5367
f 5382 5367 5368
f 5384 5383 5387
f 5384 5387 5385
f 5385 5387 5388
f 5385 5388 5386
f 5387 5383 5389
f 5387 5389 5388
f 5388 5389 5390
f 5388 5390 5386
f 5389 5383 5391
f 5389 5391 5390
f 5390 5391 5392
f 5390 5392 5386
f 5391 5383 5393
f 5391 5393 5392
f 5392 5393 5394
f 5392 5394 5386
f 5393 5383 5395
f 5393 5395 5394
f 5394 5395 5396
f 5394 5396 5386
f 5395 5383 5397
f 5395 5397 5396
f 5396 5397 5398
f 5396 5398 5386
f 5397 5383 5399
f 5397 5399 5398
f 5398 5399 5400
f 5398 5400 5386
f 5399 5383 5384
f 5399 5384 5400
f 5400 5384 5385
f 5400 5385 5386
f 5402 5401 5405
f 5402 5405 5403
f 5403 5405 5406
f 5403 5406 5404
f 5405 5401 5407
f 5405 5407 5406
f 5406 5407 5408
f 5406 5408 5404
f 5407 5401 5409
f 5407 5409 5408
f 5408 5409 5410
f 5408 5410 5404
f 5409 5401 5411
f 5409 5411 5410
f 5410 5411 5412
f 5410 5412 5404
f 5411 5401 5413
f 5411 5413 5412
f 5412 5413 5414
f 5412 5414 5404
f 5413 5401 5415
f 5413 5415 5414
f 5414 5415 5416
f 5414 5416 5404
f 5415 5401 5417
f 5415 5417 5416
f 5416 5417 5418
f 5416 5418 5404
f 5417 5401 5402
f 5417 5402 5418
f 5418 5402 5403
f 5418 5403 5404
f 5420 5419 5423
f 5420 5423 5421
f 5421 5423 5424
f 5421 5424 5422
f 5423 5419 5425
f 5423 5425 5424
f 5424 5425 5426
f 5424 5426 5422
f 5425 5419 5427
f 5425 5427 5426
f 5426 5427 5428
f 5426 5428 5422
f 5427 5419 5429
f 5427 5429 5428
f 5428 5429 5430
f 5428 5430 5422
f 5429 5419 5431
f 5429 5431 5430
f 5430 5431 5432
f 5430 5432 5422
f 5431 5419 5433
f 5431 5433 5432
f 5432 5433 5434
f 5432 5434 5422
f 5433 5419 5435
f 5433 5435 5434
f 5434 5435 5436
f 5434 5436 5422
f 5435 5419 5420
f 5435 5420 5436
f 5436 5420 5421
f 5436 5421 5422
f 5438 5437 5441
f 5438 5441 5439
f 5439 5441 5442
f 5439 5442 5440
f 5441 5437 5443
f 5441 5443 5442
f 5442 5443 5444
f 5442 5444 5440
f 5443 5437 5445
f 5443 5445 5444
f 5444 5445 5446
f 5444 5446 5440
f 5445 5437 5447
f 5445 5447 5446
f 5446 5447 5448
f 5446 5448 5440
f 5447 5437 5449
f 5447 5449 5448
f 5448 5449 5450
f 5448 5450 5440
f 5449 5437 5451
f 5449 5451 5450
f 5450 5451 5452
f 5450 5452 5440
f 5451 5437 5453
f 5451 5453 5452
f 5452 5453 5454
f 5452 5454 5440
f 5453 5437 5438
f 5453 5438 5454
f 5454 5438 5439
f 5454 5439 5440
f 5456 5455 5459
f 5456 5459 5457
f 5457 5459 5460
f 5457 5460 5458
f 5459 5455 5461
f 5459 5461 5460
f 5460 5461 5462
f 5460 5462 5458
f 5461 5455 5463
f 5461 5463 5462
f 5462 5463 5464
f 5462 5464 5458
f 5463 5455 5465
f 5463 5465 5464
f 5464 5465 5466
f 5464 5466 5458
f 5465 5455 5467
f 5465 5467 5466
f 5466 5467 5468
f 5466 5468 5458
f 5467 5455 5469
f 5467 5469 5468
f 5468 5469 5470
f 5468 5470 5458
f 5469 5455 5471
f 5469 5471 5470
f 5470 5471 5472
f 5470 5472 5458
f 5471 5455 5456
f 5471 5456 5472
f 5472 5456 5457
f 5472 5457 5458
f 5474 5473 5477
f 5474 5477 5475
f 5475 5477 5478
f 5475 5478 5476
f 5477 5473 5479
f 5477 5479 5478
f 5478 5479 5480
f 5478 5480 5476
f 5479 5473 5481
f 5479 5481 5480
f 5480 5481 5482
f 5480 5482 5476
f 5481 5473 5483
f 5481 5483 5482
f 5482 5483 5484
f 5482 5484 5476
f 5483 5473 5485
f 5483 5485 5484
f 5484 5485 5486
f 5484 5486 5476
f 5485 5473 5487
f 5485 5487 5486
f 5486 5487 5488
f 5486 5488 5476
f 5487 5473 5489
f 5487 5489 5488
f 5488 5489 5490
f 5488 5490 5476
f 5489 5473 5474
f 5489 5474 5490
f 5490 5474 5475
f 5490 5475 5476
f 5492 5491 5495
f 5492 5495 5493
f 5493 5495 5496
f 5493 5496 5494
f 5495 5491 5497
f 5495 5497 5496
f 5496 5497 5498
f 5496 5498 5494
f 5497 5491 5499
f 5497 5499 5498
f 5498 5499 5500
f 5498 5500 5494
f 5499 5491 5501
f 5499 5501 5500
f 5500 5501 5502
f 5500 5502 5494
f 5501 5491 5503
f 5501 5503 5502
f 5502 5503 5504
f 5502 5504 5494
f 5503 5491 5505
f 5503 5505 5504
f 5504 5505 5506
f 5504 5506 5494
f 5505 5491 5507
f 5505 5507 5506
f 5506 5507 5508
f 5506 5508 5494
f 5507 5491 5492
f 5507 5492 5508
f 5508 5492 5493
f 5508 5493 5494
f 5510 5509 5513
f 5510 5513 5511
f 5511 5513 5514
f 5511 5514 5512
f 5513 5509 5515
f 5513 5515 5514
f 5514 5515 5516
f 5514 5516 5512
f 5515 5509 5517
f 5515 5517 5516
f 5516 5517 5518
f 5516 5518 5512
f 5517 5509 5519
f 5517 5519 5518
f 5518 5519 5520
f 5518 5520 5512
f 5519 5509 5521
f 5519 5521 5520
f 5520 5521 5522
f 5520 5522 5512
f 5521 5509 5523
f 5521 5523 5522
f 5522 5523 5524
f 5522 5524 5512
f 5523 5509 5525
f 5523 5525 5524
f 5524 5525 5526
f 5524 5526 5512
f 5525 5509 5510
f 5525 5510 5526
f 5526 5510 5511
f 5526 5511 5512
f 5528 5527 5531
f 5528 5531 5529
f 5529 5531 5532
f 5529 5532 5530
f 5531 5527 5533
f 5531 5533 5532
f 5532 5533 5534
f 5532 5534 5530
f 5533 5527 5535
f 5533 5535 5534
f 5534 5535 5536
f 5534 5536 5530
f 5535 5527 5537
f 5535 5537 5536
f 5536 5537 5538
f 5536 5538 5530
f 5537 5527 5539
f 5537 5539 5538
f 5538 5539 5540
f 5538 5540 5530
f 5539 5527 5541
f 5539 5541 5540
f 5540 5541 5542
f 5540 5542 5530
f 5541 5527 5543
f 5541 5543 5542
f 5542 5543 5544
f 5542 5544 5530
f 5543 5527 5528
f 5543 5528 5544
f 5544 5528 5529
f 5544 5529 5530
f 5546 5545 5549
f 5546 5549 5547
f 5547 5549 5550
f 5547 5550 5548
f 5549 5545 5551
f 5549 5551 5550
f 5550 5551 5552
f 5550 5552 5548
f 5551 5545 5553
f 5551 5553 5552
f 5552 5553 5554
f 5552 5554 5548
f 5553 5545 5555
f 5553 5555 5554
f 5554 5555 5556
f 5554 5556 5548
f 5555 5545 5557
f 5555 5557 5556
f 5556 5557 5558
f 5556 5558 5548
f 5557 5545 5559
f 5557 5559 5558
f 5558 5559 5560
f 5558 5560 5548
f 5559 5545 5561
f 5559 5561 5560
f 5560 5561 5562
f 5560 5562 5548
f 5561 5545 5546
f 5561 5546 5562
f 5562 5546 5547
f 5562 5547 5548
f 5564 5563 5567
f 5564 5567 5565
f 5565 5567 5568
f 5565 5568 5566
f 5567 5563 5569
f 5567 5569 5568
f 5568 5569 5570
f 5568 5570 5566
f 5569 5563 5571
f 5569 5571 5570
f 5570 5571 5572
f 5570 5572 5566
f 5571 5563 5573
f 5571 5573 5572
f 5572 5573 5574
f 5572 5574 5566
f 5573 5563 5575
f 5573 5575 5574
f 5574 5575 5576
f 5574 5576 5566
f 5575 5563 5577
f 5575 5577 5576
f 5576 5577 5578
f 5576 5578 5566
f 5577 5563 5579
f 5577 5579 5578
f 5578 5579 5580
f 5578 5580 5566
f 5579 5563 5564
f 5579 5564 5580
f 5580 5564 5565
f 5580 5565 5566
f 5582 5581 5585
f 5582 5585 5583
f 5583 5585 5586
f 5583 5586 5584
f 5585 5581 5587
f 5585 5587 5586
f 5586 5587 5588
f 5586 5588 5584
f 5587 5581 5589
f 5587 5589 5588
f 5588 5589 5590
f 5588 5590 5584
f 5589 5581 5591
f 5589 5591 5590
f 5590 5591 5592
f 5590 5592 5584
f 5591 5581 5593
f 5591 5593 5592
f 5592 5593 5594
f 5592 5594 5584
f 5593 5581 5595
f 5593 5595 5594
f 5594 5595 5596
f 5594 5596 5584
f 5595 5581 5597
f 5595 5597 5596
f 5596 5597 5598
f 5596 5598 5584
f 5597 5581 5582
f 5597 5582 5598
f 5598 5582 5583
f 5598 5583 5584
f 5600 5599 5603
f 5600 5603 5601
f 5601 5603 5604
f 5601 5604 5602
f 5603 5599 5605
f 5603 5605 5604
f 5604 5605 5606
f 5604 5606 5602
f 5605 5599 5607
f 5605 5607 5606
f 5606 5607 5608
f 5606 5608 5602
f 5607 5599 5609
f 5607 5609 5608
f 5608 5609 5610
f 5608 5610 5602
f 5609 5599 5611
f 5609 5611 5610
f 5610 5611 5612
f 5610 5612 5602
f 5611 5599 5613
f 5611 5613 5612
f 5612 5613 5614
f 5612 5614 5602
f 5613 5599 5615
f 5613 5615 5614
f 5614 5615 5616
f 5614 5616 5602
f 5615 5599 5600
f 5615 5600 5616
f 5616 5600 5601
f 5616 5601 5602
f 5618 5617 5621
f 5618 5621 5619
f 5619 5621 5622
f 5619 5622 5620
f 5621 5617 5623
f 5621 5623 5622
f 5622 5623 5624
f 5622 5624 5620
f 5623 5617 5625
f 5623 5625 5624
f 5624 5625 5626
f 5624 5626 5620
f 5625 5617 5627
f 5625 5627 5626
f 5626 5627 5628
f 5626 5628 5620
f 5627 5617 5629
f 5627 5629 5628
f 5628 5629 5630
f 5628 5630 5620
f 5629 5617 5631
f 5629 5631 5630
f 5630 5631 5632
f 5630 5632 5620
f 5631 5617 5633
f 5631 5633 5632
f 5632 5633 5634
f 5632 5634 5620
f 5633 5617 5618
f 5633 5618 5634
f 5634 5618 5619
f 5634 5619 5620
f 5636 5635 5639
f 5636 5639 5637
f 5637 5639 5640
f 5637 5640 5638
f 5639 5635 5641
f 5639 5641 5640
f 5640 5641 5642
f 5640 5642 5638
f 5641 5635 5643
f 5641 5643 5642
f 5642 5643 5644
f 5642 5644 5638
f 5643 5635 5645
f 5643 5645 5644
f 5644 5645 5646
f 5644 5646 5638
f 5645 5635 5647
f 5645 5647 5646
f 5646 5647 5648
f 5646 5648 5638
f 5647 5635 5649
f 5647 5649 5648
f 5648 5649 5650
f 5648 5650 5638
f 5649 5635 5651
f 5649 5651 5650
f 5650 5651 5652
f 5650 5652 5638
f 5651 5635 5636
f 5651 5636 5652
f 5652 5636 5637
f 5652 5637 5638
f 5654 5653 5657
f 5654 5657 5655
f 5655 5657 5658
f 5655 5658 5656
f 5657 5653 5659
f 5657 5659 5658
f 5658 5659 5660
f 5658 5660 5656
f 5659 5653 5661
f 5659 5661 5660
f 5660 5661 5662
f 5660 5662 5656
f 5661 5653 5663
f 5661 5663 5662
f 5662 5663 5664
f 5662 5664 5656
f 5663 5653 5665
f 5663 5665 5664
f 5664 5665 5666
f 5664 5666 5656
f 5665 5653 5667
f 5665 5667 5666
f 5666 5667 5668
f 5666 5668 5656
f 5667 5653 5669
f 5667 5669 5668
f 5668 5669 5670
f 5668 5670 5656
f 5669 5653 5654
f 5669 5654 5670
f 5670 5654 5655
f 5670 5655 5656
f 5672 5671 5675
f 5672 5675 5673
f 5673 5675 5676
f 5673 5676 5674
f 5675 5671 5677
f 5675 5677 5676
f 5676 5677 5678
f 5676 5678 5674
f 5677 5671 5679
f 5677 5679 5678
f 5678 5679 5680
f 5678 5680 5674
f 5679 5671 5681
f 5679 5681 5680
f 5680 5681 5682
f 5680 5682 5674
f 5681 5671 5683
f 5681 5683 5682
f 5682 5683 5684
f 5682 5684 5674
f 5683 5671 5685
f 5683 5685 5684
f 5684 5685 5686
f 5684 5686 5674
f 5685 5671 5687
f 5685 5687 5686
f 5686 5687 5688
f 5686 5688 5674
f 5687 5671 5672
f 5687 5672 5688
f 5688 5672 5673
f 5688 5673 5674
f 5690 5689 5693
f 5690 5693 5691
f 5691 5693 5694
f 5691 5694 5692
f 5693 5689 5695
f 5693 5695 5694
f 5694 5695 5696
f 5694 5696 5692
f 5695 5689 5697
f 5695 5697 5696
f 5696 5697 5698
f 5696 5698 5692
f 5697 5689 5699
f 5697 5699 5698
f 5698 5699 5700
f 5698 5700 5692
f 5699 5689 5701
f 5699 5701 5700
f 5700 5701 5702
f 5700 5702 5692
f 5701 5689 5703
f 5701 5703 5702
f 5702 5703 5704
f 5702 5704 5692
f 5703 5689 5705
f 5703 5705 5704
f 5704 5705 5706
f 5704 5706 5692
f 5705 5689 5690
f 5705 5690 5706
f 5706 5690 5691
f 5706 5691 5692
f 5708 5707 5711
f 5708 5711 5709
f 5709 5711 5712
f 5709 5712 5710
f 5711 5707 5713
f 5711 5713 5712
f 5712 5713 5714
f 5712 5714 5710
f 5713 5707 5715
f 5713 5715 5714
f 5714 5715 5716
f 5714 5716 5710
f 5715 5707 5717
f 5715 5717 5716
f 5716 5717 5718
f 5716 5718 5710
f 5717 5707 5719
f 5717 5719 5718
f 5718 5719 5720
f 5718 5720 5710
f 5719 5707 5721
f 5719 5721 5720
f 5720 5721 5722
f 5720 5722 5710
f 5721 5707 5723
f 5721 5723 5722
f 5722 5723 5724
f 5722 5724 5710
f 5723 5707 5708
f 5723 5708 5724
f 5724 5708 5709
f 5724 5709 5710
f 5726 5725 5729
f 5726 5729 5727
f 5727 5729 5730
f 5727 5730 5728
f 5729 5725 5731
f 5729 5731 5730
f 5730 5731 5732
f 5730 5732 5728
f 5731 5725 5733
f 5731 5733 5732
f 5732 5733 5734
f 5732 5734 5728
f 5733 5725 5735
f 5733 5735 5734
f 5734 5735 5736
f 5734 5736 5728
f 5735 5725 5737
f 5735 5737 5736
f 5736 5737 5738
f 5736 5738 5728
f 5737 5725 5739
f 5737 5739 5738
f 5738 5739 5740
f 5738 5740 5728
f 5739 5725 5741
f 5739 5741 5740
f 5740 5741 5742
f 5740 5742 5728
f 5741 5725 5726
f 5741 5726 5742
f 5742 5726 5727
f 5742 5727 5728
f 5744 5743 5747
f 5744 5747 5745
f 5745 5747 5748
f 5745 5748 5746
f 5747 5743 5749
f 5747 5749 5748
f 5748 5749 5750
f 5748 5750 5746
f 5749 5743 5751
f 5749 5751 5750
f 5750 5751 5752
f 5750 5752 5746
f 5751 5743 5753
f 5751 5753 5752
f 5752 5753 5754
f 5752 5754 5746
f 5753 5743 5755
f 5753 5755 5754
f 5754 5755 5756
f 5754 5756 5746
f 5755 5743 5757
f 5755 5757 5756
f 5756 5757 5758
f 5756 5758 5746
f 5757 5743 5759
f 5757 5759 5758
f 5758 5759 5760
f 5758 5760 5746
f 5759 5743 5744
f 5759 5744 5760
f 5760 5744 5745
f 5760 5745 5746
f 5762 5761 5765
f 5762 5765 5763
f 5763 5765 5766
f 5763 5766 5764
f 5765 5761 5767
f 5765 5767 5766
f 5766 5767 5768
f 5766 5768 5764
f 5767 5761 5769
f 5767 5769 5768
f 5768 5769 5770
f 5768 5770 5764
f 5769 5761 5771
f 5769 5771 5770
f 5770 5771 5772
f 5770 5772 5764
f 5771 5761 5773
f 5771 5773 5772
f 5772 5773 5774
f 5772 5774 5764
f 5773 5761 5775
f 5773 5775 5774
f 5774 5775 5776
f 5774 5776 5764
f 5775 5761 5777
f 5775 5777 5776
f 5776 5777 5778
f 5776 5778 5764
f 5777 5761 5762
f 5777 5762 5778
f 5778 5762 5763
f 5778 5763 5764
f 5780 5779 5783
f 5780 5783 5781
f 5781 5783 5784
f 5781 5784 5782
f 5783 5779 5785
f 5783 5785 5784
f 5784 5785 5786
f 5784 5786 5782
f 5785 5779 5787
f 5785 5787 5786
f 5786 5787 5788
f 5786 5788 5782
f 5787 5779 5789
f 5787 5789 5788
f 5788 5789 5790
f 5788 5790 5782
f 5789 5779 5791
f 5789 5791 5790
f 5790 5791 5792
f 5790 5792 5782
f 5791 5779 5793
f 5791 5793 5792
f 5792 5793 5794
f 5792 5794 5782
f 5793 5779 5795
f 5793 5795 5794
f 5794 5795 5796
f 5794 5796 5782
f 5795 5779 5780
f 5795 5780 5796
f 5796 5780 5781
f 5796 5781 5782
f 5798 5797 5801
f 5798 5801 5799
f 5799 5801 5802
f 5799 5802 5800
f 5801 5797 5803
f 5801 5803 5802
f 5802 5803 5804
f 5802 5804 5800
f 5803 5797 5805
f 5803 5805 5804
f 5804 5805 5806
f 5804 5806 5800
f 5805 5797 5807
f 5805 5807 5806
f 5806 5807 5808
f 5806 5808 5800
f 5807 5797 5809
f 5807 5809 5808
f 5808 5809 5810
f 5808 5810 5800
f 5809 5797 5811
f 5809 5811 5810
f 5810 5811 5812
f 5810 5812 5800
f 5811 5797 5813
f 5811 5813 5812
f 5812 5813 5814
f 5812 5814 5800
f 5813 5797 5798
f 5813 5798 5814
f 5814 5798 5799
f 5814 5799 5800
f 5816 5815 5819
f 5816 5819 5817
f 5817 5819 5820
f 5817 5820 5818
f 5819 5815 5821
f 5819 5821 5820
f 5820 5821 5822
f 5820 5822 5818
f 5821 5815 5823
f 5821 5823 5822
f 5822 5823 5824
f 5822 5824 5818
f 5823 5815 5825
f 5823 5825 5824
f 5824 5825 5826
f 5824 5826 5818
f 5825 5815 5827
f 5825 5827 5826
f 5826 5827 5828
f 5826 5828 5818
f 5827 5815 5829
f 5827 5829 5828
f 5828 5829 5830
f 5828 5830 5818
f 5829 5815 5831
f 5829 5831 5830
f 5830 5831 5832
f 5830 5832 5818
f 5831 5815 5816
f 5831 5816 5832
f 5832 5816 5817
f 5832 5817 5818
f 5834 5833 5837
f 5834 5837 5835
f 5835 5837 5838
f 5835 5838 5836
f 5837 5833 5839
f 5837 5839 5838
f 5838 5839 5840
f 5838 5840 5836
f 5839 5833 5841
f 5839 5841 5840
f 5840 5841 5842
f 5840 5842 5836
f 5841 5833 5843
f 5841 5843 5842
f 5842 5843 5844
f 5842 5844 5836
f 5843 5833 5845
f 5843 5845 5844
f 5844 5845 5846
f 5844 5846 5836
f 5845 5833 5847
f 5845 5847 5846
f 5846 5847 5848
f 5846 5848 5836
f 5847 5833 5849
f 5847 5849 5848
f 5848 5849 5850
f 5848 5850 5836
f 5849 5833 5834
f 5849 5834 5850
f 5850 5834 5835
f 5850 5835 5836
f 5852 5851 5855
f 5852 5855 5853
f 5853 5855 5856
f 5853 5856 5854
f 5855 5851 5857
f 5855 5857 5856
f 5856 5857 5858
f 5856 5858 5854
f 5857 5851 5859
f 5857 5859 5858
f 5858 5859 5860
f 5858 5860 5854
f 5859 5851 5861
f 5859 5861 5860
f 5860 5861 5862
f 5860 5862 5854
f 5861 5851 5863
f 5861 5863 5862
f 5862 5863 5864
f 5862 5864 5854
f 5863 5851 5865
f 5863 5865 5864
f 5864 5865 5866
f 5864 5866 5854
f 5865 5851 5867
f 5865 5867 5866
f 5866 5867 5868
f 5866 5868 5854
f 5867 5851 5852
f 5867 5852 5868
f 5868 5852 5853
f 5868 5853 5854
f 5870 5869 5873
f 5870 5873 5871
f 5871 5873 5874
f 5871 5874 5872
f 5873 5869 5875
f 5873 5875 5874
f 5874 5875 5876
f 5874 5876 5872
f 5875 5869 5877
f 5875 5877 5876
f 5876 5877 5878
f 5876 5878 5872
f 5877 5869 5879
f 5877 5879 5878
f 5878 5879 5880
f 5878 5880 5872
f 5879 5869 5881
f 5879 5881 5880
f 5880 5881 5882
f 5880 5882 5872
f 5881 5869 5883
f 5881 5883 5882
f 5882 5883 5884
f 5882 5884 5872
f 5883 5869 5885
f 5883 5885 5884
f 5884 5885 5886
f 5884 5886 5872
f 5885 5869 5870
f 5885 5870 5886
f 5886 5870 5871
f 5886 5871 5872
f 5888 5887 5891
f 5888 5891 5889
f 5889 5891 5892
f 5889 5892 5890
f 5891 5887 5893
f 5891 5893 5892
f 5892 5893 5894
f 5892 5894 5890
f 5893 5887 5895
f 5893 5895 5894
f 5894 5895 5896
f 5894 5896 5890
f 5895 5887 5897
f 5895 5897 5896
f 5896 5897 5898
f 5896 5898 5890
f 5897 5887 5899
f 5897 5899 5898
f 5898 5899 5900
f 5898 5900 5890
f 5899 5887 5901
f 5899 5901 5900
f 5900 5901 5902
f 5900 5902 5890
f 5901 5887 5903
f 5901 5903 5902
f 5902 5903 5904
f 5902 5904 5890
f 5903 5887 5888
f 5903 5888 5904
f 5904 5888 5889
f 5904 5889 5890
f 5906 5905 5909
f 5906 5909 5907
f 5907 5909 5910
f 5907 5910 5908
f 5909 5905 5911
f 5909 5911 5910
f 5910 5911 5912
f 5910 5912 5908
f 5911 5905 5913
f 5911 5913 5912
f 5912 5913 5914
f 5912 5914 5908
f 5913 5905 5915
f 5913 5915 5914
f 5914 5915 5916
f 5914 5916 5908
f 5915 5905 5917
f 5915 5917 5916
f 5916 5917 5918
f 5916 5918 5908
f 5917 5905 5919
f 5917 5919 5918
f 5918 5919 5920
f 5918 5920 5908
f 5919 5905 5921
f 5919 5921 5920
f 5920 5921 5922
f 5920 5922 5908
f 5921 5905 5906
f 5921 5906 5922
f 5922 5906 5907
f 5922 5907 5908
f 5924 5923 5927
f 5924 5927 5925
f 5925 5927 5928
f 5925 5928 5926
f 5927 5923 5929
f 5927 5929 5928
f 5928 5929 5930
f 5928 5930 5926
f 5929 5923 5931
f 5929 5931 5930
f 5930 5931 5932
f 5930 5932 5926
f 5931 5923 5933
f 5931 5933 5932
f 5932 5933 5934
f 5932 5934 5926
f 5933 5923 5935
f 5933 5935 5934
f 5934 5935 5936
f 5934 5936 5926
f 5935 5923 5937
f 5935 5937 5936
f 5936 5937 5938
f 5936 5938 5926
f 5937 5923 5939
f 5937 5939 5938
f 5938 5939 5940
f 5938 5940 5926
f 5939 5923 5924
f 5939 5924 5940
f 5940 5924 5925
f 5940 5925 5926
f 5942 5941 5945
f 5942 5945 5943
f 5943 5945 5946
f 5943 5946 5944
f 5945 5941 5947
f 5945 5947 5946
f 5946 5947 5948
f 5946 5948 5944
f 5947 5941 5949
f 5947 5949 5948
f 5948 5949 5950
f 5948 5950 5944
f 5949 5941 5951
f 5949 5951 5950
f 5950 5951 5952
f 5950 5952 5944
f 5951 5941 5953
f 5951 5953 5952
f 5952 5953 5954
f 5952 5954 5944
f 5953 5941 5955
f 5953 5955 5954
f 5954 5955 5956
f 5954 5956 5944
f 5955 5941 5957
f 5955 5957 5956
f 5956 5957 5958
f 5956 5958 5944
f 5957 5941 5942
f 5957 5942 5958
f 5958 5942 5943
f 5958 5943 5944
f 5960 5959 5963
f 5960 5963 5961
f 5961 5963 5964
f 5961 5964 5962
f 5963 5959 5965
f 5963 5965 5964
f 5964 5965 5966
f 5964 5966 5962
f 5965 5959 5967
f 5965 5967 5966
f 5966 5967 5968
f 5966 5968 5962
f 5967 5959 5969
f 5967 5969 5968
f 5968 5969 5970
f 5968 5970 5962
f 5969 5959 5971
f 5969 5971 5970
f 5970 5971 5972
f 5970 5972 5962
f 5971 5959 5973
f 5971 5973 5972
f 5972 5973 5974
f 5972 5974 5962
f 5973 5959 5975
f 5973 5975 5974
f 5974 5975 5976
f 5974 5976 5962
f 5975 5959 5960
f 5975 5960 5976
f 5976 5960 5961
f 5976 5961 5962
f 5978 5977 5981
f 5978 5981 5979
f 5979 5981 5982
f 5979 5982 5980
f 5981 5977 5983
f 5981 5983 5982
f 5982 5983 5984
f 5982 5984 5980
f 5983 5977 5985
f 5983 5985 5984
f 5984 5985 5986
f 5984 5986 5980
f 5985 5977 5987
f 5985 5987 5986
f 5986 5987 5988
f 5986 5988 5980
f 5987 5977 5989
f 5987 5989 5988
f 5988 5989 5990
f 5988 5990 5980
f 5989 5977 5991
f 5989 5991 5990
f 5990 5991 5992
f 5990 5992 5980
f 5991 5977 5993
f 5991 5993 5992
f 5992 5993 5994
f 5992 5994 5980
f 5993 5977 5978
f 5993 5978 5994
f 5994 5978 5979
f 5994 5979 5980
f 5996 5995 5999
f 5996 5999 5997
f 5997 5999 6000
f 5997 6000 5998
f 5999 5995 6001
f 5999 6001 6000
f 6000 6001 6002
f 6000 6002 5998
f 6001 5995 6003
f 6001 6003 6002
f 6002 6003 6004
f 6002 6004 5998
f 6003 5995 6005
f 6003 6005 6004
f 6004 6005 6006
f 6004 6006 5998
f 6005 5995 6007
f 6005 6007 6006
f 6006 6007 6008
f 6006 6008 5998
f 6007 5995 6009
f 6007 6009 6008
f 6008 6009 6010
f 6008 6010 5998
f 6009 5995 6011
f 6009 6011 6010
f 6010 6011 6012
f 6010 6012 5998
f 6011 5995 5996
f 6011 5996 6012
f 6012 5996 5997
f 6012 5997 5998
f 6014 6013 6017
f 6014 6017 6015
f 6015 6017 6018
f 6015 6018 6016
f 6017 6013 6019
f 6017 6019 6018
f 6018 6019 6020
f 6018 6020 6016
f 6019 6013 6021
f 6019 6021 6020
f 6020 6021 6022
f 6020 6022 6016
f 6021 6013 6023
f 6021 6023 6022
f 6022 6023 6024
f 6022 6024 6016
f 6023 6013 6025
f 6023 6025 6024
f 6024 6025 6026
f 6024 6026 6016
f 6025 6013 6027
f 6025 6027 6026
f 6026 6027 6028
f 6026 6028 6016
f 6027 6013 6029
f 6027 6029 6028
f 6028 6029 6030
f 6028 6030 6016
f 6029 6013 6014
f 6029 6014 6030
f 6030 6014 6015
f 6030 6015 6016
f 6032 6031 6035
f 6032 6035 6033
f 6033 6035 6036
f 6033 6036 6034
f 6035 6031 6037
f 6035 6037 6036
f 6036 6037 6038
f 6036 6038 6034
f 6037 6031 6039
f 6037 6039 6038
f 6038 6039 6040
f 6038 6040 6034
f 6039 6031 6041
f 6039 6041 6040
f 6040 6041 6042
f 6040 6042 6034
f 6041 6031 6043
f 6041 6043 6042
f 6042 6043 6044
f 6042 6044 6034
f 6043 6031 6045
f 6043 6045 6044
f 6044 6045 6046
f 6044 6046 6034
f 6045 6031 6047
f 6045 6047 6046
f 6046 6047 6048
f 6046 6048 6034
f 6047 6031 6032
f 6047 6032 6048
f 6048 6032 6033
f 6048 6033 6034
f 6050 6049 6053
f 6050 6053 6051
f 6051 6053 6054
f 6051 6054 6052
f 6053 6049 6055
f 6053 6055 6054
f 6054 6055 6056
f 6054 6056 6052
f 6055 6049 6057
f 6055 6057 6056
f 6056 6057 6058
f 6056 6058 6052
f 6057 6049 6059
f 6057 6059 6058
f 6058 6059 6060
f 6058 6060 6052
f 6059 6049 6061
f 6059 6061 6060
f 6060 6061 6062
f 6060 6062 6052
f 6061 6049 6063
f 6061 6063 6062
f 6062 6063 6064
f 6062 6064 6052
f 6063 6049 6065
f 6063 6065 6064
f 6064 6065 6066
f 6064 6066 6052
f 6065 6049 6050
f 6065 6050 6066
f 6066 6050 6051
f 6066 6051 6052
f 6068 6067 6071
f 6068 6071 6069
f 6069 6071 6072
f 6069 6072 6070
f 6071 6067 6073
f 6071 6073 6072
f 6072 6073 6074
f 6072 6074 6070
f 6073 6067 6075
f 6073 6075 6074
f 6074 6075 6076
f 6074 6076 6070
f 6075 6067 6077
f 6075 6077 6076
f 6076 6077 6078
f 6076 6078 6070
f 6077 6067 6079
f 6077 6079 6078
f 6078 6079 6080
f 6078 6080 6070
f 6079 6067 6081
f 6079 6081 6080
f 6080 6081 6082
f 6080 6082 6070
f 6081 6067 6083
f 6081 6083 6082
f 6082 6083 6084
f 6082 6084 6070
f 6083 6067 6068
f 6083 6068 6084
f 6084 6068 6069
f 6084 6069 6070
f 6086 6085 6089
f 6086 6089 6087
f 6087 6089 6090
f 6087 6090 6088
f 6089 6085 6091
f 6089 6091 6090
f 6090 6091 6092
f 6090 6092 6088
f 6091 6085 6093
f 6091 6093 6092
f 6092 6093 6094
f 6092 6094 6088
f 6093 6085 6095
f 6093 6095 6094
f 6094 6095 6096
f 6094 6096 6088
f 6095 6085 6097
f 6095 6097 6096
f 6096 6097 6098
f 6096 6098 6088
f 6097 6085 6099
f 6097 6099 6098
f 6098 6099 6100
f 6098 6100 6088
f 6099 6085 6101
f 6099 6101 6100
f 6100 6101 6102
f 6100 6102 6088
f 6101 6085 6086
f 6101 6086 6102
f 6102 6086 6087
f 6102 6087 6088
f 6104 6103 6107
f 6104 6107 6105
f 6105 6107 6108
f 6105 6108 6106
f 6107 6103 6109
f 6107 6109 6108
f 6108 6109 6110
f 6108 6110 6106
f 6109 6103 6111
f 6109 6111 6110
f 6110 6111 6112
f 6110 6112 6106
f 6111 6103 6113
f 6111 6113 6112
f 6112 6113 6114
f 6112 6114 6106
f 6113 6103 6115
f 6113 6115 6114
f 6114 6115 6116
f 6114 6116 6106
f 6115 6103 6117
f 6115 6117 6116
f 6116 6117 6118
f 6116 6118 6106
f 6117 6103 6119
f 6117 6119 6118
f 6118 6119 6120
f 6118 6120 6106
f 6119 6103 6104
f 6119 6104 6120
f 6120 6104 6105
f 6120 6105 6106
f 6122 6121 6125
f 6122 6125 6123
f 6123 6125 6126
f 6123 6126 6124
f 6125 6121 6127
f 6125 6127 6126
f 6126 6127 6128
f 6126 6128 6124
f 6127 6121 6129
f 6127 6129 6128
f 6128 6129 6130
f 6128 6130 6124
f 6129 6121 6131
f 6129 6131 6130
f 6130 6131 6132
f 6130 6132 6124
f 6131 6121 6133
f 6131 6133 6132
f 6132 6133 6134
f 6132 6134 6124
f 6133 6121 6135
f 6133 6135 6134
f 6134 6135 6136
f 6134 6136 6124
f 6135 6121 6137
f 6135 6137 6136
f 6136 6137 6138
f 6136 6138 6124
f 6137 6121 6122
f 6137 6122 6138
f 6138 6122 6123
f 6138 6123 6124
f 6140 6139 6143
f 6140 6143 6141
f 6141 6143 6144
f 6141 6144 6142
f 6143 6139 6145
f 6143 6145 6144
f 6144 6145 6146
f 6144 6146 6142
f 6145 6139 6147
f 6145 6147 6146
f 6146 6147 6148
f 6146 6148 6142
f 6147 6139 6149
f 6147 6149 6148
f 6148 6149 6150
f 6148 6150 6142
f 6149 6139 6151
f 6149 6151 6150
f 6150 6151 6152
f 6150 6152 6142
f 6151 6139 6153
f 6151 6153 6152
f 6152 6153 6154
f 6152 6154 6142
f 6153 6139 6155
f 6153 6155 6154
f 6154 6155 6156
f 6154 6156 6142
f 6155 6139 6140
f 6155 6140 6156
f 6156 6140 6141
f 6156 6141 6142
f 6158 6157 6161
f 6158 6161 6159
f 6159 6161 6162
f 6159 6162 6160
f 6161 6157 6163
f 6161 6163 6162
f 6162 6163 6164
f 6162 6164 6160
f 6163 6157 6165
f 6163 6165 6164
f 6164 6165 6166
f 6164 6166 6160
f 6165 6157 6167
f 6165 6167 6166
f 6166 6167 6168
f 6166 6168 6160
f 6167 6157 6169
f 6167 6169 6168
f 6168 6169 6170
f 6168 6170 6160
f 6169 6157 6171
f 6169 6171 6170
f 6170 6171 6172
f 6170 6172 6160
f 6171 6157 6173
f 6171 6173 6172
f 6172 6173 6174
f 6172 6174 6160
f 6173 6157 6158
f 6173 6158 6174
f 6174 6158 6159
f 6174 6159 6160
f 6176 6175 6179
f 6176 6179 6177
f 6177 6179 6180
f 6177 6180 6178
f 6179 6175 6181
f 6179 6181 6180
f 6180 6181 6182
f 6180 6182 6178
f 6181 6175 6183
f 6181 6183 6182
f 6182 6183 6184
f 6182 6184 6178
f 6183 6175 6185
f 6183 6185 6184
f 6184 6185 6186
f 6184 6186 6178
f 6185 6175 6187
f 6185 6187 6186
f 6186 6187 6188
f 6186 6188 6178
f 6187 6175 6189
f 6187 6189 6188
f 6188 6189 6190
f 6188 6190 6178
f 6189 6175 6191
f 6189 6191 6190
f 6190 6191 6192
f 6190 6192 6178
f 6191 6175 6176
f 6191 6176 6192
f 6192 6176 6177
f 6192 6177 6178
f 6194 6193 6197
f 6194 6197 6195
f 6195 6197 6198
f 6195 6198 6196
f 6197 6193 6199
f 6197 6199 6198
f 6198 6199 6200
f 6198 6200 6196
f 6199 6193 6201
f 6199 6201 6200
f 6200 6201 6202
f 6200 6202 6196
f 6201 6193 6203
f 6201 6203 6202
f 6202 6203 6204
f 6202 6204 6196
f 6203 6193 6205
f 6203 6205 6204
f 6204 6205 6206
f 6204 6206 6196
f 6205 6193 6207
f 6205 6207 6206
f 6206 6207 6208
f 6206 6208 6196
f 6207 6193 6209
f 6207 6209 6208
f 6208 6209 6210
f 6208 6210 6196
f 6209 6193 6194
f 6209 6194 6210
f 6210 6194 6195
f 6210 6195 6196
f 6212 6211 6215
f 6212 6215 6213
f 6213 6215 6216
f 6213 6216 6214
f 6215 6211 6217
f 6215 6217 6216
f 6216 6217 6218
f 6216 6218 6214
f 6217 6211 6219
f 6217 6219 6218
f 6218 6219 6220
f 6218 6220 6214
f 6219 6211 6221
f 6219 6221 6220
f 6220 6221 6222
f 6220 6222 6214
f 6221 6211 6223
f 6221 6223 6222
f 6222 6223 6224
f 6222 6224 6214
f 6223 6211 6225
f 6223 6225 6224
f 6224 6225 6226
f 6224 6226 6214
f 6225 6211 6227
f 6225 6227 6226
f 6226 6227 6228
f 6226 6228 6214
f 6227 6211 6212
f 6227 6212 6228
f 6228 6212 6213
f 6228 6213 6214
f 6230 6229 6233
f 6230 6233 6231
f 6231 6233 6234
f 6231 6234 6232
f 6233 6229 6235
f 6233 6235 6234
f 6234 6235 6236
f 6234 6236 6232
f 6235 6229 6237
f 6235 6237 6236
f 6236 6237 6238
f 6236 6238 6232
f 6237 6229 6239
f 6237 6239 6238
f 6238 6239 6240
f 6238 6240 6232
f 6239 6229 6241
f 6239 6241 6240
f 6240 6241 6242
f 6240 6242 6232
f 6241 6229 6243
f 6241 6243 6242
f 6242 6243 6244
f 6242 6244 6232
f 6243 6229 6245
f 6243 6245 6244
f 6244 6245 6246
f 6244 6246 6232
f 6245 6229 6230
f 6245 6230 6246
f 6246 6230 6231
f 6246 6231 6232
f 6248 6247 6251
f 6248 6251 6249
f 6249 6251 6252
f 6249 6252 6250
f 6251 6247 6253
f 6251 6253 6252
f 6252 6253 6254
f 6252 6254 6250
f 6253 6247 6255
f 6253 6255 6254
f 6254 6255 6256
f 6254 6256 6250
f 6255 6247 6257
f 6255 6257 6256
f 6256 6257 6258
f 6256 6258 6250
f 6257 6247 6259
f 6257 6259 6258
f 6258 6259 6260
f 6258 6260 6250
f 6259 6247 6261
f 6259 6261 6260
f 6260 6261 6262
f 6260 6262 6250
f 6261 6247 6263
f 6261 6263 6262
f 6262 6263 6264
f 6262 6264 6250
f 6263 6247 6248
f 6263 6248 6264
f 6264 6248 6249
f 6264 6249 6250
f 6266 6265 6269
f 6266 6269 6267
f 6267 6269 6270
f 6267 6270 6268
f 6269 6265 6271
f 6269 6271 6270
f 6270 6271 6272
f 6270 6272 6268
f 6271 6265 6273
f 6271 6273 6272
f 6272 6273 6274
f 6272 6274 6268
f 6273 6265 6275
f 6273 6275 6274
f 6274 6275 6276
f 6274 6276 6268
f 6275 6265 6277
f 6275 6277 6276
f 6276 6277 6278
f 6276 6278 6268
f 6277 6265 6279
f 6277 6279 6278
f 6278 6279 6280
f 6278 6280 6268
f 6279 6265 6281
f 6279 6281 6280
f 6280 6281 6282
f 6280 6282 6268
f 6281 6265 6266
f 6281 6266 6282
f 6282 6266 6267
f 6282 6267 6268
f 6284 6283 6287
f 6284 6287 6285
f 6285 6287 6288
f 6285 6288 6286
f 6287 6283 6289
f 6287 6289 6288
f 6288 6289 6290
f 6288 6290 6286
f 6289 6283 6291
f 6289 6291 6290
f 6290 6291 6292
f 6290 6292 6286
f 6291 6283 6293
f 6291 6293 6292
f 6292 6293 6294
f 6292 6294 6286
f 6293 6283 6295
f 6293 6295 6294
f 6294 6295 6296
f 6294 6296 6286
f 6295 6283 6297
f 6295 6297 6296
f 6296 6297 6298
f 6296 6298 6286
f 6297 6283 6299
f 6297 6299 6298
f 6298 6299 6300
f 6298 6300 6286
f 6299 6283 6284
f 6299 6284 6300
f 6300 6284 6285
f 6300 6285 6286
f 6302 6301 6305
f 6302 6305 6303
f 6303 6305 6306
f 6303 6306 6304
f 6305 6301 6307
f 6305 6307 6306
f 6306 6307 6308
f 6306 6308 6304
f 6307 6301 6309
f 6307 6309 6308
f 6308 6309 6310
f 6308 6310 6304
f 6309 6301 6311
f 6309 6311 6310
f 6310 6311 6312
f 6310 6312 6304
f 6311 6301 6313
f 6311 6313 6312
f 6312 6313 6314
f 6312 6314 6304
f 6313 6301 6315
f 6313 6315 6314
f 6314 6315 6316
f 6314 6316 6304
f 6315 6301 6317
f 6315 6317 6316
f 6316 6317 6318
f 6316 6318 6304
f 6317 6301 6302
f 6317 6302 6318
f 6318 6302 6303
f 6318 6303 6304
f 6320 6319 6323
f 6320 6323 6321
f 6321 6323 6324
f 6321 6324 6322
f 6323 6319 6325
f 6323 6325 6324
f 6324 6325 6326
f 6324 6326 6322
f 6325 6319 6327
f 6325 6327 6326
f 6326 6327 6328
f 6326 6328 6322
f 6327 6319 6329
f 6327 6329 6328
f 6328 6329 6330
f 6328 6330 6322
f 6329 6319 6331
f 6329 6331 6330
f 6330 6331 6332
f 6330 6332 6322
f 6331 6319 6333
f 6331 6333 6332
f 6332 6333 6334
f 6332 6334 6322
f 6333 6319 6335
f 6333 6335 6334
f 6334 6335 6336
f 6334 6336 6322
f 6335 6319 6320
f 6335 6320 6336
f 6336 6320 6321
f 6336 6321 6322
f 6338 6337 6341
f 6338 6341 6339
f 6339 6341 6342
f 6339 6342 6340
f 6341 6337 6343
f 6341 6343 6342
f 6342 6343 6344
f 6342 6344 6340
f 6343 6337 6345
f 6343 6345 6344
f 6344 6345 6346
f 6344 6346 6340
f 6345 6337 6347
f 6345 6347 6346
f 6346 6347 6348
f 6346 6348 6340
f 6347 6337 6349
f 6347 6349 6348
f 6348 6349 6350
f 6348 6350 6340
f 6349 6337 6351
f 6349 6351 6350
f 6350 6351 6352
f 6350 6352 6340
f 6351 6337 6353
f 6351 6353 6352
f 6352 6353 6354
f 6352 6354 6340
f 6353 6337 6338
f 6353 6338 6354
f 6354 6338 6339
f 6354 6339 6340
f 6356 6355 6359
f 6356 6359 6357
f 6357 6359 6360
f 6357 6360 6358
f 6359 6355 6361
f 6359 6361 6360
f 6360 6361 6362
f 6360 6362 6358
f 6361 6355 6363
f 6361 6363 6362
f 6362 6363 6364
f 6362 6364 6358
f 6363 6355 6365
f 6363 6365 6364
f 6364 6365 6366
f 6364 6366 6358
f 6365 6355 6367
f 6365 6367 6366
f 6366 6367 6368
f 6366 6368 6358
f 6367 6355 6369
f 6367 6369 6368
f 6368 6369 6370
f 6368 6370 6358
f 6369 6355 6371
f 6369 6371 6370
f 6370 6371 6372
f 6370 6372 6358
f 6371 6355 6356
f 6371 6356 6372
f 6372 6356 6357
f 6372 6357 6358
f 6374 6373 6377
f 6374 6377 6375
f 6375 6377 6378
f 6375 6378 6376
f 6377 6373 6379
f 6377 6379 6378
f 6378 6379 6380
f 6378 6380 6376
f 6379 6373 6381
f 6379 6381 6380
f 6380 6381 6382
f 6380 6382 6376
f 6381 6373 6383
f 6381 6383 6382
f 6382 6383 6384
f 6382 6384 6376
f 6383 6373 6385
f 6383 6385 6384
f 6384 6385 6386
f 6384 6386 6376
f 6385 6373 6387
f 6385 6387 6386
f 6386 6387 6388
f 6386 6388 6376
f 6387 6373 6389
f 6387 6389 6388
f 6388 6389 6390
f 6388 6390 6376
f 6389 6373 6374
f 6389 6374 6390
f 6390 6374 6375
f 6390 6375 6376
f 6392 6391 6395
f 6392 6395 6393
f 6393 6395 6396
f 6393 6396 6394
f 6395 6391 6397
f 6395 6397 6396
f 6396 6397 6398
f 6396 6398 6394
f 6397 6391 6399
f 6397 6399 6398
f 6398 6399 6400
f 6398 6400 6394
f 6399 6391 6401
f 6399 6401 6400
f 6400 6401 6402
f 6400 6402 6394
f 6401 6391 6403
f 6401 6403 6402
f 6402 6403 6404
f 6402 6404 6394
f 6403 6391 6405
f 6403 6405 6404
f 6404 6405 6406
f 6404 6406 6394
f 6405 6391 6407
f 6405 6407 6406
f 6406 6407 6408
f 6406 6408 6394
f 6407 6391 6392
f 6407 6392 6408
f 6408 6392 6393
f 6408 6393 6394
f 6410 6409 6413
f 6410 6413 6411
f 6411 6413 6414
f 6411 6414 6412
f 6413 6409 6415
f 6413 6415 6414
f 6414 6415 6416
f 6414 6416 6412
f 6415 6409 6417
f 6415 6417 6416
f 6416 6417 6418
f 6416 6418 6412
f 6417 6409 6419
f 6417 6419 6418
f 6418 6419 6420
f 6418 6420 6412
f 6419 6409 6421
f 6419 6421 6420
f 6420 6421 6422
f 6420 6422 6412
f 6421 6409 6423
f 6421 6423 6422
f 6422 6423 6424
f 6422 6424 6412
f 6423 6409 6425
f 6423 6425 6424
f 6424 6425 6426
f 6424 6426 6412
f 6425 6409 6410
f 6425 6410 6426
f 6426 6410 6411
f 6426 6411 6412
f 6428 6427 6431
f 6428 6431 6429
f 6429 6431 6432
f 6429 6432 6430
f 6431 6427 6433
f 6431 6433 6432
f 6432 6433 6434
f 6432 6434 6430
f 6433 6427 6435
f 6433 6435 6434
f 6434 6435 6436
f 6434 6436 6430
f 6435 6427 6437
f 6435 6437 6436
f 6436 6437 6438
f 6436 6438 6430
f 6437 6427 6439
f 6437 6439 6438
f 6438 6439 6440
f 6438 6440 6430
f 6439 6427 6441
f 6439 6441 6440
f 6440 6441 6442
f 6440 6442 6430
f 6441 6427 6443
f 6441 6443 6442
f 6442 6443 6444
f 6442 6444 6430
f 6443 6427 6428
f 6443 6428 6444
f 6444 6428 6429
f 6444 6429 6430
f 6446 6445 6449
f 6446 6449 6447
f 6447 6449 6450
f 6447 6450 6448
f 6449 6445 6451
f 6449 6451 6450
f 6450 6451 6452
f 6450 6452 6448
f 6451 6445 6453
f 6451 6453 6452
f 6452 6453 6454
f 6452 6454 6448
f 6453 6445 6455
f 6453 6455 6454
f 6454 6455 6456
f 6454 6456 6448
f 6455 6445 6457
f 6455 6457 6456
f 6456 6457 6458
f 6456 6458 6448
f 6457 6445 6459
f 6457 6459 6458
f 6458 6459 6460
f 6458 6460 6448
f 6459 6445 6461
f 6459 6461 6460
f 6460 6461 6462
f 6460 6462 6448
f 6461 6445 6446
f 6461 6446 6462
f 6462 6446 6447
f 6462 6447 6448
f 6464 6463 6467
f 6464 6467 6465
f 6465 6467 6468
f 6465 6468 6466
f 6467 6463 6469
f 6467 6469 6468
f 6468 6469 6470
f 6468 6470 6466
f 6469 6463 6471
f 6469 6471 6470
f 6470 6471 6472
f 6470 6472 6466
f 6471 6463 6473
f 6471 6473 6472
f 6472 6473 6474
f 6472 6474 6466
f 6473 6463 6475
f 6473 6475 6474
f 6474 6475 6476
f 6474 6476 6466
f 6475 6463 6477
f 6475 6477 6476
f 6476 6477 6478
f 6476 6478 6466
f 6477 6463 6479
f 6477 6479 6478
f 6478 6479 6480
f 6478 6480 6466
f 6479 6463 6464
f 6479 6464 6480
f 6480 6464 6465
f 6480 6465 6466
f 6482 6481 6485
f 6482 6485 6483
f 6483 6485 6486
f 6483 6486 6484
f 6485 6481 6487
f 6485 6487 6486
f 6486 6487 6488
f 6486 6488 6484
f 6487 6481 6489
f 6487 6489 6488
f 6488 6489 6490
f 6488 6490 6484
f 6489 6481 6491
f 6489 6491 6490
f 6490 6491 6492
f 6490 6492 6484
f 6491 6481 6493
f 6491 6493 6492
f 6492 6493 6494
f 6492 6494 6484
f 6493 6481 6495
f 6493 6495 6494
f 6494 6495 6496
f 6494 6496 6484
f 6495 6481 6497
f 6495 6497 6496
f 6496 6497 6498
f 6496 6498 6484
f 6497 6481 6482
f 6497 6482 6498
f 6498 6482 6483
f 6498 6483 6484
f 6500 6499 6503
f 6500 6503 6501
f 6501 6503 6504
f 6501 6504 6502
f 6503 6499 6505
f 6503 6505 6504
f 6504 6505 6506
f 6504 6506 6502
f 6505 6499 6507
f 6505 6507 6506
f 6506 6507 6508
f 6506 6508 6502
f 6507 6499 6509
f 6507 6509 6508
f 6508 6509 6510
f 6508 6510 6502
f 6509 6499 6511
f 6509 6511 6510
f 6510 6511 6512
f 6510 6512 6502
f 6511 6499 6513
f 6511 6513 6512
f 6512 6513 6514
f 6512 6514 6502
f 6513 6499 6515
f 6513 6515 6514
f 6514 6515 6516
f 6514 6516 6502
f 6515 6499 6500
f 6515 6500 6516
f 6516 6500 6501
f 6516 6501 6502
f 6518 6517 6521
f 6518 6521 6519
f 6519 6521 6522
f 6519 6522 6520
f 6521 6517 6523
f 6521 6523 6522
f 6522 6523 6524
f 6522 6524 6520
f 6523 6517 6525
f 6523 6525 6524
f 6524 6525 6526
f 6524 6526 6520
f 6525 6517 6527
f 6525 6527 6526
f 6526 6527 6528
f 6526 6528 6520
f 6527 6517 6529
f 6527 6529 6528
f 6528 6529 6530
f 6528 6530 6520
f 6529 6517 6531
f 6529 6531 6530
f 6530 6531 6532
f 6530 6532 6520
f 6531 6517 6533
f 6531 6533 6532
f 6532 6533 6534
f 6532 6534 6520
f 6533 6517 6518
f 6533 6518 6534
f 6534 6518 6519
f 6534 6519 6520
f 6536 6535 6539
f 6536 6539 6537
f 6537 6539 6540
f 6537 6540 6538
f 6539 6535 6541
f 6539 6541 6540
f 6540 6541 6542
f 6540 6542 6538
f 6541 6535 6543
f 6541 6543 6542
f 6542 6543 6544
f 6542 6544 6538
f 6543 6535 6545
f 6543 6545 6544
f 6544 6545 6546
f 6544 6546 6538
f 6545 6535 6547
f 6545 6547 6546
f 6546 6547 6548
f 6546 6548 6538
f 6547 6535 6549
f 6547 6549 6548
f 6548 6549 6550
f 6548 6550 6538
f 6549 6535 6551
f 6549 6551 6550
f 6550 6551 6552
f 6550 6552 6538
f 6551 6535 6536
f 6551 6536 6552
f 6552 6536 6537
f 6552 6537 6538
f 6554 6553 6557
f 6554 6557 6555
f 6555 6557 6558
f 6555 6558 6556
f 6557 6553 6559
f 6557 6559 6558
f 6558 6559 6560
f 6558 6560 6556
f 6559 6553 6561
f 6559 6561 6560
f 6560 6561 6562
f 6560 6562 6556
f 6561 6553 6563
f 6561 6563 6562
f 6562 6563 6564
f 6562 6564 6556
f 6563 6553 6565
f 6563 6565 6564
f 6564 6565 6566
f 6564 6566 6556
f 6565 6553 6567
f 6565 6567 6566
f 6566 6567 6568
f 6566 6568 6556
f 6567 6553 6569
f 6567 6569 6568
f 6568 6569 6570
f 6568 6570 6556
f 6569 6553 6554
f 6569 6554 6570
f 6570 6554 6555
f 6570 6555 6556
f 6572 6571 6575
f 6572 6575 6573
f 6573 6575 6576
f 6573 6576 6574
f 6575 6571 6577
f 6575 6577 6576
f 6576 6577 6578
f 6576 6578 6574
f 6577 6571 6579
f 6577 6579 6578
f 6578 6579 6580
f 6578 6580 6574
f 6579 6571 6581
f 6579 6581 6580
f 6580 6581 6582
f 6580 6582 6574
f 6581 6571 6583
f 6581 6583 6582
f 6582 6583 6584
f 6582 6584 6574
f 6583 6571 6585
f 6583 6585 6584
f 6584 6585 6586
f 6584 6586 6574
f 6585 6571 6587
f 6585 6587 6586
f 6586 6587 6588
f 6586 6588 6574
f 6587 6571 6572
f 6587 6572 6588
f 6588 6572 6573
f 6588 6573 6574
f 6590 6589 6593
f 6590 6593 6591
f 6591 6593 6594
f 6591 6594 6592
f 6593 6589 6595
f 6593 6595 6594
f 6594 6595 6596
f 6594 6596 6592
f 6595 6589 6597
f 6595 6597 6596
f 6596 6597 6598
f 6596 6598 6592
f 6597 6589 6599
f 6597 6599 6598
f 6598 6599 6600
f 6598 6600 6592
f 6599 6589 6601
f 6599 6601 6600
f 6600 6601 6602
f 6600 6602 6592
f 6601 6589 6603
f 6601 6603 6602
f 6602 6603 6604
f 6602 6604 6592
f 6603 6589 6605
f 6603 6605 6604
f 6604 6605 6606
f 6604 6606 6592
f 6605 6589 6590
f 6605 6590 6606
f 6606 6590 6591
f 6606 6591 6592
f 6608 6607 6611
f 6608 6611 6609
f 6609 6611 6612
f 6609 6612 6610
f 6611 6607 6613
f 6611 6613 6612
f 6612 6613 6614
f 6612 6614 6610
f 6613 6607 6615
f 6613 6615 6614
f 6614 6615 6616
f 6614 6616 6610
f 6615 6607 6617
f 6615 6617 6616
f 6616 6617 6618
f 6616 6618 6610
f 6617 6607 6619
f 6617 6619 6618
f 6618 6619 6620
f 6618 6620 6610
f 6619 6607 6621
f 6619 6621 6620
f 6620 6621 6622
f 6620 6622 6610
f 6621 6607 6623
f 6621 6623 6622
f 6622 6623 6624
f 6622 6624 6610
f 6623 6607 6608
f 6623 6608 6624
f 6624 6608 6609
f 6624 6609 6610
f 6626 6625 6629
f 6626 6629 6627
f 6627 6629 6630
f 6627 6630 6628
f 6629 6625 6631
f 6629 6631 6630
f 6630 6631 6632
f 6630 6632 6628
f 6631 6625 6633
f 6631 6633 6632
f 6632 6633 6634
f 6632 6634 6628
f 6633 6625 6635
f 6633 6635 6634
f 6634 6635 6636
f 6634 6636 6628
f 6635 6625 6637
f 6635 6637 6636
f 6636 6637 6638
f 6636 6638 6628
f 6637 6625 6639
f 6637 6639 6638
f 6638 6639 6640
f 6638 6640 6628
f 6639 6625 6641
f 6639 6641 6640
f 6640 6641 6642
f 6640 6642 6628
f 6641 6625 6626
f 6641 6626 6642
f 6642 6626 6627
f 6642 6627 6628
f 6644 6643 6647
f 6644 6647 6645
f 6645 6647 6648
f 6645 6648 6646
f 6647 6643 6649
f 6647 6649 6648
f 6648 6649 6650
f 6648 6650 6646
f 6649 6643 6651
f 6649 6651 6650
f 6650 6651 6652
f 6650 6652 6646
f 6651 6643 6653
f 6651 6653 6652
f 6652 6653 6654
f 6652 6654 6646
f 6653 6643 6655
f 6653 6655 6654
f 6654 6655 6656
f 6654 6656 6646
f 6655 6643 6657
f 6655 6657 6656
f 6656 6657 6658
f 6656 6658 6646
f 6657 6643 6659
f 6657 6659 6658
f 6658 6659 6660
f 6658 6660 6646
f 6659 6643 6644
f 6659 6644 6660
f 6660 6644 6645
f 6660 6645 6646
f 6662 6661 6665
f 6662 6665 6663
f 6663 6665 6666
f 6663 6666 6664
f 6665 6661 6667
f 6665 6667 6666
f 6666 6667 6668
f 6666 6668 6664
f 6667 6661 6669
f 6667 6669 6668
f 6668 6669 6670
f 6668 6670 6664
f 6669 6661 6671
f 6669 6671 6670
f 6670 6671 6672
f 6670 6672 6664
f 6671 6661 6673
f 6671 6673 6672
f 6672 6673 6674
f 6672 6674 6664
f 6673 6661 6675
f 6673 6675 6674
f 6674 6675 6676
f 6674 6676 6664
f 6675 6661 6677
f 6675 6677 6676
f 6676 6677 6678
f 6676 6678 6664
f 6677 6661 6662
f 6677 6662 6678
f 6678 6662 6663
f 6678 6663 6664
f 6680 6679 6683
f 6680 6683 6681
f 6681 6683 6684
f 6681 6684 6682
f 6683 6679 6685
f 6683 6685 6684
f 6684 6685 6686
f 6684 6686 6682
f 6685 6679 6687
f 6685 6687 6686
f 6686 6687 6688
f 6686 6688 6682
f 6687 6679 6689
f 6687 6689 6688
f 6688 6689 6690
f 6688 6690 6682
f 6689 6679 6691
f 6689 6691 6690
f 6690 6691 6692
f 6690 6692 6682
f 6691 6679 6693
f 6691 6693 6692
f 6692 6693 6694
f 6692 6694 6682
f 6693 6679 6695
f 6693 6695 6694
f 6694 6695 6696
f 6694 6696 6682
f 6695 6679 6680
f 6695 6680 6696
f 6696 6680 6681
f 6696 6681 6682
f 6698 6697 6701
f 6698 6701 6699
f 6699 6701 6702
f 6699 6702 6700
f 6701 6697 6703
f 6701 6703 6702
f 6702 6703 6704
f 6702 6704 6700
f 6703 6697 6705
f 6703 6705 6704
f 6704 6705 6706
f 6704 6706 6700
f 6705 6697 6707
f 6705 6707 6706
f 6706 6707 6708
f 6706 6708 6700
f 6707 6697 6709
f 6707 6709 6708
f 6708 6709 6710
f 6708 6710 6700
f 6709 6697 6711
f 6709 6711 6710
f 6710 6711 6712
f 6710 6712 6700
f 6711 6697 6713
f 6711 6713 6712
f 6712 6713 6714
f 6712 6714 6700
f 6713 6697 6698
f 6713 6698 6714
f 6714 6698 6699
f 6714 6699 6700
f 6716 6715 6719
f 6716 6719 6717
f 6717 6719 6720
f 6717 6720 6718
f 6719 6715 6721
f 6719 6721 6720
f 6720 6721 6722
f 6720 6722 6718
f 6721 6715 6723
f 6721 6723 6722
f 6722 6723 6724
f 6722 6724 6718
f 6723 6715 6725
f 6723 6725 6724
f 6724 6725 6726
f 6724 6726 6718
f 6725 6715 6727
f 6725 6727 6726
f 6726 6727 6728
f 6726 6728 6718
f 6727 6715 6729
f 6727 6729 6728
f 6728 6729 6730
f 6728 6730 6718
f 6729 6715 6731
f 6729 6731 6730
f 6730 6731 6732
f 6730 6732 6718
f 6731 6715 6716
f 6731 6716 6732
f 6732 6716 6717
f 6732 6717 6718
f 6734 6733 6737
f 6734 6737 6735
f 6735 6737 6738
f 6735 6738 6736
f 6737 6733 6739
f 6737 6739 6738
f 6738 6739 6740
f 6738 6740 6736
f 6739 6733 6741
f 6739 6741 6740
f 6740 6741 6742
f 6740 6742 6736
f 6741 6733 6743
f 6741 6743 6742
f 6742 6743 6744
f 6742 6744 6736
f 6743 6733 6745
f 6743 6745 6744
f 6744 6745 6746
f 6744 6746 6736
f 6745 6733 6747
f 6745 6747 6746
f 6746 6747 6748
f 6746 6748 6736
f 6747 6733 6749
f 6747 6749 6748
f 6748 6749 6750
f 6748 6750 6736
f 6749 6733 6734
f 6749 6734 6750
f 6750 6734 6735
f 6750 6735 6736
f 6752 6751 6755
f 6752 6755 6753
f 6753 6755 6756
f 6753 6756 6754
f 6755 6751 6757
f 6755 6757 6756
f 6756 6757 6758
f 6756 6758 6754
f 6757 6751 6759
f 6757 6759 6758
f 6758 6759 6760
f 6758 6760 6754
f 6759 6751 6761
f 6759 6761 6760
f 6760 6761 6762
f 6760 6762 6754
f 6761 6751 6763
f 6761 6763 6762
f 6762 6763 6764
f 6762 6764 6754
f 6763 6751 6765
f 6763 6765 6764
f 6764 6765 6766
f 6764 6766 6754
f 6765 6751 6767
f 6765 6767 6766
f 6766 6767 6768
f 6766 6768 6754
f 6767 6751 6752
f 6767 6752 6768
f 6768 6752 6753
f 6768 6753 6754
f 6770 6769 6773
f 6770 6773 6771
f 6771 6773 6774
f 6771 6774 6772
f 6773 6769 6775
f 6773 6775 6774
f 6774 6775 6776
f 6774 6776 6772
f 6775 6769 6777
f 6775 6777 6776
f 6776 6777 6778
f 6776 6778 6772
f 6777 6769 6779
f 6777 6779 6778
f 6778 6779 6780
f 6778 6780 6772
f 6779 6769 6781
f 6779 6781 6780
f 6780 6781 6782
f 6780 6782 6772
f 6781 6769 6783
f 6781 6783 6782
f 6782 6783 6784
f 6782 6784 6772
f 6783 6769 6785
f 6783 6785 6784
f 6784 6785 6786
f 6784 6786 6772
f 6785 6769 6770
f 6785 6770 6786
f 6786 6770 6771
f 6786 6771 6772
f 6788 6787 6791
f 6788 6791 6789
f 6789 6791 6792
f 6789 6792 6790
f 6791 6787 6793
f 6791 6793 6792
f 6792 6793 6794
f 6792 6794 6790
f 6793 6787 6795
f 6793 6795 6794
f 6794 6795 6796
f 6794 6796 6790
f 6795 6787 6797
f 6795 6797 6796
f 6796 6797 6798
f 6796 6798 6790
f 6797 6787 6799
f 6797 6799 6798
f 6798 6799 6800
f 6798 6800 6790
f 6799 6787 6801
f 6799 6801 6800
f 6800 6801 6802
f 6800 6802 6790
f 6801 6787 6803
f 6801 6803 6802
f 6802 6803 6804
f 6802 6804 6790
f 6803 6787 6788
f 6803 6788 6804
f 6804 6788 6789
f 6804 6789 6790
f 6806 6805 6809
f 6806 6809 6807
f 6807 6809 6810
f 6807 6810 6808
f 6809 6805 6811
f 6809 6811 6810
f 6810 6811 6812
f 6810 6812 6808
f 6811 6805 6813
f 6811 6813 6812
f 6812 6813 6814
f 6812 6814 6808
f 6813 6805 6815
f 6813 6815 6814
f 6814 6815 6816
f 6814 6816 6808
f 6815 6805 6817
f 6815 6817 6816
f 6816 6817 6818
f 6816 6818 6808
f 6817 6805 6819
f 6817 6819 6818
f 6818 6819 6820
f 6818 6820 6808
f 6819 6805 6821
f 6819 6821 6820
f 6820 6821 6822
f 6820 6822 6808
f 6821 6805 6806
f 6821 6806 6822
f 6822 6806 6807
f 6822 6807 6808
f 6824 6823 6827
f 6824 6827 6825
f 6825 6827 6828
f 6825 6828 6826
f 6827 6823 6829
f 6827 6829 6828
f 6828 6829 6830
f 6828 6830 6826
f 6829 6823 6831
f 6829 6831 6830
f 6830 6831 6832
f 6830 6832 6826
f 6831 6823 6833
f 6831 6833 6832
f 6832 6833 6834
f 6832 6834 6826
f 6833 6823 6835
f 6833 6835 6834
f 6834 6835 6836
f 6834 6836 6826
f 6835 6823 6837
f 6835 6837 6836
f 6836 6837 6838
f 6836 6838 6826
f 6837 6823 6839
f 6837 6839 6838
f 6838 6839 6840
f 6838 6840 6826
f 6839 6823 6824
f 6839 6824 6840
f 6840 6824 6825
f 6840 6825 6826
f 6842 6841 6845
f 6842 6845 6843
f 6843 6845 6846
f 6843 6846 6844
f 6845 6841 6847
f 6845 6847 6846
f 6846 6847 6848
f 6846 6848 6844
f 6847 6841 6849
f 6847 6849 6848
f 6848 6849 6850
f 6848 6850 6844
f 6849 6841 6851
f 6849 6851 6850
f 6850 6851 6852
f 6850 6852 6844
f 6851 6841 6853
f 6851 6853 6852
f 6852 6853 6854
f 6852 6854 6844
f 6853 6841 6855
f 6853 6855 6854
f 6854 6855 6856
f 6854 6856 6844
f 6855 6841 6857
f 6855 6857 6856
f 6856 6857 6858
f 6856 6858 6844
f 6857 6841 6842
f 6857 6842 6858
f 6858 6842 6843
f 6858 6843 6844
f 6860 6859 6863
f 6860 6863 6861
f 6861 6863 6864
f 6861 6864 6862
f 6863 6859 6865
f 6863 6865 6864
f 6864 6865 6866
f 6864 6866 6862
f 6865 6859 6867
f 6865 6867 6866
f 6866 6867 6868
f 6866 6868 6862
f 6867 6859 6869
f 6867 6869 6868
f 6868 6869 6870
f 6868 6870 6862
f 6869 6859 6871
f 6869 6871 6870
f 6870 6871 6872
f 6870 6872 6862
f 6871 6859 6873
f 6871 6873 6872
f 6872 6873 6874
f 6872 6874 6862
f 6873 6859 6875
f 6873 6875 6874
f 6874 6875 6876
f 6874 6876 6862
f 6875 6859 6860
f 6875 6860 6876
f 6876 6860 6861
f 6876 6861 6862
f 6878 6877 6881
f 6878 6881 6879
f 6879 6881 6882
f 6879 6882 6880
f 6881 6877 6883
f 6881 6883 6882
f 6882 6883 6884
f 6882 6884 6880
f 6883 6877 6885
f 6883 6885 6884
f 6884 6885 6886
f 6884 6886 6880
f 6885 6877 6887
f 6885 6887 6886
f 6886 6887 6888
f 6886 6888 6880
f 6887 6877 6889
f 6887 6889 6888
f 6888 6889 6890
f 6888 6890 6880
f 6889 6877 6891
f 6889 6891 6890
f 6890 6891 6892
f 6890 6892 6880
f 6891 6877 6893
f 6891 6893 6892
f 6892 6893 6894
f 6892 6894 6880
f 6893 6877 6878
f 6893 6878 6894
f 6894 6878 6879
f 6894 6879 6880
f 6896 6895 6899
f 6896 6899 6897
f 6897 6899 6900
f 6897 6900 6898
f 6899 6895 6901
f 6899 6901 6900
f 6900 6901 6902
f 6900 6902 6898
f 6901 6895 6903
f 6901 6903 6902
f 6902 6903 6904
f 6902 6904 6898
f 6903 6895 6905
f 6903 6905 6904
f 6904 6905 6906
f 6904 6906 6898
f 6905 6895 6907
f 6905 6907 6906
f 6906 6907 6908
f 6906 6908 6898
f 6907 6895 6909
f 6907 6909 6908
f 6908 6909 6910
f 6908 6910 6898
f 6909 6895 6911
f 6909 6911 6910
f 6910 6911 6912
f 6910 6912 6898
f 6911 6895 6896
f 6911 6896 6912
f 6912 6896 6897
f 6912 6897 6898
f 6914 6913 6917
f 6914 6917 6915
f 6915 6917 6918
f 6915 6918 6916
f 6917 6913 6919
f 6917 6919 6918
f 6918 6919 6920
f 6918 6920 6916
f 6919 6913 6921
f 6919 6921 6920
f 6920 6921 6922
f 6920 6922 6916
f 6921 6913 6923
f 6921 6923 6922
f 6922 6923 6924
f 6922 6924 6916
f 6923 6913 6925
f 6923 6925 6924
f 6924 6925 6926
f 6924 6926 6916
f 6925 6913 6927
f 6925 6927 6926
f 6926 6927 6928
f 6926 6928 6916
f 6927 6913 6929
f 6927 6929 6928
f 6928 6929 6930
f 6928 6930 6916
f 6929 6913 6914
f 6929 6914 6930
f 6930 6914 6915
f 6930 6915 6916
f 6932 6931 6935
f 6932 6935 6933
f 6933 6935 6936
f 6933 6936 6934
f 6935 6931 6937
f 6935 6937 6936
f 6936 6937 6938
f 6936 6938 6934
f 6937 6931 6939
f 6937 6939 6938
f 6938 6939 6940
f 6938 6940 6934
f 6939 6931 6941
f 6939 6941 6940
f 6940 6941 6942
f 6940 6942 6934
f 6941 6931 6943
f 6941 6943 6942
f 6942 6943 6944
f 6942 6944 6934
f 6943 6931 6945
f 6943 6945 6944
f 6944 6945 6946
f 6944 6946 6934
f 6945 6931 6947
f 6945 6947 6946
f 6946 6947 6948
f 6946 6948 6934
f 6947 6931 6932
f 6947 6932 6948
f 6948 6932 6933
f 6948 6933 6934
f 6950 6949 6953
f 6950 6953 6951
f 6951 6953 6954
f 6951 6954 6952
f 6953 6949 6955
f 6953 6955 6954
f 6954 6955 6956
f 6954 6956 6952
f 6955 6949 6957
f 6955 6957 6956
f 6956 6957 6958
f 6956 6958 6952
f 6957 6949 6959
f 6957 6959 6958
f 6958 6959 6960
f 6958 6960 6952
f 6959 6949 6961
f 6959 6961 6960
f 6960 6961 6962
f 6960 6962 6952
f 6961 6949 6963
f 6961 6963 6962
f 6962 6963 6964
f 6962 6964 6952
f 6963 6949 6965
f 6963 6965 6964
f 6964 6965 6966
f 6964 6966 6952
f 6965 6949 6950
f 6965 6950 6966
f 6966 6950 6951
f 6966 6951 6952
f 6968 6967 6971
f 6968 6971 6969
f 6969 6971 6972
f 6969 6972 6970
f 6971 6967 6973
f 6971 6973 6972
f 6972 6973 6974
f 6972 6974 6970
f 6973 6967 6975
f 6973 6975 6974
f 6974 6975 6976
f 6974 6976 6970
f 6975 6967 6977
f 6975 6977 6976
f 6976 6977 6978
f 6976 6978 6970
f 6977 6967 6979
f 6977 6979 6978
f 6978 6979 6980
f 6978 6980 6970
f 6979 6967 6981
f 6979 6981 6980
f 6980 6981 6982
f 6980 6982 6970
f 6981 6967 6983
f 6981 6983 6982
f 6982 6983 6984
f 6982 6984 6970
f 6983 6967 6968
f 6983 6968 6984
f 6984 6968 6969
f 6984 6969 6970
f 6986 6985 6989
f 6986 6989 6987
f 6987 6989 6990
f 6987 6990 6988
f 6989 6985 6991
f 6989 6991 6990
f 6990 6991 6992
f 6990 6992 6988
f 6991 6985 6993
f 6991 6993 6992
f 6992 6993 6994
f 6992 6994 6988
f 6993 6985 6995
f 6993 6995 6994
f 6994 6995 6996
f 6994 6996 6988
f 6995 6985 6997
f 6995 6997 6996
f 6996 6997 6998
f 6996 6998 6988
f 6997 6985 6999
f 6997 6999 6998
f 6998 6999 7000
f 6998 7000 6988
f 6999 6985 7001
f 6999 7001 7000
f 7000 7001 7002
f 7000 7002 6988
f 7001 6985 6986
f 7001 6986 7002
f 7002 6986 6987
f 7002 6987 6988
f 7004 7003 7007
f 7004 7007 7005
f 7005 7007 7008
f 7005 7008 7006
f 7007 7003 7009
f 7007 7009 7008
f 7008 7009 7010
f 7008 7010 7006
f 7009 7003 7011
f 7009 7011 7010
f 7010 7011 7012
f 7010 7012 7006
f 7011 7003 7013
f 7011 7013 7012
f 7012 7013 7014
f 7012 7014 7006
f 7013 7003 7015
f 7013 7015 7014
f 7014 7015 7016
f 7014 7016 7006
f 7015 7003 7017
f 7015 7017 7016
f 7016 7017 7018
f 7016 7018 7006
f 7017 7003 7019
f 7017 7019 7018
f 7018 7019 7020
f 7018 7020 7006
f 7019 7003 7004
f 7019 7004 7020
f 7020 7004 7005
f 7020 7005 7006
f 7022 7021 7025
f 7022 7025 7023
f 7023 7025 7026
f 7023 7026 7024
f 7025 7021 7027
f 7025 7027 7026
f 7026 7027 7028
f 7026 7028 7024
f 7027 7021 7029
f 7027 7029 7028
f 7028 7029 7030
f 7028 7030 7024
f 7029 7021 7031
f 7029 7031 7030
f 7030 7031 7032
f 7030 7032 7024
f 7031 7021 7033
f 7031 7033 7032
f 7032 7033 7034
f 7032 7034 7024
f 7033 7021 7035
f 7033 7035 7034
f 7034 7035 7036
f 7034 7036 7024
f 7035 7021 7037
f 7035 7037 7036
f 7036 7037 7038
f 7036 7038 7024
f 7037 7021 7022
f 7037 7022 7038
f 7038 7022 7023
f 7038 7023 7024
f 7040 7039 7043
f 7040 7043 7041
f 7041 7043 7044
f 7041 7044 7042
f 7043 7039 7045
f 7043 7045 7044
f 7044 7045 7046
f 7044 7046 7042
f 7045 7039 7047
f 7045 7047 7046
f 7046 7047 7048
f 7046 7048 7042
f 7047 7039 7049
f 7047 7049 7048
f 7048 7049 7050
f 7048 7050 7042
f 7049 7039 7051
f 7049 7051 7050
f 7050 7051 7052
f 7050 7052 7042
f 7051 7039 7053
f 7051 7053 7052
f 7052 7053 7054
f 7052 7054 7042
f 7053 7039 7055
f 7053 7055 7054
f 7054 7055 7056
f 7054 7056 7042
f 7055 7039 7040
f 7055 7040 7056
f 7056 7040 7041
f 7056 7041 7042
f 7058 7057 7061
f 7058 7061 7059
f 7059 7061 7062
f 7059 7062 7060
f 7061 7057 7063
f 7061 7063 7062
f 7062 7063 7064
f 7062 7064 7060
f 7063 7057 7065
f 7063 7065 7064
f 7064 7065 7066
f 7064 7066 7060
f 7065 7057 7067
f 7065 7067 7066
f 7066 7067 7068
f 7066 7068 7060
f 7067 7057 7069
f 7067 7069 7068
f 7068 7069 7070
f 7068 7070 7060
f 7069 7057 7071
f 7069 7071 7070
f 7070 7071 7072
f 7070 7072 7060
f 7071 7057 7073
f 7071 7073 7072
f 7072 7073 7074
f 7072 7074 7060
f 7073 7057 7058
f 7073 7058 7074
f 7074 7058 7059
f 7074 7059 7060
f 7076 7075 7079
f 7076 7079 7077
f 7077 7079 7080
f 7077 7080 7078
f 7079 7075 7081
f 7079 7081 7080
f 7080 7081 7082
f 7080 7082 7078
f 7081 7075 7083
f 7081 7083 7082
f 7082 7083 7084
f 7082 7084 7078
f 7083 7075 7085
f 7083 7085 7084
f 7084 7085 7086
f 7084 7086 7078
f 7085 7075 7087
f 7085 7087 7086
f 7086 7087 7088
f 7086 7088 7078
f 7087 7075 7089
f 7087 7089 7088
f 7088 7089 7090
f 7088 7090 7078
f 7089 7075 7091
f 7089 7091 7090
f 7090 7091 7092
f 7090 7092 7078
f 7091 7075 7076
f 7091 7076 7092
f 7092 7076 7077
f 7092 7077 7078
f 7094 7093 7097
f 7094 7097 7095
f 7095 7097 7098
f 7095 7098 7096
f 7097 7093 7099
f 7097 7099 7098
f 7098 7099 7100
f 7098 7100 7096
f 7099 7093 7101
f 7099 7101 7100
f 7100 7101 7102
f 7100 7102 7096
f 7101 7093 7103
f 7101 7103 7102
f 7102 7103 7104
f 7102 7104 7096
f 7103 7093 7105
f 7103 7105 7104
f 7104 7105 7106
f 7104 7106 7096
f 7105 7093 7107
f 7105 7107 7106
f 7106 7107 7108
f 7106 7108 7096
f 7107 7093 7109
f 7107 7109 7108
f 7108 7109 7110
f 7108 7110 7096
f 7109 7093 7094
f 7109 7094 7110
f 7110 7094 7095
f 7110 7095 7096
f 7112 7111 7115
f 7112 7115 7113
f 7113 7115 7116
f 7113 7116 7114
f 7115 7111 7117
f 7115 7117 7116
f 7116 7117 7118
f 7116 7118 7114
f 7117 7111 7119
f 7117 7119 7118
f 7118 7119 7120
f 7118 7120 7114
f 7119 7111 7121
f 7119 7121 7120
f 7120 7121 7122
f 7120 7122 7114
f 7121 7111 7123
f 7121 7123 7122
f 7122 7123 7124
f 7122 7124 7114
f 7123 7111 7125
f 7123 7125 7124
f 7124 7125 7126
f 7124 7126 7114
f 7125 7111 7127
f 7125 7127 7126
f 7126 7127 7128
f 7126 7128 7114
f 7127 7111 7112
f 7127 7112 7128
f 7128 7112 7113
f 7128 7113 7114
f 7130 7129 7133
f 7130 7133 7131
f 7131 7133 7134
f 7131 7134 7132
f 7133 7129 7135
f 7133 7135 7134
f 7134 7135 7136
f 7134 7136 7132
f 7135 7129 7137
f 7135 7137 7136
f 7136 7137 7138
f 7136 7138 7132
f 7137 7129 7139
f 7137 7139 7138
f 7138 7139 7140
f 7138 7140 7132
f 7139 7129 7141
f 7139 7141 7140
f 7140 7141 7142
f 7140 7142 7132
f 7141 7129 7143
f 7141 7143 7142
f 7142 7143 7144
f 7142 7144 7132
f 7143 7129 7145
f 7143 7145 7144
f 7144 7145 7146
f 7144 7146 7132
f 7145 7129 7130
f 7145 7130 7146
f 7146 7130 7131
f 7146 7131 7132
f 7148 7147 7151
f 7148 7151 7149
f 7149 7151 7152
f 7149 7152 7150
f 7151 7147 7153
f 7151 7153 7152
f 7152 7153 7154
f 7152 7154 7150
f 7153 7147 7155
f 7153 7155 7154
f 7154 7155 7156
f 7154 7156 7150
f 7155 7147 7157
f 7155 7157 7156
f 7156 7157 7158
f 7156 7158 7150
f 7157 7147 7159
f 7157 7159 7158
f 7158 7159 7160
f 7158 7160 7150
f 7159 7147 7161
f 7159 7161 7160
f 7160 7161 7162
f 7160 7162 7150
f 7161 7147 7163
f 7161 7163 7162
f 7162 7163 7164
f 7162 7164 7150
f 7163 7147 7148
f 7163 7148 7164
f 7164 7148 7149
f 7164 7149 7150
f 7166 7165 7169
f 7166 7169 7167
f 7167 7169 7170
f 7167 7170 7168
f 7169 7165 7171
f 7169 7171 7170
f 7170 7171 7172
f 7170 7172 7168
f 7171 7165 7173
f 7171 7173 7172
f 7172 7173 7174
f 7172 7174 7168
f 7173 7165 7175
f 7173 7175 7174
f 7174 7175 7176
f 7174 7176 7168
f 7175 7165 7177
f 7175 7177 7176
f 7176 7177 7178
f 7176 7178 7168
f 7177 7165 7179
f 7177 7179 7178
f 7178 7179 7180
f 7178 7180 7168
f 7179 7165 7181
f 7179 7181 7180
f 7180 7181 7182
f 7180 7182 7168
f 7181 7165 7166
f 7181 7166 7182
f 7182 7166 7167
f 7182 7167 7168
f 7184 7183 7187
f 7184 7187 7185
f 7185 7187 7188
f 7185 7188 7186
f 7187 7183 7189
f 7187 7189 7188
f 7188 7189 7190
f 7188 7190 7186
f 7189 7183 7191
f 7189 7191 7190
f 7190 7191 7192
f 7190 7192 7186
f 7191 7183 7193
f 7191 7193 7192
f 7192 7193 7194
f 7192 7194 7186
f 7193 7183 7195
f 7193 7195 7194
f 7194 7195 7196
f 7194 7196 7186
f 7195 7183 7197
f 7195 7197 7196
f 7196 7197 7198
f 7196 7198 7186
f 7197 7183 7199
f 7197 7199 7198
f 7198 7199 7200
f 7198 7200 7186
f 7199 7183 7184
f 7199 7184 7200
f 7200 7184 7185
f 7200 7185 7186
f 7202 7201 7205
f 7202 7205 7203
f 7203 7205 7206
f 7203 7206 7204
f 7205 7201 7207
f 7205 7207 7206
f 7206 7207 7208
f 7206 7208 7204
f 7207 7201 7209
f 7207 7209 7208
f 7208 7209 7210
f 7208 7210 7204
f 7209 7201 7211
f 7209 7211 7210
f 7210 7211 7212
f 7210 7212 7204
f 7211 7201 7213
f 7211 7213 7212
f 7212 7213 7214
f 7212 7214 7204
f 7213 7201 7215
f 7213 7215 7214
f 7214 7215 7216
f 7214 7216 7204
f 7215 7201 7217
f 7215 7217 7216
f 7216 7217 7218
f 7216 7218 7204
f 7217 7201 7202
f 7217 7202 7218
f 7218 7202 7203
f 7218 7203 7204
f 7220 7219 7223
f 7220 7223 7221
f 7221 7223 7224
f 7221 7224 7222
f 7223 7219 7225
f 7223 7225 7224
f 7224 7225 7226
f 7224 7226 7222
f 7225 7219 7227
f 7225 7227 7226
f 7226 7227 7228
f 7226 7228 7222
f 7227 7219 7229
f 7227 7229 7228
f 7228 7229 7230
f 7228 7230 7222
f 7229 7219 7231
f 7229 7231 7230
f 7230 7231 7232
f 7230 7232 7222
f 7231 7219 7233
f 7231 7233 7232
f 7232 7233 7234
f 7232 7234 7222
f 7233 7219 7235
f 7233 7235 7234
f 7234 7235 7236
f 7234 7236 7222
f 7235 7219 7220
f 7235 7220 7236
f 7236 7220 7221
f 7236 7221 7222
f 7238 7237 7241
f 7238 7241 7239
f 7239 7241 7242
f 7239 7242 7240
f 7241 7237 7243
f 7241 7243 7242
f 7242 7243 7244
f 7242 7244 7240
f 7243 7237 7245
f 7243 7245 7244
f 7244 7245 7246
f 7244 7246 7240
f 7245 7237 7247
f 7245 7247 7246
f 7246 7247 7248
f 7246 7248 7240
f 7247 7237 7249
f 7247 7249 7248
f 7248 7249 7250
f 7248 7250 7240
f 7249 7237 7251
f 7249 7251 7250
f 7250 7251 7252
f 7250 7252 7240
f 7251 7237 7253
f 7251 7253 7252
f 7252 7253 7254
f 7252 7254 7240
f 7253 7237 7238
f 7253 7238 7254
f 7254 7238 7239
f 7254 7239 7240
f 7256 7255 7259
f 7256 7259 7257
f 7257 7259 7260
f 7257 7260 7258
f 7259 7255 7261
f 7259 7261 7260
f 7260 7261 7262
f 7260 7262 7258
f 7261 7255 7263
f 7261 7263 7262
f 7262 7263 7264
f 7262 7264 7258
f 7263 7255 7265
f 7263 7265 7264
f 7264 7265 7266
f 7264 7266 7258
f 7265 7255 7267
f 7265 7267 7266
f 7266 7267 7268
f 7266 7268 7258
f 7267 7255 7269
f 7267 7269 7268
f 7268 7269 7270
f 7268 7270 7258
f 7269 7255 7271
f 7269 7271 7270
f 7270 7271 7272
f 7270 7272 7258
f 7271 7255 7256
f 7271 7256 7272
f 7272 7256 7257
f 7272 7257 7258
f 7274 7273 7277
f 7274 7277 7275
f 7275 7277 7278
f 7275 7278 7276
f 7277 7273 7279
f 7277 7279 7278
f 7278 7279 7280
f 7278 7280 7276
f 7279 7273 7281
f 7279 7281 7280
f 7280 7281 7282
f 7280 7282 7276
f 7281 7273 7283
f 7281 7283 7282
f 7282 7283 7284
f 7282 7284 7276
f 7283 7273 7285
f 7283 7285 7284
f 7284 7285 7286
f 7284 7286 7276
f 7285 7273 7287
f 7285 7287 7286
f 7286 7287 7288
f 7286 7288 7276
f 7287 7273 7289
f 7287 7289 7288
f 7288 7289 7290
f 7288 7290 7276
f 7289 7273 7274
f 7289 7274 7290
f 7290 7274 7275
f 7290 7275 7276
f 7292 7291 7295
f 7292 7295 7293
f 7293 7295 7296
f 7293 7296 7294
f 7295 7291 7297
f 7295 7297 7296
f 7296 7297 7298
f 7296 7298 7294
f 7297 7291 7299
f 7297 7299 7298
f 7298 7299 7300
f 7298 7300 7294
f 7299 7291 7301
f 7299 7301 7300
f 7300 7301 7302
f 7300 7302 7294
f 7301 7291 7303
f 7301 7303 7302
f 7302 7303 7304
f 7302 7304 7294
f 7303 7291 7305
f 7303 7305 7304
f 7304 7305 7306
f 7304 7306 7294
f 7305 7291 7307
f 7305 7307 7306
f 7306 7307 7308
f 7306 7308 7294
f 7307 7291 7292
f 7307 7292 7308
f 7308 7292 7293
f 7308 7293 7294
f 7310 7309 7313
f 7310 7313 7311
f 7311 7313 7314
f 7311 7314 7312
f 7313 7309 7315
f 7313 7315 7314
f 7314 7315 7316
f 7314 7316 7312
f 7315 7309 7317
f 7315 7317 7316
f 7316 7317 7318
f 7316 7318 7312
f 7317 7309 7319
f 7317 7319 7318
f 7318 7319 7320
f 7318 7320 7312
f 7319 7309 7321
f 7319 7321 7320
f 7320 7321 7322
f 7320 7322 7312
f 7321 7309 7323
f 7321 7323 7322
f 7322 7323 7324
f 7322 7324 7312
f 7323 7309 7325
f 7323 7325 7324
f 7324 7325 7326
f 7324 7326 7312
f 7325 7309 7310
f 7325 7310 7326
f 7326 7310 7311
f 7326 7311 7312
f 7328 7327 7331
f 7328 7331 7329
f 7329 7331 7332
f 7329 7332 7330
f 7331 7327 7333
f 7331 7333 7332
f 7332 7333 7334
f 7332 7334 7330
f 7333 7327 7335
f 7333 7335 7334
f 7334 7335 7336
f 7334 7336 7330
f 7335 7327 7337
f 7335 7337 7336
f 7336 7337 7338
f 7336 7338 7330
f 7337 7327 7339
f 7337 7339 7338
f 7338 7339 7340
f 7338 7340 7330
f 7339 7327 7341
f 7339 7341 7340
f 7340 7341 7342
f 7340 7342 7330
f 7341 7327 7343
f 7341 7343 7342
f 7342 7343 7344
f 7342 7344 7330
f 7343 7327 7328
f 7343 7328 7344
f 7344 7328 7329
f 7344 7329 7330
f 7346 7345 7349
f 7346 7349 7347
f 7347 7349 7350
f 7347 7350 7348
f 7349 7345 7351
f 7349 7351 7350
f 7350 7351 7352
f 7350 7352 7348
f 7351 7345 7353
f 7351 7353 7352
f 7352 7353 7354
f 7352 7354 7348
f 7353 7345 7355
f 7353 7355 7354
f 7354 7355 7356
f 7354 7356 7348
f 7355 7345 7357
f 7355 7357 7356
f 7356 7357 7358
f 7356 7358 7348
f 7357 7345 7359
f 7357 7359 7358
f 7358 7359 7360
f 7358 7360 7348
f 7359 7345 7361
f 7359 7361 7360
f 7360 7361 7362
f 7360 7362 7348
f 7361 7345 7346
f 7361 7346 7362
f 7362 7346 7347
f 7362 7347 7348
f 7364 7363 7367
f 7364 7367 7365
f 7365 7367 7368
f 7365 7368 7366
f 7367 7363 7369
f 7367 7369 7368
f 7368 7369 7370
f 7368 7370 7366
f 7369 7363 7371
f 7369 7371 7370
f 7370 7371 7372
f 7370 7372 7366
f 7371 7363 7373
f 7371 7373 7372
f 7372 7373 7374
f 7372 7374 7366
f 7373 7363 7375
f 7373 7375 7374
f 7374 7375 7376
f 7374 7376 7366
f 7375 7363 7377
f 7375 7377 7376
f 7376 7377 7378
f 7376 7378 7366
f 7377 7363 7379
f 7377 7379 7378
f 7378 7379 7380
f 7378 7380 7366
f 7379 7363 7364
f 7379 7364 7380
f 7380 7364 7365
f 7380 7365 7366
f 7382 7381 7385
f 7382 7385 7383
f 7383 7385 7386
f 7383 7386 7384
f 7385 7381 7387
f 7385 7387 7386
f 7386 7387 7388
f 7386 7388 7384
f 7387 7381 7389
f 7387 7389 7388
f 7388 7389 7390
f 7388 7390 7384
f 7389 7381 7391
f 7389 7391 7390
f 7390 7391 7392
f 7390 7392 7384
f 7391 7381 7393
f 7391 7393 7392
f 7392 7393 7394
f 7392 7394 7384
f 7393 7381 7395
f 7393 7395 7394
f 7394 7395 7396
f 7394 7396 7384
f 7395 7381 7397
f 7395 7397 7396
f 7396 7397 7398
f 7396 7398 7384
f 7397 7381 7382
f 7397 7382 7398
f 7398 7382 7383
f 7398 7383 7384
f 7400 7399 7403
f 7400 7403 7401
f 7401 7403 7404
f 7401 7404 7402
f 7403 7399 7405
f 7403 7405 7404
f 7404 7405 7406
f 7404 7406 7402
f 7405 7399 7407
f 7405 7407 7406
f 7406 7407 7408
f 7406 7408 7402
f 7407 7399 7409
f 7407 7409 7408
f 7408 7409 7410
f 7408 7410 7402
f 7409 7399 7411
f 7409 7411 7410
f 7410 7411 7412
f 7410 7412 7402
f 7411 7399 7413
f 7411 7413 7412
f 7412 7413 7414
f 7412 7414 7402
f 7413 7399 7415
f 7413 7415 7414
f 7414 7415 7416
f 7414 7416 7402
f 7415 7399 7400
f 7415 7400 7416
f 7416 7400 7401
f 7416 7401 7402
f 7418 7417 7421
f 7418 7421 7419
f 7419 7421 7422
f 7419 7422 7420
f 7421 7417 7423
f 7421 7423 7422
f 7422 7423 7424
f 7422 7424 7420
f 7423 7417 7425
f 7423 7425 7424
f 7424 7425 7426
f 7424 7426 7420
f 7425 7417 7427
f 7425 7427 7426
f 7426 7427 7428
f 7426 7428 7420
f 7427 7417 7429
f 7427 7429 7428
f 7428 7429 7430
f 7428 7430 7420
f 7429 7417 7431
f 7429 7431 7430
f 7430 7431 7432
f 7430 7432 7420
f 7431 7417 7433
f 7431 7433 7432
f 7432 7433 7434
f 7432 7434 7420
f 7433 7417 7418
f 7433 7418 7434
f 7434 7418 7419
f 7434 7419 7420
f 7436 7435 7439
f 7436 7439 7437
f 7437 7439 7440
f 7437 7440 7438
f 7439 7435 7441
f 7439 7441 7440
f 7440 7441 7442
f 7440 7442 7438
f 7441 7435 7443
f 7441 7443 7442
f 7442 7443 7444
f 7442 7444 7438
f 7443 7435 7445
f 7443 7445 7444
f 7444 7445 7446
f 7444 7446 7438
f 7445 7435 7447
f 7445 7447 7446
f 7446 7447 7448
f 7446 7448 7438
f 7447 7435 7449
f 7447 7449 7448
f 7448 7449 7450
f 7448 7450 7438
f 7449 7435 7451
f 7449 7451 7450
f 7450 7451 7452
f 7450 7452 7438
f 7451 7435 7436
f 7451 7436 7452
f 7452 7436 7437
f 7452 7437 7438
f 7454 7453 7457
f 7454 7457 7455
f 7455 7457 7458
f 7455 7458 7456
f 7457 7453 7459
f 7457 7459 7458
f 7458 7459 7460
f 7458 7460 7456
f 7459 7453 7461
f 7459 7461 7460
f 7460 7461 7462
f 7460 7462 7456
f 7461 7453 7463
f 7461 7463 7462
f 7462 7463 7464
f 7462 7464 7456
f 7463 7453 7465
f 7463 7465 7464
f 7464 7465 7466
f 7464 7466 7456
f 7465 7453 7467
f 7465 7467 7466
f 7466 7467 7468
f 7466 7468 7456
f 7467 7453 7469
f 7467 7469 7468
f 7468 7469 7470
f 7468 7470 7456
f 7469 7453 7454
f 7469 7454 7470
f 7470 7454 7455
f 7470 7455 7456
f 7472 7471 7475
f 7472 7475 7473
f 7473 7475 7476
f 7473 7476 7474
f 7475 7471 7477
f 7475 7477 7476
f 7476 7477 7478
f 7476 7478 7474
f 7477 7471 7479
f 7477 7479 7478
f 7478 7479 7480
f 7478 7480 7474
f 7479 7471 7481
f 7479 7481 7480
f 7480 7481 7482
f 7480 7482 7474
f 7481 7471 7483
f 7481 7483 7482
f 7482 7483 7484
f 7482 7484 7474
f 7483 7471 7485
f 7483 7485 7484
f 7484 7485 7486
f 7484 7486 7474
f 7485 7471 7487
f 7485 7487 7486
f 7486 7487 7488
f 7486 7488 7474
f 7487 7471 7472
f 7487 7472 7488
f 7488 7472 7473
f 7488 7473 7474
f 7490 7489 7493
f 7490 7493 7491
f 7491 7493 7494
f 7491 7494 7492
f 7493 7489 7495
f 7493 7495 7494
f 7494 7495 7496
f 7494 7496 7492
f 7495 7489 7497
f 7495 7497 7496
f 7496 7497 7498
f 7496 7498 7492
f 7497 7489 7499
f 7497 7499 7498
f 7498 7499 7500
f 7498 7500 7492
f 7499 7489 7501
f 7499 7501 7500
f 7500 7501 7502
f 7500 7502 7492
f 7501 7489 7503
f 7501 7503 7502
f 7502 7503 7504
f 7502 7504 7492
f 7503 7489 7505
f 7503 7505 7504
f 7504 7505 7506
f 7504 7506 7492
f 7505 7489 7490
f 7505 7490 7506
f 7506 7490 7491
f 7506 7491 7492
f 7508 7507 7511
f 7508 7511 7509
f 7509 7511 7512
f 7509 7512 7510
f 7511 7507 7513
f 7511 7513 7512
f 7512 7513 7514
f 7512 7514 7510
f 7513 7507 7515
f 7513 7515 7514
f 7514 7515 7516
f 7514 7516 7510
f 7515 7507 7517
f 7515 7517 7516
f 7516 7517 7518
f 7516 7518 7510
f 7517 7507 7519
f 7517 7519 7518
f 7518 7519 7520
f 7518 7520 7510
f 7519 7507 7521
f 7519 7521 7520
f 7520 7521 7522
f 7520 7522 7510
f 7521 7507 7523
f 7521 7523 7522
f 7522 7523 7524
f 7522 7524 7510
f 7523 7507 7508
f 7523 7508 7524
f 7524 7508 7509
f 7524 7509 7510
f 7526 7525 7529
f 7526 7529 7527
f 7527 7529 7530
f 7527 7530 7528
f 7529 7525 7531
f 7529 7531 7530
f 7530 7531 7532
f 7530 7532 7528
f 7531 7525 7533
f 7531 7533 7532
f 7532 7533 7534
f 7532 7534 7528
f 7533 7525 7535
f 7533 7535 7534
f 7534 7535 7536
f 7534 7536 7528
f 7535 7525 7537
f 7535 7537 7536
f 7536 7537 7538
f 7536 7538 7528
f 7537 7525 7539
f 7537 7539 7538
f 7538 7539 7540
f 7538 7540 7528
f 7539 7525 7541
f 7539 7541 7540
f 7540 7541 7542
f 7540 7542 7528
f 7541 7525 7526
f 7541 7526 7542
f 7542 7526 7527
f 7542 7527 7528
f 7544 7543 7547
f 7544 7547 7545
f 7545 7547 7548
f 7545 7548 7546
f 7547 7543 7549
f 7547 7549 7548
f 7548 7549 7550
f 7548 7550 7546
f 7549 7543 7551
f 7549 7551 7550
f 7550 7551 7552
f 7550 7552 7546
f 7551 7543 7553
f 7551 7553 7552
f 7552 7553 7554
f 7552 7554 7546
f 7553 7543 7555
f 7553 7555 7554
f 7554 7555 7556
f 7554 7556 7546
f 7555 7543 7557
f 7555 7557 7556
f 7556 7557 7558
f 7556 7558 7546
f 7557 7543 7559
f 7557 7559 7558
f 7558 7559 7560
f 7558 7560 7546
f 7559 7543 7544
f 7559 7544 7560
f 7560 7544 7545
f 7560 7545 7546
f 7562 7561 7565
f 7562 7565 7563
f 7563 7565 7566
f 7563 7566 7564
f 7565 7561 7567
f 7565 7567 7566
f 7566 7567 7568
f 7566 7568 7564
f 7567 7561 7569
f 7567 7569 7568
f 7568 7569 7570
f 7568 7570 7564
f 7569 7561 7571
f 7569 7571 7570
f 7570 7571 7572
f 7570 7572 7564
f 7571 7561 7573
f 7571 7573 7572
f 7572 7573 7574
f 7572 7574 7564
f 7573 7561 7575
f 7573 7575 7574
f 7574 7575 7576
f 7574 7576 7564
f 7575 7561 7577
f 7575 7577 7576
f 7576 7577 7578
f 7576 7578 7564
f 7577 7561 7562
f 7577 7562 7578
f 7578 7562 7563
f 7578 7563 7564
f 7580 7579 7583
f 7580 7583 7581
f 7581 7583 7584
f 7581 7584 7582
f 7583 7579 7585
f 7583 7585 7584
f 7584 7585 7586
f 7584 7586 7582
f 7585 7579 7587
f 7585 7587 7586
f 7586 7587 7588
f 7586 7588 7582
f 7587 7579 7589
f 7587 7589 7588
f 7588 7589 7590
f 7588 7590 7582
f 7589 7579 7591
f 7589 7591 7590
f 7590 7591 7592
f 7590 7592 7582
f 7591 7579 7593
f 7591 7593 7592
f 7592 7593 7594
f 7592 7594 7582
f 7593 7579 7595
f 7593 7595 7594
f 7594 7595 7596
f 7594 7596 7582
f 7595 7579 7580
f 7595 7580 7596
f 7596 7580 7581
f 7596 7581 7582
f 7598 7597 7601
f 7598 7601 7599
f 7599 7601 7602
f 7599 7602 7600
f 7601 7597 7603
f 7601 7603 7602
f 7602 7603 7604
f 7602 7604 7600
f 7603 7597 7605
f 7603 7605 7604
f 7604 7605 7606
f 7604 7606 7600
f 7605 7597 7607
f 7605 7607 7606
f 7606 7607 7608
f 7606 7608 7600
f 7607 7597 7609
f 7607 7609 7608
f 7608 7609 7610
f 7608 7610 7600
f 7609 7597 7611
f 7609 7611 7610
f 7610 7611 7612
f 7610 7612 7600
f 7611 7597 7613
f 7611 7613 7612
f 7612 7613 7614
f 7612 7614 7600
f 7613 7597 7598
f 7613 7598 7614
f 7614 7598 7599
f 7614 7599 7600
f 7616 7615 7619
f 7616 7619 7617
f 7617 7619 7620
f 7617 7620 7618
f 7619 7615 7621
f 7619 7621 7620
f 7620 7621 7622
f 7620 7622 7618
f 7621 7615 7623
f 7621 7623 7622
f 7622 7623 7624
f 7622 7624 7618
f 7623 7615 7625
f 7623 7625 7624
f 7624 7625 7626
f 7624 7626 7618
f 7625 7615 7627
f 7625 7627 7626
f 7626 7627 7628
f 7626 7628 7618
f 7627 7615 7629
f 7627 7629 7628
f 7628 7629 7630
f 7628 7630 7618
f 7629 7615 7631
f 7629 7631 7630
f 7630 7631 7632
f 7630 7632 7618
f 7631 7615 7616
f 7631 7616 7632
f 7632 7616 7617
f 7632 7617 7618
f 7634 7633 7637
f 7634 7637 7635
f 7635 7637 7638
f 7635 7638 7636
f 7637 7633 7639
f 7637 7639 7638
f 7638 7639 7640
f 7638 7640 7636
f 7639 7633 7641
f 7639 7641 7640
f 7640 7641 7642
f 7640 7642 7636
f 7641 7633 7643
f 7641 7643 7642
f 7642 7643 7644
f 7642 7644 7636
f 7643 7633 7645
f 7643 7645 7644
f 7644 7645 7646
f 7644 7646 7636
f 7645 7633 7647
f 7645 7647 7646
f 7646 7647 7648
f 7646 7648 7636
f 7647 7633 7649
f 7647 7649 7648
f 7648 7649 7650
f 7648 7650 7636
f 7649 7633 7634
f 7649 7634 7650
f 7650 7634 7635
f 7650 7635 7636
f 7652 7651 7655
f 7652 7655 7653
f 7653 7655 7656
f 7653 7656 7654
f 7655 7651 7657
f 7655 7657 7656
f 7656 7657 7658
f 7656 7658 7654
f 7657 7651 7659
f 7657 7659 7658
f 7658 7659 7660
f 7658 7660 7654
f 7659 7651 7661
f 7659 7661 7660
f 7660 7661 7662
f 7660 7662 7654
f 7661 7651 7663
f 7661 7663 7662
f 7662 7663 7664
f 7662 7664 7654
f 7663 7651 7665
f 7663 7665 7664
f 7664 7665 7666
f 7664 7666 7654
f 7665 7651 7667
f 7665 7667 7666
f 7666 7667 7668
f 7666 7668 7654
f 7667 7651 7652
f 7667 7652 7668
f 7668 7652 7653
f 7668 7653 7654
f 7670 7669 7673
f 7670 7673 7671
f 7671 7673 7674
f 7671 7674 7672
f 7673 7669 7675
f 7673 7675 7674
f 7674 7675 7676
f 7674 7676 7672
f 7675 7669 7677
f 7675 7677 7676
f 7676 7677 7678
f 7676 7678 7672
f 7677 7669 7679
f 7677 7679 7678
f 7678 7679 7680
f 7678 7680 7672
f 7679 7669 7681
f 7679 7681 7680
f 7680 7681 7682
f 7680 7682 7672
f 7681 7669 7683
f 7681 7683 7682
f 7682 7683 7684
f 7682 7684 7672
f 7683 7669 7685
f 7683 7685 7684
f 7684 7685 7686
f 7684 7686 7672
f 7685 7669 7670
f 7685 7670 7686
f 7686 7670 7671
f 7686 7671 7672
f 7688 7687 7691
f 7688 7691 7689
f 7689 7691 7692
f 7689 7692 7690
f 7691 7687 7693
f 7691 7693 7692
f 7692 7693 7694
f 7692 7694 7690
f 7693 7687 7695
f 7693 7695 7694
f 7694 7695 7696
f 7694 7696 7690
f 7695 7687 7697
f 7695 7697 7696
f 7696 7697 7698
f 7696 7698 7690
f 7697 7687 7699
f 7697 7699 7698
f 7698 7699 7700
f 7698 7700 7690
f 7699 7687 7701
f 7699 7701 7700
f 7700 7701 7702
f 7700 7702 7690
f 7701 7687 7703
f 7701 7703 7702
f 7702 7703 7704
f 7702 7704 7690
f 7703 7687 7688
f 7703 7688 7704
f 7704 7688 7689
f 7704 7689 7690
f 7706 7705 7709
f 7706 7709 7707
f 7707 7709 7710
f 7707 7710 7708
f 7709 7705 7711
f 7709 7711 7710
f 7710 7711 7712
f 7710 7712 7708
f 7711 7705 7713
f 7711 7713 7712
f 7712 7713 7714
f 7712 7714 7708
f 7713 7705 7715
f 7713 7715 7714
f 7714 7715 7716
f 7714 7716 7708
f 7715 7705 7717
f 7715 7717 7716
f 7716 7717 7718
f 7716 7718 7708
f 7717 7705 7719
f 7717 7719 7718
f 7718 7719 7720
f 7718 7720 7708
f 7719 7705 7721
f 7719 7721 7720
f 7720 7721 7722
f 7720 7722 7708
f 7721 7705 7706
f 7721 7706 7722
f 7722 7706 7707
f 7722 7707 7708
f 7724 7723 7727
f 7724 7727 7725
f 7725 7727 7728
f 7725 7728 7726
f 7727 7723 7729
f 7727 7729 7728
f 7728 7729 7730
f 7728 7730 7726
f 7729 7723 7731
f 7729 7731 7730
f 7730 7731 7732
f 7730 7732 7726
f 7731 7723 7733
f 7731 7733 7732
f 7732 7733 7734
f 7732 7734 7726
f 7733 7723 7735
f 7733 7735 7734
f 7734 7735 7736
f 7734 7736 7726
f 7735 7723 7737
f 7735 7737 7736
f 7736 7737 7738
f 7736 7738 7726
f 7737 7723 7739
f 7737 7739 7738
f 7738 7739 7740
f 7738 7740 7726
f 7739 7723 7724
f 7739 7724 7740
f 7740 7724 7725
f 7740 7725 7726
f 7742 7741 7745
f 7742 7745 7743
f 7743 7745 7746
f 7743 7746 7744
f 7745 7741 7747
f 7745 7747 7746
f 7746 7747 7748
f 7746 7748 7744
f 7747 7741 7749
f 7747 7749 7748
f 7748 7749 7750
f 7748 7750 7744
f 7749 7741 7751
f 7749 7751 7750
f 7750 7751 7752
f 7750 7752 7744
f 7751 7741 7753
f 7751 7753 7752
f 7752 7753 7754
f 7752 7754 7744
f 7753 7741 7755
f 7753 7755 7754
f 7754 7755 7756
f 7754 7756 7744
f 7755 7741 7757
f 7755 7757 7756
f 7756 7757 7758
f 7756 7758 7744
f 7757 7741 7742
f 7757 7742 7758
f 7758 7742 7743
f 7758 7743 7744
f 7760 7759 7763
f 7760 7763 7761
f 7761 7763 7764
f 7761 7764 7762
f 7763 7759 7765
f 7763 7765 7764
f 7764 7765 7766
f 7764 7766 7762
f 7765 7759 7767
f 7765 7767 7766
f 7766 7767 7768
f 7766 7768 7762
f 7767 7759 7769
f 7767 7769 7768
f 7768 7769 7770
f 7768 7770 7762
f 7769 7759 7771
f 7769 7771 7770
f 7770 7771 7772
f 7770 7772 7762
f 7771 7759 7773
f 7771 7773 7772
f 7772 7773 7774
f 7772 7774 7762
f 7773 7759 7775
f 7773 7775 7774
f 7774 7775 7776
f 7774 7776 7762
f 7775 7759 7760
f 7775 7760 7776
f 7776 7760 7761
f 7776 7761 7762
f 7778 7777 7781
f 7778 7781 7779
f 7779 7781 7782
f 7779 7782 7780
f 7781 7777 7783
f 7781 7783 7782
f 7782 7783 7784
f 7782 7784 7780
f 7783 7777 7785
f 7783 7785 7784
f 7784 7785 7786
f 7784 7786 7780
f 7785 7777 7787
f 7785 7787 7786
f 7786 7787 7788
f 7786 7788 7780
f 7787 7777 7789
f 7787 7789 7788
f 7788 7789 7790
f 7788 7790 7780
f 7789 7777 7791
f 7789 7791 7790
f 7790 7791 7792
f 7790 7792 7780
f 7791 7777 7793
f 7791 7793 7792
f 7792 7793 7794
f 7792 7794 7780
f 7793 7777 7778
f 7793 7778 7794
f 7794 7778 7779
f 7794 7779 7780
f 7796 7795 7799
f 7796 7799 7797
f 7797 7799 7800
f 7797 7800 7798
f 7799 7795 7801
f 7799 7801 7800
f 7800 7801 7802
f 7800 7802 7798
f 7801 7795 7803
f 7801 7803 7802
f 7802 7803 7804
f 7802 7804 7798
f 7803 7795 7805
f 7803 7805 7804
f 7804 7805 7806
f 7804 7806 7798
f 7805 7795 7807
f 7805 7807 7806
f 7806 7807 7808
f 7806 7808 7798
f 7807 7795 7809
f 7807 7809 7808
f 7808 7809 7810
f 7808 7810 7798
f 7809 7795 7811
f 7809 7811 7810
f 7810 7811 7812
f 7810 7812 7798
f 7811 7795 7796
f 7811 7796 7812
f 7812 7796 7797
f 7812 7797 7798
f 7814 7813 7817
f 7814 7817 7815
f 7815 7817 7818
f 7815 7818 7816
f 7817 7813 7819
f 7817 7819 7818
f 7818 7819 7820
f 7818 7820 7816
f 7819 7813 7821
f 7819 7821 7820
f 7820 7821 7822
f 7820 7822 7816
f 7821 7813 7823
f 7821 7823 7822
f 7822 7823 7824
f 7822 7824 7816
f 7823 7813 7825
f 7823 7825 7824
f 7824 7825 7826
f 7824 7826 7816
f 7825 7813 7827
f 7825 7827 7826
f 7826 7827 7828
f 7826 7828 7816
f 7827 7813 7829
f 7827 7829 7828
f 7828 7829 7830
f 7828 7830 7816
f 7829 7813 7814
f 7829 7814 7830
f 7830 7814 7815
f 7830 7815 7816
f 7832 7831 7835
f 7832 7835 7833
f 7833 7835 7836
f 7833 7836 7834
f 7835 7831 7837
f 7835 7837 7836
f 7836 7837 7838
f 7836 7838 7834
f 7837 7831 7839
f 7837 7839 7838
f 7838 7839 7840
f 7838 7840 7834
f 7839 7831 7841
f 7839 7841 7840
f 7840 7841 7842
f 7840 7842 7834
f 7841 7831 7843
f 7841 7843 7842
f 7842 7843 7844
f 7842 7844 7834
f 7843 7831 7845
f 7843 7845 7844
f 7844 7845 7846
f 7844 7846 7834
f 7845 7831 7847
f 7845 7847 7846
f 7846 7847 7848
f 7846 7848 7834
f 7847 7831 7832
f 7847 7832 7848
f 7848 7832 7833
f 7848 7833 7834
f 7850 7849 7853
f 7850 7853 7851
f 7851 7853 7854
f 7851 7854 7852
f 7853 7849 7855
f 7853 7855 7854
f 7854 7855 7856
f 7854 7856 7852
f 7855 7849 7857
f 7855 7857 7856
f 7856 7857 7858
f 7856 7858 7852
f 7857 7849 7859
f 7857 7859 7858
f 7858 7859 7860
f 7858 7860 7852
f 7859 7849 7861
f 7859 7861 7860
f 7860 7861 7862
f 7860 7862 7852
f 7861 7849 7863
f 7861 7863 7862
f 7862 7863 7864
f 7862 7864 7852
f 7863 7849 7865
f 7863 7865 7864
f 7864 7865 7866
f 7864 7866 7852
f 7865 7849 7850
f 7865 7850 7866
f 7866 7850 7851
f 7866 7851 7852
f 7868 7867 7871
f 7868 7871 7869
f 7869 7871 7872
f 7869 7872 7870
f 7871 7867 7873
f 7871 7873 7872
f 7872 7873 7874
f 7872 7874 7870
f 7873 7867 7875
f 7873 7875 7874
f 7874 7875 7876
f 7874 7876 7870
f 7875 7867 7877
f 7875 7877 7876
f 7876 7877 7878
f 7876 7878 7870
f 7877 7867 7879
f 7877 7879 7878
f 7878 7879 7880
f 7878 7880 7870
f 7879 7867 7881
f 7879 7881 7880
f 7880 7881 7882
f 7880 7882 7870
f 7881 7867 7883
f 7881 7883 7882
f 7882 7883 7884
f 7882 7884 7870
f 7883 7867 7868
f 7883 7868 7884
f 7884 7868 7869
f 7884 7869 7870
f 7886 7885 7889
f 7886 7889 7887
f 7887 7889 7890
f 7887 7890 7888
f 7889 7885 7891
f 7889 7891 7890
f 7890 7891 7892
f 7890 7892 7888
f 7891 7885 7893
f 7891 7893 7892
f 7892 7893 7894
f 7892 7894 7888
f 7893 7885 7895
f 7893 7895 7894
f 7894 7895 7896
f 7894 7896 7888
f 7895 7885 7897
f 7895 7897 7896
f 7896 7897 7898
f 7896 7898 7888
f 7897 7885 7899
f 7897 7899 7898
f 7898 7899 7900
f 7898 7900 7888
f 7899 7885 7901
f 7899 7901 7900
f 7900 7901 7902
f 7900 7902 7888
f 7901 7885 7886
f 7901 7886 7902
f 7902 7886 7887
f 7902 7887 7888
f 7904 7903 7907
f 7904 7907 7905
f 7905 7907 7908
f 7905 7908 7906
f 7907 7903 7909
f 7907 7909 7908
f 7908 7909 7910
f 7908 7910 7906
f 7909 7903 7911
f 7909 7911 7910
f 7910 7911 7912
f 7910 7912 7906
f 7911 7903 7913
f 7911 7913 7912
f 7912 7913 7914
f 7912 7914 7906
f 7913 7903 7915
f 7913 7915 7914
f 7914 7915 7916
f 7914 7916 7906
f 7915 7903 7917
f 7915 7917 7916
f 7916 7917 7918
f 7916 7918 7906
f 7917 7903 7919
f 7917 7919 7918
f 7918 7919 7920
f 7918 7920 7906
f 7919 7903 7904
f 7919 7904 7920
f 7920 7904 7905
f 7920 7905 7906
f 7922 7921 7925
f 7922 7925 7923
f 7923 7925 7926
f 7923 7926 7924
f 7925 7921 7927
f 7925 7927 7926
f 7926 7927 7928
f 7926 7928 7924
f 7927 7921 7929
f 7927 7929 7928
f 7928 7929 7930
f 7928 7930 7924
f 7929 7921 7931
f 7929 7931 7930
f 7930 7931 7932
f 7930 7932 7924
f 7931 7921 7933
f 7931 7933 7932
f 7932 7933 7934
f 7932 7934 7924
f 7933 7921 7935
f 7933 7935 7934
f 7934 7935 7936
f 7934 7936 7924
f 7935 7921 7937
f 7935 7937 7936
f 7936 7937 7938
f 7936 7938 7924
f 7937 7921 7922
f 7937 7922 7938
f 7938 7922 7923
f 7938 7923 7924
f 7940 7939 7943
f 7940 7943 7941
f 7941 7943 7944
f 7941 7944 7942
f 7943 7939 7945
f 7943 7945 7944
f 7944 7945 7946
f 7944 7946 7942
f 7945 7939 7947
f 7945 7947 7946
f 7946 7947 7948
f 7946 7948 7942
f 7947 7939 7949
f 7947 7949 7948
f 7948 7949 7950
f 7948 7950 7942
f 7949 7939 7951
f 7949 7951 7950
f 7950 7951 7952
f 7950 7952 7942
f 7951 7939 7953
f 7951 7953 7952
f 7952 7953 7954
f 7952 7954 7942
f 7953 7939 7955
f 7953 7955 7954
f 7954 7955 7956
f 7954 7956 7942
f 7955 7939 7940
f 7955 7940 7956
f 7956 7940 7941
f 7956 7941 7942
f 7958 7957 7961
f 7958 7961 7959
f 7959 7961 7962
f 7959 7962 7960
f 7961 7957 7963
f 7961 7963 7962
f 7962 7963 7964
f 7962 7964 7960
f 7963 7957 7965
f 7963 7965 7964
f 7964 7965 7966
f 7964 7966 7960
f 7965 7957 7967
f 7965 7967 7966
f 7966 7967 7968
f 7966 7968 7960
f 7967 7957 7969
f 7967 7969 7968
f 7968 7969 7970
f 7968 7970 7960
f 7969 7957 7971
f 7969 7971 7970
f 7970 7971 7972
f 7970 7972 7960
f 7971 7957 7973
f 7971 7973 7972
f 7972 7973 7974
f 7972 7974 7960
f 7973 7957 7958
f 7973 7958 7974
f 7974 7958 7959
f 7974 7959 7960
f 7976 7975 7979
f 7976 7979 7977
f 7977 7979 7980
f 7977 7980 7978
f 7979 7975 7981
f 7979 7981 7980
f 7980 7981 7982
f 7980 7982 7978
f 7981 7975 7983
f 7981 7983 7982
f 7982 7983 7984
f 7982 7984 7978
f 7983 7975 7985
f 7983 7985 7984
f 7984 7985 7986
f 7984 7986 7978
f 7985 7975 7987
f 7985 7987 7986
f 7986 7987 7988
f 7986 7988 7978
f 7987 7975 7989
f 7987 7989 7988
f 7988 7989 7990
f 7988 7990 7978
f 7989 7975 7991
f 7989 7991 7990
f 7990 7991 7992
f 7990 7992 7978
f 7991 7975 7976
f 7991 7976 7992
f 7992 7976 7977
f 7992 7977 7978
f 7994 7993 7997
f 7994 7997 7995
f 7995 7997 7998
f 7995 7998 7996
f 7997 7993 7999
f 7997 7999 7998
f 7998 7999 8000
f 7998 8000 7996
f 7999 7993 8001
f 7999 8001 8000
f 8000 8001 8002
f 8000 8002 7996
f 8001 7993 8003
f 8001 8003 8002
f 8002 8003 8004
f 8002 8004 7996
f 8003 7993 8005
f 8003 8005 8004
f 8004 8005 8006
f 8004 8006 7996
f 8005 7993 8007
f 8005 8007 8006
f 8006 8007 8008
f 8006 8008 7996
f 8007 7993 8009
f 8007 8009 8008
f 8008 8009 8010
f 8008 8010 7996
f 8009 7993 7994
f 8009 7994 8010
f 8010 7994 7995
f 8010 7995 7996
f 8012 8011 8015
f 8012 8015 8013
f 8013 8015 8016
f 8013 8016 8014
f 8015 8011 8017
f 8015 8017 8016
f 8016 8017 8018
f 8016 8018 8014
f 8017 8011 8019
f 8017 8019 8018
f 8018 8019 8020
f 8018 8020 8014
f 8019 8011 8021
f 8019 8021 8020
f 8020 8021 8022
f 8020 8022 8014
f 8021 8011 8023
f 8021 8023 8022
f 8022 8023 8024
f 8022 8024 8014
f 8023 8011 8025
f 8023 8025 8024
f 8024 8025 8026
f 8024 8026 8014
f 8025 8011 8027
f 8025 8027 8026
f 8026 8027 8028
f 8026 8028 8014
f 8027 8011 8012
f 8027 8012 8028
f 8028 8012 8013
f 8028 8013 8014
f 8030 8029 8033
f 8030 8033 8031
f 8031 8033 8034
f 8031 8034 8032
f 8033 8029 8035
f 8033 8035 8034
f 8034 8035 8036
f 8034 8036 8032
f 8035 8029 8037
f 8035 8037 8036
f 8036 8037 8038
f 8036 8038 8032
f 8037 8029 8039
f 8037 8039 8038
f 8038 8039 8040
f 8038 8040 8032
f 8039 8029 8041
f 8039 8041 8040
f 8040 8041 8042
f 8040 8042 8032
f 8041 8029 8043
f 8041 8043 8042
f 8042 8043 8044
f 8042 8044 8032
f 8043 8029 8045
f 8043 8045 8044
f 8044 8045 8046
f 8044 8046 8032
f 8045 8029 8030
f 8045 8030 8046
f 8046 8030 8031
f 8046 8031 8032
f 8048 8047 8051
f 8048 8051 8049
f 8049 8051 8052
f 8049 8052 8050
f 8051 8047 8053
f 8051 8053 8052
f 8052 8053 8054
f 8052 8054 8050
f 8053 8047 8055
f 8053 8055 8054
f 8054 8055 8056
f 8054 8056 8050
f 8055 8047 8057
f 8055 8057 8056
f 8056 8057 8058
f 8056 8058 8050
f 8057 8047 8059
f 8057 8059 8058
f 8058 8059 8060
f 8058 8060 8050
f 8059 8047 8061
f 8059 8061 8060
f 8060 8061 8062
f 8060 8062 8050
f 8061 8047 8063
f 8061 8063 8062
f 8062 8063 8064
f 8062 8064 8050
f 8063 8047 8048
f 8063 8048 8064
f 8064 8048 8049
f 8064 8049 8050
f 8066 8065 8069
f 8066 8069 8067
f 8067 8069 8070
f 8067 8070 8068
f 8069 8065 8071
f 8069 8071 8070
f 8070 8071 8072
f 8070 8072 8068
f 8071 8065 8073
f 8071 8073 8072
f 8072 8073 8074
f 8072 8074 8068
f 8073 8065 8075
f 8073 8075 8074
f 8074 8075 8076
f 8074 8076 8068
f 8075 8065 8077
f 8075 8077 8076
f 8076 8077 8078
f 8076 8078 8068
f 8077 8065 8079
f 8077 8079 8078
f 8078 8079 8080
f 8078 8080 8068
f 8079 8065 8081
f 8079 8081 8080
f 8080 8081 8082
f 8080 8082 8068
f 8081 8065 8066
f 8081 8066 8082
f 8082 8066 8067
f 8082 8067 8068
f 8084 8083 8087
f 8084 8087 8085
f 8085 8087 8088
f 8085 8088 8086
f 8087 8083 8089
f 8087 8089 8088
f 8088 8089 8090
f 8088 8090 8086
f 8089 8083 8091
f 8089 8091 8090
f 8090 8091 8092
f 8090 8092 8086
f 8091 8083 8093
f 8091 8093 8092
f 8092 8093 8094
f 8092 8094 8086
f 8093 8083 8095
f 8093 8095 8094
f 8094 8095 8096
f 8094 8096 8086
f 8095 8083 8097
f 8095 8097 8096
f 8096 8097 8098
f 8096 8098 8086
f 8097 8083 8099
f 8097 8099 8098
f 8098 8099 8100
f 8098 8100 8086
f 8099 8083 8084
f 8099 8084 8100
f 8100 8084 8085
f 8100 8085 8086
f 8102 8101 8105
f 8102 8105 8103
f 8103 8105 8106
f 8103 8106 8104
f 8105 8101 8107
f 8105 8107 8106
f 8106 8107 8108
f 8106 8108 8104
f 8107 8101 8109
f 8107 8109 8108
f 8108 8109 8110
f 8108 8110 8104
f 8109 8101 8111
f 8109 8111 8110
f 8110 8111 8112
f 8110 8112 8104
f 8111 8101 8113
f 8111 8113 8112
f 8112 8113 8114
f 8112 8114 8104
f 8113 8101 8115
f 8113 8115 8114
f 8114 8115 8116
f 8114 8116 8104
f 8115 8101 8117
f 8115 8117 8116
f 8116 8117 8118
f 8116 8118 8104
f 8117 8101 8102
f 8117 8102 8118
f 8118 8102 8103
f 8118 8103 8104
f 8120 8119 8123
f 8120 8123 8121
f 8121 8123 8124
f 8121 8124 8122
f 8123 8119 8125
f 8123 8125 8124
f 8124 8125 8126
f 8124 8126 8122
f 8125 8119 8127
f 8125 8127 8126
f 8126 8127 8128
f 8126 8128 8122
f 8127 8119 8129
f 8127 8129 8128
f 8128 8129 8130
f 8128 8130 8122
f 8129 8119 8131
f 8129 8131 8130
f 8130 8131 8132
f 8130 8132 8122
f 8131 8119 8133
f 8131 8133 8132
f 8132 8133 8134
f 8132 8134 8122
f 8133 8119 8135
f 8133 8135 8134
f 8134 8135 8136
f 8134 8136 8122
f 8135 8119 8120
f 8135 8120 8136
f 8136 8120 8121
f 8136 8121 8122
f 8138 8137 8141
f 8138 8141 8139
f 8139 8141 8142
f 8139 8142 8140
f 8141 8137 8143
f 8141 8143 8142
f 8142 8143 8144
f 8142 8144 8140
f 8143 8137 8145
f 8143 8145 8144
f 8144 8145 8146
f 8144 8146 8140
f 8145 8137 8147
f 8145 8147 8146
f 8146 8147 8148
f 8146 8148 8140
f 8147 8137 8149
f 8147 8149 8148
f 8148 8149 8150
f 8148 8150 8140
f 8149 8137 8151
f 8149 8151 8150
f 8150 8151 8152
f 8150 8152 8140
f 8151 8137 8153
f 8151 8153 8152
f 8152 8153 8154
f 8152 8154 8140
f 8153 8137 8138
f 8153 8138 8154
f 8154 8138 8139
f 8154 8139 8140
f 8156 8155 8159
f 8156 8159 8157
f 8157 8159 8160
f 8157 8160 8158
f 8159 8155 8161
f 8159 8161 8160
f 8160 8161 8162
f 8160 8162 8158
f 8161 8155 8163
f 8161 8163 8162
f 8162 8163 8164
f 8162 8164 8158
f 8163 8155 8165
f 8163 8165 8164
f 8164 8165 8166
f 8164 8166 8158
f 8165 8155 8167
f 8165 8167 8166
f 8166 8167 8168
f 8166 8168 8158
f 8167 8155 8169
f 8167 8169 8168
f 8168 8169 8170
f 8168 8170 8158
f 8169 8155 8171
f 8169 8171 8170
f 8170 8171 8172
f 8170 8172 8158
f 8171 8155 8156
f 8171 8156 8172
f 8172 8156 8157
f 8172 8157 8158
f 8174 8173 8177
f 8174 8177 8175
f 8175 8177 8178
f 8175 8178 8176
f 8177 8173 8179
f 8177 8179 8178
f 8178 8179 8180
f 8178 8180 8176
f 8179 8173 8181
f 8179 8181 8180
f 8180 8181 8182
f 8180 8182 8176
f 8181 8173 8183
f 8181 8183 8182
f 8182 8183 8184
f 8182 8184 8176
f 8183 8173 8185
f 8183 8185 8184
f 8184 8185 8186
f 8184 8186 8176
f 8185 8173 8187
f 8185 8187 8186
f 8186 8187 8188
f 8186 8188 8176
f 8187 8173 8189
f 8187 8189 8188
f 8188 8189 8190
f 8188 8190 8176
f 8189 8173 8174
f 8189 8174 8190
f 8190 8174 8175
f 8190 8175 8176
f 8192 8191 8195
f 8192 8195 8193
f 8193 8195 8196
f 8193 8196 8194
f 8195 8191 8197
f 8195 8197 8196
f 8196 8197 8198
f 8196 8198 8194
f 8197 8191 8199
f 8197 8199 8198
f 8198 8199 8200
f 8198 8200 8194
f 8199 8191 8201
f 8199 8201 8200
f 8200 8201 8202
f 8200 8202 8194
f 8201 8191 8203
f 8201 8203 8202
f 8202 8203 8204
f 8202 8204 8194
f 8203 8191 8205
f 8203 8205 8204
f 8204 8205 8206
f 8204 8206 8194
f 8205 8191 8207
f 8205 8207 8206
f 8206 8207 8208
f 8206 8208 8194
f 8207 8191 8192
f 8207 8192 8208
f 8208 8192 8193
f 8208 8193 8194
f 8210 8209 8213
f 8210 8213 8211
f 8211 8213 8214
f 8211 8214 8212
f 8213 8209 8215
f 8213 8215 8214
f 8214 8215 8216
f 8214 8216 8212
f 8215 8209 8217
f 8215 8217 8216
f 8216 8217 8218
f 8216 8218 8212
f 8217 8209 8219
f 8217 8219 8218
f 8218 8219 8220
f 8218 8220 8212
f 8219 8209 8221
f 8219 8221 8220
f 8220 8221 8222
f 8220 8222 8212
f 8221 8209 8223
f 8221 8223 8222
f 8222 8223 8224
f 8222 8224 8212
f 8223 8209 8225
f 8223 8225 8224
f 8224 8225 8226
f 8224 8226 8212
f 8225 8209 8210
f 8225 8210 8226
f 8226 8210 8211
f 8226 8211 8212
f 8228 8227 8231
f 8228 8231 8229
f 8229 8231 8232
f 8229 8232 8230
f 8231 8227 8233
f 8231 8233 8232
f 8232 8233 8234
f 8232 8234 8230
f 8233 8227 8235
f 8233 8235 8234
f 8234 8235 8236
f 8234 8236 8230
f 8235 8227 8237
f 8235 8237 8236
f 8236 8237 8238
f 8236 8238 8230
f 8237 8227 8239
f 8237 8239 8238
f 8238 8239 8240
f 8238 8240 8230
f 8239 8227 8241
f 8239 8241 8240
f 8240 8241 8242
f 8240 8242 8230
f 8241 8227 8243
f 8241 8243 8242
f 8242 8243 8244
f 8242 8244 8230
f 8243 8227 8228
f 8243 8228 8244
f 8244 8228 8229
f 8244 8229 8230
f 8246 8245 8249
f 8246 8249 8247
f 8247 8249 8250
f 8247 8250 8248
f 8249 8245 8251
f 8249 8251 8250
f 8250 8251 8252
f 8250 8252 8248
f 8251 8245 8253
f 8251 8253 8252
f 8252 8253 8254
f 8252 8254 8248
f 8253 8245 8255
f 8253 8255 8254
f 8254 8255 8256
f 8254 8256 8248
f 8255 8245 8257
f 8255 8257 8256
f 8256 8257 8258
f 8256 8258 8248
f 8257 8245 8259
f 8257 8259 8258
f 8258 8259 8260
f 8258 8260 8248
f 8259 8245 8261
f 8259 8261 8260
f 8260 8261 8262
f 8260 8262 8248
f 8261 8245 8246
f 8261 8246 8262
f 8262 8246 8247
f 8262 8247 8248
f 8264 8263 8267
f 8264 8267 8265
f 8265 8267 8268
f 8265 8268 8266
f 8267 8263 8269
f 8267 8269 8268
f 8268 8269 8270
f 8268 8270 8266
f 8269 8263 8271
f 8269 8271 8270
f 8270 8271 8272
f 8270 8272 8266
f 8271 8263 8273
f 8271 8273 8272
f 8272 8273 8274
f 8272 8274 8266
f 8273 8263 8275
f 8273 8275 8274
f 8274 8275 8276
f 8274 8276 8266
f 8275 8263 8277
f 8275 8277 8276
f 8276 8277 8278
f 8276 8278 8266
f 8277 8263 8279
f 8277 8279 8278
f 8278 8279 8280
f 8278 8280 8266
f 8279 8263 8264
f 8279 8264 8280
f 8280 8264 8265
f 8280 8265 8266
f 8282 8281 8285
f 8282 8285 8283
f 8283 8285 8286
f 8283 8286 8284
f 8285 8281 8287
f 8285 8287 8286
f 8286 8287 8288
f 8286 8288 8284
f 8287 8281 8289
f 8287 8289 8288
f 8288 8289 8290
f 8288 8290 8284
f 8289 8281 8291
f 8289 8291 8290
f 8290 8291 8292
f 8290 8292 8284
f 8291 8281 8293
f 8291 8293 8292
f 8292 8293 8294
f 8292 8294 8284
f 8293 8281 8295
f 8293 8295 8294
f 8294 8295 8296
f 8294 8296 8284
f 8295 8281 8297
f 8295 8297 8296
f 8296 8297 8298
f 8296 8298 8284
f 8297 8281 8282
f 8297 8282 8298
f 8298 8282 8283
f 8298 8283 8284
f 8300 8299 8303
f 8300 8303 8301
f 8301 8303 8304
f 8301 8304 8302
f 8303 8299 8305
f 8303 8305 8304
f 8304 8305 8306
f 8304 8306 8302
f 8305 8299 8307
f 8305 8307 8306
f 8306 8307 8308
f 8306 8308 8302
f 8307 8299 8309
f 8307 8309 8308
f 8308 8309 8310
f 8308 8310 8302
f 8309 8299 8311
f 8309 8311 8310
f 8310 8311 8312
f 8310 8312 8302
f 8311 8299 8313
f 8311 8313 8312
f 8312 8313 8314
f 8312 8314 8302
f 8313 8299 8315
f 8313 8315 8314
f 8314 8315 8316
f 8314 8316 8302
f 8315 8299 8300
f 8315 8300 8316
f 8316 8300 8301
f 8316 8301 8302
f 8318 8317 8321
f 8318 8321 8319
f 8319 8321 8322
f 8319 8322 8320
f 8321 8317 8323
f 8321 8323 8322
f 8322 8323 8324
f 8322 8324 8320
f 8323 8317 8325
f 8323 8325 8324
f 8324 8325 8326
f 8324 8326 8320
f 8325 8317 8327
f 8325 8327 8326
f 8326 8327 8328
f 8326 8328 8320
f 8327 8317 8329
f 8327 8329 8328
f 8328 8329 8330
f 8328 8330 8320
f 8329 8317 8331
f 8329 8331 8330
f 8330 8331 8332
f 8330 8332 8320
f 8331 8317 8333
f 8331 8333 8332
f 8332 8333 8334
f 8332 8334 8320
f 8333 8317 8318
f 8333 8318 8334
f 8334 8318 8319
f 8334 8319 8320
f 8336 8335 8339
f 8336 8339 8337
f 8337 8339 8340
f 8337 8340 8338
f 8339 8335 8341
f 8339 8341 8340
f 8340 8341 8342
f 8340 8342 8338
f 8341 8335 8343
f 8341 8343 8342
f 8342 8343 8344
f 8342 8344 8338
f 8343 8335 8345
f 8343 8345 8344
f 8344 8345 8346
f 8344 8346 8338
f 8345 8335 8347
f 8345 8347 8346
f 8346 8347 8348
f 8346 8348 8338
f 8347 8335 8349
f 8347 8349 8348
f 8348 8349 8350
f 8348 8350 8338
f 8349 8335 8351
f 8349 8351 8350
f 8350 8351 8352
f 8350 8352 8338
f 8351 8335 8336
f 8351 8336 8352
f 8352 8336 8337
f 8352 8337 8338
f 8354 8353 8357
f 8354 8357 8355
f 8355 8357 8358
f 8355 8358 8356
f 8357 8353 8359
f 8357 8359 8358
f 8358 8359 8360
f 8358 8360 8356
f 8359 8353 8361
f 8359 8361 8360
f 8360 8361 8362
f 8360 8362 8356
f 8361 8353 8363
f 8361 8363 8362
f 8362 8363 8364
f 8362 8364 8356
f 8363 8353 8365
f 8363 8365 8364
f 8364 8365 8366
f 8364 8366 8356
f 8365 8353 8367
f 8365 8367 8366
f 8366 8367 8368
f 8366 8368 8356
f 8367 8353 8369
f 8367 8369 8368
f 8368 8369 8370
f 8368 8370 8356
f 8369 8353 8354
f 8369 8354 8370
f 8370 8354 8355
f 8370 8355 8356
f 8372 8371 8375
f 8372 8375 8373
f 8373 8375 8376
f 8373 8376 8374
f 8375 8371 8377
f 8375 8377 8376
f 8376 8377 8378
f 8376 8378 8374
f 8377 8371 8379
f 8377 8379 8378
f 8378 8379 8380
f 8378 8380 8374
f 8379 8371 8381
f 8379 8381 8380
f 8380 8381 8382
f 8380 8382 8374
f 8381 8371 8383
f 8381 8383 8382
f 8382 8383 8384
f 8382 8384 8374
f 8383 8371 8385
f 8383 8385 8384
f 8384 8385 8386
f 8384 8386 8374
f 8385 8371 8387
f 8385 8387 8386
f 8386 8387 8388
f 8386 8388 8374
f 8387 8371 8372
f 8387 8372 8388
f 8388 8372 8373
f 8388 8373 8374
f 8390 8389 8393
f 8390 8393 8391
f 8391 8393 8394
f 8391 8394 8392
f 8393 8389 8395
f 8393 8395 8394
f 8394 8395 8396
f 8394 8396 8392
f 8395 8389 8397
f 8395 8397 8396
f 8396 8397 8398
f 8396 8398 8392
f 8397 8389 8399
f 8397 8399 8398
f 8398 8399 8400
f 8398 8400 8392
f 8399 8389 8401
f 8399 8401 8400
f 8400 8401 8402
f 8400 8402 8392
f 8401 8389 8403
f 8401 8403 8402
f 8402 8403 8404
f 8402 8404 8392
f 8403 8389 8405
f 8403 8405 8404
f 8404 8405 8406
f 8404 8406 8392
f 8405 8389 8390
f 8405 8390 8406
f 8406 8390 8391
f 8406 8391 8392
f 8408 8407 8411
f 8408 8411 8409
f 8409 8411 8412
f 8409 8412 8410
f 8411 8407 8413
f 8411 8413 8412
f 8412 8413 8414
f 8412 8414 8410
f 8413 8407 8415
f 8413 8415 8414
f 8414 8415 8416
f 8414 8416 8410
f 8415 8407 8417
f 8415 8417 8416
f 8416 8417 8418
f 8416 8418 8410
f 8417 8407 8419
f 8417 8419 8418
f 8418 8419 8420
f 8418 8420 8410
f 8419 8407 8421
f 8419 8421 8420
f 8420 8421 8422
f 8420 8422 8410
f 8421 8407 8423
f 8421 8423 8422
f 8422 8423 8424
f 8422 8424 8410
f 8423 8407 8408
f 8423 8408 8424
f 8424 8408 8409
f 8424 8409 8410
f 8426 8425 8429
f 8426 8429 8427
f 8427 8429 8430
f 8427 8430 8428
f 8429 8425 8431
f 8429 8431 8430
f 8430 8431 8432
f 8430 8432 8428
f 8431 8425 8433
f 8431 8433 8432
f 8432 8433 8434
f 8432 8434 8428
f 8433 8425 8435
f 8433 8435 8434
f 8434 8435 8436
f 8434 8436 8428
f 8435 8425 8437
f 8435 8437 8436
f 8436 8437 8438
f 8436 8438 8428
f 8437 8425 8439
f 8437 8439 8438
f 8438 8439 8440
f 8438 8440 8428
f 8439 8425 8441
f 8439 8441 8440
f 8440 8441 8442
f 8440 8442 8428
f 8441 8425 8426
f 8441 8426 8442
f 8442 8426 8427
f 8442 8427 8428
f 8444 8443 8447
f 8444 8447 8445
f 8445 8447 8448
f 8445 8448 8446
f 8447 8443 8449
f 8447 8449 8448
f 8448 8449 8450
f 8448 8450 8446
f 8449 8443 8451
f 8449 8451 8450
f 8450 8451 8452
f 8450 8452 8446
f 8451 8443 8453
f 8451 8453 8452
f 8452 8453 8454
f 8452 8454 8446
f 8453 8443 8455
f 8453 8455 8454
f 8454 8455 8456
f 8454 8456 8446
f 8455 8443 8457
f 8455 8457 8456
f 8456 8457 8458
f 8456 8458 8446
f 8457 8443 8459
f 8457 8459 8458
f 8458 8459 8460
f 8458 8460 8446
f 8459 8443 8444
f 8459 8444 8460
f 8460 8444 8445
f 8460 8445 8446
f 8462 8461 8465
f 8462 8465 8463
f 8463 8465 8466
f 8463 8466 8464
f 8465 8461 8467
f 8465 8467 8466
f 8466 8467 8468
f 8466 8468 8464
f 8467 8461 8469
f 8467 8469 8468
f 8468 8469 8470
f 8468 8470 8464
f 8469 8461 8471
f 8469 8471 8470
f 8470 8471 8472
f 8470 8472 8464
f 8471 8461 8473
f 8471 8473 8472
f 8472 8473 8474
f 8472 8474 8464
f 8473 8461 8475
f 8473 8475 8474
f 8474 8475 8476
f 8474 8476 8464
f 8475 8461 8477
f 8475 8477 8476
f 8476 8477 8478
f 8476 8478 8464
f 8477 8461 8462
f 8477 8462 8478
f 8478 8462 8463
f 8478 8463 8464
f 8480 8479 8483
f 8480 8483 8481
f 8481 8483 8484
f 8481 8484 8482
f 8483 8479 8485
f 8483 8485 8484
f 8484 8485 8486
f 8484 8486 8482
f 8485 8479 8487
f 8485 8487 8486
f 8486 8487 8488
f 8486 8488 8482
f 8487 8479 8489
f 8487 8489 8488
f 8488 8489 8490
f 8488 8490 8482
f 8489 8479 8491
f 8489 8491 8490
f 8490 8491 8492
f 8490 8492 8482
f 8491 8479 8493
f 8491 8493 8492
f 8492 8493 8494
f 8492 8494 8482
f 8493 8479 8495
f 8493 8495 8494
f 8494 8495 8496
f 8494 8496 8482
f 8495 8479 8480
f 8495 8480 8496
f 8496 8480 8481
f 8496 8481 8482
f 8498 8497 8501
f 8498 8501 8499
f 8499 8501 8502
f 8499 8502 8500
f 8501 8497 8503
f 8501 8503 8502
f 8502 8503 8504
f 8502 8504 8500
f 8503 8497 8505
f 8503 8505 8504
f 8504 8505 8506
f 8504 8506 8500
f 8505 8497 8507
f 8505 8507 8506
f 8506 8507 8508
f 8506 8508 8500
f 8507 8497 8509
f 8507 8509 8508
f 8508 8509 8510
f 8508 8510 8500
f 8509 8497 8511
f 8509 8511 8510
f 8510 8511 8512
f 8510 8512 8500
f 8511 8497 8513
f 8511 8513 8512
f 8512 8513 8514
f 8512 8514 8500
f 8513 8497 8498
f 8513 8498 8514
f 8514 8498 8499
f 8514 8499 8500
f 8516 8515 8519
f 8516 8519 8517
f 8517 8519 8520
f 8517 8520 8518
f 8519 8515 8521
f 8519 8521 8520
f 8520 8521 8522
f 8520 8522 8518
f 8521 8515 8523
f 8521 8523 8522
f 8522 8523 8524
f 8522 8524 8518
f 8523 8515 8525
f 8523 8525 8524
f 8524 8525 8526
f 8524 8526 8518
f 8525 8515 8527
f 8525 8527 8526
f 8526 8527 8528
f 8526 8528 8518
f 8527 8515 8529
f 8527 8529 8528
f 8528 8529 8530
f 8528 8530 8518
f 8529 8515 8531
f 8529 8531 8530
f 8530 8531 8532
f 8530 8532 8518
f 8531 8515 8516
f 8531 8516 8532
f 8532 8516 8517
f 8532 8517 8518
f 8534 8533 8537
f 8534 8537 8535
f 8535 8537 8538
f 8535 8538 8536
f 8537 8533 8539
f 8537 8539 8538
f 8538 8539 8540
f 8538 8540 8536
f 8539 8533 8541
f 8539 8541 8540
f 8540 8541 8542
f 8540 8542 8536
f 8541 8533 8543
f 8541 8543 8542
f 8542 8543 8544
f 8542 8544 8536
f 8543 8533 8545
f 8543 8545 8544
f 8544 8545 8546
f 8544 8546 8536
f 8545 8533 8547
f 8545 8547 8546
f 8546 8547 8548
f 8546 8548 8536
f 8547 8533 8549
f 8547 8549 8548
f 8548 8549 8550
f 8548 8550 8536
f 8549 8533 8534
f 8549 8534 8550
f 8550 8534 8535
f 8550 8535 8536
f 8552 8551 8555
f 8552 8555 8553
f 8553 8555 8556
f 8553 8556 8554
f 8555 8551 8557
f 8555 8557 8556
f 8556 8557 8558
f 8556 8558 8554
f 8557 8551 8559
f 8557 8559 8558
f 8558 8559 8560
f 8558 8560 8554
f 8559 8551 8561
f 8559 8561 8560
f 8560 8561 8562
f 8560 8562 8554
f 8561 8551 8563
f 8561 8563 8562
f 8562 8563 8564
f 8562 8564 8554
f 8563 8551 8565
f 8563 8565 8564
f 8564 8565 8566
f 8564 8566 8554
f 8565 8551 8567
f 8565 8567 8566
f 8566 8567 8568
f 8566 8568 8554
f 8567 8551 8552
f 8567 8552 8568
f 8568 8552 8553
f 8568 8553 8554
f 8570 8569 8573
f 8570 8573 8571
f 8571 8573 8574
f 8571 8574 8572
f 8573 8569 8575
f 8573 8575 8574
f 8574 8575 8576
f 8574 8576 8572
f 8575 8569 8577
f 8575 8577 8576
f 8576 8577 8578
f 8576 8578 8572
f 8577 8569 8579
f 8577 8579 8578
f 8578 8579 8580
f 8578 8580 8572
f 8579 8569 8581
f 8579 8581 8580
f 8580 8581 8582
f 8580 8582 8572
f 8581 8569 8583
f 8581 8583 8582
f 8582 8583 8584
f 8582 8584 8572
f 8583 8569 8585
f 8583 8585 8584
f 8584 8585 8586
f 8584 8586 8572
f 8585 8569 8570
f 8585 8570 8586
f 8586 8570 8571
f 8586 8571 8572
f 8588 8587 8591
f 8588 8591 8589
f 8589 8591 8592
f 8589 8592 8590
f 8591 8587 8593
f 8591 8593 8592
f 8592 8593 8594
f 8592 8594 8590
f 8593 8587 8595
f 8593 8595 8594
f 8594 8595 8596
f 8594 8596 8590
f 8595 8587 8597
f 8595 8597 8596
f 8596 8597 8598
f 8596 8598 8590
f 8597 8587 8599
f 8597 8599 8598
f 8598 8599 8600
f 8598 8600 8590
f 8599 8587 8601
f 8599 8601 8600
f 8600 8601 8602
f 8600 8602 8590
f 8601 8587 8603
f 8601 8603 8602
f 8602 8603 8604
f 8602 8604 8590
f 8603 8587 8588
f 8603 8588 8604
f 8604 8588 8589
f 8604 8589 8590
f 8606 8605 8609
f 8606 8609 8607
f 8607 8609 8610
f 8607 8610 8608
f 8609 8605 8611
f 8609 8611 8610
f 8610 8611 8612
f 8610 8612 8608
f 8611 8605 8613
f 8611 8613 8612
f 8612 8613 8614
f 8612 8614 8608
f 8613 8605 8615
f 8613 8615 8614
f 8614 8615 8616
f 8614 8616 8608
f 8615 8605 8617
f 8615 8617 8616
f 8616 8617 8618
f 8616 8618 8608
f 8617 8605 8619
f 8617 8619 8618
f 8618 8619 8620
f 8618 8620 8608
f 8619 8605 8621
f 8619 8621 8620
f 8620 8621 8622
f 8620 8622 8608
f 8621 8605 8606
f 8621 8606 8622
f 8622 8606 8607
f 8622 8607 8608
f 8624 8623 8627
f 8624 8627 8625
f 8625 8627 8628
f 8625 8628 8626
f 8627 8623 8629
f 8627 8629 8628
f 8628 8629 8630
f 8628 8630 8626
f 8629 8623 8631
f 8629 8631 8630
f 8630 8631 8632
f 8630 8632 8626
f 8631 8623 8633
f 8631 8633 8632
f 8632 8633 8634
f 8632 8634 8626
f 8633 8623 8635
f 8633 8635 8634
f 8634 8635 8636
f 8634 8636 8626
f 8635 8623 8637
f 8635 8637 8636
f 8636 8637 8638
f 8636 8638 8626
f 8637 8623 8639
f 8637 8639 8638
f 8638 8639 8640
f 8638 8640 8626
f 8639 8623 8624
f 8639 8624 8640
f 8640 8624 8625
f 8640 8625 8626
f 8642 8641 8645
f 8642 8645 8643
f 8643 8645 8646
f 8643 8646 8644
f 8645 8641 8647
f 8645 8647 8646
f 8646 8647 8648
f 8646 8648 8644
f 8647 8641 8649
f 8647 8649 8648
f 8648 8649 8650
f 8648 8650 8644
f 8649 8641 8651
f 8649 8651 8650
f 8650 8651 8652
f 8650 8652 8644
f 8651 8641 8653
f 8651 8653 8652
f 8652 8653 8654
f 8652 8654 8644
f 8653 8641 8655
f 8653 8655 8654
f 8654 8655 8656
f 8654 8656 8644
f 8655 8641 8657
f 8655 8657 8656
f 8656 8657 8658
f 8656 8658 8644
f 8657 8641 8642
f 8657 8642 8658
f 8658 8642 8643
f 8658 8643 8644
f 8660 8659 8663
f 8660 8663 8661
f 8661 8663 8664
f 8661 8664 8662
f 8663 8659 8665
f 8663 8665 8664
f 8664 8665 8666
f 8664 8666 8662
f 8665 8659 8667
f 8665 8667 8666
f 8666 8667 8668
f 8666 8668 8662
f 8667 8659 8669
f 8667 8669 8668
f 8668 8669 8670
f 8668 8670 8662
f 8669 8659 8671
f 8669 8671 8670
f 8670 8671 8672
f 8670 8672 8662
f 8671 8659 8673
f 8671 8673 8672
f 8672 8673 8674
f 8672 8674 8662
f 8673 8659 8675
f 8673 8675 8674
f 8674 8675 8676
f 8674 8676 8662
f 8675 8659 8660
f 8675 8660 8676
f 8676 8660 8661
f 8676 8661 8662
f 8678 8677 8681
f 8678 8681 8679
f 8679 8681 8682
f 8679 8682 8680
f 8681 8677 8683
f 8681 8683 8682
f 8682 8683 8684
f 8682 8684 8680
f 8683 8677 8685
f 8683 8685 8684
f 8684 8685 8686
f 8684 8686 8680
f 8685 8677 8687
f 8685 8687 8686
f 8686 8687 8688
f 8686 8688 8680
f 8687 8677 8689
f 8687 8689 8688
f 8688 8689 8690
f 8688 8690 8680
f 8689 8677 8691
f 8689 8691 8690
f 8690 8691 8692
f 8690 8692 8680
f 8691 8677 8693
f 8691 8693 8692
f 8692 8693 8694
f 8692 8694 8680
f 8693 8677 8678
f 8693 8678 8694
f 8694 8678 8679
f 8694 8679 8680
f 8696 8695 8699
f 8696 8699 8697
f 8697 8699 8700
f 8697 8700 8698
f 8699 8695 8701
f 8699 8701 8700
f 8700 8701 8702
f 8700 8702 8698
f 8701 8695 8703
f 8701 8703 8702
f 8702 8703 8704
f 8702 8704 8698
f 8703 8695 8705
f 8703 8705 8704
f 8704 8705 8706
f 8704 8706 8698
f 8705 8695 8707
f 8705 8707 8706
f 8706 8707 8708
f 8706 8708 8698
f 8707 8695 8709
f 8707 8709 8708
f 8708 8709 8710
f 8708 8710 8698
f 8709 8695 8711
f 8709 8711 8710
f 8710 8711 8712
f 8710 8712 8698
f 8711 8695 8696
f 8711 8696 8712
f 8712 8696 8697
f 8712 8697 8698
f 8714 8713 8717
f 8714 8717 8715
f 8715 8717 8718
f 8715 8718 8716
f 8717 8713 8719
f 8717 8719 8718
f 8718 8719 8720
f 8718 8720 8716
f 8719 8713 8721
f 8719 8721 8720
f 8720 8721 8722
f 8720 8722 8716
f 8721 8713 8723
f 8721 8723 8722
f 8722 8723 8724
f 8722 8724 8716
f 8723 8713 8725
f 8723 8725 8724
f 8724 8725 8726
f 8724 8726 8716
f 8725 8713 8727
f 8725 8727 8726
f 8726 8727 8728
f 8726 8728 8716
f 8727 8713 8729
f 8727 8729 8728
f 8728 8729 8730
f 8728 8730 8716
f 8729 8713 8714
f 8729 8714 8730
f 8730 8714 8715
f 8730 8715 8716
f 8732 8731 8735
f 8732 8735 8733
f 8733 8735 8736
f 8733 8736 8734
f 8735 8731 8737
f 8735 8737 8736
f 8736 8737 8738
f 8736 8738 8734
f 8737 8731 8739
f 8737 8739 8738
f 8738 8739 8740
f 8738 8740 8734
f 8739 8731 8741
f 8739 8741 8740
f 8740 8741 8742
f 8740 8742 8734
f 8741 8731 8743
f 8741 8743 8742
f 8742 8743 8744
f 8742 8744 8734
f 8743 8731 8745
f 8743 8745 8744
f 8744 8745 8746
f 8744 8746 8734
f 8745 8731 8747
f 8745 8747 8746
f 8746 8747 8748
f 8746 8748 8734
f 8747 8731 8732
f 8747 8732 8748
f 8748 8732 8733
f 8748 8733 8734
f 8750 8749 8753
f 8750 8753 8751
f 8751 8753 8754
f 8751 8754 8752
f 8753 8749 8755
f 8753 8755 8754
f 8754 8755 8756
f 8754 8756 8752
f 8755 8749 8757
f 8755 8757 8756
f 8756 8757 8758
f 8756 8758 8752
f 8757 8749 8759
f 8757 8759 8758
f 8758 8759 8760
f 8758 8760 8752
f 8759 8749 8761
f 8759 8761 8760
f 8760 8761 8762
f 8760 8762 8752
f 8761 8749 8763
f 8761 8763 8762
f 8762 8763 8764
f 8762 8764 8752
f 8763 8749 8765
f 8763 8765 8764
f 8764 8765 8766
f 8764 8766 8752
f 8765 8749 8750
f 8765 8750 8766
f 8766 8750 8751
f 8766 8751 8752
f 8768 8767 8771
f 8768 8771 8769
f 8769 8771 8772
f 8769 8772 8770
f 8771 8767 8773
f 8771 8773 8772
f 8772 8773 8774
f 8772 8774 8770
f 8773 8767 8775
f 8773 8775 8774
f 8774 8775 8776
f 8774 8776 8770
f 8775 8767 8777
f 8775 8777 8776
f 8776 8777 8778
f 8776 8778 8770
f 8777 8767 8779
f 8777 8779 8778
f 8778 8779 8780
f 8778 8780 8770
f 8779 8767 8781
f 8779 8781 8780
f 8780 8781 8782
f 8780 8782 8770
f 8781 8767 8783
f 8781 8783 8782
f 8782 8783 8784
f 8782 8784 8770
f 8783 8767 8768
f 8783 8768 8784
f 8784 8768 8769
f 8784 8769 8770
f 8786 8785 8789
f 8786 8789 8787
f 8787 8789 8790
f 8787 8790 8788
f 8789 8785 8791
f 8789 8791 8790
f 8790 8791 8792
f 8790 8792 8788
f 8791 8785 8793
f 8791 8793 8792
f 8792 8793 8794
f 8792 8794 8788
f 8793 8785 8795
f 8793 8795 8794
f 8794 8795 8796
f 8794 8796 8788
f 8795 8785 8797
f 8795 8797 8796
f 8796 8797 8798
f 8796 8798 8788
f 8797 8785 8799
f 8797 8799 8798
f 8798 8799 8800
f 8798 8800 8788
f 8799 8785 8801
f 8799 8801 8800
f 8800 8801 8802
f 8800 8802 8788
f 8801 8785 8786
f 8801 8786 8802
f 8802 8786 8787
f 8802 8787 8788
f 8804 8803 8807
f 8804 8807 8805
f 8805 8807 8808
f 8805 8808 8806
f 8807 8803 8809
f 8807 8809 8808
f 8808 8809 8810
f 8808 8810 8806
f 8809 8803 8811
f 8809 8811 8810
f 8810 8811 8812
f 8810 8812 8806
f 8811 8803 8813
f 8811 8813 8812
f 8812 8813 8814
f 8812 8814 8806
f 8813 8803 8815
f 8813 8815 8814
f 8814 8815 8816
f 8814 8816 8806
f 8815 8803 8817
f 8815 8817 8816
f 8816 8817 8818
f 8816 8818 8806
f 8817 8803 8819
f 8817 8819 8818
f 8818 8819 8820
f 8818 8820 8806
f 8819 8803 8804
f 8819 8804 8820
f 8820 8804 8805
f 8820 8805 8806
f 8822 8821 8825
f 8822 8825 8823
f 8823 8825 8826
f 8823 8826 8824
f 8825 8821 8827
f 8825 8827 8826
f 8826 8827 8828
f 8826 8828 8824
f 8827 8821 8829
f 8827 8829 8828
f 8828 8829 8830
f 8828 8830 8824
f 8829 8821 8831
f 8829 8831 8830
f 8830 8831 8832
f 8830 8832 8824
f 8831 8821 8833
f 8831 8833 8832
f 8832 8833 8834
f 8832 8834 8824
f 8833 8821 8835
f 8833 8835 8834
f 8834 8835 8836
f 8834 8836 8824
f 8835 8821 8837
f 8835 8837 8836
f 8836 8837 8838
f 8836 8838 8824
f 8837 8821 8822
f 8837 8822 8838
f 8838 8822 8823
f 8838 8823 8824
f 8840 8839 8843
f 8840 8843 8841
f 8841 8843 8844
f 8841 8844 8842
f 8843 8839 8845
f 8843 8845 8844
f 8844 8845 8846
f 8844 8846 8842
f 8845 8839 8847
f 8845 8847 8846
f 8846 8847 8848
f 8846 8848 8842
f 8847 8839 8849
f 8847 8849 8848
f 8848 8849 8850
f 8848 8850 8842
f 8849 8839 8851
f 8849 8851 8850
f 8850 8851 8852
f 8850 8852 8842
f 8851 8839 8853
f 8851 8853 8852
f 8852 8853 8854
f 8852 8854 8842
f 8853 8839 8855
f 8853 8855 8854
f 8854 8855 8856
f 8854 8856 8842
f 8855 8839 8840
f 8855 8840 8856
f 8856 8840 8841
f 8856 8841 8842
f 8858 8857 8861
f 8858 8861 8859
f 8859 8861 8862
f 8859 8862 8860
f 8861 8857 8863
f 8861 8863 8862
f 8862 8863 8864
f 8862 8864 8860
f 8863 8857 8865
f 8863 8865 8864
f 8864 8865 8866
f 8864 8866 8860
f 8865 8857 8867
f 8865 8867 8866
f 8866 8867 8868
f 8866 8868 8860
f 8867 8857 8869
f 8867 8869 8868
f 8868 8869 8870
f 8868 8870 8860
f 8869 8857 8871
f 8869 8871 8870
f 8870 8871 8872
f 8870 8872 8860
f 8871 8857 8873
f 8871 8873 8872
f 8872 8873 8874
f 8872 8874 8860
f 8873 8857 8858
f 8873 8858 8874
f 8874 8858 8859
f 8874 8859 8860
f 8876 8875 8879
f 8876 8879 8877
f 8877 8879 8880
f 8877 8880 8878
f 8879 8875 8881
f 8879 8881 8880
f 8880 8881 8882
f 8880 8882 8878
f 8881 8875 8883
f 8881 8883 8882
f 8882 8883 8884
f 8882 8884 8878
f 8883 8875 8885
f 8883 8885 8884
f 8884 8885 8886
f 8884 8886 8878
f 8885 8875 8887
f 8885 8887 8886
f 8886 8887 8888
f 8886 8888 8878
f 8887 8875 8889
f 8887 8889 8888
f 8888 8889 8890
f 8888 8890 8878
f 8889 8875 8891
f 8889 8891 8890
f 8890 8891 8892
f 8890 8892 8878
f 8891 8875 8876
f 8891 8876 8892
f 8892 8876 8877
f 8892 8877 8878
f 8894 8893 8897
f 8894 8897 8895
f 8895 8897 8898
f 8895 8898 8896
f 8897 8893 8899
f 8897 8899 8898
f 8898 8899 8900
f 8898 8900 8896
f 8899 8893 8901
f 8899 8901 8900
f 8900 8901 8902
f 8900 8902 8896
f 8901 8893 8903
f 8901 8903 8902
f 8902 8903 8904
f 8902 8904 8896
f 8903 8893 8905
f 8903 8905 8904
f 8904 8905 8906
f 8904 8906 8896
f 8905 8893 8907
f 8905 8907 8906
f 8906 8907 8908
f 8906 8908 8896
f 8907 8893 8909
f 8907 8909 8908
f 8908 8909 8910
f 8908 8910 8896
f 8909 8893 8894
f 8909 8894 8910
f 8910 8894 8895
f 8910 8895 8896
f 8912 8911 8915
f 8912 8915 8913
f 8913 8915 8916
f 8913 8916 8914
f 8915 8911 8917
f 8915 8917 8916
f 8916 8917 8918
f 8916 8918 8914
f 8917 8911 8919
f 8917 8919 8918
f 8918 8919 8920
f 8918 8920 8914
f 8919 8911 8921
f 8919 8921 8920
f 8920 8921 8922
f 8920 8922 8914
f 8921 8911 8923
f 8921 8923 8922
f 8922 8923 8924
f 8922 8924 8914
f 8923 8911 8925
f 8923 8925 8924
f 8924 8925 8926
f 8924 8926 8914
f 8925 8911 8927
f 8925 8927 8926
f 8926 8927 8928
f 8926 8928 8914
f 8927 8911 8912
f 8927 8912 8928
f 8928 8912 8913
f 8928 8913 8914
f 8930 8929 8933
f 8930 8933 8931
f 8931 8933 8934
f 8931 8934 8932
f 8933 8929 8935
f 8933 8935 8934
f 8934 8935 8936
f 8934 8936 8932
f 8935 8929 8937
f 8935 8937 8936
f 8936 8937 8938
f 8936 8938 8932
f 8937 8929 8939
f 8937 8939 8938
f 8938 8939 8940
f 8938 8940 8932
f 8939 8929 8941
f 8939 8941 8940
f 8940 8941 8942
f 8940 8942 8932
f 8941 8929 8943
f 8941 8943 8942
f 8942 8943 8944
f 8942 8944 8932
f 8943 8929 8945
f 8943 8945 8944
f 8944 8945 8946
f 8944 8946 8932
f 8945 8929 8930
f 8945 8930 8946
f 8946 8930 8931
f 8946 8931 8932
f 8948 8947 8951
f 8948 8951 8949
f 8949 8951 8952
f 8949 8952 8950
f 8951 8947 8953
f 8951 8953 8952
f 8952 8953 8954
f 8952 8954 8950
f 8953 8947 8955
f 8953 8955 8954
f 8954 8955 8956
f 8954 8956 8950
f 8955 8947 8957
f 8955 8957 8956
f 8956 8957 8958
f 8956 8958 8950
f 8957 8947 8959
f 8957 8959 8958
f 8958 8959 8960
f 8958 8960 8950
f 8959 8947 8961
f 8959 8961 8960
f 8960 8961 8962
f 8960 8962 8950
f 8961 8947 8963
f 8961 8963 8962
f 8962 8963 8964
f 8962 8964 8950
f 8963 8947 8948
f 8963 8948 8964
f 8964 8948 8949
f 8964 8949 8950
f 8966 8965 8969
f 8966 8969 8967
f 8967 8969 8970
f 8967 8970 8968
f 8969 8965 8971
f 8969 8971 8970
f 8970 8971 8972
f 8970 8972 8968
f 8971 8965 8973
f 8971 8973 8972
f 8972 8973 8974
f 8972 8974 8968
f 8973 8965 8975
f 8973 8975 8974
f 8974 8975 8976
f 8974 8976 8968
f 8975 8965 8977
f 8975 8977 8976
f 8976 8977 8978
f 8976 8978 8968
f 8977 8965 8979
f 8977 8979 8978
f 8978 8979 8980
f 8978 8980 8968
f 8979 8965 8981
f 8979 8981 8980
f 8980 8981 8982
f 8980 8982 8968
f 8981 8965 8966
f 8981 8966 8982
f 8982 8966 8967
f 8982 8967 8968
f 8984 8983 8987
f 8984 8987 8985
f 8985 8987 8988
f 8985 8988 8986
f 8987 8983 8989
f 8987 8989 8988
f 8988 8989 8990
f 8988 8990 8986
f 8989 8983 8991
f 8989 8991 8990
f 8990 8991 8992
f 8990 8992 8986
f 8991 8983 8993
f 8991 8993 8992
f 8992 8993 8994
f 8992 8994 8986
f 8993 8983 8995
f 8993 8995 8994
f 8994 8995 8996
f 8994 8996 8986
f 8995 8983 8997
f 8995 8997 8996
f 8996 8997 8998
f 8996 8998 8986
f 8997 8983 8999
f 8997 8999 8998
f 8998 8999 9000
f 8998 9000 8986
f 8999 8983 8984
f 8999 8984 9000
f 9000 8984 8985
f 9000 8985 8986
f 9002 9001 9005
f 9002 9005 9003
f 9003 9005 9006
f 9003 9006 9004
f 9005 9001 9007
f 9005 9007 9006
f 9006 9007 9008
f 9006 9008 9004
f 9007 9001 9009
f 9007 9009 9008
f 9008 9009 9010
f 9008 9010 9004
f 9009 9001 9011
f 9009 9011 9010
f 9010 9011 9012
f 9010 9012 9004
f 9011 9001 9013
f 9011 9013 9012
f 9012 9013 9014
f 9012 9014 9004
f 9013 9001 9015
f 9013 9015 9014
f 9014 9015 9016
f 9014 9016 9004
f 9015 9001 9017
f 9015 9017 9016
f 9016 9017 9018
f 9016 9018 9004
f 9017 9001 9002
f 9017 9002 9018
f 9018 9002 9003
f 9018 9003 9004
f 9020 9019 9023
f 9020 9023 9021
f 9021 9023 9024
f 9021 9024 9022
f 9023 9019 9025
f 9023 9025 9024
f 9024 9025 9026
f 9024 9026 9022
f 9025 9019 9027
f 9025 9027 9026
f 9026 9027 9028
f 9026 9028 9022
f 9027 9019 9029
f 9027 9029 9028
f 9028 9029 9030
f 9028 9030 9022
f 9029 9019 9031
f 9029 9031 9030
f 9030 9031 9032
f 9030 9032 9022
f 9031 9019 9033
f 9031 9033 9032
f 9032 9033 9034
f 9032 9034 9022
f 9033 9019 9035
f 9033 9035 9034
f 9034 9035 9036
f 9034 9036 9022
f 9035 9019 9020
f 9035 9020 9036
f 9036 9020 9021
f 9036 9021 9022
f 9038 9037 9041
f 9038 9041 9039
f 9039 9041 9042
f 9039 9042 9040
f 9041 9037 9043
f 9041 9043 9042
f 9042 9043 9044
f 9042 9044 9040
f 9043 9037 9045
f 9043 9045 9044
f 9044 9045 9046
f 9044 9046 9040
f 9045 9037 9047
f 9045 9047 9046
f 9046 9047 9048
f 9046 9048 9040
f 9047 9037 9049
f 9047 9049 9048
f 9048 9049 9050
f 9048 9050 9040
f 9049 9037 9051
f 9049 9051 9050
f 9050 9051 9052
f 9050 9052 9040
f 9051 9037 9053
f 9051 9053 9052
f 9052 9053 9054
f 9052 9054 9040
f 9053 9037 9038
f 9053 9038 9054
f 9054 9038 9039
f 9054 9039 9040
f 9056 9055 9059
f 9056 9059 9057
f 9057 9059 9060
f 9057 9060 9058
f 9059 9055 9061
f 9059 9061 9060
f 9060 9061 9062
f 9060 9062 9058
f 9061 9055 9063
f 9061 9063 9062
f 9062 9063 9064
f 9062 9064 9058
f 9063 9055 9065
f 9063 9065 9064
f 9064 9065 9066
f 9064 9066 9058
f 9065 9055 9067
f 9065 9067 9066
f 9066 9067 9068
f 9066 9068 9058
f 9067 9055 9069
f 9067 9069 9068
f 9068 9069 9070
f 9068 9070 9058
f 9069 9055 9071
f 9069 9071 9070
f 9070 9071 9072
f 9070 9072 9058
f 9071 9055 9056
f 9071 9056 9072
f 9072 9056 9057
f 9072 9057 9058
f 9074 9073 9077
f 9074 9077 9075
f 9075 9077 9078
f 9075 9078 9076
f 9077 9073 9079
f 9077 9079 9078
f 9078 9079 9080
f 9078 9080 9076
f 9079 9073 9081
f 9079 9081 9080
f 9080 9081 9082
f 9080 9082 9076
f 9081 9073 9083
f 9081 9083 9082
f 9082 9083 9084
f 9082 9084 9076
f 9083 9073 9085
f 9083 9085 9084
f 9084 9085 9086
f 9084 9086 9076
f 9085 9073 9087
f 9085 9087 9086
f 9086 9087 9088
f 9086 9088 9076
f 9087 9073 9089
f 9087 9089 9088
f 9088 9089 9090
f 9088 9090 9076
f 9089 9073 9074
f 9089 9074 9090
f 9090 9074 9075
f 9090 9075 9076
f 9092 9091 9095
f 9092 9095 9093
f 9093 9095 9096
f 9093 9096 9094
f 9095 9091 9097
f 9095 9097 9096
f 9096 9097 9098
f 9096 9098 9094
f 9097 9091 9099
f 9097 9099 9098
f 9098 9099 9100
f 9098 9100 9094
f 9099 9091 9101
f 9099 9101 9100
f 9100 9101 9102
f 9100 9102 9094
f 9101 9091 9103
f 9101 9103 9102
f 9102 9103 9104
f 9102 9104 9094
f 9103 9091 9105
f 9103 9105 9104
f 9104 9105 9106
f 9104 9106 9094
f 9105 9091 9107
f 9105 9107 9106
f 9106 9107 9108
f 9106 9108 9094
f 9107 9091 9092
f 9107 9092 9108
f 9108 9092 9093
f 9108 9093 9094
f 9110 9109 9113
f 9110 9113 9111
f 9111 9113 9114
f 9111 9114 9112
f 9113 9109 9115
f 9113 9115 9114
f 9114 9115 9116
f 9114 9116 9112
f 9115 9109 9117
f 9115 9117 9116
f 9116 9117 9118
f 9116 9118 9112
f 9117 9109 9119
f 9117 9119 9118
f 9118 9119 9120
f 9118 9120 9112
f 9119 9109 9121
f 9119 9121 9120
f 9120 9121 9122
f 9120 9122 9112
f 9121 9109 9123
f 9121 9123 9122
f 9122 9123 9124
f 9122 9124 9112
f 9123 9109 9125
f 9123 9125 9124
f 9124 9125 9126
f 9124 9126 9112
f 9125 9109 9110
f 9125 9110 9126
f 9126 9110 9111
f 9126 9111 9112
f 9128 9127 9131
f 9128 9131 9129
f 9129 9131 9132
f 9129 9132 9130
f 9131 9127 9133
f 9131 9133 9132
f 9132 9133 9134
f 9132 9134 9130
f 9133 9127 9135
f 9133 9135 9134
f 9134 9135 9136
f 9134 9136 9130
f 9135 9127 9137
f 9135 9137 9136
f 9136 9137 9138
f 9136 9138 9130
f 9137 9127 9139
f 9137 9139 9138
f 9138 9139 9140
f 9138 9140 9130
f 9139 9127 9141
f 9139 9141 9140
f 9140 9141 9142
f 9140 9142 9130
f 9141 9127 9143
f 9141 9143 9142
f 9142 9143 9144
f 9142 9144 9130
f 9143 9127 9128
f 9143 9128 9144
f 9144 9128 9129
f 9144 9129 9130
f 9146 9145 9149
f 9146 9149 9147
f 9147 9149 9150
f 9147 9150 9148
f 9149 9145 9151
f 9149 9151 9150
f 9150 9151 9152
f 9150 9152 9148
f 9151 9145 9153
f 9151 9153 9152
f 9152 9153 9154
f 9152 9154 9148
f 9153 9145 9155
f 9153 9155 9154
f 9154 9155 9156
f 9154 9156 9148
f 9155 9145 9157
f 9155 9157 9156
f 9156 9157 9158
f 9156 9158 9148
f 9157 9145 9159
f 9157 9159 9158
f 9158 9159 9160
f 9158 9160 9148
f 9159 9145 9161
f 9159 9161 9160
f 9160 9161 9162
f 9160 9162 9148
f 9161 9145 9146
f 9161 9146 9162
f 9162 9146 9147
f 9162 9147 9148
f 9164 9163 9167
f 9164 9167 9165
f 9165 9167 9168
f 9165 9168 9166
f 9167 9163 9169
f 9167 9169 9168
f 9168 9169 9170
f 9168 9170 9166
f 9169 9163 9171
f 9169 9171 9170
f 9170 9171 9172
f 9170 9172 9166
f 9171 9163 9173
f 9171 9173 9172
f 9172 9173 9174
f 9172 9174 9166
f 9173 9163 9175
f 9173 9175 9174
f 9174 9175 9176
f 9174 9176 9166
f 9175 9163 9177
f 9175 9177 9176
f 9176 9177 9178
f 9176 9178 9166
f 9177 9163 9179
f 9177 9179 9178
f 9178 9179 9180
f 9178 9180 9166
f 9179 9163 9164
f 9179 9164 9180
f 9180 9164 9165
f 9180 9165 9166
f 9182 9181 9185
f 9182 9185 9183
f 9183 9185 9186
f 9183 9186 9184
f 9185 9181 9187
f 9185 9187 9186
f 9186 9187 9188
f 9186 9188 9184
f 9187 9181 9189
f 9187 9189 9188
f 9188 9189 9190
f 9188 9190 9184
f 9189 9181 9191
f 9189 9191 9190
f 9190 9191 9192
f 9190 9192 9184
f 9191 9181 9193
f 9191 9193 9192
f 9192 9193 9194
f 9192 9194 9184
f 9193 9181 9195
f 9193 9195 9194
f 9194 9195 9196
f 9194 9196 9184
f 9195 9181 9197
f 9195 9197 9196
f 9196 9197 9198
f 9196 9198 9184
f 9197 9181 9182
f 9197 9182 9198
f 9198 9182 9183
f 9198 9183 9184
f 9200 9199 9203
f 9200 9203 9201
f 9201 9203 9204
f 9201 9204 9202
f 9203 9199 9205
f 9203 9205 9204
f 9204 9205 9206
f 9204 9206 9202
f 9205 9199 9207
f 9205 9207 9206
f 9206 9207 9208
f 9206 9208 9202
f 9207 9199 9209
f 9207 9209 9208
f 9208 9209 9210
f 9208 9210 9202
f 9209 9199 9211
f 9209 9211 9210
f 9210 9211 9212
f 9210 9212 9202
f 9211 9199 9213
f 9211 9213 9212
f 9212 9213 9214
f 9212 9214 9202
f 9213 9199 9215
f 9213 9215 9214
f 9214 9215 9216
f 9214 9216 9202
f 9215 9199 9200
f 9215 9200 9216
f 9216 9200 9201
f 9216 9201 9202
f 9218 9217 9221
f 9218 9221 9219
f 9219 9221 9222
f 9219 9222 9220
f 9221 9217 9223
f 9221 9223 9222
f 9222 9223 9224
f 9222 9224 9220
f 9223 9217 9225
f 9223 9225 9224
f 9224 9225 9226
f 9224 9226 9220
f 9225 9217 9227
f 9225 9227 9226
f 9226 9227 9228
f 9226 9228 9220
f 9227 9217 9229
f 9227 9229 9228
f 9228 9229 9230
f 9228 9230 9220
f 9229 9217 9231
f 9229 9231 9230
f 9230 9231 9232
f 9230 9232 9220
f 9231 9217 9233
f 9231 9233 9232
f 9232 9233 9234
f 9232 9234 9220
f 9233 9217 9218
f 9233 9218 9234
f 9234 9218 9219
f 9234 9219 9220
f 9236 9235 9239
f 9236 9239 9237
f 9237 9239 9240
f 9237 9240 9238
f 9239 9235 9241
f 9239 9241 9240
f 9240 9241 9242
f 9240 9242 9238
f 9241 9235 9243
f 9241 9243 9242
f 9242 9243 9244
f 9242 9244 9238
f 9243 9235 9245
f 9243 9245 9244
f 9244 9245 9246
f 9244 9246 9238
f 9245 9235 9247
f 9245 9247 9246
f 9246 9247 9248
f 9246 9248 9238
f 9247 9235 9249
f 9247 9249 9248
f 9248 9249 9250
f 9248 9250 9238
f 9249 9235 9251
f 9249 9251 9250
f 9250 9251 9252
f 9250 9252 9238
f 9251 9235 9236
f 9251 9236 9252
f 9252 9236 9237
f 9252 9237 9238
f 9254 9253 9257
f 9254 9257 9255
f 9255 9257 9258
f 9255 9258 9256
f 9257 9253 9259
f 9257 9259 9258
f 9258 9259 9260
f 9258 9260 9256
f 9259 9253 9261
f 9259 9261 9260
f 9260 9261 9262
f 9260 9262 9256
f 9261 9253 9263
f 9261 9263 9262
f 9262 9263 9264
f 9262 9264 9256
f 9263 9253 9265
f 9263 9265 9264
f 9264 9265 9266
f 9264 9266 9256
f 9265 9253 9267
f 9265 9267 9266
f 9266 9267 9268
f 9266 9268 9256
f 9267 9253 9269
f 9267 9269 9268
f 9268 9269 9270
f 9268 9270 9256
f 9269 9253 9254
f 9269 9254 9270
f 9270 9254 9255
f 9270 9255 9256
f 9272 9271 9275
f 9272 9275 9273
f 9273 9275 9276
f 9273 9276 9274
f 9275 9271 9277
f 9275 9277 9276
f 9276 9277 9278
f 9276 9278 9274
f 9277 9271 9279
f 9277 9279 9278
f 9278 9279 9280
f 9278 9280 9274
f 9279 9271 9281
f 9279 9281 9280
f 9280 9281 9282
f 9280 9282 9274
f 9281 9271 9283
f 9281 9283 9282
f 9282 9283 9284
f 9282 9284 9274
f 9283 9271 9285
f 9283 9285 9284
f 9284 9285 9286
f 9284 9286 9274
f 9285 9271 9287
f 9285 9287 9286
f 9286 9287 9288
f 9286 9288 9274
f 9287 9271 9272
f 9287 9272 9288
f 9288 9272 9273
f 9288 9273 9274
f 9290 9289 9293
f 9290 9293 9291
f 9291 9293 9294
f 9291 9294 9292
f 9293 9289 9295
f 9293 9295 9294
f 9294 9295 9296
f 9294 9296 9292
f 9295 9289 9297
f 9295 9297 9296
f 9296 9297 9298
f 9296 9298 9292
f 9297 9289 9299
f 9297 9299 9298
f 9298 9299 9300
f 9298 9300 9292
f 9299 9289 9301
f 9299 9301 9300
f 9300 9301 9302
f 9300 9302 9292
f 9301 9289 9303
f 9301 9303 9302
f 9302 9303 9304
f 9302 9304 9292
f 9303 9289 9305
f 9303 9305 9304
f 9304 9305 9306
f 9304 9306 9292
f 9305 9289 9290
f 9305 9290 9306
f 9306 9290 9291
f 9306 9291 9292
f 9308 9307 9311
f 9308 9311 9309
f 9309 9311 9312
f 9309 9312 9310
f 9311 9307 9313
f 9311 9313 9312
f 9312 9313 9314
f 9312 9314 9310
f 9313 9307 9315
f 9313 9315 9314
f 9314 9315 9316
f 9314 9316 9310
f 9315 9307 9317
f 9315 9317 9316
f 9316 9317 9318
f 9316 9318 9310
f 9317 9307 9319
f 9317 9319 9318
f 9318 9319 9320
f 9318 9320 9310
f 9319 9307 9321
f 9319 9321 9320
f 9320 9321 9322
f 9320 9322 9310
f 9321 9307 9323
f 9321 9323 9322
f 9322 9323 9324
f 9322 9324 9310
f 9323 9307 9308
f 9323 9308 9324
f 9324 9308 9309
f 9324 9309 9310
f 9326 9325 9329
f 9326 9329 9327
f 9327 9329 9330
f 9327 9330 9328
f 9329 9325 9331
f 9329 9331 9330
f 9330 9331 9332
f 9330 9332 9328
f 9331 9325 9333
f 9331 9333 9332
f 9332 9333 9334
f 9332 9334 9328
f 9333 9325 9335
f 9333 9335 9334
f 9334 9335 9336
f 9334 9336 9328
f 9335 9325 9337
f 9335 9337 9336
f 9336 9337 9338
f 9336 9338 9328
f 9337 9325 9339
f 9337 9339 9338
f 9338 9339 9340
f 9338 9340 9328
f 9339 9325 9341
f 9339 9341 9340
f 9340 9341 9342
f 9340 9342 9328
f 9341 9325 9326
f 9341 9326 9342
f 9342 9326 9327
f 9342 9327 9328
f 9344 9343 9347
f 9344 9347 9345
f 9345 9347 9348
f 9345 9348 9346
f 9347 9343 9349
f 9347 9349 9348
f 9348 9349 9350
f 9348 9350 9346
f 9349 9343 9351
f 9349 9351 9350
f 9350 9351 9352
f 9350 9352 9346
f 9351 9343 9353
f 9351 9353 9352
f 9352 9353 9354
f 9352 9354 9346
f 9353 9343 9355
f 9353 9355 9354
f 9354 9355 9356
f 9354 9356 9346
f 9355 9343 9357
f 9355 9357 9356
f 9356 9357 9358
f 9356 9358 9346
f 9357 9343 9359
f 9357 9359 9358
f 9358 9359 9360
f 9358 9360 9346
f 9359 9343 9344
f 9359 9344 9360
f 9360 9344 9345
f 9360 9345 9346
f 9362 9361 9365
f 9362 9365 9363
f 9363 9365 9366
f 9363 9366 9364
f 9365 9361 9367
f 9365 9367 9366
f 9366 9367 9368
f 9366 9368 9364
f 9367 9361 9369
f 9367 9369 9368
f 9368 9369 9370
f 9368 9370 9364
f 9369 9361 9371
f 9369 9371 9370
f 9370 9371 9372
f 9370 9372 9364
f 9371 9361 9373
f 9371 9373 9372
f 9372 9373 9374
f 9372 9374 9364
f 9373 9361 9375
f 9373 9375 9374
f 9374 9375 9376
f 9374 9376 9364
f 9375 9361 9377
f 9375 9377 9376
f 9376 9377 9378
f 9376 9378 9364
f 9377 9361 9362
f 9377 9362 9378
f 9378 9362 9363
f 9378 9363 9364
f 9380 9379 9383
f 9380 9383 9381
f 9381 9383 9384
f 9381 9384 9382
f 9383 9379 9385
f 9383 9385 9384
f 9384 9385 9386
f 9384 9386 9382
f 9385 9379 9387
f 9385 9387 9386
f 9386 9387 9388
f 9386 9388 9382
f 9387 9379 9389
f 9387 9389 9388
f 9388 9389 9390
f 9388 9390 9382
f 9389 9379 9391
f 9389 9391 9390
f 9390 9391 9392
f 9390 9392 9382
f 9391 9379 9393
f 9391 9393 9392
f 9392 9393 9394
f 9392 9394 9382
f 9393 9379 9395
f 9393 9395 9394
f 9394 9395 9396
f 9394 9396 9382
f 9395 9379 9380
f 9395 9380 9396
f 9396 9380 9381
f 9396 9381 9382
f 9398 9397 9401
f 9398 9401 9399
f 9399 9401 9402
f 9399 9402 9400
f 9401 9397 9403
f 9401 9403 9402
f 9402 9403 9404
f 9402 9404 9400
f 9403 9397 9405
f 9403 9405 9404
f 9404 9405 9406
f 9404 9406 9400
f 9405 9397 9407
f 9405 9407 9406
f 9406 9407 9408
f 9406 9408 9400
f 9407 9397 9409
f 9407 9409 9408
f 9408 9409 9410
f 9408 9410 9400
f 9409 9397 9411
f 9409 9411 9410
f 9410 9411 9412
f 9410 9412 9400
f 9411 9397 9413
f 9411 9413 9412
f 9412 9413 9414
f 9412 9414 9400
f 9413 9397 9398
f 9413 9398 9414
f 9414 9398 9399
f 9414 9399 9400
f 9416 9415 9419
f 9416 9419 9417
f 9417 9419 9420
f 9417 9420 9418
f 9419 9415 9421
f 9419 9421 9420
f 9420 9421 9422
f 9420 9422 9418
f 9421 9415 9423
f 9421 9423 9422
f 9422 9423 9424
f 9422 9424 9418
f 9423 9415 9425
f 9423 9425 9424
f 9424 9425 9426
f 9424 9426 9418
f 9425 9415 9427
f 9425 9427 9426
f 9426 9427 9428
f 9426 9428 9418
f 9427 9415 9429
f 9427 9429 9428
f 9428 9429 9430
f 9428 9430 9418
f 9429 9415 9431
f 9429 9431 9430
f 9430 9431 9432
f 9430 9432 9418
f 9431 9415 9416
f 9431 9416 9432
f 9432 9416 9417
f 9432 9417 9418
f 9434 9433 9437
f 9434 9437 9435
f 9435 9437 9438
f 9435 9438 9436
f 9437 9433 9439
f 9437 9439 9438
f 9438 9439 9440
f 9438 9440 9436
f 9439 9433 9441
f 9439 9441 9440
f 9440 9441 9442
f 9440 9442 9436
f 9441 9433 9443
f 9441 9443 9442
f 9442 9443 9444
f 9442 9444 9436
f 9443 9433 9445
f 9443 9445 9444
f 9444 9445 9446
f 9444 9446 9436
f 9445 9433 9447
f 9445 9447 9446
f 9446 9447 9448
f 9446 9448 9436
f 9447 9433 9449
f 9447 9449 9448
f 9448 9449 9450
f 9448 9450 9436
f 9449 9433 9434
f 9449 9434 9450
f 9450 9434 9435
f 9450 9435 9436
f 9452 9451 9455
f 9452 9455 9453
f 9453 9455 9456
f 9453 9456 9454
f 9455 9451 9457
f 9455 9457 9456
f 9456 9457 9458
f 9456 9458 9454
f 9457 9451 9459
f 9457 9459 9458
f 9458 9459 9460
f 9458 9460 9454
f 9459 9451 9461
f 9459 9461 9460
f 9460 9461 9462
f 9460 9462 9454
f 9461 9451 9463
f 9461 9463 9462
f 9462 9463 9464
f 9462 9464 9454
f 9463 9451 9465
f 9463 9465 9464
f 9464 9465 9466
f 9464 9466 9454
f 9465 9451 9467
f 9465 9467 9466
f 9466 9467 9468
f 9466 9468 9454
f 9467 9451 9452
f 9467 9452 9468
f 9468 9452 9453
f 9468 9453 9454
f 9470 9469 9473
f 9470 9473 9471
f 9471 9473 9474
f 9471 9474 9472
f 9473 9469 9475
f 9473 9475 9474
f 9474 9475 9476
f 9474 9476 9472
f 9475 9469 9477
f 9475 9477 9476
f 9476 9477 9478
f 9476 9478 9472
f 9477 9469 9479
f 9477 9479 9478
f 9478 9479 9480
f 9478 9480 9472
f 9479 9469 9481
f 9479 9481 9480
f 9480 9481 9482
f 9480 9482 9472
f 9481 9469 9483
f 9481 9483 9482
f 9482 9483 9484
f 9482 9484 9472
f 9483 9469 9485
f 9483 9485 9484
f 9484 9485 9486
f 9484 9486 9472
f 9485 9469 9470
f 9485 9470 9486
f 9486 9470 9471
f 9486 9471 9472
f 9488 9487 9491
f 9488 9491 9489
f 9489 9491 9492
f 9489 9492 9490
f 9491 9487 9493
f 9491 9493 9492
f 9492 9493 9494
f 9492 9494 9490
f 9493 9487 9495
f 9493 9495 9494
f 9494 9495 9496
f 9494 9496 9490
f 9495 9487 9497
f 9495 9497 9496
f 9496 9497 9498
f 9496 9498 9490
f 9497 9487 9499
f 9497 9499 9498
f 9498 9499 9500
f 9498 9500 9490
f 9499 9487 9501
f 9499 9501 9500
f 9500 9501 9502
f 9500 9502 9490
f 9501 9487 9503
f 9501 9503 9502
f 9502 9503 9504
f 9502 9504 9490
f 9503 9487 9488
f 9503 9488 9504
f 9504 9488 9489
f 9504 9489 9490
f 9506 9505 9509
f 9506 9509 9507
f 9507 9509 9510
f 9507 9510 9508
f 9509 9505 9511
f 9509 9511 9510
f 9510 9511 9512
f 9510 9512 9508
f 9511 9505 9513
f 9511 9513 9512
f 9512 9513 9514
f 9512 9514 9508
f 9513 9505 9515
f 9513 9515 9514
f 9514 9515 9516
f 9514 9516 9508
f 9515 9505 9517
f 9515 9517 9516
f 9516 9517 9518
f 9516 9518 9508
f 9517 9505 9519
f 9517 9519 9518
f 9518 9519 9520
f 9518 9520 9508
f 9519 9505 9521
f 9519 9521 9520
f 9520 9521 9522
f 9520 9522 9508
f 9521 9505 9506
f 9521 9506 9522
f 9522 9506 9507
f 9522 9507 9508
f 9524 9523 9527
f 9524 9527 9525
f 9525 9527 9528
f 9525 9528 9526
f 9527 9523 9529
f 9527 9529 9528
f 9528 9529 9530
f 9528 9530 9526
f 9529 9523 9531
f 9529 9531 9530
f 9530 9531 9532
f 9530 9532 9526
f 9531 9523 9533
f 9531 9533 9532
f 9532 9533 9534
f 9532 9534 9526
f 9533 9523 9535
f 9533 9535 9534
f 9534 9535 9536
f 9534 9536 9526
f 9535 9523 9537
f 9535 9537 9536
f 9536 9537 9538
f 9536 9538 9526
f 9537 9523 9539
f 9537 9539 9538
f 9538 9539 9540
f 9538 9540 9526
f 9539 9523 9524
f 9539 9524 9540
f 9540 9524 9525
f 9540 9525 9526
f 9542 9541 9545
f 9542 9545 9543
f 9543 9545 9546
f 9543 9546 9544
f 9545 9541 9547
f 9545 9547 9546
f 9546 9547 9548
f 9546 9548 9544
f 9547 9541 9549
f 9547 9549 9548
f 9548 9549 9550
f 9548 9550 9544
f 9549 9541 9551
f 9549 9551 9550
f 9550 9551 9552
f 9550 9552 9544
f 9551 9541 9553
f 9551 9553 9552
f 9552 9553 9554
f 9552 9554 9544
f 9553 9541 9555
f 9553 9555 9554
f 9554 9555 9556
f 9554 9556 9544
f 9555 9541 9557
f 9555 9557 9556
f 9556 9557 9558
f 9556 9558 9544
f 9557 9541 9542
f 9557 9542 9558
f 9558 9542 9543
f 9558 9543 9544
f 9560 9559 9563
f 9560 9563 9561
f 9561 9563 9564
f 9561 9564 9562
f 9563 9559 9565
f 9563 9565 9564
f 9564 9565 9566
f 9564 9566 9562
f 9565 9559 9567
f 9565 9567 9566
f 9566 9567 9568
f 9566 9568 9562
f 9567 9559 9569
f 9567 9569 9568
f 9568 9569 9570
f 9568 9570 9562
f 9569 9559 9571
f 9569 9571 9570
f 9570 9571 9572
f 9570 9572 9562
f 9571 9559 9573
f 9571 9573 9572
f 9572 9573 9574
f 9572 9574 9562
f 9573 9559 9575
f 9573 9575 9574
f 9574 9575 9576
f 9574 9576 9562
f 9575 9559 9560
f 9575 9560 9576
f 9576 9560 9561
f 9576 9561 9562
f 9578 9577 9581
f 9578 9581 9579
f 9579 9581 9582
f 9579 9582 9580
f 9581 9577 9583
f 9581 9583 9582
f 9582 9583 9584
f 9582 9584 9580
f 9583 9577 9585
f 9583 9585 9584
f 9584 9585 9586
f 9584 9586 9580
f 9585 9577 9587
f 9585 9587 9586
f 9586 9587 9588
f 9586 9588 9580
f 9587 9577 9589
f 9587 9589 9588
f 9588 9589 9590
f 9588 9590 9580
f 9589 9577 9591
f 9589 9591 9590
f 9590 9591 9592
f 9590 9592 9580
f 9591 9577 9593
f 9591 9593 9592
f 9592 9593 9594
f 9592 9594 9580
f 9593 9577 9578
f 9593 9578 9594
f 9594 9578 9579
f 9594 9579 9580
f 9596 9595 9599
f 9596 9599 9597
f 9597 9599 9600
f 9597 9600 9598
f 9599 9595 9601
f 9599 9601 9600
f 9600 9601 9602
f 9600 9602 9598
f 9601 9595 9603
f 9601 9603 9602
f 9602 9603 9604
f 9602 9604 9598
f 9603 9595 9605
f 9603 9605 9604
f 9604 9605 9606
f 9604 9606 9598
f 9605 9595 9607
f 9605 9607 9606
f 9606 9607 9608
f 9606 9608 9598
f 9607 9595 9609
f 9607 9609 9608
f 9608 9609 9610
f 9608 9610 9598
f 9609 9595 9611
f 9609 9611 9610
f 9610 9611 9612
f 9610 9612 9598
f 9611 9595 9596
f 9611 9596 9612
f 9612 9596 9597
f 9612 9597 9598
f 9614 9613 9617
f 9614 9617 9615
f 9615 9617 9618
f 9615 9618 9616
f 9617 9613 9619
f 9617 9619 9618
f 9618 9619 9620
f 9618 9620 9616
f 9619 9613 9621
f 9619 9621 9620
f 9620 9621 9622
f 9620 9622 9616
f 9621 9613 9623
f 9621 9623 9622
f 9622 9623 9624
f 9622 9624 9616
f 9623 9613 9625
f 9623 9625 9624
f 9624 9625 9626
f 9624 9626 9616
f 9625 9613 9627
f 9625 9627 9626
f 9626 9627 9628
f 9626 9628 9616
f 9627 9613 9629
f 9627 9629 9628
f 9628 9629 9630
f 9628 9630 9616
f 9629 9613 9614
f 9629 9614 9630
f 9630 9614 9615
f 9630 9615 9616
f 9632 9631 9635
f 9632 9635 9633
f 9633 9635 9636
f 9633 9636 9634
f 9635 9631 9637
f 9635 9637 9636
f 9636 9637 9638
f 9636 9638 9634
f 9637 9631 9639
f 9637 9639 9638
f 9638 9639 9640
f 9638 9640 9634
f 9639 9631 9641
f 9639 9641 9640
f 9640 9641 9642
f 9640 9642 9634
f 9641 9631 9643
f 9641 9643 9642
f 9642 9643 9644
f 9642 9644 9634
f 9643 9631 9645
f 9643 9645 9644
f 9644 9645 9646
f 9644 9646 9634
f 9645 9631 9647
f 9645 9647 9646
f 9646 9647 9648
f 9646 9648 9634
f 9647 9631 9632
f 9647 9632 9648
f 9648 9632 9633
f 9648 9633 9634
f 9650 9649 9653
f 9650 9653 9651
f 9651 9653 9654
f 9651 9654 9652
f 9653 9649 9655
f 9653 9655 9654
f 9654 9655 9656
f 9654 9656 9652
f 9655 9649 9657
f 9655 9657 9656
f 9656 9657 9658
f 9656 9658 9652
f 9657 9649 9659
f 9657 9659 9658
f 9658 9659 9660
f 9658 9660 9652
f 9659 9649 9661
f 9659 9661 9660
f 9660 9661 9662
f 9660 9662 9652
f 9661 9649 9663
f 9661 9663 9662
f 9662 9663 9664
f 9662 9664 9652
f 9663 9649 9665
f 9663 9665 9664
f 9664 9665 9666
f 9664 9666 9652
f 9665 9649 9650
f 9665 9650 9666
f 9666 9650 9651
f 9666 9651 9652
f 9668 9667 9671
f 9668 9671 9669
f 9669 9671 9672
f 9669 9672 9670
f 9671 9667 9673
f 9671 9673 9672
f 9672 9673 9674
f 9672 9674 9670
f 9673 9667 9675
f 9673 9675 9674
f 9674 9675 9676
f 9674 9676 9670
f 9675 9667 9677
f 9675 9677 9676
f 9676 9677 9678
f 9676 9678 9670
f 9677 9667 9679
f 9677 9679 9678
f 9678 9679 9680
f 9678 9680 9670
f 9679 9667 9681
f 9679 9681 9680
f 9680 9681 9682
f 9680 9682 9670
f 9681 9667 9683
f 9681 9683 9682
f 9682 9683 9684
f 9682 9684 9670
f 9683 9667 9668
f 9683 9668 9684
f 9684 9668 9669
f 9684 9669 9670
f 9686 9685 9689
f 9686 9689 9687
f 9687 9689 9690
f 9687 9690 9688
f 9689 9685 9691
f 9689 9691 9690
f 9690 9691 9692
f 9690 9692 9688
f 9691 9685 9693
f 9691 9693 9692
f 9692 9693 9694
f 9692 9694 9688
f 9693 9685 9695
f 9693 9695 9694
f 9694 9695 9696
f 9694 9696 9688
f 9695 9685 9697
f 9695 9697 9696
f 9696 9697 9698
f 9696 9698 9688
f 9697 9685 9699
f 9697 9699 9698
f 9698 9699 9700
f 9698 9700 9688
f 9699 9685 9701
f 9699 9701 9700
f 9700 9701 9702
f 9700 9702 9688
f 9701 9685 9686
f 9701 9686 9702
f 9702 9686 9687
f 9702 9687 9688
f 9704 9703 9707
f 9704 9707 9705
f 9705 9707 9708
f 9705 9708 9706
f 9707 9703 9709
f 9707 9709 9708
f 9708 9709 9710
f 9708 9710 9706
f 9709 9703 9711
f 9709 9711 9710
f 9710 9711 9712
f 9710 9712 9706
f 9711 9703 9713
f 9711 9713 9712
f 9712 9713 9714
f 9712 9714 9706
f 9713 9703 9715
f 9713 9715 9714
f 9714 9715 9716
f 9714 9716 9706
f 9715 9703 9717
f 9715 9717 9716
f 9716 9717 9718
f 9716 9718 9706
f 9717 9703 9719
f 9717 9719 9718
f 9718 9719 9720
f 9718 9720 9706
f 9719 9703 9704
f 9719 9704 9720
f 9720 9704 9705
f 9720 9705 9706
f 9722 9721 9725
f 9722 9725 9723
f 9723 9725 9726
f 9723 9726 9724
f 9725 9721 9727
f 9725 9727 9726
f 9726 9727 9728
f 9726 9728 9724
f 9727 9721 9729
f 9727 9729 9728
f 9728 9729 9730
f 9728 9730 9724
f 9729 9721 9731
f 9729 9731 9730
f 9730 9731 9732
f 9730 9732 9724
f 9731 9721 9733
f 9731 9733 9732
f 9732 9733 9734
f 9732 9734 9724
f 9733 9721 9735
f 9733 9735 9734
f 9734 9735 9736
f 9734 9736 9724
f 9735 9721 9737
f 9735 9737 9736
f 9736 9737 9738
f 9736 9738 9724
f 9737 9721 9722
f 9737 9722 9738
f 9738 9722 9723
f 9738 9723 9724
f 9740 9739 9743
f 9740 9743 9741
f 9741 9743 9744
f 9741 9744 9742
f 9743 9739 9745
f 9743 9745 9744
f 9744 9745 9746
f 9744 9746 9742
f 9745 9739 9747
f 9745 9747 9746
f 9746 9747 9748
f 9746 9748 9742
f 9747 9739 9749
f 9747 9749 9748
f 9748 9749 9750
f 9748 9750 9742
f 9749 9739 9751
f 9749 9751 9750
f 9750 9751 9752
f 9750 9752 9742
f 9751 9739 9753
f 9751 9753 9752
f 9752 9753 9754
f 9752 9754 9742
f 9753 9739 9755
f 9753 9755 9754
f 9754 9755 9756
f 9754 9756 9742
f 9755 9739 9740
f 9755 9740 9756
f 9756 9740 9741
f 9756 9741 9742
f 9758 9757 9761
f 9758 9761 9759
f 9759 9761 9762
f 9759 9762 9760
f 9761 9757 9763
f 9761 9763 9762
f 9762 9763 9764
f 9762 9764 9760
f 9763 9757 9765
f 9763 9765 9764
f 9764 9765 9766
f 9764 9766 9760
f 9765 9757 9767
f 9765 9767 9766
f 9766 9767 9768
f 9766 9768 9760
f 9767 9757 9769
f 9767 9769 9768
f 9768 9769 9770
f 9768 9770 9760
f 9769 9757 9771
f 9769 9771 9770
f 9770 9771 9772
f 9770 9772 9760
f 9771 9757 9773
f 9771 9773 9772
f 9772 9773 9774
f 9772 9774 9760
f 9773 9757 9758
f 9773 9758 9774
f 9774 9758 9759
f 9774 9759 9760
f 9776 9775 9779
f 9776 9779 9777
f 9777 9779 9780
f 9777 9780 9778
f 9779 9775 9781
f 9779 9781 9780
f 9780 9781 9782
f 9780 9782 9778
f 9781 9775 9783
f 9781 9783 9782
f 9782 9783 9784
f 9782 9784 9778
f 9783 9775 9785
f 9783 9785 9784
f 9784 9785 9786
f 9784 9786 9778
f 9785 9775 9787
f 9785 9787 9786
f 9786 9787 9788
f 9786 9788 9778
f 9787 9775 9789
f 9787 9789 9788
f 9788 9789 9790
f 9788 9790 9778
f 9789 9775 9791
f 9789 9791 9790
f 9790 9791 9792
f 9790 9792 9778
f 9791 9775 9776
f 9791 9776 9792
f 9792 9776 9777
f 9792 9777 9778
f 9794 9793 9797
f 9794 9797 9795
f 9795 9797 9798
f 9795 9798 9796
f 9797 9793 9799
f 9797 9799 9798
f 9798 9799 9800
f 9798 9800 9796
f 9799 9793 9801
f 9799 9801 9800
f 9800 9801 9802
f 9800 9802 9796
f 9801 9793 9803
f 9801 9803 9802
f 9802 9803 9804
f 9802 9804 9796
f 9803 9793 9805
f 9803 9805 9804
f 9804 9805 9806
f 9804 9806 9796
f 9805 9793 9807
f 9805 9807 9806
f 9806 9807 9808
f 9806 9808 9796
f 9807 9793 9809
f 9807 9809 9808
f 9808 9809 9810
f 9808 9810 9796
f 9809 9793 9794
f 9809 9794 9810
f 9810 9794 9795
f 9810 9795 9796
f 9812 9811 9815
f 9812 9815 9813
f 9813 9815 9816
f 9813 9816 9814
f 9815 9811 9817
f 9815 9817 9816
f 9816 9817 9818
f 9816 9818 9814
f 9817 9811 9819
f 9817 9819 9818
f 9818 9819 9820
f 9818 9820 9814
f 9819 9811 9821
f 9819 9821 9820
f 9820 9821 9822
f 9820 9822 9814
f 9821 9811 9823
f 9821 9823 9822
f 9822 9823 9824
f 9822 9824 9814
f 9823 9811 9825
f 9823 9825 9824
f 9824 9825 9826
f 9824 9826 9814
f 9825 9811 9827
f 9825 9827 9826
f 9826 9827 9828
f 9826 9828 9814
f 9827 9811 9812
f 9827 9812 9828
f 9828 9812 9813
f 9828 9813 9814
f 9830 9829 9833
f 9830 9833 9831
f 9831 9833 9834
f 9831 9834 9832
f 9833 9829 9835
f 9833 9835 9834
f 9834 9835 9836
f 9834 9836 9832
f 9835 9829 9837
f 9835 9837 9836
f 9836 9837 9838
f 9836 9838 9832
f 9837 9829 9839
f 9837 9839 9838
f 9838 9839 9840
f 9838 9840 9832
f 9839 9829 9841
f 9839 9841 9840
f 9840 9841 9842
f 9840 9842 9832
f 9841 9829 9843
f 9841 9843 9842
f 9842 9843 9844
f 9842 9844 9832
f 9843 9829 9845
f 9843 9845 9844
f 9844 9845 9846
f 9844 9846 9832
f 9845 9829 9830
f 9845 9830 9846
f 9846 9830 9831
f 9846 9831 9832
f 9848 9847 9851
f 9848 9851 9849
f 9849 9851 9852
f 9849 9852 9850
f 9851 9847 9853
f 9851 9853 9852
f 9852 9853 9854
f 9852 9854 9850
f 9853 9847 9855
f 9853 9855 9854
f 9854 9855 9856
f 9854 9856 9850
f 9855 9847 9857
f 9855 9857 9856
f 9856 9857 9858
f 9856 9858 9850
f 9857 9847 9859
f 9857 9859 9858
f 9858 9859 9860
f 9858 9860 9850
f 9859 9847 9861
f 9859 9861 9860
f 9860 9861 9862
f 9860 9862 9850
f 9861 9847 9863
f 9861 9863 9862
f 9862 9863 9864
f 9862 9864 9850
f 9863 9847 9848
f 9863 9848 9864
f 9864 9848 9849
f 9864 9849 9850
f 9866 9865 9869
f 9866 9869 9867
f 9867 9869 9870
f 9867 9870 9868
f 9869 9865 9871
f 9869 9871 9870
f 9870 9871 9872
f 9870 9872 9868
f 9871 9865 9873
f 9871 9873 9872
f 9872 9873 9874
f 9872 9874 9868
f 9873 9865 9875
f 9873 9875 9874
f 9874 9875 9876
f 9874 9876 9868
f 9875 9865 9877
f 9875 9877 9876
f 9876 9877 9878
f 9876 9878 9868
f 9877 9865 9879
f 9877 9879 9878
f 9878 9879 9880
f 9878 9880 9868
f 9879 9865 9881
f 9879 9881 9880
f 9880 9881 9882
f 9880 9882 9868
f 9881 9865 9866
f 9881 9866 9882
f 9882 9866 9867
f 9882 9867 9868
f 9884 9883 9887
f 9884 9887 9885
f 9885 9887 9888
f 9885 9888 9886
f 9887 9883 9889
f 9887 9889 9888
f 9888 9889 9890
f 9888 9890 9886
f 9889 9883 9891
f 9889 9891 9890
f 9890 9891 9892
f 9890 9892 9886
f 9891 9883 9893
f 9891 9893 9892
f 9892 9893 9894
f 9892 9894 9886
f 9893 9883 9895
f 9893 9895 9894
f 9894 9895 9896
f 9894 9896 9886
f 9895 9883 9897
f 9895 9897 9896
f 9896 9897 9898
f 9896 9898 9886
f 9897 9883 9899
f 9897 9899 9898
f 9898 9899 9900
f 9898 9900 9886
f 9899 9883 9884
f 9899 9884 9900
f 9900 9884 9885
f 9900 9885 9886
f 9902 9901 9905
f 9902 9905 9903
f 9903 9905 9906
f 9903 9906 9904
f 9905 9901 9907
f 9905 9907 9906
f 9906 9907 9908
f 9906 9908 9904
f 9907 9901 9909
f 9907 9909 9908
f 9908 9909 9910
f 9908 9910 9904
f 9909 9901 9911
f 9909 9911 9910
f 9910 9911 9912
f 9910 9912 9904
f 9911 9901 9913
f 9911 9913 9912
f 9912 9913 9914
f 9912 9914 9904
f 9913 9901 9915
f 9913 9915 9914
f 9914 9915 9916
f 9914 9916 9904
f 9915 9901 9917
f 9915 9917 9916
f 9916 9917 9918
f 9916 9918 9904
f 9917 9901 9902
f 9917 9902 9918
f 9918 9902 9903
f 9918 9903 9904
f 9920 9919 9923
f 9920 9923 9921
f 9921 9923 9924
f 9921 9924 9922
f 9923 9919 9925
f 9923 9925 9924
f 9924 9925 9926
f 9924 9926 9922
f 9925 9919 9927
f 9925 9927 9926
f 9926 9927 9928
f 9926 9928 9922
f 9927 9919 9929
f 9927 9929 9928
f 9928 9929 9930
f 9928 9930 9922
f 9929 9919 9931
f 9929 9931 9930
f 9930 9931 9932
f 9930 9932 9922
f 9931 9919 9933
f 9931 9933 9932
f 9932 9933 9934
f 9932 9934 9922
f 9933 9919 9935
f 9933 9935 9934
f 9934 9935 9936
f 9934 9936 9922
f 9935 9919 9920
f 9935 9920 9936
f 9936 9920 9921
f 9936 9921 9922
f 9938 9937 9941
f 9938 9941 9939
f 9939 9941 9942
f 9939 9942 9940
f 9941 9937 9943
f 9941 9943 9942
f 9942 9943 9944
f 9942 9944 9940
f 9943 9937 9945
f 9943 9945 9944
f 9944 9945 9946
f 9944 9946 9940
f 9945 9937 9947
f 9945 9947 9946
f 9946 9947 9948
f 9946 9948 9940
f 9947 9937 9949
f 9947 9949 9948
f 9948 9949 9950
f 9948 9950 9940
f 9949 9937 9951
f 9949 9951 9950
f 9950 9951 9952
f 9950 9952 9940
f 9951 9937 9953
f 9951 9953 9952
f 9952 9953 9954
f 9952 9954 9940
f 9953 9937 9938
f 9953 9938 9954
f 9954 9938 9939
f 9954 9939 9940
f 9956 9955 9959
f 9956 9959 9957
f 9957 9959 9960
f 9957 9960 9958
f 9959 9955 9961
f 9959 9961 9960
f 9960 9961 9962
f 9960 9962 9958
f 9961 9955 9963
f 9961 9963 9962
f 9962 9963 9964
f 9962 9964 9958
f 9963 9955 9965
f 9963 9965 9964
f 9964 9965 9966
f 9964 9966 9958
f 9965 9955 9967
f 9965 9967 9966
f 9966 9967 9968
f 9966 9968 9958
f 9967 9955 9969
f 9967 9969 9968
f 9968 9969 9970
f 9968 9970 9958
f 9969 9955 9971
f 9969 9971 9970
f 9970 9971 9972
f 9970 9972 9958
f 9971 9955 9956
f 9971 9956 9972
f 9972 9956 9957
f 9972 9957 9958
f 9974 9973 9977
f 9974 9977 9975
f 9975 9977 9978
f 9975 9978 9976
f 9977 9973 9979
f 9977 9979 9978
f 9978 9979 9980
f 9978 9980 9976
f 9979 9973 9981
f 9979 9981 9980
f 9980 9981 9982
f 9980 9982 9976
f 9981 9973 9983
f 9981 9983 9982
f 9982 9983 9984
f 9982 9984 9976
f 9983 9973 9985
f 9983 9985 9984
f 9984 9985 9986
f 9984 9986 9976
f 9985 9973 9987
f 9985 9987 9986
f 9986 9987 9988
f 9986 9988 9976
f 9987 9973 9989
f 9987 9989 9988
f 9988 9989 9990
f 9988 9990 9976
f 9989 9973 9974
f 9989 9974 9990
f 9990 9974 9975
f 9990 9975 9976
f 9992 9991 9995
f 9992 9995 9993
f 9993 9995 9996
f 9993 9996 9994
f 9995 9991 9997
f 9995 9997 9996
f 9996 9997 9998
f 9996 9998 9994
f 9997 9991 9999
f 9997 9999 9998
f 9998 9999 10000
f 9998 10000 9994
f 9999 9991 10001
f 9999 10001 10000
f 10000 10001 10002
f 10000 10002 9994
f 10001 9991 10003
f 10001 10003 10002
f 10002 10003 10004
f 10002 10004 9994
f 10003 9991 10005
f 10003 10005 10004
f 10004 10005 10006
f 10004 10006 9994
f 10005 9991 10007
f 10005 10007 10006
f 10006 10007 10008
f 10006 10008 9994
f 10007 9991 9992
f 10007 9992 10008
f 10008 9992 9993
f 10008 9993 9994
f 10010 10009 10013
f 10010 10013 10011
f 10011 10013 10014
f 10011 10014 10012
f 10013 10009 10015
f 10013 10015 10014
f 10014 10015 10016
f 10014 10016 10012
f 10015 10009 10017
f 10015 10017 10016
f 10016 10017 10018
f 10016 10018 10012
f 10017 10009 10019
f 10017 10019 10018
f 10018 10019 10020
f 10018 10020 10012
f 10019 10009 10021
f 10019 10021 10020
f 10020 10021 10022
f 10020 10022 10012
f 10021 10009 10023
f 10021 10023 10022
f 10022 10023 10024
f 10022 10024 10012
f 10023 10009 10025
f 10023 10025 10024
f 10024 10025 10026
f 10024 10026 10012
f 10025 10009 10010
f 10025 10010 10026
f 10026 10010 10011
f 10026 10011 10012
f 10028 10027 10031
f 10028 10031 10029
f 10029 10031 10032
f 10029 10032 10030
f 10031 10027 10033
f 10031 10033 10032
f 10032 10033 10034
f 10032 10034 10030
f 10033 10027 10035
f 10033 10035 10034
f 10034 10035 10036
f 10034 10036 10030
f 10035 10027 10037
f 10035 10037 10036
f 10036 10037 10038
f 10036 10038 10030
f 10037 10027 10039
f 10037 10039 10038
f 10038 10039 10040
f 10038 10040 10030
f 10039 10027 10041
f 10039 10041 10040
f 10040 10041 10042
f 10040 10042 10030
f 10041 10027 10043
f 10041 10043 10042
f 10042 10043 10044
f 10042 10044 10030
f 10043 10027 10028
f 10043 10028 10044
f 10044 10028 10029
f 10044 10029 10030
f 10046 10045 10049
f 10046 10049 10047
f 10047 10049 10050
f 10047 10050 10048
f 10049 10045 10051
f 10049 10051 10050
f 10050 10051 10052
f 10050 10052 10048
f 10051 10045 10053
f 10051 10053 10052
f 10052 10053 10054
f 10052 10054 10048
f 10053 10045 10055
f 10053 10055 10054
f 10054 10055 10056
f 10054 10056 10048
f 10055 10045 10057
f 10055 10057 10056
f 10056 10057 10058
f 10056 10058 10048
f 10057 10045 10059
f 10057 10059 10058
f 10058 10059 10060
f 10058 10060 10048
f 10059 10045 10061
f 10059 10061 10060
f 10060 10061 10062
f 10060 10062 10048
f 10061 10045 10046
f 10061 10046 10062
f 10062 10046 10047
f 10062 10047 10048
f 10064 10063 10067
f 10064 10067 10065
f 10065 10067 10068
f 10065 10068 10066
f 10067 10063 10069
f 10067 10069 10068
f 10068 10069 10070
f 10068 10070 10066
f 10069 10063 10071
f 10069 10071 10070
f 10070 10071 10072
f 10070 10072 10066
f 10071 10063 10073
f 10071 10073 10072
f 10072 10073 10074
f 10072 10074 10066
f 10073 10063 10075
f 10073 10075 10074
f 10074 10075 10076
f 10074 10076 10066
f 10075 10063 10077
f 10075 10077 10076
f 10076 10077 10078
f 10076 10078 10066
f 10077 10063 10079
f 10077 10079 10078
f 10078 10079 10080
f 10078 10080 10066
f 10079 10063 10064
f 10079 10064 10080
f 10080 10064 10065
f 10080 10065 10066
f 10082 10081 10085
f 10082 10085 10083
f 10083 10085 10086
f 10083 10086 10084
f 10085 10081 10087
f 10085 10087 10086
f 10086 10087 10088
f 10086 10088 10084
f 10087 10081 10089
f 10087 10089 10088
f 10088 10089 10090
f 10088 10090 10084
f 10089 10081 10091
f 10089 10091 10090
f 10090 10091 10092
f 10090 10092 10084
f 10091 10081 10093
f 10091 10093 10092
f 10092 10093 10094
f 10092 10094 10084
f 10093 10081 10095
f 10093 10095 10094
f 10094 10095 10096
f 10094 10096 10084
f 10095 10081 10097
f 10095 10097 10096
f 10096 10097 10098
f 10096 10098 10084
f 10097 10081 10082
f 10097 10082 10098
f 10098 10082 10083
f 10098 10083 10084
f 10100 10099 10103
f 10100 10103 10101
f 10101 10103 10104
f 10101 10104 10102
f 10103 10099 10105
f 10103 10105 10104
f 10104 10105 10106
f 10104 10106 10102
f 10105 10099 10107
f 10105 10107 10106
f 10106 10107 10108
f 10106 10108 10102
f 10107 10099 10109
f 10107 10109 10108
f 10108 10109 10110
f 10108 10110 10102
f 10109 10099 10111
f 10109 10111 10110
f 10110 10111 10112
f 10110 10112 10102
f 10111 10099 10113
f 10111 10113 10112
f 10112 10113 10114
f 10112 10114 10102
f 10113 10099 10115
f 10113 10115 10114
f 10114 10115 10116
f 10114 10116 10102
f 10115 10099 10100
f 10115 10100 10116
f 10116 10100 10101
f 10116 10101 10102
f 10118 10117 10121
f 10118 10121 10119
f 10119 10121 10122
f 10119 10122 10120
f 10121 10117 10123
f 10121 10123 10122
f 10122 10123 10124
f 10122 10124 10120
f 10123 10117 10125
f 10123 10125 10124
f 10124 10125 10126
f 10124 10126 10120
f 10125 10117 10127
f 10125 10127 10126
f 10126 10127 10128
f 10126 10128 10120
f 10127 10117 10129
f 10127 10129 10128
f 10128 10129 10130
f 10128 10130 10120
f 10129 10117 10131
f 10129 10131 10130
f 10130 10131 10132
f 10130 10132 10120
f 10131 10117 10133
f 10131 10133 10132
f 10132 10133 10134
f 10132 10134 10120
f 10133 10117 10118
f 10133 10118 10134
f 10134 10118 10119
f 10134 10119 10120
f 10136 10135 10139
f 10136 10139 10137
f 10137 10139 10140
f 10137 10140 10138
f 10139 10135 10141
f 10139 10141 10140
f 10140 10141 10142
f 10140 10142 10138
f 10141 10135 10143
f 10141 10143 10142
f 10142 10143 10144
f 10142 10144 10138
f 10143 10135 10145
f 10143 10145 10144
f 10144 10145 10146
f 10144 10146 10138
f 10145 10135 10147
f 10145 10147 10146
f 10146 10147 10148
f 10146 10148 10138
f 10147 10135 10149
f 10147 10149 10148
f 10148 10149 10150
f 10148 10150 10138
f 10149 10135 10151
f 10149 10151 10150
f 10150 10151 10152
f 10150 10152 10138
f 10151 10135 10136
f 10151 10136 10152
f 10152 10136 10137
f 10152 10137 10138
f 10154 10153 10157
f 10154 10157 10155
f 10155 10157 10158
f 10155 10158 10156
f 10157 10153 10159
f 10157 10159 10158
f 10158 10159 10160
f 10158 10160 10156
f 10159 10153 10161
f 10159 10161 10160
f 10160 10161 10162
f 10160 10162 10156
f 10161 10153 10163
f 10161 10163 10162
f 10162 10163 10164
f 10162 10164 10156
f 10163 10153 10165
f 10163 10165 10164
f 10164 10165 10166
f 10164 10166 10156
f 10165 10153 10167
f 10165 10167 10166
f 10166 10167 10168
f 10166 10168 10156
f 10167 10153 10169
f 10167 10169 10168
f 10168 10169 10170
f 10168 10170 10156
f 10169 10153 10154
f 10169 10154 10170
f 10170 10154 10155
f 10170 10155 10156
f 10172 10171 10175
f 10172 10175 10173
f 10173 10175 10176
f 10173 10176 10174
f 10175 10171 10177
f 10175 10177 10176
f 10176 10177 10178
f 10176 10178 10174
f 10177 10171 10179
f 10177 10179 10178
f 10178 10179 10180
f 10178 10180 10174
f 10179 10171 10181
f 10179 10181 10180
f 10180 10181 10182
f 10180 10182 10174
f 10181 10171 10183
f 10181 10183 10182
f 10182 10183 10184
f 10182 10184 10174
f 10183 10171 10185
f 10183 10185 10184
f 10184 10185 10186
f 10184 10186 10174
f 10185 10171 10187
f 10185 10187 10186
f 10186 10187 10188
f 10186 10188 10174
f 10187 10171 10172
f 10187 10172 10188
f 10188 10172 10173
f 10188 10173 10174
f 10190 10189 10193
f 10190 10193 10191
f 10191 10193 10194
f 10191 10194 10192
f 10193 10189 10195
f 10193 10195 10194
f 10194 10195 10196
f 10194 10196 10192
f 10195 10189 10197
f 10195 10197 10196
f 10196 10197 10198
f 10196 10198 10192
f 10197 10189 10199
f 10197 10199 10198
f 10198 10199 10200
f 10198 10200 10192
f 10199 10189 10201
f 10199 10201 10200
f 10200 10201 10202
f 10200 10202 10192
f 10201 10189 10203
f 10201 10203 10202
f 10202 10203 10204
f 10202 10204 10192
f 10203 10189 10205
f 10203 10205 10204
f 10204 10205 10206
f 10204 10206 10192
f 10205 10189 10190
f 10205 10190 10206
f 10206 10190 10191
f 10206 10191 10192
f 10208 10207 10211
f 10208 10211 10209
f 10209 10211 10212
f 10209 10212 10210
f 10211 10207 10213
f 10211 10213 10212
f 10212 10213 10214
f 10212 10214 10210
f 10213 10207 10215
f 10213 10215 10214
f 10214 10215 10216
f 10214 10216 10210
f 10215 10207 10217
f 10215 10217 10216
f 10216 10217 10218
f 10216 10218 10210
f 10217 10207 10219
f 10217 10219 10218
f 10218 10219 10220
f 10218 10220 10210
f 10219 10207 10221
f 10219 10221 10220
f 10220 10221 10222
f 10220 10222 10210
f 10221 10207 10223
f 10221 10223 10222
f 10222 10223 10224
f 10222 10224 10210
f 10223 10207 10208
f 10223 10208 10224
f 10224 10208 10209
f 10224 10209 10210
f 10226 10225 10229
f 10226 10229 10227
f 10227 10229 10230
f 10227 10230 10228
f 10229 10225 10231
f 10229 10231 10230
f 10230 10231 10232
f 10230 10232 10228
f 10231 10225 10233
f 10231 10233 10232
f 10232 10233 10234
f 10232 10234 10228
f 10233 10225 10235
f 10233 10235 10234
f 10234 10235 10236
f 10234 10236 10228
f 10235 10225 10237
f 10235 10237 10236
f 10236 10237 10238
f 10236 10238 10228
f 10237 10225 10239
f 10237 10239 10238
f 10238 10239 10240
f 10238 10240 10228
f 10239 10225 10241
f 10239 10241 10240
f 10240 10241 10242
f 10240 10242 10228
f 10241 10225 10226
f 10241 10226 10242
f 10242 10226 10227
f 10242 10227 10228
f 10244 10243 10247
f 10244 10247 10245
f 10245 10247 10248
f 10245 10248 10246
f 10247 10243 10249
f 10247 10249 10248
f 10248 10249 10250
f 10248 10250 10246
f 10249 10243 10251
f 10249 10251 10250
f 10250 10251 10252
f 10250 10252 10246
f 10251 10243 10253
f 10251 10253 10252
f 10252 10253 10254
f 10252 10254 10246
f 10253 10243 10255
f 10253 10255 10254
f 10254 10255 10256
f 10254 10256 10246
f 10255 10243 10257
f 10255 10257 10256
f 10256 10257 10258
f 10256 10258 10246
f 10257 10243 10259
f 10257 10259 10258
f 10258 10259 10260
f 10258 10260 10246
f 10259 10243 10244
f 10259 10244 10260
f 10260 10244 10245
f 10260 10245 10246
f 10262 10261 10265
f 10262 10265 10263
f 10263 10265 10266
f 10263 10266 10264
f 10265 10261 10267
f 10265 10267 10266
f 10266 10267 10268
f 10266 10268 10264
f 10267 10261 10269
f 10267 10269 10268
f 10268 10269 10270
f 10268 10270 10264
f 10269 10261 10271
f 10269 10271 10270
f 10270 10271 10272
f 10270 10272 10264
f 10271 10261 10273
f 10271 10273 10272
f 10272 10273 10274
f 10272 10274 10264
f 10273 10261 10275
f 10273 10275 10274
f 10274 10275 10276
f 10274 10276 10264
f 10275 10261 10277
f 10275 10277 10276
f 10276 10277 10278
f 10276 10278 10264
f 10277 10261 10262
f 10277 10262 10278
f 10278 10262 10263
f 10278 10263 10264
f 10280 10279 10283
f 10280 10283 10281
f 10281 10283 10284
f 10281 10284 10282
f 10283 10279 10285
f 10283 10285 10284
f 10284 10285 10286
f 10284 10286 10282
f 10285 10279 10287
f 10285 10287 10286
f 10286 10287 10288
f 10286 10288 10282
f 10287 10279 10289
f 10287 10289 10288
f 10288 10289 10290
f 10288 10290 10282
f 10289 10279 10291
f 10289 10291 10290
f 10290 10291 10292
f 10290 10292 10282
f 10291 10279 10293
f 10291 10293 10292
f 10292 10293 10294
f 10292 10294 10282
f 10293 10279 10295
f 10293 10295 10294
f 10294 10295 10296
f 10294 10296 10282
f 10295 10279 10280
f 10295 10280 10296
f 10296 10280 10281
f 10296 10281 10282
f 10298 10297 10301
f 10298 10301 10299
f 10299 10301 10302
f 10299 10302 10300
f 10301 10297 10303
f 10301 10303 10302
f 10302 10303 10304
f 10302 10304 10300
f 10303 10297 10305
f 10303 10305 10304
f 10304 10305 10306
f 10304 10306 10300
f 10305 10297 10307
f 10305 10307 10306
f 10306 10307 10308
f 10306 10308 10300
f 10307 10297 10309
f 10307 10309 10308
f 10308 10309 10310
f 10308 10310 10300
f 10309 10297 10311
f 10309 10311 10310
f 10310 10311 10312
f 10310 10312 10300
f 10311 10297 10313
f 10311 10313 10312
f 10312 10313 10314
f 10312 10314 10300
f 10313 10297 10298
f 10313 10298 10314
f 10314 10298 10299
f 10314 10299 10300
f 10316 10315 10319
f 10316 10319 10317
f 10317 10319 10320
f 10317 10320 10318
f 10319 10315 10321
f 10319 10321 10320
f 10320 10321 10322
f 10320 10322 10318
f 10321 10315 10323
f 10321 10323 10322
f 10322 10323 10324
f 10322 10324 10318
f 10323 10315 10325
f 10323 10325 10324
f 10324 10325 10326
f 10324 10326 10318
f 10325 10315 10327
f 10325 10327 10326
f 10326 10327 10328
f 10326 10328 10318
f 10327 10315 10329
f 10327 10329 10328
f 10328 10329 10330
f 10328 10330 10318
f 10329 10315 10331
f 10329 10331 10330
f 10330 10331 10332
f 10330 10332 10318
f 10331 10315 10316
f 10331 10316 10332
f 10332 10316 10317
f 10332 10317 10318
f 10334 10333 10337
f 10334 10337 10335
f 10335 10337 10338
f 10335 10338 10336
f 10337 10333 10339
f 10337 10339 10338
f 10338 10339 10340
f 10338 10340 10336
f 10339 10333 10341
f 10339 10341 10340
f 10340 10341 10342
f 10340 10342 10336
f 10341 10333 10343
f 10341 10343 10342
f 10342 10343 10344
f 10342 10344 10336
f 10343 10333 10345
f 10343 10345 10344
f 10344 10345 10346
f 10344 10346 10336
f 10345 10333 10347
f 10345 10347 10346
f 10346 10347 10348
f 10346 10348 10336
f 10347 10333 10349
f 10347 10349 10348
f 10348 10349 10350
f 10348 10350 10336
f 10349 10333 10334
f 10349 10334 10350
f 10350 10334 10335
f 10350 10335 10336
f 10352 10351 10355
f 10352 10355 10353
f 10353 10355 10356
f 10353 10356 10354
f 10355 10351 10357
f 10355 10357 10356
f 10356 10357 10358
f 10356 10358 10354
f 10357 10351 10359
f 10357 10359 10358
f 10358 10359 10360
f 10358 10360 10354
f 10359 10351 10361
f 10359 10361 10360
f 10360 10361 10362
f 10360 10362 10354
f 10361 10351 10363
f 10361 10363 10362
f 10362 10363 10364
f 10362 10364 10354
f 10363 10351 10365
f 10363 10365 10364
f 10364 10365 10366
f 10364 10366 10354
f 10365 10351 10367
f 10365 10367 10366
f 10366 10367 10368
f 10366 10368 10354
f 10367 10351 10352
f 10367 10352 10368
f 10368 10352 10353
f 10368 10353 10354
f 10370 10369 10373
f 10370 10373 10371
f 10371 10373 10374
f 10371 10374 10372
f 10373 10369 10375
f 10373 10375 10374
f 10374 10375 10376
f 10374 10376 10372
f 10375 10369 10377
f 10375 10377 10376
f 10376 10377 10378
f 10376 10378 10372
f 10377 10369 10379
f 10377 10379 10378
f 10378 10379 10380
f 10378 10380 10372
f 10379 10369 10381
f 10379 10381 10380
f 10380 10381 10382
f 10380 10382 10372
f 10381 10369 10383
f 10381 10383 10382
f 10382 10383 10384
f 10382 10384 10372
f 10383 10369 10385
f 10383 10385 10384
f 10384 10385 10386
f 10384 10386 10372
f 10385 10369 10370
f 10385 10370 10386
f 10386 10370 10371
f 10386 10371 10372
f 10388 10387 10391
f 10388 10391 10389
f 10389 10391 10392
f 10389 10392 10390
f 10391 10387 10393
f 10391 10393 10392
f 10392 10393 10394
f 10392 10394 10390
f 10393 10387 10395
f 10393 10395 10394
f 10394 10395 10396
f 10394 10396 10390
f 10395 10387 10397
f 10395 10397 10396
f 10396 10397 10398
f 10396 10398 10390
f 10397 10387 10399
f 10397 10399 10398
f 10398 10399 10400
f 10398 10400 10390
f 10399 10387 10401
f 10399 10401 10400
f 10400 10401 10402
f 10400 10402 10390
f 10401 10387 10403
f 10401 10403 10402
f 10402 10403 10404
f 10402 10404 10390
f 10403 10387 10388
f 10403 10388 10404
f 10404 10388 10389
f 10404 10389 10390
f 10406 10405 10409
f 10406 10409 10407
f 10407 10409 10410
f 10407 10410 10408
f 10409 10405 10411
f 10409 10411 10410
f 10410 10411 10412
f 10410 10412 10408
f 10411 10405 10413
f 10411 10413 10412
f 10412 10413 10414
f 10412 10414 10408
f 10413 10405 10415
f 10413 10415 10414
f 10414 10415 10416
f 10414 10416 10408
f 10415 10405 10417
f 10415 10417 10416
f 10416 10417 10418
f 10416 10418 10408
f 10417 10405 10419
f 10417 10419 10418
f 10418 10419 10420
f 10418 10420 10408
f 10419 10405 10421
f 10419 10421 10420
f 10420 10421 10422
f 10420 10422 10408
f 10421 10405 10406
f 10421 10406 10422
f 10422 10406 10407
f 10422 10407 10408
f 10424 10423 10427
f 10424 10427 10425
f 10425 10427 10428
f 10425 10428 10426
f 10427 10423 10429
f 10427 10429 10428
f 10428 10429 10430
f 10428 10430 10426
f 10429 10423 10431
f 10429 10431 10430
f 10430 10431 10432
f 10430 10432 10426
f 10431 10423 10433
f 10431 10433 10432
f 10432 10433 10434
f 10432 10434 10426
f 10433 10423 10435
f 10433 10435 10434
f 10434 10435 10436
f 10434 10436 10426
f 10435 10423 10437
f 10435 10437 10436
f 10436 10437 10438
f 10436 10438 10426
f 10437 10423 10439
f 10437 10439 10438
f 10438 10439 10440
f 10438 10440 10426
f 10439 10423 10424
f 10439 10424 10440
f 10440 10424 10425
f 10440 10425 10426

