# https://github.com/mikedh/trimesh
v -21000.00000000 0.00000000 0.00000000 0.56862745 0.56862745 0.56862745
v -21000.00000000 0.00000000 -900.00000000 0.56862745 0.56862745 0.56862745
v 21000.00000000 0.00000000 -900.00000000 0.56862745 0.56862745 0.56862745
v 21000.00000000 0.00000000 0.00000000 0.56862745 0.56862745 0.56862745
v -21000.00000000 117.47357300 -892.30037524 0.56862745 0.56862745 0.56862745
v 21000.00000000 117.47357300 -892.30037524 0.56862745 0.56862745 0.56862745
v -21000.00000000 232.93714059 -869.33324366 0.56862745 0.56862745 0.56862745
v 21000.00000000 232.93714059 -869.33324366 0.56862745 0.56862745 0.56862745
v -21000.00000000 344.41508913 -831.49157926 0.56862745 0.56862745 0.56862745
v 21000.00000000 344.41508913 -831.49157926 0.56862745 0.56862745 0.56862745
v -21000.00000000 450.00000000 -779.42286341 0.56862745 0.56862745 0.56862745
v 21000.00000000 450.00000000 -779.42286341 0.56862745 0.56862745 0.56862745
v -21000.00000000 547.88528611 -714.01800626 0.56862745 0.56862745 0.56862745
v 21000.00000000 547.88528611 -714.01800626 0.56862745 0.56862745 0.56862745
v -21000.00000000 636.39610307 -636.39610307 0.56862745 0.56862745 0.56862745
v 21000.00000000 636.39610307 -636.39610307 0.56862745 0.56862745 0.56862745
v -21000.00000000 714.01800626 -547.88528611 0.56862745 0.56862745 0.56862745
v 21000.00000000 714.01800626 -547.88528611 0.56862745 0.56862745 0.56862745
v -21000.00000000 779.42286341 -450.00000000 0.56862745 0.56862745 0.56862745
v 21000.00000000 779.42286341 -450.00000000 0.56862745 0.56862745 0.56862745
v -21000.00000000 831.49157926 -344.41508913 0.56862745 0.56862745 0.56862745
v 21000.00000000 831.49157926 -344.41508913 0.56862745 0.56862745 0.56862745
v -21000.00000000 869.33324366 -232.93714059 0.56862745 0.56862745 0.56862745
v 21000.00000000 869.33324366 -232.93714059 0.56862745 0.56862745 0.56862745
v -21000.00000000 892.30037524 -117.47357300 0.56862745 0.56862745 0.56862745
v 21000.00000000 892.30037524 -117.47357300 0.56862745 0.56862745 0.56862745
v -21000.00000000 900.00000000 -0.00000000 0.56862745 0.56862745 0.56862745
v 21000.00000000 900.00000000 -0.00000000 0.56862745 0.56862745 0.56862745
v -21000.00000000 892.30037524 117.47357300 0.56862745 0.56862745 0.56862745
v 21000.00000000 892.30037524 117.47357300 0.56862745 0.56862745 0.56862745
v -21000.00000000 869.33324366 232.93714059 0.56862745 0.56862745 0.56862745
v 21000.00000000 869.33324366 232.93714059 0.56862745 0.56862745 0.56862745
v -21000.00000000 831.49157926 344.41508913 0.56862745 0.56862745 0.56862745
v 21000.00000000 831.49157926 344.41508913 0.56862745 0.56862745 0.56862745
v -21000.00000000 779.42286341 450.00000000 0.56862745 0.56862745 0.56862745
v 21000.00000000 779.42286341 450.00000000 0.56862745 0.56862745 0.56862745
v -21000.00000000 714.01800626 547.88528611 0.56862745 0.56862745 0.56862745
v 21000.00000000 714.01800626 547.88528611 0.56862745 0.56862745 0.56862745
v -21000.00000000 636.39610307 636.39610307 0.56862745 0.56862745 0.56862745
v 21000.00000000 636.39610307 636.39610307 0.56862745 0.56862745 0.56862745
v -21000.00000000 547.88528611 714.01800626 0.56862745 0.56862745 0.56862745
v 21000.00000000 547.88528611 714.01800626 0.56862745 0.56862745 0.56862745
v -21000.00000000 450.00000000 779.42286341 0.56862745 0.56862745 0.56862745
v 21000.00000000 450.00000000 779.42286341 0.56862745 0.56862745 0.56862745
v -21000.00000000 344.41508913 831.49157926 0.56862745 0.56862745 0.56862745
v 21000.00000000 344.41508913 831.49157926 0.56862745 0.56862745 0.56862745
v -21000.00000000 232.93714059 869.33324366 0.56862745 0.56862745 0.56862745
v 21000.00000000 232.93714059 869.33324366 0.56862745 0.56862745 0.56862745
v -21000.00000000 117.47357300 892.30037524 0.56862745 0.56862745 0.56862745
v 21000.00000000 117.47357300 892.30037524 0.56862745 0.56862745 0.56862745
v -21000.00000000 0.00000000 900.00000000 0.56862745 0.56862745 0.56862745
v 21000.00000000 0.00000000 900.00000000 0.56862745 0.56862745 0.56862745
v -21000.00000000 -117.47357300 892.30037524 0.56862745 0.56862745 0.56862745
v 21000.00000000 -117.47357300 892.30037524 0.56862745 0.56862745 0.56862745
v -21000.00000000 -232.93714059 869.33324366 0.56862745 0.56862745 0.56862745
v 21000.00000000 -232.93714059 869.33324366 0.56862745 0.56862745 0.56862745
v -21000.00000000 -344.41508913 831.49157926 0.56862745 0.56862745 0.56862745
v 21000.00000000 -344.41508913 831.49157926 0.56862745 0.56862745 0.56862745
v -21000.00000000 -450.00000000 779.42286341 0.56862745 0.56862745 0.56862745
v 21000.00000000 -450.00000000 779.42286341 0.56862745 0.56862745 0.56862745
v -21000.00000000 -547.88528611 714.01800626 0.56862745 0.56862745 0.56862745
v 21000.00000000 -547.88528611 714.01800626 0.56862745 0.56862745 0.56862745
v -21000.00000000 -636.39610307 636.39610307 0.56862745 0.56862745 0.56862745
v 21000.00000000 -636.39610307 636.39610307 0.56862745 0.56862745 0.56862745
v -21000.00000000 -714.01800626 547.88528611 0.56862745 0.56862745 0.56862745
v 21000.00000000 -714.01800626 547.88528611 0.56862745 0.56862745 0.56862745
v -21000.00000000 -779.42286341 450.00000000 0.56862745 0.56862745 0.56862745
v 21000.00000000 -779.42286341 450.00000000 0.56862745 0.56862745 0.56862745
v -21000.00000000 -831.49157926 344.41508913 0.56862745 0.56862745 0.56862745
v 21000.00000000 -831.49157926 344.41508913 0.56862745 0.56862745 0.56862745
v -21000.00000000 -869.33324366 232.93714059 0.56862745 0.56862745 0.56862745
v 21000.00000000 -869.33324366 232.93714059 0.56862745 0.56862745 0.56862745
v -21000.00000000 -892.30037524 117.47357300 0.56862745 0.56862745 0.56862745
v 21000.00000000 -892.30037524 117.47357300 0.56862745 0.56862745 0.56862745
v -21000.00000000 -900.00000000 0.00000000 0.56862745 0.56862745 0.56862745
v 21000.00000000 -900.00000000 0.00000000 0.56862745 0.56862745 0.56862745
v -21000.00000000 -892.30037524 -117.47357300 0.56862745 0.56862745 0.56862745
v 21000.00000000 -892.30037524 -117.47357300 0.56862745 0.56862745 0.56862745
v -21000.00000000 -869.33324366 -232.93714059 0.56862745 0.56862745 0.56862745
v 21000.00000000 -869.33324366 -232.93714059 0.56862745 0.56862745 0.56862745
v -21000.00000000 -831.49157926 -344.41508913 0.56862745 0.56862745 0.56862745
v 21000.00000000 -831.49157926 -344.41508913 0.56862745 0.56862745 0.56862745
v -21000.00000000 -779.42286341 -450.00000000 0.56862745 0.56862745 0.56862745
v 21000.00000000 -779.42286341 -450.00000000 0.56862745 0.56862745 0.56862745
v -21000.00000000 -714.01800626 -547.88528611 0.56862745 0.56862745 0.56862745
v 21000.00000000 -714.01800626 -547.88528611 0.56862745 0.56862745 0.56862745
v -21000.00000000 -636.39610307 -636.39610307 0.56862745 0.56862745 0.56862745
v 21000.00000000 -636.39610307 -636.39610307 0.56862745 0.56862745 0.56862745
v -21000.00000000 -547.88528611 -714.01800626 0.56862745 0.56862745 0.56862745
v 21000.00000000 -547.88528611 -714.01800626 0.56862745 0.56862745 0.56862745
v -21000.00000000 -450.00000000 -779.42286341 0.56862745 0.56862745 0.56862745
v 21000.00000000 -450.00000000 -779.42286341 0.56862745 0.56862745 0.56862745
v -21000.00000000 -344.41508913 -831.49157926 0.56862745 0.56862745 0.56862745
v 21000.00000000 -344.41508913 -831.49157926 0.56862745 0.56862745 0.56862745
v -21000.00000000 -232.93714059 -869.33324366 0.56862745 0.56862745 0.56862745
v 21000.00000000 -232.93714059 -869.33324366 0.56862745 0.56862745 0.56862745
v -21000.00000000 -117.47357300 -892.30037524 0.56862745 0.56862745 0.56862745
v 21000.00000000 -117.47357300 -892.30037524 0.56862745 0.56862745 0.56862745
v -21000.00000000 1200.00000000 0.00000000 0.35294118 0.35294118 0.35294118
v -21000.00000000 1200.00000000 -85.00000000 0.35294118 0.35294118 0.35294118
v 21000.00000000 1200.00000000 -85.00000000 0.35294118 0.35294118 0.35294118
v 21000.00000000 1200.00000000 0.00000000 0.35294118 0.35294118 0.35294118
v -21000.00000000 1232.52809175 -78.52976026 0.35294118 0.35294118 0.35294118
v 21000.00000000 1232.52809175 -78.52976026 0.35294118 0.35294118 0.35294118
v -21000.00000000 1260.10407640 -60.10407640 0.35294118 0.35294118 0.35294118
v 21000.00000000 1260.10407640 -60.10407640 0.35294118 0.35294118 0.35294118
v -21000.00000000 1278.52976026 -32.52809175 0.35294118 0.35294118 0.35294118
v 21000.00000000 1278.52976026 -32.52809175 0.35294118 0.35294118 0.35294118
v -21000.00000000 1285.00000000 -0.00000000 0.35294118 0.35294118 0.35294118
v 21000.00000000 1285.00000000 -0.00000000 0.35294118 0.35294118 0.35294118
v -21000.00000000 1278.52976026 32.52809175 0.35294118 0.35294118 0.35294118
v 21000.00000000 1278.52976026 32.52809175 0.35294118 0.35294118 0.35294118
v -21000.00000000 1260.10407640 60.10407640 0.35294118 0.35294118 0.35294118
v 21000.00000000 1260.10407640 60.10407640 0.35294118 0.35294118 0.35294118
v -21000.00000000 1232.52809175 78.52976026 0.35294118 0.35294118 0.35294118
v 21000.00000000 1232.52809175 78.52976026 0.35294118 0.35294118 0.35294118
v -21000.00000000 1200.00000000 85.00000000 0.35294118 0.35294118 0.35294118
v 21000.00000000 1200.00000000 85.00000000 0.35294118 0.35294118 0.35294118
v -21000.00000000 1167.47190825 78.52976026 0.35294118 0.35294118 0.35294118
v 21000.00000000 1167.47190825 78.52976026 0.35294118 0.35294118 0.35294118
v -21000.00000000 1139.89592360 60.10407640 0.35294118 0.35294118 0.35294118
v 21000.00000000 1139.89592360 60.10407640 0.35294118 0.35294118 0.35294118
v -21000.00000000 1121.47023974 32.52809175 0.35294118 0.35294118 0.35294118
v 21000.00000000 1121.47023974 32.52809175 0.35294118 0.35294118 0.35294118
v -21000.00000000 1115.00000000 0.00000000 0.35294118 0.35294118 0.35294118
v 21000.00000000 1115.00000000 0.00000000 0.35294118 0.35294118 0.35294118
v -21000.00000000 1121.47023974 -32.52809175 0.35294118 0.35294118 0.35294118
v 21000.00000000 1121.47023974 -32.52809175 0.35294118 0.35294118 0.35294118
v -21000.00000000 1139.89592360 -60.10407640 0.35294118 0.35294118 0.35294118
v 21000.00000000 1139.89592360 -60.10407640 0.35294118 0.35294118 0.35294118
v -21000.00000000 1167.47190825 -78.52976026 0.35294118 0.35294118 0.35294118
v 21000.00000000 1167.47190825 -78.52976026 0.35294118 0.35294118 0.35294118
v -21000.00000000 600.00000000 1039.23048454 0.35294118 0.35294118 0.35294118
v -21000.00000000 600.00000000 954.23048454 0.35294118 0.35294118 0.35294118
v 21000.00000000 600.00000000 954.23048454 0.35294118 0.35294118 0.35294118
v 21000.00000000 600.00000000 1039.23048454 0.35294118 0.35294118 0.35294118
v -21000.00000000 632.52809175 960.70072428 0.35294118 0.35294118 0.35294118
v 21000.00000000 632.52809175 960.70072428 0.35294118 0.35294118 0.35294118
v -21000.00000000 660.10407640 979.12640814 0.35294118 0.35294118 0.35294118
v 21000.00000000 660.10407640 979.12640814 0.35294118 0.35294118 0.35294118
v -21000.00000000 678.52976026 1006.70239279 0.35294118 0.35294118 0.35294118
v 21000.00000000 678.52976026 1006.70239279 0.35294118 0.35294118 0.35294118
v -21000.00000000 685.00000000 1039.23048454 0.35294118 0.35294118 0.35294118
v 21000.00000000 685.00000000 1039.23048454 0.35294118 0.35294118 0.35294118
v -21000.00000000 678.52976026 1071.75857629 0.35294118 0.35294118 0.35294118
v 21000.00000000 678.52976026 1071.75857629 0.35294118 0.35294118 0.35294118
v -21000.00000000 660.10407640 1099.33456094 0.35294118 0.35294118 0.35294118
v 21000.00000000 660.10407640 1099.33456094 0.35294118 0.35294118 0.35294118
v -21000.00000000 632.52809175 1117.76024480 0.35294118 0.35294118 0.35294118
v 21000.00000000 632.52809175 1117.76024480 0.35294118 0.35294118 0.35294118
v -21000.00000000 600.00000000 1124.23048454 0.35294118 0.35294118 0.35294118
v 21000.00000000 600.00000000 1124.23048454 0.35294118 0.35294118 0.35294118
v -21000.00000000 567.47190825 1117.76024480 0.35294118 0.35294118 0.35294118
v 21000.00000000 567.47190825 1117.76024480 0.35294118 0.35294118 0.35294118
v -21000.00000000 539.89592360 1099.33456094 0.35294118 0.35294118 0.35294118
v 21000.00000000 539.89592360 1099.33456094 0.35294118 0.35294118 0.35294118
v -21000.00000000 521.47023974 1071.75857629 0.35294118 0.35294118 0.35294118
v 21000.00000000 521.47023974 1071.75857629 0.35294118 0.35294118 0.35294118
v -21000.00000000 515.00000000 1039.23048454 0.35294118 0.35294118 0.35294118
v 21000.00000000 515.00000000 1039.23048454 0.35294118 0.35294118 0.35294118
v -21000.00000000 521.47023974 1006.70239279 0.35294118 0.35294118 0.35294118
v 21000.00000000 521.47023974 1006.70239279 0.35294118 0.35294118 0.35294118
v -21000.00000000 539.89592360 979.12640814 0.35294118 0.35294118 0.35294118
v 21000.00000000 539.89592360 979.12640814 0.35294118 0.35294118 0.35294118
v -21000.00000000 567.47190825 960.70072428 0.35294118 0.35294118 0.35294118
v 21000.00000000 567.47190825 960.70072428 0.35294118 0.35294118 0.35294118
v -21000.00000000 -600.00000000 1039.23048454 0.35294118 0.35294118 0.35294118
v -21000.00000000 -600.00000000 954.23048454 0.35294118 0.35294118 0.35294118
v 21000.00000000 -600.00000000 954.23048454 0.35294118 0.35294118 0.35294118
v 21000.00000000 -600.00000000 1039.23048454 0.35294118 0.35294118 0.35294118
v -21000.00000000 -567.47190825 960.70072428 0.35294118 0.35294118 0.35294118
v 21000.00000000 -567.47190825 960.70072428 0.35294118 0.35294118 0.35294118
v -21000.00000000 -539.89592360 979.12640814 0.35294118 0.35294118 0.35294118
v 21000.00000000 -539.89592360 979.12640814 0.35294118 0.35294118 0.35294118
v -21000.00000000 -521.47023974 1006.70239279 0.35294118 0.35294118 0.35294118
v 21000.00000000 -521.47023974 1006.70239279 0.35294118 0.35294118 0.35294118
v -21000.00000000 -515.00000000 1039.23048454 0.35294118 0.35294118 0.35294118
v 21000.00000000 -515.00000000 1039.23048454 0.35294118 0.35294118 0.35294118
v -21000.00000000 -521.47023974 1071.75857629 0.35294118 0.35294118 0.35294118
v 21000.00000000 -521.47023974 1071.75857629 0.35294118 0.35294118 0.35294118
v -21000.00000000 -539.89592360 1099.33456094 0.35294118 0.35294118 0.35294118
v 21000.00000000 -539.89592360 1099.33456094 0.35294118 0.35294118 0.35294118
v -21000.00000000 -567.47190825 1117.76024480 0.35294118 0.35294118 0.35294118
v 21000.00000000 -567.47190825 1117.76024480 0.35294118 0.35294118 0.35294118
v -21000.00000000 -600.00000000 1124.23048454 0.35294118 0.35294118 0.35294118
v 21000.00000000 -600.00000000 1124.23048454 0.35294118 0.35294118 0.35294118
v -21000.00000000 -632.52809175 1117.76024480 0.35294118 0.35294118 0.35294118
v 21000.00000000 -632.52809175 1117.76024480 0.35294118 0.35294118 0.35294118
v -21000.00000000 -660.10407640 1099.33456094 0.35294118 0.35294118 0.35294118
v 21000.00000000 -660.10407640 1099.33456094 0.35294118 0.35294118 0.35294118
v -21000.00000000 -678.52976026 1071.75857629 0.35294118 0.35294118 0.35294118
v 21000.00000000 -678.52976026 1071.75857629 0.35294118 0.35294118 0.35294118
v -21000.00000000 -685.00000000 1039.23048454 0.35294118 0.35294118 0.35294118
v 21000.00000000 -685.00000000 1039.23048454 0.35294118 0.35294118 0.35294118
v -21000.00000000 -678.52976026 1006.70239279 0.35294118 0.35294118 0.35294118
v 21000.00000000 -678.52976026 1006.70239279 0.35294118 0.35294118 0.35294118
v -21000.00000000 -660.10407640 979.12640814 0.35294118 0.35294118 0.35294118
v 21000.00000000 -660.10407640 979.12640814 0.35294118 0.35294118 0.35294118
v -21000.00000000 -632.52809175 960.70072428 0.35294118 0.35294118 0.35294118
v 21000.00000000 -632.52809175 960.70072428 0.35294118 0.35294118 0.35294118
v -21000.00000000 -1200.00000000 0.00000000 0.35294118 0.35294118 0.35294118
v -21000.00000000 -1200.00000000 -85.00000000 0.35294118 0.35294118 0.35294118
v 21000.00000000 -1200.00000000 -85.00000000 0.35294118 0.35294118 0.35294118
v 21000.00000000 -1200.00000000 0.00000000 0.35294118 0.35294118 0.35294118
v -21000.00000000 -1167.47190825 -78.52976026 0.35294118 0.35294118 0.35294118
v 21000.00000000 -1167.47190825 -78.52976026 0.35294118 0.35294118 0.35294118
v -21000.00000000 -1139.89592360 -60.10407640 0.35294118 0.35294118 0.35294118
v 21000.00000000 -1139.89592360 -60.10407640 0.35294118 0.35294118 0.35294118
v -21000.00000000 -1121.47023974 -32.52809175 0.35294118 0.35294118 0.35294118
v 21000.00000000 -1121.47023974 -32.52809175 0.35294118 0.35294118 0.35294118
v -21000.00000000 -1115.00000000 0.00000000 0.35294118 0.35294118 0.35294118
v 21000.00000000 -1115.00000000 0.00000000 0.35294118 0.35294118 0.35294118
v -21000.00000000 -1121.47023974 32.52809175 0.35294118 0.35294118 0.35294118
v 21000.00000000 -1121.47023974 32.52809175 0.35294118 0.35294118 0.35294118
v -21000.00000000 -1139.89592360 60.10407640 0.35294118 0.35294118 0.35294118
v 21000.00000000 -1139.89592360 60.10407640 0.35294118 0.35294118 0.35294118
v -21000.00000000 -1167.47190825 78.52976026 0.35294118 0.35294118 0.35294118
v 21000.00000000 -1167.47190825 78.52976026 0.35294118 0.35294118 0.35294118
v -21000.00000000 -1200.00000000 85.00000000 0.35294118 0.35294118 0.35294118
v 21000.00000000 -1200.00000000 85.00000000 0.35294118 0.35294118 0.35294118
v -21000.00000000 -1232.52809175 78.52976026 0.35294118 0.35294118 0.35294118
v 21000.00000000 -1232.52809175 78.52976026 0.35294118 0.35294118 0.35294118
v -21000.00000000 -1260.10407640 60.10407640 0.35294118 0.35294118 0.35294118
v 21000.00000000 -1260.10407640 60.10407640 0.35294118 0.35294118 0.35294118
v -21000.00000000 -1278.52976026 32.52809175 0.35294118 0.35294118 0.35294118
v 21000.00000000 -1278.52976026 32.52809175 0.35294118 0.35294118 0.35294118
v -21000.00000000 -1285.00000000 0.00000000 0.35294118 0.35294118 0.35294118
v 21000.00000000 -1285.00000000 0.00000000 0.35294118 0.35294118 0.35294118
v -21000.00000000 -1278.52976026 -32.52809175 0.35294118 0.35294118 0.35294118
v 21000.00000000 -1278.52976026 -32.52809175 0.35294118 0.35294118 0.35294118
v -21000.00000000 -1260.10407640 -60.10407640 0.35294118 0.35294118 0.35294118
v 21000.00000000 -1260.10407640 -60.10407640 0.35294118 0.35294118 0.35294118
v -21000.00000000 -1232.52809175 -78.52976026 0.35294118 0.35294118 0.35294118
v 21000.00000000 -1232.52809175 -78.52976026 0.35294118 0.35294118 0.35294118
v -21000.00000000 -600.00000000 -1039.23048454 0.35294118 0.35294118 0.35294118
v -21000.00000000 -600.00000000 -1124.23048454 0.35294118 0.35294118 0.35294118
v 21000.00000000 -600.00000000 -1124.23048454 0.35294118 0.35294118 0.35294118
v 21000.00000000 -600.00000000 -1039.23048454 0.35294118 0.35294118 0.35294118
v -21000.00000000 -567.47190825 -1117.76024480 0.35294118 0.35294118 0.35294118
v 21000.00000000 -567.47190825 -1117.76024480 0.35294118 0.35294118 0.35294118
v -21000.00000000 -539.89592360 -1099.33456094 0.35294118 0.35294118 0.35294118
v 21000.00000000 -539.89592360 -1099.33456094 0.35294118 0.35294118 0.35294118
v -21000.00000000 -521.47023974 -1071.75857629 0.35294118 0.35294118 0.35294118
v 21000.00000000 -521.47023974 -1071.75857629 0.35294118 0.35294118 0.35294118
v -21000.00000000 -515.00000000 -1039.23048454 0.35294118 0.35294118 0.35294118
v 21000.00000000 -515.00000000 -1039.23048454 0.35294118 0.35294118 0.35294118
v -21000.00000000 -521.47023974 -1006.70239279 0.35294118 0.35294118 0.35294118
v 21000.00000000 -521.47023974 -1006.70239279 0.35294118 0.35294118 0.35294118
v -21000.00000000 -539.89592360 -979.12640814 0.35294118 0.35294118 0.35294118
v 21000.00000000 -539.89592360 -979.12640814 0.35294118 0.35294118 0.35294118
v -21000.00000000 -567.47190825 -960.70072428 0.35294118 0.35294118 0.35294118
v 21000.00000000 -567.47190825 -960.70072428 0.35294118 0.35294118 0.35294118
v -21000.00000000 -600.00000000 -954.23048454 0.35294118 0.35294118 0.35294118
v 21000.00000000 -600.00000000 -954.23048454 0.35294118 0.35294118 0.35294118
v -21000.00000000 -632.52809175 -960.70072428 0.35294118 0.35294118 0.35294118
v 21000.00000000 -632.52809175 -960.70072428 0.35294118 0.35294118 0.35294118
v -21000.00000000 -660.10407640 -979.12640814 0.35294118 0.35294118 0.35294118
v 21000.00000000 -660.10407640 -979.12640814 0.35294118 0.35294118 0.35294118
v -21000.00000000 -678.52976026 -1006.70239279 0.35294118 0.35294118 0.35294118
v 21000.00000000 -678.52976026 -1006.70239279 0.35294118 0.35294118 0.35294118
v -21000.00000000 -685.00000000 -1039.23048454 0.35294118 0.35294118 0.35294118
v 21000.00000000 -685.00000000 -1039.23048454 0.35294118 0.35294118 0.35294118
v -21000.00000000 -678.52976026 -1071.75857629 0.35294118 0.35294118 0.35294118
v 21000.00000000 -678.52976026 -1071.75857629 0.35294118 0.35294118 0.35294118
v -21000.00000000 -660.10407640 -1099.33456094 0.35294118 0.35294118 0.35294118
v 21000.00000000 -660.10407640 -1099.33456094 0.35294118 0.35294118 0.35294118
v -21000.00000000 -632.52809175 -1117.76024480 0.35294118 0.35294118 0.35294118
v 21000.00000000 -632.52809175 -1117.76024480 0.35294118 0.35294118 0.35294118
v -21000.00000000 600.00000000 -1039.23048454 0.35294118 0.35294118 0.35294118
v -21000.00000000 600.00000000 -1124.23048454 0.35294118 0.35294118 0.35294118
v 21000.00000000 600.00000000 -1124.23048454 0.35294118 0.35294118 0.35294118
v 21000.00000000 600.00000000 -1039.23048454 0.35294118 0.35294118 0.35294118
v -21000.00000000 632.52809175 -1117.76024480 0.35294118 0.35294118 0.35294118
v 21000.00000000 632.52809175 -1117.76024480 0.35294118 0.35294118 0.35294118
v -21000.00000000 660.10407640 -1099.33456094 0.35294118 0.35294118 0.35294118
v 21000.00000000 660.10407640 -1099.33456094 0.35294118 0.35294118 0.35294118
v -21000.00000000 678.52976026 -1071.75857629 0.35294118 0.35294118 0.35294118
v 21000.00000000 678.52976026 -1071.75857629 0.35294118 0.35294118 0.35294118
v -21000.00000000 685.00000000 -1039.23048454 0.35294118 0.35294118 0.35294118
v 21000.00000000 685.00000000 -1039.23048454 0.35294118 0.35294118 0.35294118
v -21000.00000000 678.52976026 -1006.70239279 0.35294118 0.35294118 0.35294118
v 21000.00000000 678.52976026 -1006.70239279 0.35294118 0.35294118 0.35294118
v -21000.00000000 660.10407640 -979.12640814 0.35294118 0.35294118 0.35294118
v 21000.00000000 660.10407640 -979.12640814 0.35294118 0.35294118 0.35294118
v -21000.00000000 632.52809175 -960.70072428 0.35294118 0.35294118 0.35294118
v 21000.00000000 632.52809175 -960.70072428 0.35294118 0.35294118 0.35294118
v -21000.00000000 600.00000000 -954.23048454 0.35294118 0.35294118 0.35294118
v 21000.00000000 600.00000000 -954.23048454 0.35294118 0.35294118 0.35294118
v -21000.00000000 567.47190825 -960.70072428 0.35294118 0.35294118 0.35294118
v 21000.00000000 567.47190825 -960.70072428 0.35294118 0.35294118 0.35294118
v -21000.00000000 539.89592360 -979.12640814 0.35294118 0.35294118 0.35294118
v 21000.00000000 539.89592360 -979.12640814 0.35294118 0.35294118 0.35294118
v -21000.00000000 521.47023974 -1006.70239279 0.35294118 0.35294118 0.35294118
v 21000.00000000 521.47023974 -1006.70239279 0.35294118 0.35294118 0.35294118
v -21000.00000000 515.00000000 -1039.23048454 0.35294118 0.35294118 0.35294118
v 21000.00000000 515.00000000 -1039.23048454 0.35294118 0.35294118 0.35294118
v -21000.00000000 521.47023974 -1071.75857629 0.35294118 0.35294118 0.35294118
v 21000.00000000 521.47023974 -1071.75857629 0.35294118 0.35294118 0.35294118
v -21000.00000000 539.89592360 -1099.33456094 0.35294118 0.35294118 0.35294118
v 21000.00000000 539.89592360 -1099.33456094 0.35294118 0.35294118 0.35294118
v -21000.00000000 567.47190825 -1117.76024480 0.35294118 0.35294118 0.35294118
v 21000.00000000 567.47190825 -1117.76024480 0.35294118 0.35294118 0.35294118
v -21000.00000000 900.00000000 0.00000000 0.43137255 0.43137255 0.43137255
v -21000.00000000 900.00000000 -55.00000000 0.43137255 0.43137255 0.43137255
v -21000.00000000 1200.00000000 -55.00000000 0.43137255 0.43137255 0.43137255
v -21000.00000000 1200.00000000 0.00000000 0.43137255 0.43137255 0.43137255
v -21027.50000000 900.00000000 -47.63139721 0.43137255 0.43137255 0.43137255
v -21027.50000000 1200.00000000 -47.63139721 0.43137255 0.43137255 0.43137255
v -21047.63139721 900.00000000 -27.50000000 0.43137255 0.43137255 0.43137255
v -21047.63139721 1200.00000000 -27.50000000 0.43137255 0.43137255 0.43137255
v -21055.00000000 900.00000000 -0.00000000 0.43137255 0.43137255 0.43137255
v -21055.00000000 1200.00000000 -0.00000000 0.43137255 0.43137255 0.43137255
v -21047.63139721 900.00000000 27.50000000 0.43137255 0.43137255 0.43137255
v -21047.63139721 1200.00000000 27.50000000 0.43137255 0.43137255 0.43137255
v -21027.50000000 900.00000000 47.63139721 0.43137255 0.43137255 0.43137255
v -21027.50000000 1200.00000000 47.63139721 0.43137255 0.43137255 0.43137255
v -21000.00000000 900.00000000 55.00000000 0.43137255 0.43137255 0.43137255
v -21000.00000000 1200.00000000 55.00000000 0.43137255 0.43137255 0.43137255
v -20972.50000000 900.00000000 47.63139721 0.43137255 0.43137255 0.43137255
v -20972.50000000 1200.00000000 47.63139721 0.43137255 0.43137255 0.43137255
v -20952.36860279 900.00000000 27.50000000 0.43137255 0.43137255 0.43137255
v -20952.36860279 1200.00000000 27.50000000 0.43137255 0.43137255 0.43137255
v -20945.00000000 900.00000000 0.00000000 0.43137255 0.43137255 0.43137255
v -20945.00000000 1200.00000000 0.00000000 0.43137255 0.43137255 0.43137255
v -20952.36860279 900.00000000 -27.50000000 0.43137255 0.43137255 0.43137255
v -20952.36860279 1200.00000000 -27.50000000 0.43137255 0.43137255 0.43137255
v -20972.50000000 900.00000000 -47.63139721 0.43137255 0.43137255 0.43137255
v -20972.50000000 1200.00000000 -47.63139721 0.43137255 0.43137255 0.43137255
v -21000.00000000 450.00000000 779.42286341 0.43137255 0.43137255 0.43137255
v -20952.36860279 473.81569860 765.67286341 0.43137255 0.43137255 0.43137255
v -20952.36860279 623.81569860 1025.48048454 0.43137255 0.43137255 0.43137255
v -21000.00000000 600.00000000 1039.23048454 0.43137255 0.43137255 0.43137255
v -20972.50000000 491.25000000 755.60716480 0.43137255 0.43137255 0.43137255
v -20972.50000000 641.25000000 1015.41478594 0.43137255 0.43137255 0.43137255
v -21000.00000000 497.63139721 751.92286341 0.43137255 0.43137255 0.43137255
v -21000.00000000 647.63139721 1011.73048454 0.43137255 0.43137255 0.43137255
v -21027.50000000 491.25000000 755.60716480 0.43137255 0.43137255 0.43137255
v -21027.50000000 641.25000000 1015.41478594 0.43137255 0.43137255 0.43137255
v -21047.63139721 473.81569860 765.67286341 0.43137255 0.43137255 0.43137255
v -21047.63139721 623.81569860 1025.48048454 0.43137255 0.43137255 0.43137255
v -21055.00000000 450.00000000 779.42286341 0.43137255 0.43137255 0.43137255
v -21055.00000000 600.00000000 1039.23048454 0.43137255 0.43137255 0.43137255
v -21047.63139721 426.18430140 793.17286341 0.43137255 0.43137255 0.43137255
v -21047.63139721 576.18430140 1052.98048454 0.43137255 0.43137255 0.43137255
v -21027.50000000 408.75000000 803.23856201 0.43137255 0.43137255 0.43137255
v -21027.50000000 558.75000000 1063.04618315 0.43137255 0.43137255 0.43137255
v -21000.00000000 402.36860279 806.92286341 0.43137255 0.43137255 0.43137255
v -21000.00000000 552.36860279 1066.73048454 0.43137255 0.43137255 0.43137255
v -20972.50000000 408.75000000 803.23856201 0.43137255 0.43137255 0.43137255
v -20972.50000000 558.75000000 1063.04618315 0.43137255 0.43137255 0.43137255
v -20952.36860279 426.18430140 793.17286341 0.43137255 0.43137255 0.43137255
v -20952.36860279 576.18430140 1052.98048454 0.43137255 0.43137255 0.43137255
v -20945.00000000 450.00000000 779.42286341 0.43137255 0.43137255 0.43137255
v -20945.00000000 600.00000000 1039.23048454 0.43137255 0.43137255 0.43137255
v -21000.00000000 -450.00000000 779.42286341 0.43137255 0.43137255 0.43137255
v -20952.36860279 -473.81569860 765.67286341 0.43137255 0.43137255 0.43137255
v -20952.36860279 -623.81569860 1025.48048454 0.43137255 0.43137255 0.43137255
v -21000.00000000 -600.00000000 1039.23048454 0.43137255 0.43137255 0.43137255
v -20945.00000000 -450.00000000 779.42286341 0.43137255 0.43137255 0.43137255
v -20945.00000000 -600.00000000 1039.23048454 0.43137255 0.43137255 0.43137255
v -20952.36860279 -426.18430140 793.17286341 0.43137255 0.43137255 0.43137255
v -20952.36860279 -576.18430140 1052.98048454 0.43137255 0.43137255 0.43137255
v -20972.50000000 -408.75000000 803.23856201 0.43137255 0.43137255 0.43137255
v -20972.50000000 -558.75000000 1063.04618315 0.43137255 0.43137255 0.43137255
v -21000.00000000 -402.36860279 806.92286341 0.43137255 0.43137255 0.43137255
v -21000.00000000 -552.36860279 1066.73048454 0.43137255 0.43137255 0.43137255
v -21027.50000000 -408.75000000 803.23856201 0.43137255 0.43137255 0.43137255
v -21027.50000000 -558.75000000 1063.04618315 0.43137255 0.43137255 0.43137255
v -21047.63139721 -426.18430140 793.17286341 0.43137255 0.43137255 0.43137255
v -21047.63139721 -576.18430140 1052.98048454 0.43137255 0.43137255 0.43137255
v -21055.00000000 -450.00000000 779.42286341 0.43137255 0.43137255 0.43137255
v -21055.00000000 -600.00000000 1039.23048454 0.43137255 0.43137255 0.43137255
v -21047.63139721 -473.81569860 765.67286341 0.43137255 0.43137255 0.43137255
v -21047.63139721 -623.81569860 1025.48048454 0.43137255 0.43137255 0.43137255
v -21027.50000000 -491.25000000 755.60716480 0.43137255 0.43137255 0.43137255
v -21027.50000000 -641.25000000 1015.41478594 0.43137255 0.43137255 0.43137255
v -21000.00000000 -497.63139721 751.92286341 0.43137255 0.43137255 0.43137255
v -21000.00000000 -647.63139721 1011.73048454 0.43137255 0.43137255 0.43137255
v -20972.50000000 -491.25000000 755.60716480 0.43137255 0.43137255 0.43137255
v -20972.50000000 -641.25000000 1015.41478594 0.43137255 0.43137255 0.43137255
v -21000.00000000 -900.00000000 0.00000000 0.43137255 0.43137255 0.43137255
v -21000.00000000 -900.00000000 -55.00000000 0.43137255 0.43137255 0.43137255
v -21000.00000000 -1200.00000000 -55.00000000 0.43137255 0.43137255 0.43137255
v -21000.00000000 -1200.00000000 0.00000000 0.43137255 0.43137255 0.43137255
v -20972.50000000 -900.00000000 -47.63139721 0.43137255 0.43137255 0.43137255
v -20972.50000000 -1200.00000000 -47.63139721 0.43137255 0.43137255 0.43137255
v -20952.36860279 -900.00000000 -27.50000000 0.43137255 0.43137255 0.43137255
v -20952.36860279 -1200.00000000 -27.50000000 0.43137255 0.43137255 0.43137255
v -20945.00000000 -900.00000000 0.00000000 0.43137255 0.43137255 0.43137255
v -20945.00000000 -1200.00000000 0.00000000 0.43137255 0.43137255 0.43137255
v -20952.36860279 -900.00000000 27.50000000 0.43137255 0.43137255 0.43137255
v -20952.36860279 -1200.00000000 27.50000000 0.43137255 0.43137255 0.43137255
v -20972.50000000 -900.00000000 47.63139721 0.43137255 0.43137255 0.43137255
v -20972.50000000 -1200.00000000 47.63139721 0.43137255 0.43137255 0.43137255
v -21000.00000000 -900.00000000 55.00000000 0.43137255 0.43137255 0.43137255
v -21000.00000000 -1200.00000000 55.00000000 0.43137255 0.43137255 0.43137255
v -21027.50000000 -900.00000000 47.63139721 0.43137255 0.43137255 0.43137255
v -21027.50000000 -1200.00000000 47.63139721 0.43137255 0.43137255 0.43137255
v -21047.63139721 -900.00000000 27.50000000 0.43137255 0.43137255 0.43137255
v -21047.63139721 -1200.00000000 27.50000000 0.43137255 0.43137255 0.43137255
v -21055.00000000 -900.00000000 0.00000000 0.43137255 0.43137255 0.43137255
v -21055.00000000 -1200.00000000 0.00000000 0.43137255 0.43137255 0.43137255
v -21047.63139721 -900.00000000 -27.50000000 0.43137255 0.43137255 0.43137255
v -21047.63139721 -1200.00000000 -27.50000000 0.43137255 0.43137255 0.43137255
v -21027.50000000 -900.00000000 -47.63139721 0.43137255 0.43137255 0.43137255
v -21027.50000000 -1200.00000000 -47.63139721 0.43137255 0.43137255 0.43137255
v -21000.00000000 -450.00000000 -779.42286341 0.43137255 0.43137255 0.43137255
v -21047.63139721 -426.18430140 -793.17286341 0.43137255 0.43137255 0.43137255
v -21047.63139721 -576.18430140 -1052.98048454 0.43137255 0.43137255 0.43137255
v -21000.00000000 -600.00000000 -1039.23048454 0.43137255 0.43137255 0.43137255
v -21027.50000000 -408.75000000 -803.23856201 0.43137255 0.43137255 0.43137255
v -21027.50000000 -558.75000000 -1063.04618315 0.43137255 0.43137255 0.43137255
v -21000.00000000 -402.36860279 -806.92286341 0.43137255 0.43137255 0.43137255
v -21000.00000000 -552.36860279 -1066.73048454 0.43137255 0.43137255 0.43137255
v -20972.50000000 -408.75000000 -803.23856201 0.43137255 0.43137255 0.43137255
v -20972.50000000 -558.75000000 -1063.04618315 0.43137255 0.43137255 0.43137255
v -20952.36860279 -426.18430140 -793.17286341 0.43137255 0.43137255 0.43137255
v -20952.36860279 -576.18430140 -1052.98048454 0.43137255 0.43137255 0.43137255
v -20945.00000000 -450.00000000 -779.42286341 0.43137255 0.43137255 0.43137255
v -20945.00000000 -600.00000000 -1039.23048454 0.43137255 0.43137255 0.43137255
v -20952.36860279 -473.81569860 -765.67286341 0.43137255 0.43137255 0.43137255
v -20952.36860279 -623.81569860 -1025.48048454 0.43137255 0.43137255 0.43137255
v -20972.50000000 -491.25000000 -755.60716480 0.43137255 0.43137255 0.43137255
v -20972.50000000 -641.25000000 -1015.41478594 0.43137255 0.43137255 0.43137255
v -21000.00000000 -497.63139721 -751.92286341 0.43137255 0.43137255 0.43137255
v -21000.00000000 -647.63139721 -1011.73048454 0.43137255 0.43137255 0.43137255
v -21027.50000000 -491.25000000 -755.60716480 0.43137255 0.43137255 0.43137255
v -21027.50000000 -641.25000000 -1015.41478594 0.43137255 0.43137255 0.43137255
v -21047.63139721 -473.81569860 -765.67286341 0.43137255 0.43137255 0.43137255
v -21047.63139721 -623.81569860 -1025.48048454 0.43137255 0.43137255 0.43137255
v -21055.00000000 -450.00000000 -779.42286341 0.43137255 0.43137255 0.43137255
v -21055.00000000 -600.00000000 -1039.23048454 0.43137255 0.43137255 0.43137255
v -21000.00000000 450.00000000 -779.42286341 0.43137255 0.43137255 0.43137255
v -21047.63139721 426.18430140 -793.17286341 0.43137255 0.43137255 0.43137255
v -21047.63139721 576.18430140 -1052.98048454 0.43137255 0.43137255 0.43137255
v -21000.00000000 600.00000000 -1039.23048454 0.43137255 0.43137255 0.43137255
v -21055.00000000 450.00000000 -779.42286341 0.43137255 0.43137255 0.43137255
v -21055.00000000 600.00000000 -1039.23048454 0.43137255 0.43137255 0.43137255
v -21047.63139721 473.81569860 -765.67286341 0.43137255 0.43137255 0.43137255
v -21047.63139721 623.81569860 -1025.48048454 0.43137255 0.43137255 0.43137255
v -21027.50000000 491.25000000 -755.60716480 0.43137255 0.43137255 0.43137255
v -21027.50000000 641.25000000 -1015.41478594 0.43137255 0.43137255 0.43137255
v -21000.00000000 497.63139721 -751.92286341 0.43137255 0.43137255 0.43137255
v -21000.00000000 647.63139721 -1011.73048454 0.43137255 0.43137255 0.43137255
v -20972.50000000 491.25000000 -755.60716480 0.43137255 0.43137255 0.43137255
v -20972.50000000 641.25000000 -1015.41478594 0.43137255 0.43137255 0.43137255
v -20952.36860279 473.81569860 -765.67286341 0.43137255 0.43137255 0.43137255
v -20952.36860279 623.81569860 -1025.48048454 0.43137255 0.43137255 0.43137255
v -20945.00000000 450.00000000 -779.42286341 0.43137255 0.43137255 0.43137255
v -20945.00000000 600.00000000 -1039.23048454 0.43137255 0.43137255 0.43137255
v -20952.36860279 426.18430140 -793.17286341 0.43137255 0.43137255 0.43137255
v -20952.36860279 576.18430140 -1052.98048454 0.43137255 0.43137255 0.43137255
v -20972.50000000 408.75000000 -803.23856201 0.43137255 0.43137255 0.43137255
v -20972.50000000 558.75000000 -1063.04618315 0.43137255 0.43137255 0.43137255
v -21000.00000000 402.36860279 -806.92286341 0.43137255 0.43137255 0.43137255
v -21000.00000000 552.36860279 -1066.73048454 0.43137255 0.43137255 0.43137255
v -21027.50000000 408.75000000 -803.23856201 0.43137255 0.43137255 0.43137255
v -21027.50000000 558.75000000 -1063.04618315 0.43137255 0.43137255 0.43137255
v -16000.00000000 900.00000000 0.00000000 0.43137255 0.43137255 0.43137255
v -16000.00000000 900.00000000 -55.00000000 0.43137255 0.43137255 0.43137255
v -16000.00000000 1200.00000000 -55.00000000 0.43137255 0.43137255 0.43137255
v -16000.00000000 1200.00000000 0.00000000 0.43137255 0.43137255 0.43137255
v -16027.50000000 900.00000000 -47.63139721 0.43137255 0.43137255 0.43137255
v -16027.50000000 1200.00000000 -47.63139721 0.43137255 0.43137255 0.43137255
v -16047.63139721 900.00000000 -27.50000000 0.43137255 0.43137255 0.43137255
v -16047.63139721 1200.00000000 -27.50000000 0.43137255 0.43137255 0.43137255
v -16055.00000000 900.00000000 -0.00000000 0.43137255 0.43137255 0.43137255
v -16055.00000000 1200.00000000 -0.00000000 0.43137255 0.43137255 0.43137255
v -16047.63139721 900.00000000 27.50000000 0.43137255 0.43137255 0.43137255
v -16047.63139721 1200.00000000 27.50000000 0.43137255 0.43137255 0.43137255
v -16027.50000000 900.00000000 47.63139721 0.43137255 0.43137255 0.43137255
v -16027.50000000 1200.00000000 47.63139721 0.43137255 0.43137255 0.43137255
v -16000.00000000 900.00000000 55.00000000 0.43137255 0.43137255 0.43137255
v -16000.00000000 1200.00000000 55.00000000 0.43137255 0.43137255 0.43137255
v -15972.50000000 900.00000000 47.63139721 0.43137255 0.43137255 0.43137255
v -15972.50000000 1200.00000000 47.63139721 0.43137255 0.43137255 0.43137255
v -15952.36860279 900.00000000 27.50000000 0.43137255 0.43137255 0.43137255
v -15952.36860279 1200.00000000 27.50000000 0.43137255 0.43137255 0.43137255
v -15945.00000000 900.00000000 0.00000000 0.43137255 0.43137255 0.43137255
v -15945.00000000 1200.00000000 0.00000000 0.43137255 0.43137255 0.43137255
v -15952.36860279 900.00000000 -27.50000000 0.43137255 0.43137255 0.43137255
v -15952.36860279 1200.00000000 -27.50000000 0.43137255 0.43137255 0.43137255
v -15972.50000000 900.00000000 -47.63139721 0.43137255 0.43137255 0.43137255
v -15972.50000000 1200.00000000 -47.63139721 0.43137255 0.43137255 0.43137255
v -16000.00000000 450.00000000 779.42286341 0.43137255 0.43137255 0.43137255
v -15952.36860279 473.81569860 765.67286341 0.43137255 0.43137255 0.43137255
v -15952.36860279 623.81569860 1025.48048454 0.43137255 0.43137255 0.43137255
v -16000.00000000 600.00000000 1039.23048454 0.43137255 0.43137255 0.43137255
v -15972.50000000 491.25000000 755.60716480 0.43137255 0.43137255 0.43137255
v -15972.50000000 641.25000000 1015.41478594 0.43137255 0.43137255 0.43137255
v -16000.00000000 497.63139721 751.92286341 0.43137255 0.43137255 0.43137255
v -16000.00000000 647.63139721 1011.73048454 0.43137255 0.43137255 0.43137255
v -16027.50000000 491.25000000 755.60716480 0.43137255 0.43137255 0.43137255
v -16027.50000000 641.25000000 1015.41478594 0.43137255 0.43137255 0.43137255
v -16047.63139721 473.81569860 765.67286341 0.43137255 0.43137255 0.43137255
v -16047.63139721 623.81569860 1025.48048454 0.43137255 0.43137255 0.43137255
v -16055.00000000 450.00000000 779.42286341 0.43137255 0.43137255 0.43137255
v -16055.00000000 600.00000000 1039.23048454 0.43137255 0.43137255 0.43137255
v -16047.63139721 426.18430140 793.17286341 0.43137255 0.43137255 0.43137255
v -16047.63139721 576.18430140 1052.98048454 0.43137255 0.43137255 0.43137255
v -16027.50000000 408.75000000 803.23856201 0.43137255 0.43137255 0.43137255
v -16027.50000000 558.75000000 1063.04618315 0.43137255 0.43137255 0.43137255
v -16000.00000000 402.36860279 806.92286341 0.43137255 0.43137255 0.43137255
v -16000.00000000 552.36860279 1066.73048454 0.43137255 0.43137255 0.43137255
v -15972.50000000 408.75000000 803.23856201 0.43137255 0.43137255 0.43137255
v -15972.50000000 558.75000000 1063.04618315 0.43137255 0.43137255 0.43137255
v -15952.36860279 426.18430140 793.17286341 0.43137255 0.43137255 0.43137255
v -15952.36860279 576.18430140 1052.98048454 0.43137255 0.43137255 0.43137255
v -15945.00000000 450.00000000 779.42286341 0.43137255 0.43137255 0.43137255
v -15945.00000000 600.00000000 1039.23048454 0.43137255 0.43137255 0.43137255
v -16000.00000000 -450.00000000 779.42286341 0.43137255 0.43137255 0.43137255
v -15952.36860279 -473.81569860 765.67286341 0.43137255 0.43137255 0.43137255
v -15952.36860279 -623.81569860 1025.48048454 0.43137255 0.43137255 0.43137255
v -16000.00000000 -600.00000000 1039.23048454 0.43137255 0.43137255 0.43137255
v -15945.00000000 -450.00000000 779.42286341 0.43137255 0.43137255 0.43137255
v -15945.00000000 -600.00000000 1039.23048454 0.43137255 0.43137255 0.43137255
v -15952.36860279 -426.18430140 793.17286341 0.43137255 0.43137255 0.43137255
v -15952.36860279 -576.18430140 1052.98048454 0.43137255 0.43137255 0.43137255
v -15972.50000000 -408.75000000 803.23856201 0.43137255 0.43137255 0.43137255
v -15972.50000000 -558.75000000 1063.04618315 0.43137255 0.43137255 0.43137255
v -16000.00000000 -402.36860279 806.92286341 0.43137255 0.43137255 0.43137255
v -16000.00000000 -552.36860279 1066.73048454 0.43137255 0.43137255 0.43137255
v -16027.50000000 -408.75000000 803.23856201 0.43137255 0.43137255 0.43137255
v -16027.50000000 -558.75000000 1063.04618315 0.43137255 0.43137255 0.43137255
v -16047.63139721 -426.18430140 793.17286341 0.43137255 0.43137255 0.43137255
v -16047.63139721 -576.18430140 1052.98048454 0.43137255 0.43137255 0.43137255
v -16055.00000000 -450.00000000 779.42286341 0.43137255 0.43137255 0.43137255
v -16055.00000000 -600.00000000 1039.23048454 0.43137255 0.43137255 0.43137255
v -16047.63139721 -473.81569860 765.67286341 0.43137255 0.43137255 0.43137255
v -16047.63139721 -623.81569860 1025.48048454 0.43137255 0.43137255 0.43137255
v -16027.50000000 -491.25000000 755.60716480 0.43137255 0.43137255 0.43137255
v -16027.50000000 -641.25000000 1015.41478594 0.43137255 0.43137255 0.43137255
v -16000.00000000 -497.63139721 751.92286341 0.43137255 0.43137255 0.43137255
v -16000.00000000 -647.63139721 1011.73048454 0.43137255 0.43137255 0.43137255
v -15972.50000000 -491.25000000 755.60716480 0.43137255 0.43137255 0.43137255
v -15972.50000000 -641.25000000 1015.41478594 0.43137255 0.43137255 0.43137255
v -16000.00000000 -900.00000000 0.00000000 0.43137255 0.43137255 0.43137255
v -16000.00000000 -900.00000000 -55.00000000 0.43137255 0.43137255 0.43137255
v -16000.00000000 -1200.00000000 -55.00000000 0.43137255 0.43137255 0.43137255
v -16000.00000000 -1200.00000000 0.00000000 0.43137255 0.43137255 0.43137255
v -15972.50000000 -900.00000000 -47.63139721 0.43137255 0.43137255 0.43137255
v -15972.50000000 -1200.00000000 -47.63139721 0.43137255 0.43137255 0.43137255
v -15952.36860279 -900.00000000 -27.50000000 0.43137255 0.43137255 0.43137255
v -15952.36860279 -1200.00000000 -27.50000000 0.43137255 0.43137255 0.43137255
v -15945.00000000 -900.00000000 0.00000000 0.43137255 0.43137255 0.43137255
v -15945.00000000 -1200.00000000 0.00000000 0.43137255 0.43137255 0.43137255
v -15952.36860279 -900.00000000 27.50000000 0.43137255 0.43137255 0.43137255
v -15952.36860279 -1200.00000000 27.50000000 0.43137255 0.43137255 0.43137255
v -15972.50000000 -900.00000000 47.63139721 0.43137255 0.43137255 0.43137255
v -15972.50000000 -1200.00000000 47.63139721 0.43137255 0.43137255 0.43137255
v -16000.00000000 -900.00000000 55.00000000 0.43137255 0.43137255 0.43137255
v -16000.00000000 -1200.00000000 55.00000000 0.43137255 0.43137255 0.43137255
v -16027.50000000 -900.00000000 47.63139721 0.43137255 0.43137255 0.43137255
v -16027.50000000 -1200.00000000 47.63139721 0.43137255 0.43137255 0.43137255
v -16047.63139721 -900.00000000 27.50000000 0.43137255 0.43137255 0.43137255
v -16047.63139721 -1200.00000000 27.50000000 0.43137255 0.43137255 0.43137255
v -16055.00000000 -900.00000000 0.00000000 0.43137255 0.43137255 0.43137255
v -16055.00000000 -1200.00000000 0.00000000 0.43137255 0.43137255 0.43137255
v -16047.63139721 -900.00000000 -27.50000000 0.43137255 0.43137255 0.43137255
v -16047.63139721 -1200.00000000 -27.50000000 0.43137255 0.43137255 0.43137255
v -16027.50000000 -900.00000000 -47.63139721 0.43137255 0.43137255 0.43137255
v -16027.50000000 -1200.00000000 -47.63139721 0.43137255 0.43137255 0.43137255
v -16000.00000000 -450.00000000 -779.42286341 0.43137255 0.43137255 0.43137255
v -16047.63139721 -426.18430140 -793.17286341 0.43137255 0.43137255 0.43137255
v -16047.63139721 -576.18430140 -1052.98048454 0.43137255 0.43137255 0.43137255
v -16000.00000000 -600.00000000 -1039.23048454 0.43137255 0.43137255 0.43137255
v -16027.50000000 -408.75000000 -803.23856201 0.43137255 0.43137255 0.43137255
v -16027.50000000 -558.75000000 -1063.04618315 0.43137255 0.43137255 0.43137255
v -16000.00000000 -402.36860279 -806.92286341 0.43137255 0.43137255 0.43137255
v -16000.00000000 -552.36860279 -1066.73048454 0.43137255 0.43137255 0.43137255
v -15972.50000000 -408.75000000 -803.23856201 0.43137255 0.43137255 0.43137255
v -15972.50000000 -558.75000000 -1063.04618315 0.43137255 0.43137255 0.43137255
v -15952.36860279 -426.18430140 -793.17286341 0.43137255 0.43137255 0.43137255
v -15952.36860279 -576.18430140 -1052.98048454 0.43137255 0.43137255 0.43137255
v -15945.00000000 -450.00000000 -779.42286341 0.43137255 0.43137255 0.43137255
v -15945.00000000 -600.00000000 -1039.23048454 0.43137255 0.43137255 0.43137255
v -15952.36860279 -473.81569860 -765.67286341 0.43137255 0.43137255 0.43137255
v -15952.36860279 -623.81569860 -1025.48048454 0.43137255 0.43137255 0.43137255
v -15972.50000000 -491.25000000 -755.60716480 0.43137255 0.43137255 0.43137255
v -15972.50000000 -641.25000000 -1015.41478594 0.43137255 0.43137255 0.43137255
v -16000.00000000 -497.63139721 -751.92286341 0.43137255 0.43137255 0.43137255
v -16000.00000000 -647.63139721 -1011.73048454 0.43137255 0.43137255 0.43137255
v -16027.50000000 -491.25000000 -755.60716480 0.43137255 0.43137255 0.43137255
v -16027.50000000 -641.25000000 -1015.41478594 0.43137255 0.43137255 0.43137255
v -16047.63139721 -473.81569860 -765.67286341 0.43137255 0.43137255 0.43137255
v -16047.63139721 -623.81569860 -1025.48048454 0.43137255 0.43137255 0.43137255
v -16055.00000000 -450.00000000 -779.42286341 0.43137255 0.43137255 0.43137255
v -16055.00000000 -600.00000000 -1039.23048454 0.43137255 0.43137255 0.43137255
v -16000.00000000 450.00000000 -779.42286341 0.43137255 0.43137255 0.43137255
v -16047.63139721 426.18430140 -793.17286341 0.43137255 0.43137255 0.43137255
v -16047.63139721 576.18430140 -1052.98048454 0.43137255 0.43137255 0.43137255
v -16000.00000000 600.00000000 -1039.23048454 0.43137255 0.43137255 0.43137255
v -16055.00000000 450.00000000 -779.42286341 0.43137255 0.43137255 0.43137255
v -16055.00000000 600.00000000 -1039.23048454 0.43137255 0.43137255 0.43137255
v -16047.63139721 473.81569860 -765.67286341 0.43137255 0.43137255 0.43137255
v -16047.63139721 623.81569860 -1025.48048454 0.43137255 0.43137255 0.43137255
v -16027.50000000 491.25000000 -755.60716480 0.43137255 0.43137255 0.43137255
v -16027.50000000 641.25000000 -1015.41478594 0.43137255 0.43137255 0.43137255
v -16000.00000000 497.63139721 -751.92286341 0.43137255 0.43137255 0.43137255
v -16000.00000000 647.63139721 -1011.73048454 0.43137255 0.43137255 0.43137255
v -15972.50000000 491.25000000 -755.60716480 0.43137255 0.43137255 0.43137255
v -15972.50000000 641.25000000 -1015.41478594 0.43137255 0.43137255 0.43137255
v -15952.36860279 473.81569860 -765.67286341 0.43137255 0.43137255 0.43137255
v -15952.36860279 623.81569860 -1025.48048454 0.43137255 0.43137255 0.43137255
v -15945.00000000 450.00000000 -779.42286341 0.43137255 0.43137255 0.43137255
v -15945.00000000 600.00000000 -1039.23048454 0.43137255 0.43137255 0.43137255
v -15952.36860279 426.18430140 -793.17286341 0.43137255 0.43137255 0.43137255
v -15952.36860279 576.18430140 -1052.98048454 0.43137255 0.43137255 0.43137255
v -15972.50000000 408.75000000 -803.23856201 0.43137255 0.43137255 0.43137255
v -15972.50000000 558.75000000 -1063.04618315 0.43137255 0.43137255 0.43137255
v -16000.00000000 402.36860279 -806.92286341 0.43137255 0.43137255 0.43137255
v -16000.00000000 552.36860279 -1066.73048454 0.43137255 0.43137255 0.43137255
v -16027.50000000 408.75000000 -803.23856201 0.43137255 0.43137255 0.43137255
v -16027.50000000 558.75000000 -1063.04618315 0.43137255 0.43137255 0.43137255
v -8000.00000000 900.00000000 0.00000000 0.43137255 0.43137255 0.43137255
v -8000.00000000 900.00000000 -55.00000000 0.43137255 0.43137255 0.43137255
v -8000.00000000 1200.00000000 -55.00000000 0.43137255 0.43137255 0.43137255
v -8000.00000000 1200.00000000 0.00000000 0.43137255 0.43137255 0.43137255
v -8027.50000000 900.00000000 -47.63139721 0.43137255 0.43137255 0.43137255
v -8027.50000000 1200.00000000 -47.63139721 0.43137255 0.43137255 0.43137255
v -8047.63139721 900.00000000 -27.50000000 0.43137255 0.43137255 0.43137255
v -8047.63139721 1200.00000000 -27.50000000 0.43137255 0.43137255 0.43137255
v -8055.00000000 900.00000000 -0.00000000 0.43137255 0.43137255 0.43137255
v -8055.00000000 1200.00000000 -0.00000000 0.43137255 0.43137255 0.43137255
v -8047.63139721 900.00000000 27.50000000 0.43137255 0.43137255 0.43137255
v -8047.63139721 1200.00000000 27.50000000 0.43137255 0.43137255 0.43137255
v -8027.50000000 900.00000000 47.63139721 0.43137255 0.43137255 0.43137255
v -8027.50000000 1200.00000000 47.63139721 0.43137255 0.43137255 0.43137255
v -8000.00000000 900.00000000 55.00000000 0.43137255 0.43137255 0.43137255
v -8000.00000000 1200.00000000 55.00000000 0.43137255 0.43137255 0.43137255
v -7972.50000000 900.00000000 47.63139721 0.43137255 0.43137255 0.43137255
v -7972.50000000 1200.00000000 47.63139721 0.43137255 0.43137255 0.43137255
v -7952.36860279 900.00000000 27.50000000 0.43137255 0.43137255 0.43137255
v -7952.36860279 1200.00000000 27.50000000 0.43137255 0.43137255 0.43137255
v -7945.00000000 900.00000000 0.00000000 0.43137255 0.43137255 0.43137255
v -7945.00000000 1200.00000000 0.00000000 0.43137255 0.43137255 0.43137255
v -7952.36860279 900.00000000 -27.50000000 0.43137255 0.43137255 0.43137255
v -7952.36860279 1200.00000000 -27.50000000 0.43137255 0.43137255 0.43137255
v -7972.50000000 900.00000000 -47.63139721 0.43137255 0.43137255 0.43137255
v -7972.50000000 1200.00000000 -47.63139721 0.43137255 0.43137255 0.43137255
v -8000.00000000 450.00000000 779.42286341 0.43137255 0.43137255 0.43137255
v -7952.36860279 473.81569860 765.67286341 0.43137255 0.43137255 0.43137255
v -7952.36860279 623.81569860 1025.48048454 0.43137255 0.43137255 0.43137255
v -8000.00000000 600.00000000 1039.23048454 0.43137255 0.43137255 0.43137255
v -7972.50000000 491.25000000 755.60716480 0.43137255 0.43137255 0.43137255
v -7972.50000000 641.25000000 1015.41478594 0.43137255 0.43137255 0.43137255
v -8000.00000000 497.63139721 751.92286341 0.43137255 0.43137255 0.43137255
v -8000.00000000 647.63139721 1011.73048454 0.43137255 0.43137255 0.43137255
v -8027.50000000 491.25000000 755.60716480 0.43137255 0.43137255 0.43137255
v -8027.50000000 641.25000000 1015.41478594 0.43137255 0.43137255 0.43137255
v -8047.63139721 473.81569860 765.67286341 0.43137255 0.43137255 0.43137255
v -8047.63139721 623.81569860 1025.48048454 0.43137255 0.43137255 0.43137255
v -8055.00000000 450.00000000 779.42286341 0.43137255 0.43137255 0.43137255
v -8055.00000000 600.00000000 1039.23048454 0.43137255 0.43137255 0.43137255
v -8047.63139721 426.18430140 793.17286341 0.43137255 0.43137255 0.43137255
v -8047.63139721 576.18430140 1052.98048454 0.43137255 0.43137255 0.43137255
v -8027.50000000 408.75000000 803.23856201 0.43137255 0.43137255 0.43137255
v -8027.50000000 558.75000000 1063.04618315 0.43137255 0.43137255 0.43137255
v -8000.00000000 402.36860279 806.92286341 0.43137255 0.43137255 0.43137255
v -8000.00000000 552.36860279 1066.73048454 0.43137255 0.43137255 0.43137255
v -7972.50000000 408.75000000 803.23856201 0.43137255 0.43137255 0.43137255
v -7972.50000000 558.75000000 1063.04618315 0.43137255 0.43137255 0.43137255
v -7952.36860279 426.18430140 793.17286341 0.43137255 0.43137255 0.43137255
v -7952.36860279 576.18430140 1052.98048454 0.43137255 0.43137255 0.43137255
v -7945.00000000 450.00000000 779.42286341 0.43137255 0.43137255 0.43137255
v -7945.00000000 600.00000000 1039.23048454 0.43137255 0.43137255 0.43137255
v -8000.00000000 -450.00000000 779.42286341 0.43137255 0.43137255 0.43137255
v -7952.36860279 -473.81569860 765.67286341 0.43137255 0.43137255 0.43137255
v -7952.36860279 -623.81569860 1025.48048454 0.43137255 0.43137255 0.43137255
v -8000.00000000 -600.00000000 1039.23048454 0.43137255 0.43137255 0.43137255
v -7945.00000000 -450.00000000 779.42286341 0.43137255 0.43137255 0.43137255
v -7945.00000000 -600.00000000 1039.23048454 0.43137255 0.43137255 0.43137255
v -7952.36860279 -426.18430140 793.17286341 0.43137255 0.43137255 0.43137255
v -7952.36860279 -576.18430140 1052.98048454 0.43137255 0.43137255 0.43137255
v -7972.50000000 -408.75000000 803.23856201 0.43137255 0.43137255 0.43137255
v -7972.50000000 -558.75000000 1063.04618315 0.43137255 0.43137255 0.43137255
v -8000.00000000 -402.36860279 806.92286341 0.43137255 0.43137255 0.43137255
v -8000.00000000 -552.36860279 1066.73048454 0.43137255 0.43137255 0.43137255
v -8027.50000000 -408.75000000 803.23856201 0.43137255 0.43137255 0.43137255
v -8027.50000000 -558.75000000 1063.04618315 0.43137255 0.43137255 0.43137255
v -8047.63139721 -426.18430140 793.17286341 0.43137255 0.43137255 0.43137255
v -8047.63139721 -576.18430140 1052.98048454 0.43137255 0.43137255 0.43137255
v -8055.00000000 -450.00000000 779.42286341 0.43137255 0.43137255 0.43137255
v -8055.00000000 -600.00000000 1039.23048454 0.43137255 0.43137255 0.43137255
v -8047.63139721 -473.81569860 765.67286341 0.43137255 0.43137255 0.43137255
v -8047.63139721 -623.81569860 1025.48048454 0.43137255 0.43137255 0.43137255
v -8027.50000000 -491.25000000 755.60716480 0.43137255 0.43137255 0.43137255
v -8027.50000000 -641.25000000 1015.41478594 0.43137255 0.43137255 0.43137255
v -8000.00000000 -497.63139721 751.92286341 0.43137255 0.43137255 0.43137255
v -8000.00000000 -647.63139721 1011.73048454 0.43137255 0.43137255 0.43137255
v -7972.50000000 -491.25000000 755.60716480 0.43137255 0.43137255 0.43137255
v -7972.50000000 -641.25000000 1015.41478594 0.43137255 0.43137255 0.43137255
v -8000.00000000 -900.00000000 0.00000000 0.43137255 0.43137255 0.43137255
v -8000.00000000 -900.00000000 -55.00000000 0.43137255 0.43137255 0.43137255
v -8000.00000000 -1200.00000000 -55.00000000 0.43137255 0.43137255 0.43137255
v -8000.00000000 -1200.00000000 0.00000000 0.43137255 0.43137255 0.43137255
v -7972.50000000 -900.00000000 -47.63139721 0.43137255 0.43137255 0.43137255
v -7972.50000000 -1200.00000000 -47.63139721 0.43137255 0.43137255 0.43137255
v -7952.36860279 -900.00000000 -27.50000000 0.43137255 0.43137255 0.43137255
v -7952.36860279 -1200.00000000 -27.50000000 0.43137255 0.43137255 0.43137255
v -7945.00000000 -900.00000000 0.00000000 0.43137255 0.43137255 0.43137255
v -7945.00000000 -1200.00000000 0.00000000 0.43137255 0.43137255 0.43137255
v -7952.36860279 -900.00000000 27.50000000 0.43137255 0.43137255 0.43137255
v -7952.36860279 -1200.00000000 27.50000000 0.43137255 0.43137255 0.43137255
v -7972.50000000 -900.00000000 47.63139721 0.43137255 0.43137255 0.43137255
v -7972.50000000 -1200.00000000 47.63139721 0.43137255 0.43137255 0.43137255
v -8000.00000000 -900.00000000 55.00000000 0.43137255 0.43137255 0.43137255
v -8000.00000000 -1200.00000000 55.00000000 0.43137255 0.43137255 0.43137255
v -8027.50000000 -900.00000000 47.63139721 0.43137255 0.43137255 0.43137255
v -8027.50000000 -1200.00000000 47.63139721 0.43137255 0.43137255 0.43137255
v -8047.63139721 -900.00000000 27.50000000 0.43137255 0.43137255 0.43137255
v -8047.63139721 -1200.00000000 27.50000000 0.43137255 0.43137255 0.43137255
v -8055.00000000 -900.00000000 0.00000000 0.43137255 0.43137255 0.43137255
v -8055.00000000 -1200.00000000 0.00000000 0.43137255 0.43137255 0.43137255
v -8047.63139721 -900.00000000 -27.50000000 0.43137255 0.43137255 0.43137255
v -8047.63139721 -1200.00000000 -27.50000000 0.43137255 0.43137255 0.43137255
v -8027.50000000 -900.00000000 -47.63139721 0.43137255 0.43137255 0.43137255
v -8027.50000000 -1200.00000000 -47.63139721 0.43137255 0.43137255 0.43137255
v -8000.00000000 -450.00000000 -779.42286341 0.43137255 0.43137255 0.43137255
v -8047.63139721 -426.18430140 -793.17286341 0.43137255 0.43137255 0.43137255
v -8047.63139721 -576.18430140 -1052.98048454 0.43137255 0.43137255 0.43137255
v -8000.00000000 -600.00000000 -1039.23048454 0.43137255 0.43137255 0.43137255
v -8027.50000000 -408.75000000 -803.23856201 0.43137255 0.43137255 0.43137255
v -8027.50000000 -558.75000000 -1063.04618315 0.43137255 0.43137255 0.43137255
v -8000.00000000 -402.36860279 -806.92286341 0.43137255 0.43137255 0.43137255
v -8000.00000000 -552.36860279 -1066.73048454 0.43137255 0.43137255 0.43137255
v -7972.50000000 -408.75000000 -803.23856201 0.43137255 0.43137255 0.43137255
v -7972.50000000 -558.75000000 -1063.04618315 0.43137255 0.43137255 0.43137255
v -7952.36860279 -426.18430140 -793.17286341 0.43137255 0.43137255 0.43137255
v -7952.36860279 -576.18430140 -1052.98048454 0.43137255 0.43137255 0.43137255
v -7945.00000000 -450.00000000 -779.42286341 0.43137255 0.43137255 0.43137255
v -7945.00000000 -600.00000000 -1039.23048454 0.43137255 0.43137255 0.43137255
v -7952.36860279 -473.81569860 -765.67286341 0.43137255 0.43137255 0.43137255
v -7952.36860279 -623.81569860 -1025.48048454 0.43137255 0.43137255 0.43137255
v -7972.50000000 -491.25000000 -755.60716480 0.43137255 0.43137255 0.43137255
v -7972.50000000 -641.25000000 -1015.41478594 0.43137255 0.43137255 0.43137255
v -8000.00000000 -497.63139721 -751.92286341 0.43137255 0.43137255 0.43137255
v -8000.00000000 -647.63139721 -1011.73048454 0.43137255 0.43137255 0.43137255
v -8027.50000000 -491.25000000 -755.60716480 0.43137255 0.43137255 0.43137255
v -8027.50000000 -641.25000000 -1015.41478594 0.43137255 0.43137255 0.43137255
v -8047.63139721 -473.81569860 -765.67286341 0.43137255 0.43137255 0.43137255
v -8047.63139721 -623.81569860 -1025.48048454 0.43137255 0.43137255 0.43137255
v -8055.00000000 -450.00000000 -779.42286341 0.43137255 0.43137255 0.43137255
v -8055.00000000 -600.00000000 -1039.23048454 0.43137255 0.43137255 0.43137255
v -8000.00000000 450.00000000 -779.42286341 0.43137255 0.43137255 0.43137255
v -8047.63139721 426.18430140 -793.17286341 0.43137255 0.43137255 0.43137255
v -8047.63139721 576.18430140 -1052.98048454 0.43137255 0.43137255 0.43137255
v -8000.00000000 600.00000000 -1039.23048454 0.43137255 0.43137255 0.43137255
v -8055.00000000 450.00000000 -779.42286341 0.43137255 0.43137255 0.43137255
v -8055.00000000 600.00000000 -1039.23048454 0.43137255 0.43137255 0.43137255
v -8047.63139721 473.81569860 -765.67286341 0.43137255 0.43137255 0.43137255
v -8047.63139721 623.81569860 -1025.48048454 0.43137255 0.43137255 0.43137255
v -8027.50000000 491.25000000 -755.60716480 0.43137255 0.43137255 0.43137255
v -8027.50000000 641.25000000 -1015.41478594 0.43137255 0.43137255 0.43137255
v -8000.00000000 497.63139721 -751.92286341 0.43137255 0.43137255 0.43137255
v -8000.00000000 647.63139721 -1011.73048454 0.43137255 0.43137255 0.43137255
v -7972.50000000 491.25000000 -755.60716480 0.43137255 0.43137255 0.43137255
v -7972.50000000 641.25000000 -1015.41478594 0.43137255 0.43137255 0.43137255
v -7952.36860279 473.81569860 -765.67286341 0.43137255 0.43137255 0.43137255
v -7952.36860279 623.81569860 -1025.48048454 0.43137255 0.43137255 0.43137255
v -7945.00000000 450.00000000 -779.42286341 0.43137255 0.43137255 0.43137255
v -7945.00000000 600.00000000 -1039.23048454 0.43137255 0.43137255 0.43137255
v -7952.36860279 426.18430140 -793.17286341 0.43137255 0.43137255 0.43137255
v -7952.36860279 576.18430140 -1052.98048454 0.43137255 0.43137255 0.43137255
v -7972.50000000 408.75000000 -803.23856201 0.43137255 0.43137255 0.43137255
v -7972.50000000 558.75000000 -1063.04618315 0.43137255 0.43137255 0.43137255
v -8000.00000000 402.36860279 -806.92286341 0.43137255 0.43137255 0.43137255
v -8000.00000000 552.36860279 -1066.73048454 0.43137255 0.43137255 0.43137255
v -8027.50000000 408.75000000 -803.23856201 0.43137255 0.43137255 0.43137255
v -8027.50000000 558.75000000 -1063.04618315 0.43137255 0.43137255 0.43137255
v -2500.00000000 900.00000000 0.00000000 0.43137255 0.43137255 0.43137255
v -2500.00000000 900.00000000 -55.00000000 0.43137255 0.43137255 0.43137255
v -2500.00000000 1200.00000000 -55.00000000 0.43137255 0.43137255 0.43137255
v -2500.00000000 1200.00000000 0.00000000 0.43137255 0.43137255 0.43137255
v -2527.50000000 900.00000000 -47.63139721 0.43137255 0.43137255 0.43137255
v -2527.50000000 1200.00000000 -47.63139721 0.43137255 0.43137255 0.43137255
v -2547.63139721 900.00000000 -27.50000000 0.43137255 0.43137255 0.43137255
v -2547.63139721 1200.00000000 -27.50000000 0.43137255 0.43137255 0.43137255
v -2555.00000000 900.00000000 -0.00000000 0.43137255 0.43137255 0.43137255
v -2555.00000000 1200.00000000 -0.00000000 0.43137255 0.43137255 0.43137255
v -2547.63139721 900.00000000 27.50000000 0.43137255 0.43137255 0.43137255
v -2547.63139721 1200.00000000 27.50000000 0.43137255 0.43137255 0.43137255
v -2527.50000000 900.00000000 47.63139721 0.43137255 0.43137255 0.43137255
v -2527.50000000 1200.00000000 47.63139721 0.43137255 0.43137255 0.43137255
v -2500.00000000 900.00000000 55.00000000 0.43137255 0.43137255 0.43137255
v -2500.00000000 1200.00000000 55.00000000 0.43137255 0.43137255 0.43137255
v -2472.50000000 900.00000000 47.63139721 0.43137255 0.43137255 0.43137255
v -2472.50000000 1200.00000000 47.63139721 0.43137255 0.43137255 0.43137255
v -2452.36860279 900.00000000 27.50000000 0.43137255 0.43137255 0.43137255
v -2452.36860279 1200.00000000 27.50000000 0.43137255 0.43137255 0.43137255
v -2445.00000000 900.00000000 0.00000000 0.43137255 0.43137255 0.43137255
v -2445.00000000 1200.00000000 0.00000000 0.43137255 0.43137255 0.43137255
v -2452.36860279 900.00000000 -27.50000000 0.43137255 0.43137255 0.43137255
v -2452.36860279 1200.00000000 -27.50000000 0.43137255 0.43137255 0.43137255
v -2472.50000000 900.00000000 -47.63139721 0.43137255 0.43137255 0.43137255
v -2472.50000000 1200.00000000 -47.63139721 0.43137255 0.43137255 0.43137255
v -2500.00000000 450.00000000 779.42286341 0.43137255 0.43137255 0.43137255
v -2452.36860279 473.81569860 765.67286341 0.43137255 0.43137255 0.43137255
v -2452.36860279 623.81569860 1025.48048454 0.43137255 0.43137255 0.43137255
v -2500.00000000 600.00000000 1039.23048454 0.43137255 0.43137255 0.43137255
v -2472.50000000 491.25000000 755.60716480 0.43137255 0.43137255 0.43137255
v -2472.50000000 641.25000000 1015.41478594 0.43137255 0.43137255 0.43137255
v -2500.00000000 497.63139721 751.92286341 0.43137255 0.43137255 0.43137255
v -2500.00000000 647.63139721 1011.73048454 0.43137255 0.43137255 0.43137255
v -2527.50000000 491.25000000 755.60716480 0.43137255 0.43137255 0.43137255
v -2527.50000000 641.25000000 1015.41478594 0.43137255 0.43137255 0.43137255
v -2547.63139721 473.81569860 765.67286341 0.43137255 0.43137255 0.43137255
v -2547.63139721 623.81569860 1025.48048454 0.43137255 0.43137255 0.43137255
v -2555.00000000 450.00000000 779.42286341 0.43137255 0.43137255 0.43137255
v -2555.00000000 600.00000000 1039.23048454 0.43137255 0.43137255 0.43137255
v -2547.63139721 426.18430140 793.17286341 0.43137255 0.43137255 0.43137255
v -2547.63139721 576.18430140 1052.98048454 0.43137255 0.43137255 0.43137255
v -2527.50000000 408.75000000 803.23856201 0.43137255 0.43137255 0.43137255
v -2527.50000000 558.75000000 1063.04618315 0.43137255 0.43137255 0.43137255
v -2500.00000000 402.36860279 806.92286341 0.43137255 0.43137255 0.43137255
v -2500.00000000 552.36860279 1066.73048454 0.43137255 0.43137255 0.43137255
v -2472.50000000 408.75000000 803.23856201 0.43137255 0.43137255 0.43137255
v -2472.50000000 558.75000000 1063.04618315 0.43137255 0.43137255 0.43137255
v -2452.36860279 426.18430140 793.17286341 0.43137255 0.43137255 0.43137255
v -2452.36860279 576.18430140 1052.98048454 0.43137255 0.43137255 0.43137255
v -2445.00000000 450.00000000 779.42286341 0.43137255 0.43137255 0.43137255
v -2445.00000000 600.00000000 1039.23048454 0.43137255 0.43137255 0.43137255
v -2500.00000000 -450.00000000 779.42286341 0.43137255 0.43137255 0.43137255
v -2452.36860279 -473.81569860 765.67286341 0.43137255 0.43137255 0.43137255
v -2452.36860279 -623.81569860 1025.48048454 0.43137255 0.43137255 0.43137255
v -2500.00000000 -600.00000000 1039.23048454 0.43137255 0.43137255 0.43137255
v -2445.00000000 -450.00000000 779.42286341 0.43137255 0.43137255 0.43137255
v -2445.00000000 -600.00000000 1039.23048454 0.43137255 0.43137255 0.43137255
v -2452.36860279 -426.18430140 793.17286341 0.43137255 0.43137255 0.43137255
v -2452.36860279 -576.18430140 1052.98048454 0.43137255 0.43137255 0.43137255
v -2472.50000000 -408.75000000 803.23856201 0.43137255 0.43137255 0.43137255
v -2472.50000000 -558.75000000 1063.04618315 0.43137255 0.43137255 0.43137255
v -2500.00000000 -402.36860279 806.92286341 0.43137255 0.43137255 0.43137255
v -2500.00000000 -552.36860279 1066.73048454 0.43137255 0.43137255 0.43137255
v -2527.50000000 -408.75000000 803.23856201 0.43137255 0.43137255 0.43137255
v -2527.50000000 -558.75000000 1063.04618315 0.43137255 0.43137255 0.43137255
v -2547.63139721 -426.18430140 793.17286341 0.43137255 0.43137255 0.43137255
v -2547.63139721 -576.18430140 1052.98048454 0.43137255 0.43137255 0.43137255
v -2555.00000000 -450.00000000 779.42286341 0.43137255 0.43137255 0.43137255
v -2555.00000000 -600.00000000 1039.23048454 0.43137255 0.43137255 0.43137255
v -2547.63139721 -473.81569860 765.67286341 0.43137255 0.43137255 0.43137255
v -2547.63139721 -623.81569860 1025.48048454 0.43137255 0.43137255 0.43137255
v -2527.50000000 -491.25000000 755.60716480 0.43137255 0.43137255 0.43137255
v -2527.50000000 -641.25000000 1015.41478594 0.43137255 0.43137255 0.43137255
v -2500.00000000 -497.63139721 751.92286341 0.43137255 0.43137255 0.43137255
v -2500.00000000 -647.63139721 1011.73048454 0.43137255 0.43137255 0.43137255
v -2472.50000000 -491.25000000 755.60716480 0.43137255 0.43137255 0.43137255
v -2472.50000000 -641.25000000 1015.41478594 0.43137255 0.43137255 0.43137255
v -2500.00000000 -900.00000000 0.00000000 0.43137255 0.43137255 0.43137255
v -2500.00000000 -900.00000000 -55.00000000 0.43137255 0.43137255 0.43137255
v -2500.00000000 -1200.00000000 -55.00000000 0.43137255 0.43137255 0.43137255
v -2500.00000000 -1200.00000000 0.00000000 0.43137255 0.43137255 0.43137255
v -2472.50000000 -900.00000000 -47.63139721 0.43137255 0.43137255 0.43137255
v -2472.50000000 -1200.00000000 -47.63139721 0.43137255 0.43137255 0.43137255
v -2452.36860279 -900.00000000 -27.50000000 0.43137255 0.43137255 0.43137255
v -2452.36860279 -1200.00000000 -27.50000000 0.43137255 0.43137255 0.43137255
v -2445.00000000 -900.00000000 0.00000000 0.43137255 0.43137255 0.43137255
v -2445.00000000 -1200.00000000 0.00000000 0.43137255 0.43137255 0.43137255
v -2452.36860279 -900.00000000 27.50000000 0.43137255 0.43137255 0.43137255
v -2452.36860279 -1200.00000000 27.50000000 0.43137255 0.43137255 0.43137255
v -2472.50000000 -900.00000000 47.63139721 0.43137255 0.43137255 0.43137255
v -2472.50000000 -1200.00000000 47.63139721 0.43137255 0.43137255 0.43137255
v -2500.00000000 -900.00000000 55.00000000 0.43137255 0.43137255 0.43137255
v -2500.00000000 -1200.00000000 55.00000000 0.43137255 0.43137255 0.43137255
v -2527.50000000 -900.00000000 47.63139721 0.43137255 0.43137255 0.43137255
v -2527.50000000 -1200.00000000 47.63139721 0.43137255 0.43137255 0.43137255
v -2547.63139721 -900.00000000 27.50000000 0.43137255 0.43137255 0.43137255
v -2547.63139721 -1200.00000000 27.50000000 0.43137255 0.43137255 0.43137255
v -2555.00000000 -900.00000000 0.00000000 0.43137255 0.43137255 0.43137255
v -2555.00000000 -1200.00000000 0.00000000 0.43137255 0.43137255 0.43137255
v -2547.63139721 -900.00000000 -27.50000000 0.43137255 0.43137255 0.43137255
v -2547.63139721 -1200.00000000 -27.50000000 0.43137255 0.43137255 0.43137255
v -2527.50000000 -900.00000000 -47.63139721 0.43137255 0.43137255 0.43137255
v -2527.50000000 -1200.00000000 -47.63139721 0.43137255 0.43137255 0.43137255
v -2500.00000000 -450.00000000 -779.42286341 0.43137255 0.43137255 0.43137255
v -2547.63139721 -426.18430140 -793.17286341 0.43137255 0.43137255 0.43137255
v -2547.63139721 -576.18430140 -1052.98048454 0.43137255 0.43137255 0.43137255
v -2500.00000000 -600.00000000 -1039.23048454 0.43137255 0.43137255 0.43137255
v -2527.50000000 -408.75000000 -803.23856201 0.43137255 0.43137255 0.43137255
v -2527.50000000 -558.75000000 -1063.04618315 0.43137255 0.43137255 0.43137255
v -2500.00000000 -402.36860279 -806.92286341 0.43137255 0.43137255 0.43137255
v -2500.00000000 -552.36860279 -1066.73048454 0.43137255 0.43137255 0.43137255
v -2472.50000000 -408.75000000 -803.23856201 0.43137255 0.43137255 0.43137255
v -2472.50000000 -558.75000000 -1063.04618315 0.43137255 0.43137255 0.43137255
v -2452.36860279 -426.18430140 -793.17286341 0.43137255 0.43137255 0.43137255
v -2452.36860279 -576.18430140 -1052.98048454 0.43137255 0.43137255 0.43137255
v -2445.00000000 -450.00000000 -779.42286341 0.43137255 0.43137255 0.43137255
v -2445.00000000 -600.00000000 -1039.23048454 0.43137255 0.43137255 0.43137255
v -2452.36860279 -473.81569860 -765.67286341 0.43137255 0.43137255 0.43137255
v -2452.36860279 -623.81569860 -1025.48048454 0.43137255 0.43137255 0.43137255
v -2472.50000000 -491.25000000 -755.60716480 0.43137255 0.43137255 0.43137255
v -2472.50000000 -641.25000000 -1015.41478594 0.43137255 0.43137255 0.43137255
v -2500.00000000 -497.63139721 -751.92286341 0.43137255 0.43137255 0.43137255
v -2500.00000000 -647.63139721 -1011.73048454 0.43137255 0.43137255 0.43137255
v -2527.50000000 -491.25000000 -755.60716480 0.43137255 0.43137255 0.43137255
v -2527.50000000 -641.25000000 -1015.41478594 0.43137255 0.43137255 0.43137255
v -2547.63139721 -473.81569860 -765.67286341 0.43137255 0.43137255 0.43137255
v -2547.63139721 -623.81569860 -1025.48048454 0.43137255 0.43137255 0.43137255
v -2555.00000000 -450.00000000 -779.42286341 0.43137255 0.43137255 0.43137255
v -2555.00000000 -600.00000000 -1039.23048454 0.43137255 0.43137255 0.43137255
v -2500.00000000 450.00000000 -779.42286341 0.43137255 0.43137255 0.43137255
v -2547.63139721 426.18430140 -793.17286341 0.43137255 0.43137255 0.43137255
v -2547.63139721 576.18430140 -1052.98048454 0.43137255 0.43137255 0.43137255
v -2500.00000000 600.00000000 -1039.23048454 0.43137255 0.43137255 0.43137255
v -2555.00000000 450.00000000 -779.42286341 0.43137255 0.43137255 0.43137255
v -2555.00000000 600.00000000 -1039.23048454 0.43137255 0.43137255 0.43137255
v -2547.63139721 473.81569860 -765.67286341 0.43137255 0.43137255 0.43137255
v -2547.63139721 623.81569860 -1025.48048454 0.43137255 0.43137255 0.43137255
v -2527.50000000 491.25000000 -755.60716480 0.43137255 0.43137255 0.43137255
v -2527.50000000 641.25000000 -1015.41478594 0.43137255 0.43137255 0.43137255
v -2500.00000000 497.63139721 -751.92286341 0.43137255 0.43137255 0.43137255
v -2500.00000000 647.63139721 -1011.73048454 0.43137255 0.43137255 0.43137255
v -2472.50000000 491.25000000 -755.60716480 0.43137255 0.43137255 0.43137255
v -2472.50000000 641.25000000 -1015.41478594 0.43137255 0.43137255 0.43137255
v -2452.36860279 473.81569860 -765.67286341 0.43137255 0.43137255 0.43137255
v -2452.36860279 623.81569860 -1025.48048454 0.43137255 0.43137255 0.43137255
v -2445.00000000 450.00000000 -779.42286341 0.43137255 0.43137255 0.43137255
v -2445.00000000 600.00000000 -1039.23048454 0.43137255 0.43137255 0.43137255
v -2452.36860279 426.18430140 -793.17286341 0.43137255 0.43137255 0.43137255
v -2452.36860279 576.18430140 -1052.98048454 0.43137255 0.43137255 0.43137255
v -2472.50000000 408.75000000 -803.23856201 0.43137255 0.43137255 0.43137255
v -2472.50000000 558.75000000 -1063.04618315 0.43137255 0.43137255 0.43137255
v -2500.00000000 402.36860279 -806.92286341 0.43137255 0.43137255 0.43137255
v -2500.00000000 552.36860279 -1066.73048454 0.43137255 0.43137255 0.43137255
v -2527.50000000 408.75000000 -803.23856201 0.43137255 0.43137255 0.43137255
v -2527.50000000 558.75000000 -1063.04618315 0.43137255 0.43137255 0.43137255
v 2500.00000000 900.00000000 0.00000000 0.43137255 0.43137255 0.43137255
v 2500.00000000 900.00000000 -55.00000000 0.43137255 0.43137255 0.43137255
v 2500.00000000 1200.00000000 -55.00000000 0.43137255 0.43137255 0.43137255
v 2500.00000000 1200.00000000 0.00000000 0.43137255 0.43137255 0.43137255
v 2472.50000000 900.00000000 -47.63139721 0.43137255 0.43137255 0.43137255
v 2472.50000000 1200.00000000 -47.63139721 0.43137255 0.43137255 0.43137255
v 2452.36860279 900.00000000 -27.50000000 0.43137255 0.43137255 0.43137255
v 2452.36860279 1200.00000000 -27.50000000 0.43137255 0.43137255 0.43137255
v 2445.00000000 900.00000000 -0.00000000 0.43137255 0.43137255 0.43137255
v 2445.00000000 1200.00000000 -0.00000000 0.43137255 0.43137255 0.43137255
v 2452.36860279 900.00000000 27.50000000 0.43137255 0.43137255 0.43137255
v 2452.36860279 1200.00000000 27.50000000 0.43137255 0.43137255 0.43137255
v 2472.50000000 900.00000000 47.63139721 0.43137255 0.43137255 0.43137255
v 2472.50000000 1200.00000000 47.63139721 0.43137255 0.43137255 0.43137255
v 2500.00000000 900.00000000 55.00000000 0.43137255 0.43137255 0.43137255
v 2500.00000000 1200.00000000 55.00000000 0.43137255 0.43137255 0.43137255
v 2527.50000000 900.00000000 47.63139721 0.43137255 0.43137255 0.43137255
v 2527.50000000 1200.00000000 47.63139721 0.43137255 0.43137255 0.43137255
v 2547.63139721 900.00000000 27.50000000 0.43137255 0.43137255 0.43137255
v 2547.63139721 1200.00000000 27.50000000 0.43137255 0.43137255 0.43137255
v 2555.00000000 900.00000000 0.00000000 0.43137255 0.43137255 0.43137255
v 2555.00000000 1200.00000000 0.00000000 0.43137255 0.43137255 0.43137255
v 2547.63139721 900.00000000 -27.50000000 0.43137255 0.43137255 0.43137255
v 2547.63139721 1200.00000000 -27.50000000 0.43137255 0.43137255 0.43137255
v 2527.50000000 900.00000000 -47.63139721 0.43137255 0.43137255 0.43137255
v 2527.50000000 1200.00000000 -47.63139721 0.43137255 0.43137255 0.43137255
v 2500.00000000 450.00000000 779.42286341 0.43137255 0.43137255 0.43137255
v 2547.63139721 473.81569860 765.67286341 0.43137255 0.43137255 0.43137255
v 2547.63139721 623.81569860 1025.48048454 0.43137255 0.43137255 0.43137255
v 2500.00000000 600.00000000 1039.23048454 0.43137255 0.43137255 0.43137255
v 2527.50000000 491.25000000 755.60716480 0.43137255 0.43137255 0.43137255
v 2527.50000000 641.25000000 1015.41478594 0.43137255 0.43137255 0.43137255
v 2500.00000000 497.63139721 751.92286341 0.43137255 0.43137255 0.43137255
v 2500.00000000 647.63139721 1011.73048454 0.43137255 0.43137255 0.43137255
v 2472.50000000 491.25000000 755.60716480 0.43137255 0.43137255 0.43137255
v 2472.50000000 641.25000000 1015.41478594 0.43137255 0.43137255 0.43137255
v 2452.36860279 473.81569860 765.67286341 0.43137255 0.43137255 0.43137255
v 2452.36860279 623.81569860 1025.48048454 0.43137255 0.43137255 0.43137255
v 2445.00000000 450.00000000 779.42286341 0.43137255 0.43137255 0.43137255
v 2445.00000000 600.00000000 1039.23048454 0.43137255 0.43137255 0.43137255
v 2452.36860279 426.18430140 793.17286341 0.43137255 0.43137255 0.43137255
v 2452.36860279 576.18430140 1052.98048454 0.43137255 0.43137255 0.43137255
v 2472.50000000 408.75000000 803.23856201 0.43137255 0.43137255 0.43137255
v 2472.50000000 558.75000000 1063.04618315 0.43137255 0.43137255 0.43137255
v 2500.00000000 402.36860279 806.92286341 0.43137255 0.43137255 0.43137255
v 2500.00000000 552.36860279 1066.73048454 0.43137255 0.43137255 0.43137255
v 2527.50000000 408.75000000 803.23856201 0.43137255 0.43137255 0.43137255
v 2527.50000000 558.75000000 1063.04618315 0.43137255 0.43137255 0.43137255
v 2547.63139721 426.18430140 793.17286341 0.43137255 0.43137255 0.43137255
v 2547.63139721 576.18430140 1052.98048454 0.43137255 0.43137255 0.43137255
v 2555.00000000 450.00000000 779.42286341 0.43137255 0.43137255 0.43137255
v 2555.00000000 600.00000000 1039.23048454 0.43137255 0.43137255 0.43137255
v 2500.00000000 -450.00000000 779.42286341 0.43137255 0.43137255 0.43137255
v 2547.63139721 -473.81569860 765.67286341 0.43137255 0.43137255 0.43137255
v 2547.63139721 -623.81569860 1025.48048454 0.43137255 0.43137255 0.43137255
v 2500.00000000 -600.00000000 1039.23048454 0.43137255 0.43137255 0.43137255
v 2555.00000000 -450.00000000 779.42286341 0.43137255 0.43137255 0.43137255
v 2555.00000000 -600.00000000 1039.23048454 0.43137255 0.43137255 0.43137255
v 2547.63139721 -426.18430140 793.17286341 0.43137255 0.43137255 0.43137255
v 2547.63139721 -576.18430140 1052.98048454 0.43137255 0.43137255 0.43137255
v 2527.50000000 -408.75000000 803.23856201 0.43137255 0.43137255 0.43137255
v 2527.50000000 -558.75000000 1063.04618315 0.43137255 0.43137255 0.43137255
v 2500.00000000 -402.36860279 806.92286341 0.43137255 0.43137255 0.43137255
v 2500.00000000 -552.36860279 1066.73048454 0.43137255 0.43137255 0.43137255
v 2472.50000000 -408.75000000 803.23856201 0.43137255 0.43137255 0.43137255
v 2472.50000000 -558.75000000 1063.04618315 0.43137255 0.43137255 0.43137255
v 2452.36860279 -426.18430140 793.17286341 0.43137255 0.43137255 0.43137255
v 2452.36860279 -576.18430140 1052.98048454 0.43137255 0.43137255 0.43137255
v 2445.00000000 -450.00000000 779.42286341 0.43137255 0.43137255 0.43137255
v 2445.00000000 -600.00000000 1039.23048454 0.43137255 0.43137255 0.43137255
v 2452.36860279 -473.81569860 765.67286341 0.43137255 0.43137255 0.43137255
v 2452.36860279 -623.81569860 1025.48048454 0.43137255 0.43137255 0.43137255
v 2472.50000000 -491.25000000 755.60716480 0.43137255 0.43137255 0.43137255
v 2472.50000000 -641.25000000 1015.41478594 0.43137255 0.43137255 0.43137255
v 2500.00000000 -497.63139721 751.92286341 0.43137255 0.43137255 0.43137255
v 2500.00000000 -647.63139721 1011.73048454 0.43137255 0.43137255 0.43137255
v 2527.50000000 -491.25000000 755.60716480 0.43137255 0.43137255 0.43137255
v 2527.50000000 -641.25000000 1015.41478594 0.43137255 0.43137255 0.43137255
v 2500.00000000 -900.00000000 0.00000000 0.43137255 0.43137255 0.43137255
v 2500.00000000 -900.00000000 -55.00000000 0.43137255 0.43137255 0.43137255
v 2500.00000000 -1200.00000000 -55.00000000 0.43137255 0.43137255 0.43137255
v 2500.00000000 -1200.00000000 0.00000000 0.43137255 0.43137255 0.43137255
v 2527.50000000 -900.00000000 -47.63139721 0.43137255 0.43137255 0.43137255
v 2527.50000000 -1200.00000000 -47.63139721 0.43137255 0.43137255 0.43137255
v 2547.63139721 -900.00000000 -27.50000000 0.43137255 0.43137255 0.43137255
v 2547.63139721 -1200.00000000 -27.50000000 0.43137255 0.43137255 0.43137255
v 2555.00000000 -900.00000000 0.00000000 0.43137255 0.43137255 0.43137255
v 2555.00000000 -1200.00000000 0.00000000 0.43137255 0.43137255 0.43137255
v 2547.63139721 -900.00000000 27.50000000 0.43137255 0.43137255 0.43137255
v 2547.63139721 -1200.00000000 27.50000000 0.43137255 0.43137255 0.43137255
v 2527.50000000 -900.00000000 47.63139721 0.43137255 0.43137255 0.43137255
v 2527.50000000 -1200.00000000 47.63139721 0.43137255 0.43137255 0.43137255
v 2500.00000000 -900.00000000 55.00000000 0.43137255 0.43137255 0.43137255
v 2500.00000000 -1200.00000000 55.00000000 0.43137255 0.43137255 0.43137255
v 2472.50000000 -900.00000000 47.63139721 0.43137255 0.43137255 0.43137255
v 2472.50000000 -1200.00000000 47.63139721 0.43137255 0.43137255 0.43137255
v 2452.36860279 -900.00000000 27.50000000 0.43137255 0.43137255 0.43137255
v 2452.36860279 -1200.00000000 27.50000000 0.43137255 0.43137255 0.43137255
v 2445.00000000 -900.00000000 0.00000000 0.43137255 0.43137255 0.43137255
v 2445.00000000 -1200.00000000 0.00000000 0.43137255 0.43137255 0.43137255
v 2452.36860279 -900.00000000 -27.50000000 0.43137255 0.43137255 0.43137255
v 2452.36860279 -1200.00000000 -27.50000000 0.43137255 0.43137255 0.43137255
v 2472.50000000 -900.00000000 -47.63139721 0.43137255 0.43137255 0.43137255
v 2472.50000000 -1200.00000000 -47.63139721 0.43137255 0.43137255 0.43137255
v 2500.00000000 -450.00000000 -779.42286341 0.43137255 0.43137255 0.43137255
v 2452.36860279 -426.18430140 -793.17286341 0.43137255 0.43137255 0.43137255
v 2452.36860279 -576.18430140 -1052.98048454 0.43137255 0.43137255 0.43137255
v 2500.00000000 -600.00000000 -1039.23048454 0.43137255 0.43137255 0.43137255
v 2472.50000000 -408.75000000 -803.23856201 0.43137255 0.43137255 0.43137255
v 2472.50000000 -558.75000000 -1063.04618315 0.43137255 0.43137255 0.43137255
v 2500.00000000 -402.36860279 -806.92286341 0.43137255 0.43137255 0.43137255
v 2500.00000000 -552.36860279 -1066.73048454 0.43137255 0.43137255 0.43137255
v 2527.50000000 -408.75000000 -803.23856201 0.43137255 0.43137255 0.43137255
v 2527.50000000 -558.75000000 -1063.04618315 0.43137255 0.43137255 0.43137255
v 2547.63139721 -426.18430140 -793.17286341 0.43137255 0.43137255 0.43137255
v 2547.63139721 -576.18430140 -1052.98048454 0.43137255 0.43137255 0.43137255
v 2555.00000000 -450.00000000 -779.42286341 0.43137255 0.43137255 0.43137255
v 2555.00000000 -600.00000000 -1039.23048454 0.43137255 0.43137255 0.43137255
v 2547.63139721 -473.81569860 -765.67286341 0.43137255 0.43137255 0.43137255
v 2547.63139721 -623.81569860 -1025.48048454 0.43137255 0.43137255 0.43137255
v 2527.50000000 -491.25000000 -755.60716480 0.43137255 0.43137255 0.43137255
v 2527.50000000 -641.25000000 -1015.41478594 0.43137255 0.43137255 0.43137255
v 2500.00000000 -497.63139721 -751.92286341 0.43137255 0.43137255 0.43137255
v 2500.00000000 -647.63139721 -1011.73048454 0.43137255 0.43137255 0.43137255
v 2472.50000000 -491.25000000 -755.60716480 0.43137255 0.43137255 0.43137255
v 2472.50000000 -641.25000000 -1015.41478594 0.43137255 0.43137255 0.43137255
v 2452.36860279 -473.81569860 -765.67286341 0.43137255 0.43137255 0.43137255
v 2452.36860279 -623.81569860 -1025.48048454 0.43137255 0.43137255 0.43137255
v 2445.00000000 -450.00000000 -779.42286341 0.43137255 0.43137255 0.43137255
v 2445.00000000 -600.00000000 -1039.23048454 0.43137255 0.43137255 0.43137255
v 2500.00000000 450.00000000 -779.42286341 0.43137255 0.43137255 0.43137255
v 2452.36860279 426.18430140 -793.17286341 0.43137255 0.43137255 0.43137255
v 2452.36860279 576.18430140 -1052.98048454 0.43137255 0.43137255 0.43137255
v 2500.00000000 600.00000000 -1039.23048454 0.43137255 0.43137255 0.43137255
v 2445.00000000 450.00000000 -779.42286341 0.43137255 0.43137255 0.43137255
v 2445.00000000 600.00000000 -1039.23048454 0.43137255 0.43137255 0.43137255
v 2452.36860279 473.81569860 -765.67286341 0.43137255 0.43137255 0.43137255
v 2452.36860279 623.81569860 -1025.48048454 0.43137255 0.43137255 0.43137255
v 2472.50000000 491.25000000 -755.60716480 0.43137255 0.43137255 0.43137255
v 2472.50000000 641.25000000 -1015.41478594 0.43137255 0.43137255 0.43137255
v 2500.00000000 497.63139721 -751.92286341 0.43137255 0.43137255 0.43137255
v 2500.00000000 647.63139721 -1011.73048454 0.43137255 0.43137255 0.43137255
v 2527.50000000 491.25000000 -755.60716480 0.43137255 0.43137255 0.43137255
v 2527.50000000 641.25000000 -1015.41478594 0.43137255 0.43137255 0.43137255
v 2547.63139721 473.81569860 -765.67286341 0.43137255 0.43137255 0.43137255
v 2547.63139721 623.81569860 -1025.48048454 0.43137255 0.43137255 0.43137255
v 2555.00000000 450.00000000 -779.42286341 0.43137255 0.43137255 0.43137255
v 2555.00000000 600.00000000 -1039.23048454 0.43137255 0.43137255 0.43137255
v 2547.63139721 426.18430140 -793.17286341 0.43137255 0.43137255 0.43137255
v 2547.63139721 576.18430140 -1052.98048454 0.43137255 0.43137255 0.43137255
v 2527.50000000 408.75000000 -803.23856201 0.43137255 0.43137255 0.43137255
v 2527.50000000 558.75000000 -1063.04618315 0.43137255 0.43137255 0.43137255
v 2500.00000000 402.36860279 -806.92286341 0.43137255 0.43137255 0.43137255
v 2500.00000000 552.36860279 -1066.73048454 0.43137255 0.43137255 0.43137255
v 2472.50000000 408.75000000 -803.23856201 0.43137255 0.43137255 0.43137255
v 2472.50000000 558.75000000 -1063.04618315 0.43137255 0.43137255 0.43137255
v 9000.00000000 900.00000000 0.00000000 0.43137255 0.43137255 0.43137255
v 9000.00000000 900.00000000 -55.00000000 0.43137255 0.43137255 0.43137255
v 9000.00000000 1200.00000000 -55.00000000 0.43137255 0.43137255 0.43137255
v 9000.00000000 1200.00000000 0.00000000 0.43137255 0.43137255 0.43137255
v 8972.50000000 900.00000000 -47.63139721 0.43137255 0.43137255 0.43137255
v 8972.50000000 1200.00000000 -47.63139721 0.43137255 0.43137255 0.43137255
v 8952.36860279 900.00000000 -27.50000000 0.43137255 0.43137255 0.43137255
v 8952.36860279 1200.00000000 -27.50000000 0.43137255 0.43137255 0.43137255
v 8945.00000000 900.00000000 -0.00000000 0.43137255 0.43137255 0.43137255
v 8945.00000000 1200.00000000 -0.00000000 0.43137255 0.43137255 0.43137255
v 8952.36860279 900.00000000 27.50000000 0.43137255 0.43137255 0.43137255
v 8952.36860279 1200.00000000 27.50000000 0.43137255 0.43137255 0.43137255
v 8972.50000000 900.00000000 47.63139721 0.43137255 0.43137255 0.43137255
v 8972.50000000 1200.00000000 47.63139721 0.43137255 0.43137255 0.43137255
v 9000.00000000 900.00000000 55.00000000 0.43137255 0.43137255 0.43137255
v 9000.00000000 1200.00000000 55.00000000 0.43137255 0.43137255 0.43137255
v 9027.50000000 900.00000000 47.63139721 0.43137255 0.43137255 0.43137255
v 9027.50000000 1200.00000000 47.63139721 0.43137255 0.43137255 0.43137255
v 9047.63139721 900.00000000 27.50000000 0.43137255 0.43137255 0.43137255
v 9047.63139721 1200.00000000 27.50000000 0.43137255 0.43137255 0.43137255
v 9055.00000000 900.00000000 0.00000000 0.43137255 0.43137255 0.43137255
v 9055.00000000 1200.00000000 0.00000000 0.43137255 0.43137255 0.43137255
v 9047.63139721 900.00000000 -27.50000000 0.43137255 0.43137255 0.43137255
v 9047.63139721 1200.00000000 -27.50000000 0.43137255 0.43137255 0.43137255
v 9027.50000000 900.00000000 -47.63139721 0.43137255 0.43137255 0.43137255
v 9027.50000000 1200.00000000 -47.63139721 0.43137255 0.43137255 0.43137255
v 9000.00000000 450.00000000 779.42286341 0.43137255 0.43137255 0.43137255
v 9047.63139721 473.81569860 765.67286341 0.43137255 0.43137255 0.43137255
v 9047.63139721 623.81569860 1025.48048454 0.43137255 0.43137255 0.43137255
v 9000.00000000 600.00000000 1039.23048454 0.43137255 0.43137255 0.43137255
v 9027.50000000 491.25000000 755.60716480 0.43137255 0.43137255 0.43137255
v 9027.50000000 641.25000000 1015.41478594 0.43137255 0.43137255 0.43137255
v 9000.00000000 497.63139721 751.92286341 0.43137255 0.43137255 0.43137255
v 9000.00000000 647.63139721 1011.73048454 0.43137255 0.43137255 0.43137255
v 8972.50000000 491.25000000 755.60716480 0.43137255 0.43137255 0.43137255
v 8972.50000000 641.25000000 1015.41478594 0.43137255 0.43137255 0.43137255
v 8952.36860279 473.81569860 765.67286341 0.43137255 0.43137255 0.43137255
v 8952.36860279 623.81569860 1025.48048454 0.43137255 0.43137255 0.43137255
v 8945.00000000 450.00000000 779.42286341 0.43137255 0.43137255 0.43137255
v 8945.00000000 600.00000000 1039.23048454 0.43137255 0.43137255 0.43137255
v 8952.36860279 426.18430140 793.17286341 0.43137255 0.43137255 0.43137255
v 8952.36860279 576.18430140 1052.98048454 0.43137255 0.43137255 0.43137255
v 8972.50000000 408.75000000 803.23856201 0.43137255 0.43137255 0.43137255
v 8972.50000000 558.75000000 1063.04618315 0.43137255 0.43137255 0.43137255
v 9000.00000000 402.36860279 806.92286341 0.43137255 0.43137255 0.43137255
v 9000.00000000 552.36860279 1066.73048454 0.43137255 0.43137255 0.43137255
v 9027.50000000 408.75000000 803.23856201 0.43137255 0.43137255 0.43137255
v 9027.50000000 558.75000000 1063.04618315 0.43137255 0.43137255 0.43137255
v 9047.63139721 426.18430140 793.17286341 0.43137255 0.43137255 0.43137255
v 9047.63139721 576.18430140 1052.98048454 0.43137255 0.43137255 0.43137255
v 9055.00000000 450.00000000 779.42286341 0.43137255 0.43137255 0.43137255
v 9055.00000000 600.00000000 1039.23048454 0.43137255 0.43137255 0.43137255
v 9000.00000000 -450.00000000 779.42286341 0.43137255 0.43137255 0.43137255
v 9047.63139721 -473.81569860 765.67286341 0.43137255 0.43137255 0.43137255
v 9047.63139721 -623.81569860 1025.48048454 0.43137255 0.43137255 0.43137255
v 9000.00000000 -600.00000000 1039.23048454 0.43137255 0.43137255 0.43137255
v 9055.00000000 -450.00000000 779.42286341 0.43137255 0.43137255 0.43137255
v 9055.00000000 -600.00000000 1039.23048454 0.43137255 0.43137255 0.43137255
v 9047.63139721 -426.18430140 793.17286341 0.43137255 0.43137255 0.43137255
v 9047.63139721 -576.18430140 1052.98048454 0.43137255 0.43137255 0.43137255
v 9027.50000000 -408.75000000 803.23856201 0.43137255 0.43137255 0.43137255
v 9027.50000000 -558.75000000 1063.04618315 0.43137255 0.43137255 0.43137255
v 9000.00000000 -402.36860279 806.92286341 0.43137255 0.43137255 0.43137255
v 9000.00000000 -552.36860279 1066.73048454 0.43137255 0.43137255 0.43137255
v 8972.50000000 -408.75000000 803.23856201 0.43137255 0.43137255 0.43137255
v 8972.50000000 -558.75000000 1063.04618315 0.43137255 0.43137255 0.43137255
v 8952.36860279 -426.18430140 793.17286341 0.43137255 0.43137255 0.43137255
v 8952.36860279 -576.18430140 1052.98048454 0.43137255 0.43137255 0.43137255
v 8945.00000000 -450.00000000 779.42286341 0.43137255 0.43137255 0.43137255
v 8945.00000000 -600.00000000 1039.23048454 0.43137255 0.43137255 0.43137255
v 8952.36860279 -473.81569860 765.67286341 0.43137255 0.43137255 0.43137255
v 8952.36860279 -623.81569860 1025.48048454 0.43137255 0.43137255 0.43137255
v 8972.50000000 -491.25000000 755.60716480 0.43137255 0.43137255 0.43137255
v 8972.50000000 -641.25000000 1015.41478594 0.43137255 0.43137255 0.43137255
v 9000.00000000 -497.63139721 751.92286341 0.43137255 0.43137255 0.43137255
v 9000.00000000 -647.63139721 1011.73048454 0.43137255 0.43137255 0.43137255
v 9027.50000000 -491.25000000 755.60716480 0.43137255 0.43137255 0.43137255
v 9027.50000000 -641.25000000 1015.41478594 0.43137255 0.43137255 0.43137255
v 9000.00000000 -900.00000000 0.00000000 0.43137255 0.43137255 0.43137255
v 9000.00000000 -900.00000000 -55.00000000 0.43137255 0.43137255 0.43137255
v 9000.00000000 -1200.00000000 -55.00000000 0.43137255 0.43137255 0.43137255
v 9000.00000000 -1200.00000000 0.00000000 0.43137255 0.43137255 0.43137255
v 9027.50000000 -900.00000000 -47.63139721 0.43137255 0.43137255 0.43137255
v 9027.50000000 -1200.00000000 -47.63139721 0.43137255 0.43137255 0.43137255
v 9047.63139721 -900.00000000 -27.50000000 0.43137255 0.43137255 0.43137255
v 9047.63139721 -1200.00000000 -27.50000000 0.43137255 0.43137255 0.43137255
v 9055.00000000 -900.00000000 0.00000000 0.43137255 0.43137255 0.43137255
v 9055.00000000 -1200.00000000 0.00000000 0.43137255 0.43137255 0.43137255
v 9047.63139721 -900.00000000 27.50000000 0.43137255 0.43137255 0.43137255
v 9047.63139721 -1200.00000000 27.50000000 0.43137255 0.43137255 0.43137255
v 9027.50000000 -900.00000000 47.63139721 0.43137255 0.43137255 0.43137255
v 9027.50000000 -1200.00000000 47.63139721 0.43137255 0.43137255 0.43137255
v 9000.00000000 -900.00000000 55.00000000 0.43137255 0.43137255 0.43137255
v 9000.00000000 -1200.00000000 55.00000000 0.43137255 0.43137255 0.43137255
v 8972.50000000 -900.00000000 47.63139721 0.43137255 0.43137255 0.43137255
v 8972.50000000 -1200.00000000 47.63139721 0.43137255 0.43137255 0.43137255
v 8952.36860279 -900.00000000 27.50000000 0.43137255 0.43137255 0.43137255
v 8952.36860279 -1200.00000000 27.50000000 0.43137255 0.43137255 0.43137255
v 8945.00000000 -900.00000000 0.00000000 0.43137255 0.43137255 0.43137255
v 8945.00000000 -1200.00000000 0.00000000 0.43137255 0.43137255 0.43137255
v 8952.36860279 -900.00000000 -27.50000000 0.43137255 0.43137255 0.43137255
v 8952.36860279 -1200.00000000 -27.50000000 0.43137255 0.43137255 0.43137255
v 8972.50000000 -900.00000000 -47.63139721 0.43137255 0.43137255 0.43137255
v 8972.50000000 -1200.00000000 -47.63139721 0.43137255 0.43137255 0.43137255
v 9000.00000000 -450.00000000 -779.42286341 0.43137255 0.43137255 0.43137255
v 8952.36860279 -426.18430140 -793.17286341 0.43137255 0.43137255 0.43137255
v 8952.36860279 -576.18430140 -1052.98048454 0.43137255 0.43137255 0.43137255
v 9000.00000000 -600.00000000 -1039.23048454 0.43137255 0.43137255 0.43137255
v 8972.50000000 -408.75000000 -803.23856201 0.43137255 0.43137255 0.43137255
v 8972.50000000 -558.75000000 -1063.04618315 0.43137255 0.43137255 0.43137255
v 9000.00000000 -402.36860279 -806.92286341 0.43137255 0.43137255 0.43137255
v 9000.00000000 -552.36860279 -1066.73048454 0.43137255 0.43137255 0.43137255
v 9027.50000000 -408.75000000 -803.23856201 0.43137255 0.43137255 0.43137255
v 9027.50000000 -558.75000000 -1063.04618315 0.43137255 0.43137255 0.43137255
v 9047.63139721 -426.18430140 -793.17286341 0.43137255 0.43137255 0.43137255
v 9047.63139721 -576.18430140 -1052.98048454 0.43137255 0.43137255 0.43137255
v 9055.00000000 -450.00000000 -779.42286341 0.43137255 0.43137255 0.43137255
v 9055.00000000 -600.00000000 -1039.23048454 0.43137255 0.43137255 0.43137255
v 9047.63139721 -473.81569860 -765.67286341 0.43137255 0.43137255 0.43137255
v 9047.63139721 -623.81569860 -1025.48048454 0.43137255 0.43137255 0.43137255
v 9027.50000000 -491.25000000 -755.60716480 0.43137255 0.43137255 0.43137255
v 9027.50000000 -641.25000000 -1015.41478594 0.43137255 0.43137255 0.43137255
v 9000.00000000 -497.63139721 -751.92286341 0.43137255 0.43137255 0.43137255
v 9000.00000000 -647.63139721 -1011.73048454 0.43137255 0.43137255 0.43137255
v 8972.50000000 -491.25000000 -755.60716480 0.43137255 0.43137255 0.43137255
v 8972.50000000 -641.25000000 -1015.41478594 0.43137255 0.43137255 0.43137255
v 8952.36860279 -473.81569860 -765.67286341 0.43137255 0.43137255 0.43137255
v 8952.36860279 -623.81569860 -1025.48048454 0.43137255 0.43137255 0.43137255
v 8945.00000000 -450.00000000 -779.42286341 0.43137255 0.43137255 0.43137255
v 8945.00000000 -600.00000000 -1039.23048454 0.43137255 0.43137255 0.43137255
v 9000.00000000 450.00000000 -779.42286341 0.43137255 0.43137255 0.43137255
v 8952.36860279 426.18430140 -793.17286341 0.43137255 0.43137255 0.43137255
v 8952.36860279 576.18430140 -1052.98048454 0.43137255 0.43137255 0.43137255
v 9000.00000000 600.00000000 -1039.23048454 0.43137255 0.43137255 0.43137255
v 8945.00000000 450.00000000 -779.42286341 0.43137255 0.43137255 0.43137255
v 8945.00000000 600.00000000 -1039.23048454 0.43137255 0.43137255 0.43137255
v 8952.36860279 473.81569860 -765.67286341 0.43137255 0.43137255 0.43137255
v 8952.36860279 623.81569860 -1025.48048454 0.43137255 0.43137255 0.43137255
v 8972.50000000 491.25000000 -755.60716480 0.43137255 0.43137255 0.43137255
v 8972.50000000 641.25000000 -1015.41478594 0.43137255 0.43137255 0.43137255
v 9000.00000000 497.63139721 -751.92286341 0.43137255 0.43137255 0.43137255
v 9000.00000000 647.63139721 -1011.73048454 0.43137255 0.43137255 0.43137255
v 9027.50000000 491.25000000 -755.60716480 0.43137255 0.43137255 0.43137255
v 9027.50000000 641.25000000 -1015.41478594 0.43137255 0.43137255 0.43137255
v 9047.63139721 473.81569860 -765.67286341 0.43137255 0.43137255 0.43137255
v 9047.63139721 623.81569860 -1025.48048454 0.43137255 0.43137255 0.43137255
v 9055.00000000 450.00000000 -779.42286341 0.43137255 0.43137255 0.43137255
v 9055.00000000 600.00000000 -1039.23048454 0.43137255 0.43137255 0.43137255
v 9047.63139721 426.18430140 -793.17286341 0.43137255 0.43137255 0.43137255
v 9047.63139721 576.18430140 -1052.98048454 0.43137255 0.43137255 0.43137255
v 9027.50000000 408.75000000 -803.23856201 0.43137255 0.43137255 0.43137255
v 9027.50000000 558.75000000 -1063.04618315 0.43137255 0.43137255 0.43137255
v 9000.00000000 402.36860279 -806.92286341 0.43137255 0.43137255 0.43137255
v 9000.00000000 552.36860279 -1066.73048454 0.43137255 0.43137255 0.43137255
v 8972.50000000 408.75000000 -803.23856201 0.43137255 0.43137255 0.43137255
v 8972.50000000 558.75000000 -1063.04618315 0.43137255 0.43137255 0.43137255
v 15000.00000000 900.00000000 0.00000000 0.43137255 0.43137255 0.43137255
v 15000.00000000 900.00000000 -55.00000000 0.43137255 0.43137255 0.43137255
v 15000.00000000 1200.00000000 -55.00000000 0.43137255 0.43137255 0.43137255
v 15000.00000000 1200.00000000 0.00000000 0.43137255 0.43137255 0.43137255
v 14972.50000000 900.00000000 -47.63139721 0.43137255 0.43137255 0.43137255
v 14972.50000000 1200.00000000 -47.63139721 0.43137255 0.43137255 0.43137255
v 14952.36860279 900.00000000 -27.50000000 0.43137255 0.43137255 0.43137255
v 14952.36860279 1200.00000000 -27.50000000 0.43137255 0.43137255 0.43137255
v 14945.00000000 900.00000000 -0.00000000 0.43137255 0.43137255 0.43137255
v 14945.00000000 1200.00000000 -0.00000000 0.43137255 0.43137255 0.43137255
v 14952.36860279 900.00000000 27.50000000 0.43137255 0.43137255 0.43137255
v 14952.36860279 1200.00000000 27.50000000 0.43137255 0.43137255 0.43137255
v 14972.50000000 900.00000000 47.63139721 0.43137255 0.43137255 0.43137255
v 14972.50000000 1200.00000000 47.63139721 0.43137255 0.43137255 0.43137255
v 15000.00000000 900.00000000 55.00000000 0.43137255 0.43137255 0.43137255
v 15000.00000000 1200.00000000 55.00000000 0.43137255 0.43137255 0.43137255
v 15027.50000000 900.00000000 47.63139721 0.43137255 0.43137255 0.43137255
v 15027.50000000 1200.00000000 47.63139721 0.43137255 0.43137255 0.43137255
v 15047.63139721 900.00000000 27.50000000 0.43137255 0.43137255 0.43137255
v 15047.63139721 1200.00000000 27.50000000 0.43137255 0.43137255 0.43137255
v 15055.00000000 900.00000000 0.00000000 0.43137255 0.43137255 0.43137255
v 15055.00000000 1200.00000000 0.00000000 0.43137255 0.43137255 0.43137255
v 15047.63139721 900.00000000 -27.50000000 0.43137255 0.43137255 0.43137255
v 15047.63139721 1200.00000000 -27.50000000 0.43137255 0.43137255 0.43137255
v 15027.50000000 900.00000000 -47.63139721 0.43137255 0.43137255 0.43137255
v 15027.50000000 1200.00000000 -47.63139721 0.43137255 0.43137255 0.43137255
v 15000.00000000 450.00000000 779.42286341 0.43137255 0.43137255 0.43137255
v 15047.63139721 473.81569860 765.67286341 0.43137255 0.43137255 0.43137255
v 15047.63139721 623.81569860 1025.48048454 0.43137255 0.43137255 0.43137255
v 15000.00000000 600.00000000 1039.23048454 0.43137255 0.43137255 0.43137255
v 15027.50000000 491.25000000 755.60716480 0.43137255 0.43137255 0.43137255
v 15027.50000000 641.25000000 1015.41478594 0.43137255 0.43137255 0.43137255
v 15000.00000000 497.63139721 751.92286341 0.43137255 0.43137255 0.43137255
v 15000.00000000 647.63139721 1011.73048454 0.43137255 0.43137255 0.43137255
v 14972.50000000 491.25000000 755.60716480 0.43137255 0.43137255 0.43137255
v 14972.50000000 641.25000000 1015.41478594 0.43137255 0.43137255 0.43137255
v 14952.36860279 473.81569860 765.67286341 0.43137255 0.43137255 0.43137255
v 14952.36860279 623.81569860 1025.48048454 0.43137255 0.43137255 0.43137255
v 14945.00000000 450.00000000 779.42286341 0.43137255 0.43137255 0.43137255
v 14945.00000000 600.00000000 1039.23048454 0.43137255 0.43137255 0.43137255
v 14952.36860279 426.18430140 793.17286341 0.43137255 0.43137255 0.43137255
v 14952.36860279 576.18430140 1052.98048454 0.43137255 0.43137255 0.43137255
v 14972.50000000 408.75000000 803.23856201 0.43137255 0.43137255 0.43137255
v 14972.50000000 558.75000000 1063.04618315 0.43137255 0.43137255 0.43137255
v 15000.00000000 402.36860279 806.92286341 0.43137255 0.43137255 0.43137255
v 15000.00000000 552.36860279 1066.73048454 0.43137255 0.43137255 0.43137255
v 15027.50000000 408.75000000 803.23856201 0.43137255 0.43137255 0.43137255
v 15027.50000000 558.75000000 1063.04618315 0.43137255 0.43137255 0.43137255
v 15047.63139721 426.18430140 793.17286341 0.43137255 0.43137255 0.43137255
v 15047.63139721 576.18430140 1052.98048454 0.43137255 0.43137255 0.43137255
v 15055.00000000 450.00000000 779.42286341 0.43137255 0.43137255 0.43137255
v 15055.00000000 600.00000000 1039.23048454 0.43137255 0.43137255 0.43137255
v 15000.00000000 -450.00000000 779.42286341 0.43137255 0.43137255 0.43137255
v 15047.63139721 -473.81569860 765.67286341 0.43137255 0.43137255 0.43137255
v 15047.63139721 -623.81569860 1025.48048454 0.43137255 0.43137255 0.43137255
v 15000.00000000 -600.00000000 1039.23048454 0.43137255 0.43137255 0.43137255
v 15055.00000000 -450.00000000 779.42286341 0.43137255 0.43137255 0.43137255
v 15055.00000000 -600.00000000 1039.23048454 0.43137255 0.43137255 0.43137255
v 15047.63139721 -426.18430140 793.17286341 0.43137255 0.43137255 0.43137255
v 15047.63139721 -576.18430140 1052.98048454 0.43137255 0.43137255 0.43137255
v 15027.50000000 -408.75000000 803.23856201 0.43137255 0.43137255 0.43137255
v 15027.50000000 -558.75000000 1063.04618315 0.43137255 0.43137255 0.43137255
v 15000.00000000 -402.36860279 806.92286341 0.43137255 0.43137255 0.43137255
v 15000.00000000 -552.36860279 1066.73048454 0.43137255 0.43137255 0.43137255
v 14972.50000000 -408.75000000 803.23856201 0.43137255 0.43137255 0.43137255
v 14972.50000000 -558.75000000 1063.04618315 0.43137255 0.43137255 0.43137255
v 14952.36860279 -426.18430140 793.17286341 0.43137255 0.43137255 0.43137255
v 14952.36860279 -576.18430140 1052.98048454 0.43137255 0.43137255 0.43137255
v 14945.00000000 -450.00000000 779.42286341 0.43137255 0.43137255 0.43137255
v 14945.00000000 -600.00000000 1039.23048454 0.43137255 0.43137255 0.43137255
v 14952.36860279 -473.81569860 765.67286341 0.43137255 0.43137255 0.43137255
v 14952.36860279 -623.81569860 1025.48048454 0.43137255 0.43137255 0.43137255
v 14972.50000000 -491.25000000 755.60716480 0.43137255 0.43137255 0.43137255
v 14972.50000000 -641.25000000 1015.41478594 0.43137255 0.43137255 0.43137255
v 15000.00000000 -497.63139721 751.92286341 0.43137255 0.43137255 0.43137255
v 15000.00000000 -647.63139721 1011.73048454 0.43137255 0.43137255 0.43137255
v 15027.50000000 -491.25000000 755.60716480 0.43137255 0.43137255 0.43137255
v 15027.50000000 -641.25000000 1015.41478594 0.43137255 0.43137255 0.43137255
v 15000.00000000 -900.00000000 0.00000000 0.43137255 0.43137255 0.43137255
v 15000.00000000 -900.00000000 -55.00000000 0.43137255 0.43137255 0.43137255
v 15000.00000000 -1200.00000000 -55.00000000 0.43137255 0.43137255 0.43137255
v 15000.00000000 -1200.00000000 0.00000000 0.43137255 0.43137255 0.43137255
v 15027.50000000 -900.00000000 -47.63139721 0.43137255 0.43137255 0.43137255
v 15027.50000000 -1200.00000000 -47.63139721 0.43137255 0.43137255 0.43137255
v 15047.63139721 -900.00000000 -27.50000000 0.43137255 0.43137255 0.43137255
v 15047.63139721 -1200.00000000 -27.50000000 0.43137255 0.43137255 0.43137255
v 15055.00000000 -900.00000000 0.00000000 0.43137255 0.43137255 0.43137255
v 15055.00000000 -1200.00000000 0.00000000 0.43137255 0.43137255 0.43137255
v 15047.63139721 -900.00000000 27.50000000 0.43137255 0.43137255 0.43137255
v 15047.63139721 -1200.00000000 27.50000000 0.43137255 0.43137255 0.43137255
v 15027.50000000 -900.00000000 47.63139721 0.43137255 0.43137255 0.43137255
v 15027.50000000 -1200.00000000 47.63139721 0.43137255 0.43137255 0.43137255
v 15000.00000000 -900.00000000 55.00000000 0.43137255 0.43137255 0.43137255
v 15000.00000000 -1200.00000000 55.00000000 0.43137255 0.43137255 0.43137255
v 14972.50000000 -900.00000000 47.63139721 0.43137255 0.43137255 0.43137255
v 14972.50000000 -1200.00000000 47.63139721 0.43137255 0.43137255 0.43137255
v 14952.36860279 -900.00000000 27.50000000 0.43137255 0.43137255 0.43137255
v 14952.36860279 -1200.00000000 27.50000000 0.43137255 0.43137255 0.43137255
v 14945.00000000 -900.00000000 0.00000000 0.43137255 0.43137255 0.43137255
v 14945.00000000 -1200.00000000 0.00000000 0.43137255 0.43137255 0.43137255
v 14952.36860279 -900.00000000 -27.50000000 0.43137255 0.43137255 0.43137255
v 14952.36860279 -1200.00000000 -27.50000000 0.43137255 0.43137255 0.43137255
v 14972.50000000 -900.00000000 -47.63139721 0.43137255 0.43137255 0.43137255
v 14972.50000000 -1200.00000000 -47.63139721 0.43137255 0.43137255 0.43137255
v 15000.00000000 -450.00000000 -779.42286341 0.43137255 0.43137255 0.43137255
v 14952.36860279 -426.18430140 -793.17286341 0.43137255 0.43137255 0.43137255
v 14952.36860279 -576.18430140 -1052.98048454 0.43137255 0.43137255 0.43137255
v 15000.00000000 -600.00000000 -1039.23048454 0.43137255 0.43137255 0.43137255
v 14972.50000000 -408.75000000 -803.23856201 0.43137255 0.43137255 0.43137255
v 14972.50000000 -558.75000000 -1063.04618315 0.43137255 0.43137255 0.43137255
v 15000.00000000 -402.36860279 -806.92286341 0.43137255 0.43137255 0.43137255
v 15000.00000000 -552.36860279 -1066.73048454 0.43137255 0.43137255 0.43137255
v 15027.50000000 -408.75000000 -803.23856201 0.43137255 0.43137255 0.43137255
v 15027.50000000 -558.75000000 -1063.04618315 0.43137255 0.43137255 0.43137255
v 15047.63139721 -426.18430140 -793.17286341 0.43137255 0.43137255 0.43137255
v 15047.63139721 -576.18430140 -1052.98048454 0.43137255 0.43137255 0.43137255
v 15055.00000000 -450.00000000 -779.42286341 0.43137255 0.43137255 0.43137255
v 15055.00000000 -600.00000000 -1039.23048454 0.43137255 0.43137255 0.43137255
v 15047.63139721 -473.81569860 -765.67286341 0.43137255 0.43137255 0.43137255
v 15047.63139721 -623.81569860 -1025.48048454 0.43137255 0.43137255 0.43137255
v 15027.50000000 -491.25000000 -755.60716480 0.43137255 0.43137255 0.43137255
v 15027.50000000 -641.25000000 -1015.41478594 0.43137255 0.43137255 0.43137255
v 15000.00000000 -497.63139721 -751.92286341 0.43137255 0.43137255 0.43137255
v 15000.00000000 -647.63139721 -1011.73048454 0.43137255 0.43137255 0.43137255
v 14972.50000000 -491.25000000 -755.60716480 0.43137255 0.43137255 0.43137255
v 14972.50000000 -641.25000000 -1015.41478594 0.43137255 0.43137255 0.43137255
v 14952.36860279 -473.81569860 -765.67286341 0.43137255 0.43137255 0.43137255
v 14952.36860279 -623.81569860 -1025.48048454 0.43137255 0.43137255 0.43137255
v 14945.00000000 -450.00000000 -779.42286341 0.43137255 0.43137255 0.43137255
v 14945.00000000 -600.00000000 -1039.23048454 0.43137255 0.43137255 0.43137255
v 15000.00000000 450.00000000 -779.42286341 0.43137255 0.43137255 0.43137255
v 14952.36860279 426.18430140 -793.17286341 0.43137255 0.43137255 0.43137255
v 14952.36860279 576.18430140 -1052.98048454 0.43137255 0.43137255 0.43137255
v 15000.00000000 600.00000000 -1039.23048454 0.43137255 0.43137255 0.43137255
v 14945.00000000 450.00000000 -779.42286341 0.43137255 0.43137255 0.43137255
v 14945.00000000 600.00000000 -1039.23048454 0.43137255 0.43137255 0.43137255
v 14952.36860279 473.81569860 -765.67286341 0.43137255 0.43137255 0.43137255
v 14952.36860279 623.81569860 -1025.48048454 0.43137255 0.43137255 0.43137255
v 14972.50000000 491.25000000 -755.60716480 0.43137255 0.43137255 0.43137255
v 14972.50000000 641.25000000 -1015.41478594 0.43137255 0.43137255 0.43137255
v 15000.00000000 497.63139721 -751.92286341 0.43137255 0.43137255 0.43137255
v 15000.00000000 647.63139721 -1011.73048454 0.43137255 0.43137255 0.43137255
v 15027.50000000 491.25000000 -755.60716480 0.43137255 0.43137255 0.43137255
v 15027.50000000 641.25000000 -1015.41478594 0.43137255 0.43137255 0.43137255
v 15047.63139721 473.81569860 -765.67286341 0.43137255 0.43137255 0.43137255
v 15047.63139721 623.81569860 -1025.48048454 0.43137255 0.43137255 0.43137255
v 15055.00000000 450.00000000 -779.42286341 0.43137255 0.43137255 0.43137255
v 15055.00000000 600.00000000 -1039.23048454 0.43137255 0.43137255 0.43137255
v 15047.63139721 426.18430140 -793.17286341 0.43137255 0.43137255 0.43137255
v 15047.63139721 576.18430140 -1052.98048454 0.43137255 0.43137255 0.43137255
v 15027.50000000 408.75000000 -803.23856201 0.43137255 0.43137255 0.43137255
v 15027.50000000 558.75000000 -1063.04618315 0.43137255 0.43137255 0.43137255
v 15000.00000000 402.36860279 -806.92286341 0.43137255 0.43137255 0.43137255
v 15000.00000000 552.36860279 -1066.73048454 0.43137255 0.43137255 0.43137255
v 14972.50000000 408.75000000 -803.23856201 0.43137255 0.43137255 0.43137255
v 14972.50000000 558.75000000 -1063.04618315 0.43137255 0.43137255 0.43137255
v 21000.00000000 900.00000000 0.00000000 0.43137255 0.43137255 0.43137255
v 21000.00000000 900.00000000 -55.00000000 0.43137255 0.43137255 0.43137255
v 21000.00000000 1200.00000000 -55.00000000 0.43137255 0.43137255 0.43137255
v 21000.00000000 1200.00000000 0.00000000 0.43137255 0.43137255 0.43137255
v 20972.50000000 900.00000000 -47.63139721 0.43137255 0.43137255 0.43137255
v 20972.50000000 1200.00000000 -47.63139721 0.43137255 0.43137255 0.43137255
v 20952.36860279 900.00000000 -27.50000000 0.43137255 0.43137255 0.43137255
v 20952.36860279 1200.00000000 -27.50000000 0.43137255 0.43137255 0.43137255
v 20945.00000000 900.00000000 -0.00000000 0.43137255 0.43137255 0.43137255
v 20945.00000000 1200.00000000 -0.00000000 0.43137255 0.43137255 0.43137255
v 20952.36860279 900.00000000 27.50000000 0.43137255 0.43137255 0.43137255
v 20952.36860279 1200.00000000 27.50000000 0.43137255 0.43137255 0.43137255
v 20972.50000000 900.00000000 47.63139721 0.43137255 0.43137255 0.43137255
v 20972.50000000 1200.00000000 47.63139721 0.43137255 0.43137255 0.43137255
v 21000.00000000 900.00000000 55.00000000 0.43137255 0.43137255 0.43137255
v 21000.00000000 1200.00000000 55.00000000 0.43137255 0.43137255 0.43137255
v 21027.50000000 900.00000000 47.63139721 0.43137255 0.43137255 0.43137255
v 21027.50000000 1200.00000000 47.63139721 0.43137255 0.43137255 0.43137255
v 21047.63139721 900.00000000 27.50000000 0.43137255 0.43137255 0.43137255
v 21047.63139721 1200.00000000 27.50000000 0.43137255 0.43137255 0.43137255
v 21055.00000000 900.00000000 0.00000000 0.43137255 0.43137255 0.43137255
v 21055.00000000 1200.00000000 0.00000000 0.43137255 0.43137255 0.43137255
v 21047.63139721 900.00000000 -27.50000000 0.43137255 0.43137255 0.43137255
v 21047.63139721 1200.00000000 -27.50000000 0.43137255 0.43137255 0.43137255
v 21027.50000000 900.00000000 -47.63139721 0.43137255 0.43137255 0.43137255
v 21027.50000000 1200.00000000 -47.63139721 0.43137255 0.43137255 0.43137255
v 21000.00000000 450.00000000 779.42286341 0.43137255 0.43137255 0.43137255
v 21047.63139721 473.81569860 765.67286341 0.43137255 0.43137255 0.43137255
v 21047.63139721 623.81569860 1025.48048454 0.43137255 0.43137255 0.43137255
v 21000.00000000 600.00000000 1039.23048454 0.43137255 0.43137255 0.43137255
v 21027.50000000 491.25000000 755.60716480 0.43137255 0.43137255 0.43137255
v 21027.50000000 641.25000000 1015.41478594 0.43137255 0.43137255 0.43137255
v 21000.00000000 497.63139721 751.92286341 0.43137255 0.43137255 0.43137255
v 21000.00000000 647.63139721 1011.73048454 0.43137255 0.43137255 0.43137255
v 20972.50000000 491.25000000 755.60716480 0.43137255 0.43137255 0.43137255
v 20972.50000000 641.25000000 1015.41478594 0.43137255 0.43137255 0.43137255
v 20952.36860279 473.81569860 765.67286341 0.43137255 0.43137255 0.43137255
v 20952.36860279 623.81569860 1025.48048454 0.43137255 0.43137255 0.43137255
v 20945.00000000 450.00000000 779.42286341 0.43137255 0.43137255 0.43137255
v 20945.00000000 600.00000000 1039.23048454 0.43137255 0.43137255 0.43137255
v 20952.36860279 426.18430140 793.17286341 0.43137255 0.43137255 0.43137255
v 20952.36860279 576.18430140 1052.98048454 0.43137255 0.43137255 0.43137255
v 20972.50000000 408.75000000 803.23856201 0.43137255 0.43137255 0.43137255
v 20972.50000000 558.75000000 1063.04618315 0.43137255 0.43137255 0.43137255
v 21000.00000000 402.36860279 806.92286341 0.43137255 0.43137255 0.43137255
v 21000.00000000 552.36860279 1066.73048454 0.43137255 0.43137255 0.43137255
v 21027.50000000 408.75000000 803.23856201 0.43137255 0.43137255 0.43137255
v 21027.50000000 558.75000000 1063.04618315 0.43137255 0.43137255 0.43137255
v 21047.63139721 426.18430140 793.17286341 0.43137255 0.43137255 0.43137255
v 21047.63139721 576.18430140 1052.98048454 0.43137255 0.43137255 0.43137255
v 21055.00000000 450.00000000 779.42286341 0.43137255 0.43137255 0.43137255
v 21055.00000000 600.00000000 1039.23048454 0.43137255 0.43137255 0.43137255
v 21000.00000000 -450.00000000 779.42286341 0.43137255 0.43137255 0.43137255
v 21047.63139721 -473.81569860 765.67286341 0.43137255 0.43137255 0.43137255
v 21047.63139721 -623.81569860 1025.48048454 0.43137255 0.43137255 0.43137255
v 21000.00000000 -600.00000000 1039.23048454 0.43137255 0.43137255 0.43137255
v 21055.00000000 -450.00000000 779.42286341 0.43137255 0.43137255 0.43137255
v 21055.00000000 -600.00000000 1039.23048454 0.43137255 0.43137255 0.43137255
v 21047.63139721 -426.18430140 793.17286341 0.43137255 0.43137255 0.43137255
v 21047.63139721 -576.18430140 1052.98048454 0.43137255 0.43137255 0.43137255
v 21027.50000000 -408.75000000 803.23856201 0.43137255 0.43137255 0.43137255
v 21027.50000000 -558.75000000 1063.04618315 0.43137255 0.43137255 0.43137255
v 21000.00000000 -402.36860279 806.92286341 0.43137255 0.43137255 0.43137255
v 21000.00000000 -552.36860279 1066.73048454 0.43137255 0.43137255 0.43137255
v 20972.50000000 -408.75000000 803.23856201 0.43137255 0.43137255 0.43137255
v 20972.50000000 -558.75000000 1063.04618315 0.43137255 0.43137255 0.43137255
v 20952.36860279 -426.18430140 793.17286341 0.43137255 0.43137255 0.43137255
v 20952.36860279 -576.18430140 1052.98048454 0.43137255 0.43137255 0.43137255
v 20945.00000000 -450.00000000 779.42286341 0.43137255 0.43137255 0.43137255
v 20945.00000000 -600.00000000 1039.23048454 0.43137255 0.43137255 0.43137255
v 20952.36860279 -473.81569860 765.67286341 0.43137255 0.43137255 0.43137255
v 20952.36860279 -623.81569860 1025.48048454 0.43137255 0.43137255 0.43137255
v 20972.50000000 -491.25000000 755.60716480 0.43137255 0.43137255 0.43137255
v 20972.50000000 -641.25000000 1015.41478594 0.43137255 0.43137255 0.43137255
v 21000.00000000 -497.63139721 751.92286341 0.43137255 0.43137255 0.43137255
v 21000.00000000 -647.63139721 1011.73048454 0.43137255 0.43137255 0.43137255
v 21027.50000000 -491.25000000 755.60716480 0.43137255 0.43137255 0.43137255
v 21027.50000000 -641.25000000 1015.41478594 0.43137255 0.43137255 0.43137255
v 21000.00000000 -900.00000000 0.00000000 0.43137255 0.43137255 0.43137255
v 21000.00000000 -900.00000000 -55.00000000 0.43137255 0.43137255 0.43137255
v 21000.00000000 -1200.00000000 -55.00000000 0.43137255 0.43137255 0.43137255
v 21000.00000000 -1200.00000000 0.00000000 0.43137255 0.43137255 0.43137255
v 21027.50000000 -900.00000000 -47.63139721 0.43137255 0.43137255 0.43137255
v 21027.50000000 -1200.00000000 -47.63139721 0.43137255 0.43137255 0.43137255
v 21047.63139721 -900.00000000 -27.50000000 0.43137255 0.43137255 0.43137255
v 21047.63139721 -1200.00000000 -27.50000000 0.43137255 0.43137255 0.43137255
v 21055.00000000 -900.00000000 0.00000000 0.43137255 0.43137255 0.43137255
v 21055.00000000 -1200.00000000 0.00000000 0.43137255 0.43137255 0.43137255
v 21047.63139721 -900.00000000 27.50000000 0.43137255 0.43137255 0.43137255
v 21047.63139721 -1200.00000000 27.50000000 0.43137255 0.43137255 0.43137255
v 21027.50000000 -900.00000000 47.63139721 0.43137255 0.43137255 0.43137255
v 21027.50000000 -1200.00000000 47.63139721 0.43137255 0.43137255 0.43137255
v 21000.00000000 -900.00000000 55.00000000 0.43137255 0.43137255 0.43137255
v 21000.00000000 -1200.00000000 55.00000000 0.43137255 0.43137255 0.43137255
v 20972.50000000 -900.00000000 47.63139721 0.43137255 0.43137255 0.43137255
v 20972.50000000 -1200.00000000 47.63139721 0.43137255 0.43137255 0.43137255
v 20952.36860279 -900.00000000 27.50000000 0.43137255 0.43137255 0.43137255
v 20952.36860279 -1200.00000000 27.50000000 0.43137255 0.43137255 0.43137255
v 20945.00000000 -900.00000000 0.00000000 0.43137255 0.43137255 0.43137255
v 20945.00000000 -1200.00000000 0.00000000 0.43137255 0.43137255 0.43137255
v 20952.36860279 -900.00000000 -27.50000000 0.43137255 0.43137255 0.43137255
v 20952.36860279 -1200.00000000 -27.50000000 0.43137255 0.43137255 0.43137255
v 20972.50000000 -900.00000000 -47.63139721 0.43137255 0.43137255 0.43137255
v 20972.50000000 -1200.00000000 -47.63139721 0.43137255 0.43137255 0.43137255
v 21000.00000000 -450.00000000 -779.42286341 0.43137255 0.43137255 0.43137255
v 20952.36860279 -426.18430140 -793.17286341 0.43137255 0.43137255 0.43137255
v 20952.36860279 -576.18430140 -1052.98048454 0.43137255 0.43137255 0.43137255
v 21000.00000000 -600.00000000 -1039.23048454 0.43137255 0.43137255 0.43137255
v 20972.50000000 -408.75000000 -803.23856201 0.43137255 0.43137255 0.43137255
v 20972.50000000 -558.75000000 -1063.04618315 0.43137255 0.43137255 0.43137255
v 21000.00000000 -402.36860279 -806.92286341 0.43137255 0.43137255 0.43137255
v 21000.00000000 -552.36860279 -1066.73048454 0.43137255 0.43137255 0.43137255
v 21027.50000000 -408.75000000 -803.23856201 0.43137255 0.43137255 0.43137255
v 21027.50000000 -558.75000000 -1063.04618315 0.43137255 0.43137255 0.43137255
v 21047.63139721 -426.18430140 -793.17286341 0.43137255 0.43137255 0.43137255
v 21047.63139721 -576.18430140 -1052.98048454 0.43137255 0.43137255 0.43137255
v 21055.00000000 -450.00000000 -779.42286341 0.43137255 0.43137255 0.43137255
v 21055.00000000 -600.00000000 -1039.23048454 0.43137255 0.43137255 0.43137255
v 21047.63139721 -473.81569860 -765.67286341 0.43137255 0.43137255 0.43137255
v 21047.63139721 -623.81569860 -1025.48048454 0.43137255 0.43137255 0.43137255
v 21027.50000000 -491.25000000 -755.60716480 0.43137255 0.43137255 0.43137255
v 21027.50000000 -641.25000000 -1015.41478594 0.43137255 0.43137255 0.43137255
v 21000.00000000 -497.63139721 -751.92286341 0.43137255 0.43137255 0.43137255
v 21000.00000000 -647.63139721 -1011.73048454 0.43137255 0.43137255 0.43137255
v 20972.50000000 -491.25000000 -755.60716480 0.43137255 0.43137255 0.43137255
v 20972.50000000 -641.25000000 -1015.41478594 0.43137255 0.43137255 0.43137255
v 20952.36860279 -473.81569860 -765.67286341 0.43137255 0.43137255 0.43137255
v 20952.36860279 -623.81569860 -1025.48048454 0.43137255 0.43137255 0.43137255
v 20945.00000000 -450.00000000 -779.42286341 0.43137255 0.43137255 0.43137255
v 20945.00000000 -600.00000000 -1039.23048454 0.43137255 0.43137255 0.43137255
v 21000.00000000 450.00000000 -779.42286341 0.43137255 0.43137255 0.43137255
v 20952.36860279 426.18430140 -793.17286341 0.43137255 0.43137255 0.43137255
v 20952.36860279 576.18430140 -1052.98048454 0.43137255 0.43137255 0.43137255
v 21000.00000000 600.00000000 -1039.23048454 0.43137255 0.43137255 0.43137255
v 20945.00000000 450.00000000 -779.42286341 0.43137255 0.43137255 0.43137255
v 20945.00000000 600.00000000 -1039.23048454 0.43137255 0.43137255 0.43137255
v 20952.36860279 473.81569860 -765.67286341 0.43137255 0.43137255 0.43137255
v 20952.36860279 623.81569860 -1025.48048454 0.43137255 0.43137255 0.43137255
v 20972.50000000 491.25000000 -755.60716480 0.43137255 0.43137255 0.43137255
v 20972.50000000 641.25000000 -1015.41478594 0.43137255 0.43137255 0.43137255
v 21000.00000000 497.63139721 -751.92286341 0.43137255 0.43137255 0.43137255
v 21000.00000000 647.63139721 -1011.73048454 0.43137255 0.43137255 0.43137255
v 21027.50000000 491.25000000 -755.60716480 0.43137255 0.43137255 0.43137255
v 21027.50000000 641.25000000 -1015.41478594 0.43137255 0.43137255 0.43137255
v 21047.63139721 473.81569860 -765.67286341 0.43137255 0.43137255 0.43137255
v 21047.63139721 623.81569860 -1025.48048454 0.43137255 0.43137255 0.43137255
v 21055.00000000 450.00000000 -779.42286341 0.43137255 0.43137255 0.43137255
v 21055.00000000 600.00000000 -1039.23048454 0.43137255 0.43137255 0.43137255
v 21047.63139721 426.18430140 -793.17286341 0.43137255 0.43137255 0.43137255
v 21047.63139721 576.18430140 -1052.98048454 0.43137255 0.43137255 0.43137255
v 21027.50000000 408.75000000 -803.23856201 0.43137255 0.43137255 0.43137255
v 21027.50000000 558.75000000 -1063.04618315 0.43137255 0.43137255 0.43137255
v 21000.00000000 402.36860279 -806.92286341 0.43137255 0.43137255 0.43137255
v 21000.00000000 552.36860279 -1066.73048454 0.43137255 0.43137255 0.43137255
v 20972.50000000 408.75000000 -803.23856201 0.43137255 0.43137255 0.43137255
v 20972.50000000 558.75000000 -1063.04618315 0.43137255 0.43137255 0.43137255
v -2500.00000000 0.00000000 -13000.00000000 0.70588235 0.70588235 0.70588235
v -2085.88952784 0.00000000 -12965.92582629 0.70588235 0.70588235 0.70588235
v -1700.00000000 0.00000000 -12866.02540378 0.70588235 0.70588235 0.70588235
v -1368.62915010 0.00000000 -12707.10678119 0.70588235 0.70588235 0.70588235
v -1114.35935394 0.00000000 -12500.00000000 0.70588235 0.70588235 0.70588235
v -954.51867794 0.00000000 -12258.81904510 0.70588235 0.70588235 0.70588235
v -900.00000000 0.00000000 -12000.00000000 0.70588235 0.70588235 0.70588235
v -954.51867794 0.00000000 -11741.18095490 0.70588235 0.70588235 0.70588235
v -1114.35935394 0.00000000 -11500.00000000 0.70588235 0.70588235 0.70588235
v -1368.62915010 0.00000000 -11292.89321881 0.70588235 0.70588235 0.70588235
v -1700.00000000 0.00000000 -11133.97459622 0.70588235 0.70588235 0.70588235
v -2085.88952784 0.00000000 -11034.07417371 0.70588235 0.70588235 0.70588235
v -2500.00000000 0.00000000 -11000.00000000 0.70588235 0.70588235 0.70588235
v -2914.11047216 0.00000000 -11034.07417371 0.70588235 0.70588235 0.70588235
v -3300.00000000 0.00000000 -11133.97459622 0.70588235 0.70588235 0.70588235
v -3631.37084990 0.00000000 -11292.89321881 0.70588235 0.70588235 0.70588235
v -3885.64064606 0.00000000 -11500.00000000 0.70588235 0.70588235 0.70588235
v -4045.48132206 0.00000000 -11741.18095490 0.70588235 0.70588235 0.70588235
v -4100.00000000 0.00000000 -12000.00000000 0.70588235 0.70588235 0.70588235
v -4045.48132206 0.00000000 -12258.81904510 0.70588235 0.70588235 0.70588235
v -3885.64064606 0.00000000 -12500.00000000 0.70588235 0.70588235 0.70588235
v -3631.37084990 0.00000000 -12707.10678119 0.70588235 0.70588235 0.70588235
v -3300.00000000 0.00000000 -12866.02540378 0.70588235 0.70588235 0.70588235
v -2914.11047216 0.00000000 -12965.92582629 0.70588235 0.70588235 0.70588235
v -2500.00000000 850.24067999 -12972.16600210 0.70588235 0.70588235 0.70588235
v -2085.88952784 848.01212241 -12938.16478381 0.70588235 0.70588235 0.70588235
v -1700.00000000 841.47832216 -12838.47825578 0.70588235 0.70588235 0.70588235
v -1368.62915010 831.08454695 -12679.89989015 0.70588235 0.70588235 0.70588235
v -1114.35935394 817.53911538 -12473.23654048 0.70588235 0.70588235 0.70588235
v -954.51867794 801.76512622 -12232.57197252 0.70588235 0.70588235 0.70588235
v -900.00000000 784.83755076 -11974.30707886 0.70588235 0.70588235 0.70588235
v -954.51867794 767.90997531 -11716.04218520 0.70588235 0.70588235 0.70588235
v -1114.35935394 752.13598615 -11475.37761724 0.70588235 0.70588235 0.70588235
v -1368.62915010 738.59055457 -11268.71426757 0.70588235 0.70588235 0.70588235
v -1700.00000000 728.19677936 -11110.13590195 0.70588235 0.70588235 0.70588235
v -2085.88952784 721.66297912 -11010.44937391 0.70588235 0.70588235 0.70588235
v -2500.00000000 719.43442153 -10976.44815562 0.70588235 0.70588235 0.70588235
v -2914.11047216 721.66297912 -11010.44937391 0.70588235 0.70588235 0.70588235
v -3300.00000000 728.19677936 -11110.13590195 0.70588235 0.70588235 0.70588235
v -3631.37084990 738.59055457 -11268.71426757 0.70588235 0.70588235 0.70588235
v -3885.64064606 752.13598615 -11475.37761724 0.70588235 0.70588235 0.70588235
v -4045.48132206 767.90997531 -11716.04218520 0.70588235 0.70588235 0.70588235
v -4100.00000000 784.83755076 -11974.30707886 0.70588235 0.70588235 0.70588235
v -4045.48132206 801.76512622 -12232.57197252 0.70588235 0.70588235 0.70588235
v -3885.64064606 817.53911538 -12473.23654048 0.70588235 0.70588235 0.70588235
v -3631.37084990 831.08454695 -12679.89989015 0.70588235 0.70588235 0.70588235
v -3300.00000000 841.47832216 -12838.47825578 0.70588235 0.70588235 0.70588235
v -2914.11047216 848.01212241 -12938.16478381 0.70588235 0.70588235 0.70588235
v -2500.00000000 1696.84049886 -12888.78319786 0.70588235 0.70588235 0.70588235
v -2085.88952784 1692.39292671 -12855.00053343 0.70588235 0.70588235 0.70588235
v -1700.00000000 1679.35330496 -12755.95477289 0.70588235 0.70588235 0.70588235
v -1368.62915010 1658.61026228 -12598.39572114 0.70588235 0.70588235 0.70588235
v -1114.35935394 1631.57740275 -12393.06076717 0.70588235 0.70588235 0.70588235
v -954.51867794 1600.09697107 -12153.94314878 0.70588235 0.70588235 0.70588235
v -900.00000000 1566.31430664 -11897.33833649 0.70588235 0.70588235 0.70588235
v -954.51867794 1532.53164221 -11640.73352419 0.70588235 0.70588235 0.70588235
v -1114.35935394 1501.05121053 -11401.61590580 0.70588235 0.70588235 0.70588235
v -1368.62915010 1474.01835100 -11196.28095184 0.70588235 0.70588235 0.70588235
v -1700.00000000 1453.27530832 -11038.72190008 0.70588235 0.70588235 0.70588235
v -2085.88952784 1440.23568657 -10939.67613954 0.70588235 0.70588235 0.70588235
v -2500.00000000 1435.78811442 -10905.89347511 0.70588235 0.70588235 0.70588235
v -2914.11047216 1440.23568657 -10939.67613954 0.70588235 0.70588235 0.70588235
v -3300.00000000 1453.27530832 -11038.72190008 0.70588235 0.70588235 0.70588235
v -3631.37084990 1474.01835100 -11196.28095184 0.70588235 0.70588235 0.70588235
v -3885.64064606 1501.05121053 -11401.61590580 0.70588235 0.70588235 0.70588235
v -4045.48132206 1532.53164221 -11640.73352419 0.70588235 0.70588235 0.70588235
v -4100.00000000 1566.31430664 -11897.33833649 0.70588235 0.70588235 0.70588235
v -4045.48132206 1600.09697107 -12153.94314878 0.70588235 0.70588235 0.70588235
v -3885.64064606 1631.57740275 -12393.06076717 0.70588235 0.70588235 0.70588235
v -3631.37084990 1658.61026228 -12598.39572114 0.70588235 0.70588235 0.70588235
v -3300.00000000 1679.35330496 -12755.95477289 0.70588235 0.70588235 0.70588235
v -2914.11047216 1692.39292671 -12855.00053343 0.70588235 0.70588235 0.70588235
v -2500.00000000 2536.17418621 -12750.20864524 0.70588235 0.70588235 0.70588235
v -2085.88952784 2529.52664469 -12716.78919722 0.70588235 0.70588235 0.70588235
v -1700.00000000 2510.03703909 -12618.80833333 0.70588235 0.70588235 0.70588235
v -1368.62915010 2479.03355384 -12462.94328750 0.70588235 0.70588235 0.70588235
v -1114.35935394 2438.62902520 -12259.81600504 0.70588235 0.70588235 0.70588235
v -954.51867794 2391.57695505 -12023.26927456 0.70588235 0.70588235 0.70588235
v -900.00000000 2341.08386419 -11769.42336484 0.70588235 0.70588235 0.70588235
v -954.51867794 2290.59077334 -11515.57745511 0.70588235 0.70588235 0.70588235
v -1114.35935394 2243.53870319 -11279.03072464 0.70588235 0.70588235 0.70588235
v -1368.62915010 2203.13417455 -11075.90344218 0.70588235 0.70588235 0.70588235
v -1700.00000000 2172.13068930 -10920.03839635 0.70588235 0.70588235 0.70588235
v -2085.88952784 2152.64108370 -10822.05753245 0.70588235 0.70588235 0.70588235
v -2500.00000000 2145.99354218 -10788.63808444 0.70588235 0.70588235 0.70588235
v -2914.11047216 2152.64108370 -10822.05753245 0.70588235 0.70588235 0.70588235
v -3300.00000000 2172.13068930 -10920.03839635 0.70588235 0.70588235 0.70588235
v -3631.37084990 2203.13417455 -11075.90344218 0.70588235 0.70588235 0.70588235
v -3885.64064606 2243.53870319 -11279.03072464 0.70588235 0.70588235 0.70588235
v -4045.48132206 2290.59077334 -11515.57745511 0.70588235 0.70588235 0.70588235
v -4100.00000000 2341.08386419 -11769.42336484 0.70588235 0.70588235 0.70588235
v -4045.48132206 2391.57695505 -12023.26927456 0.70588235 0.70588235 0.70588235
v -3885.64064606 2438.62902520 -12259.81600504 0.70588235 0.70588235 0.70588235
v -3631.37084990 2479.03355384 -12462.94328750 0.70588235 0.70588235 0.70588235
v -3300.00000000 2510.03703909 -12618.80833333 0.70588235 0.70588235 0.70588235
v -2914.11047216 2529.52664469 -12716.78919722 0.70588235 0.70588235 0.70588235
v -2500.00000000 3364.64758633 -12557.03574176 0.70588235 0.70588235 0.70588235
v -2085.88952784 3355.82854123 -12524.12261736 0.70588235 0.70588235 0.70588235
v -1700.00000000 3329.97240927 -12427.62621921 0.70588235 0.70588235 0.70588235
v -1368.62915010 3288.84124312 -12274.12261736 0.70588235 0.70588235 0.70588235
v -1114.35935394 3235.23806378 -12074.07282861 0.70588235 0.70588235 0.70588235
v -954.51867794 3172.81583934 -11841.10991547 0.70588235 0.70588235 0.70588235
v -900.00000000 3105.82854123 -11591.10991547 0.70588235 0.70588235 0.70588235
v -954.51867794 3038.84124312 -11341.10991547 0.70588235 0.70588235 0.70588235
v -1114.35935394 2976.41901868 -11108.14700232 0.70588235 0.70588235 0.70588235
v -1368.62915010 2922.81583934 -10908.09721358 0.70588235 0.70588235 0.70588235
v -1700.00000000 2881.68467319 -10754.59361173 0.70588235 0.70588235 0.70588235
v -2085.88952784 2855.82854123 -10658.09721358 0.70588235 0.70588235 0.70588235
v -2500.00000000 2847.00949613 -10625.18408918 0.70588235 0.70588235 0.70588235
v -2914.11047216 2855.82854123 -10658.09721358 0.70588235 0.70588235 0.70588235
v -3300.00000000 2881.68467319 -10754.59361173 0.70588235 0.70588235 0.70588235
v -3631.37084990 2922.81583934 -10908.09721358 0.70588235 0.70588235 0.70588235
v -3885.64064606 2976.41901868 -11108.14700232 0.70588235 0.70588235 0.70588235
v -4045.48132206 3038.84124312 -11341.10991547 0.70588235 0.70588235 0.70588235
v -4100.00000000 3105.82854123 -11591.10991547 0.70588235 0.70588235 0.70588235
v -4045.48132206 3172.81583934 -11841.10991547 0.70588235 0.70588235 0.70588235
v -3885.64064606 3235.23806378 -12074.07282861 0.70588235 0.70588235 0.70588235
v -3631.37084990 3288.84124312 -12274.12261736 0.70588235 0.70588235 0.70588235
v -3300.00000000 3329.97240927 -12427.62621921 0.70588235 0.70588235 0.70588235
v -2914.11047216 3355.82854123 -12524.12261736 0.70588235 0.70588235 0.70588235
v -2500.00000000 4178.71304894 -12310.09168344 0.70588235 0.70588235 0.70588235
v -2085.88952784 4167.76026476 -12277.82582171 0.70588235 0.70588235 0.70588235
v -1700.00000000 4135.64832637 -12183.22710169 0.70588235 0.70588235 0.70588235
v -1368.62915010 4084.56560929 -12032.74226982 0.70588235 0.70588235 0.70588235
v -1114.35935394 4017.99331629 -11836.62661869 0.70588235 0.70588235 0.70588235
v -954.51867794 3940.46823911 -11608.24510584 0.70588235 0.70588235 0.70588235
v -900.00000000 3857.27358364 -11363.16155394 0.70588235 0.70588235 0.70588235
v -954.51867794 3774.07892817 -11118.07800205 0.70588235 0.70588235 0.70588235
v -1114.35935394 3696.55385099 -10889.69648919 0.70588235 0.70588235 0.70588235
v -1368.62915010 3629.98155798 -10693.58083807 0.70588235 0.70588235 0.70588235
v -1700.00000000 3578.89884091 -10543.09600619 0.70588235 0.70588235 0.70588235
v -2085.88952784 3546.78690251 -10448.49728617 0.70588235 0.70588235 0.70588235
v -2500.00000000 3535.83411833 -10416.23142445 0.70588235 0.70588235 0.70588235
v -2914.11047216 3546.78690251 -10448.49728617 0.70588235 0.70588235 0.70588235
v -3300.00000000 3578.89884091 -10543.09600619 0.70588235 0.70588235 0.70588235
v -3631.37084990 3629.98155798 -10693.58083807 0.70588235 0.70588235 0.70588235
v -3885.64064606 3696.55385099 -10889.69648919 0.70588235 0.70588235 0.70588235
v -4045.48132206 3774.07892817 -11118.07800205 0.70588235 0.70588235 0.70588235
v -4100.00000000 3857.27358364 -11363.16155394 0.70588235 0.70588235 0.70588235
v -4045.48132206 3940.46823911 -11608.24510584 0.70588235 0.70588235 0.70588235
v -3885.64064606 4017.99331629 -11836.62661869 0.70588235 0.70588235 0.70588235
v -3631.37084990 4084.56560929 -12032.74226982 0.70588235 0.70588235 0.70588235
v -3300.00000000 4135.64832637 -12183.22710169 0.70588235 0.70588235 0.70588235
v -2914.11047216 4167.76026476 -12277.82582171 0.70588235 0.70588235 0.70588235
v -2500.00000000 4974.88462075 -12010.43392265 0.70588235 0.70588235 0.70588235
v -2085.88952784 4961.84499900 -11978.95349097 0.70588235 0.70588235 0.70588235
v -1700.00000000 4923.61476242 -11886.65753533 0.70588235 0.70588235 0.70588235
v -1368.62915010 4862.79923845 -11739.83587257 0.70588235 0.70588235 0.70588235
v -1114.35935394 4783.54290456 -11548.49415639 0.70588235 0.70588235 0.70588235
v -954.51867794 4691.24694892 -11325.67200853 0.70588235 0.70588235 0.70588235
v -900.00000000 4592.20118838 -11086.55439014 0.70588235 0.70588235 0.70588235
v -954.51867794 4493.15542784 -10847.43677174 0.70588235 0.70588235 0.70588235
v -1114.35935394 4400.85947220 -10624.61462388 0.70588235 0.70588235 0.70588235
v -1368.62915010 4321.60313831 -10433.27290770 0.70588235 0.70588235 0.70588235
v -1700.00000000 4260.78761435 -10286.45124494 0.70588235 0.70588235 0.70588235
v -2085.88952784 4222.55737777 -10194.15528930 0.70588235 0.70588235 0.70588235
v -2500.00000000 4209.51775602 -10162.67485762 0.70588235 0.70588235 0.70588235
v -2914.11047216 4222.55737777 -10194.15528930 0.70588235 0.70588235 0.70588235
v -3300.00000000 4260.78761435 -10286.45124494 0.70588235 0.70588235 0.70588235
v -3631.37084990 4321.60313831 -10433.27290770 0.70588235 0.70588235 0.70588235
v -3885.64064606 4400.85947220 -10624.61462388 0.70588235 0.70588235 0.70588235
v -4045.48132206 4493.15542784 -10847.43677174 0.70588235 0.70588235 0.70588235
v -4100.00000000 4592.20118838 -11086.55439014 0.70588235 0.70588235 0.70588235
v -4045.48132206 4691.24694892 -11325.67200853 0.70588235 0.70588235 0.70588235
v -3885.64064606 4783.54290456 -11548.49415639 0.70588235 0.70588235 0.70588235
v -3631.37084990 4862.79923845 -11739.83587257 0.70588235 0.70588235 0.70588235
v -3300.00000000 4923.61476242 -11886.65753533 0.70588235 0.70588235 0.70588235
v -2914.11047216 4961.84499900 -11978.95349097 0.70588235 0.70588235 0.70588235
v -2500.00000000 5749.75297285 -11659.34563992 0.70588235 0.70588235 0.70588235
v -2085.88952784 5734.68235119 -11628.78544233 0.70588235 0.70588235 0.70588235
v -1700.00000000 5690.49752416 -11539.18747652 0.70588235 0.70588235 0.70588235
v -1368.62915010 5620.20961472 -11396.65769579 0.70588235 0.70588235 0.70588235
v -1114.35935394 5528.60862774 -11210.90926916 0.70588235 0.70588235 0.70588235
v -954.51867794 5421.93701909 -10994.60064493 0.70588235 0.70588235 0.70588235
v -900.00000000 5307.46428263 -10762.47289839 0.70588235 0.70588235 0.70588235
v -954.51867794 5192.99154617 -10530.34515185 0.70588235 0.70588235 0.70588235
v -1114.35935394 5086.31993752 -10314.03652763 0.70588235 0.70588235 0.70588235
v -1368.62915010 4994.71895053 -10128.28810099 0.70588235 0.70588235 0.70588235
v -1700.00000000 4924.43104109 -9985.75832026 0.70588235 0.70588235 0.70588235
v -2085.88952784 4880.24621407 -9896.16035445 0.70588235 0.70588235 0.70588235
v -2500.00000000 4865.17559241 -9865.60015686 0.70588235 0.70588235 0.70588235
v -2914.11047216 4880.24621407 -9896.16035445 0.70588235 0.70588235 0.70588235
v -3300.00000000 4924.43104109 -9985.75832026 0.70588235 0.70588235 0.70588235
v -3631.37084990 4994.71895053 -10128.28810099 0.70588235 0.70588235 0.70588235
v -3885.64064606 5086.31993752 -10314.03652763 0.70588235 0.70588235 0.70588235
v -4045.48132206 5192.99154617 -10530.34515185 0.70588235 0.70588235 0.70588235
v -4100.00000000 5307.46428263 -10762.47289839 0.70588235 0.70588235 0.70588235
v -4045.48132206 5421.93701909 -10994.60064493 0.70588235 0.70588235 0.70588235
v -3885.64064606 5528.60862774 -11210.90926916 0.70588235 0.70588235 0.70588235
v -3631.37084990 5620.20961472 -11396.65769579 0.70588235 0.70588235 0.70588235
v -3300.00000000 5690.49752416 -11539.18747652 0.70588235 0.70588235 0.70588235
v -2914.11047216 5734.68235119 -11628.78544233 0.70588235 0.70588235 0.70588235
v -2500.00000000 6500.00000000 -11258.33024920 0.70588235 0.70588235 0.70588235
v -2085.88952784 6482.96291314 -11228.82114915 0.70588235 0.70588235 0.70588235
v -1700.00000000 6433.01270189 -11142.30484541 0.70588235 0.70588235 0.70588235
v -1368.62915010 6353.55339059 -11004.67728111 0.70588235 0.70588235 0.70588235
v -1114.35935394 6250.00000000 -10825.31754731 0.70588235 0.70588235 0.70588235
v -954.51867794 6129.40952255 -10616.44871346 0.70588235 0.70588235 0.70588235
v -900.00000000 6000.00000000 -10392.30484541 0.70588235 0.70588235 0.70588235
v -954.51867794 5870.59047745 -10168.16097737 0.70588235 0.70588235 0.70588235
v -1114.35935394 5750.00000000 -9959.29214352 0.70588235 0.70588235 0.70588235
v -1368.62915010 5646.44660941 -9779.93240972 0.70588235 0.70588235 0.70588235
v -1700.00000000 5566.98729811 -9642.30484541 0.70588235 0.70588235 0.70588235
v -2085.88952784 5517.03708686 -9555.78854168 0.70588235 0.70588235 0.70588235
v -2500.00000000 5500.00000000 -9526.27944163 0.70588235 0.70588235 0.70588235
v -2914.11047216 5517.03708686 -9555.78854168 0.70588235 0.70588235 0.70588235
v -3300.00000000 5566.98729811 -9642.30484541 0.70588235 0.70588235 0.70588235
v -3631.37084990 5646.44660941 -9779.93240972 0.70588235 0.70588235 0.70588235
v -3885.64064606 5750.00000000 -9959.29214352 0.70588235 0.70588235 0.70588235
v -4045.48132206 5870.59047745 -10168.16097737 0.70588235 0.70588235 0.70588235
v -4100.00000000 6000.00000000 -10392.30484541 0.70588235 0.70588235 0.70588235
v -4045.48132206 6129.40952255 -10616.44871346 0.70588235 0.70588235 0.70588235
v -3885.64064606 6250.00000000 -10825.31754731 0.70588235 0.70588235 0.70588235
v -3631.37084990 6353.55339059 -11004.67728111 0.70588235 0.70588235 0.70588235
v -3300.00000000 6433.01270189 -11142.30484541 0.70588235 0.70588235 0.70588235
v -2914.11047216 6482.96291314 -11228.82114915 0.70588235 0.70588235 0.70588235
v -2500.00000000 7222.41302925 -10809.10495993 0.70588235 0.70588235 0.70588235
v -2085.88952784 7203.48243263 -10780.77331993 0.70588235 0.70588235 0.70588235
v -1700.00000000 7147.98073162 -10697.70915436 0.70588235 0.70588235 0.70588235
v -1368.62915010 7059.69027543 -10565.57314884 0.70588235 0.70588235 0.70588235
v -1114.35935394 6944.62791275 -10393.37015378 0.70588235 0.70588235 0.70588235
v -954.51867794 6810.63495343 -10192.83551872 0.70588235 0.70588235 0.70588235
v -900.00000000 6666.84279624 -9977.63534763 0.70588235 0.70588235 0.70588235
v -954.51867794 6523.05063904 -9762.43517654 0.70588235 0.70588235 0.70588235
v -1114.35935394 6389.05767973 -9561.90054148 0.70588235 0.70588235 0.70588235
v -1368.62915010 6273.99531704 -9389.69754642 0.70588235 0.70588235 0.70588235
v -1700.00000000 6185.70486085 -9257.56154090 0.70588235 0.70588235 0.70588235
v -2085.88952784 6130.20315984 -9174.49737533 0.70588235 0.70588235 0.70588235
v -2500.00000000 6111.27256322 -9146.16573533 0.70588235 0.70588235 0.70588235
v -2914.11047216 6130.20315984 -9174.49737533 0.70588235 0.70588235 0.70588235
v -3300.00000000 6185.70486085 -9257.56154090 0.70588235 0.70588235 0.70588235
v -3631.37084990 6273.99531704 -9389.69754642 0.70588235 0.70588235 0.70588235
v -3885.64064606 6389.05767973 -9561.90054148 0.70588235 0.70588235 0.70588235
v -4045.48132206 6523.05063904 -9762.43517654 0.70588235 0.70588235 0.70588235
v -4100.00000000 6666.84279624 -9977.63534763 0.70588235 0.70588235 0.70588235
v -4045.48132206 6810.63495343 -10192.83551872 0.70588235 0.70588235 0.70588235
v -3885.64064606 6944.62791275 -10393.37015378 0.70588235 0.70588235 0.70588235
v -3631.37084990 7059.69027543 -10565.57314884 0.70588235 0.70588235 0.70588235
v -3300.00000000 7147.98073162 -10697.70915436 0.70588235 0.70588235 0.70588235
v -2914.11047216 7203.48243263 -10780.77331993 0.70588235 0.70588235 0.70588235
v -2500.00000000 7913.89857711 -10313.59342379 0.70588235 0.70588235 0.70588235
v -2085.88952784 7893.15553443 -10286.56056425 0.70588235 0.70588235 0.70588235
v -1700.00000000 7832.34001047 -10207.30423036 0.70588235 0.70588235 0.70588235
v -1368.62915010 7735.59648268 -10081.22561029 0.70588235 0.70588235 0.70588235
v -1114.35935394 7609.51786261 -9916.91675364 0.70588235 0.70588235 0.70588235
v -954.51867794 7462.69619986 -9725.57503746 0.70588235 0.70588235 0.70588235
v -900.00000000 7305.13714810 -9520.24008349 0.70588235 0.70588235 0.70588235
v -954.51867794 7147.57809635 -9314.90512953 0.70588235 0.70588235 0.70588235
v -1114.35935394 7000.75643360 -9123.56341335 0.70588235 0.70588235 0.70588235
v -1368.62915010 6874.67781353 -8959.25455670 0.70588235 0.70588235 0.70588235
v -1700.00000000 6777.93428574 -8833.17593663 0.70588235 0.70588235 0.70588235
v -2085.88952784 6717.11876178 -8753.91960273 0.70588235 0.70588235 0.70588235
v -2500.00000000 6696.37571910 -8726.88674320 0.70588235 0.70588235 0.70588235
v -2914.11047216 6717.11876178 -8753.91960273 0.70588235 0.70588235 0.70588235
v -3300.00000000 6777.93428574 -8833.17593663 0.70588235 0.70588235 0.70588235
v -3631.37084990 6874.67781353 -8959.25455670 0.70588235 0.70588235 0.70588235
v -3885.64064606 7000.75643360 -9123.56341335 0.70588235 0.70588235 0.70588235
v -4045.48132206 7147.57809635 -9314.90512953 0.70588235 0.70588235 0.70588235
v -4100.00000000 7305.13714810 -9520.24008349 0.70588235 0.70588235 0.70588235
v -4045.48132206 7462.69619986 -9725.57503746 0.70588235 0.70588235 0.70588235
v -3885.64064606 7609.51786261 -9916.91675364 0.70588235 0.70588235 0.70588235
v -3631.37084990 7735.59648268 -10081.22561029 0.70588235 0.70588235 0.70588235
v -3300.00000000 7832.34001047 -10207.30423036 0.70588235 0.70588235 0.70588235
v -2914.11047216 7893.15553443 -10286.56056425 0.70588235 0.70588235 0.70588235
v -2500.00000000 8571.49559630 -9773.91749723 0.70588235 0.70588235 0.70588235
v -2085.88952784 8549.02893246 -9748.29917702 0.70588235 0.70588235 0.70588235
v -1700.00000000 8483.16000696 -9673.19006260 0.70588235 0.70588235 0.70588235
v -1368.62915010 8378.37767821 -9553.70871598 0.70588235 0.70588235 0.70588235
v -1114.35935394 8241.82268875 -9397.99759349 0.70588235 0.70588235 0.70588235
v -954.51867794 8082.80103546 -9216.66815079 0.70588235 0.70588235 0.70588235
v -900.00000000 7912.14978120 -9022.07768975 0.70588235 0.70588235 0.70588235
v -954.51867794 7741.49852694 -8827.48722871 0.70588235 0.70588235 0.70588235
v -1114.35935394 7582.47687365 -8646.15778601 0.70588235 0.70588235 0.70588235
v -1368.62915010 7445.92188420 -8490.44666351 0.70588235 0.70588235 0.70588235
v -1700.00000000 7341.13955545 -8370.96531689 0.70588235 0.70588235 0.70588235
v -2085.88952784 7275.27062994 -8295.85620247 0.70588235 0.70588235 0.70588235
v -2500.00000000 7252.80396610 -8270.23788227 0.70588235 0.70588235 0.70588235
v -2914.11047216 7275.27062994 -8295.85620247 0.70588235 0.70588235 0.70588235
v -3300.00000000 7341.13955545 -8370.96531689 0.70588235 0.70588235 0.70588235
v -3631.37084990 7445.92188420 -8490.44666351 0.70588235 0.70588235 0.70588235
v -3885.64064606 7582.47687365 -8646.15778601 0.70588235 0.70588235 0.70588235
v -4045.48132206 7741.49852694 -8827.48722871 0.70588235 0.70588235 0.70588235
v -4100.00000000 7912.14978120 -9022.07768975 0.70588235 0.70588235 0.70588235
v -4045.48132206 8082.80103546 -9216.66815079 0.70588235 0.70588235 0.70588235
v -3885.64064606 8241.82268875 -9397.99759349 0.70588235 0.70588235 0.70588235
v -3631.37084990 8378.37767821 -9553.70871598 0.70588235 0.70588235 0.70588235
v -3300.00000000 8483.16000696 -9673.19006260 0.70588235 0.70588235 0.70588235
v -2914.11047216 8549.02893246 -9748.29917702 0.70588235 0.70588235 0.70588235
v -2500.00000000 9192.38815543 -9192.38815543 0.70588235 0.70588235 0.70588235
v -2085.88952784 9168.29407613 -9168.29407613 0.70588235 0.70588235 0.70588235
v -1700.00000000 9097.65380993 -9097.65380993 0.70588235 0.70588235 0.70588235
v -1368.62915010 8985.28137424 -8985.28137424 0.70588235 0.70588235 0.70588235
v -1114.35935394 8838.83476483 -8838.83476483 0.70588235 0.70588235 0.70588235
v -954.51867794 8668.29407613 -8668.29407613 0.70588235 0.70588235 0.70588235
v -900.00000000 8485.28137424 -8485.28137424 0.70588235 0.70588235 0.70588235
v -954.51867794 8302.26867235 -8302.26867235 0.70588235 0.70588235 0.70588235
v -1114.35935394 8131.72798365 -8131.72798365 0.70588235 0.70588235 0.70588235
v -1368.62915010 7985.28137424 -7985.28137424 0.70588235 0.70588235 0.70588235
v -1700.00000000 7872.90893854 -7872.90893854 0.70588235 0.70588235 0.70588235
v -2085.88952784 7802.26867235 -7802.26867235 0.70588235 0.70588235 0.70588235
v -2500.00000000 7778.17459305 -7778.17459305 0.70588235 0.70588235 0.70588235
v -2914.11047216 7802.26867235 -7802.26867235 0.70588235 0.70588235 0.70588235
v -3300.00000000 7872.90893854 -7872.90893854 0.70588235 0.70588235 0.70588235
v -3631.37084990 7985.28137424 -7985.28137424 0.70588235 0.70588235 0.70588235
v -3885.64064606 8131.72798365 -8131.72798365 0.70588235 0.70588235 0.70588235
v -4045.48132206 8302.26867235 -8302.26867235 0.70588235 0.70588235 0.70588235
v -4100.00000000 8485.28137424 -8485.28137424 0.70588235 0.70588235 0.70588235
v -4045.48132206 8668.29407613 -8668.29407613 0.70588235 0.70588235 0.70588235
v -3885.64064606 8838.83476483 -8838.83476483 0.70588235 0.70588235 0.70588235
v -3631.37084990 8985.28137424 -8985.28137424 0.70588235 0.70588235 0.70588235
v -3300.00000000 9097.65380993 -9097.65380993 0.70588235 0.70588235 0.70588235
v -2914.11047216 9168.29407613 -9168.29407613 0.70588235 0.70588235 0.70588235
v -2500.00000000 9773.91749723 -8571.49559630 0.70588235 0.70588235 0.70588235
v -2085.88952784 9748.29917702 -8549.02893246 0.70588235 0.70588235 0.70588235
v -1700.00000000 9673.19006260 -8483.16000696 0.70588235 0.70588235 0.70588235
v -1368.62915010 9553.70871598 -8378.37767821 0.70588235 0.70588235 0.70588235
v -1114.35935394 9397.99759349 -8241.82268875 0.70588235 0.70588235 0.70588235
v -954.51867794 9216.66815079 -8082.80103546 0.70588235 0.70588235 0.70588235
v -900.00000000 9022.07768975 -7912.14978120 0.70588235 0.70588235 0.70588235
v -954.51867794 8827.48722871 -7741.49852694 0.70588235 0.70588235 0.70588235
v -1114.35935394 8646.15778601 -7582.47687365 0.70588235 0.70588235 0.70588235
v -1368.62915010 8490.44666351 -7445.92188420 0.70588235 0.70588235 0.70588235
v -1700.00000000 8370.96531689 -7341.13955545 0.70588235 0.70588235 0.70588235
v -2085.88952784 8295.85620247 -7275.27062994 0.70588235 0.70588235 0.70588235
v -2500.00000000 8270.23788227 -7252.80396610 0.70588235 0.70588235 0.70588235
v -2914.11047216 8295.85620247 -7275.27062994 0.70588235 0.70588235 0.70588235
v -3300.00000000 8370.96531689 -7341.13955545 0.70588235 0.70588235 0.70588235
v -3631.37084990 8490.44666351 -7445.92188420 0.70588235 0.70588235 0.70588235
v -3885.64064606 8646.15778601 -7582.47687365 0.70588235 0.70588235 0.70588235
v -4045.48132206 8827.48722871 -7741.49852694 0.70588235 0.70588235 0.70588235
v -4100.00000000 9022.07768975 -7912.14978120 0.70588235 0.70588235 0.70588235
v -4045.48132206 9216.66815079 -8082.80103546 0.70588235 0.70588235 0.70588235
v -3885.64064606 9397.99759349 -8241.82268875 0.70588235 0.70588235 0.70588235
v -3631.37084990 9553.70871598 -8378.37767821 0.70588235 0.70588235 0.70588235
v -3300.00000000 9673.19006260 -8483.16000696 0.70588235 0.70588235 0.70588235
v -2914.11047216 9748.29917702 -8549.02893246 0.70588235 0.70588235 0.70588235
v -2500.00000000 10313.59342379 -7913.89857711 0.70588235 0.70588235 0.70588235
v -2085.88952784 10286.56056425 -7893.15553443 0.70588235 0.70588235 0.70588235
v -1700.00000000 10207.30423036 -7832.34001047 0.70588235 0.70588235 0.70588235
v -1368.62915010 10081.22561029 -7735.59648268 0.70588235 0.70588235 0.70588235
v -1114.35935394 9916.91675364 -7609.51786261 0.70588235 0.70588235 0.70588235
v -954.51867794 9725.57503746 -7462.69619986 0.70588235 0.70588235 0.70588235
v -900.00000000 9520.24008349 -7305.13714810 0.70588235 0.70588235 0.70588235
v -954.51867794 9314.90512953 -7147.57809635 0.70588235 0.70588235 0.70588235
v -1114.35935394 9123.56341335 -7000.75643360 0.70588235 0.70588235 0.70588235
v -1368.62915010 8959.25455670 -6874.67781353 0.70588235 0.70588235 0.70588235
v -1700.00000000 8833.17593663 -6777.93428574 0.70588235 0.70588235 0.70588235
v -2085.88952784 8753.91960273 -6717.11876178 0.70588235 0.70588235 0.70588235
v -2500.00000000 8726.88674320 -6696.37571910 0.70588235 0.70588235 0.70588235
v -2914.11047216 8753.91960273 -6717.11876178 0.70588235 0.70588235 0.70588235
v -3300.00000000 8833.17593663 -6777.93428574 0.70588235 0.70588235 0.70588235
v -3631.37084990 8959.25455670 -6874.67781353 0.70588235 0.70588235 0.70588235
v -3885.64064606 9123.56341335 -7000.75643360 0.70588235 0.70588235 0.70588235
v -4045.48132206 9314.90512953 -7147.57809635 0.70588235 0.70588235 0.70588235
v -4100.00000000 9520.24008349 -7305.13714810 0.70588235 0.70588235 0.70588235
v -4045.48132206 9725.57503746 -7462.69619986 0.70588235 0.70588235 0.70588235
v -3885.64064606 9916.91675364 -7609.51786261 0.70588235 0.70588235 0.70588235
v -3631.37084990 10081.22561029 -7735.59648268 0.70588235 0.70588235 0.70588235
v -3300.00000000 10207.30423036 -7832.34001047 0.70588235 0.70588235 0.70588235
v -2914.11047216 10286.56056425 -7893.15553443 0.70588235 0.70588235 0.70588235
v -2500.00000000 10809.10495993 -7222.41302925 0.70588235 0.70588235 0.70588235
v -2085.88952784 10780.77331993 -7203.48243263 0.70588235 0.70588235 0.70588235
v -1700.00000000 10697.70915436 -7147.98073162 0.70588235 0.70588235 0.70588235
v -1368.62915010 10565.57314884 -7059.69027543 0.70588235 0.70588235 0.70588235
v -1114.35935394 10393.37015378 -6944.62791275 0.70588235 0.70588235 0.70588235
v -954.51867794 10192.83551872 -6810.63495343 0.70588235 0.70588235 0.70588235
v -900.00000000 9977.63534763 -6666.84279624 0.70588235 0.70588235 0.70588235
v -954.51867794 9762.43517654 -6523.05063904 0.70588235 0.70588235 0.70588235
v -1114.35935394 9561.90054148 -6389.05767973 0.70588235 0.70588235 0.70588235
v -1368.62915010 9389.69754642 -6273.99531704 0.70588235 0.70588235 0.70588235
v -1700.00000000 9257.56154090 -6185.70486085 0.70588235 0.70588235 0.70588235
v -2085.88952784 9174.49737533 -6130.20315984 0.70588235 0.70588235 0.70588235
v -2500.00000000 9146.16573533 -6111.27256322 0.70588235 0.70588235 0.70588235
v -2914.11047216 9174.49737533 -6130.20315984 0.70588235 0.70588235 0.70588235
v -3300.00000000 9257.56154090 -6185.70486085 0.70588235 0.70588235 0.70588235
v -3631.37084990 9389.69754642 -6273.99531704 0.70588235 0.70588235 0.70588235
v -3885.64064606 9561.90054148 -6389.05767973 0.70588235 0.70588235 0.70588235
v -4045.48132206 9762.43517654 -6523.05063904 0.70588235 0.70588235 0.70588235
v -4100.00000000 9977.63534763 -6666.84279624 0.70588235 0.70588235 0.70588235
v -4045.48132206 10192.83551872 -6810.63495343 0.70588235 0.70588235 0.70588235
v -3885.64064606 10393.37015378 -6944.62791275 0.70588235 0.70588235 0.70588235
v -3631.37084990 10565.57314884 -7059.69027543 0.70588235 0.70588235 0.70588235
v -3300.00000000 10697.70915436 -7147.98073162 0.70588235 0.70588235 0.70588235
v -2914.11047216 10780.77331993 -7203.48243263 0.70588235 0.70588235 0.70588235
v -2500.00000000 11258.33024920 -6500.00000000 0.70588235 0.70588235 0.70588235
v -2085.88952784 11228.82114915 -6482.96291314 0.70588235 0.70588235 0.70588235
v -1700.00000000 11142.30484541 -6433.01270189 0.70588235 0.70588235 0.70588235
v -1368.62915010 11004.67728111 -6353.55339059 0.70588235 0.70588235 0.70588235
v -1114.35935394 10825.31754731 -6250.00000000 0.70588235 0.70588235 0.70588235
v -954.51867794 10616.44871346 -6129.40952255 0.70588235 0.70588235 0.70588235
v -900.00000000 10392.30484541 -6000.00000000 0.70588235 0.70588235 0.70588235
v -954.51867794 10168.16097737 -5870.59047745 0.70588235 0.70588235 0.70588235
v -1114.35935394 9959.29214352 -5750.00000000 0.70588235 0.70588235 0.70588235
v -1368.62915010 9779.93240972 -5646.44660941 0.70588235 0.70588235 0.70588235
v -1700.00000000 9642.30484541 -5566.98729811 0.70588235 0.70588235 0.70588235
v -2085.88952784 9555.78854168 -5517.03708686 0.70588235 0.70588235 0.70588235
v -2500.00000000 9526.27944163 -5500.00000000 0.70588235 0.70588235 0.70588235
v -2914.11047216 9555.78854168 -5517.03708686 0.70588235 0.70588235 0.70588235
v -3300.00000000 9642.30484541 -5566.98729811 0.70588235 0.70588235 0.70588235
v -3631.37084990 9779.93240972 -5646.44660941 0.70588235 0.70588235 0.70588235
v -3885.64064606 9959.29214352 -5750.00000000 0.70588235 0.70588235 0.70588235
v -4045.48132206 10168.16097737 -5870.59047745 0.70588235 0.70588235 0.70588235
v -4100.00000000 10392.30484541 -6000.00000000 0.70588235 0.70588235 0.70588235
v -4045.48132206 10616.44871346 -6129.40952255 0.70588235 0.70588235 0.70588235
v -3885.64064606 10825.31754731 -6250.00000000 0.70588235 0.70588235 0.70588235
v -3631.37084990 11004.67728111 -6353.55339059 0.70588235 0.70588235 0.70588235
v -3300.00000000 11142.30484541 -6433.01270189 0.70588235 0.70588235 0.70588235
v -2914.11047216 11228.82114915 -6482.96291314 0.70588235 0.70588235 0.70588235
v -2500.00000000 11659.34563992 -5749.75297285 0.70588235 0.70588235 0.70588235
v -2085.88952784 11628.78544233 -5734.68235119 0.70588235 0.70588235 0.70588235
v -1700.00000000 11539.18747652 -5690.49752416 0.70588235 0.70588235 0.70588235
v -1368.62915010 11396.65769579 -5620.20961472 0.70588235 0.70588235 0.70588235
v -1114.35935394 11210.90926916 -5528.60862774 0.70588235 0.70588235 0.70588235
v -954.51867794 10994.60064493 -5421.93701909 0.70588235 0.70588235 0.70588235
v -900.00000000 10762.47289839 -5307.46428263 0.70588235 0.70588235 0.70588235
v -954.51867794 10530.34515185 -5192.99154617 0.70588235 0.70588235 0.70588235
v -1114.35935394 10314.03652763 -5086.31993752 0.70588235 0.70588235 0.70588235
v -1368.62915010 10128.28810099 -4994.71895053 0.70588235 0.70588235 0.70588235
v -1700.00000000 9985.75832026 -4924.43104109 0.70588235 0.70588235 0.70588235
v -2085.88952784 9896.16035445 -4880.24621407 0.70588235 0.70588235 0.70588235
v -2500.00000000 9865.60015686 -4865.17559241 0.70588235 0.70588235 0.70588235
v -2914.11047216 9896.16035445 -4880.24621407 0.70588235 0.70588235 0.70588235
v -3300.00000000 9985.75832026 -4924.43104109 0.70588235 0.70588235 0.70588235
v -3631.37084990 10128.28810099 -4994.71895053 0.70588235 0.70588235 0.70588235
v -3885.64064606 10314.03652763 -5086.31993752 0.70588235 0.70588235 0.70588235
v -4045.48132206 10530.34515185 -5192.99154617 0.70588235 0.70588235 0.70588235
v -4100.00000000 10762.47289839 -5307.46428263 0.70588235 0.70588235 0.70588235
v -4045.48132206 10994.60064493 -5421.93701909 0.70588235 0.70588235 0.70588235
v -3885.64064606 11210.90926916 -5528.60862774 0.70588235 0.70588235 0.70588235
v -3631.37084990 11396.65769579 -5620.20961472 0.70588235 0.70588235 0.70588235
v -3300.00000000 11539.18747652 -5690.49752416 0.70588235 0.70588235 0.70588235
v -2914.11047216 11628.78544233 -5734.68235119 0.70588235 0.70588235 0.70588235
v -2500.00000000 12010.43392265 -4974.88462075 0.70588235 0.70588235 0.70588235
v -2085.88952784 11978.95349097 -4961.84499900 0.70588235 0.70588235 0.70588235
v -1700.00000000 11886.65753533 -4923.61476242 0.70588235 0.70588235 0.70588235
v -1368.62915010 11739.83587257 -4862.79923845 0.70588235 0.70588235 0.70588235
v -1114.35935394 11548.49415639 -4783.54290456 0.70588235 0.70588235 0.70588235
v -954.51867794 11325.67200853 -4691.24694892 0.70588235 0.70588235 0.70588235
v -900.00000000 11086.55439014 -4592.20118838 0.70588235 0.70588235 0.70588235
v -954.51867794 10847.43677174 -4493.15542784 0.70588235 0.70588235 0.70588235
v -1114.35935394 10624.61462388 -4400.85947220 0.70588235 0.70588235 0.70588235
v -1368.62915010 10433.27290770 -4321.60313831 0.70588235 0.70588235 0.70588235
v -1700.00000000 10286.45124494 -4260.78761435 0.70588235 0.70588235 0.70588235
v -2085.88952784 10194.15528930 -4222.55737777 0.70588235 0.70588235 0.70588235
v -2500.00000000 10162.67485762 -4209.51775602 0.70588235 0.70588235 0.70588235
v -2914.11047216 10194.15528930 -4222.55737777 0.70588235 0.70588235 0.70588235
v -3300.00000000 10286.45124494 -4260.78761435 0.70588235 0.70588235 0.70588235
v -3631.37084990 10433.27290770 -4321.60313831 0.70588235 0.70588235 0.70588235
v -3885.64064606 10624.61462388 -4400.85947220 0.70588235 0.70588235 0.70588235
v -4045.48132206 10847.43677174 -4493.15542784 0.70588235 0.70588235 0.70588235
v -4100.00000000 11086.55439014 -4592.20118838 0.70588235 0.70588235 0.70588235
v -4045.48132206 11325.67200853 -4691.24694892 0.70588235 0.70588235 0.70588235
v -3885.64064606 11548.49415639 -4783.54290456 0.70588235 0.70588235 0.70588235
v -3631.37084990 11739.83587257 -4862.79923845 0.70588235 0.70588235 0.70588235
v -3300.00000000 11886.65753533 -4923.61476242 0.70588235 0.70588235 0.70588235
v -2914.11047216 11978.95349097 -4961.84499900 0.70588235 0.70588235 0.70588235
v -2500.00000000 12310.09168344 -4178.71304894 0.70588235 0.70588235 0.70588235
v -2085.88952784 12277.82582171 -4167.76026476 0.70588235 0.70588235 0.70588235
v -1700.00000000 12183.22710169 -4135.64832637 0.70588235 0.70588235 0.70588235
v -1368.62915010 12032.74226982 -4084.56560929 0.70588235 0.70588235 0.70588235
v -1114.35935394 11836.62661869 -4017.99331629 0.70588235 0.70588235 0.70588235
v -954.51867794 11608.24510584 -3940.46823911 0.70588235 0.70588235 0.70588235
v -900.00000000 11363.16155394 -3857.27358364 0.70588235 0.70588235 0.70588235
v -954.51867794 11118.07800205 -3774.07892817 0.70588235 0.70588235 0.70588235
v -1114.35935394 10889.69648919 -3696.55385099 0.70588235 0.70588235 0.70588235
v -1368.62915010 10693.58083807 -3629.98155798 0.70588235 0.70588235 0.70588235
v -1700.00000000 10543.09600619 -3578.89884091 0.70588235 0.70588235 0.70588235
v -2085.88952784 10448.49728617 -3546.78690251 0.70588235 0.70588235 0.70588235
v -2500.00000000 10416.23142445 -3535.83411833 0.70588235 0.70588235 0.70588235
v -2914.11047216 10448.49728617 -3546.78690251 0.70588235 0.70588235 0.70588235
v -3300.00000000 10543.09600619 -3578.89884091 0.70588235 0.70588235 0.70588235
v -3631.37084990 10693.58083807 -3629.98155798 0.70588235 0.70588235 0.70588235
v -3885.64064606 10889.69648919 -3696.55385099 0.70588235 0.70588235 0.70588235
v -4045.48132206 11118.07800205 -3774.07892817 0.70588235 0.70588235 0.70588235
v -4100.00000000 11363.16155394 -3857.27358364 0.70588235 0.70588235 0.70588235
v -4045.48132206 11608.24510584 -3940.46823911 0.70588235 0.70588235 0.70588235
v -3885.64064606 11836.62661869 -4017.99331629 0.70588235 0.70588235 0.70588235
v -3631.37084990 12032.74226982 -4084.56560929 0.70588235 0.70588235 0.70588235
v -3300.00000000 12183.22710169 -4135.64832637 0.70588235 0.70588235 0.70588235
v -2914.11047216 12277.82582171 -4167.76026476 0.70588235 0.70588235 0.70588235
v -2500.00000000 12557.03574176 -3364.64758633 0.70588235 0.70588235 0.70588235
v -2085.88952784 12524.12261736 -3355.82854123 0.70588235 0.70588235 0.70588235
v -1700.00000000 12427.62621921 -3329.97240927 0.70588235 0.70588235 0.70588235
v -1368.62915010 12274.12261736 -3288.84124312 0.70588235 0.70588235 0.70588235
v -1114.35935394 12074.07282861 -3235.23806378 0.70588235 0.70588235 0.70588235
v -954.51867794 11841.10991547 -3172.81583934 0.70588235 0.70588235 0.70588235
v -900.00000000 11591.10991547 -3105.82854123 0.70588235 0.70588235 0.70588235
v -954.51867794 11341.10991547 -3038.84124312 0.70588235 0.70588235 0.70588235
v -1114.35935394 11108.14700232 -2976.41901868 0.70588235 0.70588235 0.70588235
v -1368.62915010 10908.09721358 -2922.81583934 0.70588235 0.70588235 0.70588235
v -1700.00000000 10754.59361173 -2881.68467319 0.70588235 0.70588235 0.70588235
v -2085.88952784 10658.09721358 -2855.82854123 0.70588235 0.70588235 0.70588235
v -2500.00000000 10625.18408918 -2847.00949613 0.70588235 0.70588235 0.70588235
v -2914.11047216 10658.09721358 -2855.82854123 0.70588235 0.70588235 0.70588235
v -3300.00000000 10754.59361173 -2881.68467319 0.70588235 0.70588235 0.70588235
v -3631.37084990 10908.09721358 -2922.81583934 0.70588235 0.70588235 0.70588235
v -3885.64064606 11108.14700232 -2976.41901868 0.70588235 0.70588235 0.70588235
v -4045.48132206 11341.10991547 -3038.84124312 0.70588235 0.70588235 0.70588235
v -4100.00000000 11591.10991547 -3105.82854123 0.70588235 0.70588235 0.70588235
v -4045.48132206 11841.10991547 -3172.81583934 0.70588235 0.70588235 0.70588235
v -3885.64064606 12074.07282861 -3235.23806378 0.70588235 0.70588235 0.70588235
v -3631.37084990 12274.12261736 -3288.84124312 0.70588235 0.70588235 0.70588235
v -3300.00000000 12427.62621921 -3329.97240927 0.70588235 0.70588235 0.70588235
v -2914.11047216 12524.12261736 -3355.82854123 0.70588235 0.70588235 0.70588235
v -2500.00000000 12750.20864524 -2536.17418621 0.70588235 0.70588235 0.70588235
v -2085.88952784 12716.78919722 -2529.52664469 0.70588235 0.70588235 0.70588235
v -1700.00000000 12618.80833333 -2510.03703909 0.70588235 0.70588235 0.70588235
v -1368.62915010 12462.94328750 -2479.03355384 0.70588235 0.70588235 0.70588235
v -1114.35935394 12259.81600504 -2438.62902520 0.70588235 0.70588235 0.70588235
v -954.51867794 12023.26927456 -2391.57695505 0.70588235 0.70588235 0.70588235
v -900.00000000 11769.42336484 -2341.08386419 0.70588235 0.70588235 0.70588235
v -954.51867794 11515.57745511 -2290.59077334 0.70588235 0.70588235 0.70588235
v -1114.35935394 11279.03072464 -2243.53870319 0.70588235 0.70588235 0.70588235
v -1368.62915010 11075.90344218 -2203.13417455 0.70588235 0.70588235 0.70588235
v -1700.00000000 10920.03839635 -2172.13068930 0.70588235 0.70588235 0.70588235
v -2085.88952784 10822.05753245 -2152.64108370 0.70588235 0.70588235 0.70588235
v -2500.00000000 10788.63808444 -2145.99354218 0.70588235 0.70588235 0.70588235
v -2914.11047216 10822.05753245 -2152.64108370 0.70588235 0.70588235 0.70588235
v -3300.00000000 10920.03839635 -2172.13068930 0.70588235 0.70588235 0.70588235
v -3631.37084990 11075.90344218 -2203.13417455 0.70588235 0.70588235 0.70588235
v -3885.64064606 11279.03072464 -2243.53870319 0.70588235 0.70588235 0.70588235
v -4045.48132206 11515.57745511 -2290.59077334 0.70588235 0.70588235 0.70588235
v -4100.00000000 11769.42336484 -2341.08386419 0.70588235 0.70588235 0.70588235
v -4045.48132206 12023.26927456 -2391.57695505 0.70588235 0.70588235 0.70588235
v -3885.64064606 12259.81600504 -2438.62902520 0.70588235 0.70588235 0.70588235
v -3631.37084990 12462.94328750 -2479.03355384 0.70588235 0.70588235 0.70588235
v -3300.00000000 12618.80833333 -2510.03703909 0.70588235 0.70588235 0.70588235
v -2914.11047216 12716.78919722 -2529.52664469 0.70588235 0.70588235 0.70588235
v -2500.00000000 12888.78319786 -1696.84049886 0.70588235 0.70588235 0.70588235
v -2085.88952784 12855.00053343 -1692.39292671 0.70588235 0.70588235 0.70588235
v -1700.00000000 12755.95477289 -1679.35330496 0.70588235 0.70588235 0.70588235
v -1368.62915010 12598.39572114 -1658.61026228 0.70588235 0.70588235 0.70588235
v -1114.35935394 12393.06076717 -1631.57740275 0.70588235 0.70588235 0.70588235
v -954.51867794 12153.94314878 -1600.09697107 0.70588235 0.70588235 0.70588235
v -900.00000000 11897.33833649 -1566.31430664 0.70588235 0.70588235 0.70588235
v -954.51867794 11640.73352419 -1532.53164221 0.70588235 0.70588235 0.70588235
v -1114.35935394 11401.61590580 -1501.05121053 0.70588235 0.70588235 0.70588235
v -1368.62915010 11196.28095184 -1474.01835100 0.70588235 0.70588235 0.70588235
v -1700.00000000 11038.72190008 -1453.27530832 0.70588235 0.70588235 0.70588235
v -2085.88952784 10939.67613954 -1440.23568657 0.70588235 0.70588235 0.70588235
v -2500.00000000 10905.89347511 -1435.78811442 0.70588235 0.70588235 0.70588235
v -2914.11047216 10939.67613954 -1440.23568657 0.70588235 0.70588235 0.70588235
v -3300.00000000 11038.72190008 -1453.27530832 0.70588235 0.70588235 0.70588235
v -3631.37084990 11196.28095184 -1474.01835100 0.70588235 0.70588235 0.70588235
v -3885.64064606 11401.61590580 -1501.05121053 0.70588235 0.70588235 0.70588235
v -4045.48132206 11640.73352419 -1532.53164221 0.70588235 0.70588235 0.70588235
v -4100.00000000 11897.33833649 -1566.31430664 0.70588235 0.70588235 0.70588235
v -4045.48132206 12153.94314878 -1600.09697107 0.70588235 0.70588235 0.70588235
v -3885.64064606 12393.06076717 -1631.57740275 0.70588235 0.70588235 0.70588235
v -3631.37084990 12598.39572114 -1658.61026228 0.70588235 0.70588235 0.70588235
v -3300.00000000 12755.95477289 -1679.35330496 0.70588235 0.70588235 0.70588235
v -2914.11047216 12855.00053343 -1692.39292671 0.70588235 0.70588235 0.70588235
v -2500.00000000 12972.16600210 -850.24067999 0.70588235 0.70588235 0.70588235
v -2085.88952784 12938.16478381 -848.01212241 0.70588235 0.70588235 0.70588235
v -1700.00000000 12838.47825578 -841.47832216 0.70588235 0.70588235 0.70588235
v -1368.62915010 12679.89989015 -831.08454695 0.70588235 0.70588235 0.70588235
v -1114.35935394 12473.23654048 -817.53911538 0.70588235 0.70588235 0.70588235
v -954.51867794 12232.57197252 -801.76512622 0.70588235 0.70588235 0.70588235
v -900.00000000 11974.30707886 -784.83755076 0.70588235 0.70588235 0.70588235
v -954.51867794 11716.04218520 -767.90997531 0.70588235 0.70588235 0.70588235
v -1114.35935394 11475.37761724 -752.13598615 0.70588235 0.70588235 0.70588235
v -1368.62915010 11268.71426757 -738.59055457 0.70588235 0.70588235 0.70588235
v -1700.00000000 11110.13590195 -728.19677936 0.70588235 0.70588235 0.70588235
v -2085.88952784 11010.44937391 -721.66297912 0.70588235 0.70588235 0.70588235
v -2500.00000000 10976.44815562 -719.43442153 0.70588235 0.70588235 0.70588235
v -2914.11047216 11010.44937391 -721.66297912 0.70588235 0.70588235 0.70588235
v -3300.00000000 11110.13590195 -728.19677936 0.70588235 0.70588235 0.70588235
v -3631.37084990 11268.71426757 -738.59055457 0.70588235 0.70588235 0.70588235
v -3885.64064606 11475.37761724 -752.13598615 0.70588235 0.70588235 0.70588235
v -4045.48132206 11716.04218520 -767.90997531 0.70588235 0.70588235 0.70588235
v -4100.00000000 11974.30707886 -784.83755076 0.70588235 0.70588235 0.70588235
v -4045.48132206 12232.57197252 -801.76512622 0.70588235 0.70588235 0.70588235
v -3885.64064606 12473.23654048 -817.53911538 0.70588235 0.70588235 0.70588235
v -3631.37084990 12679.89989015 -831.08454695 0.70588235 0.70588235 0.70588235
v -3300.00000000 12838.47825578 -841.47832216 0.70588235 0.70588235 0.70588235
v -2914.11047216 12938.16478381 -848.01212241 0.70588235 0.70588235 0.70588235
v -2500.00000000 13000.00000000 -0.00000000 0.70588235 0.70588235 0.70588235
v -2085.88952784 12965.92582629 -0.00000000 0.70588235 0.70588235 0.70588235
v -1700.00000000 12866.02540378 -0.00000000 0.70588235 0.70588235 0.70588235
v -1368.62915010 12707.10678119 -0.00000000 0.70588235 0.70588235 0.70588235
v -1114.35935394 12500.00000000 -0.00000000 0.70588235 0.70588235 0.70588235
v -954.51867794 12258.81904510 -0.00000000 0.70588235 0.70588235 0.70588235
v -900.00000000 12000.00000000 -0.00000000 0.70588235 0.70588235 0.70588235
v -954.51867794 11741.18095490 -0.00000000 0.70588235 0.70588235 0.70588235
v -1114.35935394 11500.00000000 -0.00000000 0.70588235 0.70588235 0.70588235
v -1368.62915010 11292.89321881 -0.00000000 0.70588235 0.70588235 0.70588235
v -1700.00000000 11133.97459622 -0.00000000 0.70588235 0.70588235 0.70588235
v -2085.88952784 11034.07417371 -0.00000000 0.70588235 0.70588235 0.70588235
v -2500.00000000 11000.00000000 -0.00000000 0.70588235 0.70588235 0.70588235
v -2914.11047216 11034.07417371 -0.00000000 0.70588235 0.70588235 0.70588235
v -3300.00000000 11133.97459622 -0.00000000 0.70588235 0.70588235 0.70588235
v -3631.37084990 11292.89321881 -0.00000000 0.70588235 0.70588235 0.70588235
v -3885.64064606 11500.00000000 -0.00000000 0.70588235 0.70588235 0.70588235
v -4045.48132206 11741.18095490 -0.00000000 0.70588235 0.70588235 0.70588235
v -4100.00000000 12000.00000000 -0.00000000 0.70588235 0.70588235 0.70588235
v -4045.48132206 12258.81904510 -0.00000000 0.70588235 0.70588235 0.70588235
v -3885.64064606 12500.00000000 -0.00000000 0.70588235 0.70588235 0.70588235
v -3631.37084990 12707.10678119 -0.00000000 0.70588235 0.70588235 0.70588235
v -3300.00000000 12866.02540378 -0.00000000 0.70588235 0.70588235 0.70588235
v -2914.11047216 12965.92582629 -0.00000000 0.70588235 0.70588235 0.70588235
v -2500.00000000 12972.16600210 850.24067999 0.70588235 0.70588235 0.70588235
v -2085.88952784 12938.16478381 848.01212241 0.70588235 0.70588235 0.70588235
v -1700.00000000 12838.47825578 841.47832216 0.70588235 0.70588235 0.70588235
v -1368.62915010 12679.89989015 831.08454695 0.70588235 0.70588235 0.70588235
v -1114.35935394 12473.23654048 817.53911538 0.70588235 0.70588235 0.70588235
v -954.51867794 12232.57197252 801.76512622 0.70588235 0.70588235 0.70588235
v -900.00000000 11974.30707886 784.83755076 0.70588235 0.70588235 0.70588235
v -954.51867794 11716.04218520 767.90997531 0.70588235 0.70588235 0.70588235
v -1114.35935394 11475.37761724 752.13598615 0.70588235 0.70588235 0.70588235
v -1368.62915010 11268.71426757 738.59055457 0.70588235 0.70588235 0.70588235
v -1700.00000000 11110.13590195 728.19677936 0.70588235 0.70588235 0.70588235
v -2085.88952784 11010.44937391 721.66297912 0.70588235 0.70588235 0.70588235
v -2500.00000000 10976.44815562 719.43442153 0.70588235 0.70588235 0.70588235
v -2914.11047216 11010.44937391 721.66297912 0.70588235 0.70588235 0.70588235
v -3300.00000000 11110.13590195 728.19677936 0.70588235 0.70588235 0.70588235
v -3631.37084990 11268.71426757 738.59055457 0.70588235 0.70588235 0.70588235
v -3885.64064606 11475.37761724 752.13598615 0.70588235 0.70588235 0.70588235
v -4045.48132206 11716.04218520 767.90997531 0.70588235 0.70588235 0.70588235
v -4100.00000000 11974.30707886 784.83755076 0.70588235 0.70588235 0.70588235
v -4045.48132206 12232.57197252 801.76512622 0.70588235 0.70588235 0.70588235
v -3885.64064606 12473.23654048 817.53911538 0.70588235 0.70588235 0.70588235
v -3631.37084990 12679.89989015 831.08454695 0.70588235 0.70588235 0.70588235
v -3300.00000000 12838.47825578 841.47832216 0.70588235 0.70588235 0.70588235
v -2914.11047216 12938.16478381 848.01212241 0.70588235 0.70588235 0.70588235
v -2500.00000000 12888.78319786 1696.84049886 0.70588235 0.70588235 0.70588235
v -2085.88952784 12855.00053343 1692.39292671 0.70588235 0.70588235 0.70588235
v -1700.00000000 12755.95477289 1679.35330496 0.70588235 0.70588235 0.70588235
v -1368.62915010 12598.39572114 1658.61026228 0.70588235 0.70588235 0.70588235
v -1114.35935394 12393.06076717 1631.57740275 0.70588235 0.70588235 0.70588235
v -954.51867794 12153.94314878 1600.09697107 0.70588235 0.70588235 0.70588235
v -900.00000000 11897.33833649 1566.31430664 0.70588235 0.70588235 0.70588235
v -954.51867794 11640.73352419 1532.53164221 0.70588235 0.70588235 0.70588235
v -1114.35935394 11401.61590580 1501.05121053 0.70588235 0.70588235 0.70588235
v -1368.62915010 11196.28095184 1474.01835100 0.70588235 0.70588235 0.70588235
v -1700.00000000 11038.72190008 1453.27530832 0.70588235 0.70588235 0.70588235
v -2085.88952784 10939.67613954 1440.23568657 0.70588235 0.70588235 0.70588235
v -2500.00000000 10905.89347511 1435.78811442 0.70588235 0.70588235 0.70588235
v -2914.11047216 10939.67613954 1440.23568657 0.70588235 0.70588235 0.70588235
v -3300.00000000 11038.72190008 1453.27530832 0.70588235 0.70588235 0.70588235
v -3631.37084990 11196.28095184 1474.01835100 0.70588235 0.70588235 0.70588235
v -3885.64064606 11401.61590580 1501.05121053 0.70588235 0.70588235 0.70588235
v -4045.48132206 11640.73352419 1532.53164221 0.70588235 0.70588235 0.70588235
v -4100.00000000 11897.33833649 1566.31430664 0.70588235 0.70588235 0.70588235
v -4045.48132206 12153.94314878 1600.09697107 0.70588235 0.70588235 0.70588235
v -3885.64064606 12393.06076717 1631.57740275 0.70588235 0.70588235 0.70588235
v -3631.37084990 12598.39572114 1658.61026228 0.70588235 0.70588235 0.70588235
v -3300.00000000 12755.95477289 1679.35330496 0.70588235 0.70588235 0.70588235
v -2914.11047216 12855.00053343 1692.39292671 0.70588235 0.70588235 0.70588235
v -2500.00000000 12750.20864524 2536.17418621 0.70588235 0.70588235 0.70588235
v -2085.88952784 12716.78919722 2529.52664469 0.70588235 0.70588235 0.70588235
v -1700.00000000 12618.80833333 2510.03703909 0.70588235 0.70588235 0.70588235
v -1368.62915010 12462.94328750 2479.03355384 0.70588235 0.70588235 0.70588235
v -1114.35935394 12259.81600504 2438.62902520 0.70588235 0.70588235 0.70588235
v -954.51867794 12023.26927456 2391.57695505 0.70588235 0.70588235 0.70588235
v -900.00000000 11769.42336484 2341.08386419 0.70588235 0.70588235 0.70588235
v -954.51867794 11515.57745511 2290.59077334 0.70588235 0.70588235 0.70588235
v -1114.35935394 11279.03072464 2243.53870319 0.70588235 0.70588235 0.70588235
v -1368.62915010 11075.90344218 2203.13417455 0.70588235 0.70588235 0.70588235
v -1700.00000000 10920.03839635 2172.13068930 0.70588235 0.70588235 0.70588235
v -2085.88952784 10822.05753245 2152.64108370 0.70588235 0.70588235 0.70588235
v -2500.00000000 10788.63808444 2145.99354218 0.70588235 0.70588235 0.70588235
v -2914.11047216 10822.05753245 2152.64108370 0.70588235 0.70588235 0.70588235
v -3300.00000000 10920.03839635 2172.13068930 0.70588235 0.70588235 0.70588235
v -3631.37084990 11075.90344218 2203.13417455 0.70588235 0.70588235 0.70588235
v -3885.64064606 11279.03072464 2243.53870319 0.70588235 0.70588235 0.70588235
v -4045.48132206 11515.57745511 2290.59077334 0.70588235 0.70588235 0.70588235
v -4100.00000000 11769.42336484 2341.08386419 0.70588235 0.70588235 0.70588235
v -4045.48132206 12023.26927456 2391.57695505 0.70588235 0.70588235 0.70588235
v -3885.64064606 12259.81600504 2438.62902520 0.70588235 0.70588235 0.70588235
v -3631.37084990 12462.94328750 2479.03355384 0.70588235 0.70588235 0.70588235
v -3300.00000000 12618.80833333 2510.03703909 0.70588235 0.70588235 0.70588235
v -2914.11047216 12716.78919722 2529.52664469 0.70588235 0.70588235 0.70588235
v -2500.00000000 12557.03574176 3364.64758633 0.70588235 0.70588235 0.70588235
v -2085.88952784 12524.12261736 3355.82854123 0.70588235 0.70588235 0.70588235
v -1700.00000000 12427.62621921 3329.97240927 0.70588235 0.70588235 0.70588235
v -1368.62915010 12274.12261736 3288.84124312 0.70588235 0.70588235 0.70588235
v -1114.35935394 12074.07282861 3235.23806378 0.70588235 0.70588235 0.70588235
v -954.51867794 11841.10991547 3172.81583934 0.70588235 0.70588235 0.70588235
v -900.00000000 11591.10991547 3105.82854123 0.70588235 0.70588235 0.70588235
v -954.51867794 11341.10991547 3038.84124312 0.70588235 0.70588235 0.70588235
v -1114.35935394 11108.14700232 2976.41901868 0.70588235 0.70588235 0.70588235
v -1368.62915010 10908.09721358 2922.81583934 0.70588235 0.70588235 0.70588235
v -1700.00000000 10754.59361173 2881.68467319 0.70588235 0.70588235 0.70588235
v -2085.88952784 10658.09721358 2855.82854123 0.70588235 0.70588235 0.70588235
v -2500.00000000 10625.18408918 2847.00949613 0.70588235 0.70588235 0.70588235
v -2914.11047216 10658.09721358 2855.82854123 0.70588235 0.70588235 0.70588235
v -3300.00000000 10754.59361173 2881.68467319 0.70588235 0.70588235 0.70588235
v -3631.37084990 10908.09721358 2922.81583934 0.70588235 0.70588235 0.70588235
v -3885.64064606 11108.14700232 2976.41901868 0.70588235 0.70588235 0.70588235
v -4045.48132206 11341.10991547 3038.84124312 0.70588235 0.70588235 0.70588235
v -4100.00000000 11591.10991547 3105.82854123 0.70588235 0.70588235 0.70588235
v -4045.48132206 11841.10991547 3172.81583934 0.70588235 0.70588235 0.70588235
v -3885.64064606 12074.07282861 3235.23806378 0.70588235 0.70588235 0.70588235
v -3631.37084990 12274.12261736 3288.84124312 0.70588235 0.70588235 0.70588235
v -3300.00000000 12427.62621921 3329.97240927 0.70588235 0.70588235 0.70588235
v -2914.11047216 12524.12261736 3355.82854123 0.70588235 0.70588235 0.70588235
v -2500.00000000 12310.09168344 4178.71304894 0.70588235 0.70588235 0.70588235
v -2085.88952784 12277.82582171 4167.76026476 0.70588235 0.70588235 0.70588235
v -1700.00000000 12183.22710169 4135.64832637 0.70588235 0.70588235 0.70588235
v -1368.62915010 12032.74226982 4084.56560929 0.70588235 0.70588235 0.70588235
v -1114.35935394 11836.62661869 4017.99331629 0.70588235 0.70588235 0.70588235
v -954.51867794 11608.24510584 3940.46823911 0.70588235 0.70588235 0.70588235
v -900.00000000 11363.16155394 3857.27358364 0.70588235 0.70588235 0.70588235
v -954.51867794 11118.07800205 3774.07892817 0.70588235 0.70588235 0.70588235
v -1114.35935394 10889.69648919 3696.55385099 0.70588235 0.70588235 0.70588235
v -1368.62915010 10693.58083807 3629.98155798 0.70588235 0.70588235 0.70588235
v -1700.00000000 10543.09600619 3578.89884091 0.70588235 0.70588235 0.70588235
v -2085.88952784 10448.49728617 3546.78690251 0.70588235 0.70588235 0.70588235
v -2500.00000000 10416.23142445 3535.83411833 0.70588235 0.70588235 0.70588235
v -2914.11047216 10448.49728617 3546.78690251 0.70588235 0.70588235 0.70588235
v -3300.00000000 10543.09600619 3578.89884091 0.70588235 0.70588235 0.70588235
v -3631.37084990 10693.58083807 3629.98155798 0.70588235 0.70588235 0.70588235
v -3885.64064606 10889.69648919 3696.55385099 0.70588235 0.70588235 0.70588235
v -4045.48132206 11118.07800205 3774.07892817 0.70588235 0.70588235 0.70588235
v -4100.00000000 11363.16155394 3857.27358364 0.70588235 0.70588235 0.70588235
v -4045.48132206 11608.24510584 3940.46823911 0.70588235 0.70588235 0.70588235
v -3885.64064606 11836.62661869 4017.99331629 0.70588235 0.70588235 0.70588235
v -3631.37084990 12032.74226982 4084.56560929 0.70588235 0.70588235 0.70588235
v -3300.00000000 12183.22710169 4135.64832637 0.70588235 0.70588235 0.70588235
v -2914.11047216 12277.82582171 4167.76026476 0.70588235 0.70588235 0.70588235
v -2500.00000000 12010.43392265 4974.88462075 0.70588235 0.70588235 0.70588235
v -2085.88952784 11978.95349097 4961.84499900 0.70588235 0.70588235 0.70588235
v -1700.00000000 11886.65753533 4923.61476242 0.70588235 0.70588235 0.70588235
v -1368.62915010 11739.83587257 4862.79923845 0.70588235 0.70588235 0.70588235
v -1114.35935394 11548.49415639 4783.54290456 0.70588235 0.70588235 0.70588235
v -954.51867794 11325.67200853 4691.24694892 0.70588235 0.70588235 0.70588235
v -900.00000000 11086.55439014 4592.20118838 0.70588235 0.70588235 0.70588235
v -954.51867794 10847.43677174 4493.15542784 0.70588235 0.70588235 0.70588235
v -1114.35935394 10624.61462388 4400.85947220 0.70588235 0.70588235 0.70588235
v -1368.62915010 10433.27290770 4321.60313831 0.70588235 0.70588235 0.70588235
v -1700.00000000 10286.45124494 4260.78761435 0.70588235 0.70588235 0.70588235
v -2085.88952784 10194.15528930 4222.55737777 0.70588235 0.70588235 0.70588235
v -2500.00000000 10162.67485762 4209.51775602 0.70588235 0.70588235 0.70588235
v -2914.11047216 10194.15528930 4222.55737777 0.70588235 0.70588235 0.70588235
v -3300.00000000 10286.45124494 4260.78761435 0.70588235 0.70588235 0.70588235
v -3631.37084990 10433.27290770 4321.60313831 0.70588235 0.70588235 0.70588235
v -3885.64064606 10624.61462388 4400.85947220 0.70588235 0.70588235 0.70588235
v -4045.48132206 10847.43677174 4493.15542784 0.70588235 0.70588235 0.70588235
v -4100.00000000 11086.55439014 4592.20118838 0.70588235 0.70588235 0.70588235
v -4045.48132206 11325.67200853 4691.24694892 0.70588235 0.70588235 0.70588235
v -3885.64064606 11548.49415639 4783.54290456 0.70588235 0.70588235 0.70588235
v -3631.37084990 11739.83587257 4862.79923845 0.70588235 0.70588235 0.70588235
v -3300.00000000 11886.65753533 4923.61476242 0.70588235 0.70588235 0.70588235
v -2914.11047216 11978.95349097 4961.84499900 0.70588235 0.70588235 0.70588235
v -2500.00000000 11659.34563992 5749.75297285 0.70588235 0.70588235 0.70588235
v -2085.88952784 11628.78544233 5734.68235119 0.70588235 0.70588235 0.70588235
v -1700.00000000 11539.18747652 5690.49752416 0.70588235 0.70588235 0.70588235
v -1368.62915010 11396.65769579 5620.20961472 0.70588235 0.70588235 0.70588235
v -1114.35935394 11210.90926916 5528.60862774 0.70588235 0.70588235 0.70588235
v -954.51867794 10994.60064493 5421.93701909 0.70588235 0.70588235 0.70588235
v -900.00000000 10762.47289839 5307.46428263 0.70588235 0.70588235 0.70588235
v -954.51867794 10530.34515185 5192.99154617 0.70588235 0.70588235 0.70588235
v -1114.35935394 10314.03652763 5086.31993752 0.70588235 0.70588235 0.70588235
v -1368.62915010 10128.28810099 4994.71895053 0.70588235 0.70588235 0.70588235
v -1700.00000000 9985.75832026 4924.43104109 0.70588235 0.70588235 0.70588235
v -2085.88952784 9896.16035445 4880.24621407 0.70588235 0.70588235 0.70588235
v -2500.00000000 9865.60015686 4865.17559241 0.70588235 0.70588235 0.70588235
v -2914.11047216 9896.16035445 4880.24621407 0.70588235 0.70588235 0.70588235
v -3300.00000000 9985.75832026 4924.43104109 0.70588235 0.70588235 0.70588235
v -3631.37084990 10128.28810099 4994.71895053 0.70588235 0.70588235 0.70588235
v -3885.64064606 10314.03652763 5086.31993752 0.70588235 0.70588235 0.70588235
v -4045.48132206 10530.34515185 5192.99154617 0.70588235 0.70588235 0.70588235
v -4100.00000000 10762.47289839 5307.46428263 0.70588235 0.70588235 0.70588235
v -4045.48132206 10994.60064493 5421.93701909 0.70588235 0.70588235 0.70588235
v -3885.64064606 11210.90926916 5528.60862774 0.70588235 0.70588235 0.70588235
v -3631.37084990 11396.65769579 5620.20961472 0.70588235 0.70588235 0.70588235
v -3300.00000000 11539.18747652 5690.49752416 0.70588235 0.70588235 0.70588235
v -2914.11047216 11628.78544233 5734.68235119 0.70588235 0.70588235 0.70588235
v -2500.00000000 11258.33024920 6500.00000000 0.70588235 0.70588235 0.70588235
v -2085.88952784 11228.82114915 6482.96291314 0.70588235 0.70588235 0.70588235
v -1700.00000000 11142.30484541 6433.01270189 0.70588235 0.70588235 0.70588235
v -1368.62915010 11004.67728111 6353.55339059 0.70588235 0.70588235 0.70588235
v -1114.35935394 10825.31754731 6250.00000000 0.70588235 0.70588235 0.70588235
v -954.51867794 10616.44871346 6129.40952255 0.70588235 0.70588235 0.70588235
v -900.00000000 10392.30484541 6000.00000000 0.70588235 0.70588235 0.70588235
v -954.51867794 10168.16097737 5870.59047745 0.70588235 0.70588235 0.70588235
v -1114.35935394 9959.29214352 5750.00000000 0.70588235 0.70588235 0.70588235
v -1368.62915010 9779.93240972 5646.44660941 0.70588235 0.70588235 0.70588235
v -1700.00000000 9642.30484541 5566.98729811 0.70588235 0.70588235 0.70588235
v -2085.88952784 9555.78854168 5517.03708686 0.70588235 0.70588235 0.70588235
v -2500.00000000 9526.27944163 5500.00000000 0.70588235 0.70588235 0.70588235
v -2914.11047216 9555.78854168 5517.03708686 0.70588235 0.70588235 0.70588235
v -3300.00000000 9642.30484541 5566.98729811 0.70588235 0.70588235 0.70588235
v -3631.37084990 9779.93240972 5646.44660941 0.70588235 0.70588235 0.70588235
v -3885.64064606 9959.29214352 5750.00000000 0.70588235 0.70588235 0.70588235
v -4045.48132206 10168.16097737 5870.59047745 0.70588235 0.70588235 0.70588235
v -4100.00000000 10392.30484541 6000.00000000 0.70588235 0.70588235 0.70588235
v -4045.48132206 10616.44871346 6129.40952255 0.70588235 0.70588235 0.70588235
v -3885.64064606 10825.31754731 6250.00000000 0.70588235 0.70588235 0.70588235
v -3631.37084990 11004.67728111 6353.55339059 0.70588235 0.70588235 0.70588235
v -3300.00000000 11142.30484541 6433.01270189 0.70588235 0.70588235 0.70588235
v -2914.11047216 11228.82114915 6482.96291314 0.70588235 0.70588235 0.70588235
v -2500.00000000 10809.10495993 7222.41302925 0.70588235 0.70588235 0.70588235
v -2085.88952784 10780.77331993 7203.48243263 0.70588235 0.70588235 0.70588235
v -1700.00000000 10697.70915436 7147.98073162 0.70588235 0.70588235 0.70588235
v -1368.62915010 10565.57314884 7059.69027543 0.70588235 0.70588235 0.70588235
v -1114.35935394 10393.37015378 6944.62791275 0.70588235 0.70588235 0.70588235
v -954.51867794 10192.83551872 6810.63495343 0.70588235 0.70588235 0.70588235
v -900.00000000 9977.63534763 6666.84279624 0.70588235 0.70588235 0.70588235
v -954.51867794 9762.43517654 6523.05063904 0.70588235 0.70588235 0.70588235
v -1114.35935394 9561.90054148 6389.05767973 0.70588235 0.70588235 0.70588235
v -1368.62915010 9389.69754642 6273.99531704 0.70588235 0.70588235 0.70588235
v -1700.00000000 9257.56154090 6185.70486085 0.70588235 0.70588235 0.70588235
v -2085.88952784 9174.49737533 6130.20315984 0.70588235 0.70588235 0.70588235
v -2500.00000000 9146.16573533 6111.27256322 0.70588235 0.70588235 0.70588235
v -2914.11047216 9174.49737533 6130.20315984 0.70588235 0.70588235 0.70588235
v -3300.00000000 9257.56154090 6185.70486085 0.70588235 0.70588235 0.70588235
v -3631.37084990 9389.69754642 6273.99531704 0.70588235 0.70588235 0.70588235
v -3885.64064606 9561.90054148 6389.05767973 0.70588235 0.70588235 0.70588235
v -4045.48132206 9762.43517654 6523.05063904 0.70588235 0.70588235 0.70588235
v -4100.00000000 9977.63534763 6666.84279624 0.70588235 0.70588235 0.70588235
v -4045.48132206 10192.83551872 6810.63495343 0.70588235 0.70588235 0.70588235
v -3885.64064606 10393.37015378 6944.62791275 0.70588235 0.70588235 0.70588235
v -3631.37084990 10565.57314884 7059.69027543 0.70588235 0.70588235 0.70588235
v -3300.00000000 10697.70915436 7147.98073162 0.70588235 0.70588235 0.70588235
v -2914.11047216 10780.77331993 7203.48243263 0.70588235 0.70588235 0.70588235
v -2500.00000000 10313.59342379 7913.89857711 0.70588235 0.70588235 0.70588235
v -2085.88952784 10286.56056425 7893.15553443 0.70588235 0.70588235 0.70588235
v -1700.00000000 10207.30423036 7832.34001047 0.70588235 0.70588235 0.70588235
v -1368.62915010 10081.22561029 7735.59648268 0.70588235 0.70588235 0.70588235
v -1114.35935394 9916.91675364 7609.51786261 0.70588235 0.70588235 0.70588235
v -954.51867794 9725.57503746 7462.69619986 0.70588235 0.70588235 0.70588235
v -900.00000000 9520.24008349 7305.13714810 0.70588235 0.70588235 0.70588235
v -954.51867794 9314.90512953 7147.57809635 0.70588235 0.70588235 0.70588235
v -1114.35935394 9123.56341335 7000.75643360 0.70588235 0.70588235 0.70588235
v -1368.62915010 8959.25455670 6874.67781353 0.70588235 0.70588235 0.70588235
v -1700.00000000 8833.17593663 6777.93428574 0.70588235 0.70588235 0.70588235
v -2085.88952784 8753.91960273 6717.11876178 0.70588235 0.70588235 0.70588235
v -2500.00000000 8726.88674320 6696.37571910 0.70588235 0.70588235 0.70588235
v -2914.11047216 8753.91960273 6717.11876178 0.70588235 0.70588235 0.70588235
v -3300.00000000 8833.17593663 6777.93428574 0.70588235 0.70588235 0.70588235
v -3631.37084990 8959.25455670 6874.67781353 0.70588235 0.70588235 0.70588235
v -3885.64064606 9123.56341335 7000.75643360 0.70588235 0.70588235 0.70588235
v -4045.48132206 9314.90512953 7147.57809635 0.70588235 0.70588235 0.70588235
v -4100.00000000 9520.24008349 7305.13714810 0.70588235 0.70588235 0.70588235
v -4045.48132206 9725.57503746 7462.69619986 0.70588235 0.70588235 0.70588235
v -3885.64064606 9916.91675364 7609.51786261 0.70588235 0.70588235 0.70588235
v -3631.37084990 10081.22561029 7735.59648268 0.70588235 0.70588235 0.70588235
v -3300.00000000 10207.30423036 7832.34001047 0.70588235 0.70588235 0.70588235
v -2914.11047216 10286.56056425 7893.15553443 0.70588235 0.70588235 0.70588235
v -2500.00000000 9773.91749723 8571.49559630 0.70588235 0.70588235 0.70588235
v -2085.88952784 9748.29917702 8549.02893246 0.70588235 0.70588235 0.70588235
v -1700.00000000 9673.19006260 8483.16000696 0.70588235 0.70588235 0.70588235
v -1368.62915010 9553.70871598 8378.37767821 0.70588235 0.70588235 0.70588235
v -1114.35935394 9397.99759349 8241.82268875 0.70588235 0.70588235 0.70588235
v -954.51867794 9216.66815079 8082.80103546 0.70588235 0.70588235 0.70588235
v -900.00000000 9022.07768975 7912.14978120 0.70588235 0.70588235 0.70588235
v -954.51867794 8827.48722871 7741.49852694 0.70588235 0.70588235 0.70588235
v -1114.35935394 8646.15778601 7582.47687365 0.70588235 0.70588235 0.70588235
v -1368.62915010 8490.44666351 7445.92188420 0.70588235 0.70588235 0.70588235
v -1700.00000000 8370.96531689 7341.13955545 0.70588235 0.70588235 0.70588235
v -2085.88952784 8295.85620247 7275.27062994 0.70588235 0.70588235 0.70588235
v -2500.00000000 8270.23788227 7252.80396610 0.70588235 0.70588235 0.70588235
v -2914.11047216 8295.85620247 7275.27062994 0.70588235 0.70588235 0.70588235
v -3300.00000000 8370.96531689 7341.13955545 0.70588235 0.70588235 0.70588235
v -3631.37084990 8490.44666351 7445.92188420 0.70588235 0.70588235 0.70588235
v -3885.64064606 8646.15778601 7582.47687365 0.70588235 0.70588235 0.70588235
v -4045.48132206 8827.48722871 7741.49852694 0.70588235 0.70588235 0.70588235
v -4100.00000000 9022.07768975 7912.14978120 0.70588235 0.70588235 0.70588235
v -4045.48132206 9216.66815079 8082.80103546 0.70588235 0.70588235 0.70588235
v -3885.64064606 9397.99759349 8241.82268875 0.70588235 0.70588235 0.70588235
v -3631.37084990 9553.70871598 8378.37767821 0.70588235 0.70588235 0.70588235
v -3300.00000000 9673.19006260 8483.16000696 0.70588235 0.70588235 0.70588235
v -2914.11047216 9748.29917702 8549.02893246 0.70588235 0.70588235 0.70588235
v -2500.00000000 9192.38815543 9192.38815543 0.70588235 0.70588235 0.70588235
v -2085.88952784 9168.29407613 9168.29407613 0.70588235 0.70588235 0.70588235
v -1700.00000000 9097.65380993 9097.65380993 0.70588235 0.70588235 0.70588235
v -1368.62915010 8985.28137424 8985.28137424 0.70588235 0.70588235 0.70588235
v -1114.35935394 8838.83476483 8838.83476483 0.70588235 0.70588235 0.70588235
v -954.51867794 8668.29407613 8668.29407613 0.70588235 0.70588235 0.70588235
v -900.00000000 8485.28137424 8485.28137424 0.70588235 0.70588235 0.70588235
v -954.51867794 8302.26867235 8302.26867235 0.70588235 0.70588235 0.70588235
v -1114.35935394 8131.72798365 8131.72798365 0.70588235 0.70588235 0.70588235
v -1368.62915010 7985.28137424 7985.28137424 0.70588235 0.70588235 0.70588235
v -1700.00000000 7872.90893854 7872.90893854 0.70588235 0.70588235 0.70588235
v -2085.88952784 7802.26867235 7802.26867235 0.70588235 0.70588235 0.70588235
v -2500.00000000 7778.17459305 7778.17459305 0.70588235 0.70588235 0.70588235
v -2914.11047216 7802.26867235 7802.26867235 0.70588235 0.70588235 0.70588235
v -3300.00000000 7872.90893854 7872.90893854 0.70588235 0.70588235 0.70588235
v -3631.37084990 7985.28137424 7985.28137424 0.70588235 0.70588235 0.70588235
v -3885.64064606 8131.72798365 8131.72798365 0.70588235 0.70588235 0.70588235
v -4045.48132206 8302.26867235 8302.26867235 0.70588235 0.70588235 0.70588235
v -4100.00000000 8485.28137424 8485.28137424 0.70588235 0.70588235 0.70588235
v -4045.48132206 8668.29407613 8668.29407613 0.70588235 0.70588235 0.70588235
v -3885.64064606 8838.83476483 8838.83476483 0.70588235 0.70588235 0.70588235
v -3631.37084990 8985.28137424 8985.28137424 0.70588235 0.70588235 0.70588235
v -3300.00000000 9097.65380993 9097.65380993 0.70588235 0.70588235 0.70588235
v -2914.11047216 9168.29407613 9168.29407613 0.70588235 0.70588235 0.70588235
v -2500.00000000 8571.49559630 9773.91749723 0.70588235 0.70588235 0.70588235
v -2085.88952784 8549.02893246 9748.29917702 0.70588235 0.70588235 0.70588235
v -1700.00000000 8483.16000696 9673.19006260 0.70588235 0.70588235 0.70588235
v -1368.62915010 8378.37767821 9553.70871598 0.70588235 0.70588235 0.70588235
v -1114.35935394 8241.82268875 9397.99759349 0.70588235 0.70588235 0.70588235
v -954.51867794 8082.80103546 9216.66815079 0.70588235 0.70588235 0.70588235
v -900.00000000 7912.14978120 9022.07768975 0.70588235 0.70588235 0.70588235
v -954.51867794 7741.49852694 8827.48722871 0.70588235 0.70588235 0.70588235
v -1114.35935394 7582.47687365 8646.15778601 0.70588235 0.70588235 0.70588235
v -1368.62915010 7445.92188420 8490.44666351 0.70588235 0.70588235 0.70588235
v -1700.00000000 7341.13955545 8370.96531689 0.70588235 0.70588235 0.70588235
v -2085.88952784 7275.27062994 8295.85620247 0.70588235 0.70588235 0.70588235
v -2500.00000000 7252.80396610 8270.23788227 0.70588235 0.70588235 0.70588235
v -2914.11047216 7275.27062994 8295.85620247 0.70588235 0.70588235 0.70588235
v -3300.00000000 7341.13955545 8370.96531689 0.70588235 0.70588235 0.70588235
v -3631.37084990 7445.92188420 8490.44666351 0.70588235 0.70588235 0.70588235
v -3885.64064606 7582.47687365 8646.15778601 0.70588235 0.70588235 0.70588235
v -4045.48132206 7741.49852694 8827.48722871 0.70588235 0.70588235 0.70588235
v -4100.00000000 7912.14978120 9022.07768975 0.70588235 0.70588235 0.70588235
v -4045.48132206 8082.80103546 9216.66815079 0.70588235 0.70588235 0.70588235
v -3885.64064606 8241.82268875 9397.99759349 0.70588235 0.70588235 0.70588235
v -3631.37084990 8378.37767821 9553.70871598 0.70588235 0.70588235 0.70588235
v -3300.00000000 8483.16000696 9673.19006260 0.70588235 0.70588235 0.70588235
v -2914.11047216 8549.02893246 9748.29917702 0.70588235 0.70588235 0.70588235
v -2500.00000000 7913.89857711 10313.59342379 0.70588235 0.70588235 0.70588235
v -2085.88952784 7893.15553443 10286.56056425 0.70588235 0.70588235 0.70588235
v -1700.00000000 7832.34001047 10207.30423036 0.70588235 0.70588235 0.70588235
v -1368.62915010 7735.59648268 10081.22561029 0.70588235 0.70588235 0.70588235
v -1114.35935394 7609.51786261 9916.91675364 0.70588235 0.70588235 0.70588235
v -954.51867794 7462.69619986 9725.57503746 0.70588235 0.70588235 0.70588235
v -900.00000000 7305.13714810 9520.24008349 0.70588235 0.70588235 0.70588235
v -954.51867794 7147.57809635 9314.90512953 0.70588235 0.70588235 0.70588235
v -1114.35935394 7000.75643360 9123.56341335 0.70588235 0.70588235 0.70588235
v -1368.62915010 6874.67781353 8959.25455670 0.70588235 0.70588235 0.70588235
v -1700.00000000 6777.93428574 8833.17593663 0.70588235 0.70588235 0.70588235
v -2085.88952784 6717.11876178 8753.91960273 0.70588235 0.70588235 0.70588235
v -2500.00000000 6696.37571910 8726.88674320 0.70588235 0.70588235 0.70588235
v -2914.11047216 6717.11876178 8753.91960273 0.70588235 0.70588235 0.70588235
v -3300.00000000 6777.93428574 8833.17593663 0.70588235 0.70588235 0.70588235
v -3631.37084990 6874.67781353 8959.25455670 0.70588235 0.70588235 0.70588235
v -3885.64064606 7000.75643360 9123.56341335 0.70588235 0.70588235 0.70588235
v -4045.48132206 7147.57809635 9314.90512953 0.70588235 0.70588235 0.70588235
v -4100.00000000 7305.13714810 9520.24008349 0.70588235 0.70588235 0.70588235
v -4045.48132206 7462.69619986 9725.57503746 0.70588235 0.70588235 0.70588235
v -3885.64064606 7609.51786261 9916.91675364 0.70588235 0.70588235 0.70588235
v -3631.37084990 7735.59648268 10081.22561029 0.70588235 0.70588235 0.70588235
v -3300.00000000 7832.34001047 10207.30423036 0.70588235 0.70588235 0.70588235
v -2914.11047216 7893.15553443 10286.56056425 0.70588235 0.70588235 0.70588235
v -2500.00000000 7222.41302925 10809.10495993 0.70588235 0.70588235 0.70588235
v -2085.88952784 7203.48243263 10780.77331993 0.70588235 0.70588235 0.70588235
v -1700.00000000 7147.98073162 10697.70915436 0.70588235 0.70588235 0.70588235
v -1368.62915010 7059.69027543 10565.57314884 0.70588235 0.70588235 0.70588235
v -1114.35935394 6944.62791275 10393.37015378 0.70588235 0.70588235 0.70588235
v -954.51867794 6810.63495343 10192.83551872 0.70588235 0.70588235 0.70588235
v -900.00000000 6666.84279624 9977.63534763 0.70588235 0.70588235 0.70588235
v -954.51867794 6523.05063904 9762.43517654 0.70588235 0.70588235 0.70588235
v -1114.35935394 6389.05767973 9561.90054148 0.70588235 0.70588235 0.70588235
v -1368.62915010 6273.99531704 9389.69754642 0.70588235 0.70588235 0.70588235
v -1700.00000000 6185.70486085 9257.56154090 0.70588235 0.70588235 0.70588235
v -2085.88952784 6130.20315984 9174.49737533 0.70588235 0.70588235 0.70588235
v -2500.00000000 6111.27256322 9146.16573533 0.70588235 0.70588235 0.70588235
v -2914.11047216 6130.20315984 9174.49737533 0.70588235 0.70588235 0.70588235
v -3300.00000000 6185.70486085 9257.56154090 0.70588235 0.70588235 0.70588235
v -3631.37084990 6273.99531704 9389.69754642 0.70588235 0.70588235 0.70588235
v -3885.64064606 6389.05767973 9561.90054148 0.70588235 0.70588235 0.70588235
v -4045.48132206 6523.05063904 9762.43517654 0.70588235 0.70588235 0.70588235
v -4100.00000000 6666.84279624 9977.63534763 0.70588235 0.70588235 0.70588235
v -4045.48132206 6810.63495343 10192.83551872 0.70588235 0.70588235 0.70588235
v -3885.64064606 6944.62791275 10393.37015378 0.70588235 0.70588235 0.70588235
v -3631.37084990 7059.69027543 10565.57314884 0.70588235 0.70588235 0.70588235
v -3300.00000000 7147.98073162 10697.70915436 0.70588235 0.70588235 0.70588235
v -2914.11047216 7203.48243263 10780.77331993 0.70588235 0.70588235 0.70588235
v -2500.00000000 6500.00000000 11258.33024920 0.70588235 0.70588235 0.70588235
v -2085.88952784 6482.96291314 11228.82114915 0.70588235 0.70588235 0.70588235
v -1700.00000000 6433.01270189 11142.30484541 0.70588235 0.70588235 0.70588235
v -1368.62915010 6353.55339059 11004.67728111 0.70588235 0.70588235 0.70588235
v -1114.35935394 6250.00000000 10825.31754731 0.70588235 0.70588235 0.70588235
v -954.51867794 6129.40952255 10616.44871346 0.70588235 0.70588235 0.70588235
v -900.00000000 6000.00000000 10392.30484541 0.70588235 0.70588235 0.70588235
v -954.51867794 5870.59047745 10168.16097737 0.70588235 0.70588235 0.70588235
v -1114.35935394 5750.00000000 9959.29214352 0.70588235 0.70588235 0.70588235
v -1368.62915010 5646.44660941 9779.93240972 0.70588235 0.70588235 0.70588235
v -1700.00000000 5566.98729811 9642.30484541 0.70588235 0.70588235 0.70588235
v -2085.88952784 5517.03708686 9555.78854168 0.70588235 0.70588235 0.70588235
v -2500.00000000 5500.00000000 9526.27944163 0.70588235 0.70588235 0.70588235
v -2914.11047216 5517.03708686 9555.78854168 0.70588235 0.70588235 0.70588235
v -3300.00000000 5566.98729811 9642.30484541 0.70588235 0.70588235 0.70588235
v -3631.37084990 5646.44660941 9779.93240972 0.70588235 0.70588235 0.70588235
v -3885.64064606 5750.00000000 9959.29214352 0.70588235 0.70588235 0.70588235
v -4045.48132206 5870.59047745 10168.16097737 0.70588235 0.70588235 0.70588235
v -4100.00000000 6000.00000000 10392.30484541 0.70588235 0.70588235 0.70588235
v -4045.48132206 6129.40952255 10616.44871346 0.70588235 0.70588235 0.70588235
v -3885.64064606 6250.00000000 10825.31754731 0.70588235 0.70588235 0.70588235
v -3631.37084990 6353.55339059 11004.67728111 0.70588235 0.70588235 0.70588235
v -3300.00000000 6433.01270189 11142.30484541 0.70588235 0.70588235 0.70588235
v -2914.11047216 6482.96291314 11228.82114915 0.70588235 0.70588235 0.70588235
v -2500.00000000 5749.75297285 11659.34563992 0.70588235 0.70588235 0.70588235
v -2085.88952784 5734.68235119 11628.78544233 0.70588235 0.70588235 0.70588235
v -1700.00000000 5690.49752416 11539.18747652 0.70588235 0.70588235 0.70588235
v -1368.62915010 5620.20961472 11396.65769579 0.70588235 0.70588235 0.70588235
v -1114.35935394 5528.60862774 11210.90926916 0.70588235 0.70588235 0.70588235
v -954.51867794 5421.93701909 10994.60064493 0.70588235 0.70588235 0.70588235
v -900.00000000 5307.46428263 10762.47289839 0.70588235 0.70588235 0.70588235
v -954.51867794 5192.99154617 10530.34515185 0.70588235 0.70588235 0.70588235
v -1114.35935394 5086.31993752 10314.03652763 0.70588235 0.70588235 0.70588235
v -1368.62915010 4994.71895053 10128.28810099 0.70588235 0.70588235 0.70588235
v -1700.00000000 4924.43104109 9985.75832026 0.70588235 0.70588235 0.70588235
v -2085.88952784 4880.24621407 9896.16035445 0.70588235 0.70588235 0.70588235
v -2500.00000000 4865.17559241 9865.60015686 0.70588235 0.70588235 0.70588235
v -2914.11047216 4880.24621407 9896.16035445 0.70588235 0.70588235 0.70588235
v -3300.00000000 4924.43104109 9985.75832026 0.70588235 0.70588235 0.70588235
v -3631.37084990 4994.71895053 10128.28810099 0.70588235 0.70588235 0.70588235
v -3885.64064606 5086.31993752 10314.03652763 0.70588235 0.70588235 0.70588235
v -4045.48132206 5192.99154617 10530.34515185 0.70588235 0.70588235 0.70588235
v -4100.00000000 5307.46428263 10762.47289839 0.70588235 0.70588235 0.70588235
v -4045.48132206 5421.93701909 10994.60064493 0.70588235 0.70588235 0.70588235
v -3885.64064606 5528.60862774 11210.90926916 0.70588235 0.70588235 0.70588235
v -3631.37084990 5620.20961472 11396.65769579 0.70588235 0.70588235 0.70588235
v -3300.00000000 5690.49752416 11539.18747652 0.70588235 0.70588235 0.70588235
v -2914.11047216 5734.68235119 11628.78544233 0.70588235 0.70588235 0.70588235
v -2500.00000000 4974.88462075 12010.43392265 0.70588235 0.70588235 0.70588235
v -2085.88952784 4961.84499900 11978.95349097 0.70588235 0.70588235 0.70588235
v -1700.00000000 4923.61476242 11886.65753533 0.70588235 0.70588235 0.70588235
v -1368.62915010 4862.79923845 11739.83587257 0.70588235 0.70588235 0.70588235
v -1114.35935394 4783.54290456 11548.49415639 0.70588235 0.70588235 0.70588235
v -954.51867794 4691.24694892 11325.67200853 0.70588235 0.70588235 0.70588235
v -900.00000000 4592.20118838 11086.55439014 0.70588235 0.70588235 0.70588235
v -954.51867794 4493.15542784 10847.43677174 0.70588235 0.70588235 0.70588235
v -1114.35935394 4400.85947220 10624.61462388 0.70588235 0.70588235 0.70588235
v -1368.62915010 4321.60313831 10433.27290770 0.70588235 0.70588235 0.70588235
v -1700.00000000 4260.78761435 10286.45124494 0.70588235 0.70588235 0.70588235
v -2085.88952784 4222.55737777 10194.15528930 0.70588235 0.70588235 0.70588235
v -2500.00000000 4209.51775602 10162.67485762 0.70588235 0.70588235 0.70588235
v -2914.11047216 4222.55737777 10194.15528930 0.70588235 0.70588235 0.70588235
v -3300.00000000 4260.78761435 10286.45124494 0.70588235 0.70588235 0.70588235
v -3631.37084990 4321.60313831 10433.27290770 0.70588235 0.70588235 0.70588235
v -3885.64064606 4400.85947220 10624.61462388 0.70588235 0.70588235 0.70588235
v -4045.48132206 4493.15542784 10847.43677174 0.70588235 0.70588235 0.70588235
v -4100.00000000 4592.20118838 11086.55439014 0.70588235 0.70588235 0.70588235
v -4045.48132206 4691.24694892 11325.67200853 0.70588235 0.70588235 0.70588235
v -3885.64064606 4783.54290456 11548.49415639 0.70588235 0.70588235 0.70588235
v -3631.37084990 4862.79923845 11739.83587257 0.70588235 0.70588235 0.70588235
v -3300.00000000 4923.61476242 11886.65753533 0.70588235 0.70588235 0.70588235
v -2914.11047216 4961.84499900 11978.95349097 0.70588235 0.70588235 0.70588235
v -2500.00000000 4178.71304894 12310.09168344 0.70588235 0.70588235 0.70588235
v -2085.88952784 4167.76026476 12277.82582171 0.70588235 0.70588235 0.70588235
v -1700.00000000 4135.64832637 12183.22710169 0.70588235 0.70588235 0.70588235
v -1368.62915010 4084.56560929 12032.74226982 0.70588235 0.70588235 0.70588235
v -1114.35935394 4017.99331629 11836.62661869 0.70588235 0.70588235 0.70588235
v -954.51867794 3940.46823911 11608.24510584 0.70588235 0.70588235 0.70588235
v -900.00000000 3857.27358364 11363.16155394 0.70588235 0.70588235 0.70588235
v -954.51867794 3774.07892817 11118.07800205 0.70588235 0.70588235 0.70588235
v -1114.35935394 3696.55385099 10889.69648919 0.70588235 0.70588235 0.70588235
v -1368.62915010 3629.98155798 10693.58083807 0.70588235 0.70588235 0.70588235
v -1700.00000000 3578.89884091 10543.09600619 0.70588235 0.70588235 0.70588235
v -2085.88952784 3546.78690251 10448.49728617 0.70588235 0.70588235 0.70588235
v -2500.00000000 3535.83411833 10416.23142445 0.70588235 0.70588235 0.70588235
v -2914.11047216 3546.78690251 10448.49728617 0.70588235 0.70588235 0.70588235
v -3300.00000000 3578.89884091 10543.09600619 0.70588235 0.70588235 0.70588235
v -3631.37084990 3629.98155798 10693.58083807 0.70588235 0.70588235 0.70588235
v -3885.64064606 3696.55385099 10889.69648919 0.70588235 0.70588235 0.70588235
v -4045.48132206 3774.07892817 11118.07800205 0.70588235 0.70588235 0.70588235
v -4100.00000000 3857.27358364 11363.16155394 0.70588235 0.70588235 0.70588235
v -4045.48132206 3940.46823911 11608.24510584 0.70588235 0.70588235 0.70588235
v -3885.64064606 4017.99331629 11836.62661869 0.70588235 0.70588235 0.70588235
v -3631.37084990 4084.56560929 12032.74226982 0.70588235 0.70588235 0.70588235
v -3300.00000000 4135.64832637 12183.22710169 0.70588235 0.70588235 0.70588235
v -2914.11047216 4167.76026476 12277.82582171 0.70588235 0.70588235 0.70588235
v -2500.00000000 3364.64758633 12557.03574176 0.70588235 0.70588235 0.70588235
v -2085.88952784 3355.82854123 12524.12261736 0.70588235 0.70588235 0.70588235
v -1700.00000000 3329.97240927 12427.62621921 0.70588235 0.70588235 0.70588235
v -1368.62915010 3288.84124312 12274.12261736 0.70588235 0.70588235 0.70588235
v -1114.35935394 3235.23806378 12074.07282861 0.70588235 0.70588235 0.70588235
v -954.51867794 3172.81583934 11841.10991547 0.70588235 0.70588235 0.70588235
v -900.00000000 3105.82854123 11591.10991547 0.70588235 0.70588235 0.70588235
v -954.51867794 3038.84124312 11341.10991547 0.70588235 0.70588235 0.70588235
v -1114.35935394 2976.41901868 11108.14700232 0.70588235 0.70588235 0.70588235
v -1368.62915010 2922.81583934 10908.09721358 0.70588235 0.70588235 0.70588235
v -1700.00000000 2881.68467319 10754.59361173 0.70588235 0.70588235 0.70588235
v -2085.88952784 2855.82854123 10658.09721358 0.70588235 0.70588235 0.70588235
v -2500.00000000 2847.00949613 10625.18408918 0.70588235 0.70588235 0.70588235
v -2914.11047216 2855.82854123 10658.09721358 0.70588235 0.70588235 0.70588235
v -3300.00000000 2881.68467319 10754.59361173 0.70588235 0.70588235 0.70588235
v -3631.37084990 2922.81583934 10908.09721358 0.70588235 0.70588235 0.70588235
v -3885.64064606 2976.41901868 11108.14700232 0.70588235 0.70588235 0.70588235
v -4045.48132206 3038.84124312 11341.10991547 0.70588235 0.70588235 0.70588235
v -4100.00000000 3105.82854123 11591.10991547 0.70588235 0.70588235 0.70588235
v -4045.48132206 3172.81583934 11841.10991547 0.70588235 0.70588235 0.70588235
v -3885.64064606 3235.23806378 12074.07282861 0.70588235 0.70588235 0.70588235
v -3631.37084990 3288.84124312 12274.12261736 0.70588235 0.70588235 0.70588235
v -3300.00000000 3329.97240927 12427.62621921 0.70588235 0.70588235 0.70588235
v -2914.11047216 3355.82854123 12524.12261736 0.70588235 0.70588235 0.70588235
v -2500.00000000 2536.17418621 12750.20864524 0.70588235 0.70588235 0.70588235
v -2085.88952784 2529.52664469 12716.78919722 0.70588235 0.70588235 0.70588235
v -1700.00000000 2510.03703909 12618.80833333 0.70588235 0.70588235 0.70588235
v -1368.62915010 2479.03355384 12462.94328750 0.70588235 0.70588235 0.70588235
v -1114.35935394 2438.62902520 12259.81600504 0.70588235 0.70588235 0.70588235
v -954.51867794 2391.57695505 12023.26927456 0.70588235 0.70588235 0.70588235
v -900.00000000 2341.08386419 11769.42336484 0.70588235 0.70588235 0.70588235
v -954.51867794 2290.59077334 11515.57745511 0.70588235 0.70588235 0.70588235
v -1114.35935394 2243.53870319 11279.03072464 0.70588235 0.70588235 0.70588235
v -1368.62915010 2203.13417455 11075.90344218 0.70588235 0.70588235 0.70588235
v -1700.00000000 2172.13068930 10920.03839635 0.70588235 0.70588235 0.70588235
v -2085.88952784 2152.64108370 10822.05753245 0.70588235 0.70588235 0.70588235
v -2500.00000000 2145.99354218 10788.63808444 0.70588235 0.70588235 0.70588235
v -2914.11047216 2152.64108370 10822.05753245 0.70588235 0.70588235 0.70588235
v -3300.00000000 2172.13068930 10920.03839635 0.70588235 0.70588235 0.70588235
v -3631.37084990 2203.13417455 11075.90344218 0.70588235 0.70588235 0.70588235
v -3885.64064606 2243.53870319 11279.03072464 0.70588235 0.70588235 0.70588235
v -4045.48132206 2290.59077334 11515.57745511 0.70588235 0.70588235 0.70588235
v -4100.00000000 2341.08386419 11769.42336484 0.70588235 0.70588235 0.70588235
v -4045.48132206 2391.57695505 12023.26927456 0.70588235 0.70588235 0.70588235
v -3885.64064606 2438.62902520 12259.81600504 0.70588235 0.70588235 0.70588235
v -3631.37084990 2479.03355384 12462.94328750 0.70588235 0.70588235 0.70588235
v -3300.00000000 2510.03703909 12618.80833333 0.70588235 0.70588235 0.70588235
v -2914.11047216 2529.52664469 12716.78919722 0.70588235 0.70588235 0.70588235
v -2500.00000000 1696.84049886 12888.78319786 0.70588235 0.70588235 0.70588235
v -2085.88952784 1692.39292671 12855.00053343 0.70588235 0.70588235 0.70588235
v -1700.00000000 1679.35330496 12755.95477289 0.70588235 0.70588235 0.70588235
v -1368.62915010 1658.61026228 12598.39572114 0.70588235 0.70588235 0.70588235
v -1114.35935394 1631.57740275 12393.06076717 0.70588235 0.70588235 0.70588235
v -954.51867794 1600.09697107 12153.94314878 0.70588235 0.70588235 0.70588235
v -900.00000000 1566.31430664 11897.33833649 0.70588235 0.70588235 0.70588235
v -954.51867794 1532.53164221 11640.73352419 0.70588235 0.70588235 0.70588235
v -1114.35935394 1501.05121053 11401.61590580 0.70588235 0.70588235 0.70588235
v -1368.62915010 1474.01835100 11196.28095184 0.70588235 0.70588235 0.70588235
v -1700.00000000 1453.27530832 11038.72190008 0.70588235 0.70588235 0.70588235
v -2085.88952784 1440.23568657 10939.67613954 0.70588235 0.70588235 0.70588235
v -2500.00000000 1435.78811442 10905.89347511 0.70588235 0.70588235 0.70588235
v -2914.11047216 1440.23568657 10939.67613954 0.70588235 0.70588235 0.70588235
v -3300.00000000 1453.27530832 11038.72190008 0.70588235 0.70588235 0.70588235
v -3631.37084990 1474.01835100 11196.28095184 0.70588235 0.70588235 0.70588235
v -3885.64064606 1501.05121053 11401.61590580 0.70588235 0.70588235 0.70588235
v -4045.48132206 1532.53164221 11640.73352419 0.70588235 0.70588235 0.70588235
v -4100.00000000 1566.31430664 11897.33833649 0.70588235 0.70588235 0.70588235
v -4045.48132206 1600.09697107 12153.94314878 0.70588235 0.70588235 0.70588235
v -3885.64064606 1631.57740275 12393.06076717 0.70588235 0.70588235 0.70588235
v -3631.37084990 1658.61026228 12598.39572114 0.70588235 0.70588235 0.70588235
v -3300.00000000 1679.35330496 12755.95477289 0.70588235 0.70588235 0.70588235
v -2914.11047216 1692.39292671 12855.00053343 0.70588235 0.70588235 0.70588235
v -2500.00000000 850.24067999 12972.16600210 0.70588235 0.70588235 0.70588235
v -2085.88952784 848.01212241 12938.16478381 0.70588235 0.70588235 0.70588235
v -1700.00000000 841.47832216 12838.47825578 0.70588235 0.70588235 0.70588235
v -1368.62915010 831.08454695 12679.89989015 0.70588235 0.70588235 0.70588235
v -1114.35935394 817.53911538 12473.23654048 0.70588235 0.70588235 0.70588235
v -954.51867794 801.76512622 12232.57197252 0.70588235 0.70588235 0.70588235
v -900.00000000 784.83755076 11974.30707886 0.70588235 0.70588235 0.70588235
v -954.51867794 767.90997531 11716.04218520 0.70588235 0.70588235 0.70588235
v -1114.35935394 752.13598615 11475.37761724 0.70588235 0.70588235 0.70588235
v -1368.62915010 738.59055457 11268.71426757 0.70588235 0.70588235 0.70588235
v -1700.00000000 728.19677936 11110.13590195 0.70588235 0.70588235 0.70588235
v -2085.88952784 721.66297912 11010.44937391 0.70588235 0.70588235 0.70588235
v -2500.00000000 719.43442153 10976.44815562 0.70588235 0.70588235 0.70588235
v -2914.11047216 721.66297912 11010.44937391 0.70588235 0.70588235 0.70588235
v -3300.00000000 728.19677936 11110.13590195 0.70588235 0.70588235 0.70588235
v -3631.37084990 738.59055457 11268.71426757 0.70588235 0.70588235 0.70588235
v -3885.64064606 752.13598615 11475.37761724 0.70588235 0.70588235 0.70588235
v -4045.48132206 767.90997531 11716.04218520 0.70588235 0.70588235 0.70588235
v -4100.00000000 784.83755076 11974.30707886 0.70588235 0.70588235 0.70588235
v -4045.48132206 801.76512622 12232.57197252 0.70588235 0.70588235 0.70588235
v -3885.64064606 817.53911538 12473.23654048 0.70588235 0.70588235 0.70588235
v -3631.37084990 831.08454695 12679.89989015 0.70588235 0.70588235 0.70588235
v -3300.00000000 841.47832216 12838.47825578 0.70588235 0.70588235 0.70588235
v -2914.11047216 848.01212241 12938.16478381 0.70588235 0.70588235 0.70588235
v -2500.00000000 0.00000000 13000.00000000 0.70588235 0.70588235 0.70588235
v -2085.88952784 0.00000000 12965.92582629 0.70588235 0.70588235 0.70588235
v -1700.00000000 0.00000000 12866.02540378 0.70588235 0.70588235 0.70588235
v -1368.62915010 0.00000000 12707.10678119 0.70588235 0.70588235 0.70588235
v -1114.35935394 0.00000000 12500.00000000 0.70588235 0.70588235 0.70588235
v -954.51867794 0.00000000 12258.81904510 0.70588235 0.70588235 0.70588235
v -900.00000000 0.00000000 12000.00000000 0.70588235 0.70588235 0.70588235
v -954.51867794 0.00000000 11741.18095490 0.70588235 0.70588235 0.70588235
v -1114.35935394 0.00000000 11500.00000000 0.70588235 0.70588235 0.70588235
v -1368.62915010 0.00000000 11292.89321881 0.70588235 0.70588235 0.70588235
v -1700.00000000 0.00000000 11133.97459622 0.70588235 0.70588235 0.70588235
v -2085.88952784 0.00000000 11034.07417371 0.70588235 0.70588235 0.70588235
v -2500.00000000 0.00000000 11000.00000000 0.70588235 0.70588235 0.70588235
v -2914.11047216 0.00000000 11034.07417371 0.70588235 0.70588235 0.70588235
v -3300.00000000 0.00000000 11133.97459622 0.70588235 0.70588235 0.70588235
v -3631.37084990 0.00000000 11292.89321881 0.70588235 0.70588235 0.70588235
v -3885.64064606 0.00000000 11500.00000000 0.70588235 0.70588235 0.70588235
v -4045.48132206 0.00000000 11741.18095490 0.70588235 0.70588235 0.70588235
v -4100.00000000 0.00000000 12000.00000000 0.70588235 0.70588235 0.70588235
v -4045.48132206 0.00000000 12258.81904510 0.70588235 0.70588235 0.70588235
v -3885.64064606 0.00000000 12500.00000000 0.70588235 0.70588235 0.70588235
v -3631.37084990 0.00000000 12707.10678119 0.70588235 0.70588235 0.70588235
v -3300.00000000 0.00000000 12866.02540378 0.70588235 0.70588235 0.70588235
v -2914.11047216 0.00000000 12965.92582629 0.70588235 0.70588235 0.70588235
v -2500.00000000 -850.24067999 12972.16600210 0.70588235 0.70588235 0.70588235
v -2085.88952784 -848.01212241 12938.16478381 0.70588235 0.70588235 0.70588235
v -1700.00000000 -841.47832216 12838.47825578 0.70588235 0.70588235 0.70588235
v -1368.62915010 -831.08454695 12679.89989015 0.70588235 0.70588235 0.70588235
v -1114.35935394 -817.53911538 12473.23654048 0.70588235 0.70588235 0.70588235
v -954.51867794 -801.76512622 12232.57197252 0.70588235 0.70588235 0.70588235
v -900.00000000 -784.83755076 11974.30707886 0.70588235 0.70588235 0.70588235
v -954.51867794 -767.90997531 11716.04218520 0.70588235 0.70588235 0.70588235
v -1114.35935394 -752.13598615 11475.37761724 0.70588235 0.70588235 0.70588235
v -1368.62915010 -738.59055457 11268.71426757 0.70588235 0.70588235 0.70588235
v -1700.00000000 -728.19677936 11110.13590195 0.70588235 0.70588235 0.70588235
v -2085.88952784 -721.66297912 11010.44937391 0.70588235 0.70588235 0.70588235
v -2500.00000000 -719.43442153 10976.44815562 0.70588235 0.70588235 0.70588235
v -2914.11047216 -721.66297912 11010.44937391 0.70588235 0.70588235 0.70588235
v -3300.00000000 -728.19677936 11110.13590195 0.70588235 0.70588235 0.70588235
v -3631.37084990 -738.59055457 11268.71426757 0.70588235 0.70588235 0.70588235
v -3885.64064606 -752.13598615 11475.37761724 0.70588235 0.70588235 0.70588235
v -4045.48132206 -767.90997531 11716.04218520 0.70588235 0.70588235 0.70588235
v -4100.00000000 -784.83755076 11974.30707886 0.70588235 0.70588235 0.70588235
v -4045.48132206 -801.76512622 12232.57197252 0.70588235 0.70588235 0.70588235
v -3885.64064606 -817.53911538 12473.23654048 0.70588235 0.70588235 0.70588235
v -3631.37084990 -831.08454695 12679.89989015 0.70588235 0.70588235 0.70588235
v -3300.00000000 -841.47832216 12838.47825578 0.70588235 0.70588235 0.70588235
v -2914.11047216 -848.01212241 12938.16478381 0.70588235 0.70588235 0.70588235
v -2500.00000000 -1696.84049886 12888.78319786 0.70588235 0.70588235 0.70588235
v -2085.88952784 -1692.39292671 12855.00053343 0.70588235 0.70588235 0.70588235
v -1700.00000000 -1679.35330496 12755.95477289 0.70588235 0.70588235 0.70588235
v -1368.62915010 -1658.61026228 12598.39572114 0.70588235 0.70588235 0.70588235
v -1114.35935394 -1631.57740275 12393.06076717 0.70588235 0.70588235 0.70588235
v -954.51867794 -1600.09697107 12153.94314878 0.70588235 0.70588235 0.70588235
v -900.00000000 -1566.31430664 11897.33833649 0.70588235 0.70588235 0.70588235
v -954.51867794 -1532.53164221 11640.73352419 0.70588235 0.70588235 0.70588235
v -1114.35935394 -1501.05121053 11401.61590580 0.70588235 0.70588235 0.70588235
v -1368.62915010 -1474.01835100 11196.28095184 0.70588235 0.70588235 0.70588235
v -1700.00000000 -1453.27530832 11038.72190008 0.70588235 0.70588235 0.70588235
v -2085.88952784 -1440.23568657 10939.67613954 0.70588235 0.70588235 0.70588235
v -2500.00000000 -1435.78811442 10905.89347511 0.70588235 0.70588235 0.70588235
v -2914.11047216 -1440.23568657 10939.67613954 0.70588235 0.70588235 0.70588235
v -3300.00000000 -1453.27530832 11038.72190008 0.70588235 0.70588235 0.70588235
v -3631.37084990 -1474.01835100 11196.28095184 0.70588235 0.70588235 0.70588235
v -3885.64064606 -1501.05121053 11401.61590580 0.70588235 0.70588235 0.70588235
v -4045.48132206 -1532.53164221 11640.73352419 0.70588235 0.70588235 0.70588235
v -4100.00000000 -1566.31430664 11897.33833649 0.70588235 0.70588235 0.70588235
v -4045.48132206 -1600.09697107 12153.94314878 0.70588235 0.70588235 0.70588235
v -3885.64064606 -1631.57740275 12393.06076717 0.70588235 0.70588235 0.70588235
v -3631.37084990 -1658.61026228 12598.39572114 0.70588235 0.70588235 0.70588235
v -3300.00000000 -1679.35330496 12755.95477289 0.70588235 0.70588235 0.70588235
v -2914.11047216 -1692.39292671 12855.00053343 0.70588235 0.70588235 0.70588235
v -2500.00000000 -2536.17418621 12750.20864524 0.70588235 0.70588235 0.70588235
v -2085.88952784 -2529.52664469 12716.78919722 0.70588235 0.70588235 0.70588235
v -1700.00000000 -2510.03703909 12618.80833333 0.70588235 0.70588235 0.70588235
v -1368.62915010 -2479.03355384 12462.94328750 0.70588235 0.70588235 0.70588235
v -1114.35935394 -2438.62902520 12259.81600504 0.70588235 0.70588235 0.70588235
v -954.51867794 -2391.57695505 12023.26927456 0.70588235 0.70588235 0.70588235
v -900.00000000 -2341.08386419 11769.42336484 0.70588235 0.70588235 0.70588235
v -954.51867794 -2290.59077334 11515.57745511 0.70588235 0.70588235 0.70588235
v -1114.35935394 -2243.53870319 11279.03072464 0.70588235 0.70588235 0.70588235
v -1368.62915010 -2203.13417455 11075.90344218 0.70588235 0.70588235 0.70588235
v -1700.00000000 -2172.13068930 10920.03839635 0.70588235 0.70588235 0.70588235
v -2085.88952784 -2152.64108370 10822.05753245 0.70588235 0.70588235 0.70588235
v -2500.00000000 -2145.99354218 10788.63808444 0.70588235 0.70588235 0.70588235
v -2914.11047216 -2152.64108370 10822.05753245 0.70588235 0.70588235 0.70588235
v -3300.00000000 -2172.13068930 10920.03839635 0.70588235 0.70588235 0.70588235
v -3631.37084990 -2203.13417455 11075.90344218 0.70588235 0.70588235 0.70588235
v -3885.64064606 -2243.53870319 11279.03072464 0.70588235 0.70588235 0.70588235
v -4045.48132206 -2290.59077334 11515.57745511 0.70588235 0.70588235 0.70588235
v -4100.00000000 -2341.08386419 11769.42336484 0.70588235 0.70588235 0.70588235
v -4045.48132206 -2391.57695505 12023.26927456 0.70588235 0.70588235 0.70588235
v -3885.64064606 -2438.62902520 12259.81600504 0.70588235 0.70588235 0.70588235
v -3631.37084990 -2479.03355384 12462.94328750 0.70588235 0.70588235 0.70588235
v -3300.00000000 -2510.03703909 12618.80833333 0.70588235 0.70588235 0.70588235
v -2914.11047216 -2529.52664469 12716.78919722 0.70588235 0.70588235 0.70588235
v -2500.00000000 -3364.64758633 12557.03574176 0.70588235 0.70588235 0.70588235
v -2085.88952784 -3355.82854123 12524.12261736 0.70588235 0.70588235 0.70588235
v -1700.00000000 -3329.97240927 12427.62621921 0.70588235 0.70588235 0.70588235
v -1368.62915010 -3288.84124312 12274.12261736 0.70588235 0.70588235 0.70588235
v -1114.35935394 -3235.23806378 12074.07282861 0.70588235 0.70588235 0.70588235
v -954.51867794 -3172.81583934 11841.10991547 0.70588235 0.70588235 0.70588235
v -900.00000000 -3105.82854123 11591.10991547 0.70588235 0.70588235 0.70588235
v -954.51867794 -3038.84124312 11341.10991547 0.70588235 0.70588235 0.70588235
v -1114.35935394 -2976.41901868 11108.14700232 0.70588235 0.70588235 0.70588235
v -1368.62915010 -2922.81583934 10908.09721358 0.70588235 0.70588235 0.70588235
v -1700.00000000 -2881.68467319 10754.59361173 0.70588235 0.70588235 0.70588235
v -2085.88952784 -2855.82854123 10658.09721358 0.70588235 0.70588235 0.70588235
v -2500.00000000 -2847.00949613 10625.18408918 0.70588235 0.70588235 0.70588235
v -2914.11047216 -2855.82854123 10658.09721358 0.70588235 0.70588235 0.70588235
v -3300.00000000 -2881.68467319 10754.59361173 0.70588235 0.70588235 0.70588235
v -3631.37084990 -2922.81583934 10908.09721358 0.70588235 0.70588235 0.70588235
v -3885.64064606 -2976.41901868 11108.14700232 0.70588235 0.70588235 0.70588235
v -4045.48132206 -3038.84124312 11341.10991547 0.70588235 0.70588235 0.70588235
v -4100.00000000 -3105.82854123 11591.10991547 0.70588235 0.70588235 0.70588235
v -4045.48132206 -3172.81583934 11841.10991547 0.70588235 0.70588235 0.70588235
v -3885.64064606 -3235.23806378 12074.07282861 0.70588235 0.70588235 0.70588235
v -3631.37084990 -3288.84124312 12274.12261736 0.70588235 0.70588235 0.70588235
v -3300.00000000 -3329.97240927 12427.62621921 0.70588235 0.70588235 0.70588235
v -2914.11047216 -3355.82854123 12524.12261736 0.70588235 0.70588235 0.70588235
v -2500.00000000 -4178.71304894 12310.09168344 0.70588235 0.70588235 0.70588235
v -2085.88952784 -4167.76026476 12277.82582171 0.70588235 0.70588235 0.70588235
v -1700.00000000 -4135.64832637 12183.22710169 0.70588235 0.70588235 0.70588235
v -1368.62915010 -4084.56560929 12032.74226982 0.70588235 0.70588235 0.70588235
v -1114.35935394 -4017.99331629 11836.62661869 0.70588235 0.70588235 0.70588235
v -954.51867794 -3940.46823911 11608.24510584 0.70588235 0.70588235 0.70588235
v -900.00000000 -3857.27358364 11363.16155394 0.70588235 0.70588235 0.70588235
v -954.51867794 -3774.07892817 11118.07800205 0.70588235 0.70588235 0.70588235
v -1114.35935394 -3696.55385099 10889.69648919 0.70588235 0.70588235 0.70588235
v -1368.62915010 -3629.98155798 10693.58083807 0.70588235 0.70588235 0.70588235
v -1700.00000000 -3578.89884091 10543.09600619 0.70588235 0.70588235 0.70588235
v -2085.88952784 -3546.78690251 10448.49728617 0.70588235 0.70588235 0.70588235
v -2500.00000000 -3535.83411833 10416.23142445 0.70588235 0.70588235 0.70588235
v -2914.11047216 -3546.78690251 10448.49728617 0.70588235 0.70588235 0.70588235
v -3300.00000000 -3578.89884091 10543.09600619 0.70588235 0.70588235 0.70588235
v -3631.37084990 -3629.98155798 10693.58083807 0.70588235 0.70588235 0.70588235
v -3885.64064606 -3696.55385099 10889.69648919 0.70588235 0.70588235 0.70588235
v -4045.48132206 -3774.07892817 11118.07800205 0.70588235 0.70588235 0.70588235
v -4100.00000000 -3857.27358364 11363.16155394 0.70588235 0.70588235 0.70588235
v -4045.48132206 -3940.46823911 11608.24510584 0.70588235 0.70588235 0.70588235
v -3885.64064606 -4017.99331629 11836.62661869 0.70588235 0.70588235 0.70588235
v -3631.37084990 -4084.56560929 12032.74226982 0.70588235 0.70588235 0.70588235
v -3300.00000000 -4135.64832637 12183.22710169 0.70588235 0.70588235 0.70588235
v -2914.11047216 -4167.76026476 12277.82582171 0.70588235 0.70588235 0.70588235
v -2500.00000000 -4974.88462075 12010.43392265 0.70588235 0.70588235 0.70588235
v -2085.88952784 -4961.84499900 11978.95349097 0.70588235 0.70588235 0.70588235
v -1700.00000000 -4923.61476242 11886.65753533 0.70588235 0.70588235 0.70588235
v -1368.62915010 -4862.79923845 11739.83587257 0.70588235 0.70588235 0.70588235
v -1114.35935394 -4783.54290456 11548.49415639 0.70588235 0.70588235 0.70588235
v -954.51867794 -4691.24694892 11325.67200853 0.70588235 0.70588235 0.70588235
v -900.00000000 -4592.20118838 11086.55439014 0.70588235 0.70588235 0.70588235
v -954.51867794 -4493.15542784 10847.43677174 0.70588235 0.70588235 0.70588235
v -1114.35935394 -4400.85947220 10624.61462388 0.70588235 0.70588235 0.70588235
v -1368.62915010 -4321.60313831 10433.27290770 0.70588235 0.70588235 0.70588235
v -1700.00000000 -4260.78761435 10286.45124494 0.70588235 0.70588235 0.70588235
v -2085.88952784 -4222.55737777 10194.15528930 0.70588235 0.70588235 0.70588235
v -2500.00000000 -4209.51775602 10162.67485762 0.70588235 0.70588235 0.70588235
v -2914.11047216 -4222.55737777 10194.15528930 0.70588235 0.70588235 0.70588235
v -3300.00000000 -4260.78761435 10286.45124494 0.70588235 0.70588235 0.70588235
v -3631.37084990 -4321.60313831 10433.27290770 0.70588235 0.70588235 0.70588235
v -3885.64064606 -4400.85947220 10624.61462388 0.70588235 0.70588235 0.70588235
v -4045.48132206 -4493.15542784 10847.43677174 0.70588235 0.70588235 0.70588235
v -4100.00000000 -4592.20118838 11086.55439014 0.70588235 0.70588235 0.70588235
v -4045.48132206 -4691.24694892 11325.67200853 0.70588235 0.70588235 0.70588235
v -3885.64064606 -4783.54290456 11548.49415639 0.70588235 0.70588235 0.70588235
v -3631.37084990 -4862.79923845 11739.83587257 0.70588235 0.70588235 0.70588235
v -3300.00000000 -4923.61476242 11886.65753533 0.70588235 0.70588235 0.70588235
v -2914.11047216 -4961.84499900 11978.95349097 0.70588235 0.70588235 0.70588235
v -2500.00000000 -5749.75297285 11659.34563992 0.70588235 0.70588235 0.70588235
v -2085.88952784 -5734.68235119 11628.78544233 0.70588235 0.70588235 0.70588235
v -1700.00000000 -5690.49752416 11539.18747652 0.70588235 0.70588235 0.70588235
v -1368.62915010 -5620.20961472 11396.65769579 0.70588235 0.70588235 0.70588235
v -1114.35935394 -5528.60862774 11210.90926916 0.70588235 0.70588235 0.70588235
v -954.51867794 -5421.93701909 10994.60064493 0.70588235 0.70588235 0.70588235
v -900.00000000 -5307.46428263 10762.47289839 0.70588235 0.70588235 0.70588235
v -954.51867794 -5192.99154617 10530.34515185 0.70588235 0.70588235 0.70588235
v -1114.35935394 -5086.31993752 10314.03652763 0.70588235 0.70588235 0.70588235
v -1368.62915010 -4994.71895053 10128.28810099 0.70588235 0.70588235 0.70588235
v -1700.00000000 -4924.43104109 9985.75832026 0.70588235 0.70588235 0.70588235
v -2085.88952784 -4880.24621407 9896.16035445 0.70588235 0.70588235 0.70588235
v -2500.00000000 -4865.17559241 9865.60015686 0.70588235 0.70588235 0.70588235
v -2914.11047216 -4880.24621407 9896.16035445 0.70588235 0.70588235 0.70588235
v -3300.00000000 -4924.43104109 9985.75832026 0.70588235 0.70588235 0.70588235
v -3631.37084990 -4994.71895053 10128.28810099 0.70588235 0.70588235 0.70588235
v -3885.64064606 -5086.31993752 10314.03652763 0.70588235 0.70588235 0.70588235
v -4045.48132206 -5192.99154617 10530.34515185 0.70588235 0.70588235 0.70588235
v -4100.00000000 -5307.46428263 10762.47289839 0.70588235 0.70588235 0.70588235
v -4045.48132206 -5421.93701909 10994.60064493 0.70588235 0.70588235 0.70588235
v -3885.64064606 -5528.60862774 11210.90926916 0.70588235 0.70588235 0.70588235
v -3631.37084990 -5620.20961472 11396.65769579 0.70588235 0.70588235 0.70588235
v -3300.00000000 -5690.49752416 11539.18747652 0.70588235 0.70588235 0.70588235
v -2914.11047216 -5734.68235119 11628.78544233 0.70588235 0.70588235 0.70588235
v -2500.00000000 -6500.00000000 11258.33024920 0.70588235 0.70588235 0.70588235
v -2085.88952784 -6482.96291314 11228.82114915 0.70588235 0.70588235 0.70588235
v -1700.00000000 -6433.01270189 11142.30484541 0.70588235 0.70588235 0.70588235
v -1368.62915010 -6353.55339059 11004.67728111 0.70588235 0.70588235 0.70588235
v -1114.35935394 -6250.00000000 10825.31754731 0.70588235 0.70588235 0.70588235
v -954.51867794 -6129.40952255 10616.44871346 0.70588235 0.70588235 0.70588235
v -900.00000000 -6000.00000000 10392.30484541 0.70588235 0.70588235 0.70588235
v -954.51867794 -5870.59047745 10168.16097737 0.70588235 0.70588235 0.70588235
v -1114.35935394 -5750.00000000 9959.29214352 0.70588235 0.70588235 0.70588235
v -1368.62915010 -5646.44660941 9779.93240972 0.70588235 0.70588235 0.70588235
v -1700.00000000 -5566.98729811 9642.30484541 0.70588235 0.70588235 0.70588235
v -2085.88952784 -5517.03708686 9555.78854168 0.70588235 0.70588235 0.70588235
v -2500.00000000 -5500.00000000 9526.27944163 0.70588235 0.70588235 0.70588235
v -2914.11047216 -5517.03708686 9555.78854168 0.70588235 0.70588235 0.70588235
v -3300.00000000 -5566.98729811 9642.30484541 0.70588235 0.70588235 0.70588235
v -3631.37084990 -5646.44660941 9779.93240972 0.70588235 0.70588235 0.70588235
v -3885.64064606 -5750.00000000 9959.29214352 0.70588235 0.70588235 0.70588235
v -4045.48132206 -5870.59047745 10168.16097737 0.70588235 0.70588235 0.70588235
v -4100.00000000 -6000.00000000 10392.30484541 0.70588235 0.70588235 0.70588235
v -4045.48132206 -6129.40952255 10616.44871346 0.70588235 0.70588235 0.70588235
v -3885.64064606 -6250.00000000 10825.31754731 0.70588235 0.70588235 0.70588235
v -3631.37084990 -6353.55339059 11004.67728111 0.70588235 0.70588235 0.70588235
v -3300.00000000 -6433.01270189 11142.30484541 0.70588235 0.70588235 0.70588235
v -2914.11047216 -6482.96291314 11228.82114915 0.70588235 0.70588235 0.70588235
v -2500.00000000 -7222.41302925 10809.10495993 0.70588235 0.70588235 0.70588235
v -2085.88952784 -7203.48243263 10780.77331993 0.70588235 0.70588235 0.70588235
v -1700.00000000 -7147.98073162 10697.70915436 0.70588235 0.70588235 0.70588235
v -1368.62915010 -7059.69027543 10565.57314884 0.70588235 0.70588235 0.70588235
v -1114.35935394 -6944.62791275 10393.37015378 0.70588235 0.70588235 0.70588235
v -954.51867794 -6810.63495343 10192.83551872 0.70588235 0.70588235 0.70588235
v -900.00000000 -6666.84279624 9977.63534763 0.70588235 0.70588235 0.70588235
v -954.51867794 -6523.05063904 9762.43517654 0.70588235 0.70588235 0.70588235
v -1114.35935394 -6389.05767973 9561.90054148 0.70588235 0.70588235 0.70588235
v -1368.62915010 -6273.99531704 9389.69754642 0.70588235 0.70588235 0.70588235
v -1700.00000000 -6185.70486085 9257.56154090 0.70588235 0.70588235 0.70588235
v -2085.88952784 -6130.20315984 9174.49737533 0.70588235 0.70588235 0.70588235
v -2500.00000000 -6111.27256322 9146.16573533 0.70588235 0.70588235 0.70588235
v -2914.11047216 -6130.20315984 9174.49737533 0.70588235 0.70588235 0.70588235
v -3300.00000000 -6185.70486085 9257.56154090 0.70588235 0.70588235 0.70588235
v -3631.37084990 -6273.99531704 9389.69754642 0.70588235 0.70588235 0.70588235
v -3885.64064606 -6389.05767973 9561.90054148 0.70588235 0.70588235 0.70588235
v -4045.48132206 -6523.05063904 9762.43517654 0.70588235 0.70588235 0.70588235
v -4100.00000000 -6666.84279624 9977.63534763 0.70588235 0.70588235 0.70588235
v -4045.48132206 -6810.63495343 10192.83551872 0.70588235 0.70588235 0.70588235
v -3885.64064606 -6944.62791275 10393.37015378 0.70588235 0.70588235 0.70588235
v -3631.37084990 -7059.69027543 10565.57314884 0.70588235 0.70588235 0.70588235
v -3300.00000000 -7147.98073162 10697.70915436 0.70588235 0.70588235 0.70588235
v -2914.11047216 -7203.48243263 10780.77331993 0.70588235 0.70588235 0.70588235
v -2500.00000000 -7913.89857711 10313.59342379 0.70588235 0.70588235 0.70588235
v -2085.88952784 -7893.15553443 10286.56056425 0.70588235 0.70588235 0.70588235
v -1700.00000000 -7832.34001047 10207.30423036 0.70588235 0.70588235 0.70588235
v -1368.62915010 -7735.59648268 10081.22561029 0.70588235 0.70588235 0.70588235
v -1114.35935394 -7609.51786261 9916.91675364 0.70588235 0.70588235 0.70588235
v -954.51867794 -7462.69619986 9725.57503746 0.70588235 0.70588235 0.70588235
v -900.00000000 -7305.13714810 9520.24008349 0.70588235 0.70588235 0.70588235
v -954.51867794 -7147.57809635 9314.90512953 0.70588235 0.70588235 0.70588235
v -1114.35935394 -7000.75643360 9123.56341335 0.70588235 0.70588235 0.70588235
v -1368.62915010 -6874.67781353 8959.25455670 0.70588235 0.70588235 0.70588235
v -1700.00000000 -6777.93428574 8833.17593663 0.70588235 0.70588235 0.70588235
v -2085.88952784 -6717.11876178 8753.91960273 0.70588235 0.70588235 0.70588235
v -2500.00000000 -6696.37571910 8726.88674320 0.70588235 0.70588235 0.70588235
v -2914.11047216 -6717.11876178 8753.91960273 0.70588235 0.70588235 0.70588235
v -3300.00000000 -6777.93428574 8833.17593663 0.70588235 0.70588235 0.70588235
v -3631.37084990 -6874.67781353 8959.25455670 0.70588235 0.70588235 0.70588235
v -3885.64064606 -7000.75643360 9123.56341335 0.70588235 0.70588235 0.70588235
v -4045.48132206 -7147.57809635 9314.90512953 0.70588235 0.70588235 0.70588235
v -4100.00000000 -7305.13714810 9520.24008349 0.70588235 0.70588235 0.70588235
v -4045.48132206 -7462.69619986 9725.57503746 0.70588235 0.70588235 0.70588235
v -3885.64064606 -7609.51786261 9916.91675364 0.70588235 0.70588235 0.70588235
v -3631.37084990 -7735.59648268 10081.22561029 0.70588235 0.70588235 0.70588235
v -3300.00000000 -7832.34001047 10207.30423036 0.70588235 0.70588235 0.70588235
v -2914.11047216 -7893.15553443 10286.56056425 0.70588235 0.70588235 0.70588235
v -2500.00000000 -8571.49559630 9773.91749723 0.70588235 0.70588235 0.70588235
v -2085.88952784 -8549.02893246 9748.29917702 0.70588235 0.70588235 0.70588235
v -1700.00000000 -8483.16000696 9673.19006260 0.70588235 0.70588235 0.70588235
v -1368.62915010 -8378.37767821 9553.70871598 0.70588235 0.70588235 0.70588235
v -1114.35935394 -8241.82268875 9397.99759349 0.70588235 0.70588235 0.70588235
v -954.51867794 -8082.80103546 9216.66815079 0.70588235 0.70588235 0.70588235
v -900.00000000 -7912.14978120 9022.07768975 0.70588235 0.70588235 0.70588235
v -954.51867794 -7741.49852694 8827.48722871 0.70588235 0.70588235 0.70588235
v -1114.35935394 -7582.47687365 8646.15778601 0.70588235 0.70588235 0.70588235
v -1368.62915010 -7445.92188420 8490.44666351 0.70588235 0.70588235 0.70588235
v -1700.00000000 -7341.13955545 8370.96531689 0.70588235 0.70588235 0.70588235
v -2085.88952784 -7275.27062994 8295.85620247 0.70588235 0.70588235 0.70588235
v -2500.00000000 -7252.80396610 8270.23788227 0.70588235 0.70588235 0.70588235
v -2914.11047216 -7275.27062994 8295.85620247 0.70588235 0.70588235 0.70588235
v -3300.00000000 -7341.13955545 8370.96531689 0.70588235 0.70588235 0.70588235
v -3631.37084990 -7445.92188420 8490.44666351 0.70588235 0.70588235 0.70588235
v -3885.64064606 -7582.47687365 8646.15778601 0.70588235 0.70588235 0.70588235
v -4045.48132206 -7741.49852694 8827.48722871 0.70588235 0.70588235 0.70588235
v -4100.00000000 -7912.14978120 9022.07768975 0.70588235 0.70588235 0.70588235
v -4045.48132206 -8082.80103546 9216.66815079 0.70588235 0.70588235 0.70588235
v -3885.64064606 -8241.82268875 9397.99759349 0.70588235 0.70588235 0.70588235
v -3631.37084990 -8378.37767821 9553.70871598 0.70588235 0.70588235 0.70588235
v -3300.00000000 -8483.16000696 9673.19006260 0.70588235 0.70588235 0.70588235
v -2914.11047216 -8549.02893246 9748.29917702 0.70588235 0.70588235 0.70588235
v -2500.00000000 -9192.38815543 9192.38815543 0.70588235 0.70588235 0.70588235
v -2085.88952784 -9168.29407613 9168.29407613 0.70588235 0.70588235 0.70588235
v -1700.00000000 -9097.65380993 9097.65380993 0.70588235 0.70588235 0.70588235
v -1368.62915010 -8985.28137424 8985.28137424 0.70588235 0.70588235 0.70588235
v -1114.35935394 -8838.83476483 8838.83476483 0.70588235 0.70588235 0.70588235
v -954.51867794 -8668.29407613 8668.29407613 0.70588235 0.70588235 0.70588235
v -900.00000000 -8485.28137424 8485.28137424 0.70588235 0.70588235 0.70588235
v -954.51867794 -8302.26867235 8302.26867235 0.70588235 0.70588235 0.70588235
v -1114.35935394 -8131.72798365 8131.72798365 0.70588235 0.70588235 0.70588235
v -1368.62915010 -7985.28137424 7985.28137424 0.70588235 0.70588235 0.70588235
v -1700.00000000 -7872.90893854 7872.90893854 0.70588235 0.70588235 0.70588235
v -2085.88952784 -7802.26867235 7802.26867235 0.70588235 0.70588235 0.70588235
v -2500.00000000 -7778.17459305 7778.17459305 0.70588235 0.70588235 0.70588235
v -2914.11047216 -7802.26867235 7802.26867235 0.70588235 0.70588235 0.70588235
v -3300.00000000 -7872.90893854 7872.90893854 0.70588235 0.70588235 0.70588235
v -3631.37084990 -7985.28137424 7985.28137424 0.70588235 0.70588235 0.70588235
v -3885.64064606 -8131.72798365 8131.72798365 0.70588235 0.70588235 0.70588235
v -4045.48132206 -8302.26867235 8302.26867235 0.70588235 0.70588235 0.70588235
v -4100.00000000 -8485.28137424 8485.28137424 0.70588235 0.70588235 0.70588235
v -4045.48132206 -8668.29407613 8668.29407613 0.70588235 0.70588235 0.70588235
v -3885.64064606 -8838.83476483 8838.83476483 0.70588235 0.70588235 0.70588235
v -3631.37084990 -8985.28137424 8985.28137424 0.70588235 0.70588235 0.70588235
v -3300.00000000 -9097.65380993 9097.65380993 0.70588235 0.70588235 0.70588235
v -2914.11047216 -9168.29407613 9168.29407613 0.70588235 0.70588235 0.70588235
v -2500.00000000 -9773.91749723 8571.49559630 0.70588235 0.70588235 0.70588235
v -2085.88952784 -9748.29917702 8549.02893246 0.70588235 0.70588235 0.70588235
v -1700.00000000 -9673.19006260 8483.16000696 0.70588235 0.70588235 0.70588235
v -1368.62915010 -9553.70871598 8378.37767821 0.70588235 0.70588235 0.70588235
v -1114.35935394 -9397.99759349 8241.82268875 0.70588235 0.70588235 0.70588235
v -954.51867794 -9216.66815079 8082.80103546 0.70588235 0.70588235 0.70588235
v -900.00000000 -9022.07768975 7912.14978120 0.70588235 0.70588235 0.70588235
v -954.51867794 -8827.48722871 7741.49852694 0.70588235 0.70588235 0.70588235
v -1114.35935394 -8646.15778601 7582.47687365 0.70588235 0.70588235 0.70588235
v -1368.62915010 -8490.44666351 7445.92188420 0.70588235 0.70588235 0.70588235
v -1700.00000000 -8370.96531689 7341.13955545 0.70588235 0.70588235 0.70588235
v -2085.88952784 -8295.85620247 7275.27062994 0.70588235 0.70588235 0.70588235
v -2500.00000000 -8270.23788227 7252.80396610 0.70588235 0.70588235 0.70588235
v -2914.11047216 -8295.85620247 7275.27062994 0.70588235 0.70588235 0.70588235
v -3300.00000000 -8370.96531689 7341.13955545 0.70588235 0.70588235 0.70588235
v -3631.37084990 -8490.44666351 7445.92188420 0.70588235 0.70588235 0.70588235
v -3885.64064606 -8646.15778601 7582.47687365 0.70588235 0.70588235 0.70588235
v -4045.48132206 -8827.48722871 7741.49852694 0.70588235 0.70588235 0.70588235
v -4100.00000000 -9022.07768975 7912.14978120 0.70588235 0.70588235 0.70588235
v -4045.48132206 -9216.66815079 8082.80103546 0.70588235 0.70588235 0.70588235
v -3885.64064606 -9397.99759349 8241.82268875 0.70588235 0.70588235 0.70588235
v -3631.37084990 -9553.70871598 8378.37767821 0.70588235 0.70588235 0.70588235
v -3300.00000000 -9673.19006260 8483.16000696 0.70588235 0.70588235 0.70588235
v -2914.11047216 -9748.29917702 8549.02893246 0.70588235 0.70588235 0.70588235
v -2500.00000000 -10313.59342379 7913.89857711 0.70588235 0.70588235 0.70588235
v -2085.88952784 -10286.56056425 7893.15553443 0.70588235 0.70588235 0.70588235
v -1700.00000000 -10207.30423036 7832.34001047 0.70588235 0.70588235 0.70588235
v -1368.62915010 -10081.22561029 7735.59648268 0.70588235 0.70588235 0.70588235
v -1114.35935394 -9916.91675364 7609.51786261 0.70588235 0.70588235 0.70588235
v -954.51867794 -9725.57503746 7462.69619986 0.70588235 0.70588235 0.70588235
v -900.00000000 -9520.24008349 7305.13714810 0.70588235 0.70588235 0.70588235
v -954.51867794 -9314.90512953 7147.57809635 0.70588235 0.70588235 0.70588235
v -1114.35935394 -9123.56341335 7000.75643360 0.70588235 0.70588235 0.70588235
v -1368.62915010 -8959.25455670 6874.67781353 0.70588235 0.70588235 0.70588235
v -1700.00000000 -8833.17593663 6777.93428574 0.70588235 0.70588235 0.70588235
v -2085.88952784 -8753.91960273 6717.11876178 0.70588235 0.70588235 0.70588235
v -2500.00000000 -8726.88674320 6696.37571910 0.70588235 0.70588235 0.70588235
v -2914.11047216 -8753.91960273 6717.11876178 0.70588235 0.70588235 0.70588235
v -3300.00000000 -8833.17593663 6777.93428574 0.70588235 0.70588235 0.70588235
v -3631.37084990 -8959.25455670 6874.67781353 0.70588235 0.70588235 0.70588235
v -3885.64064606 -9123.56341335 7000.75643360 0.70588235 0.70588235 0.70588235
v -4045.48132206 -9314.90512953 7147.57809635 0.70588235 0.70588235 0.70588235
v -4100.00000000 -9520.24008349 7305.13714810 0.70588235 0.70588235 0.70588235
v -4045.48132206 -9725.57503746 7462.69619986 0.70588235 0.70588235 0.70588235
v -3885.64064606 -9916.91675364 7609.51786261 0.70588235 0.70588235 0.70588235
v -3631.37084990 -10081.22561029 7735.59648268 0.70588235 0.70588235 0.70588235
v -3300.00000000 -10207.30423036 7832.34001047 0.70588235 0.70588235 0.70588235
v -2914.11047216 -10286.56056425 7893.15553443 0.70588235 0.70588235 0.70588235
v -2500.00000000 -10809.10495993 7222.41302925 0.70588235 0.70588235 0.70588235
v -2085.88952784 -10780.77331993 7203.48243263 0.70588235 0.70588235 0.70588235
v -1700.00000000 -10697.70915436 7147.98073162 0.70588235 0.70588235 0.70588235
v -1368.62915010 -10565.57314884 7059.69027543 0.70588235 0.70588235 0.70588235
v -1114.35935394 -10393.37015378 6944.62791275 0.70588235 0.70588235 0.70588235
v -954.51867794 -10192.83551872 6810.63495343 0.70588235 0.70588235 0.70588235
v -900.00000000 -9977.63534763 6666.84279624 0.70588235 0.70588235 0.70588235
v -954.51867794 -9762.43517654 6523.05063904 0.70588235 0.70588235 0.70588235
v -1114.35935394 -9561.90054148 6389.05767973 0.70588235 0.70588235 0.70588235
v -1368.62915010 -9389.69754642 6273.99531704 0.70588235 0.70588235 0.70588235
v -1700.00000000 -9257.56154090 6185.70486085 0.70588235 0.70588235 0.70588235
v -2085.88952784 -9174.49737533 6130.20315984 0.70588235 0.70588235 0.70588235
v -2500.00000000 -9146.16573533 6111.27256322 0.70588235 0.70588235 0.70588235
v -2914.11047216 -9174.49737533 6130.20315984 0.70588235 0.70588235 0.70588235
v -3300.00000000 -9257.56154090 6185.70486085 0.70588235 0.70588235 0.70588235
v -3631.37084990 -9389.69754642 6273.99531704 0.70588235 0.70588235 0.70588235
v -3885.64064606 -9561.90054148 6389.05767973 0.70588235 0.70588235 0.70588235
v -4045.48132206 -9762.43517654 6523.05063904 0.70588235 0.70588235 0.70588235
v -4100.00000000 -9977.63534763 6666.84279624 0.70588235 0.70588235 0.70588235
v -4045.48132206 -10192.83551872 6810.63495343 0.70588235 0.70588235 0.70588235
v -3885.64064606 -10393.37015378 6944.62791275 0.70588235 0.70588235 0.70588235
v -3631.37084990 -10565.57314884 7059.69027543 0.70588235 0.70588235 0.70588235
v -3300.00000000 -10697.70915436 7147.98073162 0.70588235 0.70588235 0.70588235
v -2914.11047216 -10780.77331993 7203.48243263 0.70588235 0.70588235 0.70588235
v -2500.00000000 -11258.33024920 6500.00000000 0.70588235 0.70588235 0.70588235
v -2085.88952784 -11228.82114915 6482.96291314 0.70588235 0.70588235 0.70588235
v -1700.00000000 -11142.30484541 6433.01270189 0.70588235 0.70588235 0.70588235
v -1368.62915010 -11004.67728111 6353.55339059 0.70588235 0.70588235 0.70588235
v -1114.35935394 -10825.31754731 6250.00000000 0.70588235 0.70588235 0.70588235
v -954.51867794 -10616.44871346 6129.40952255 0.70588235 0.70588235 0.70588235
v -900.00000000 -10392.30484541 6000.00000000 0.70588235 0.70588235 0.70588235
v -954.51867794 -10168.16097737 5870.59047745 0.70588235 0.70588235 0.70588235
v -1114.35935394 -9959.29214352 5750.00000000 0.70588235 0.70588235 0.70588235
v -1368.62915010 -9779.93240972 5646.44660941 0.70588235 0.70588235 0.70588235
v -1700.00000000 -9642.30484541 5566.98729811 0.70588235 0.70588235 0.70588235
v -2085.88952784 -9555.78854168 5517.03708686 0.70588235 0.70588235 0.70588235
v -2500.00000000 -9526.27944163 5500.00000000 0.70588235 0.70588235 0.70588235
v -2914.11047216 -9555.78854168 5517.03708686 0.70588235 0.70588235 0.70588235
v -3300.00000000 -9642.30484541 5566.98729811 0.70588235 0.70588235 0.70588235
v -3631.37084990 -9779.93240972 5646.44660941 0.70588235 0.70588235 0.70588235
v -3885.64064606 -9959.29214352 5750.00000000 0.70588235 0.70588235 0.70588235
v -4045.48132206 -10168.16097737 5870.59047745 0.70588235 0.70588235 0.70588235
v -4100.00000000 -10392.30484541 6000.00000000 0.70588235 0.70588235 0.70588235
v -4045.48132206 -10616.44871346 6129.40952255 0.70588235 0.70588235 0.70588235
v -3885.64064606 -10825.31754731 6250.00000000 0.70588235 0.70588235 0.70588235
v -3631.37084990 -11004.67728111 6353.55339059 0.70588235 0.70588235 0.70588235
v -3300.00000000 -11142.30484541 6433.01270189 0.70588235 0.70588235 0.70588235
v -2914.11047216 -11228.82114915 6482.96291314 0.70588235 0.70588235 0.70588235
v -2500.00000000 -11659.34563992 5749.75297285 0.70588235 0.70588235 0.70588235
v -2085.88952784 -11628.78544233 5734.68235119 0.70588235 0.70588235 0.70588235
v -1700.00000000 -11539.18747652 5690.49752416 0.70588235 0.70588235 0.70588235
v -1368.62915010 -11396.65769579 5620.20961472 0.70588235 0.70588235 0.70588235
v -1114.35935394 -11210.90926916 5528.60862774 0.70588235 0.70588235 0.70588235
v -954.51867794 -10994.60064493 5421.93701909 0.70588235 0.70588235 0.70588235
v -900.00000000 -10762.47289839 5307.46428263 0.70588235 0.70588235 0.70588235
v -954.51867794 -10530.34515185 5192.99154617 0.70588235 0.70588235 0.70588235
v -1114.35935394 -10314.03652763 5086.31993752 0.70588235 0.70588235 0.70588235
v -1368.62915010 -10128.28810099 4994.71895053 0.70588235 0.70588235 0.70588235
v -1700.00000000 -9985.75832026 4924.43104109 0.70588235 0.70588235 0.70588235
v -2085.88952784 -9896.16035445 4880.24621407 0.70588235 0.70588235 0.70588235
v -2500.00000000 -9865.60015686 4865.17559241 0.70588235 0.70588235 0.70588235
v -2914.11047216 -9896.16035445 4880.24621407 0.70588235 0.70588235 0.70588235
v -3300.00000000 -9985.75832026 4924.43104109 0.70588235 0.70588235 0.70588235
v -3631.37084990 -10128.28810099 4994.71895053 0.70588235 0.70588235 0.70588235
v -3885.64064606 -10314.03652763 5086.31993752 0.70588235 0.70588235 0.70588235
v -4045.48132206 -10530.34515185 5192.99154617 0.70588235 0.70588235 0.70588235
v -4100.00000000 -10762.47289839 5307.46428263 0.70588235 0.70588235 0.70588235
v -4045.48132206 -10994.60064493 5421.93701909 0.70588235 0.70588235 0.70588235
v -3885.64064606 -11210.90926916 5528.60862774 0.70588235 0.70588235 0.70588235
v -3631.37084990 -11396.65769579 5620.20961472 0.70588235 0.70588235 0.70588235
v -3300.00000000 -11539.18747652 5690.49752416 0.70588235 0.70588235 0.70588235
v -2914.11047216 -11628.78544233 5734.68235119 0.70588235 0.70588235 0.70588235
v -2500.00000000 -12010.43392265 4974.88462075 0.70588235 0.70588235 0.70588235
v -2085.88952784 -11978.95349097 4961.84499900 0.70588235 0.70588235 0.70588235
v -1700.00000000 -11886.65753533 4923.61476242 0.70588235 0.70588235 0.70588235
v -1368.62915010 -11739.83587257 4862.79923845 0.70588235 0.70588235 0.70588235
v -1114.35935394 -11548.49415639 4783.54290456 0.70588235 0.70588235 0.70588235
v -954.51867794 -11325.67200853 4691.24694892 0.70588235 0.70588235 0.70588235
v -900.00000000 -11086.55439014 4592.20118838 0.70588235 0.70588235 0.70588235
v -954.51867794 -10847.43677174 4493.15542784 0.70588235 0.70588235 0.70588235
v -1114.35935394 -10624.61462388 4400.85947220 0.70588235 0.70588235 0.70588235
v -1368.62915010 -10433.27290770 4321.60313831 0.70588235 0.70588235 0.70588235
v -1700.00000000 -10286.45124494 4260.78761435 0.70588235 0.70588235 0.70588235
v -2085.88952784 -10194.15528930 4222.55737777 0.70588235 0.70588235 0.70588235
v -2500.00000000 -10162.67485762 4209.51775602 0.70588235 0.70588235 0.70588235
v -2914.11047216 -10194.15528930 4222.55737777 0.70588235 0.70588235 0.70588235
v -3300.00000000 -10286.45124494 4260.78761435 0.70588235 0.70588235 0.70588235
v -3631.37084990 -10433.27290770 4321.60313831 0.70588235 0.70588235 0.70588235
v -3885.64064606 -10624.61462388 4400.85947220 0.70588235 0.70588235 0.70588235
v -4045.48132206 -10847.43677174 4493.15542784 0.70588235 0.70588235 0.70588235
v -4100.00000000 -11086.55439014 4592.20118838 0.70588235 0.70588235 0.70588235
v -4045.48132206 -11325.67200853 4691.24694892 0.70588235 0.70588235 0.70588235
v -3885.64064606 -11548.49415639 4783.54290456 0.70588235 0.70588235 0.70588235
v -3631.37084990 -11739.83587257 4862.79923845 0.70588235 0.70588235 0.70588235
v -3300.00000000 -11886.65753533 4923.61476242 0.70588235 0.70588235 0.70588235
v -2914.11047216 -11978.95349097 4961.84499900 0.70588235 0.70588235 0.70588235
v -2500.00000000 -12310.09168344 4178.71304894 0.70588235 0.70588235 0.70588235
v -2085.88952784 -12277.82582171 4167.76026476 0.70588235 0.70588235 0.70588235
v -1700.00000000 -12183.22710169 4135.64832637 0.70588235 0.70588235 0.70588235
v -1368.62915010 -12032.74226982 4084.56560929 0.70588235 0.70588235 0.70588235
v -1114.35935394 -11836.62661869 4017.99331629 0.70588235 0.70588235 0.70588235
v -954.51867794 -11608.24510584 3940.46823911 0.70588235 0.70588235 0.70588235
v -900.00000000 -11363.16155394 3857.27358364 0.70588235 0.70588235 0.70588235
v -954.51867794 -11118.07800205 3774.07892817 0.70588235 0.70588235 0.70588235
v -1114.35935394 -10889.69648919 3696.55385099 0.70588235 0.70588235 0.70588235
v -1368.62915010 -10693.58083807 3629.98155798 0.70588235 0.70588235 0.70588235
v -1700.00000000 -10543.09600619 3578.89884091 0.70588235 0.70588235 0.70588235
v -2085.88952784 -10448.49728617 3546.78690251 0.70588235 0.70588235 0.70588235
v -2500.00000000 -10416.23142445 3535.83411833 0.70588235 0.70588235 0.70588235
v -2914.11047216 -10448.49728617 3546.78690251 0.70588235 0.70588235 0.70588235
v -3300.00000000 -10543.09600619 3578.89884091 0.70588235 0.70588235 0.70588235
v -3631.37084990 -10693.58083807 3629.98155798 0.70588235 0.70588235 0.70588235
v -3885.64064606 -10889.69648919 3696.55385099 0.70588235 0.70588235 0.70588235
v -4045.48132206 -11118.07800205 3774.07892817 0.70588235 0.70588235 0.70588235
v -4100.00000000 -11363.16155394 3857.27358364 0.70588235 0.70588235 0.70588235
v -4045.48132206 -11608.24510584 3940.46823911 0.70588235 0.70588235 0.70588235
v -3885.64064606 -11836.62661869 4017.99331629 0.70588235 0.70588235 0.70588235
v -3631.37084990 -12032.74226982 4084.56560929 0.70588235 0.70588235 0.70588235
v -3300.00000000 -12183.22710169 4135.64832637 0.70588235 0.70588235 0.70588235
v -2914.11047216 -12277.82582171 4167.76026476 0.70588235 0.70588235 0.70588235
v -2500.00000000 -12557.03574176 3364.64758633 0.70588235 0.70588235 0.70588235
v -2085.88952784 -12524.12261736 3355.82854123 0.70588235 0.70588235 0.70588235
v -1700.00000000 -12427.62621921 3329.97240927 0.70588235 0.70588235 0.70588235
v -1368.62915010 -12274.12261736 3288.84124312 0.70588235 0.70588235 0.70588235
v -1114.35935394 -12074.07282861 3235.23806378 0.70588235 0.70588235 0.70588235
v -954.51867794 -11841.10991547 3172.81583934 0.70588235 0.70588235 0.70588235
v -900.00000000 -11591.10991547 3105.82854123 0.70588235 0.70588235 0.70588235
v -954.51867794 -11341.10991547 3038.84124312 0.70588235 0.70588235 0.70588235
v -1114.35935394 -11108.14700232 2976.41901868 0.70588235 0.70588235 0.70588235
v -1368.62915010 -10908.09721358 2922.81583934 0.70588235 0.70588235 0.70588235
v -1700.00000000 -10754.59361173 2881.68467319 0.70588235 0.70588235 0.70588235
v -2085.88952784 -10658.09721358 2855.82854123 0.70588235 0.70588235 0.70588235
v -2500.00000000 -10625.18408918 2847.00949613 0.70588235 0.70588235 0.70588235
v -2914.11047216 -10658.09721358 2855.82854123 0.70588235 0.70588235 0.70588235
v -3300.00000000 -10754.59361173 2881.68467319 0.70588235 0.70588235 0.70588235
v -3631.37084990 -10908.09721358 2922.81583934 0.70588235 0.70588235 0.70588235
v -3885.64064606 -11108.14700232 2976.41901868 0.70588235 0.70588235 0.70588235
v -4045.48132206 -11341.10991547 3038.84124312 0.70588235 0.70588235 0.70588235
v -4100.00000000 -11591.10991547 3105.82854123 0.70588235 0.70588235 0.70588235
v -4045.48132206 -11841.10991547 3172.81583934 0.70588235 0.70588235 0.70588235
v -3885.64064606 -12074.07282861 3235.23806378 0.70588235 0.70588235 0.70588235
v -3631.37084990 -12274.12261736 3288.84124312 0.70588235 0.70588235 0.70588235
v -3300.00000000 -12427.62621921 3329.97240927 0.70588235 0.70588235 0.70588235
v -2914.11047216 -12524.12261736 3355.82854123 0.70588235 0.70588235 0.70588235
v -2500.00000000 -12750.20864524 2536.17418621 0.70588235 0.70588235 0.70588235
v -2085.88952784 -12716.78919722 2529.52664469 0.70588235 0.70588235 0.70588235
v -1700.00000000 -12618.80833333 2510.03703909 0.70588235 0.70588235 0.70588235
v -1368.62915010 -12462.94328750 2479.03355384 0.70588235 0.70588235 0.70588235
v -1114.35935394 -12259.81600504 2438.62902520 0.70588235 0.70588235 0.70588235
v -954.51867794 -12023.26927456 2391.57695505 0.70588235 0.70588235 0.70588235
v -900.00000000 -11769.42336484 2341.08386419 0.70588235 0.70588235 0.70588235
v -954.51867794 -11515.57745511 2290.59077334 0.70588235 0.70588235 0.70588235
v -1114.35935394 -11279.03072464 2243.53870319 0.70588235 0.70588235 0.70588235
v -1368.62915010 -11075.90344218 2203.13417455 0.70588235 0.70588235 0.70588235
v -1700.00000000 -10920.03839635 2172.13068930 0.70588235 0.70588235 0.70588235
v -2085.88952784 -10822.05753245 2152.64108370 0.70588235 0.70588235 0.70588235
v -2500.00000000 -10788.63808444 2145.99354218 0.70588235 0.70588235 0.70588235
v -2914.11047216 -10822.05753245 2152.64108370 0.70588235 0.70588235 0.70588235
v -3300.00000000 -10920.03839635 2172.13068930 0.70588235 0.70588235 0.70588235
v -3631.37084990 -11075.90344218 2203.13417455 0.70588235 0.70588235 0.70588235
v -3885.64064606 -11279.03072464 2243.53870319 0.70588235 0.70588235 0.70588235
v -4045.48132206 -11515.57745511 2290.59077334 0.70588235 0.70588235 0.70588235
v -4100.00000000 -11769.42336484 2341.08386419 0.70588235 0.70588235 0.70588235
v -4045.48132206 -12023.26927456 2391.57695505 0.70588235 0.70588235 0.70588235
v -3885.64064606 -12259.81600504 2438.62902520 0.70588235 0.70588235 0.70588235
v -3631.37084990 -12462.94328750 2479.03355384 0.70588235 0.70588235 0.70588235
v -3300.00000000 -12618.80833333 2510.03703909 0.70588235 0.70588235 0.70588235
v -2914.11047216 -12716.78919722 2529.52664469 0.70588235 0.70588235 0.70588235
v -2500.00000000 -12888.78319786 1696.84049886 0.70588235 0.70588235 0.70588235
v -2085.88952784 -12855.00053343 1692.39292671 0.70588235 0.70588235 0.70588235
v -1700.00000000 -12755.95477289 1679.35330496 0.70588235 0.70588235 0.70588235
v -1368.62915010 -12598.39572114 1658.61026228 0.70588235 0.70588235 0.70588235
v -1114.35935394 -12393.06076717 1631.57740275 0.70588235 0.70588235 0.70588235
v -954.51867794 -12153.94314878 1600.09697107 0.70588235 0.70588235 0.70588235
v -900.00000000 -11897.33833649 1566.31430664 0.70588235 0.70588235 0.70588235
v -954.51867794 -11640.73352419 1532.53164221 0.70588235 0.70588235 0.70588235
v -1114.35935394 -11401.61590580 1501.05121053 0.70588235 0.70588235 0.70588235
v -1368.62915010 -11196.28095184 1474.01835100 0.70588235 0.70588235 0.70588235
v -1700.00000000 -11038.72190008 1453.27530832 0.70588235 0.70588235 0.70588235
v -2085.88952784 -10939.67613954 1440.23568657 0.70588235 0.70588235 0.70588235
v -2500.00000000 -10905.89347511 1435.78811442 0.70588235 0.70588235 0.70588235
v -2914.11047216 -10939.67613954 1440.23568657 0.70588235 0.70588235 0.70588235
v -3300.00000000 -11038.72190008 1453.27530832 0.70588235 0.70588235 0.70588235
v -3631.37084990 -11196.28095184 1474.01835100 0.70588235 0.70588235 0.70588235
v -3885.64064606 -11401.61590580 1501.05121053 0.70588235 0.70588235 0.70588235
v -4045.48132206 -11640.73352419 1532.53164221 0.70588235 0.70588235 0.70588235
v -4100.00000000 -11897.33833649 1566.31430664 0.70588235 0.70588235 0.70588235
v -4045.48132206 -12153.94314878 1600.09697107 0.70588235 0.70588235 0.70588235
v -3885.64064606 -12393.06076717 1631.57740275 0.70588235 0.70588235 0.70588235
v -3631.37084990 -12598.39572114 1658.61026228 0.70588235 0.70588235 0.70588235
v -3300.00000000 -12755.95477289 1679.35330496 0.70588235 0.70588235 0.70588235
v -2914.11047216 -12855.00053343 1692.39292671 0.70588235 0.70588235 0.70588235
v -2500.00000000 -12972.16600210 850.24067999 0.70588235 0.70588235 0.70588235
v -2085.88952784 -12938.16478381 848.01212241 0.70588235 0.70588235 0.70588235
v -1700.00000000 -12838.47825578 841.47832216 0.70588235 0.70588235 0.70588235
v -1368.62915010 -12679.89989015 831.08454695 0.70588235 0.70588235 0.70588235
v -1114.35935394 -12473.23654048 817.53911538 0.70588235 0.70588235 0.70588235
v -954.51867794 -12232.57197252 801.76512622 0.70588235 0.70588235 0.70588235
v -900.00000000 -11974.30707886 784.83755076 0.70588235 0.70588235 0.70588235
v -954.51867794 -11716.04218520 767.90997531 0.70588235 0.70588235 0.70588235
v -1114.35935394 -11475.37761724 752.13598615 0.70588235 0.70588235 0.70588235
v -1368.62915010 -11268.71426757 738.59055457 0.70588235 0.70588235 0.70588235
v -1700.00000000 -11110.13590195 728.19677936 0.70588235 0.70588235 0.70588235
v -2085.88952784 -11010.44937391 721.66297912 0.70588235 0.70588235 0.70588235
v -2500.00000000 -10976.44815562 719.43442153 0.70588235 0.70588235 0.70588235
v -2914.11047216 -11010.44937391 721.66297912 0.70588235 0.70588235 0.70588235
v -3300.00000000 -11110.13590195 728.19677936 0.70588235 0.70588235 0.70588235
v -3631.37084990 -11268.71426757 738.59055457 0.70588235 0.70588235 0.70588235
v -3885.64064606 -11475.37761724 752.13598615 0.70588235 0.70588235 0.70588235
v -4045.48132206 -11716.04218520 767.90997531 0.70588235 0.70588235 0.70588235
v -4100.00000000 -11974.30707886 784.83755076 0.70588235 0.70588235 0.70588235
v -4045.48132206 -12232.57197252 801.76512622 0.70588235 0.70588235 0.70588235
v -3885.64064606 -12473.23654048 817.53911538 0.70588235 0.70588235 0.70588235
v -3631.37084990 -12679.89989015 831.08454695 0.70588235 0.70588235 0.70588235
v -3300.00000000 -12838.47825578 841.47832216 0.70588235 0.70588235 0.70588235
v -2914.11047216 -12938.16478381 848.01212241 0.70588235 0.70588235 0.70588235
v -2500.00000000 -13000.00000000 0.00000000 0.70588235 0.70588235 0.70588235
v -2085.88952784 -12965.92582629 0.00000000 0.70588235 0.70588235 0.70588235
v -1700.00000000 -12866.02540378 0.00000000 0.70588235 0.70588235 0.70588235
v -1368.62915010 -12707.10678119 0.00000000 0.70588235 0.70588235 0.70588235
v -1114.35935394 -12500.00000000 0.00000000 0.70588235 0.70588235 0.70588235
v -954.51867794 -12258.81904510 0.00000000 0.70588235 0.70588235 0.70588235
v -900.00000000 -12000.00000000 0.00000000 0.70588235 0.70588235 0.70588235
v -954.51867794 -11741.18095490 0.00000000 0.70588235 0.70588235 0.70588235
v -1114.35935394 -11500.00000000 0.00000000 0.70588235 0.70588235 0.70588235
v -1368.62915010 -11292.89321881 0.00000000 0.70588235 0.70588235 0.70588235
v -1700.00000000 -11133.97459622 0.00000000 0.70588235 0.70588235 0.70588235
v -2085.88952784 -11034.07417371 0.00000000 0.70588235 0.70588235 0.70588235
v -2500.00000000 -11000.00000000 0.00000000 0.70588235 0.70588235 0.70588235
v -2914.11047216 -11034.07417371 0.00000000 0.70588235 0.70588235 0.70588235
v -3300.00000000 -11133.97459622 0.00000000 0.70588235 0.70588235 0.70588235
v -3631.37084990 -11292.89321881 0.00000000 0.70588235 0.70588235 0.70588235
v -3885.64064606 -11500.00000000 0.00000000 0.70588235 0.70588235 0.70588235
v -4045.48132206 -11741.18095490 0.00000000 0.70588235 0.70588235 0.70588235
v -4100.00000000 -12000.00000000 0.00000000 0.70588235 0.70588235 0.70588235
v -4045.48132206 -12258.81904510 0.00000000 0.70588235 0.70588235 0.70588235
v -3885.64064606 -12500.00000000 0.00000000 0.70588235 0.70588235 0.70588235
v -3631.37084990 -12707.10678119 0.00000000 0.70588235 0.70588235 0.70588235
v -3300.00000000 -12866.02540378 0.00000000 0.70588235 0.70588235 0.70588235
v -2914.11047216 -12965.92582629 0.00000000 0.70588235 0.70588235 0.70588235
v -2500.00000000 -12972.16600210 -850.24067999 0.70588235 0.70588235 0.70588235
v -2085.88952784 -12938.16478381 -848.01212241 0.70588235 0.70588235 0.70588235
v -1700.00000000 -12838.47825578 -841.47832216 0.70588235 0.70588235 0.70588235
v -1368.62915010 -12679.89989015 -831.08454695 0.70588235 0.70588235 0.70588235
v -1114.35935394 -12473.23654048 -817.53911538 0.70588235 0.70588235 0.70588235
v -954.51867794 -12232.57197252 -801.76512622 0.70588235 0.70588235 0.70588235
v -900.00000000 -11974.30707886 -784.83755076 0.70588235 0.70588235 0.70588235
v -954.51867794 -11716.04218520 -767.90997531 0.70588235 0.70588235 0.70588235
v -1114.35935394 -11475.37761724 -752.13598615 0.70588235 0.70588235 0.70588235
v -1368.62915010 -11268.71426757 -738.59055457 0.70588235 0.70588235 0.70588235
v -1700.00000000 -11110.13590195 -728.19677936 0.70588235 0.70588235 0.70588235
v -2085.88952784 -11010.44937391 -721.66297912 0.70588235 0.70588235 0.70588235
v -2500.00000000 -10976.44815562 -719.43442153 0.70588235 0.70588235 0.70588235
v -2914.11047216 -11010.44937391 -721.66297912 0.70588235 0.70588235 0.70588235
v -3300.00000000 -11110.13590195 -728.19677936 0.70588235 0.70588235 0.70588235
v -3631.37084990 -11268.71426757 -738.59055457 0.70588235 0.70588235 0.70588235
v -3885.64064606 -11475.37761724 -752.13598615 0.70588235 0.70588235 0.70588235
v -4045.48132206 -11716.04218520 -767.90997531 0.70588235 0.70588235 0.70588235
v -4100.00000000 -11974.30707886 -784.83755076 0.70588235 0.70588235 0.70588235
v -4045.48132206 -12232.57197252 -801.76512622 0.70588235 0.70588235 0.70588235
v -3885.64064606 -12473.23654048 -817.53911538 0.70588235 0.70588235 0.70588235
v -3631.37084990 -12679.89989015 -831.08454695 0.70588235 0.70588235 0.70588235
v -3300.00000000 -12838.47825578 -841.47832216 0.70588235 0.70588235 0.70588235
v -2914.11047216 -12938.16478381 -848.01212241 0.70588235 0.70588235 0.70588235
v -2500.00000000 -12888.78319786 -1696.84049886 0.70588235 0.70588235 0.70588235
v -2085.88952784 -12855.00053343 -1692.39292671 0.70588235 0.70588235 0.70588235
v -1700.00000000 -12755.95477289 -1679.35330496 0.70588235 0.70588235 0.70588235
v -1368.62915010 -12598.39572114 -1658.61026228 0.70588235 0.70588235 0.70588235
v -1114.35935394 -12393.06076717 -1631.57740275 0.70588235 0.70588235 0.70588235
v -954.51867794 -12153.94314878 -1600.09697107 0.70588235 0.70588235 0.70588235
v -900.00000000 -11897.33833649 -1566.31430664 0.70588235 0.70588235 0.70588235
v -954.51867794 -11640.73352419 -1532.53164221 0.70588235 0.70588235 0.70588235
v -1114.35935394 -11401.61590580 -1501.05121053 0.70588235 0.70588235 0.70588235
v -1368.62915010 -11196.28095184 -1474.01835100 0.70588235 0.70588235 0.70588235
v -1700.00000000 -11038.72190008 -1453.27530832 0.70588235 0.70588235 0.70588235
v -2085.88952784 -10939.67613954 -1440.23568657 0.70588235 0.70588235 0.70588235
v -2500.00000000 -10905.89347511 -1435.78811442 0.70588235 0.70588235 0.70588235
v -2914.11047216 -10939.67613954 -1440.23568657 0.70588235 0.70588235 0.70588235
v -3300.00000000 -11038.72190008 -1453.27530832 0.70588235 0.70588235 0.70588235
v -3631.37084990 -11196.28095184 -1474.01835100 0.70588235 0.70588235 0.70588235
v -3885.64064606 -11401.61590580 -1501.05121053 0.70588235 0.70588235 0.70588235
v -4045.48132206 -11640.73352419 -1532.53164221 0.70588235 0.70588235 0.70588235
v -4100.00000000 -11897.33833649 -1566.31430664 0.70588235 0.70588235 0.70588235
v -4045.48132206 -12153.94314878 -1600.09697107 0.70588235 0.70588235 0.70588235
v -3885.64064606 -12393.06076717 -1631.57740275 0.70588235 0.70588235 0.70588235
v -3631.37084990 -12598.39572114 -1658.61026228 0.70588235 0.70588235 0.70588235
v -3300.00000000 -12755.95477289 -1679.35330496 0.70588235 0.70588235 0.70588235
v -2914.11047216 -12855.00053343 -1692.39292671 0.70588235 0.70588235 0.70588235
v -2500.00000000 -12750.20864524 -2536.17418621 0.70588235 0.70588235 0.70588235
v -2085.88952784 -12716.78919722 -2529.52664469 0.70588235 0.70588235 0.70588235
v -1700.00000000 -12618.80833333 -2510.03703909 0.70588235 0.70588235 0.70588235
v -1368.62915010 -12462.94328750 -2479.03355383 0.70588235 0.70588235 0.70588235
v -1114.35935394 -12259.81600504 -2438.62902520 0.70588235 0.70588235 0.70588235
v -954.51867794 -12023.26927456 -2391.57695505 0.70588235 0.70588235 0.70588235
v -900.00000000 -11769.42336484 -2341.08386419 0.70588235 0.70588235 0.70588235
v -954.51867794 -11515.57745511 -2290.59077334 0.70588235 0.70588235 0.70588235
v -1114.35935394 -11279.03072464 -2243.53870319 0.70588235 0.70588235 0.70588235
v -1368.62915010 -11075.90344218 -2203.13417455 0.70588235 0.70588235 0.70588235
v -1700.00000000 -10920.03839635 -2172.13068930 0.70588235 0.70588235 0.70588235
v -2085.88952784 -10822.05753245 -2152.64108370 0.70588235 0.70588235 0.70588235
v -2500.00000000 -10788.63808444 -2145.99354218 0.70588235 0.70588235 0.70588235
v -2914.11047216 -10822.05753245 -2152.64108370 0.70588235 0.70588235 0.70588235
v -3300.00000000 -10920.03839635 -2172.13068930 0.70588235 0.70588235 0.70588235
v -3631.37084990 -11075.90344218 -2203.13417455 0.70588235 0.70588235 0.70588235
v -3885.64064606 -11279.03072464 -2243.53870319 0.70588235 0.70588235 0.70588235
v -4045.48132206 -11515.57745511 -2290.59077334 0.70588235 0.70588235 0.70588235
v -4100.00000000 -11769.42336484 -2341.08386419 0.70588235 0.70588235 0.70588235
v -4045.48132206 -12023.26927456 -2391.57695505 0.70588235 0.70588235 0.70588235
v -3885.64064606 -12259.81600504 -2438.62902520 0.70588235 0.70588235 0.70588235
v -3631.37084990 -12462.94328750 -2479.03355383 0.70588235 0.70588235 0.70588235
v -3300.00000000 -12618.80833333 -2510.03703909 0.70588235 0.70588235 0.70588235
v -2914.11047216 -12716.78919722 -2529.52664469 0.70588235 0.70588235 0.70588235
v -2500.00000000 -12557.03574176 -3364.64758633 0.70588235 0.70588235 0.70588235
v -2085.88952784 -12524.12261736 -3355.82854123 0.70588235 0.70588235 0.70588235
v -1700.00000000 -12427.62621921 -3329.97240927 0.70588235 0.70588235 0.70588235
v -1368.62915010 -12274.12261736 -3288.84124312 0.70588235 0.70588235 0.70588235
v -1114.35935394 -12074.07282861 -3235.23806378 0.70588235 0.70588235 0.70588235
v -954.51867794 -11841.10991547 -3172.81583934 0.70588235 0.70588235 0.70588235
v -900.00000000 -11591.10991547 -3105.82854123 0.70588235 0.70588235 0.70588235
v -954.51867794 -11341.10991547 -3038.84124312 0.70588235 0.70588235 0.70588235
v -1114.35935394 -11108.14700232 -2976.41901868 0.70588235 0.70588235 0.70588235
v -1368.62915010 -10908.09721358 -2922.81583934 0.70588235 0.70588235 0.70588235
v -1700.00000000 -10754.59361173 -2881.68467319 0.70588235 0.70588235 0.70588235
v -2085.88952784 -10658.09721358 -2855.82854123 0.70588235 0.70588235 0.70588235
v -2500.00000000 -10625.18408918 -2847.00949613 0.70588235 0.70588235 0.70588235
v -2914.11047216 -10658.09721358 -2855.82854123 0.70588235 0.70588235 0.70588235
v -3300.00000000 -10754.59361173 -2881.68467319 0.70588235 0.70588235 0.70588235
v -3631.37084990 -10908.09721358 -2922.81583934 0.70588235 0.70588235 0.70588235
v -3885.64064606 -11108.14700232 -2976.41901868 0.70588235 0.70588235 0.70588235
v -4045.48132206 -11341.10991547 -3038.84124312 0.70588235 0.70588235 0.70588235
v -4100.00000000 -11591.10991547 -3105.82854123 0.70588235 0.70588235 0.70588235
v -4045.48132206 -11841.10991547 -3172.81583934 0.70588235 0.70588235 0.70588235
v -3885.64064606 -12074.07282861 -3235.23806378 0.70588235 0.70588235 0.70588235
v -3631.37084990 -12274.12261736 -3288.84124312 0.70588235 0.70588235 0.70588235
v -3300.00000000 -12427.62621921 -3329.97240927 0.70588235 0.70588235 0.70588235
v -2914.11047216 -12524.12261736 -3355.82854123 0.70588235 0.70588235 0.70588235
v -2500.00000000 -12310.09168344 -4178.71304894 0.70588235 0.70588235 0.70588235
v -2085.88952784 -12277.82582171 -4167.76026476 0.70588235 0.70588235 0.70588235
v -1700.00000000 -12183.22710169 -4135.64832637 0.70588235 0.70588235 0.70588235
v -1368.62915010 -12032.74226982 -4084.56560929 0.70588235 0.70588235 0.70588235
v -1114.35935394 -11836.62661869 -4017.99331629 0.70588235 0.70588235 0.70588235
v -954.51867794 -11608.24510584 -3940.46823911 0.70588235 0.70588235 0.70588235
v -900.00000000 -11363.16155394 -3857.27358364 0.70588235 0.70588235 0.70588235
v -954.51867794 -11118.07800205 -3774.07892817 0.70588235 0.70588235 0.70588235
v -1114.35935394 -10889.69648919 -3696.55385099 0.70588235 0.70588235 0.70588235
v -1368.62915010 -10693.58083807 -3629.98155798 0.70588235 0.70588235 0.70588235
v -1700.00000000 -10543.09600619 -3578.89884091 0.70588235 0.70588235 0.70588235
v -2085.88952784 -10448.49728617 -3546.78690251 0.70588235 0.70588235 0.70588235
v -2500.00000000 -10416.23142445 -3535.83411833 0.70588235 0.70588235 0.70588235
v -2914.11047216 -10448.49728617 -3546.78690251 0.70588235 0.70588235 0.70588235
v -3300.00000000 -10543.09600619 -3578.89884091 0.70588235 0.70588235 0.70588235
v -3631.37084990 -10693.58083807 -3629.98155798 0.70588235 0.70588235 0.70588235
v -3885.64064606 -10889.69648919 -3696.55385099 0.70588235 0.70588235 0.70588235
v -4045.48132206 -11118.07800205 -3774.07892817 0.70588235 0.70588235 0.70588235
v -4100.00000000 -11363.16155394 -3857.27358364 0.70588235 0.70588235 0.70588235
v -4045.48132206 -11608.24510584 -3940.46823911 0.70588235 0.70588235 0.70588235
v -3885.64064606 -11836.62661869 -4017.99331629 0.70588235 0.70588235 0.70588235
v -3631.37084990 -12032.74226982 -4084.56560929 0.70588235 0.70588235 0.70588235
v -3300.00000000 -12183.22710169 -4135.64832637 0.70588235 0.70588235 0.70588235
v -2914.11047216 -12277.82582171 -4167.76026476 0.70588235 0.70588235 0.70588235
v -2500.00000000 -12010.43392265 -4974.88462075 0.70588235 0.70588235 0.70588235
v -2085.88952784 -11978.95349097 -4961.84499900 0.70588235 0.70588235 0.70588235
v -1700.00000000 -11886.65753533 -4923.61476242 0.70588235 0.70588235 0.70588235
v -1368.62915010 -11739.83587257 -4862.79923845 0.70588235 0.70588235 0.70588235
v -1114.35935394 -11548.49415639 -4783.54290456 0.70588235 0.70588235 0.70588235
v -954.51867794 -11325.67200853 -4691.24694892 0.70588235 0.70588235 0.70588235
v -900.00000000 -11086.55439014 -4592.20118838 0.70588235 0.70588235 0.70588235
v -954.51867794 -10847.43677174 -4493.15542784 0.70588235 0.70588235 0.70588235
v -1114.35935394 -10624.61462388 -4400.85947220 0.70588235 0.70588235 0.70588235
v -1368.62915010 -10433.27290770 -4321.60313831 0.70588235 0.70588235 0.70588235
v -1700.00000000 -10286.45124494 -4260.78761435 0.70588235 0.70588235 0.70588235
v -2085.88952784 -10194.15528930 -4222.55737777 0.70588235 0.70588235 0.70588235
v -2500.00000000 -10162.67485762 -4209.51775602 0.70588235 0.70588235 0.70588235
v -2914.11047216 -10194.15528930 -4222.55737777 0.70588235 0.70588235 0.70588235
v -3300.00000000 -10286.45124494 -4260.78761435 0.70588235 0.70588235 0.70588235
v -3631.37084990 -10433.27290770 -4321.60313831 0.70588235 0.70588235 0.70588235
v -3885.64064606 -10624.61462388 -4400.85947220 0.70588235 0.70588235 0.70588235
v -4045.48132206 -10847.43677174 -4493.15542784 0.70588235 0.70588235 0.70588235
v -4100.00000000 -11086.55439014 -4592.20118838 0.70588235 0.70588235 0.70588235
v -4045.48132206 -11325.67200853 -4691.24694892 0.70588235 0.70588235 0.70588235
v -3885.64064606 -11548.49415639 -4783.54290456 0.70588235 0.70588235 0.70588235
v -3631.37084990 -11739.83587257 -4862.79923845 0.70588235 0.70588235 0.70588235
v -3300.00000000 -11886.65753533 -4923.61476242 0.70588235 0.70588235 0.70588235
v -2914.11047216 -11978.95349097 -4961.84499900 0.70588235 0.70588235 0.70588235
v -2500.00000000 -11659.34563992 -5749.75297285 0.70588235 0.70588235 0.70588235
v -2085.88952784 -11628.78544233 -5734.68235119 0.70588235 0.70588235 0.70588235
v -1700.00000000 -11539.18747652 -5690.49752416 0.70588235 0.70588235 0.70588235
v -1368.62915010 -11396.65769579 -5620.20961472 0.70588235 0.70588235 0.70588235
v -1114.35935394 -11210.90926916 -5528.60862774 0.70588235 0.70588235 0.70588235
v -954.51867794 -10994.60064493 -5421.93701909 0.70588235 0.70588235 0.70588235
v -900.00000000 -10762.47289839 -5307.46428263 0.70588235 0.70588235 0.70588235
v -954.51867794 -10530.34515185 -5192.99154617 0.70588235 0.70588235 0.70588235
v -1114.35935394 -10314.03652763 -5086.31993752 0.70588235 0.70588235 0.70588235
v -1368.62915010 -10128.28810099 -4994.71895053 0.70588235 0.70588235 0.70588235
v -1700.00000000 -9985.75832026 -4924.43104109 0.70588235 0.70588235 0.70588235
v -2085.88952784 -9896.16035445 -4880.24621407 0.70588235 0.70588235 0.70588235
v -2500.00000000 -9865.60015686 -4865.17559241 0.70588235 0.70588235 0.70588235
v -2914.11047216 -9896.16035445 -4880.24621407 0.70588235 0.70588235 0.70588235
v -3300.00000000 -9985.75832026 -4924.43104109 0.70588235 0.70588235 0.70588235
v -3631.37084990 -10128.28810099 -4994.71895053 0.70588235 0.70588235 0.70588235
v -3885.64064606 -10314.03652763 -5086.31993752 0.70588235 0.70588235 0.70588235
v -4045.48132206 -10530.34515185 -5192.99154617 0.70588235 0.70588235 0.70588235
v -4100.00000000 -10762.47289839 -5307.46428263 0.70588235 0.70588235 0.70588235
v -4045.48132206 -10994.60064493 -5421.93701909 0.70588235 0.70588235 0.70588235
v -3885.64064606 -11210.90926916 -5528.60862774 0.70588235 0.70588235 0.70588235
v -3631.37084990 -11396.65769579 -5620.20961472 0.70588235 0.70588235 0.70588235
v -3300.00000000 -11539.18747652 -5690.49752416 0.70588235 0.70588235 0.70588235
v -2914.11047216 -11628.78544233 -5734.68235119 0.70588235 0.70588235 0.70588235
v -2500.00000000 -11258.33024920 -6500.00000000 0.70588235 0.70588235 0.70588235
v -2085.88952784 -11228.82114915 -6482.96291314 0.70588235 0.70588235 0.70588235
v -1700.00000000 -11142.30484541 -6433.01270189 0.70588235 0.70588235 0.70588235
v -1368.62915010 -11004.67728111 -6353.55339059 0.70588235 0.70588235 0.70588235
v -1114.35935394 -10825.31754731 -6250.00000000 0.70588235 0.70588235 0.70588235
v -954.51867794 -10616.44871346 -6129.40952255 0.70588235 0.70588235 0.70588235
v -900.00000000 -10392.30484541 -6000.00000000 0.70588235 0.70588235 0.70588235
v -954.51867794 -10168.16097737 -5870.59047745 0.70588235 0.70588235 0.70588235
v -1114.35935394 -9959.29214352 -5750.00000000 0.70588235 0.70588235 0.70588235
v -1368.62915010 -9779.93240972 -5646.44660941 0.70588235 0.70588235 0.70588235
v -1700.00000000 -9642.30484541 -5566.98729811 0.70588235 0.70588235 0.70588235
v -2085.88952784 -9555.78854168 -5517.03708686 0.70588235 0.70588235 0.70588235
v -2500.00000000 -9526.27944163 -5500.00000000 0.70588235 0.70588235 0.70588235
v -2914.11047216 -9555.78854168 -5517.03708686 0.70588235 0.70588235 0.70588235
v -3300.00000000 -9642.30484541 -5566.98729811 0.70588235 0.70588235 0.70588235
v -3631.37084990 -9779.93240972 -5646.44660941 0.70588235 0.70588235 0.70588235
v -3885.64064606 -9959.29214352 -5750.00000000 0.70588235 0.70588235 0.70588235
v -4045.48132206 -10168.16097737 -5870.59047745 0.70588235 0.70588235 0.70588235
v -4100.00000000 -10392.30484541 -6000.00000000 0.70588235 0.70588235 0.70588235
v -4045.48132206 -10616.44871346 -6129.40952255 0.70588235 0.70588235 0.70588235
v -3885.64064606 -10825.31754731 -6250.00000000 0.70588235 0.70588235 0.70588235
v -3631.37084990 -11004.67728111 -6353.55339059 0.70588235 0.70588235 0.70588235
v -3300.00000000 -11142.30484541 -6433.01270189 0.70588235 0.70588235 0.70588235
v -2914.11047216 -11228.82114915 -6482.96291314 0.70588235 0.70588235 0.70588235
v -2500.00000000 -10809.10495993 -7222.41302925 0.70588235 0.70588235 0.70588235
v -2085.88952784 -10780.77331993 -7203.48243263 0.70588235 0.70588235 0.70588235
v -1700.00000000 -10697.70915436 -7147.98073162 0.70588235 0.70588235 0.70588235
v -1368.62915010 -10565.57314884 -7059.69027543 0.70588235 0.70588235 0.70588235
v -1114.35935394 -10393.37015378 -6944.62791275 0.70588235 0.70588235 0.70588235
v -954.51867794 -10192.83551872 -6810.63495343 0.70588235 0.70588235 0.70588235
v -900.00000000 -9977.63534763 -6666.84279624 0.70588235 0.70588235 0.70588235
v -954.51867794 -9762.43517654 -6523.05063904 0.70588235 0.70588235 0.70588235
v -1114.35935394 -9561.90054148 -6389.05767973 0.70588235 0.70588235 0.70588235
v -1368.62915010 -9389.69754642 -6273.99531704 0.70588235 0.70588235 0.70588235
v -1700.00000000 -9257.56154090 -6185.70486085 0.70588235 0.70588235 0.70588235
v -2085.88952784 -9174.49737533 -6130.20315984 0.70588235 0.70588235 0.70588235
v -2500.00000000 -9146.16573533 -6111.27256322 0.70588235 0.70588235 0.70588235
v -2914.11047216 -9174.49737533 -6130.20315984 0.70588235 0.70588235 0.70588235
v -3300.00000000 -9257.56154090 -6185.70486085 0.70588235 0.70588235 0.70588235
v -3631.37084990 -9389.69754642 -6273.99531704 0.70588235 0.70588235 0.70588235
v -3885.64064606 -9561.90054148 -6389.05767973 0.70588235 0.70588235 0.70588235
v -4045.48132206 -9762.43517654 -6523.05063904 0.70588235 0.70588235 0.70588235
v -4100.00000000 -9977.63534763 -6666.84279624 0.70588235 0.70588235 0.70588235
v -4045.48132206 -10192.83551872 -6810.63495343 0.70588235 0.70588235 0.70588235
v -3885.64064606 -10393.37015378 -6944.62791275 0.70588235 0.70588235 0.70588235
v -3631.37084990 -10565.57314884 -7059.69027543 0.70588235 0.70588235 0.70588235
v -3300.00000000 -10697.70915436 -7147.98073162 0.70588235 0.70588235 0.70588235
v -2914.11047216 -10780.77331993 -7203.48243263 0.70588235 0.70588235 0.70588235
v -2500.00000000 -10313.59342379 -7913.89857711 0.70588235 0.70588235 0.70588235
v -2085.88952784 -10286.56056425 -7893.15553443 0.70588235 0.70588235 0.70588235
v -1700.00000000 -10207.30423036 -7832.34001047 0.70588235 0.70588235 0.70588235
v -1368.62915010 -10081.22561029 -7735.59648268 0.70588235 0.70588235 0.70588235
v -1114.35935394 -9916.91675364 -7609.51786261 0.70588235 0.70588235 0.70588235
v -954.51867794 -9725.57503746 -7462.69619986 0.70588235 0.70588235 0.70588235
v -900.00000000 -9520.24008349 -7305.13714810 0.70588235 0.70588235 0.70588235
v -954.51867794 -9314.90512953 -7147.57809635 0.70588235 0.70588235 0.70588235
v -1114.35935394 -9123.56341335 -7000.75643360 0.70588235 0.70588235 0.70588235
v -1368.62915010 -8959.25455670 -6874.67781353 0.70588235 0.70588235 0.70588235
v -1700.00000000 -8833.17593663 -6777.93428574 0.70588235 0.70588235 0.70588235
v -2085.88952784 -8753.91960273 -6717.11876178 0.70588235 0.70588235 0.70588235
v -2500.00000000 -8726.88674320 -6696.37571910 0.70588235 0.70588235 0.70588235
v -2914.11047216 -8753.91960273 -6717.11876178 0.70588235 0.70588235 0.70588235
v -3300.00000000 -8833.17593663 -6777.93428574 0.70588235 0.70588235 0.70588235
v -3631.37084990 -8959.25455670 -6874.67781353 0.70588235 0.70588235 0.70588235
v -3885.64064606 -9123.56341335 -7000.75643360 0.70588235 0.70588235 0.70588235
v -4045.48132206 -9314.90512953 -7147.57809635 0.70588235 0.70588235 0.70588235
v -4100.00000000 -9520.24008349 -7305.13714810 0.70588235 0.70588235 0.70588235
v -4045.48132206 -9725.57503746 -7462.69619986 0.70588235 0.70588235 0.70588235
v -3885.64064606 -9916.91675364 -7609.51786261 0.70588235 0.70588235 0.70588235
v -3631.37084990 -10081.22561029 -7735.59648268 0.70588235 0.70588235 0.70588235
v -3300.00000000 -10207.30423036 -7832.34001047 0.70588235 0.70588235 0.70588235
v -2914.11047216 -10286.56056425 -7893.15553443 0.70588235 0.70588235 0.70588235
v -2500.00000000 -9773.91749723 -8571.49559630 0.70588235 0.70588235 0.70588235
v -2085.88952784 -9748.29917702 -8549.02893246 0.70588235 0.70588235 0.70588235
v -1700.00000000 -9673.19006260 -8483.16000696 0.70588235 0.70588235 0.70588235
v -1368.62915010 -9553.70871598 -8378.37767821 0.70588235 0.70588235 0.70588235
v -1114.35935394 -9397.99759349 -8241.82268875 0.70588235 0.70588235 0.70588235
v -954.51867794 -9216.66815079 -8082.80103546 0.70588235 0.70588235 0.70588235
v -900.00000000 -9022.07768975 -7912.14978120 0.70588235 0.70588235 0.70588235
v -954.51867794 -8827.48722871 -7741.49852694 0.70588235 0.70588235 0.70588235
v -1114.35935394 -8646.15778601 -7582.47687365 0.70588235 0.70588235 0.70588235
v -1368.62915010 -8490.44666351 -7445.92188420 0.70588235 0.70588235 0.70588235
v -1700.00000000 -8370.96531689 -7341.13955545 0.70588235 0.70588235 0.70588235
v -2085.88952784 -8295.85620247 -7275.27062994 0.70588235 0.70588235 0.70588235
v -2500.00000000 -8270.23788227 -7252.80396610 0.70588235 0.70588235 0.70588235
v -2914.11047216 -8295.85620247 -7275.27062994 0.70588235 0.70588235 0.70588235
v -3300.00000000 -8370.96531689 -7341.13955545 0.70588235 0.70588235 0.70588235
v -3631.37084990 -8490.44666351 -7445.92188420 0.70588235 0.70588235 0.70588235
v -3885.64064606 -8646.15778601 -7582.47687365 0.70588235 0.70588235 0.70588235
v -4045.48132206 -8827.48722871 -7741.49852694 0.70588235 0.70588235 0.70588235
v -4100.00000000 -9022.07768975 -7912.14978120 0.70588235 0.70588235 0.70588235
v -4045.48132206 -9216.66815079 -8082.80103546 0.70588235 0.70588235 0.70588235
v -3885.64064606 -9397.99759349 -8241.82268875 0.70588235 0.70588235 0.70588235
v -3631.37084990 -9553.70871598 -8378.37767821 0.70588235 0.70588235 0.70588235
v -3300.00000000 -9673.19006260 -8483.16000696 0.70588235 0.70588235 0.70588235
v -2914.11047216 -9748.29917702 -8549.02893246 0.70588235 0.70588235 0.70588235
v -2500.00000000 -9192.38815543 -9192.38815543 0.70588235 0.70588235 0.70588235
v -2085.88952784 -9168.29407613 -9168.29407613 0.70588235 0.70588235 0.70588235
v -1700.00000000 -9097.65380993 -9097.65380993 0.70588235 0.70588235 0.70588235
v -1368.62915010 -8985.28137424 -8985.28137424 0.70588235 0.70588235 0.70588235
v -1114.35935394 -8838.83476483 -8838.83476483 0.70588235 0.70588235 0.70588235
v -954.51867794 -8668.29407613 -8668.29407613 0.70588235 0.70588235 0.70588235
v -900.00000000 -8485.28137424 -8485.28137424 0.70588235 0.70588235 0.70588235
v -954.51867794 -8302.26867235 -8302.26867235 0.70588235 0.70588235 0.70588235
v -1114.35935394 -8131.72798365 -8131.72798365 0.70588235 0.70588235 0.70588235
v -1368.62915010 -7985.28137424 -7985.28137424 0.70588235 0.70588235 0.70588235
v -1700.00000000 -7872.90893854 -7872.90893854 0.70588235 0.70588235 0.70588235
v -2085.88952784 -7802.26867235 -7802.26867235 0.70588235 0.70588235 0.70588235
v -2500.00000000 -7778.17459305 -7778.17459305 0.70588235 0.70588235 0.70588235
v -2914.11047216 -7802.26867235 -7802.26867235 0.70588235 0.70588235 0.70588235
v -3300.00000000 -7872.90893854 -7872.90893854 0.70588235 0.70588235 0.70588235
v -3631.37084990 -7985.28137424 -7985.28137424 0.70588235 0.70588235 0.70588235
v -3885.64064606 -8131.72798365 -8131.72798365 0.70588235 0.70588235 0.70588235
v -4045.48132206 -8302.26867235 -8302.26867235 0.70588235 0.70588235 0.70588235
v -4100.00000000 -8485.28137424 -8485.28137424 0.70588235 0.70588235 0.70588235
v -4045.48132206 -8668.29407613 -8668.29407613 0.70588235 0.70588235 0.70588235
v -3885.64064606 -8838.83476483 -8838.83476483 0.70588235 0.70588235 0.70588235
v -3631.37084990 -8985.28137424 -8985.28137424 0.70588235 0.70588235 0.70588235
v -3300.00000000 -9097.65380993 -9097.65380993 0.70588235 0.70588235 0.70588235
v -2914.11047216 -9168.29407613 -9168.29407613 0.70588235 0.70588235 0.70588235
v -2500.00000000 -8571.49559630 -9773.91749723 0.70588235 0.70588235 0.70588235
v -2085.88952784 -8549.02893246 -9748.29917702 0.70588235 0.70588235 0.70588235
v -1700.00000000 -8483.16000696 -9673.19006260 0.70588235 0.70588235 0.70588235
v -1368.62915010 -8378.37767821 -9553.70871598 0.70588235 0.70588235 0.70588235
v -1114.35935394 -8241.82268875 -9397.99759349 0.70588235 0.70588235 0.70588235
v -954.51867794 -8082.80103546 -9216.66815079 0.70588235 0.70588235 0.70588235
v -900.00000000 -7912.14978120 -9022.07768975 0.70588235 0.70588235 0.70588235
v -954.51867794 -7741.49852694 -8827.48722871 0.70588235 0.70588235 0.70588235
v -1114.35935394 -7582.47687365 -8646.15778601 0.70588235 0.70588235 0.70588235
v -1368.62915010 -7445.92188420 -8490.44666351 0.70588235 0.70588235 0.70588235
v -1700.00000000 -7341.13955545 -8370.96531689 0.70588235 0.70588235 0.70588235
v -2085.88952784 -7275.27062994 -8295.85620247 0.70588235 0.70588235 0.70588235
v -2500.00000000 -7252.80396610 -8270.23788227 0.70588235 0.70588235 0.70588235
v -2914.11047216 -7275.27062994 -8295.85620247 0.70588235 0.70588235 0.70588235
v -3300.00000000 -7341.13955545 -8370.96531689 0.70588235 0.70588235 0.70588235
v -3631.37084990 -7445.92188420 -8490.44666351 0.70588235 0.70588235 0.70588235
v -3885.64064606 -7582.47687365 -8646.15778601 0.70588235 0.70588235 0.70588235
v -4045.48132206 -7741.49852694 -8827.48722871 0.70588235 0.70588235 0.70588235
v -4100.00000000 -7912.14978120 -9022.07768975 0.70588235 0.70588235 0.70588235
v -4045.48132206 -8082.80103546 -9216.66815079 0.70588235 0.70588235 0.70588235
v -3885.64064606 -8241.82268875 -9397.99759349 0.70588235 0.70588235 0.70588235
v -3631.37084990 -8378.37767821 -9553.70871598 0.70588235 0.70588235 0.70588235
v -3300.00000000 -8483.16000696 -9673.19006260 0.70588235 0.70588235 0.70588235
v -2914.11047216 -8549.02893246 -9748.29917702 0.70588235 0.70588235 0.70588235
v -2500.00000000 -7913.89857711 -10313.59342379 0.70588235 0.70588235 0.70588235
v -2085.88952784 -7893.15553443 -10286.56056425 0.70588235 0.70588235 0.70588235
v -1700.00000000 -7832.34001047 -10207.30423036 0.70588235 0.70588235 0.70588235
v -1368.62915010 -7735.59648268 -10081.22561029 0.70588235 0.70588235 0.70588235
v -1114.35935394 -7609.51786261 -9916.91675364 0.70588235 0.70588235 0.70588235
v -954.51867794 -7462.69619986 -9725.57503746 0.70588235 0.70588235 0.70588235
v -900.00000000 -7305.13714810 -9520.24008349 0.70588235 0.70588235 0.70588235
v -954.51867794 -7147.57809635 -9314.90512953 0.70588235 0.70588235 0.70588235
v -1114.35935394 -7000.75643360 -9123.56341335 0.70588235 0.70588235 0.70588235
v -1368.62915010 -6874.67781353 -8959.25455670 0.70588235 0.70588235 0.70588235
v -1700.00000000 -6777.93428574 -8833.17593663 0.70588235 0.70588235 0.70588235
v -2085.88952784 -6717.11876178 -8753.91960273 0.70588235 0.70588235 0.70588235
v -2500.00000000 -6696.37571910 -8726.88674320 0.70588235 0.70588235 0.70588235
v -2914.11047216 -6717.11876178 -8753.91960273 0.70588235 0.70588235 0.70588235
v -3300.00000000 -6777.93428574 -8833.17593663 0.70588235 0.70588235 0.70588235
v -3631.37084990 -6874.67781353 -8959.25455670 0.70588235 0.70588235 0.70588235
v -3885.64064606 -7000.75643360 -9123.56341335 0.70588235 0.70588235 0.70588235
v -4045.48132206 -7147.57809635 -9314.90512953 0.70588235 0.70588235 0.70588235
v -4100.00000000 -7305.13714810 -9520.24008349 0.70588235 0.70588235 0.70588235
v -4045.48132206 -7462.69619986 -9725.57503746 0.70588235 0.70588235 0.70588235
v -3885.64064606 -7609.51786261 -9916.91675364 0.70588235 0.70588235 0.70588235
v -3631.37084990 -7735.59648268 -10081.22561029 0.70588235 0.70588235 0.70588235
v -3300.00000000 -7832.34001047 -10207.30423036 0.70588235 0.70588235 0.70588235
v -2914.11047216 -7893.15553443 -10286.56056425 0.70588235 0.70588235 0.70588235
v -2500.00000000 -7222.41302925 -10809.10495993 0.70588235 0.70588235 0.70588235
v -2085.88952784 -7203.48243263 -10780.77331993 0.70588235 0.70588235 0.70588235
v -1700.00000000 -7147.98073162 -10697.70915436 0.70588235 0.70588235 0.70588235
v -1368.62915010 -7059.69027543 -10565.57314884 0.70588235 0.70588235 0.70588235
v -1114.35935394 -6944.62791275 -10393.37015378 0.70588235 0.70588235 0.70588235
v -954.51867794 -6810.63495343 -10192.83551872 0.70588235 0.70588235 0.70588235
v -900.00000000 -6666.84279624 -9977.63534763 0.70588235 0.70588235 0.70588235
v -954.51867794 -6523.05063904 -9762.43517654 0.70588235 0.70588235 0.70588235
v -1114.35935394 -6389.05767973 -9561.90054148 0.70588235 0.70588235 0.70588235
v -1368.62915010 -6273.99531704 -9389.69754642 0.70588235 0.70588235 0.70588235
v -1700.00000000 -6185.70486085 -9257.56154090 0.70588235 0.70588235 0.70588235
v -2085.88952784 -6130.20315984 -9174.49737533 0.70588235 0.70588235 0.70588235
v -2500.00000000 -6111.27256322 -9146.16573533 0.70588235 0.70588235 0.70588235
v -2914.11047216 -6130.20315984 -9174.49737533 0.70588235 0.70588235 0.70588235
v -3300.00000000 -6185.70486085 -9257.56154090 0.70588235 0.70588235 0.70588235
v -3631.37084990 -6273.99531704 -9389.69754642 0.70588235 0.70588235 0.70588235
v -3885.64064606 -6389.05767973 -9561.90054148 0.70588235 0.70588235 0.70588235
v -4045.48132206 -6523.05063904 -9762.43517654 0.70588235 0.70588235 0.70588235
v -4100.00000000 -6666.84279624 -9977.63534763 0.70588235 0.70588235 0.70588235
v -4045.48132206 -6810.63495343 -10192.83551872 0.70588235 0.70588235 0.70588235
v -3885.64064606 -6944.62791275 -10393.37015378 0.70588235 0.70588235 0.70588235
v -3631.37084990 -7059.69027543 -10565.57314884 0.70588235 0.70588235 0.70588235
v -3300.00000000 -7147.98073162 -10697.70915436 0.70588235 0.70588235 0.70588235
v -2914.11047216 -7203.48243263 -10780.77331993 0.70588235 0.70588235 0.70588235
v -2500.00000000 -6500.00000000 -11258.33024920 0.70588235 0.70588235 0.70588235
v -2085.88952784 -6482.96291314 -11228.82114915 0.70588235 0.70588235 0.70588235
v -1700.00000000 -6433.01270189 -11142.30484541 0.70588235 0.70588235 0.70588235
v -1368.62915010 -6353.55339059 -11004.67728111 0.70588235 0.70588235 0.70588235
v -1114.35935394 -6250.00000000 -10825.31754731 0.70588235 0.70588235 0.70588235
v -954.51867794 -6129.40952255 -10616.44871346 0.70588235 0.70588235 0.70588235
v -900.00000000 -6000.00000000 -10392.30484541 0.70588235 0.70588235 0.70588235
v -954.51867794 -5870.59047745 -10168.16097737 0.70588235 0.70588235 0.70588235
v -1114.35935394 -5750.00000000 -9959.29214352 0.70588235 0.70588235 0.70588235
v -1368.62915010 -5646.44660941 -9779.93240972 0.70588235 0.70588235 0.70588235
v -1700.00000000 -5566.98729811 -9642.30484541 0.70588235 0.70588235 0.70588235
v -2085.88952784 -5517.03708686 -9555.78854168 0.70588235 0.70588235 0.70588235
v -2500.00000000 -5500.00000000 -9526.27944163 0.70588235 0.70588235 0.70588235
v -2914.11047216 -5517.03708686 -9555.78854168 0.70588235 0.70588235 0.70588235
v -3300.00000000 -5566.98729811 -9642.30484541 0.70588235 0.70588235 0.70588235
v -3631.37084990 -5646.44660941 -9779.93240972 0.70588235 0.70588235 0.70588235
v -3885.64064606 -5750.00000000 -9959.29214352 0.70588235 0.70588235 0.70588235
v -4045.48132206 -5870.59047745 -10168.16097737 0.70588235 0.70588235 0.70588235
v -4100.00000000 -6000.00000000 -10392.30484541 0.70588235 0.70588235 0.70588235
v -4045.48132206 -6129.40952255 -10616.44871346 0.70588235 0.70588235 0.70588235
v -3885.64064606 -6250.00000000 -10825.31754731 0.70588235 0.70588235 0.70588235
v -3631.37084990 -6353.55339059 -11004.67728111 0.70588235 0.70588235 0.70588235
v -3300.00000000 -6433.01270189 -11142.30484541 0.70588235 0.70588235 0.70588235
v -2914.11047216 -6482.96291314 -11228.82114915 0.70588235 0.70588235 0.70588235
v -2500.00000000 -5749.75297285 -11659.34563992 0.70588235 0.70588235 0.70588235
v -2085.88952784 -5734.68235119 -11628.78544233 0.70588235 0.70588235 0.70588235
v -1700.00000000 -5690.49752416 -11539.18747652 0.70588235 0.70588235 0.70588235
v -1368.62915010 -5620.20961472 -11396.65769579 0.70588235 0.70588235 0.70588235
v -1114.35935394 -5528.60862774 -11210.90926916 0.70588235 0.70588235 0.70588235
v -954.51867794 -5421.93701909 -10994.60064493 0.70588235 0.70588235 0.70588235
v -900.00000000 -5307.46428263 -10762.47289839 0.70588235 0.70588235 0.70588235
v -954.51867794 -5192.99154617 -10530.34515185 0.70588235 0.70588235 0.70588235
v -1114.35935394 -5086.31993752 -10314.03652763 0.70588235 0.70588235 0.70588235
v -1368.62915010 -4994.71895053 -10128.28810099 0.70588235 0.70588235 0.70588235
v -1700.00000000 -4924.43104109 -9985.75832026 0.70588235 0.70588235 0.70588235
v -2085.88952784 -4880.24621407 -9896.16035445 0.70588235 0.70588235 0.70588235
v -2500.00000000 -4865.17559241 -9865.60015686 0.70588235 0.70588235 0.70588235
v -2914.11047216 -4880.24621407 -9896.16035445 0.70588235 0.70588235 0.70588235
v -3300.00000000 -4924.43104109 -9985.75832026 0.70588235 0.70588235 0.70588235
v -3631.37084990 -4994.71895053 -10128.28810099 0.70588235 0.70588235 0.70588235
v -3885.64064606 -5086.31993752 -10314.03652763 0.70588235 0.70588235 0.70588235
v -4045.48132206 -5192.99154617 -10530.34515185 0.70588235 0.70588235 0.70588235
v -4100.00000000 -5307.46428263 -10762.47289839 0.70588235 0.70588235 0.70588235
v -4045.48132206 -5421.93701909 -10994.60064493 0.70588235 0.70588235 0.70588235
v -3885.64064606 -5528.60862774 -11210.90926916 0.70588235 0.70588235 0.70588235
v -3631.37084990 -5620.20961472 -11396.65769579 0.70588235 0.70588235 0.70588235
v -3300.00000000 -5690.49752416 -11539.18747652 0.70588235 0.70588235 0.70588235
v -2914.11047216 -5734.68235119 -11628.78544233 0.70588235 0.70588235 0.70588235
v -2500.00000000 -4974.88462075 -12010.43392265 0.70588235 0.70588235 0.70588235
v -2085.88952784 -4961.84499900 -11978.95349097 0.70588235 0.70588235 0.70588235
v -1700.00000000 -4923.61476242 -11886.65753533 0.70588235 0.70588235 0.70588235
v -1368.62915010 -4862.79923845 -11739.83587257 0.70588235 0.70588235 0.70588235
v -1114.35935394 -4783.54290456 -11548.49415639 0.70588235 0.70588235 0.70588235
v -954.51867794 -4691.24694892 -11325.67200853 0.70588235 0.70588235 0.70588235
v -900.00000000 -4592.20118838 -11086.55439014 0.70588235 0.70588235 0.70588235
v -954.51867794 -4493.15542784 -10847.43677174 0.70588235 0.70588235 0.70588235
v -1114.35935394 -4400.85947220 -10624.61462388 0.70588235 0.70588235 0.70588235
v -1368.62915010 -4321.60313831 -10433.27290770 0.70588235 0.70588235 0.70588235
v -1700.00000000 -4260.78761435 -10286.45124494 0.70588235 0.70588235 0.70588235
v -2085.88952784 -4222.55737777 -10194.15528930 0.70588235 0.70588235 0.70588235
v -2500.00000000 -4209.51775602 -10162.67485762 0.70588235 0.70588235 0.70588235
v -2914.11047216 -4222.55737777 -10194.15528930 0.70588235 0.70588235 0.70588235
v -3300.00000000 -4260.78761435 -10286.45124494 0.70588235 0.70588235 0.70588235
v -3631.37084990 -4321.60313831 -10433.27290770 0.70588235 0.70588235 0.70588235
v -3885.64064606 -4400.85947220 -10624.61462388 0.70588235 0.70588235 0.70588235
v -4045.48132206 -4493.15542784 -10847.43677174 0.70588235 0.70588235 0.70588235
v -4100.00000000 -4592.20118838 -11086.55439014 0.70588235 0.70588235 0.70588235
v -4045.48132206 -4691.24694892 -11325.67200853 0.70588235 0.70588235 0.70588235
v -3885.64064606 -4783.54290456 -11548.49415639 0.70588235 0.70588235 0.70588235
v -3631.37084990 -4862.79923845 -11739.83587257 0.70588235 0.70588235 0.70588235
v -3300.00000000 -4923.61476242 -11886.65753533 0.70588235 0.70588235 0.70588235
v -2914.11047216 -4961.84499900 -11978.95349097 0.70588235 0.70588235 0.70588235
v -2500.00000000 -4178.71304894 -12310.09168344 0.70588235 0.70588235 0.70588235
v -2085.88952784 -4167.76026476 -12277.82582171 0.70588235 0.70588235 0.70588235
v -1700.00000000 -4135.64832637 -12183.22710169 0.70588235 0.70588235 0.70588235
v -1368.62915010 -4084.56560929 -12032.74226982 0.70588235 0.70588235 0.70588235
v -1114.35935394 -4017.99331629 -11836.62661869 0.70588235 0.70588235 0.70588235
v -954.51867794 -3940.46823911 -11608.24510584 0.70588235 0.70588235 0.70588235
v -900.00000000 -3857.27358364 -11363.16155394 0.70588235 0.70588235 0.70588235
v -954.51867794 -3774.07892817 -11118.07800205 0.70588235 0.70588235 0.70588235
v -1114.35935394 -3696.55385099 -10889.69648919 0.70588235 0.70588235 0.70588235
v -1368.62915010 -3629.98155798 -10693.58083807 0.70588235 0.70588235 0.70588235
v -1700.00000000 -3578.89884091 -10543.09600619 0.70588235 0.70588235 0.70588235
v -2085.88952784 -3546.78690251 -10448.49728617 0.70588235 0.70588235 0.70588235
v -2500.00000000 -3535.83411833 -10416.23142445 0.70588235 0.70588235 0.70588235
v -2914.11047216 -3546.78690251 -10448.49728617 0.70588235 0.70588235 0.70588235
v -3300.00000000 -3578.89884091 -10543.09600619 0.70588235 0.70588235 0.70588235
v -3631.37084990 -3629.98155798 -10693.58083807 0.70588235 0.70588235 0.70588235
v -3885.64064606 -3696.55385099 -10889.69648919 0.70588235 0.70588235 0.70588235
v -4045.48132206 -3774.07892817 -11118.07800205 0.70588235 0.70588235 0.70588235
v -4100.00000000 -3857.27358364 -11363.16155394 0.70588235 0.70588235 0.70588235
v -4045.48132206 -3940.46823911 -11608.24510584 0.70588235 0.70588235 0.70588235
v -3885.64064606 -4017.99331629 -11836.62661869 0.70588235 0.70588235 0.70588235
v -3631.37084990 -4084.56560929 -12032.74226982 0.70588235 0.70588235 0.70588235
v -3300.00000000 -4135.64832637 -12183.22710169 0.70588235 0.70588235 0.70588235
v -2914.11047216 -4167.76026476 -12277.82582171 0.70588235 0.70588235 0.70588235
v -2500.00000000 -3364.64758633 -12557.03574176 0.70588235 0.70588235 0.70588235
v -2085.88952784 -3355.82854123 -12524.12261736 0.70588235 0.70588235 0.70588235
v -1700.00000000 -3329.97240927 -12427.62621921 0.70588235 0.70588235 0.70588235
v -1368.62915010 -3288.84124312 -12274.12261736 0.70588235 0.70588235 0.70588235
v -1114.35935394 -3235.23806378 -12074.07282861 0.70588235 0.70588235 0.70588235
v -954.51867794 -3172.81583934 -11841.10991547 0.70588235 0.70588235 0.70588235
v -900.00000000 -3105.82854123 -11591.10991547 0.70588235 0.70588235 0.70588235
v -954.51867794 -3038.84124312 -11341.10991547 0.70588235 0.70588235 0.70588235
v -1114.35935394 -2976.41901868 -11108.14700232 0.70588235 0.70588235 0.70588235
v -1368.62915010 -2922.81583934 -10908.09721358 0.70588235 0.70588235 0.70588235
v -1700.00000000 -2881.68467319 -10754.59361173 0.70588235 0.70588235 0.70588235
v -2085.88952784 -2855.82854123 -10658.09721358 0.70588235 0.70588235 0.70588235
v -2500.00000000 -2847.00949613 -10625.18408918 0.70588235 0.70588235 0.70588235
v -2914.11047216 -2855.82854123 -10658.09721358 0.70588235 0.70588235 0.70588235
v -3300.00000000 -2881.68467319 -10754.59361173 0.70588235 0.70588235 0.70588235
v -3631.37084990 -2922.81583934 -10908.09721358 0.70588235 0.70588235 0.70588235
v -3885.64064606 -2976.41901868 -11108.14700232 0.70588235 0.70588235 0.70588235
v -4045.48132206 -3038.84124312 -11341.10991547 0.70588235 0.70588235 0.70588235
v -4100.00000000 -3105.82854123 -11591.10991547 0.70588235 0.70588235 0.70588235
v -4045.48132206 -3172.81583934 -11841.10991547 0.70588235 0.70588235 0.70588235
v -3885.64064606 -3235.23806378 -12074.07282861 0.70588235 0.70588235 0.70588235
v -3631.37084990 -3288.84124312 -12274.12261736 0.70588235 0.70588235 0.70588235
v -3300.00000000 -3329.97240927 -12427.62621921 0.70588235 0.70588235 0.70588235
v -2914.11047216 -3355.82854123 -12524.12261736 0.70588235 0.70588235 0.70588235
v -2500.00000000 -2536.17418621 -12750.20864524 0.70588235 0.70588235 0.70588235
v -2085.88952784 -2529.52664469 -12716.78919722 0.70588235 0.70588235 0.70588235
v -1700.00000000 -2510.03703909 -12618.80833333 0.70588235 0.70588235 0.70588235
v -1368.62915010 -2479.03355384 -12462.94328750 0.70588235 0.70588235 0.70588235
v -1114.35935394 -2438.62902520 -12259.81600504 0.70588235 0.70588235 0.70588235
v -954.51867794 -2391.57695505 -12023.26927456 0.70588235 0.70588235 0.70588235
v -900.00000000 -2341.08386419 -11769.42336484 0.70588235 0.70588235 0.70588235
v -954.51867794 -2290.59077334 -11515.57745511 0.70588235 0.70588235 0.70588235
v -1114.35935394 -2243.53870319 -11279.03072464 0.70588235 0.70588235 0.70588235
v -1368.62915010 -2203.13417455 -11075.90344218 0.70588235 0.70588235 0.70588235
v -1700.00000000 -2172.13068930 -10920.03839635 0.70588235 0.70588235 0.70588235
v -2085.88952784 -2152.64108370 -10822.05753245 0.70588235 0.70588235 0.70588235
v -2500.00000000 -2145.99354218 -10788.63808444 0.70588235 0.70588235 0.70588235
v -2914.11047216 -2152.64108370 -10822.05753245 0.70588235 0.70588235 0.70588235
v -3300.00000000 -2172.13068930 -10920.03839635 0.70588235 0.70588235 0.70588235
v -3631.37084990 -2203.13417455 -11075.90344218 0.70588235 0.70588235 0.70588235
v -3885.64064606 -2243.53870319 -11279.03072464 0.70588235 0.70588235 0.70588235
v -4045.48132206 -2290.59077334 -11515.57745511 0.70588235 0.70588235 0.70588235
v -4100.00000000 -2341.08386419 -11769.42336484 0.70588235 0.70588235 0.70588235
v -4045.48132206 -2391.57695505 -12023.26927456 0.70588235 0.70588235 0.70588235
v -3885.64064606 -2438.62902520 -12259.81600504 0.70588235 0.70588235 0.70588235
v -3631.37084990 -2479.03355384 -12462.94328750 0.70588235 0.70588235 0.70588235
v -3300.00000000 -2510.03703909 -12618.80833333 0.70588235 0.70588235 0.70588235
v -2914.11047216 -2529.52664469 -12716.78919722 0.70588235 0.70588235 0.70588235
v -2500.00000000 -1696.84049886 -12888.78319786 0.70588235 0.70588235 0.70588235
v -2085.88952784 -1692.39292671 -12855.00053343 0.70588235 0.70588235 0.70588235
v -1700.00000000 -1679.35330496 -12755.95477289 0.70588235 0.70588235 0.70588235
v -1368.62915010 -1658.61026228 -12598.39572114 0.70588235 0.70588235 0.70588235
v -1114.35935394 -1631.57740275 -12393.06076717 0.70588235 0.70588235 0.70588235
v -954.51867794 -1600.09697107 -12153.94314878 0.70588235 0.70588235 0.70588235
v -900.00000000 -1566.31430664 -11897.33833649 0.70588235 0.70588235 0.70588235
v -954.51867794 -1532.53164221 -11640.73352419 0.70588235 0.70588235 0.70588235
v -1114.35935394 -1501.05121053 -11401.61590580 0.70588235 0.70588235 0.70588235
v -1368.62915010 -1474.01835100 -11196.28095184 0.70588235 0.70588235 0.70588235
v -1700.00000000 -1453.27530832 -11038.72190008 0.70588235 0.70588235 0.70588235
v -2085.88952784 -1440.23568657 -10939.67613954 0.70588235 0.70588235 0.70588235
v -2500.00000000 -1435.78811442 -10905.89347511 0.70588235 0.70588235 0.70588235
v -2914.11047216 -1440.23568657 -10939.67613954 0.70588235 0.70588235 0.70588235
v -3300.00000000 -1453.27530832 -11038.72190008 0.70588235 0.70588235 0.70588235
v -3631.37084990 -1474.01835100 -11196.28095184 0.70588235 0.70588235 0.70588235
v -3885.64064606 -1501.05121053 -11401.61590580 0.70588235 0.70588235 0.70588235
v -4045.48132206 -1532.53164221 -11640.73352419 0.70588235 0.70588235 0.70588235
v -4100.00000000 -1566.31430664 -11897.33833649 0.70588235 0.70588235 0.70588235
v -4045.48132206 -1600.09697107 -12153.94314878 0.70588235 0.70588235 0.70588235
v -3885.64064606 -1631.57740275 -12393.06076717 0.70588235 0.70588235 0.70588235
v -3631.37084990 -1658.61026228 -12598.39572114 0.70588235 0.70588235 0.70588235
v -3300.00000000 -1679.35330496 -12755.95477289 0.70588235 0.70588235 0.70588235
v -2914.11047216 -1692.39292671 -12855.00053343 0.70588235 0.70588235 0.70588235
v -2500.00000000 -850.24067999 -12972.16600210 0.70588235 0.70588235 0.70588235
v -2085.88952784 -848.01212241 -12938.16478381 0.70588235 0.70588235 0.70588235
v -1700.00000000 -841.47832216 -12838.47825578 0.70588235 0.70588235 0.70588235
v -1368.62915010 -831.08454695 -12679.89989015 0.70588235 0.70588235 0.70588235
v -1114.35935394 -817.53911538 -12473.23654048 0.70588235 0.70588235 0.70588235
v -954.51867794 -801.76512622 -12232.57197252 0.70588235 0.70588235 0.70588235
v -900.00000000 -784.83755076 -11974.30707886 0.70588235 0.70588235 0.70588235
v -954.51867794 -767.90997531 -11716.04218520 0.70588235 0.70588235 0.70588235
v -1114.35935394 -752.13598615 -11475.37761724 0.70588235 0.70588235 0.70588235
v -1368.62915010 -738.59055457 -11268.71426757 0.70588235 0.70588235 0.70588235
v -1700.00000000 -728.19677936 -11110.13590195 0.70588235 0.70588235 0.70588235
v -2085.88952784 -721.66297912 -11010.44937391 0.70588235 0.70588235 0.70588235
v -2500.00000000 -719.43442153 -10976.44815562 0.70588235 0.70588235 0.70588235
v -2914.11047216 -721.66297912 -11010.44937391 0.70588235 0.70588235 0.70588235
v -3300.00000000 -728.19677936 -11110.13590195 0.70588235 0.70588235 0.70588235
v -3631.37084990 -738.59055457 -11268.71426757 0.70588235 0.70588235 0.70588235
v -3885.64064606 -752.13598615 -11475.37761724 0.70588235 0.70588235 0.70588235
v -4045.48132206 -767.90997531 -11716.04218520 0.70588235 0.70588235 0.70588235
v -4100.00000000 -784.83755076 -11974.30707886 0.70588235 0.70588235 0.70588235
v -4045.48132206 -801.76512622 -12232.57197252 0.70588235 0.70588235 0.70588235
v -3885.64064606 -817.53911538 -12473.23654048 0.70588235 0.70588235 0.70588235
v -3631.37084990 -831.08454695 -12679.89989015 0.70588235 0.70588235 0.70588235
v -3300.00000000 -841.47832216 -12838.47825578 0.70588235 0.70588235 0.70588235
v -2914.11047216 -848.01212241 -12938.16478381 0.70588235 0.70588235 0.70588235
v -2500.00000000 1200.00000000 0.00000000 0.47058824 0.47058824 0.47058824
v -2500.00000000 1200.00000000 -110.00000000 0.47058824 0.47058824 0.47058824
v -2500.00000000 11000.00000000 -110.00000000 0.47058824 0.47058824 0.47058824
v -2500.00000000 11000.00000000 0.00000000 0.47058824 0.47058824 0.47058824
v -2547.72721130 1200.00000000 -99.10657547 0.47058824 0.47058824 0.47058824
v -2547.72721130 11000.00000000 -99.10657547 0.47058824 0.47058824 0.47058824
v -2586.00146307 1200.00000000 -68.58387820 0.47058824 0.47058824 0.47058824
v -2586.00146307 11000.00000000 -68.58387820 0.47058824 0.47058824 0.47058824
v -2607.24207034 1200.00000000 -24.47730274 0.47058824 0.47058824 0.47058824
v -2607.24207034 11000.00000000 -24.47730274 0.47058824 0.47058824 0.47058824
v -2607.24207034 1200.00000000 24.47730274 0.47058824 0.47058824 0.47058824
v -2607.24207034 11000.00000000 24.47730274 0.47058824 0.47058824 0.47058824
v -2586.00146307 1200.00000000 68.58387820 0.47058824 0.47058824 0.47058824
v -2586.00146307 11000.00000000 68.58387820 0.47058824 0.47058824 0.47058824
v -2547.72721130 1200.00000000 99.10657547 0.47058824 0.47058824 0.47058824
v -2547.72721130 11000.00000000 99.10657547 0.47058824 0.47058824 0.47058824
v -2500.00000000 1200.00000000 110.00000000 0.47058824 0.47058824 0.47058824
v -2500.00000000 11000.00000000 110.00000000 0.47058824 0.47058824 0.47058824
v -2452.27278870 1200.00000000 99.10657547 0.47058824 0.47058824 0.47058824
v -2452.27278870 11000.00000000 99.10657547 0.47058824 0.47058824 0.47058824
v -2413.99853693 1200.00000000 68.58387820 0.47058824 0.47058824 0.47058824
v -2413.99853693 11000.00000000 68.58387820 0.47058824 0.47058824 0.47058824
v -2392.75792966 1200.00000000 24.47730274 0.47058824 0.47058824 0.47058824
v -2392.75792966 11000.00000000 24.47730274 0.47058824 0.47058824 0.47058824
v -2392.75792966 1200.00000000 -24.47730274 0.47058824 0.47058824 0.47058824
v -2392.75792966 11000.00000000 -24.47730274 0.47058824 0.47058824 0.47058824
v -2413.99853693 1200.00000000 -68.58387820 0.47058824 0.47058824 0.47058824
v -2413.99853693 11000.00000000 -68.58387820 0.47058824 0.47058824 0.47058824
v -2452.27278870 1200.00000000 -99.10657547 0.47058824 0.47058824 0.47058824
v -2452.27278870 11000.00000000 -99.10657547 0.47058824 0.47058824 0.47058824
v -2500.00000000 1039.23048454 600.00000000 0.47058824 0.47058824 0.47058824
v -2445.00000000 1086.86188175 517.50000000 0.47058824 0.47058824 0.47058824
v -2445.00000000 9573.91083884 5417.50000000 0.47058824 0.47058824 0.47058824
v -2500.00000000 9526.27944163 5500.00000000 0.47058824 0.47058824 0.47058824
v -2491.77968971 1094.07669339 505.00357968 0.47058824 0.47058824 0.47058824
v -2491.77968971 9581.12565047 5405.00357968 0.47058824 0.47058824 0.47058824
v -2540.18751268 1090.42854072 511.32236546 0.47058824 0.47058824 0.47058824
v -2540.18751268 9577.47749780 5411.32236546 0.47058824 0.47058824 0.47058824
v -2580.63570590 1076.63998512 535.20484431 0.47058824 0.47058824 0.47058824
v -2580.63570590 9563.68894221 5435.20484431 0.47058824 0.47058824 0.47058824
v -2605.11300864 1055.44201913 571.92079842 0.47058824 0.47058824 0.47058824
v -2605.11300864 9542.49097622 5471.92079842 0.47058824 0.47058824 0.47058824
v -2608.77139088 1031.03315990 614.19818276 0.47058824 0.47058824 0.47058824
v -2608.77139088 9518.08211699 5514.19818276 0.47058824 0.47058824 0.47058824
v -2590.88626517 1008.24788135 653.66344288 0.47058824 0.47058824 0.47058824
v -2590.88626517 9495.29683844 5553.66344288 0.47058824 0.47058824 0.47058824
v -2555.00000000 991.59908733 682.50000000 0.47058824 0.47058824 0.47058824
v -2555.00000000 9478.64804442 5582.50000000 0.47058824 0.47058824 0.47058824
v -2508.22031029 984.38427570 694.99642032 0.47058824 0.47058824 0.47058824
v -2508.22031029 9471.43323278 5594.99642032 0.47058824 0.47058824 0.47058824
v -2459.81248732 988.03242837 688.67763454 0.47058824 0.47058824 0.47058824
v -2459.81248732 9475.08138545 5588.67763454 0.47058824 0.47058824 0.47058824
v -2419.36429410 1001.82098396 664.79515569 0.47058824 0.47058824 0.47058824
v -2419.36429410 9488.86994105 5564.79515569 0.47058824 0.47058824 0.47058824
v -2394.88699136 1023.01894995 628.07920158 0.47058824 0.47058824 0.47058824
v -2394.88699136 9510.06790704 5528.07920158 0.47058824 0.47058824 0.47058824
v -2391.22860912 1047.42780918 585.80181724 0.47058824 0.47058824 0.47058824
v -2391.22860912 9534.47676627 5485.80181724 0.47058824 0.47058824 0.47058824
v -2409.11373483 1070.21308773 546.33655712 0.47058824 0.47058824 0.47058824
v -2409.11373483 9557.26204482 5446.33655712 0.47058824 0.47058824 0.47058824
v -2500.00000000 600.00000000 1039.23048454 0.47058824 0.47058824 0.47058824
v -2404.73720558 647.63139721 1011.73048454 0.47058824 0.47058824 0.47058824
v -2404.73720558 5547.63139721 9498.77944163 0.47058824 0.47058824 0.47058824
v -2500.00000000 5500.00000000 9526.27944163 0.47058824 0.47058824 0.47058824
v -2438.03479361 678.70981450 993.78735195 0.47058824 0.47058824 0.47058824
v -2438.03479361 5578.70981450 9480.83630904 0.47058824 0.47058824 0.47058824
v -2483.60535072 694.19878771 984.84478910 0.47058824 0.47058824 0.47058824
v -2483.60535072 5594.19878771 9471.89374619 0.47058824 0.47058824 0.47058824
v -2532.42306919 691.03053575 986.67398022 0.47058824 0.47058824 0.47058824
v -2532.42306919 5591.03053575 9473.72293731 0.47058824 0.47058824 0.47058824
v -2574.81900115 669.83256976 998.91263159 0.47058824 0.47058824 0.47058824
v -2574.81900115 5569.83256976 9485.96158868 0.47058824 0.47058824 0.47058824
v -2602.39611235 634.80340690 1019.13672820 0.47058824 0.47058824 0.47058824
v -2602.39611235 5534.80340690 9506.18568529 0.47058824 0.47058824 0.47058824
v -2609.69241769 592.88100246 1043.34063969 0.47058824 0.47058824 0.47058824
v -2609.69241769 5492.88100246 9530.38959678 0.47058824 0.47058824 0.47058824
v -2595.26279442 552.36860279 1066.73048454 0.47058824 0.47058824 0.47058824
v -2595.26279442 5452.36860279 9553.77944163 0.47058824 0.47058824 0.47058824
v -2561.96520639 521.29018550 1084.67361713 0.47058824 0.47058824 0.47058824
v -2561.96520639 5421.29018550 9571.72257422 0.47058824 0.47058824 0.47058824
v -2516.39464928 505.80121229 1093.61617998 0.47058824 0.47058824 0.47058824
v -2516.39464928 5405.80121229 9580.66513707 0.47058824 0.47058824 0.47058824
v -2467.57693081 508.96946425 1091.78698886 0.47058824 0.47058824 0.47058824
v -2467.57693081 5408.96946425 9578.83594595 0.47058824 0.47058824 0.47058824
v -2425.18099885 530.16743024 1079.54833749 0.47058824 0.47058824 0.47058824
v -2425.18099885 5430.16743024 9566.59729458 0.47058824 0.47058824 0.47058824
v -2397.60388765 565.19659310 1059.32424088 0.47058824 0.47058824 0.47058824
v -2397.60388765 5465.19659310 9546.37319797 0.47058824 0.47058824 0.47058824
v -2390.30758231 607.11899754 1035.12032939 0.47058824 0.47058824 0.47058824
v -2390.30758231 5507.11899754 9522.16928648 0.47058824 0.47058824 0.47058824
v -2500.00000000 0.00000000 1200.00000000 0.47058824 0.47058824 0.47058824
v -2390.00000000 0.00000000 1200.00000000 0.47058824 0.47058824 0.47058824
v -2390.00000000 0.00000000 11000.00000000 0.47058824 0.47058824 0.47058824
v -2500.00000000 0.00000000 11000.00000000 0.47058824 0.47058824 0.47058824
v -2400.89342453 47.72721130 1200.00000000 0.47058824 0.47058824 0.47058824
v -2400.89342453 47.72721130 11000.00000000 0.47058824 0.47058824 0.47058824
v -2431.41612180 86.00146307 1200.00000000 0.47058824 0.47058824 0.47058824
v -2431.41612180 86.00146307 11000.00000000 0.47058824 0.47058824 0.47058824
v -2475.52269726 107.24207034 1200.00000000 0.47058824 0.47058824 0.47058824
v -2475.52269726 107.24207034 11000.00000000 0.47058824 0.47058824 0.47058824
v -2524.47730274 107.24207034 1200.00000000 0.47058824 0.47058824 0.47058824
v -2524.47730274 107.24207034 11000.00000000 0.47058824 0.47058824 0.47058824
v -2568.58387820 86.00146307 1200.00000000 0.47058824 0.47058824 0.47058824
v -2568.58387820 86.00146307 11000.00000000 0.47058824 0.47058824 0.47058824
v -2599.10657547 47.72721130 1200.00000000 0.47058824 0.47058824 0.47058824
v -2599.10657547 47.72721130 11000.00000000 0.47058824 0.47058824 0.47058824
v -2610.00000000 0.00000000 1200.00000000 0.47058824 0.47058824 0.47058824
v -2610.00000000 0.00000000 11000.00000000 0.47058824 0.47058824 0.47058824
v -2599.10657547 -47.72721130 1200.00000000 0.47058824 0.47058824 0.47058824
v -2599.10657547 -47.72721130 11000.00000000 0.47058824 0.47058824 0.47058824
v -2568.58387820 -86.00146307 1200.00000000 0.47058824 0.47058824 0.47058824
v -2568.58387820 -86.00146307 11000.00000000 0.47058824 0.47058824 0.47058824
v -2524.47730274 -107.24207034 1200.00000000 0.47058824 0.47058824 0.47058824
v -2524.47730274 -107.24207034 11000.00000000 0.47058824 0.47058824 0.47058824
v -2475.52269726 -107.24207034 1200.00000000 0.47058824 0.47058824 0.47058824
v -2475.52269726 -107.24207034 11000.00000000 0.47058824 0.47058824 0.47058824
v -2431.41612180 -86.00146307 1200.00000000 0.47058824 0.47058824 0.47058824
v -2431.41612180 -86.00146307 11000.00000000 0.47058824 0.47058824 0.47058824
v -2400.89342453 -47.72721130 1200.00000000 0.47058824 0.47058824 0.47058824
v -2400.89342453 -47.72721130 11000.00000000 0.47058824 0.47058824 0.47058824
v -2500.00000000 -600.00000000 1039.23048454 0.47058824 0.47058824 0.47058824
v -2404.73720558 -647.63139721 1011.73048454 0.47058824 0.47058824 0.47058824
v -2404.73720558 -5547.63139721 9498.77944163 0.47058824 0.47058824 0.47058824
v -2500.00000000 -5500.00000000 9526.27944163 0.47058824 0.47058824 0.47058824
v -2390.30758231 -607.11899754 1035.12032939 0.47058824 0.47058824 0.47058824
v -2390.30758231 -5507.11899754 9522.16928648 0.47058824 0.47058824 0.47058824
v -2397.60388765 -565.19659310 1059.32424088 0.47058824 0.47058824 0.47058824
v -2397.60388765 -5465.19659310 9546.37319797 0.47058824 0.47058824 0.47058824
v -2425.18099885 -530.16743024 1079.54833749 0.47058824 0.47058824 0.47058824
v -2425.18099885 -5430.16743024 9566.59729458 0.47058824 0.47058824 0.47058824
v -2467.57693081 -508.96946425 1091.78698886 0.47058824 0.47058824 0.47058824
v -2467.57693081 -5408.96946425 9578.83594595 0.47058824 0.47058824 0.47058824
v -2516.39464928 -505.80121229 1093.61617998 0.47058824 0.47058824 0.47058824
v -2516.39464928 -5405.80121229 9580.66513707 0.47058824 0.47058824 0.47058824
v -2561.96520639 -521.29018550 1084.67361713 0.47058824 0.47058824 0.47058824
v -2561.96520639 -5421.29018550 9571.72257422 0.47058824 0.47058824 0.47058824
v -2595.26279442 -552.36860279 1066.73048454 0.47058824 0.47058824 0.47058824
v -2595.26279442 -5452.36860279 9553.77944163 0.47058824 0.47058824 0.47058824
v -2609.69241769 -592.88100246 1043.34063969 0.47058824 0.47058824 0.47058824
v -2609.69241769 -5492.88100246 9530.38959678 0.47058824 0.47058824 0.47058824
v -2602.39611235 -634.80340690 1019.13672820 0.47058824 0.47058824 0.47058824
v -2602.39611235 -5534.80340690 9506.18568529 0.47058824 0.47058824 0.47058824
v -2574.81900115 -669.83256976 998.91263159 0.47058824 0.47058824 0.47058824
v -2574.81900115 -5569.83256976 9485.96158868 0.47058824 0.47058824 0.47058824
v -2532.42306919 -691.03053575 986.67398022 0.47058824 0.47058824 0.47058824
v -2532.42306919 -5591.03053575 9473.72293731 0.47058824 0.47058824 0.47058824
v -2483.60535072 -694.19878771 984.84478910 0.47058824 0.47058824 0.47058824
v -2483.60535072 -5594.19878771 9471.89374619 0.47058824 0.47058824 0.47058824
v -2438.03479361 -678.70981450 993.78735195 0.47058824 0.47058824 0.47058824
v -2438.03479361 -5578.70981450 9480.83630904 0.47058824 0.47058824 0.47058824
v -2500.00000000 -1039.23048454 600.00000000 0.47058824 0.47058824 0.47058824
v -2445.00000000 -1086.86188175 517.50000000 0.47058824 0.47058824 0.47058824
v -2445.00000000 -9573.91083884 5417.50000000 0.47058824 0.47058824 0.47058824
v -2500.00000000 -9526.27944163 5500.00000000 0.47058824 0.47058824 0.47058824
v -2409.11373483 -1070.21308773 546.33655712 0.47058824 0.47058824 0.47058824
v -2409.11373483 -9557.26204482 5446.33655712 0.47058824 0.47058824 0.47058824
v -2391.22860912 -1047.42780918 585.80181724 0.47058824 0.47058824 0.47058824
v -2391.22860912 -9534.47676627 5485.80181724 0.47058824 0.47058824 0.47058824
v -2394.88699136 -1023.01894995 628.07920158 0.47058824 0.47058824 0.47058824
v -2394.88699136 -9510.06790704 5528.07920158 0.47058824 0.47058824 0.47058824
v -2419.36429410 -1001.82098396 664.79515569 0.47058824 0.47058824 0.47058824
v -2419.36429410 -9488.86994105 5564.79515569 0.47058824 0.47058824 0.47058824
v -2459.81248732 -988.03242837 688.67763454 0.47058824 0.47058824 0.47058824
v -2459.81248732 -9475.08138545 5588.67763454 0.47058824 0.47058824 0.47058824
v -2508.22031029 -984.38427570 694.99642032 0.47058824 0.47058824 0.47058824
v -2508.22031029 -9471.43323278 5594.99642032 0.47058824 0.47058824 0.47058824
v -2555.00000000 -991.59908733 682.50000000 0.47058824 0.47058824 0.47058824
v -2555.00000000 -9478.64804442 5582.50000000 0.47058824 0.47058824 0.47058824
v -2590.88626517 -1008.24788135 653.66344288 0.47058824 0.47058824 0.47058824
v -2590.88626517 -9495.29683844 5553.66344288 0.47058824 0.47058824 0.47058824
v -2608.77139088 -1031.03315990 614.19818276 0.47058824 0.47058824 0.47058824
v -2608.77139088 -9518.08211699 5514.19818276 0.47058824 0.47058824 0.47058824
v -2605.11300864 -1055.44201913 571.92079842 0.47058824 0.47058824 0.47058824
v -2605.11300864 -9542.49097622 5471.92079842 0.47058824 0.47058824 0.47058824
v -2580.63570590 -1076.63998512 535.20484431 0.47058824 0.47058824 0.47058824
v -2580.63570590 -9563.68894221 5435.20484431 0.47058824 0.47058824 0.47058824
v -2540.18751268 -1090.42854072 511.32236546 0.47058824 0.47058824 0.47058824
v -2540.18751268 -9577.47749780 5411.32236546 0.47058824 0.47058824 0.47058824
v -2491.77968971 -1094.07669339 505.00357968 0.47058824 0.47058824 0.47058824
v -2491.77968971 -9581.12565047 5405.00357968 0.47058824 0.47058824 0.47058824
v -2500.00000000 -1200.00000000 0.00000000 0.47058824 0.47058824 0.47058824
v -2500.00000000 -1200.00000000 -110.00000000 0.47058824 0.47058824 0.47058824
v -2500.00000000 -11000.00000000 -110.00000000 0.47058824 0.47058824 0.47058824
v -2500.00000000 -11000.00000000 0.00000000 0.47058824 0.47058824 0.47058824
v -2452.27278870 -1200.00000000 -99.10657547 0.47058824 0.47058824 0.47058824
v -2452.27278870 -11000.00000000 -99.10657547 0.47058824 0.47058824 0.47058824
v -2413.99853693 -1200.00000000 -68.58387820 0.47058824 0.47058824 0.47058824
v -2413.99853693 -11000.00000000 -68.58387820 0.47058824 0.47058824 0.47058824
v -2392.75792966 -1200.00000000 -24.47730274 0.47058824 0.47058824 0.47058824
v -2392.75792966 -11000.00000000 -24.47730274 0.47058824 0.47058824 0.47058824
v -2392.75792966 -1200.00000000 24.47730274 0.47058824 0.47058824 0.47058824
v -2392.75792966 -11000.00000000 24.47730274 0.47058824 0.47058824 0.47058824
v -2413.99853693 -1200.00000000 68.58387820 0.47058824 0.47058824 0.47058824
v -2413.99853693 -11000.00000000 68.58387820 0.47058824 0.47058824 0.47058824
v -2452.27278870 -1200.00000000 99.10657547 0.47058824 0.47058824 0.47058824
v -2452.27278870 -11000.00000000 99.10657547 0.47058824 0.47058824 0.47058824
v -2500.00000000 -1200.00000000 110.00000000 0.47058824 0.47058824 0.47058824
v -2500.00000000 -11000.00000000 110.00000000 0.47058824 0.47058824 0.47058824
v -2547.72721130 -1200.00000000 99.10657547 0.47058824 0.47058824 0.47058824
v -2547.72721130 -11000.00000000 99.10657547 0.47058824 0.47058824 0.47058824
v -2586.00146307 -1200.00000000 68.58387820 0.47058824 0.47058824 0.47058824
v -2586.00146307 -11000.00000000 68.58387820 0.47058824 0.47058824 0.47058824
v -2607.24207034 -1200.00000000 24.47730274 0.47058824 0.47058824 0.47058824
v -2607.24207034 -11000.00000000 24.47730274 0.47058824 0.47058824 0.47058824
v -2607.24207034 -1200.00000000 -24.47730274 0.47058824 0.47058824 0.47058824
v -2607.24207034 -11000.00000000 -24.47730274 0.47058824 0.47058824 0.47058824
v -2586.00146307 -1200.00000000 -68.58387820 0.47058824 0.47058824 0.47058824
v -2586.00146307 -11000.00000000 -68.58387820 0.47058824 0.47058824 0.47058824
v -2547.72721130 -1200.00000000 -99.10657547 0.47058824 0.47058824 0.47058824
v -2547.72721130 -11000.00000000 -99.10657547 0.47058824 0.47058824 0.47058824
v -2500.00000000 -1039.23048454 -600.00000000 0.47058824 0.47058824 0.47058824
v -2555.00000000 -991.59908733 -682.50000000 0.47058824 0.47058824 0.47058824
v -2555.00000000 -9478.64804442 -5582.50000000 0.47058824 0.47058824 0.47058824
v -2500.00000000 -9526.27944163 -5500.00000000 0.47058824 0.47058824 0.47058824
v -2508.22031029 -984.38427570 -694.99642032 0.47058824 0.47058824 0.47058824
v -2508.22031029 -9471.43323278 -5594.99642032 0.47058824 0.47058824 0.47058824
v -2459.81248732 -988.03242837 -688.67763454 0.47058824 0.47058824 0.47058824
v -2459.81248732 -9475.08138545 -5588.67763454 0.47058824 0.47058824 0.47058824
v -2419.36429410 -1001.82098396 -664.79515569 0.47058824 0.47058824 0.47058824
v -2419.36429410 -9488.86994105 -5564.79515569 0.47058824 0.47058824 0.47058824
v -2394.88699136 -1023.01894995 -628.07920158 0.47058824 0.47058824 0.47058824
v -2394.88699136 -9510.06790704 -5528.07920158 0.47058824 0.47058824 0.47058824
v -2391.22860912 -1047.42780918 -585.80181724 0.47058824 0.47058824 0.47058824
v -2391.22860912 -9534.47676627 -5485.80181724 0.47058824 0.47058824 0.47058824
v -2409.11373483 -1070.21308773 -546.33655712 0.47058824 0.47058824 0.47058824
v -2409.11373483 -9557.26204482 -5446.33655712 0.47058824 0.47058824 0.47058824
v -2445.00000000 -1086.86188175 -517.50000000 0.47058824 0.47058824 0.47058824
v -2445.00000000 -9573.91083884 -5417.50000000 0.47058824 0.47058824 0.47058824
v -2491.77968971 -1094.07669339 -505.00357968 0.47058824 0.47058824 0.47058824
v -2491.77968971 -9581.12565047 -5405.00357968 0.47058824 0.47058824 0.47058824
v -2540.18751268 -1090.42854072 -511.32236546 0.47058824 0.47058824 0.47058824
v -2540.18751268 -9577.47749780 -5411.32236546 0.47058824 0.47058824 0.47058824
v -2580.63570590 -1076.63998512 -535.20484431 0.47058824 0.47058824 0.47058824
v -2580.63570590 -9563.68894221 -5435.20484431 0.47058824 0.47058824 0.47058824
v -2605.11300864 -1055.44201913 -571.92079842 0.47058824 0.47058824 0.47058824
v -2605.11300864 -9542.49097622 -5471.92079842 0.47058824 0.47058824 0.47058824
v -2608.77139088 -1031.03315990 -614.19818276 0.47058824 0.47058824 0.47058824
v -2608.77139088 -9518.08211699 -5514.19818276 0.47058824 0.47058824 0.47058824
v -2590.88626517 -1008.24788135 -653.66344288 0.47058824 0.47058824 0.47058824
v -2590.88626517 -9495.29683844 -5553.66344288 0.47058824 0.47058824 0.47058824
v -2500.00000000 -600.00000000 -1039.23048454 0.47058824 0.47058824 0.47058824
v -2595.26279442 -552.36860279 -1066.73048454 0.47058824 0.47058824 0.47058824
v -2595.26279442 -5452.36860279 -9553.77944163 0.47058824 0.47058824 0.47058824
v -2500.00000000 -5500.00000000 -9526.27944163 0.47058824 0.47058824 0.47058824
v -2561.96520639 -521.29018550 -1084.67361713 0.47058824 0.47058824 0.47058824
v -2561.96520639 -5421.29018550 -9571.72257422 0.47058824 0.47058824 0.47058824
v -2516.39464928 -505.80121229 -1093.61617998 0.47058824 0.47058824 0.47058824
v -2516.39464928 -5405.80121229 -9580.66513707 0.47058824 0.47058824 0.47058824
v -2467.57693081 -508.96946425 -1091.78698886 0.47058824 0.47058824 0.47058824
v -2467.57693081 -5408.96946425 -9578.83594595 0.47058824 0.47058824 0.47058824
v -2425.18099885 -530.16743024 -1079.54833749 0.47058824 0.47058824 0.47058824
v -2425.18099885 -5430.16743024 -9566.59729458 0.47058824 0.47058824 0.47058824
v -2397.60388765 -565.19659310 -1059.32424088 0.47058824 0.47058824 0.47058824
v -2397.60388765 -5465.19659310 -9546.37319797 0.47058824 0.47058824 0.47058824
v -2390.30758231 -607.11899754 -1035.12032939 0.47058824 0.47058824 0.47058824
v -2390.30758231 -5507.11899754 -9522.16928648 0.47058824 0.47058824 0.47058824
v -2404.73720558 -647.63139721 -1011.73048454 0.47058824 0.47058824 0.47058824
v -2404.73720558 -5547.63139721 -9498.77944163 0.47058824 0.47058824 0.47058824
v -2438.03479361 -678.70981450 -993.78735195 0.47058824 0.47058824 0.47058824
v -2438.03479361 -5578.70981450 -9480.83630904 0.47058824 0.47058824 0.47058824
v -2483.60535072 -694.19878771 -984.84478910 0.47058824 0.47058824 0.47058824
v -2483.60535072 -5594.19878771 -9471.89374619 0.47058824 0.47058824 0.47058824
v -2532.42306919 -691.03053575 -986.67398022 0.47058824 0.47058824 0.47058824
v -2532.42306919 -5591.03053575 -9473.72293731 0.47058824 0.47058824 0.47058824
v -2574.81900115 -669.83256976 -998.91263159 0.47058824 0.47058824 0.47058824
v -2574.81900115 -5569.83256976 -9485.96158868 0.47058824 0.47058824 0.47058824
v -2602.39611235 -634.80340690 -1019.13672820 0.47058824 0.47058824 0.47058824
v -2602.39611235 -5534.80340690 -9506.18568529 0.47058824 0.47058824 0.47058824
v -2609.69241769 -592.88100246 -1043.34063969 0.47058824 0.47058824 0.47058824
v -2609.69241769 -5492.88100246 -9530.38959678 0.47058824 0.47058824 0.47058824
v -2500.00000000 -0.00000000 -1200.00000000 0.47058824 0.47058824 0.47058824
v -2610.00000000 -0.00000000 -1200.00000000 0.47058824 0.47058824 0.47058824
v -2610.00000000 -0.00000000 -11000.00000000 0.47058824 0.47058824 0.47058824
v -2500.00000000 -0.00000000 -11000.00000000 0.47058824 0.47058824 0.47058824
v -2599.10657547 47.72721130 -1200.00000000 0.47058824 0.47058824 0.47058824
v -2599.10657547 47.72721130 -11000.00000000 0.47058824 0.47058824 0.47058824
v -2568.58387820 86.00146307 -1200.00000000 0.47058824 0.47058824 0.47058824
v -2568.58387820 86.00146307 -11000.00000000 0.47058824 0.47058824 0.47058824
v -2524.47730274 107.24207034 -1200.00000000 0.47058824 0.47058824 0.47058824
v -2524.47730274 107.24207034 -11000.00000000 0.47058824 0.47058824 0.47058824
v -2475.52269726 107.24207034 -1200.00000000 0.47058824 0.47058824 0.47058824
v -2475.52269726 107.24207034 -11000.00000000 0.47058824 0.47058824 0.47058824
v -2431.41612180 86.00146307 -1200.00000000 0.47058824 0.47058824 0.47058824
v -2431.41612180 86.00146307 -11000.00000000 0.47058824 0.47058824 0.47058824
v -2400.89342453 47.72721130 -1200.00000000 0.47058824 0.47058824 0.47058824
v -2400.89342453 47.72721130 -11000.00000000 0.47058824 0.47058824 0.47058824
v -2390.00000000 -0.00000000 -1200.00000000 0.47058824 0.47058824 0.47058824
v -2390.00000000 -0.00000000 -11000.00000000 0.47058824 0.47058824 0.47058824
v -2400.89342453 -47.72721130 -1200.00000000 0.47058824 0.47058824 0.47058824
v -2400.89342453 -47.72721130 -11000.00000000 0.47058824 0.47058824 0.47058824
v -2431.41612180 -86.00146307 -1200.00000000 0.47058824 0.47058824 0.47058824
v -2431.41612180 -86.00146307 -11000.00000000 0.47058824 0.47058824 0.47058824
v -2475.52269726 -107.24207034 -1200.00000000 0.47058824 0.47058824 0.47058824
v -2475.52269726 -107.24207034 -11000.00000000 0.47058824 0.47058824 0.47058824
v -2524.47730274 -107.24207034 -1200.00000000 0.47058824 0.47058824 0.47058824
v -2524.47730274 -107.24207034 -11000.00000000 0.47058824 0.47058824 0.47058824
v -2568.58387820 -86.00146307 -1200.00000000 0.47058824 0.47058824 0.47058824
v -2568.58387820 -86.00146307 -11000.00000000 0.47058824 0.47058824 0.47058824
v -2599.10657547 -47.72721130 -1200.00000000 0.47058824 0.47058824 0.47058824
v -2599.10657547 -47.72721130 -11000.00000000 0.47058824 0.47058824 0.47058824
v -2500.00000000 600.00000000 -1039.23048454 0.47058824 0.47058824 0.47058824
v -2595.26279442 552.36860279 -1066.73048454 0.47058824 0.47058824 0.47058824
v -2595.26279442 5452.36860279 -9553.77944163 0.47058824 0.47058824 0.47058824
v -2500.00000000 5500.00000000 -9526.27944163 0.47058824 0.47058824 0.47058824
v -2609.69241769 592.88100246 -1043.34063969 0.47058824 0.47058824 0.47058824
v -2609.69241769 5492.88100246 -9530.38959678 0.47058824 0.47058824 0.47058824
v -2602.39611235 634.80340690 -1019.13672820 0.47058824 0.47058824 0.47058824
v -2602.39611235 5534.80340690 -9506.18568529 0.47058824 0.47058824 0.47058824
v -2574.81900115 669.83256976 -998.91263159 0.47058824 0.47058824 0.47058824
v -2574.81900115 5569.83256976 -9485.96158868 0.47058824 0.47058824 0.47058824
v -2532.42306919 691.03053575 -986.67398022 0.47058824 0.47058824 0.47058824
v -2532.42306919 5591.03053575 -9473.72293731 0.47058824 0.47058824 0.47058824
v -2483.60535072 694.19878771 -984.84478910 0.47058824 0.47058824 0.47058824
v -2483.60535072 5594.19878771 -9471.89374619 0.47058824 0.47058824 0.47058824
v -2438.03479361 678.70981450 -993.78735195 0.47058824 0.47058824 0.47058824
v -2438.03479361 5578.70981450 -9480.83630904 0.47058824 0.47058824 0.47058824
v -2404.73720558 647.63139721 -1011.73048454 0.47058824 0.47058824 0.47058824
v -2404.73720558 5547.63139721 -9498.77944163 0.47058824 0.47058824 0.47058824
v -2390.30758231 607.11899754 -1035.12032939 0.47058824 0.47058824 0.47058824
v -2390.30758231 5507.11899754 -9522.16928648 0.47058824 0.47058824 0.47058824
v -2397.60388765 565.19659310 -1059.32424088 0.47058824 0.47058824 0.47058824
v -2397.60388765 5465.19659310 -9546.37319797 0.47058824 0.47058824 0.47058824
v -2425.18099885 530.16743024 -1079.54833749 0.47058824 0.47058824 0.47058824
v -2425.18099885 5430.16743024 -9566.59729458 0.47058824 0.47058824 0.47058824
v -2467.57693081 508.96946425 -1091.78698886 0.47058824 0.47058824 0.47058824
v -2467.57693081 5408.96946425 -9578.83594595 0.47058824 0.47058824 0.47058824
v -2516.39464928 505.80121229 -1093.61617998 0.47058824 0.47058824 0.47058824
v -2516.39464928 5405.80121229 -9580.66513707 0.47058824 0.47058824 0.47058824
v -2561.96520639 521.29018550 -1084.67361713 0.47058824 0.47058824 0.47058824
v -2561.96520639 5421.29018550 -9571.72257422 0.47058824 0.47058824 0.47058824
v -2500.00000000 1039.23048454 -600.00000000 0.47058824 0.47058824 0.47058824
v -2555.00000000 991.59908733 -682.50000000 0.47058824 0.47058824 0.47058824
v -2555.00000000 9478.64804442 -5582.50000000 0.47058824 0.47058824 0.47058824
v -2500.00000000 9526.27944163 -5500.00000000 0.47058824 0.47058824 0.47058824
v -2590.88626517 1008.24788135 -653.66344288 0.47058824 0.47058824 0.47058824
v -2590.88626517 9495.29683844 -5553.66344288 0.47058824 0.47058824 0.47058824
v -2608.77139088 1031.03315990 -614.19818276 0.47058824 0.47058824 0.47058824
v -2608.77139088 9518.08211699 -5514.19818276 0.47058824 0.47058824 0.47058824
v -2605.11300864 1055.44201913 -571.92079842 0.47058824 0.47058824 0.47058824
v -2605.11300864 9542.49097622 -5471.92079842 0.47058824 0.47058824 0.47058824
v -2580.63570590 1076.63998512 -535.20484431 0.47058824 0.47058824 0.47058824
v -2580.63570590 9563.68894221 -5435.20484431 0.47058824 0.47058824 0.47058824
v -2540.18751268 1090.42854072 -511.32236546 0.47058824 0.47058824 0.47058824
v -2540.18751268 9577.47749780 -5411.32236546 0.47058824 0.47058824 0.47058824
v -2491.77968971 1094.07669339 -505.00357968 0.47058824 0.47058824 0.47058824
v -2491.77968971 9581.12565047 -5405.00357968 0.47058824 0.47058824 0.47058824
v -2445.00000000 1086.86188175 -517.50000000 0.47058824 0.47058824 0.47058824
v -2445.00000000 9573.91083884 -5417.50000000 0.47058824 0.47058824 0.47058824
v -2409.11373483 1070.21308773 -546.33655712 0.47058824 0.47058824 0.47058824
v -2409.11373483 9557.26204482 -5446.33655712 0.47058824 0.47058824 0.47058824
v -2391.22860912 1047.42780918 -585.80181724 0.47058824 0.47058824 0.47058824
v -2391.22860912 9534.47676627 -5485.80181724 0.47058824 0.47058824 0.47058824
v -2394.88699136 1023.01894995 -628.07920158 0.47058824 0.47058824 0.47058824
v -2394.88699136 9510.06790704 -5528.07920158 0.47058824 0.47058824 0.47058824
v -2419.36429410 1001.82098396 -664.79515569 0.47058824 0.47058824 0.47058824
v -2419.36429410 9488.86994105 -5564.79515569 0.47058824 0.47058824 0.47058824
v -2459.81248732 988.03242837 -688.67763454 0.47058824 0.47058824 0.47058824
v -2459.81248732 9475.08138545 -5588.67763454 0.47058824 0.47058824 0.47058824
v -2508.22031029 984.38427570 -694.99642032 0.47058824 0.47058824 0.47058824
v -2508.22031029 9471.43323278 -5594.99642032 0.47058824 0.47058824 0.47058824
v 2500.00000000 0.00000000 -13000.00000000 0.70588235 0.70588235 0.70588235
v 2914.11047216 0.00000000 -12965.92582629 0.70588235 0.70588235 0.70588235
v 3300.00000000 0.00000000 -12866.02540378 0.70588235 0.70588235 0.70588235
v 3631.37084990 0.00000000 -12707.10678119 0.70588235 0.70588235 0.70588235
v 3885.64064606 0.00000000 -12500.00000000 0.70588235 0.70588235 0.70588235
v 4045.48132206 0.00000000 -12258.81904510 0.70588235 0.70588235 0.70588235
v 4100.00000000 0.00000000 -12000.00000000 0.70588235 0.70588235 0.70588235
v 4045.48132206 0.00000000 -11741.18095490 0.70588235 0.70588235 0.70588235
v 3885.64064606 0.00000000 -11500.00000000 0.70588235 0.70588235 0.70588235
v 3631.37084990 0.00000000 -11292.89321881 0.70588235 0.70588235 0.70588235
v 3300.00000000 0.00000000 -11133.97459622 0.70588235 0.70588235 0.70588235
v 2914.11047216 0.00000000 -11034.07417371 0.70588235 0.70588235 0.70588235
v 2500.00000000 0.00000000 -11000.00000000 0.70588235 0.70588235 0.70588235
v 2085.88952784 0.00000000 -11034.07417371 0.70588235 0.70588235 0.70588235
v 1700.00000000 0.00000000 -11133.97459622 0.70588235 0.70588235 0.70588235
v 1368.62915010 0.00000000 -11292.89321881 0.70588235 0.70588235 0.70588235
v 1114.35935394 0.00000000 -11500.00000000 0.70588235 0.70588235 0.70588235
v 954.51867794 0.00000000 -11741.18095490 0.70588235 0.70588235 0.70588235
v 900.00000000 0.00000000 -12000.00000000 0.70588235 0.70588235 0.70588235
v 954.51867794 0.00000000 -12258.81904510 0.70588235 0.70588235 0.70588235
v 1114.35935394 0.00000000 -12500.00000000 0.70588235 0.70588235 0.70588235
v 1368.62915010 0.00000000 -12707.10678119 0.70588235 0.70588235 0.70588235
v 1700.00000000 0.00000000 -12866.02540378 0.70588235 0.70588235 0.70588235
v 2085.88952784 0.00000000 -12965.92582629 0.70588235 0.70588235 0.70588235
v 2500.00000000 850.24067999 -12972.16600210 0.70588235 0.70588235 0.70588235
v 2914.11047216 848.01212241 -12938.16478381 0.70588235 0.70588235 0.70588235
v 3300.00000000 841.47832216 -12838.47825578 0.70588235 0.70588235 0.70588235
v 3631.37084990 831.08454695 -12679.89989015 0.70588235 0.70588235 0.70588235
v 3885.64064606 817.53911538 -12473.23654048 0.70588235 0.70588235 0.70588235
v 4045.48132206 801.76512622 -12232.57197252 0.70588235 0.70588235 0.70588235
v 4100.00000000 784.83755076 -11974.30707886 0.70588235 0.70588235 0.70588235
v 4045.48132206 767.90997531 -11716.04218520 0.70588235 0.70588235 0.70588235
v 3885.64064606 752.13598615 -11475.37761724 0.70588235 0.70588235 0.70588235
v 3631.37084990 738.59055457 -11268.71426757 0.70588235 0.70588235 0.70588235
v 3300.00000000 728.19677936 -11110.13590195 0.70588235 0.70588235 0.70588235
v 2914.11047216 721.66297912 -11010.44937391 0.70588235 0.70588235 0.70588235
v 2500.00000000 719.43442153 -10976.44815562 0.70588235 0.70588235 0.70588235
v 2085.88952784 721.66297912 -11010.44937391 0.70588235 0.70588235 0.70588235
v 1700.00000000 728.19677936 -11110.13590195 0.70588235 0.70588235 0.70588235
v 1368.62915010 738.59055457 -11268.71426757 0.70588235 0.70588235 0.70588235
v 1114.35935394 752.13598615 -11475.37761724 0.70588235 0.70588235 0.70588235
v 954.51867794 767.90997531 -11716.04218520 0.70588235 0.70588235 0.70588235
v 900.00000000 784.83755076 -11974.30707886 0.70588235 0.70588235 0.70588235
v 954.51867794 801.76512622 -12232.57197252 0.70588235 0.70588235 0.70588235
v 1114.35935394 817.53911538 -12473.23654048 0.70588235 0.70588235 0.70588235
v 1368.62915010 831.08454695 -12679.89989015 0.70588235 0.70588235 0.70588235
v 1700.00000000 841.47832216 -12838.47825578 0.70588235 0.70588235 0.70588235
v 2085.88952784 848.01212241 -12938.16478381 0.70588235 0.70588235 0.70588235
v 2500.00000000 1696.84049886 -12888.78319786 0.70588235 0.70588235 0.70588235
v 2914.11047216 1692.39292671 -12855.00053343 0.70588235 0.70588235 0.70588235
v 3300.00000000 1679.35330496 -12755.95477289 0.70588235 0.70588235 0.70588235
v 3631.37084990 1658.61026228 -12598.39572114 0.70588235 0.70588235 0.70588235
v 3885.64064606 1631.57740275 -12393.06076717 0.70588235 0.70588235 0.70588235
v 4045.48132206 1600.09697107 -12153.94314878 0.70588235 0.70588235 0.70588235
v 4100.00000000 1566.31430664 -11897.33833649 0.70588235 0.70588235 0.70588235
v 4045.48132206 1532.53164221 -11640.73352419 0.70588235 0.70588235 0.70588235
v 3885.64064606 1501.05121053 -11401.61590580 0.70588235 0.70588235 0.70588235
v 3631.37084990 1474.01835100 -11196.28095184 0.70588235 0.70588235 0.70588235
v 3300.00000000 1453.27530832 -11038.72190008 0.70588235 0.70588235 0.70588235
v 2914.11047216 1440.23568657 -10939.67613954 0.70588235 0.70588235 0.70588235
v 2500.00000000 1435.78811442 -10905.89347511 0.70588235 0.70588235 0.70588235
v 2085.88952784 1440.23568657 -10939.67613954 0.70588235 0.70588235 0.70588235
v 1700.00000000 1453.27530832 -11038.72190008 0.70588235 0.70588235 0.70588235
v 1368.62915010 1474.01835100 -11196.28095184 0.70588235 0.70588235 0.70588235
v 1114.35935394 1501.05121053 -11401.61590580 0.70588235 0.70588235 0.70588235
v 954.51867794 1532.53164221 -11640.73352419 0.70588235 0.70588235 0.70588235
v 900.00000000 1566.31430664 -11897.33833649 0.70588235 0.70588235 0.70588235
v 954.51867794 1600.09697107 -12153.94314878 0.70588235 0.70588235 0.70588235
v 1114.35935394 1631.57740275 -12393.06076717 0.70588235 0.70588235 0.70588235
v 1368.62915010 1658.61026228 -12598.39572114 0.70588235 0.70588235 0.70588235
v 1700.00000000 1679.35330496 -12755.95477289 0.70588235 0.70588235 0.70588235
v 2085.88952784 1692.39292671 -12855.00053343 0.70588235 0.70588235 0.70588235
v 2500.00000000 2536.17418621 -12750.20864524 0.70588235 0.70588235 0.70588235
v 2914.11047216 2529.52664469 -12716.78919722 0.70588235 0.70588235 0.70588235
v 3300.00000000 2510.03703909 -12618.80833333 0.70588235 0.70588235 0.70588235
v 3631.37084990 2479.03355384 -12462.94328750 0.70588235 0.70588235 0.70588235
v 3885.64064606 2438.62902520 -12259.81600504 0.70588235 0.70588235 0.70588235
v 4045.48132206 2391.57695505 -12023.26927456 0.70588235 0.70588235 0.70588235
v 4100.00000000 2341.08386419 -11769.42336484 0.70588235 0.70588235 0.70588235
v 4045.48132206 2290.59077334 -11515.57745511 0.70588235 0.70588235 0.70588235
v 3885.64064606 2243.53870319 -11279.03072464 0.70588235 0.70588235 0.70588235
v 3631.37084990 2203.13417455 -11075.90344218 0.70588235 0.70588235 0.70588235
v 3300.00000000 2172.13068930 -10920.03839635 0.70588235 0.70588235 0.70588235
v 2914.11047216 2152.64108370 -10822.05753245 0.70588235 0.70588235 0.70588235
v 2500.00000000 2145.99354218 -10788.63808444 0.70588235 0.70588235 0.70588235
v 2085.88952784 2152.64108370 -10822.05753245 0.70588235 0.70588235 0.70588235
v 1700.00000000 2172.13068930 -10920.03839635 0.70588235 0.70588235 0.70588235
v 1368.62915010 2203.13417455 -11075.90344218 0.70588235 0.70588235 0.70588235
v 1114.35935394 2243.53870319 -11279.03072464 0.70588235 0.70588235 0.70588235
v 954.51867794 2290.59077334 -11515.57745511 0.70588235 0.70588235 0.70588235
v 900.00000000 2341.08386419 -11769.42336484 0.70588235 0.70588235 0.70588235
v 954.51867794 2391.57695505 -12023.26927456 0.70588235 0.70588235 0.70588235
v 1114.35935394 2438.62902520 -12259.81600504 0.70588235 0.70588235 0.70588235
v 1368.62915010 2479.03355384 -12462.94328750 0.70588235 0.70588235 0.70588235
v 1700.00000000 2510.03703909 -12618.80833333 0.70588235 0.70588235 0.70588235
v 2085.88952784 2529.52664469 -12716.78919722 0.70588235 0.70588235 0.70588235
v 2500.00000000 3364.64758633 -12557.03574176 0.70588235 0.70588235 0.70588235
v 2914.11047216 3355.82854123 -12524.12261736 0.70588235 0.70588235 0.70588235
v 3300.00000000 3329.97240927 -12427.62621921 0.70588235 0.70588235 0.70588235
v 3631.37084990 3288.84124312 -12274.12261736 0.70588235 0.70588235 0.70588235
v 3885.64064606 3235.23806378 -12074.07282861 0.70588235 0.70588235 0.70588235
v 4045.48132206 3172.81583934 -11841.10991547 0.70588235 0.70588235 0.70588235
v 4100.00000000 3105.82854123 -11591.10991547 0.70588235 0.70588235 0.70588235
v 4045.48132206 3038.84124312 -11341.10991547 0.70588235 0.70588235 0.70588235
v 3885.64064606 2976.41901868 -11108.14700232 0.70588235 0.70588235 0.70588235
v 3631.37084990 2922.81583934 -10908.09721358 0.70588235 0.70588235 0.70588235
v 3300.00000000 2881.68467319 -10754.59361173 0.70588235 0.70588235 0.70588235
v 2914.11047216 2855.82854123 -10658.09721358 0.70588235 0.70588235 0.70588235
v 2500.00000000 2847.00949613 -10625.18408918 0.70588235 0.70588235 0.70588235
v 2085.88952784 2855.82854123 -10658.09721358 0.70588235 0.70588235 0.70588235
v 1700.00000000 2881.68467319 -10754.59361173 0.70588235 0.70588235 0.70588235
v 1368.62915010 2922.81583934 -10908.09721358 0.70588235 0.70588235 0.70588235
v 1114.35935394 2976.41901868 -11108.14700232 0.70588235 0.70588235 0.70588235
v 954.51867794 3038.84124312 -11341.10991547 0.70588235 0.70588235 0.70588235
v 900.00000000 3105.82854123 -11591.10991547 0.70588235 0.70588235 0.70588235
v 954.51867794 3172.81583934 -11841.10991547 0.70588235 0.70588235 0.70588235
v 1114.35935394 3235.23806378 -12074.07282861 0.70588235 0.70588235 0.70588235
v 1368.62915010 3288.84124312 -12274.12261736 0.70588235 0.70588235 0.70588235
v 1700.00000000 3329.97240927 -12427.62621921 0.70588235 0.70588235 0.70588235
v 2085.88952784 3355.82854123 -12524.12261736 0.70588235 0.70588235 0.70588235
v 2500.00000000 4178.71304894 -12310.09168344 0.70588235 0.70588235 0.70588235
v 2914.11047216 4167.76026476 -12277.82582171 0.70588235 0.70588235 0.70588235
v 3300.00000000 4135.64832637 -12183.22710169 0.70588235 0.70588235 0.70588235
v 3631.37084990 4084.56560929 -12032.74226982 0.70588235 0.70588235 0.70588235
v 3885.64064606 4017.99331629 -11836.62661869 0.70588235 0.70588235 0.70588235
v 4045.48132206 3940.46823911 -11608.24510584 0.70588235 0.70588235 0.70588235
v 4100.00000000 3857.27358364 -11363.16155394 0.70588235 0.70588235 0.70588235
v 4045.48132206 3774.07892817 -11118.07800205 0.70588235 0.70588235 0.70588235
v 3885.64064606 3696.55385099 -10889.69648919 0.70588235 0.70588235 0.70588235
v 3631.37084990 3629.98155798 -10693.58083807 0.70588235 0.70588235 0.70588235
v 3300.00000000 3578.89884091 -10543.09600619 0.70588235 0.70588235 0.70588235
v 2914.11047216 3546.78690251 -10448.49728617 0.70588235 0.70588235 0.70588235
v 2500.00000000 3535.83411833 -10416.23142445 0.70588235 0.70588235 0.70588235
v 2085.88952784 3546.78690251 -10448.49728617 0.70588235 0.70588235 0.70588235
v 1700.00000000 3578.89884091 -10543.09600619 0.70588235 0.70588235 0.70588235
v 1368.62915010 3629.98155798 -10693.58083807 0.70588235 0.70588235 0.70588235
v 1114.35935394 3696.55385099 -10889.69648919 0.70588235 0.70588235 0.70588235
v 954.51867794 3774.07892817 -11118.07800205 0.70588235 0.70588235 0.70588235
v 900.00000000 3857.27358364 -11363.16155394 0.70588235 0.70588235 0.70588235
v 954.51867794 3940.46823911 -11608.24510584 0.70588235 0.70588235 0.70588235
v 1114.35935394 4017.99331629 -11836.62661869 0.70588235 0.70588235 0.70588235
v 1368.62915010 4084.56560929 -12032.74226982 0.70588235 0.70588235 0.70588235
v 1700.00000000 4135.64832637 -12183.22710169 0.70588235 0.70588235 0.70588235
v 2085.88952784 4167.76026476 -12277.82582171 0.70588235 0.70588235 0.70588235
v 2500.00000000 4974.88462075 -12010.43392265 0.70588235 0.70588235 0.70588235
v 2914.11047216 4961.84499900 -11978.95349097 0.70588235 0.70588235 0.70588235
v 3300.00000000 4923.61476242 -11886.65753533 0.70588235 0.70588235 0.70588235
v 3631.37084990 4862.79923845 -11739.83587257 0.70588235 0.70588235 0.70588235
v 3885.64064606 4783.54290456 -11548.49415639 0.70588235 0.70588235 0.70588235
v 4045.48132206 4691.24694892 -11325.67200853 0.70588235 0.70588235 0.70588235
v 4100.00000000 4592.20118838 -11086.55439014 0.70588235 0.70588235 0.70588235
v 4045.48132206 4493.15542784 -10847.43677174 0.70588235 0.70588235 0.70588235
v 3885.64064606 4400.85947220 -10624.61462388 0.70588235 0.70588235 0.70588235
v 3631.37084990 4321.60313831 -10433.27290770 0.70588235 0.70588235 0.70588235
v 3300.00000000 4260.78761435 -10286.45124494 0.70588235 0.70588235 0.70588235
v 2914.11047216 4222.55737777 -10194.15528930 0.70588235 0.70588235 0.70588235
v 2500.00000000 4209.51775602 -10162.67485762 0.70588235 0.70588235 0.70588235
v 2085.88952784 4222.55737777 -10194.15528930 0.70588235 0.70588235 0.70588235
v 1700.00000000 4260.78761435 -10286.45124494 0.70588235 0.70588235 0.70588235
v 1368.62915010 4321.60313831 -10433.27290770 0.70588235 0.70588235 0.70588235
v 1114.35935394 4400.85947220 -10624.61462388 0.70588235 0.70588235 0.70588235
v 954.51867794 4493.15542784 -10847.43677174 0.70588235 0.70588235 0.70588235
v 900.00000000 4592.20118838 -11086.55439014 0.70588235 0.70588235 0.70588235
v 954.51867794 4691.24694892 -11325.67200853 0.70588235 0.70588235 0.70588235
v 1114.35935394 4783.54290456 -11548.49415639 0.70588235 0.70588235 0.70588235
v 1368.62915010 4862.79923845 -11739.83587257 0.70588235 0.70588235 0.70588235
v 1700.00000000 4923.61476242 -11886.65753533 0.70588235 0.70588235 0.70588235
v 2085.88952784 4961.84499900 -11978.95349097 0.70588235 0.70588235 0.70588235
v 2500.00000000 5749.75297285 -11659.34563992 0.70588235 0.70588235 0.70588235
v 2914.11047216 5734.68235119 -11628.78544233 0.70588235 0.70588235 0.70588235
v 3300.00000000 5690.49752416 -11539.18747652 0.70588235 0.70588235 0.70588235
v 3631.37084990 5620.20961472 -11396.65769579 0.70588235 0.70588235 0.70588235
v 3885.64064606 5528.60862774 -11210.90926916 0.70588235 0.70588235 0.70588235
v 4045.48132206 5421.93701909 -10994.60064493 0.70588235 0.70588235 0.70588235
v 4100.00000000 5307.46428263 -10762.47289839 0.70588235 0.70588235 0.70588235
v 4045.48132206 5192.99154617 -10530.34515185 0.70588235 0.70588235 0.70588235
v 3885.64064606 5086.31993752 -10314.03652763 0.70588235 0.70588235 0.70588235
v 3631.37084990 4994.71895053 -10128.28810099 0.70588235 0.70588235 0.70588235
v 3300.00000000 4924.43104109 -9985.75832026 0.70588235 0.70588235 0.70588235
v 2914.11047216 4880.24621407 -9896.16035445 0.70588235 0.70588235 0.70588235
v 2500.00000000 4865.17559241 -9865.60015686 0.70588235 0.70588235 0.70588235
v 2085.88952784 4880.24621407 -9896.16035445 0.70588235 0.70588235 0.70588235
v 1700.00000000 4924.43104109 -9985.75832026 0.70588235 0.70588235 0.70588235
v 1368.62915010 4994.71895053 -10128.28810099 0.70588235 0.70588235 0.70588235
v 1114.35935394 5086.31993752 -10314.03652763 0.70588235 0.70588235 0.70588235
v 954.51867794 5192.99154617 -10530.34515185 0.70588235 0.70588235 0.70588235
v 900.00000000 5307.46428263 -10762.47289839 0.70588235 0.70588235 0.70588235
v 954.51867794 5421.93701909 -10994.60064493 0.70588235 0.70588235 0.70588235
v 1114.35935394 5528.60862774 -11210.90926916 0.70588235 0.70588235 0.70588235
v 1368.62915010 5620.20961472 -11396.65769579 0.70588235 0.70588235 0.70588235
v 1700.00000000 5690.49752416 -11539.18747652 0.70588235 0.70588235 0.70588235
v 2085.88952784 5734.68235119 -11628.78544233 0.70588235 0.70588235 0.70588235
v 2500.00000000 6500.00000000 -11258.33024920 0.70588235 0.70588235 0.70588235
v 2914.11047216 6482.96291314 -11228.82114915 0.70588235 0.70588235 0.70588235
v 3300.00000000 6433.01270189 -11142.30484541 0.70588235 0.70588235 0.70588235
v 3631.37084990 6353.55339059 -11004.67728111 0.70588235 0.70588235 0.70588235
v 3885.64064606 6250.00000000 -10825.31754731 0.70588235 0.70588235 0.70588235
v 4045.48132206 6129.40952255 -10616.44871346 0.70588235 0.70588235 0.70588235
v 4100.00000000 6000.00000000 -10392.30484541 0.70588235 0.70588235 0.70588235
v 4045.48132206 5870.59047745 -10168.16097737 0.70588235 0.70588235 0.70588235
v 3885.64064606 5750.00000000 -9959.29214352 0.70588235 0.70588235 0.70588235
v 3631.37084990 5646.44660941 -9779.93240972 0.70588235 0.70588235 0.70588235
v 3300.00000000 5566.98729811 -9642.30484541 0.70588235 0.70588235 0.70588235
v 2914.11047216 5517.03708686 -9555.78854168 0.70588235 0.70588235 0.70588235
v 2500.00000000 5500.00000000 -9526.27944163 0.70588235 0.70588235 0.70588235
v 2085.88952784 5517.03708686 -9555.78854168 0.70588235 0.70588235 0.70588235
v 1700.00000000 5566.98729811 -9642.30484541 0.70588235 0.70588235 0.70588235
v 1368.62915010 5646.44660941 -9779.93240972 0.70588235 0.70588235 0.70588235
v 1114.35935394 5750.00000000 -9959.29214352 0.70588235 0.70588235 0.70588235
v 954.51867794 5870.59047745 -10168.16097737 0.70588235 0.70588235 0.70588235
v 900.00000000 6000.00000000 -10392.30484541 0.70588235 0.70588235 0.70588235
v 954.51867794 6129.40952255 -10616.44871346 0.70588235 0.70588235 0.70588235
v 1114.35935394 6250.00000000 -10825.31754731 0.70588235 0.70588235 0.70588235
v 1368.62915010 6353.55339059 -11004.67728111 0.70588235 0.70588235 0.70588235
v 1700.00000000 6433.01270189 -11142.30484541 0.70588235 0.70588235 0.70588235
v 2085.88952784 6482.96291314 -11228.82114915 0.70588235 0.70588235 0.70588235
v 2500.00000000 7222.41302925 -10809.10495993 0.70588235 0.70588235 0.70588235
v 2914.11047216 7203.48243263 -10780.77331993 0.70588235 0.70588235 0.70588235
v 3300.00000000 7147.98073162 -10697.70915436 0.70588235 0.70588235 0.70588235
v 3631.37084990 7059.69027543 -10565.57314884 0.70588235 0.70588235 0.70588235
v 3885.64064606 6944.62791275 -10393.37015378 0.70588235 0.70588235 0.70588235
v 4045.48132206 6810.63495343 -10192.83551872 0.70588235 0.70588235 0.70588235
v 4100.00000000 6666.84279624 -9977.63534763 0.70588235 0.70588235 0.70588235
v 4045.48132206 6523.05063904 -9762.43517654 0.70588235 0.70588235 0.70588235
v 3885.64064606 6389.05767973 -9561.90054148 0.70588235 0.70588235 0.70588235
v 3631.37084990 6273.99531704 -9389.69754642 0.70588235 0.70588235 0.70588235
v 3300.00000000 6185.70486085 -9257.56154090 0.70588235 0.70588235 0.70588235
v 2914.11047216 6130.20315984 -9174.49737533 0.70588235 0.70588235 0.70588235
v 2500.00000000 6111.27256322 -9146.16573533 0.70588235 0.70588235 0.70588235
v 2085.88952784 6130.20315984 -9174.49737533 0.70588235 0.70588235 0.70588235
v 1700.00000000 6185.70486085 -9257.56154090 0.70588235 0.70588235 0.70588235
v 1368.62915010 6273.99531704 -9389.69754642 0.70588235 0.70588235 0.70588235
v 1114.35935394 6389.05767973 -9561.90054148 0.70588235 0.70588235 0.70588235
v 954.51867794 6523.05063904 -9762.43517654 0.70588235 0.70588235 0.70588235
v 900.00000000 6666.84279624 -9977.63534763 0.70588235 0.70588235 0.70588235
v 954.51867794 6810.63495343 -10192.83551872 0.70588235 0.70588235 0.70588235
v 1114.35935394 6944.62791275 -10393.37015378 0.70588235 0.70588235 0.70588235
v 1368.62915010 7059.69027543 -10565.57314884 0.70588235 0.70588235 0.70588235
v 1700.00000000 7147.98073162 -10697.70915436 0.70588235 0.70588235 0.70588235
v 2085.88952784 7203.48243263 -10780.77331993 0.70588235 0.70588235 0.70588235
v 2500.00000000 7913.89857711 -10313.59342379 0.70588235 0.70588235 0.70588235
v 2914.11047216 7893.15553443 -10286.56056425 0.70588235 0.70588235 0.70588235
v 3300.00000000 7832.34001047 -10207.30423036 0.70588235 0.70588235 0.70588235
v 3631.37084990 7735.59648268 -10081.22561029 0.70588235 0.70588235 0.70588235
v 3885.64064606 7609.51786261 -9916.91675364 0.70588235 0.70588235 0.70588235
v 4045.48132206 7462.69619986 -9725.57503746 0.70588235 0.70588235 0.70588235
v 4100.00000000 7305.13714810 -9520.24008349 0.70588235 0.70588235 0.70588235
v 4045.48132206 7147.57809635 -9314.90512953 0.70588235 0.70588235 0.70588235
v 3885.64064606 7000.75643360 -9123.56341335 0.70588235 0.70588235 0.70588235
v 3631.37084990 6874.67781353 -8959.25455670 0.70588235 0.70588235 0.70588235
v 3300.00000000 6777.93428574 -8833.17593663 0.70588235 0.70588235 0.70588235
v 2914.11047216 6717.11876178 -8753.91960273 0.70588235 0.70588235 0.70588235
v 2500.00000000 6696.37571910 -8726.88674320 0.70588235 0.70588235 0.70588235
v 2085.88952784 6717.11876178 -8753.91960273 0.70588235 0.70588235 0.70588235
v 1700.00000000 6777.93428574 -8833.17593663 0.70588235 0.70588235 0.70588235
v 1368.62915010 6874.67781353 -8959.25455670 0.70588235 0.70588235 0.70588235
v 1114.35935394 7000.75643360 -9123.56341335 0.70588235 0.70588235 0.70588235
v 954.51867794 7147.57809635 -9314.90512953 0.70588235 0.70588235 0.70588235
v 900.00000000 7305.13714810 -9520.24008349 0.70588235 0.70588235 0.70588235
v 954.51867794 7462.69619986 -9725.57503746 0.70588235 0.70588235 0.70588235
v 1114.35935394 7609.51786261 -9916.91675364 0.70588235 0.70588235 0.70588235
v 1368.62915010 7735.59648268 -10081.22561029 0.70588235 0.70588235 0.70588235
v 1700.00000000 7832.34001047 -10207.30423036 0.70588235 0.70588235 0.70588235
v 2085.88952784 7893.15553443 -10286.56056425 0.70588235 0.70588235 0.70588235
v 2500.00000000 8571.49559630 -9773.91749723 0.70588235 0.70588235 0.70588235
v 2914.11047216 8549.02893246 -9748.29917702 0.70588235 0.70588235 0.70588235
v 3300.00000000 8483.16000696 -9673.19006260 0.70588235 0.70588235 0.70588235
v 3631.37084990 8378.37767821 -9553.70871598 0.70588235 0.70588235 0.70588235
v 3885.64064606 8241.82268875 -9397.99759349 0.70588235 0.70588235 0.70588235
v 4045.48132206 8082.80103546 -9216.66815079 0.70588235 0.70588235 0.70588235
v 4100.00000000 7912.14978120 -9022.07768975 0.70588235 0.70588235 0.70588235
v 4045.48132206 7741.49852694 -8827.48722871 0.70588235 0.70588235 0.70588235
v 3885.64064606 7582.47687365 -8646.15778601 0.70588235 0.70588235 0.70588235
v 3631.37084990 7445.92188420 -8490.44666351 0.70588235 0.70588235 0.70588235
v 3300.00000000 7341.13955545 -8370.96531689 0.70588235 0.70588235 0.70588235
v 2914.11047216 7275.27062994 -8295.85620247 0.70588235 0.70588235 0.70588235
v 2500.00000000 7252.80396610 -8270.23788227 0.70588235 0.70588235 0.70588235
v 2085.88952784 7275.27062994 -8295.85620247 0.70588235 0.70588235 0.70588235
v 1700.00000000 7341.13955545 -8370.96531689 0.70588235 0.70588235 0.70588235
v 1368.62915010 7445.92188420 -8490.44666351 0.70588235 0.70588235 0.70588235
v 1114.35935394 7582.47687365 -8646.15778601 0.70588235 0.70588235 0.70588235
v 954.51867794 7741.49852694 -8827.48722871 0.70588235 0.70588235 0.70588235
v 900.00000000 7912.14978120 -9022.07768975 0.70588235 0.70588235 0.70588235
v 954.51867794 8082.80103546 -9216.66815079 0.70588235 0.70588235 0.70588235
v 1114.35935394 8241.82268875 -9397.99759349 0.70588235 0.70588235 0.70588235
v 1368.62915010 8378.37767821 -9553.70871598 0.70588235 0.70588235 0.70588235
v 1700.00000000 8483.16000696 -9673.19006260 0.70588235 0.70588235 0.70588235
v 2085.88952784 8549.02893246 -9748.29917702 0.70588235 0.70588235 0.70588235
v 2500.00000000 9192.38815543 -9192.38815543 0.70588235 0.70588235 0.70588235
v 2914.11047216 9168.29407613 -9168.29407613 0.70588235 0.70588235 0.70588235
v 3300.00000000 9097.65380993 -9097.65380993 0.70588235 0.70588235 0.70588235
v 3631.37084990 8985.28137424 -8985.28137424 0.70588235 0.70588235 0.70588235
v 3885.64064606 8838.83476483 -8838.83476483 0.70588235 0.70588235 0.70588235
v 4045.48132206 8668.29407613 -8668.29407613 0.70588235 0.70588235 0.70588235
v 4100.00000000 8485.28137424 -8485.28137424 0.70588235 0.70588235 0.70588235
v 4045.48132206 8302.26867235 -8302.26867235 0.70588235 0.70588235 0.70588235
v 3885.64064606 8131.72798365 -8131.72798365 0.70588235 0.70588235 0.70588235
v 3631.37084990 7985.28137424 -7985.28137424 0.70588235 0.70588235 0.70588235
v 3300.00000000 7872.90893854 -7872.90893854 0.70588235 0.70588235 0.70588235
v 2914.11047216 7802.26867235 -7802.26867235 0.70588235 0.70588235 0.70588235
v 2500.00000000 7778.17459305 -7778.17459305 0.70588235 0.70588235 0.70588235
v 2085.88952784 7802.26867235 -7802.26867235 0.70588235 0.70588235 0.70588235
v 1700.00000000 7872.90893854 -7872.90893854 0.70588235 0.70588235 0.70588235
v 1368.62915010 7985.28137424 -7985.28137424 0.70588235 0.70588235 0.70588235
v 1114.35935394 8131.72798365 -8131.72798365 0.70588235 0.70588235 0.70588235
v 954.51867794 8302.26867235 -8302.26867235 0.70588235 0.70588235 0.70588235
v 900.00000000 8485.28137424 -8485.28137424 0.70588235 0.70588235 0.70588235
v 954.51867794 8668.29407613 -8668.29407613 0.70588235 0.70588235 0.70588235
v 1114.35935394 8838.83476483 -8838.83476483 0.70588235 0.70588235 0.70588235
v 1368.62915010 8985.28137424 -8985.28137424 0.70588235 0.70588235 0.70588235
v 1700.00000000 9097.65380993 -9097.65380993 0.70588235 0.70588235 0.70588235
v 2085.88952784 9168.29407613 -9168.29407613 0.70588235 0.70588235 0.70588235
v 2500.00000000 9773.91749723 -8571.49559630 0.70588235 0.70588235 0.70588235
v 2914.11047216 9748.29917702 -8549.02893246 0.70588235 0.70588235 0.70588235
v 3300.00000000 9673.19006260 -8483.16000696 0.70588235 0.70588235 0.70588235
v 3631.37084990 9553.70871598 -8378.37767821 0.70588235 0.70588235 0.70588235
v 3885.64064606 9397.99759349 -8241.82268875 0.70588235 0.70588235 0.70588235
v 4045.48132206 9216.66815079 -8082.80103546 0.70588235 0.70588235 0.70588235
v 4100.00000000 9022.07768975 -7912.14978120 0.70588235 0.70588235 0.70588235
v 4045.48132206 8827.48722871 -7741.49852694 0.70588235 0.70588235 0.70588235
v 3885.64064606 8646.15778601 -7582.47687365 0.70588235 0.70588235 0.70588235
v 3631.37084990 8490.44666351 -7445.92188420 0.70588235 0.70588235 0.70588235
v 3300.00000000 8370.96531689 -7341.13955545 0.70588235 0.70588235 0.70588235
v 2914.11047216 8295.85620247 -7275.27062994 0.70588235 0.70588235 0.70588235
v 2500.00000000 8270.23788227 -7252.80396610 0.70588235 0.70588235 0.70588235
v 2085.88952784 8295.85620247 -7275.27062994 0.70588235 0.70588235 0.70588235
v 1700.00000000 8370.96531689 -7341.13955545 0.70588235 0.70588235 0.70588235
v 1368.62915010 8490.44666351 -7445.92188420 0.70588235 0.70588235 0.70588235
v 1114.35935394 8646.15778601 -7582.47687365 0.70588235 0.70588235 0.70588235
v 954.51867794 8827.48722871 -7741.49852694 0.70588235 0.70588235 0.70588235
v 900.00000000 9022.07768975 -7912.14978120 0.70588235 0.70588235 0.70588235
v 954.51867794 9216.66815079 -8082.80103546 0.70588235 0.70588235 0.70588235
v 1114.35935394 9397.99759349 -8241.82268875 0.70588235 0.70588235 0.70588235
v 1368.62915010 9553.70871598 -8378.37767821 0.70588235 0.70588235 0.70588235
v 1700.00000000 9673.19006260 -8483.16000696 0.70588235 0.70588235 0.70588235
v 2085.88952784 9748.29917702 -8549.02893246 0.70588235 0.70588235 0.70588235
v 2500.00000000 10313.59342379 -7913.89857711 0.70588235 0.70588235 0.70588235
v 2914.11047216 10286.56056425 -7893.15553443 0.70588235 0.70588235 0.70588235
v 3300.00000000 10207.30423036 -7832.34001047 0.70588235 0.70588235 0.70588235
v 3631.37084990 10081.22561029 -7735.59648268 0.70588235 0.70588235 0.70588235
v 3885.64064606 9916.91675364 -7609.51786261 0.70588235 0.70588235 0.70588235
v 4045.48132206 9725.57503746 -7462.69619986 0.70588235 0.70588235 0.70588235
v 4100.00000000 9520.24008349 -7305.13714810 0.70588235 0.70588235 0.70588235
v 4045.48132206 9314.90512953 -7147.57809635 0.70588235 0.70588235 0.70588235
v 3885.64064606 9123.56341335 -7000.75643360 0.70588235 0.70588235 0.70588235
v 3631.37084990 8959.25455670 -6874.67781353 0.70588235 0.70588235 0.70588235
v 3300.00000000 8833.17593663 -6777.93428574 0.70588235 0.70588235 0.70588235
v 2914.11047216 8753.91960273 -6717.11876178 0.70588235 0.70588235 0.70588235
v 2500.00000000 8726.88674320 -6696.37571910 0.70588235 0.70588235 0.70588235
v 2085.88952784 8753.91960273 -6717.11876178 0.70588235 0.70588235 0.70588235
v 1700.00000000 8833.17593663 -6777.93428574 0.70588235 0.70588235 0.70588235
v 1368.62915010 8959.25455670 -6874.67781353 0.70588235 0.70588235 0.70588235
v 1114.35935394 9123.56341335 -7000.75643360 0.70588235 0.70588235 0.70588235
v 954.51867794 9314.90512953 -7147.57809635 0.70588235 0.70588235 0.70588235
v 900.00000000 9520.24008349 -7305.13714810 0.70588235 0.70588235 0.70588235
v 954.51867794 9725.57503746 -7462.69619986 0.70588235 0.70588235 0.70588235
v 1114.35935394 9916.91675364 -7609.51786261 0.70588235 0.70588235 0.70588235
v 1368.62915010 10081.22561029 -7735.59648268 0.70588235 0.70588235 0.70588235
v 1700.00000000 10207.30423036 -7832.34001047 0.70588235 0.70588235 0.70588235
v 2085.88952784 10286.56056425 -7893.15553443 0.70588235 0.70588235 0.70588235
v 2500.00000000 10809.10495993 -7222.41302925 0.70588235 0.70588235 0.70588235
v 2914.11047216 10780.77331993 -7203.48243263 0.70588235 0.70588235 0.70588235
v 3300.00000000 10697.70915436 -7147.98073162 0.70588235 0.70588235 0.70588235
v 3631.37084990 10565.57314884 -7059.69027543 0.70588235 0.70588235 0.70588235
v 3885.64064606 10393.37015378 -6944.62791275 0.70588235 0.70588235 0.70588235
v 4045.48132206 10192.83551872 -6810.63495343 0.70588235 0.70588235 0.70588235
v 4100.00000000 9977.63534763 -6666.84279624 0.70588235 0.70588235 0.70588235
v 4045.48132206 9762.43517654 -6523.05063904 0.70588235 0.70588235 0.70588235
v 3885.64064606 9561.90054148 -6389.05767973 0.70588235 0.70588235 0.70588235
v 3631.37084990 9389.69754642 -6273.99531704 0.70588235 0.70588235 0.70588235
v 3300.00000000 9257.56154090 -6185.70486085 0.70588235 0.70588235 0.70588235
v 2914.11047216 9174.49737533 -6130.20315984 0.70588235 0.70588235 0.70588235
v 2500.00000000 9146.16573533 -6111.27256322 0.70588235 0.70588235 0.70588235
v 2085.88952784 9174.49737533 -6130.20315984 0.70588235 0.70588235 0.70588235
v 1700.00000000 9257.56154090 -6185.70486085 0.70588235 0.70588235 0.70588235
v 1368.62915010 9389.69754642 -6273.99531704 0.70588235 0.70588235 0.70588235
v 1114.35935394 9561.90054148 -6389.05767973 0.70588235 0.70588235 0.70588235
v 954.51867794 9762.43517654 -6523.05063904 0.70588235 0.70588235 0.70588235
v 900.00000000 9977.63534763 -6666.84279624 0.70588235 0.70588235 0.70588235
v 954.51867794 10192.83551872 -6810.63495343 0.70588235 0.70588235 0.70588235
v 1114.35935394 10393.37015378 -6944.62791275 0.70588235 0.70588235 0.70588235
v 1368.62915010 10565.57314884 -7059.69027543 0.70588235 0.70588235 0.70588235
v 1700.00000000 10697.70915436 -7147.98073162 0.70588235 0.70588235 0.70588235
v 2085.88952784 10780.77331993 -7203.48243263 0.70588235 0.70588235 0.70588235
v 2500.00000000 11258.33024920 -6500.00000000 0.70588235 0.70588235 0.70588235
v 2914.11047216 11228.82114915 -6482.96291314 0.70588235 0.70588235 0.70588235
v 3300.00000000 11142.30484541 -6433.01270189 0.70588235 0.70588235 0.70588235
v 3631.37084990 11004.67728111 -6353.55339059 0.70588235 0.70588235 0.70588235
v 3885.64064606 10825.31754731 -6250.00000000 0.70588235 0.70588235 0.70588235
v 4045.48132206 10616.44871346 -6129.40952255 0.70588235 0.70588235 0.70588235
v 4100.00000000 10392.30484541 -6000.00000000 0.70588235 0.70588235 0.70588235
v 4045.48132206 10168.16097737 -5870.59047745 0.70588235 0.70588235 0.70588235
v 3885.64064606 9959.29214352 -5750.00000000 0.70588235 0.70588235 0.70588235
v 3631.37084990 9779.93240972 -5646.44660941 0.70588235 0.70588235 0.70588235
v 3300.00000000 9642.30484541 -5566.98729811 0.70588235 0.70588235 0.70588235
v 2914.11047216 9555.78854168 -5517.03708686 0.70588235 0.70588235 0.70588235
v 2500.00000000 9526.27944163 -5500.00000000 0.70588235 0.70588235 0.70588235
v 2085.88952784 9555.78854168 -5517.03708686 0.70588235 0.70588235 0.70588235
v 1700.00000000 9642.30484541 -5566.98729811 0.70588235 0.70588235 0.70588235
v 1368.62915010 9779.93240972 -5646.44660941 0.70588235 0.70588235 0.70588235
v 1114.35935394 9959.29214352 -5750.00000000 0.70588235 0.70588235 0.70588235
v 954.51867794 10168.16097737 -5870.59047745 0.70588235 0.70588235 0.70588235
v 900.00000000 10392.30484541 -6000.00000000 0.70588235 0.70588235 0.70588235
v 954.51867794 10616.44871346 -6129.40952255 0.70588235 0.70588235 0.70588235
v 1114.35935394 10825.31754731 -6250.00000000 0.70588235 0.70588235 0.70588235
v 1368.62915010 11004.67728111 -6353.55339059 0.70588235 0.70588235 0.70588235
v 1700.00000000 11142.30484541 -6433.01270189 0.70588235 0.70588235 0.70588235
v 2085.88952784 11228.82114915 -6482.96291314 0.70588235 0.70588235 0.70588235
v 2500.00000000 11659.34563992 -5749.75297285 0.70588235 0.70588235 0.70588235
v 2914.11047216 11628.78544233 -5734.68235119 0.70588235 0.70588235 0.70588235
v 3300.00000000 11539.18747652 -5690.49752416 0.70588235 0.70588235 0.70588235
v 3631.37084990 11396.65769579 -5620.20961472 0.70588235 0.70588235 0.70588235
v 3885.64064606 11210.90926916 -5528.60862774 0.70588235 0.70588235 0.70588235
v 4045.48132206 10994.60064493 -5421.93701909 0.70588235 0.70588235 0.70588235
v 4100.00000000 10762.47289839 -5307.46428263 0.70588235 0.70588235 0.70588235
v 4045.48132206 10530.34515185 -5192.99154617 0.70588235 0.70588235 0.70588235
v 3885.64064606 10314.03652763 -5086.31993752 0.70588235 0.70588235 0.70588235
v 3631.37084990 10128.28810099 -4994.71895053 0.70588235 0.70588235 0.70588235
v 3300.00000000 9985.75832026 -4924.43104109 0.70588235 0.70588235 0.70588235
v 2914.11047216 9896.16035445 -4880.24621407 0.70588235 0.70588235 0.70588235
v 2500.00000000 9865.60015686 -4865.17559241 0.70588235 0.70588235 0.70588235
v 2085.88952784 9896.16035445 -4880.24621407 0.70588235 0.70588235 0.70588235
v 1700.00000000 9985.75832026 -4924.43104109 0.70588235 0.70588235 0.70588235
v 1368.62915010 10128.28810099 -4994.71895053 0.70588235 0.70588235 0.70588235
v 1114.35935394 10314.03652763 -5086.31993752 0.70588235 0.70588235 0.70588235
v 954.51867794 10530.34515185 -5192.99154617 0.70588235 0.70588235 0.70588235
v 900.00000000 10762.47289839 -5307.46428263 0.70588235 0.70588235 0.70588235
v 954.51867794 10994.60064493 -5421.93701909 0.70588235 0.70588235 0.70588235
v 1114.35935394 11210.90926916 -5528.60862774 0.70588235 0.70588235 0.70588235
v 1368.62915010 11396.65769579 -5620.20961472 0.70588235 0.70588235 0.70588235
v 1700.00000000 11539.18747652 -5690.49752416 0.70588235 0.70588235 0.70588235
v 2085.88952784 11628.78544233 -5734.68235119 0.70588235 0.70588235 0.70588235
v 2500.00000000 12010.43392265 -4974.88462075 0.70588235 0.70588235 0.70588235
v 2914.11047216 11978.95349097 -4961.84499900 0.70588235 0.70588235 0.70588235
v 3300.00000000 11886.65753533 -4923.61476242 0.70588235 0.70588235 0.70588235
v 3631.37084990 11739.83587257 -4862.79923845 0.70588235 0.70588235 0.70588235
v 3885.64064606 11548.49415639 -4783.54290456 0.70588235 0.70588235 0.70588235
v 4045.48132206 11325.67200853 -4691.24694892 0.70588235 0.70588235 0.70588235
v 4100.00000000 11086.55439014 -4592.20118838 0.70588235 0.70588235 0.70588235
v 4045.48132206 10847.43677174 -4493.15542784 0.70588235 0.70588235 0.70588235
v 3885.64064606 10624.61462388 -4400.85947220 0.70588235 0.70588235 0.70588235
v 3631.37084990 10433.27290770 -4321.60313831 0.70588235 0.70588235 0.70588235
v 3300.00000000 10286.45124494 -4260.78761435 0.70588235 0.70588235 0.70588235
v 2914.11047216 10194.15528930 -4222.55737777 0.70588235 0.70588235 0.70588235
v 2500.00000000 10162.67485762 -4209.51775602 0.70588235 0.70588235 0.70588235
v 2085.88952784 10194.15528930 -4222.55737777 0.70588235 0.70588235 0.70588235
v 1700.00000000 10286.45124494 -4260.78761435 0.70588235 0.70588235 0.70588235
v 1368.62915010 10433.27290770 -4321.60313831 0.70588235 0.70588235 0.70588235
v 1114.35935394 10624.61462388 -4400.85947220 0.70588235 0.70588235 0.70588235
v 954.51867794 10847.43677174 -4493.15542784 0.70588235 0.70588235 0.70588235
v 900.00000000 11086.55439014 -4592.20118838 0.70588235 0.70588235 0.70588235
v 954.51867794 11325.67200853 -4691.24694892 0.70588235 0.70588235 0.70588235
v 1114.35935394 11548.49415639 -4783.54290456 0.70588235 0.70588235 0.70588235
v 1368.62915010 11739.83587257 -4862.79923845 0.70588235 0.70588235 0.70588235
v 1700.00000000 11886.65753533 -4923.61476242 0.70588235 0.70588235 0.70588235
v 2085.88952784 11978.95349097 -4961.84499900 0.70588235 0.70588235 0.70588235
v 2500.00000000 12310.09168344 -4178.71304894 0.70588235 0.70588235 0.70588235
v 2914.11047216 12277.82582171 -4167.76026476 0.70588235 0.70588235 0.70588235
v 3300.00000000 12183.22710169 -4135.64832637 0.70588235 0.70588235 0.70588235
v 3631.37084990 12032.74226982 -4084.56560929 0.70588235 0.70588235 0.70588235
v 3885.64064606 11836.62661869 -4017.99331629 0.70588235 0.70588235 0.70588235
v 4045.48132206 11608.24510584 -3940.46823911 0.70588235 0.70588235 0.70588235
v 4100.00000000 11363.16155394 -3857.27358364 0.70588235 0.70588235 0.70588235
v 4045.48132206 11118.07800205 -3774.07892817 0.70588235 0.70588235 0.70588235
v 3885.64064606 10889.69648919 -3696.55385099 0.70588235 0.70588235 0.70588235
v 3631.37084990 10693.58083807 -3629.98155798 0.70588235 0.70588235 0.70588235
v 3300.00000000 10543.09600619 -3578.89884091 0.70588235 0.70588235 0.70588235
v 2914.11047216 10448.49728617 -3546.78690251 0.70588235 0.70588235 0.70588235
v 2500.00000000 10416.23142445 -3535.83411833 0.70588235 0.70588235 0.70588235
v 2085.88952784 10448.49728617 -3546.78690251 0.70588235 0.70588235 0.70588235
v 1700.00000000 10543.09600619 -3578.89884091 0.70588235 0.70588235 0.70588235
v 1368.62915010 10693.58083807 -3629.98155798 0.70588235 0.70588235 0.70588235
v 1114.35935394 10889.69648919 -3696.55385099 0.70588235 0.70588235 0.70588235
v 954.51867794 11118.07800205 -3774.07892817 0.70588235 0.70588235 0.70588235
v 900.00000000 11363.16155394 -3857.27358364 0.70588235 0.70588235 0.70588235
v 954.51867794 11608.24510584 -3940.46823911 0.70588235 0.70588235 0.70588235
v 1114.35935394 11836.62661869 -4017.99331629 0.70588235 0.70588235 0.70588235
v 1368.62915010 12032.74226982 -4084.56560929 0.70588235 0.70588235 0.70588235
v 1700.00000000 12183.22710169 -4135.64832637 0.70588235 0.70588235 0.70588235
v 2085.88952784 12277.82582171 -4167.76026476 0.70588235 0.70588235 0.70588235
v 2500.00000000 12557.03574176 -3364.64758633 0.70588235 0.70588235 0.70588235
v 2914.11047216 12524.12261736 -3355.82854123 0.70588235 0.70588235 0.70588235
v 3300.00000000 12427.62621921 -3329.97240927 0.70588235 0.70588235 0.70588235
v 3631.37084990 12274.12261736 -3288.84124312 0.70588235 0.70588235 0.70588235
v 3885.64064606 12074.07282861 -3235.23806378 0.70588235 0.70588235 0.70588235
v 4045.48132206 11841.10991547 -3172.81583934 0.70588235 0.70588235 0.70588235
v 4100.00000000 11591.10991547 -3105.82854123 0.70588235 0.70588235 0.70588235
v 4045.48132206 11341.10991547 -3038.84124312 0.70588235 0.70588235 0.70588235
v 3885.64064606 11108.14700232 -2976.41901868 0.70588235 0.70588235 0.70588235
v 3631.37084990 10908.09721358 -2922.81583934 0.70588235 0.70588235 0.70588235
v 3300.00000000 10754.59361173 -2881.68467319 0.70588235 0.70588235 0.70588235
v 2914.11047216 10658.09721358 -2855.82854123 0.70588235 0.70588235 0.70588235
v 2500.00000000 10625.18408918 -2847.00949613 0.70588235 0.70588235 0.70588235
v 2085.88952784 10658.09721358 -2855.82854123 0.70588235 0.70588235 0.70588235
v 1700.00000000 10754.59361173 -2881.68467319 0.70588235 0.70588235 0.70588235
v 1368.62915010 10908.09721358 -2922.81583934 0.70588235 0.70588235 0.70588235
v 1114.35935394 11108.14700232 -2976.41901868 0.70588235 0.70588235 0.70588235
v 954.51867794 11341.10991547 -3038.84124312 0.70588235 0.70588235 0.70588235
v 900.00000000 11591.10991547 -3105.82854123 0.70588235 0.70588235 0.70588235
v 954.51867794 11841.10991547 -3172.81583934 0.70588235 0.70588235 0.70588235
v 1114.35935394 12074.07282861 -3235.23806378 0.70588235 0.70588235 0.70588235
v 1368.62915010 12274.12261736 -3288.84124312 0.70588235 0.70588235 0.70588235
v 1700.00000000 12427.62621921 -3329.97240927 0.70588235 0.70588235 0.70588235
v 2085.88952784 12524.12261736 -3355.82854123 0.70588235 0.70588235 0.70588235
v 2500.00000000 12750.20864524 -2536.17418621 0.70588235 0.70588235 0.70588235
v 2914.11047216 12716.78919722 -2529.52664469 0.70588235 0.70588235 0.70588235
v 3300.00000000 12618.80833333 -2510.03703909 0.70588235 0.70588235 0.70588235
v 3631.37084990 12462.94328750 -2479.03355384 0.70588235 0.70588235 0.70588235
v 3885.64064606 12259.81600504 -2438.62902520 0.70588235 0.70588235 0.70588235
v 4045.48132206 12023.26927456 -2391.57695505 0.70588235 0.70588235 0.70588235
v 4100.00000000 11769.42336484 -2341.08386419 0.70588235 0.70588235 0.70588235
v 4045.48132206 11515.57745511 -2290.59077334 0.70588235 0.70588235 0.70588235
v 3885.64064606 11279.03072464 -2243.53870319 0.70588235 0.70588235 0.70588235
v 3631.37084990 11075.90344218 -2203.13417455 0.70588235 0.70588235 0.70588235
v 3300.00000000 10920.03839635 -2172.13068930 0.70588235 0.70588235 0.70588235
v 2914.11047216 10822.05753245 -2152.64108370 0.70588235 0.70588235 0.70588235
v 2500.00000000 10788.63808444 -2145.99354218 0.70588235 0.70588235 0.70588235
v 2085.88952784 10822.05753245 -2152.64108370 0.70588235 0.70588235 0.70588235
v 1700.00000000 10920.03839635 -2172.13068930 0.70588235 0.70588235 0.70588235
v 1368.62915010 11075.90344218 -2203.13417455 0.70588235 0.70588235 0.70588235
v 1114.35935394 11279.03072464 -2243.53870319 0.70588235 0.70588235 0.70588235
v 954.51867794 11515.57745511 -2290.59077334 0.70588235 0.70588235 0.70588235
v 900.00000000 11769.42336484 -2341.08386419 0.70588235 0.70588235 0.70588235
v 954.51867794 12023.26927456 -2391.57695505 0.70588235 0.70588235 0.70588235
v 1114.35935394 12259.81600504 -2438.62902520 0.70588235 0.70588235 0.70588235
v 1368.62915010 12462.94328750 -2479.03355384 0.70588235 0.70588235 0.70588235
v 1700.00000000 12618.80833333 -2510.03703909 0.70588235 0.70588235 0.70588235
v 2085.88952784 12716.78919722 -2529.52664469 0.70588235 0.70588235 0.70588235
v 2500.00000000 12888.78319786 -1696.84049886 0.70588235 0.70588235 0.70588235
v 2914.11047216 12855.00053343 -1692.39292671 0.70588235 0.70588235 0.70588235
v 3300.00000000 12755.95477289 -1679.35330496 0.70588235 0.70588235 0.70588235
v 3631.37084990 12598.39572114 -1658.61026228 0.70588235 0.70588235 0.70588235
v 3885.64064606 12393.06076717 -1631.57740275 0.70588235 0.70588235 0.70588235
v 4045.48132206 12153.94314878 -1600.09697107 0.70588235 0.70588235 0.70588235
v 4100.00000000 11897.33833649 -1566.31430664 0.70588235 0.70588235 0.70588235
v 4045.48132206 11640.73352419 -1532.53164221 0.70588235 0.70588235 0.70588235
v 3885.64064606 11401.61590580 -1501.05121053 0.70588235 0.70588235 0.70588235
v 3631.37084990 11196.28095184 -1474.01835100 0.70588235 0.70588235 0.70588235
v 3300.00000000 11038.72190008 -1453.27530832 0.70588235 0.70588235 0.70588235
v 2914.11047216 10939.67613954 -1440.23568657 0.70588235 0.70588235 0.70588235
v 2500.00000000 10905.89347511 -1435.78811442 0.70588235 0.70588235 0.70588235
v 2085.88952784 10939.67613954 -1440.23568657 0.70588235 0.70588235 0.70588235
v 1700.00000000 11038.72190008 -1453.27530832 0.70588235 0.70588235 0.70588235
v 1368.62915010 11196.28095184 -1474.01835100 0.70588235 0.70588235 0.70588235
v 1114.35935394 11401.61590580 -1501.05121053 0.70588235 0.70588235 0.70588235
v 954.51867794 11640.73352419 -1532.53164221 0.70588235 0.70588235 0.70588235
v 900.00000000 11897.33833649 -1566.31430664 0.70588235 0.70588235 0.70588235
v 954.51867794 12153.94314878 -1600.09697107 0.70588235 0.70588235 0.70588235
v 1114.35935394 12393.06076717 -1631.57740275 0.70588235 0.70588235 0.70588235
v 1368.62915010 12598.39572114 -1658.61026228 0.70588235 0.70588235 0.70588235
v 1700.00000000 12755.95477289 -1679.35330496 0.70588235 0.70588235 0.70588235
v 2085.88952784 12855.00053343 -1692.39292671 0.70588235 0.70588235 0.70588235
v 2500.00000000 12972.16600210 -850.24067999 0.70588235 0.70588235 0.70588235
v 2914.11047216 12938.16478381 -848.01212241 0.70588235 0.70588235 0.70588235
v 3300.00000000 12838.47825578 -841.47832216 0.70588235 0.70588235 0.70588235
v 3631.37084990 12679.89989015 -831.08454695 0.70588235 0.70588235 0.70588235
v 3885.64064606 12473.23654048 -817.53911538 0.70588235 0.70588235 0.70588235
v 4045.48132206 12232.57197252 -801.76512622 0.70588235 0.70588235 0.70588235
v 4100.00000000 11974.30707886 -784.83755076 0.70588235 0.70588235 0.70588235
v 4045.48132206 11716.04218520 -767.90997531 0.70588235 0.70588235 0.70588235
v 3885.64064606 11475.37761724 -752.13598615 0.70588235 0.70588235 0.70588235
v 3631.37084990 11268.71426757 -738.59055457 0.70588235 0.70588235 0.70588235
v 3300.00000000 11110.13590195 -728.19677936 0.70588235 0.70588235 0.70588235
v 2914.11047216 11010.44937391 -721.66297912 0.70588235 0.70588235 0.70588235
v 2500.00000000 10976.44815562 -719.43442153 0.70588235 0.70588235 0.70588235
v 2085.88952784 11010.44937391 -721.66297912 0.70588235 0.70588235 0.70588235
v 1700.00000000 11110.13590195 -728.19677936 0.70588235 0.70588235 0.70588235
v 1368.62915010 11268.71426757 -738.59055457 0.70588235 0.70588235 0.70588235
v 1114.35935394 11475.37761724 -752.13598615 0.70588235 0.70588235 0.70588235
v 954.51867794 11716.04218520 -767.90997531 0.70588235 0.70588235 0.70588235
v 900.00000000 11974.30707886 -784.83755076 0.70588235 0.70588235 0.70588235
v 954.51867794 12232.57197252 -801.76512622 0.70588235 0.70588235 0.70588235
v 1114.35935394 12473.23654048 -817.53911538 0.70588235 0.70588235 0.70588235
v 1368.62915010 12679.89989015 -831.08454695 0.70588235 0.70588235 0.70588235
v 1700.00000000 12838.47825578 -841.47832216 0.70588235 0.70588235 0.70588235
v 2085.88952784 12938.16478381 -848.01212241 0.70588235 0.70588235 0.70588235
v 2500.00000000 13000.00000000 -0.00000000 0.70588235 0.70588235 0.70588235
v 2914.11047216 12965.92582629 -0.00000000 0.70588235 0.70588235 0.70588235
v 3300.00000000 12866.02540378 -0.00000000 0.70588235 0.70588235 0.70588235
v 3631.37084990 12707.10678119 -0.00000000 0.70588235 0.70588235 0.70588235
v 3885.64064606 12500.00000000 -0.00000000 0.70588235 0.70588235 0.70588235
v 4045.48132206 12258.81904510 -0.00000000 0.70588235 0.70588235 0.70588235
v 4100.00000000 12000.00000000 -0.00000000 0.70588235 0.70588235 0.70588235
v 4045.48132206 11741.18095490 -0.00000000 0.70588235 0.70588235 0.70588235
v 3885.64064606 11500.00000000 -0.00000000 0.70588235 0.70588235 0.70588235
v 3631.37084990 11292.89321881 -0.00000000 0.70588235 0.70588235 0.70588235
v 3300.00000000 11133.97459622 -0.00000000 0.70588235 0.70588235 0.70588235
v 2914.11047216 11034.07417371 -0.00000000 0.70588235 0.70588235 0.70588235
v 2500.00000000 11000.00000000 -0.00000000 0.70588235 0.70588235 0.70588235
v 2085.88952784 11034.07417371 -0.00000000 0.70588235 0.70588235 0.70588235
v 1700.00000000 11133.97459622 -0.00000000 0.70588235 0.70588235 0.70588235
v 1368.62915010 11292.89321881 -0.00000000 0.70588235 0.70588235 0.70588235
v 1114.35935394 11500.00000000 -0.00000000 0.70588235 0.70588235 0.70588235
v 954.51867794 11741.18095490 -0.00000000 0.70588235 0.70588235 0.70588235
v 900.00000000 12000.00000000 -0.00000000 0.70588235 0.70588235 0.70588235
v 954.51867794 12258.81904510 -0.00000000 0.70588235 0.70588235 0.70588235
v 1114.35935394 12500.00000000 -0.00000000 0.70588235 0.70588235 0.70588235
v 1368.62915010 12707.10678119 -0.00000000 0.70588235 0.70588235 0.70588235
v 1700.00000000 12866.02540378 -0.00000000 0.70588235 0.70588235 0.70588235
v 2085.88952784 12965.92582629 -0.00000000 0.70588235 0.70588235 0.70588235
v 2500.00000000 12972.16600210 850.24067999 0.70588235 0.70588235 0.70588235
v 2914.11047216 12938.16478381 848.01212241 0.70588235 0.70588235 0.70588235
v 3300.00000000 12838.47825578 841.47832216 0.70588235 0.70588235 0.70588235
v 3631.37084990 12679.89989015 831.08454695 0.70588235 0.70588235 0.70588235
v 3885.64064606 12473.23654048 817.53911538 0.70588235 0.70588235 0.70588235
v 4045.48132206 12232.57197252 801.76512622 0.70588235 0.70588235 0.70588235
v 4100.00000000 11974.30707886 784.83755076 0.70588235 0.70588235 0.70588235
v 4045.48132206 11716.04218520 767.90997531 0.70588235 0.70588235 0.70588235
v 3885.64064606 11475.37761724 752.13598615 0.70588235 0.70588235 0.70588235
v 3631.37084990 11268.71426757 738.59055457 0.70588235 0.70588235 0.70588235
v 3300.00000000 11110.13590195 728.19677936 0.70588235 0.70588235 0.70588235
v 2914.11047216 11010.44937391 721.66297912 0.70588235 0.70588235 0.70588235
v 2500.00000000 10976.44815562 719.43442153 0.70588235 0.70588235 0.70588235
v 2085.88952784 11010.44937391 721.66297912 0.70588235 0.70588235 0.70588235
v 1700.00000000 11110.13590195 728.19677936 0.70588235 0.70588235 0.70588235
v 1368.62915010 11268.71426757 738.59055457 0.70588235 0.70588235 0.70588235
v 1114.35935394 11475.37761724 752.13598615 0.70588235 0.70588235 0.70588235
v 954.51867794 11716.04218520 767.90997531 0.70588235 0.70588235 0.70588235
v 900.00000000 11974.30707886 784.83755076 0.70588235 0.70588235 0.70588235
v 954.51867794 12232.57197252 801.76512622 0.70588235 0.70588235 0.70588235
v 1114.35935394 12473.23654048 817.53911538 0.70588235 0.70588235 0.70588235
v 1368.62915010 12679.89989015 831.08454695 0.70588235 0.70588235 0.70588235
v 1700.00000000 12838.47825578 841.47832216 0.70588235 0.70588235 0.70588235
v 2085.88952784 12938.16478381 848.01212241 0.70588235 0.70588235 0.70588235
v 2500.00000000 12888.78319786 1696.84049886 0.70588235 0.70588235 0.70588235
v 2914.11047216 12855.00053343 1692.39292671 0.70588235 0.70588235 0.70588235
v 3300.00000000 12755.95477289 1679.35330496 0.70588235 0.70588235 0.70588235
v 3631.37084990 12598.39572114 1658.61026228 0.70588235 0.70588235 0.70588235
v 3885.64064606 12393.06076717 1631.57740275 0.70588235 0.70588235 0.70588235
v 4045.48132206 12153.94314878 1600.09697107 0.70588235 0.70588235 0.70588235
v 4100.00000000 11897.33833649 1566.31430664 0.70588235 0.70588235 0.70588235
v 4045.48132206 11640.73352419 1532.53164221 0.70588235 0.70588235 0.70588235
v 3885.64064606 11401.61590580 1501.05121053 0.70588235 0.70588235 0.70588235
v 3631.37084990 11196.28095184 1474.01835100 0.70588235 0.70588235 0.70588235
v 3300.00000000 11038.72190008 1453.27530832 0.70588235 0.70588235 0.70588235
v 2914.11047216 10939.67613954 1440.23568657 0.70588235 0.70588235 0.70588235
v 2500.00000000 10905.89347511 1435.78811442 0.70588235 0.70588235 0.70588235
v 2085.88952784 10939.67613954 1440.23568657 0.70588235 0.70588235 0.70588235
v 1700.00000000 11038.72190008 1453.27530832 0.70588235 0.70588235 0.70588235
v 1368.62915010 11196.28095184 1474.01835100 0.70588235 0.70588235 0.70588235
v 1114.35935394 11401.61590580 1501.05121053 0.70588235 0.70588235 0.70588235
v 954.51867794 11640.73352419 1532.53164221 0.70588235 0.70588235 0.70588235
v 900.00000000 11897.33833649 1566.31430664 0.70588235 0.70588235 0.70588235
v 954.51867794 12153.94314878 1600.09697107 0.70588235 0.70588235 0.70588235
v 1114.35935394 12393.06076717 1631.57740275 0.70588235 0.70588235 0.70588235
v 1368.62915010 12598.39572114 1658.61026228 0.70588235 0.70588235 0.70588235
v 1700.00000000 12755.95477289 1679.35330496 0.70588235 0.70588235 0.70588235
v 2085.88952784 12855.00053343 1692.39292671 0.70588235 0.70588235 0.70588235
v 2500.00000000 12750.20864524 2536.17418621 0.70588235 0.70588235 0.70588235
v 2914.11047216 12716.78919722 2529.52664469 0.70588235 0.70588235 0.70588235
v 3300.00000000 12618.80833333 2510.03703909 0.70588235 0.70588235 0.70588235
v 3631.37084990 12462.94328750 2479.03355384 0.70588235 0.70588235 0.70588235
v 3885.64064606 12259.81600504 2438.62902520 0.70588235 0.70588235 0.70588235
v 4045.48132206 12023.26927456 2391.57695505 0.70588235 0.70588235 0.70588235
v 4100.00000000 11769.42336484 2341.08386419 0.70588235 0.70588235 0.70588235
v 4045.48132206 11515.57745511 2290.59077334 0.70588235 0.70588235 0.70588235
v 3885.64064606 11279.03072464 2243.53870319 0.70588235 0.70588235 0.70588235
v 3631.37084990 11075.90344218 2203.13417455 0.70588235 0.70588235 0.70588235
v 3300.00000000 10920.03839635 2172.13068930 0.70588235 0.70588235 0.70588235
v 2914.11047216 10822.05753245 2152.64108370 0.70588235 0.70588235 0.70588235
v 2500.00000000 10788.63808444 2145.99354218 0.70588235 0.70588235 0.70588235
v 2085.88952784 10822.05753245 2152.64108370 0.70588235 0.70588235 0.70588235
v 1700.00000000 10920.03839635 2172.13068930 0.70588235 0.70588235 0.70588235
v 1368.62915010 11075.90344218 2203.13417455 0.70588235 0.70588235 0.70588235
v 1114.35935394 11279.03072464 2243.53870319 0.70588235 0.70588235 0.70588235
v 954.51867794 11515.57745511 2290.59077334 0.70588235 0.70588235 0.70588235
v 900.00000000 11769.42336484 2341.08386419 0.70588235 0.70588235 0.70588235
v 954.51867794 12023.26927456 2391.57695505 0.70588235 0.70588235 0.70588235
v 1114.35935394 12259.81600504 2438.62902520 0.70588235 0.70588235 0.70588235
v 1368.62915010 12462.94328750 2479.03355384 0.70588235 0.70588235 0.70588235
v 1700.00000000 12618.80833333 2510.03703909 0.70588235 0.70588235 0.70588235
v 2085.88952784 12716.78919722 2529.52664469 0.70588235 0.70588235 0.70588235
v 2500.00000000 12557.03574176 3364.64758633 0.70588235 0.70588235 0.70588235
v 2914.11047216 12524.12261736 3355.82854123 0.70588235 0.70588235 0.70588235
v 3300.00000000 12427.62621921 3329.97240927 0.70588235 0.70588235 0.70588235
v 3631.37084990 12274.12261736 3288.84124312 0.70588235 0.70588235 0.70588235
v 3885.64064606 12074.07282861 3235.23806378 0.70588235 0.70588235 0.70588235
v 4045.48132206 11841.10991547 3172.81583934 0.70588235 0.70588235 0.70588235
v 4100.00000000 11591.10991547 3105.82854123 0.70588235 0.70588235 0.70588235
v 4045.48132206 11341.10991547 3038.84124312 0.70588235 0.70588235 0.70588235
v 3885.64064606 11108.14700232 2976.41901868 0.70588235 0.70588235 0.70588235
v 3631.37084990 10908.09721358 2922.81583934 0.70588235 0.70588235 0.70588235
v 3300.00000000 10754.59361173 2881.68467319 0.70588235 0.70588235 0.70588235
v 2914.11047216 10658.09721358 2855.82854123 0.70588235 0.70588235 0.70588235
v 2500.00000000 10625.18408918 2847.00949613 0.70588235 0.70588235 0.70588235
v 2085.88952784 10658.09721358 2855.82854123 0.70588235 0.70588235 0.70588235
v 1700.00000000 10754.59361173 2881.68467319 0.70588235 0.70588235 0.70588235
v 1368.62915010 10908.09721358 2922.81583934 0.70588235 0.70588235 0.70588235
v 1114.35935394 11108.14700232 2976.41901868 0.70588235 0.70588235 0.70588235
v 954.51867794 11341.10991547 3038.84124312 0.70588235 0.70588235 0.70588235
v 900.00000000 11591.10991547 3105.82854123 0.70588235 0.70588235 0.70588235
v 954.51867794 11841.10991547 3172.81583934 0.70588235 0.70588235 0.70588235
v 1114.35935394 12074.07282861 3235.23806378 0.70588235 0.70588235 0.70588235
v 1368.62915010 12274.12261736 3288.84124312 0.70588235 0.70588235 0.70588235
v 1700.00000000 12427.62621921 3329.97240927 0.70588235 0.70588235 0.70588235
v 2085.88952784 12524.12261736 3355.82854123 0.70588235 0.70588235 0.70588235
v 2500.00000000 12310.09168344 4178.71304894 0.70588235 0.70588235 0.70588235
v 2914.11047216 12277.82582171 4167.76026476 0.70588235 0.70588235 0.70588235
v 3300.00000000 12183.22710169 4135.64832637 0.70588235 0.70588235 0.70588235
v 3631.37084990 12032.74226982 4084.56560929 0.70588235 0.70588235 0.70588235
v 3885.64064606 11836.62661869 4017.99331629 0.70588235 0.70588235 0.70588235
v 4045.48132206 11608.24510584 3940.46823911 0.70588235 0.70588235 0.70588235
v 4100.00000000 11363.16155394 3857.27358364 0.70588235 0.70588235 0.70588235
v 4045.48132206 11118.07800205 3774.07892817 0.70588235 0.70588235 0.70588235
v 3885.64064606 10889.69648919 3696.55385099 0.70588235 0.70588235 0.70588235
v 3631.37084990 10693.58083807 3629.98155798 0.70588235 0.70588235 0.70588235
v 3300.00000000 10543.09600619 3578.89884091 0.70588235 0.70588235 0.70588235
v 2914.11047216 10448.49728617 3546.78690251 0.70588235 0.70588235 0.70588235
v 2500.00000000 10416.23142445 3535.83411833 0.70588235 0.70588235 0.70588235
v 2085.88952784 10448.49728617 3546.78690251 0.70588235 0.70588235 0.70588235
v 1700.00000000 10543.09600619 3578.89884091 0.70588235 0.70588235 0.70588235
v 1368.62915010 10693.58083807 3629.98155798 0.70588235 0.70588235 0.70588235
v 1114.35935394 10889.69648919 3696.55385099 0.70588235 0.70588235 0.70588235
v 954.51867794 11118.07800205 3774.07892817 0.70588235 0.70588235 0.70588235
v 900.00000000 11363.16155394 3857.27358364 0.70588235 0.70588235 0.70588235
v 954.51867794 11608.24510584 3940.46823911 0.70588235 0.70588235 0.70588235
v 1114.35935394 11836.62661869 4017.99331629 0.70588235 0.70588235 0.70588235
v 1368.62915010 12032.74226982 4084.56560929 0.70588235 0.70588235 0.70588235
v 1700.00000000 12183.22710169 4135.64832637 0.70588235 0.70588235 0.70588235
v 2085.88952784 12277.82582171 4167.76026476 0.70588235 0.70588235 0.70588235
v 2500.00000000 12010.43392265 4974.88462075 0.70588235 0.70588235 0.70588235
v 2914.11047216 11978.95349097 4961.84499900 0.70588235 0.70588235 0.70588235
v 3300.00000000 11886.65753533 4923.61476242 0.70588235 0.70588235 0.70588235
v 3631.37084990 11739.83587257 4862.79923845 0.70588235 0.70588235 0.70588235
v 3885.64064606 11548.49415639 4783.54290456 0.70588235 0.70588235 0.70588235
v 4045.48132206 11325.67200853 4691.24694892 0.70588235 0.70588235 0.70588235
v 4100.00000000 11086.55439014 4592.20118838 0.70588235 0.70588235 0.70588235
v 4045.48132206 10847.43677174 4493.15542784 0.70588235 0.70588235 0.70588235
v 3885.64064606 10624.61462388 4400.85947220 0.70588235 0.70588235 0.70588235
v 3631.37084990 10433.27290770 4321.60313831 0.70588235 0.70588235 0.70588235
v 3300.00000000 10286.45124494 4260.78761435 0.70588235 0.70588235 0.70588235
v 2914.11047216 10194.15528930 4222.55737777 0.70588235 0.70588235 0.70588235
v 2500.00000000 10162.67485762 4209.51775602 0.70588235 0.70588235 0.70588235
v 2085.88952784 10194.15528930 4222.55737777 0.70588235 0.70588235 0.70588235
v 1700.00000000 10286.45124494 4260.78761435 0.70588235 0.70588235 0.70588235
v 1368.62915010 10433.27290770 4321.60313831 0.70588235 0.70588235 0.70588235
v 1114.35935394 10624.61462388 4400.85947220 0.70588235 0.70588235 0.70588235
v 954.51867794 10847.43677174 4493.15542784 0.70588235 0.70588235 0.70588235
v 900.00000000 11086.55439014 4592.20118838 0.70588235 0.70588235 0.70588235
v 954.51867794 11325.67200853 4691.24694892 0.70588235 0.70588235 0.70588235
v 1114.35935394 11548.49415639 4783.54290456 0.70588235 0.70588235 0.70588235
v 1368.62915010 11739.83587257 4862.79923845 0.70588235 0.70588235 0.70588235
v 1700.00000000 11886.65753533 4923.61476242 0.70588235 0.70588235 0.70588235
v 2085.88952784 11978.95349097 4961.84499900 0.70588235 0.70588235 0.70588235
v 2500.00000000 11659.34563992 5749.75297285 0.70588235 0.70588235 0.70588235
v 2914.11047216 11628.78544233 5734.68235119 0.70588235 0.70588235 0.70588235
v 3300.00000000 11539.18747652 5690.49752416 0.70588235 0.70588235 0.70588235
v 3631.37084990 11396.65769579 5620.20961472 0.70588235 0.70588235 0.70588235
v 3885.64064606 11210.90926916 5528.60862774 0.70588235 0.70588235 0.70588235
v 4045.48132206 10994.60064493 5421.93701909 0.70588235 0.70588235 0.70588235
v 4100.00000000 10762.47289839 5307.46428263 0.70588235 0.70588235 0.70588235
v 4045.48132206 10530.34515185 5192.99154617 0.70588235 0.70588235 0.70588235
v 3885.64064606 10314.03652763 5086.31993752 0.70588235 0.70588235 0.70588235
v 3631.37084990 10128.28810099 4994.71895053 0.70588235 0.70588235 0.70588235
v 3300.00000000 9985.75832026 4924.43104109 0.70588235 0.70588235 0.70588235
v 2914.11047216 9896.16035445 4880.24621407 0.70588235 0.70588235 0.70588235
v 2500.00000000 9865.60015686 4865.17559241 0.70588235 0.70588235 0.70588235
v 2085.88952784 9896.16035445 4880.24621407 0.70588235 0.70588235 0.70588235
v 1700.00000000 9985.75832026 4924.43104109 0.70588235 0.70588235 0.70588235
v 1368.62915010 10128.28810099 4994.71895053 0.70588235 0.70588235 0.70588235
v 1114.35935394 10314.03652763 5086.31993752 0.70588235 0.70588235 0.70588235
v 954.51867794 10530.34515185 5192.99154617 0.70588235 0.70588235 0.70588235
v 900.00000000 10762.47289839 5307.46428263 0.70588235 0.70588235 0.70588235
v 954.51867794 10994.60064493 5421.93701909 0.70588235 0.70588235 0.70588235
v 1114.35935394 11210.90926916 5528.60862774 0.70588235 0.70588235 0.70588235
v 1368.62915010 11396.65769579 5620.20961472 0.70588235 0.70588235 0.70588235
v 1700.00000000 11539.18747652 5690.49752416 0.70588235 0.70588235 0.70588235
v 2085.88952784 11628.78544233 5734.68235119 0.70588235 0.70588235 0.70588235
v 2500.00000000 11258.33024920 6500.00000000 0.70588235 0.70588235 0.70588235
v 2914.11047216 11228.82114915 6482.96291314 0.70588235 0.70588235 0.70588235
v 3300.00000000 11142.30484541 6433.01270189 0.70588235 0.70588235 0.70588235
v 3631.37084990 11004.67728111 6353.55339059 0.70588235 0.70588235 0.70588235
v 3885.64064606 10825.31754731 6250.00000000 0.70588235 0.70588235 0.70588235
v 4045.48132206 10616.44871346 6129.40952255 0.70588235 0.70588235 0.70588235
v 4100.00000000 10392.30484541 6000.00000000 0.70588235 0.70588235 0.70588235
v 4045.48132206 10168.16097737 5870.59047745 0.70588235 0.70588235 0.70588235
v 3885.64064606 9959.29214352 5750.00000000 0.70588235 0.70588235 0.70588235
v 3631.37084990 9779.93240972 5646.44660941 0.70588235 0.70588235 0.70588235
v 3300.00000000 9642.30484541 5566.98729811 0.70588235 0.70588235 0.70588235
v 2914.11047216 9555.78854168 5517.03708686 0.70588235 0.70588235 0.70588235
v 2500.00000000 9526.27944163 5500.00000000 0.70588235 0.70588235 0.70588235
v 2085.88952784 9555.78854168 5517.03708686 0.70588235 0.70588235 0.70588235
v 1700.00000000 9642.30484541 5566.98729811 0.70588235 0.70588235 0.70588235
v 1368.62915010 9779.93240972 5646.44660941 0.70588235 0.70588235 0.70588235
v 1114.35935394 9959.29214352 5750.00000000 0.70588235 0.70588235 0.70588235
v 954.51867794 10168.16097737 5870.59047745 0.70588235 0.70588235 0.70588235
v 900.00000000 10392.30484541 6000.00000000 0.70588235 0.70588235 0.70588235
v 954.51867794 10616.44871346 6129.40952255 0.70588235 0.70588235 0.70588235
v 1114.35935394 10825.31754731 6250.00000000 0.70588235 0.70588235 0.70588235
v 1368.62915010 11004.67728111 6353.55339059 0.70588235 0.70588235 0.70588235
v 1700.00000000 11142.30484541 6433.01270189 0.70588235 0.70588235 0.70588235
v 2085.88952784 11228.82114915 6482.96291314 0.70588235 0.70588235 0.70588235
v 2500.00000000 10809.10495993 7222.41302925 0.70588235 0.70588235 0.70588235
v 2914.11047216 10780.77331993 7203.48243263 0.70588235 0.70588235 0.70588235
v 3300.00000000 10697.70915436 7147.98073162 0.70588235 0.70588235 0.70588235
v 3631.37084990 10565.57314884 7059.69027543 0.70588235 0.70588235 0.70588235
v 3885.64064606 10393.37015378 6944.62791275 0.70588235 0.70588235 0.70588235
v 4045.48132206 10192.83551872 6810.63495343 0.70588235 0.70588235 0.70588235
v 4100.00000000 9977.63534763 6666.84279624 0.70588235 0.70588235 0.70588235
v 4045.48132206 9762.43517654 6523.05063904 0.70588235 0.70588235 0.70588235
v 3885.64064606 9561.90054148 6389.05767973 0.70588235 0.70588235 0.70588235
v 3631.37084990 9389.69754642 6273.99531704 0.70588235 0.70588235 0.70588235
v 3300.00000000 9257.56154090 6185.70486085 0.70588235 0.70588235 0.70588235
v 2914.11047216 9174.49737533 6130.20315984 0.70588235 0.70588235 0.70588235
v 2500.00000000 9146.16573533 6111.27256322 0.70588235 0.70588235 0.70588235
v 2085.88952784 9174.49737533 6130.20315984 0.70588235 0.70588235 0.70588235
v 1700.00000000 9257.56154090 6185.70486085 0.70588235 0.70588235 0.70588235
v 1368.62915010 9389.69754642 6273.99531704 0.70588235 0.70588235 0.70588235
v 1114.35935394 9561.90054148 6389.05767973 0.70588235 0.70588235 0.70588235
v 954.51867794 9762.43517654 6523.05063904 0.70588235 0.70588235 0.70588235
v 900.00000000 9977.63534763 6666.84279624 0.70588235 0.70588235 0.70588235
v 954.51867794 10192.83551872 6810.63495343 0.70588235 0.70588235 0.70588235
v 1114.35935394 10393.37015378 6944.62791275 0.70588235 0.70588235 0.70588235
v 1368.62915010 10565.57314884 7059.69027543 0.70588235 0.70588235 0.70588235
v 1700.00000000 10697.70915436 7147.98073162 0.70588235 0.70588235 0.70588235
v 2085.88952784 10780.77331993 7203.48243263 0.70588235 0.70588235 0.70588235
v 2500.00000000 10313.59342379 7913.89857711 0.70588235 0.70588235 0.70588235
v 2914.11047216 10286.56056425 7893.15553443 0.70588235 0.70588235 0.70588235
v 3300.00000000 10207.30423036 7832.34001047 0.70588235 0.70588235 0.70588235
v 3631.37084990 10081.22561029 7735.59648268 0.70588235 0.70588235 0.70588235
v 3885.64064606 9916.91675364 7609.51786261 0.70588235 0.70588235 0.70588235
v 4045.48132206 9725.57503746 7462.69619986 0.70588235 0.70588235 0.70588235
v 4100.00000000 9520.24008349 7305.13714810 0.70588235 0.70588235 0.70588235
v 4045.48132206 9314.90512953 7147.57809635 0.70588235 0.70588235 0.70588235
v 3885.64064606 9123.56341335 7000.75643360 0.70588235 0.70588235 0.70588235
v 3631.37084990 8959.25455670 6874.67781353 0.70588235 0.70588235 0.70588235
v 3300.00000000 8833.17593663 6777.93428574 0.70588235 0.70588235 0.70588235
v 2914.11047216 8753.91960273 6717.11876178 0.70588235 0.70588235 0.70588235
v 2500.00000000 8726.88674320 6696.37571910 0.70588235 0.70588235 0.70588235
v 2085.88952784 8753.91960273 6717.11876178 0.70588235 0.70588235 0.70588235
v 1700.00000000 8833.17593663 6777.93428574 0.70588235 0.70588235 0.70588235
v 1368.62915010 8959.25455670 6874.67781353 0.70588235 0.70588235 0.70588235
v 1114.35935394 9123.56341335 7000.75643360 0.70588235 0.70588235 0.70588235
v 954.51867794 9314.90512953 7147.57809635 0.70588235 0.70588235 0.70588235
v 900.00000000 9520.24008349 7305.13714810 0.70588235 0.70588235 0.70588235
v 954.51867794 9725.57503746 7462.69619986 0.70588235 0.70588235 0.70588235
v 1114.35935394 9916.91675364 7609.51786261 0.70588235 0.70588235 0.70588235
v 1368.62915010 10081.22561029 7735.59648268 0.70588235 0.70588235 0.70588235
v 1700.00000000 10207.30423036 7832.34001047 0.70588235 0.70588235 0.70588235
v 2085.88952784 10286.56056425 7893.15553443 0.70588235 0.70588235 0.70588235
v 2500.00000000 9773.91749723 8571.49559630 0.70588235 0.70588235 0.70588235
v 2914.11047216 9748.29917702 8549.02893246 0.70588235 0.70588235 0.70588235
v 3300.00000000 9673.19006260 8483.16000696 0.70588235 0.70588235 0.70588235
v 3631.37084990 9553.70871598 8378.37767821 0.70588235 0.70588235 0.70588235
v 3885.64064606 9397.99759349 8241.82268875 0.70588235 0.70588235 0.70588235
v 4045.48132206 9216.66815079 8082.80103546 0.70588235 0.70588235 0.70588235
v 4100.00000000 9022.07768975 7912.14978120 0.70588235 0.70588235 0.70588235
v 4045.48132206 8827.48722871 7741.49852694 0.70588235 0.70588235 0.70588235
v 3885.64064606 8646.15778601 7582.47687365 0.70588235 0.70588235 0.70588235
v 3631.37084990 8490.44666351 7445.92188420 0.70588235 0.70588235 0.70588235
v 3300.00000000 8370.96531689 7341.13955545 0.70588235 0.70588235 0.70588235
v 2914.11047216 8295.85620247 7275.27062994 0.70588235 0.70588235 0.70588235
v 2500.00000000 8270.23788227 7252.80396610 0.70588235 0.70588235 0.70588235
v 2085.88952784 8295.85620247 7275.27062994 0.70588235 0.70588235 0.70588235
v 1700.00000000 8370.96531689 7341.13955545 0.70588235 0.70588235 0.70588235
v 1368.62915010 8490.44666351 7445.92188420 0.70588235 0.70588235 0.70588235
v 1114.35935394 8646.15778601 7582.47687365 0.70588235 0.70588235 0.70588235
v 954.51867794 8827.48722871 7741.49852694 0.70588235 0.70588235 0.70588235
v 900.00000000 9022.07768975 7912.14978120 0.70588235 0.70588235 0.70588235
v 954.51867794 9216.66815079 8082.80103546 0.70588235 0.70588235 0.70588235
v 1114.35935394 9397.99759349 8241.82268875 0.70588235 0.70588235 0.70588235
v 1368.62915010 9553.70871598 8378.37767821 0.70588235 0.70588235 0.70588235
v 1700.00000000 9673.19006260 8483.16000696 0.70588235 0.70588235 0.70588235
v 2085.88952784 9748.29917702 8549.02893246 0.70588235 0.70588235 0.70588235
v 2500.00000000 9192.38815543 9192.38815543 0.70588235 0.70588235 0.70588235
v 2914.11047216 9168.29407613 9168.29407613 0.70588235 0.70588235 0.70588235
v 3300.00000000 9097.65380993 9097.65380993 0.70588235 0.70588235 0.70588235
v 3631.37084990 8985.28137424 8985.28137424 0.70588235 0.70588235 0.70588235
v 3885.64064606 8838.83476483 8838.83476483 0.70588235 0.70588235 0.70588235
v 4045.48132206 8668.29407613 8668.29407613 0.70588235 0.70588235 0.70588235
v 4100.00000000 8485.28137424 8485.28137424 0.70588235 0.70588235 0.70588235
v 4045.48132206 8302.26867235 8302.26867235 0.70588235 0.70588235 0.70588235
v 3885.64064606 8131.72798365 8131.72798365 0.70588235 0.70588235 0.70588235
v 3631.37084990 7985.28137424 7985.28137424 0.70588235 0.70588235 0.70588235
v 3300.00000000 7872.90893854 7872.90893854 0.70588235 0.70588235 0.70588235
v 2914.11047216 7802.26867235 7802.26867235 0.70588235 0.70588235 0.70588235
v 2500.00000000 7778.17459305 7778.17459305 0.70588235 0.70588235 0.70588235
v 2085.88952784 7802.26867235 7802.26867235 0.70588235 0.70588235 0.70588235
v 1700.00000000 7872.90893854 7872.90893854 0.70588235 0.70588235 0.70588235
v 1368.62915010 7985.28137424 7985.28137424 0.70588235 0.70588235 0.70588235
v 1114.35935394 8131.72798365 8131.72798365 0.70588235 0.70588235 0.70588235
v 954.51867794 8302.26867235 8302.26867235 0.70588235 0.70588235 0.70588235
v 900.00000000 8485.28137424 8485.28137424 0.70588235 0.70588235 0.70588235
v 954.51867794 8668.29407613 8668.29407613 0.70588235 0.70588235 0.70588235
v 1114.35935394 8838.83476483 8838.83476483 0.70588235 0.70588235 0.70588235
v 1368.62915010 8985.28137424 8985.28137424 0.70588235 0.70588235 0.70588235
v 1700.00000000 9097.65380993 9097.65380993 0.70588235 0.70588235 0.70588235
v 2085.88952784 9168.29407613 9168.29407613 0.70588235 0.70588235 0.70588235
v 2500.00000000 8571.49559630 9773.91749723 0.70588235 0.70588235 0.70588235
v 2914.11047216 8549.02893246 9748.29917702 0.70588235 0.70588235 0.70588235
v 3300.00000000 8483.16000696 9673.19006260 0.70588235 0.70588235 0.70588235
v 3631.37084990 8378.37767821 9553.70871598 0.70588235 0.70588235 0.70588235
v 3885.64064606 8241.82268875 9397.99759349 0.70588235 0.70588235 0.70588235
v 4045.48132206 8082.80103546 9216.66815079 0.70588235 0.70588235 0.70588235
v 4100.00000000 7912.14978120 9022.07768975 0.70588235 0.70588235 0.70588235
v 4045.48132206 7741.49852694 8827.48722871 0.70588235 0.70588235 0.70588235
v 3885.64064606 7582.47687365 8646.15778601 0.70588235 0.70588235 0.70588235
v 3631.37084990 7445.92188420 8490.44666351 0.70588235 0.70588235 0.70588235
v 3300.00000000 7341.13955545 8370.96531689 0.70588235 0.70588235 0.70588235
v 2914.11047216 7275.27062994 8295.85620247 0.70588235 0.70588235 0.70588235
v 2500.00000000 7252.80396610 8270.23788227 0.70588235 0.70588235 0.70588235
v 2085.88952784 7275.27062994 8295.85620247 0.70588235 0.70588235 0.70588235
v 1700.00000000 7341.13955545 8370.96531689 0.70588235 0.70588235 0.70588235
v 1368.62915010 7445.92188420 8490.44666351 0.70588235 0.70588235 0.70588235
v 1114.35935394 7582.47687365 8646.15778601 0.70588235 0.70588235 0.70588235
v 954.51867794 7741.49852694 8827.48722871 0.70588235 0.70588235 0.70588235
v 900.00000000 7912.14978120 9022.07768975 0.70588235 0.70588235 0.70588235
v 954.51867794 8082.80103546 9216.66815079 0.70588235 0.70588235 0.70588235
v 1114.35935394 8241.82268875 9397.99759349 0.70588235 0.70588235 0.70588235
v 1368.62915010 8378.37767821 9553.70871598 0.70588235 0.70588235 0.70588235
v 1700.00000000 8483.16000696 9673.19006260 0.70588235 0.70588235 0.70588235
v 2085.88952784 8549.02893246 9748.29917702 0.70588235 0.70588235 0.70588235
v 2500.00000000 7913.89857711 10313.59342379 0.70588235 0.70588235 0.70588235
v 2914.11047216 7893.15553443 10286.56056425 0.70588235 0.70588235 0.70588235
v 3300.00000000 7832.34001047 10207.30423036 0.70588235 0.70588235 0.70588235
v 3631.37084990 7735.59648268 10081.22561029 0.70588235 0.70588235 0.70588235
v 3885.64064606 7609.51786261 9916.91675364 0.70588235 0.70588235 0.70588235
v 4045.48132206 7462.69619986 9725.57503746 0.70588235 0.70588235 0.70588235
v 4100.00000000 7305.13714810 9520.24008349 0.70588235 0.70588235 0.70588235
v 4045.48132206 7147.57809635 9314.90512953 0.70588235 0.70588235 0.70588235
v 3885.64064606 7000.75643360 9123.56341335 0.70588235 0.70588235 0.70588235
v 3631.37084990 6874.67781353 8959.25455670 0.70588235 0.70588235 0.70588235
v 3300.00000000 6777.93428574 8833.17593663 0.70588235 0.70588235 0.70588235
v 2914.11047216 6717.11876178 8753.91960273 0.70588235 0.70588235 0.70588235
v 2500.00000000 6696.37571910 8726.88674320 0.70588235 0.70588235 0.70588235
v 2085.88952784 6717.11876178 8753.91960273 0.70588235 0.70588235 0.70588235
v 1700.00000000 6777.93428574 8833.17593663 0.70588235 0.70588235 0.70588235
v 1368.62915010 6874.67781353 8959.25455670 0.70588235 0.70588235 0.70588235
v 1114.35935394 7000.75643360 9123.56341335 0.70588235 0.70588235 0.70588235
v 954.51867794 7147.57809635 9314.90512953 0.70588235 0.70588235 0.70588235
v 900.00000000 7305.13714810 9520.24008349 0.70588235 0.70588235 0.70588235
v 954.51867794 7462.69619986 9725.57503746 0.70588235 0.70588235 0.70588235
v 1114.35935394 7609.51786261 9916.91675364 0.70588235 0.70588235 0.70588235
v 1368.62915010 7735.59648268 10081.22561029 0.70588235 0.70588235 0.70588235
v 1700.00000000 7832.34001047 10207.30423036 0.70588235 0.70588235 0.70588235
v 2085.88952784 7893.15553443 10286.56056425 0.70588235 0.70588235 0.70588235
v 2500.00000000 7222.41302925 10809.10495993 0.70588235 0.70588235 0.70588235
v 2914.11047216 7203.48243263 10780.77331993 0.70588235 0.70588235 0.70588235
v 3300.00000000 7147.98073162 10697.70915436 0.70588235 0.70588235 0.70588235
v 3631.37084990 7059.69027543 10565.57314884 0.70588235 0.70588235 0.70588235
v 3885.64064606 6944.62791275 10393.37015378 0.70588235 0.70588235 0.70588235
v 4045.48132206 6810.63495343 10192.83551872 0.70588235 0.70588235 0.70588235
v 4100.00000000 6666.84279624 9977.63534763 0.70588235 0.70588235 0.70588235
v 4045.48132206 6523.05063904 9762.43517654 0.70588235 0.70588235 0.70588235
v 3885.64064606 6389.05767973 9561.90054148 0.70588235 0.70588235 0.70588235
v 3631.37084990 6273.99531704 9389.69754642 0.70588235 0.70588235 0.70588235
v 3300.00000000 6185.70486085 9257.56154090 0.70588235 0.70588235 0.70588235
v 2914.11047216 6130.20315984 9174.49737533 0.70588235 0.70588235 0.70588235
v 2500.00000000 6111.27256322 9146.16573533 0.70588235 0.70588235 0.70588235
v 2085.88952784 6130.20315984 9174.49737533 0.70588235 0.70588235 0.70588235
v 1700.00000000 6185.70486085 9257.56154090 0.70588235 0.70588235 0.70588235
v 1368.62915010 6273.99531704 9389.69754642 0.70588235 0.70588235 0.70588235
v 1114.35935394 6389.05767973 9561.90054148 0.70588235 0.70588235 0.70588235
v 954.51867794 6523.05063904 9762.43517654 0.70588235 0.70588235 0.70588235
v 900.00000000 6666.84279624 9977.63534763 0.70588235 0.70588235 0.70588235
v 954.51867794 6810.63495343 10192.83551872 0.70588235 0.70588235 0.70588235
v 1114.35935394 6944.62791275 10393.37015378 0.70588235 0.70588235 0.70588235
v 1368.62915010 7059.69027543 10565.57314884 0.70588235 0.70588235 0.70588235
v 1700.00000000 7147.98073162 10697.70915436 0.70588235 0.70588235 0.70588235
v 2085.88952784 7203.48243263 10780.77331993 0.70588235 0.70588235 0.70588235
v 2500.00000000 6500.00000000 11258.33024920 0.70588235 0.70588235 0.70588235
v 2914.11047216 6482.96291314 11228.82114915 0.70588235 0.70588235 0.70588235
v 3300.00000000 6433.01270189 11142.30484541 0.70588235 0.70588235 0.70588235
v 3631.37084990 6353.55339059 11004.67728111 0.70588235 0.70588235 0.70588235
v 3885.64064606 6250.00000000 10825.31754731 0.70588235 0.70588235 0.70588235
v 4045.48132206 6129.40952255 10616.44871346 0.70588235 0.70588235 0.70588235
v 4100.00000000 6000.00000000 10392.30484541 0.70588235 0.70588235 0.70588235
v 4045.48132206 5870.59047745 10168.16097737 0.70588235 0.70588235 0.70588235
v 3885.64064606 5750.00000000 9959.29214352 0.70588235 0.70588235 0.70588235
v 3631.37084990 5646.44660941 9779.93240972 0.70588235 0.70588235 0.70588235
v 3300.00000000 5566.98729811 9642.30484541 0.70588235 0.70588235 0.70588235
v 2914.11047216 5517.03708686 9555.78854168 0.70588235 0.70588235 0.70588235
v 2500.00000000 5500.00000000 9526.27944163 0.70588235 0.70588235 0.70588235
v 2085.88952784 5517.03708686 9555.78854168 0.70588235 0.70588235 0.70588235
v 1700.00000000 5566.98729811 9642.30484541 0.70588235 0.70588235 0.70588235
v 1368.62915010 5646.44660941 9779.93240972 0.70588235 0.70588235 0.70588235
v 1114.35935394 5750.00000000 9959.29214352 0.70588235 0.70588235 0.70588235
v 954.51867794 5870.59047745 10168.16097737 0.70588235 0.70588235 0.70588235
v 900.00000000 6000.00000000 10392.30484541 0.70588235 0.70588235 0.70588235
v 954.51867794 6129.40952255 10616.44871346 0.70588235 0.70588235 0.70588235
v 1114.35935394 6250.00000000 10825.31754731 0.70588235 0.70588235 0.70588235
v 1368.62915010 6353.55339059 11004.67728111 0.70588235 0.70588235 0.70588235
v 1700.00000000 6433.01270189 11142.30484541 0.70588235 0.70588235 0.70588235
v 2085.88952784 6482.96291314 11228.82114915 0.70588235 0.70588235 0.70588235
v 2500.00000000 5749.75297285 11659.34563992 0.70588235 0.70588235 0.70588235
v 2914.11047216 5734.68235119 11628.78544233 0.70588235 0.70588235 0.70588235
v 3300.00000000 5690.49752416 11539.18747652 0.70588235 0.70588235 0.70588235
v 3631.37084990 5620.20961472 11396.65769579 0.70588235 0.70588235 0.70588235
v 3885.64064606 5528.60862774 11210.90926916 0.70588235 0.70588235 0.70588235
v 4045.48132206 5421.93701909 10994.60064493 0.70588235 0.70588235 0.70588235
v 4100.00000000 5307.46428263 10762.47289839 0.70588235 0.70588235 0.70588235
v 4045.48132206 5192.99154617 10530.34515185 0.70588235 0.70588235 0.70588235
v 3885.64064606 5086.31993752 10314.03652763 0.70588235 0.70588235 0.70588235
v 3631.37084990 4994.71895053 10128.28810099 0.70588235 0.70588235 0.70588235
v 3300.00000000 4924.43104109 9985.75832026 0.70588235 0.70588235 0.70588235
v 2914.11047216 4880.24621407 9896.16035445 0.70588235 0.70588235 0.70588235
v 2500.00000000 4865.17559241 9865.60015686 0.70588235 0.70588235 0.70588235
v 2085.88952784 4880.24621407 9896.16035445 0.70588235 0.70588235 0.70588235
v 1700.00000000 4924.43104109 9985.75832026 0.70588235 0.70588235 0.70588235
v 1368.62915010 4994.71895053 10128.28810099 0.70588235 0.70588235 0.70588235
v 1114.35935394 5086.31993752 10314.03652763 0.70588235 0.70588235 0.70588235
v 954.51867794 5192.99154617 10530.34515185 0.70588235 0.70588235 0.70588235
v 900.00000000 5307.46428263 10762.47289839 0.70588235 0.70588235 0.70588235
v 954.51867794 5421.93701909 10994.60064493 0.70588235 0.70588235 0.70588235
v 1114.35935394 5528.60862774 11210.90926916 0.70588235 0.70588235 0.70588235
v 1368.62915010 5620.20961472 11396.65769579 0.70588235 0.70588235 0.70588235
v 1700.00000000 5690.49752416 11539.18747652 0.70588235 0.70588235 0.70588235
v 2085.88952784 5734.68235119 11628.78544233 0.70588235 0.70588235 0.70588235
v 2500.00000000 4974.88462075 12010.43392265 0.70588235 0.70588235 0.70588235
v 2914.11047216 4961.84499900 11978.95349097 0.70588235 0.70588235 0.70588235
v 3300.00000000 4923.61476242 11886.65753533 0.70588235 0.70588235 0.70588235
v 3631.37084990 4862.79923845 11739.83587257 0.70588235 0.70588235 0.70588235
v 3885.64064606 4783.54290456 11548.49415639 0.70588235 0.70588235 0.70588235
v 4045.48132206 4691.24694892 11325.67200853 0.70588235 0.70588235 0.70588235
v 4100.00000000 4592.20118838 11086.55439014 0.70588235 0.70588235 0.70588235
v 4045.48132206 4493.15542784 10847.43677174 0.70588235 0.70588235 0.70588235
v 3885.64064606 4400.85947220 10624.61462388 0.70588235 0.70588235 0.70588235
v 3631.37084990 4321.60313831 10433.27290770 0.70588235 0.70588235 0.70588235
v 3300.00000000 4260.78761435 10286.45124494 0.70588235 0.70588235 0.70588235
v 2914.11047216 4222.55737777 10194.15528930 0.70588235 0.70588235 0.70588235
v 2500.00000000 4209.51775602 10162.67485762 0.70588235 0.70588235 0.70588235
v 2085.88952784 4222.55737777 10194.15528930 0.70588235 0.70588235 0.70588235
v 1700.00000000 4260.78761435 10286.45124494 0.70588235 0.70588235 0.70588235
v 1368.62915010 4321.60313831 10433.27290770 0.70588235 0.70588235 0.70588235
v 1114.35935394 4400.85947220 10624.61462388 0.70588235 0.70588235 0.70588235
v 954.51867794 4493.15542784 10847.43677174 0.70588235 0.70588235 0.70588235
v 900.00000000 4592.20118838 11086.55439014 0.70588235 0.70588235 0.70588235
v 954.51867794 4691.24694892 11325.67200853 0.70588235 0.70588235 0.70588235
v 1114.35935394 4783.54290456 11548.49415639 0.70588235 0.70588235 0.70588235
v 1368.62915010 4862.79923845 11739.83587257 0.70588235 0.70588235 0.70588235
v 1700.00000000 4923.61476242 11886.65753533 0.70588235 0.70588235 0.70588235
v 2085.88952784 4961.84499900 11978.95349097 0.70588235 0.70588235 0.70588235
v 2500.00000000 4178.71304894 12310.09168344 0.70588235 0.70588235 0.70588235
v 2914.11047216 4167.76026476 12277.82582171 0.70588235 0.70588235 0.70588235
v 3300.00000000 4135.64832637 12183.22710169 0.70588235 0.70588235 0.70588235
v 3631.37084990 4084.56560929 12032.74226982 0.70588235 0.70588235 0.70588235
v 3885.64064606 4017.99331629 11836.62661869 0.70588235 0.70588235 0.70588235
v 4045.48132206 3940.46823911 11608.24510584 0.70588235 0.70588235 0.70588235
v 4100.00000000 3857.27358364 11363.16155394 0.70588235 0.70588235 0.70588235
v 4045.48132206 3774.07892817 11118.07800205 0.70588235 0.70588235 0.70588235
v 3885.64064606 3696.55385099 10889.69648919 0.70588235 0.70588235 0.70588235
v 3631.37084990 3629.98155798 10693.58083807 0.70588235 0.70588235 0.70588235
v 3300.00000000 3578.89884091 10543.09600619 0.70588235 0.70588235 0.70588235
v 2914.11047216 3546.78690251 10448.49728617 0.70588235 0.70588235 0.70588235
v 2500.00000000 3535.83411833 10416.23142445 0.70588235 0.70588235 0.70588235
v 2085.88952784 3546.78690251 10448.49728617 0.70588235 0.70588235 0.70588235
v 1700.00000000 3578.89884091 10543.09600619 0.70588235 0.70588235 0.70588235
v 1368.62915010 3629.98155798 10693.58083807 0.70588235 0.70588235 0.70588235
v 1114.35935394 3696.55385099 10889.69648919 0.70588235 0.70588235 0.70588235
v 954.51867794 3774.07892817 11118.07800205 0.70588235 0.70588235 0.70588235
v 900.00000000 3857.27358364 11363.16155394 0.70588235 0.70588235 0.70588235
v 954.51867794 3940.46823911 11608.24510584 0.70588235 0.70588235 0.70588235
v 1114.35935394 4017.99331629 11836.62661869 0.70588235 0.70588235 0.70588235
v 1368.62915010 4084.56560929 12032.74226982 0.70588235 0.70588235 0.70588235
v 1700.00000000 4135.64832637 12183.22710169 0.70588235 0.70588235 0.70588235
v 2085.88952784 4167.76026476 12277.82582171 0.70588235 0.70588235 0.70588235
v 2500.00000000 3364.64758633 12557.03574176 0.70588235 0.70588235 0.70588235
v 2914.11047216 3355.82854123 12524.12261736 0.70588235 0.70588235 0.70588235
v 3300.00000000 3329.97240927 12427.62621921 0.70588235 0.70588235 0.70588235
v 3631.37084990 3288.84124312 12274.12261736 0.70588235 0.70588235 0.70588235
v 3885.64064606 3235.23806378 12074.07282861 0.70588235 0.70588235 0.70588235
v 4045.48132206 3172.81583934 11841.10991547 0.70588235 0.70588235 0.70588235
v 4100.00000000 3105.82854123 11591.10991547 0.70588235 0.70588235 0.70588235
v 4045.48132206 3038.84124312 11341.10991547 0.70588235 0.70588235 0.70588235
v 3885.64064606 2976.41901868 11108.14700232 0.70588235 0.70588235 0.70588235
v 3631.37084990 2922.81583934 10908.09721358 0.70588235 0.70588235 0.70588235
v 3300.00000000 2881.68467319 10754.59361173 0.70588235 0.70588235 0.70588235
v 2914.11047216 2855.82854123 10658.09721358 0.70588235 0.70588235 0.70588235
v 2500.00000000 2847.00949613 10625.18408918 0.70588235 0.70588235 0.70588235
v 2085.88952784 2855.82854123 10658.09721358 0.70588235 0.70588235 0.70588235
v 1700.00000000 2881.68467319 10754.59361173 0.70588235 0.70588235 0.70588235
v 1368.62915010 2922.81583934 10908.09721358 0.70588235 0.70588235 0.70588235
v 1114.35935394 2976.41901868 11108.14700232 0.70588235 0.70588235 0.70588235
v 954.51867794 3038.84124312 11341.10991547 0.70588235 0.70588235 0.70588235
v 900.00000000 3105.82854123 11591.10991547 0.70588235 0.70588235 0.70588235
v 954.51867794 3172.81583934 11841.10991547 0.70588235 0.70588235 0.70588235
v 1114.35935394 3235.23806378 12074.07282861 0.70588235 0.70588235 0.70588235
v 1368.62915010 3288.84124312 12274.12261736 0.70588235 0.70588235 0.70588235
v 1700.00000000 3329.97240927 12427.62621921 0.70588235 0.70588235 0.70588235
v 2085.88952784 3355.82854123 12524.12261736 0.70588235 0.70588235 0.70588235
v 2500.00000000 2536.17418621 12750.20864524 0.70588235 0.70588235 0.70588235
v 2914.11047216 2529.52664469 12716.78919722 0.70588235 0.70588235 0.70588235
v 3300.00000000 2510.03703909 12618.80833333 0.70588235 0.70588235 0.70588235
v 3631.37084990 2479.03355384 12462.94328750 0.70588235 0.70588235 0.70588235
v 3885.64064606 2438.62902520 12259.81600504 0.70588235 0.70588235 0.70588235
v 4045.48132206 2391.57695505 12023.26927456 0.70588235 0.70588235 0.70588235
v 4100.00000000 2341.08386419 11769.42336484 0.70588235 0.70588235 0.70588235
v 4045.48132206 2290.59077334 11515.57745511 0.70588235 0.70588235 0.70588235
v 3885.64064606 2243.53870319 11279.03072464 0.70588235 0.70588235 0.70588235
v 3631.37084990 2203.13417455 11075.90344218 0.70588235 0.70588235 0.70588235
v 3300.00000000 2172.13068930 10920.03839635 0.70588235 0.70588235 0.70588235
v 2914.11047216 2152.64108370 10822.05753245 0.70588235 0.70588235 0.70588235
v 2500.00000000 2145.99354218 10788.63808444 0.70588235 0.70588235 0.70588235
v 2085.88952784 2152.64108370 10822.05753245 0.70588235 0.70588235 0.70588235
v 1700.00000000 2172.13068930 10920.03839635 0.70588235 0.70588235 0.70588235
v 1368.62915010 2203.13417455 11075.90344218 0.70588235 0.70588235 0.70588235
v 1114.35935394 2243.53870319 11279.03072464 0.70588235 0.70588235 0.70588235
v 954.51867794 2290.59077334 11515.57745511 0.70588235 0.70588235 0.70588235
v 900.00000000 2341.08386419 11769.42336484 0.70588235 0.70588235 0.70588235
v 954.51867794 2391.57695505 12023.26927456 0.70588235 0.70588235 0.70588235
v 1114.35935394 2438.62902520 12259.81600504 0.70588235 0.70588235 0.70588235
v 1368.62915010 2479.03355384 12462.94328750 0.70588235 0.70588235 0.70588235
v 1700.00000000 2510.03703909 12618.80833333 0.70588235 0.70588235 0.70588235
v 2085.88952784 2529.52664469 12716.78919722 0.70588235 0.70588235 0.70588235
v 2500.00000000 1696.84049886 12888.78319786 0.70588235 0.70588235 0.70588235
v 2914.11047216 1692.39292671 12855.00053343 0.70588235 0.70588235 0.70588235
v 3300.00000000 1679.35330496 12755.95477289 0.70588235 0.70588235 0.70588235
v 3631.37084990 1658.61026228 12598.39572114 0.70588235 0.70588235 0.70588235
v 3885.64064606 1631.57740275 12393.06076717 0.70588235 0.70588235 0.70588235
v 4045.48132206 1600.09697107 12153.94314878 0.70588235 0.70588235 0.70588235
v 4100.00000000 1566.31430664 11897.33833649 0.70588235 0.70588235 0.70588235
v 4045.48132206 1532.53164221 11640.73352419 0.70588235 0.70588235 0.70588235
v 3885.64064606 1501.05121053 11401.61590580 0.70588235 0.70588235 0.70588235
v 3631.37084990 1474.01835100 11196.28095184 0.70588235 0.70588235 0.70588235
v 3300.00000000 1453.27530832 11038.72190008 0.70588235 0.70588235 0.70588235
v 2914.11047216 1440.23568657 10939.67613954 0.70588235 0.70588235 0.70588235
v 2500.00000000 1435.78811442 10905.89347511 0.70588235 0.70588235 0.70588235
v 2085.88952784 1440.23568657 10939.67613954 0.70588235 0.70588235 0.70588235
v 1700.00000000 1453.27530832 11038.72190008 0.70588235 0.70588235 0.70588235
v 1368.62915010 1474.01835100 11196.28095184 0.70588235 0.70588235 0.70588235
v 1114.35935394 1501.05121053 11401.61590580 0.70588235 0.70588235 0.70588235
v 954.51867794 1532.53164221 11640.73352419 0.70588235 0.70588235 0.70588235
v 900.00000000 1566.31430664 11897.33833649 0.70588235 0.70588235 0.70588235
v 954.51867794 1600.09697107 12153.94314878 0.70588235 0.70588235 0.70588235
v 1114.35935394 1631.57740275 12393.06076717 0.70588235 0.70588235 0.70588235
v 1368.62915010 1658.61026228 12598.39572114 0.70588235 0.70588235 0.70588235
v 1700.00000000 1679.35330496 12755.95477289 0.70588235 0.70588235 0.70588235
v 2085.88952784 1692.39292671 12855.00053343 0.70588235 0.70588235 0.70588235
v 2500.00000000 850.24067999 12972.16600210 0.70588235 0.70588235 0.70588235
v 2914.11047216 848.01212241 12938.16478381 0.70588235 0.70588235 0.70588235
v 3300.00000000 841.47832216 12838.47825578 0.70588235 0.70588235 0.70588235
v 3631.37084990 831.08454695 12679.89989015 0.70588235 0.70588235 0.70588235
v 3885.64064606 817.53911538 12473.23654048 0.70588235 0.70588235 0.70588235
v 4045.48132206 801.76512622 12232.57197252 0.70588235 0.70588235 0.70588235
v 4100.00000000 784.83755076 11974.30707886 0.70588235 0.70588235 0.70588235
v 4045.48132206 767.90997531 11716.04218520 0.70588235 0.70588235 0.70588235
v 3885.64064606 752.13598615 11475.37761724 0.70588235 0.70588235 0.70588235
v 3631.37084990 738.59055457 11268.71426757 0.70588235 0.70588235 0.70588235
v 3300.00000000 728.19677936 11110.13590195 0.70588235 0.70588235 0.70588235
v 2914.11047216 721.66297912 11010.44937391 0.70588235 0.70588235 0.70588235
v 2500.00000000 719.43442153 10976.44815562 0.70588235 0.70588235 0.70588235
v 2085.88952784 721.66297912 11010.44937391 0.70588235 0.70588235 0.70588235
v 1700.00000000 728.19677936 11110.13590195 0.70588235 0.70588235 0.70588235
v 1368.62915010 738.59055457 11268.71426757 0.70588235 0.70588235 0.70588235
v 1114.35935394 752.13598615 11475.37761724 0.70588235 0.70588235 0.70588235
v 954.51867794 767.90997531 11716.04218520 0.70588235 0.70588235 0.70588235
v 900.00000000 784.83755076 11974.30707886 0.70588235 0.70588235 0.70588235
v 954.51867794 801.76512622 12232.57197252 0.70588235 0.70588235 0.70588235
v 1114.35935394 817.53911538 12473.23654048 0.70588235 0.70588235 0.70588235
v 1368.62915010 831.08454695 12679.89989015 0.70588235 0.70588235 0.70588235
v 1700.00000000 841.47832216 12838.47825578 0.70588235 0.70588235 0.70588235
v 2085.88952784 848.01212241 12938.16478381 0.70588235 0.70588235 0.70588235
v 2500.00000000 0.00000000 13000.00000000 0.70588235 0.70588235 0.70588235
v 2914.11047216 0.00000000 12965.92582629 0.70588235 0.70588235 0.70588235
v 3300.00000000 0.00000000 12866.02540378 0.70588235 0.70588235 0.70588235
v 3631.37084990 0.00000000 12707.10678119 0.70588235 0.70588235 0.70588235
v 3885.64064606 0.00000000 12500.00000000 0.70588235 0.70588235 0.70588235
v 4045.48132206 0.00000000 12258.81904510 0.70588235 0.70588235 0.70588235
v 4100.00000000 0.00000000 12000.00000000 0.70588235 0.70588235 0.70588235
v 4045.48132206 0.00000000 11741.18095490 0.70588235 0.70588235 0.70588235
v 3885.64064606 0.00000000 11500.00000000 0.70588235 0.70588235 0.70588235
v 3631.37084990 0.00000000 11292.89321881 0.70588235 0.70588235 0.70588235
v 3300.00000000 0.00000000 11133.97459622 0.70588235 0.70588235 0.70588235
v 2914.11047216 0.00000000 11034.07417371 0.70588235 0.70588235 0.70588235
v 2500.00000000 0.00000000 11000.00000000 0.70588235 0.70588235 0.70588235
v 2085.88952784 0.00000000 11034.07417371 0.70588235 0.70588235 0.70588235
v 1700.00000000 0.00000000 11133.97459622 0.70588235 0.70588235 0.70588235
v 1368.62915010 0.00000000 11292.89321881 0.70588235 0.70588235 0.70588235
v 1114.35935394 0.00000000 11500.00000000 0.70588235 0.70588235 0.70588235
v 954.51867794 0.00000000 11741.18095490 0.70588235 0.70588235 0.70588235
v 900.00000000 0.00000000 12000.00000000 0.70588235 0.70588235 0.70588235
v 954.51867794 0.00000000 12258.81904510 0.70588235 0.70588235 0.70588235
v 1114.35935394 0.00000000 12500.00000000 0.70588235 0.70588235 0.70588235
v 1368.62915010 0.00000000 12707.10678119 0.70588235 0.70588235 0.70588235
v 1700.00000000 0.00000000 12866.02540378 0.70588235 0.70588235 0.70588235
v 2085.88952784 0.00000000 12965.92582629 0.70588235 0.70588235 0.70588235
v 2500.00000000 -850.24067999 12972.16600210 0.70588235 0.70588235 0.70588235
v 2914.11047216 -848.01212241 12938.16478381 0.70588235 0.70588235 0.70588235
v 3300.00000000 -841.47832216 12838.47825578 0.70588235 0.70588235 0.70588235
v 3631.37084990 -831.08454695 12679.89989015 0.70588235 0.70588235 0.70588235
v 3885.64064606 -817.53911538 12473.23654048 0.70588235 0.70588235 0.70588235
v 4045.48132206 -801.76512622 12232.57197252 0.70588235 0.70588235 0.70588235
v 4100.00000000 -784.83755076 11974.30707886 0.70588235 0.70588235 0.70588235
v 4045.48132206 -767.90997531 11716.04218520 0.70588235 0.70588235 0.70588235
v 3885.64064606 -752.13598615 11475.37761724 0.70588235 0.70588235 0.70588235
v 3631.37084990 -738.59055457 11268.71426757 0.70588235 0.70588235 0.70588235
v 3300.00000000 -728.19677936 11110.13590195 0.70588235 0.70588235 0.70588235
v 2914.11047216 -721.66297912 11010.44937391 0.70588235 0.70588235 0.70588235
v 2500.00000000 -719.43442153 10976.44815562 0.70588235 0.70588235 0.70588235
v 2085.88952784 -721.66297912 11010.44937391 0.70588235 0.70588235 0.70588235
v 1700.00000000 -728.19677936 11110.13590195 0.70588235 0.70588235 0.70588235
v 1368.62915010 -738.59055457 11268.71426757 0.70588235 0.70588235 0.70588235
v 1114.35935394 -752.13598615 11475.37761724 0.70588235 0.70588235 0.70588235
v 954.51867794 -767.90997531 11716.04218520 0.70588235 0.70588235 0.70588235
v 900.00000000 -784.83755076 11974.30707886 0.70588235 0.70588235 0.70588235
v 954.51867794 -801.76512622 12232.57197252 0.70588235 0.70588235 0.70588235
v 1114.35935394 -817.53911538 12473.23654048 0.70588235 0.70588235 0.70588235
v 1368.62915010 -831.08454695 12679.89989015 0.70588235 0.70588235 0.70588235
v 1700.00000000 -841.47832216 12838.47825578 0.70588235 0.70588235 0.70588235
v 2085.88952784 -848.01212241 12938.16478381 0.70588235 0.70588235 0.70588235
v 2500.00000000 -1696.84049886 12888.78319786 0.70588235 0.70588235 0.70588235
v 2914.11047216 -1692.39292671 12855.00053343 0.70588235 0.70588235 0.70588235
v 3300.00000000 -1679.35330496 12755.95477289 0.70588235 0.70588235 0.70588235
v 3631.37084990 -1658.61026228 12598.39572114 0.70588235 0.70588235 0.70588235
v 3885.64064606 -1631.57740275 12393.06076717 0.70588235 0.70588235 0.70588235
v 4045.48132206 -1600.09697107 12153.94314878 0.70588235 0.70588235 0.70588235
v 4100.00000000 -1566.31430664 11897.33833649 0.70588235 0.70588235 0.70588235
v 4045.48132206 -1532.53164221 11640.73352419 0.70588235 0.70588235 0.70588235
v 3885.64064606 -1501.05121053 11401.61590580 0.70588235 0.70588235 0.70588235
v 3631.37084990 -1474.01835100 11196.28095184 0.70588235 0.70588235 0.70588235
v 3300.00000000 -1453.27530832 11038.72190008 0.70588235 0.70588235 0.70588235
v 2914.11047216 -1440.23568657 10939.67613954 0.70588235 0.70588235 0.70588235
v 2500.00000000 -1435.78811442 10905.89347511 0.70588235 0.70588235 0.70588235
v 2085.88952784 -1440.23568657 10939.67613954 0.70588235 0.70588235 0.70588235
v 1700.00000000 -1453.27530832 11038.72190008 0.70588235 0.70588235 0.70588235
v 1368.62915010 -1474.01835100 11196.28095184 0.70588235 0.70588235 0.70588235
v 1114.35935394 -1501.05121053 11401.61590580 0.70588235 0.70588235 0.70588235
v 954.51867794 -1532.53164221 11640.73352419 0.70588235 0.70588235 0.70588235
v 900.00000000 -1566.31430664 11897.33833649 0.70588235 0.70588235 0.70588235
v 954.51867794 -1600.09697107 12153.94314878 0.70588235 0.70588235 0.70588235
v 1114.35935394 -1631.57740275 12393.06076717 0.70588235 0.70588235 0.70588235
v 1368.62915010 -1658.61026228 12598.39572114 0.70588235 0.70588235 0.70588235
v 1700.00000000 -1679.35330496 12755.95477289 0.70588235 0.70588235 0.70588235
v 2085.88952784 -1692.39292671 12855.00053343 0.70588235 0.70588235 0.70588235
v 2500.00000000 -2536.17418621 12750.20864524 0.70588235 0.70588235 0.70588235
v 2914.11047216 -2529.52664469 12716.78919722 0.70588235 0.70588235 0.70588235
v 3300.00000000 -2510.03703909 12618.80833333 0.70588235 0.70588235 0.70588235
v 3631.37084990 -2479.03355384 12462.94328750 0.70588235 0.70588235 0.70588235
v 3885.64064606 -2438.62902520 12259.81600504 0.70588235 0.70588235 0.70588235
v 4045.48132206 -2391.57695505 12023.26927456 0.70588235 0.70588235 0.70588235
v 4100.00000000 -2341.08386419 11769.42336484 0.70588235 0.70588235 0.70588235
v 4045.48132206 -2290.59077334 11515.57745511 0.70588235 0.70588235 0.70588235
v 3885.64064606 -2243.53870319 11279.03072464 0.70588235 0.70588235 0.70588235
v 3631.37084990 -2203.13417455 11075.90344218 0.70588235 0.70588235 0.70588235
v 3300.00000000 -2172.13068930 10920.03839635 0.70588235 0.70588235 0.70588235
v 2914.11047216 -2152.64108370 10822.05753245 0.70588235 0.70588235 0.70588235
v 2500.00000000 -2145.99354218 10788.63808444 0.70588235 0.70588235 0.70588235
v 2085.88952784 -2152.64108370 10822.05753245 0.70588235 0.70588235 0.70588235
v 1700.00000000 -2172.13068930 10920.03839635 0.70588235 0.70588235 0.70588235
v 1368.62915010 -2203.13417455 11075.90344218 0.70588235 0.70588235 0.70588235
v 1114.35935394 -2243.53870319 11279.03072464 0.70588235 0.70588235 0.70588235
v 954.51867794 -2290.59077334 11515.57745511 0.70588235 0.70588235 0.70588235
v 900.00000000 -2341.08386419 11769.42336484 0.70588235 0.70588235 0.70588235
v 954.51867794 -2391.57695505 12023.26927456 0.70588235 0.70588235 0.70588235
v 1114.35935394 -2438.62902520 12259.81600504 0.70588235 0.70588235 0.70588235
v 1368.62915010 -2479.03355384 12462.94328750 0.70588235 0.70588235 0.70588235
v 1700.00000000 -2510.03703909 12618.80833333 0.70588235 0.70588235 0.70588235
v 2085.88952784 -2529.52664469 12716.78919722 0.70588235 0.70588235 0.70588235
v 2500.00000000 -3364.64758633 12557.03574176 0.70588235 0.70588235 0.70588235
v 2914.11047216 -3355.82854123 12524.12261736 0.70588235 0.70588235 0.70588235
v 3300.00000000 -3329.97240927 12427.62621921 0.70588235 0.70588235 0.70588235
v 3631.37084990 -3288.84124312 12274.12261736 0.70588235 0.70588235 0.70588235
v 3885.64064606 -3235.23806378 12074.07282861 0.70588235 0.70588235 0.70588235
v 4045.48132206 -3172.81583934 11841.10991547 0.70588235 0.70588235 0.70588235
v 4100.00000000 -3105.82854123 11591.10991547 0.70588235 0.70588235 0.70588235
v 4045.48132206 -3038.84124312 11341.10991547 0.70588235 0.70588235 0.70588235
v 3885.64064606 -2976.41901868 11108.14700232 0.70588235 0.70588235 0.70588235
v 3631.37084990 -2922.81583934 10908.09721358 0.70588235 0.70588235 0.70588235
v 3300.00000000 -2881.68467319 10754.59361173 0.70588235 0.70588235 0.70588235
v 2914.11047216 -2855.82854123 10658.09721358 0.70588235 0.70588235 0.70588235
v 2500.00000000 -2847.00949613 10625.18408918 0.70588235 0.70588235 0.70588235
v 2085.88952784 -2855.82854123 10658.09721358 0.70588235 0.70588235 0.70588235
v 1700.00000000 -2881.68467319 10754.59361173 0.70588235 0.70588235 0.70588235
v 1368.62915010 -2922.81583934 10908.09721358 0.70588235 0.70588235 0.70588235
v 1114.35935394 -2976.41901868 11108.14700232 0.70588235 0.70588235 0.70588235
v 954.51867794 -3038.84124312 11341.10991547 0.70588235 0.70588235 0.70588235
v 900.00000000 -3105.82854123 11591.10991547 0.70588235 0.70588235 0.70588235
v 954.51867794 -3172.81583934 11841.10991547 0.70588235 0.70588235 0.70588235
v 1114.35935394 -3235.23806378 12074.07282861 0.70588235 0.70588235 0.70588235
v 1368.62915010 -3288.84124312 12274.12261736 0.70588235 0.70588235 0.70588235
v 1700.00000000 -3329.97240927 12427.62621921 0.70588235 0.70588235 0.70588235
v 2085.88952784 -3355.82854123 12524.12261736 0.70588235 0.70588235 0.70588235
v 2500.00000000 -4178.71304894 12310.09168344 0.70588235 0.70588235 0.70588235
v 2914.11047216 -4167.76026476 12277.82582171 0.70588235 0.70588235 0.70588235
v 3300.00000000 -4135.64832637 12183.22710169 0.70588235 0.70588235 0.70588235
v 3631.37084990 -4084.56560929 12032.74226982 0.70588235 0.70588235 0.70588235
v 3885.64064606 -4017.99331629 11836.62661869 0.70588235 0.70588235 0.70588235
v 4045.48132206 -3940.46823911 11608.24510584 0.70588235 0.70588235 0.70588235
v 4100.00000000 -3857.27358364 11363.16155394 0.70588235 0.70588235 0.70588235
v 4045.48132206 -3774.07892817 11118.07800205 0.70588235 0.70588235 0.70588235
v 3885.64064606 -3696.55385099 10889.69648919 0.70588235 0.70588235 0.70588235
v 3631.37084990 -3629.98155798 10693.58083807 0.70588235 0.70588235 0.70588235
v 3300.00000000 -3578.89884091 10543.09600619 0.70588235 0.70588235 0.70588235
v 2914.11047216 -3546.78690251 10448.49728617 0.70588235 0.70588235 0.70588235
v 2500.00000000 -3535.83411833 10416.23142445 0.70588235 0.70588235 0.70588235
v 2085.88952784 -3546.78690251 10448.49728617 0.70588235 0.70588235 0.70588235
v 1700.00000000 -3578.89884091 10543.09600619 0.70588235 0.70588235 0.70588235
v 1368.62915010 -3629.98155798 10693.58083807 0.70588235 0.70588235 0.70588235
v 1114.35935394 -3696.55385099 10889.69648919 0.70588235 0.70588235 0.70588235
v 954.51867794 -3774.07892817 11118.07800205 0.70588235 0.70588235 0.70588235
v 900.00000000 -3857.27358364 11363.16155394 0.70588235 0.70588235 0.70588235
v 954.51867794 -3940.46823911 11608.24510584 0.70588235 0.70588235 0.70588235
v 1114.35935394 -4017.99331629 11836.62661869 0.70588235 0.70588235 0.70588235
v 1368.62915010 -4084.56560929 12032.74226982 0.70588235 0.70588235 0.70588235
v 1700.00000000 -4135.64832637 12183.22710169 0.70588235 0.70588235 0.70588235
v 2085.88952784 -4167.76026476 12277.82582171 0.70588235 0.70588235 0.70588235
v 2500.00000000 -4974.88462075 12010.43392265 0.70588235 0.70588235 0.70588235
v 2914.11047216 -4961.84499900 11978.95349097 0.70588235 0.70588235 0.70588235
v 3300.00000000 -4923.61476242 11886.65753533 0.70588235 0.70588235 0.70588235
v 3631.37084990 -4862.79923845 11739.83587257 0.70588235 0.70588235 0.70588235
v 3885.64064606 -4783.54290456 11548.49415639 0.70588235 0.70588235 0.70588235
v 4045.48132206 -4691.24694892 11325.67200853 0.70588235 0.70588235 0.70588235
v 4100.00000000 -4592.20118838 11086.55439014 0.70588235 0.70588235 0.70588235
v 4045.48132206 -4493.15542784 10847.43677174 0.70588235 0.70588235 0.70588235
v 3885.64064606 -4400.85947220 10624.61462388 0.70588235 0.70588235 0.70588235
v 3631.37084990 -4321.60313831 10433.27290770 0.70588235 0.70588235 0.70588235
v 3300.00000000 -4260.78761435 10286.45124494 0.70588235 0.70588235 0.70588235
v 2914.11047216 -4222.55737777 10194.15528930 0.70588235 0.70588235 0.70588235
v 2500.00000000 -4209.51775602 10162.67485762 0.70588235 0.70588235 0.70588235
v 2085.88952784 -4222.55737777 10194.15528930 0.70588235 0.70588235 0.70588235
v 1700.00000000 -4260.78761435 10286.45124494 0.70588235 0.70588235 0.70588235
v 1368.62915010 -4321.60313831 10433.27290770 0.70588235 0.70588235 0.70588235
v 1114.35935394 -4400.85947220 10624.61462388 0.70588235 0.70588235 0.70588235
v 954.51867794 -4493.15542784 10847.43677174 0.70588235 0.70588235 0.70588235
v 900.00000000 -4592.20118838 11086.55439014 0.70588235 0.70588235 0.70588235
v 954.51867794 -4691.24694892 11325.67200853 0.70588235 0.70588235 0.70588235
v 1114.35935394 -4783.54290456 11548.49415639 0.70588235 0.70588235 0.70588235
v 1368.62915010 -4862.79923845 11739.83587257 0.70588235 0.70588235 0.70588235
v 1700.00000000 -4923.61476242 11886.65753533 0.70588235 0.70588235 0.70588235
v 2085.88952784 -4961.84499900 11978.95349097 0.70588235 0.70588235 0.70588235
v 2500.00000000 -5749.75297285 11659.34563992 0.70588235 0.70588235 0.70588235
v 2914.11047216 -5734.68235119 11628.78544233 0.70588235 0.70588235 0.70588235
v 3300.00000000 -5690.49752416 11539.18747652 0.70588235 0.70588235 0.70588235
v 3631.37084990 -5620.20961472 11396.65769579 0.70588235 0.70588235 0.70588235
v 3885.64064606 -5528.60862774 11210.90926916 0.70588235 0.70588235 0.70588235
v 4045.48132206 -5421.93701909 10994.60064493 0.70588235 0.70588235 0.70588235
v 4100.00000000 -5307.46428263 10762.47289839 0.70588235 0.70588235 0.70588235
v 4045.48132206 -5192.99154617 10530.34515185 0.70588235 0.70588235 0.70588235
v 3885.64064606 -5086.31993752 10314.03652763 0.70588235 0.70588235 0.70588235
v 3631.37084990 -4994.71895053 10128.28810099 0.70588235 0.70588235 0.70588235
v 3300.00000000 -4924.43104109 9985.75832026 0.70588235 0.70588235 0.70588235
v 2914.11047216 -4880.24621407 9896.16035445 0.70588235 0.70588235 0.70588235
v 2500.00000000 -4865.17559241 9865.60015686 0.70588235 0.70588235 0.70588235
v 2085.88952784 -4880.24621407 9896.16035445 0.70588235 0.70588235 0.70588235
v 1700.00000000 -4924.43104109 9985.75832026 0.70588235 0.70588235 0.70588235
v 1368.62915010 -4994.71895053 10128.28810099 0.70588235 0.70588235 0.70588235
v 1114.35935394 -5086.31993752 10314.03652763 0.70588235 0.70588235 0.70588235
v 954.51867794 -5192.99154617 10530.34515185 0.70588235 0.70588235 0.70588235
v 900.00000000 -5307.46428263 10762.47289839 0.70588235 0.70588235 0.70588235
v 954.51867794 -5421.93701909 10994.60064493 0.70588235 0.70588235 0.70588235
v 1114.35935394 -5528.60862774 11210.90926916 0.70588235 0.70588235 0.70588235
v 1368.62915010 -5620.20961472 11396.65769579 0.70588235 0.70588235 0.70588235
v 1700.00000000 -5690.49752416 11539.18747652 0.70588235 0.70588235 0.70588235
v 2085.88952784 -5734.68235119 11628.78544233 0.70588235 0.70588235 0.70588235
v 2500.00000000 -6500.00000000 11258.33024920 0.70588235 0.70588235 0.70588235
v 2914.11047216 -6482.96291314 11228.82114915 0.70588235 0.70588235 0.70588235
v 3300.00000000 -6433.01270189 11142.30484541 0.70588235 0.70588235 0.70588235
v 3631.37084990 -6353.55339059 11004.67728111 0.70588235 0.70588235 0.70588235
v 3885.64064606 -6250.00000000 10825.31754731 0.70588235 0.70588235 0.70588235
v 4045.48132206 -6129.40952255 10616.44871346 0.70588235 0.70588235 0.70588235
v 4100.00000000 -6000.00000000 10392.30484541 0.70588235 0.70588235 0.70588235
v 4045.48132206 -5870.59047745 10168.16097737 0.70588235 0.70588235 0.70588235
v 3885.64064606 -5750.00000000 9959.29214352 0.70588235 0.70588235 0.70588235
v 3631.37084990 -5646.44660941 9779.93240972 0.70588235 0.70588235 0.70588235
v 3300.00000000 -5566.98729811 9642.30484541 0.70588235 0.70588235 0.70588235
v 2914.11047216 -5517.03708686 9555.78854168 0.70588235 0.70588235 0.70588235
v 2500.00000000 -5500.00000000 9526.27944163 0.70588235 0.70588235 0.70588235
v 2085.88952784 -5517.03708686 9555.78854168 0.70588235 0.70588235 0.70588235
v 1700.00000000 -5566.98729811 9642.30484541 0.70588235 0.70588235 0.70588235
v 1368.62915010 -5646.44660941 9779.93240972 0.70588235 0.70588235 0.70588235
v 1114.35935394 -5750.00000000 9959.29214352 0.70588235 0.70588235 0.70588235
v 954.51867794 -5870.59047745 10168.16097737 0.70588235 0.70588235 0.70588235
v 900.00000000 -6000.00000000 10392.30484541 0.70588235 0.70588235 0.70588235
v 954.51867794 -6129.40952255 10616.44871346 0.70588235 0.70588235 0.70588235
v 1114.35935394 -6250.00000000 10825.31754731 0.70588235 0.70588235 0.70588235
v 1368.62915010 -6353.55339059 11004.67728111 0.70588235 0.70588235 0.70588235
v 1700.00000000 -6433.01270189 11142.30484541 0.70588235 0.70588235 0.70588235
v 2085.88952784 -6482.96291314 11228.82114915 0.70588235 0.70588235 0.70588235
v 2500.00000000 -7222.41302925 10809.10495993 0.70588235 0.70588235 0.70588235
v 2914.11047216 -7203.48243263 10780.77331993 0.70588235 0.70588235 0.70588235
v 3300.00000000 -7147.98073162 10697.70915436 0.70588235 0.70588235 0.70588235
v 3631.37084990 -7059.69027543 10565.57314884 0.70588235 0.70588235 0.70588235
v 3885.64064606 -6944.62791275 10393.37015378 0.70588235 0.70588235 0.70588235
v 4045.48132206 -6810.63495343 10192.83551872 0.70588235 0.70588235 0.70588235
v 4100.00000000 -6666.84279624 9977.63534763 0.70588235 0.70588235 0.70588235
v 4045.48132206 -6523.05063904 9762.43517654 0.70588235 0.70588235 0.70588235
v 3885.64064606 -6389.05767973 9561.90054148 0.70588235 0.70588235 0.70588235
v 3631.37084990 -6273.99531704 9389.69754642 0.70588235 0.70588235 0.70588235
v 3300.00000000 -6185.70486085 9257.56154090 0.70588235 0.70588235 0.70588235
v 2914.11047216 -6130.20315984 9174.49737533 0.70588235 0.70588235 0.70588235
v 2500.00000000 -6111.27256322 9146.16573533 0.70588235 0.70588235 0.70588235
v 2085.88952784 -6130.20315984 9174.49737533 0.70588235 0.70588235 0.70588235
v 1700.00000000 -6185.70486085 9257.56154090 0.70588235 0.70588235 0.70588235
v 1368.62915010 -6273.99531704 9389.69754642 0.70588235 0.70588235 0.70588235
v 1114.35935394 -6389.05767973 9561.90054148 0.70588235 0.70588235 0.70588235
v 954.51867794 -6523.05063904 9762.43517654 0.70588235 0.70588235 0.70588235
v 900.00000000 -6666.84279624 9977.63534763 0.70588235 0.70588235 0.70588235
v 954.51867794 -6810.63495343 10192.83551872 0.70588235 0.70588235 0.70588235
v 1114.35935394 -6944.62791275 10393.37015378 0.70588235 0.70588235 0.70588235
v 1368.62915010 -7059.69027543 10565.57314884 0.70588235 0.70588235 0.70588235
v 1700.00000000 -7147.98073162 10697.70915436 0.70588235 0.70588235 0.70588235
v 2085.88952784 -7203.48243263 10780.77331993 0.70588235 0.70588235 0.70588235
v 2500.00000000 -7913.89857711 10313.59342379 0.70588235 0.70588235 0.70588235
v 2914.11047216 -7893.15553443 10286.56056425 0.70588235 0.70588235 0.70588235
v 3300.00000000 -7832.34001047 10207.30423036 0.70588235 0.70588235 0.70588235
v 3631.37084990 -7735.59648268 10081.22561029 0.70588235 0.70588235 0.70588235
v 3885.64064606 -7609.51786261 9916.91675364 0.70588235 0.70588235 0.70588235
v 4045.48132206 -7462.69619986 9725.57503746 0.70588235 0.70588235 0.70588235
v 4100.00000000 -7305.13714810 9520.24008349 0.70588235 0.70588235 0.70588235
v 4045.48132206 -7147.57809635 9314.90512953 0.70588235 0.70588235 0.70588235
v 3885.64064606 -7000.75643360 9123.56341335 0.70588235 0.70588235 0.70588235
v 3631.37084990 -6874.67781353 8959.25455670 0.70588235 0.70588235 0.70588235
v 3300.00000000 -6777.93428574 8833.17593663 0.70588235 0.70588235 0.70588235
v 2914.11047216 -6717.11876178 8753.91960273 0.70588235 0.70588235 0.70588235
v 2500.00000000 -6696.37571910 8726.88674320 0.70588235 0.70588235 0.70588235
v 2085.88952784 -6717.11876178 8753.91960273 0.70588235 0.70588235 0.70588235
v 1700.00000000 -6777.93428574 8833.17593663 0.70588235 0.70588235 0.70588235
v 1368.62915010 -6874.67781353 8959.25455670 0.70588235 0.70588235 0.70588235
v 1114.35935394 -7000.75643360 9123.56341335 0.70588235 0.70588235 0.70588235
v 954.51867794 -7147.57809635 9314.90512953 0.70588235 0.70588235 0.70588235
v 900.00000000 -7305.13714810 9520.24008349 0.70588235 0.70588235 0.70588235
v 954.51867794 -7462.69619986 9725.57503746 0.70588235 0.70588235 0.70588235
v 1114.35935394 -7609.51786261 9916.91675364 0.70588235 0.70588235 0.70588235
v 1368.62915010 -7735.59648268 10081.22561029 0.70588235 0.70588235 0.70588235
v 1700.00000000 -7832.34001047 10207.30423036 0.70588235 0.70588235 0.70588235
v 2085.88952784 -7893.15553443 10286.56056425 0.70588235 0.70588235 0.70588235
v 2500.00000000 -8571.49559630 9773.91749723 0.70588235 0.70588235 0.70588235
v 2914.11047216 -8549.02893246 9748.29917702 0.70588235 0.70588235 0.70588235
v 3300.00000000 -8483.16000696 9673.19006260 0.70588235 0.70588235 0.70588235
v 3631.37084990 -8378.37767821 9553.70871598 0.70588235 0.70588235 0.70588235
v 3885.64064606 -8241.82268875 9397.99759349 0.70588235 0.70588235 0.70588235
v 4045.48132206 -8082.80103546 9216.66815079 0.70588235 0.70588235 0.70588235
v 4100.00000000 -7912.14978120 9022.07768975 0.70588235 0.70588235 0.70588235
v 4045.48132206 -7741.49852694 8827.48722871 0.70588235 0.70588235 0.70588235
v 3885.64064606 -7582.47687365 8646.15778601 0.70588235 0.70588235 0.70588235
v 3631.37084990 -7445.92188420 8490.44666351 0.70588235 0.70588235 0.70588235
v 3300.00000000 -7341.13955545 8370.96531689 0.70588235 0.70588235 0.70588235
v 2914.11047216 -7275.27062994 8295.85620247 0.70588235 0.70588235 0.70588235
v 2500.00000000 -7252.80396610 8270.23788227 0.70588235 0.70588235 0.70588235
v 2085.88952784 -7275.27062994 8295.85620247 0.70588235 0.70588235 0.70588235
v 1700.00000000 -7341.13955545 8370.96531689 0.70588235 0.70588235 0.70588235
v 1368.62915010 -7445.92188420 8490.44666351 0.70588235 0.70588235 0.70588235
v 1114.35935394 -7582.47687365 8646.15778601 0.70588235 0.70588235 0.70588235
v 954.51867794 -7741.49852694 8827.48722871 0.70588235 0.70588235 0.70588235
v 900.00000000 -7912.14978120 9022.07768975 0.70588235 0.70588235 0.70588235
v 954.51867794 -8082.80103546 9216.66815079 0.70588235 0.70588235 0.70588235
v 1114.35935394 -8241.82268875 9397.99759349 0.70588235 0.70588235 0.70588235
v 1368.62915010 -8378.37767821 9553.70871598 0.70588235 0.70588235 0.70588235
v 1700.00000000 -8483.16000696 9673.19006260 0.70588235 0.70588235 0.70588235
v 2085.88952784 -8549.02893246 9748.29917702 0.70588235 0.70588235 0.70588235
v 2500.00000000 -9192.38815543 9192.38815543 0.70588235 0.70588235 0.70588235
v 2914.11047216 -9168.29407613 9168.29407613 0.70588235 0.70588235 0.70588235
v 3300.00000000 -9097.65380993 9097.65380993 0.70588235 0.70588235 0.70588235
v 3631.37084990 -8985.28137424 8985.28137424 0.70588235 0.70588235 0.70588235
v 3885.64064606 -8838.83476483 8838.83476483 0.70588235 0.70588235 0.70588235
v 4045.48132206 -8668.29407613 8668.29407613 0.70588235 0.70588235 0.70588235
v 4100.00000000 -8485.28137424 8485.28137424 0.70588235 0.70588235 0.70588235
v 4045.48132206 -8302.26867235 8302.26867235 0.70588235 0.70588235 0.70588235
v 3885.64064606 -8131.72798365 8131.72798365 0.70588235 0.70588235 0.70588235
v 3631.37084990 -7985.28137424 7985.28137424 0.70588235 0.70588235 0.70588235
v 3300.00000000 -7872.90893854 7872.90893854 0.70588235 0.70588235 0.70588235
v 2914.11047216 -7802.26867235 7802.26867235 0.70588235 0.70588235 0.70588235
v 2500.00000000 -7778.17459305 7778.17459305 0.70588235 0.70588235 0.70588235
v 2085.88952784 -7802.26867235 7802.26867235 0.70588235 0.70588235 0.70588235
v 1700.00000000 -7872.90893854 7872.90893854 0.70588235 0.70588235 0.70588235
v 1368.62915010 -7985.28137424 7985.28137424 0.70588235 0.70588235 0.70588235
v 1114.35935394 -8131.72798365 8131.72798365 0.70588235 0.70588235 0.70588235
v 954.51867794 -8302.26867235 8302.26867235 0.70588235 0.70588235 0.70588235
v 900.00000000 -8485.28137424 8485.28137424 0.70588235 0.70588235 0.70588235
v 954.51867794 -8668.29407613 8668.29407613 0.70588235 0.70588235 0.70588235
v 1114.35935394 -8838.83476483 8838.83476483 0.70588235 0.70588235 0.70588235
v 1368.62915010 -8985.28137424 8985.28137424 0.70588235 0.70588235 0.70588235
v 1700.00000000 -9097.65380993 9097.65380993 0.70588235 0.70588235 0.70588235
v 2085.88952784 -9168.29407613 9168.29407613 0.70588235 0.70588235 0.70588235
v 2500.00000000 -9773.91749723 8571.49559630 0.70588235 0.70588235 0.70588235
v 2914.11047216 -9748.29917702 8549.02893246 0.70588235 0.70588235 0.70588235
v 3300.00000000 -9673.19006260 8483.16000696 0.70588235 0.70588235 0.70588235
v 3631.37084990 -9553.70871598 8378.37767821 0.70588235 0.70588235 0.70588235
v 3885.64064606 -9397.99759349 8241.82268875 0.70588235 0.70588235 0.70588235
v 4045.48132206 -9216.66815079 8082.80103546 0.70588235 0.70588235 0.70588235
v 4100.00000000 -9022.07768975 7912.14978120 0.70588235 0.70588235 0.70588235
v 4045.48132206 -8827.48722871 7741.49852694 0.70588235 0.70588235 0.70588235
v 3885.64064606 -8646.15778601 7582.47687365 0.70588235 0.70588235 0.70588235
v 3631.37084990 -8490.44666351 7445.92188420 0.70588235 0.70588235 0.70588235
v 3300.00000000 -8370.96531689 7341.13955545 0.70588235 0.70588235 0.70588235
v 2914.11047216 -8295.85620247 7275.27062994 0.70588235 0.70588235 0.70588235
v 2500.00000000 -8270.23788227 7252.80396610 0.70588235 0.70588235 0.70588235
v 2085.88952784 -8295.85620247 7275.27062994 0.70588235 0.70588235 0.70588235
v 1700.00000000 -8370.96531689 7341.13955545 0.70588235 0.70588235 0.70588235
v 1368.62915010 -8490.44666351 7445.92188420 0.70588235 0.70588235 0.70588235
v 1114.35935394 -8646.15778601 7582.47687365 0.70588235 0.70588235 0.70588235
v 954.51867794 -8827.48722871 7741.49852694 0.70588235 0.70588235 0.70588235
v 900.00000000 -9022.07768975 7912.14978120 0.70588235 0.70588235 0.70588235
v 954.51867794 -9216.66815079 8082.80103546 0.70588235 0.70588235 0.70588235
v 1114.35935394 -9397.99759349 8241.82268875 0.70588235 0.70588235 0.70588235
v 1368.62915010 -9553.70871598 8378.37767821 0.70588235 0.70588235 0.70588235
v 1700.00000000 -9673.19006260 8483.16000696 0.70588235 0.70588235 0.70588235
v 2085.88952784 -9748.29917702 8549.02893246 0.70588235 0.70588235 0.70588235
v 2500.00000000 -10313.59342379 7913.89857711 0.70588235 0.70588235 0.70588235
v 2914.11047216 -10286.56056425 7893.15553443 0.70588235 0.70588235 0.70588235
v 3300.00000000 -10207.30423036 7832.34001047 0.70588235 0.70588235 0.70588235
v 3631.37084990 -10081.22561029 7735.59648268 0.70588235 0.70588235 0.70588235
v 3885.64064606 -9916.91675364 7609.51786261 0.70588235 0.70588235 0.70588235
v 4045.48132206 -9725.57503746 7462.69619986 0.70588235 0.70588235 0.70588235
v 4100.00000000 -9520.24008349 7305.13714810 0.70588235 0.70588235 0.70588235
v 4045.48132206 -9314.90512953 7147.57809635 0.70588235 0.70588235 0.70588235
v 3885.64064606 -9123.56341335 7000.75643360 0.70588235 0.70588235 0.70588235
v 3631.37084990 -8959.25455670 6874.67781353 0.70588235 0.70588235 0.70588235
v 3300.00000000 -8833.17593663 6777.93428574 0.70588235 0.70588235 0.70588235
v 2914.11047216 -8753.91960273 6717.11876178 0.70588235 0.70588235 0.70588235
v 2500.00000000 -8726.88674320 6696.37571910 0.70588235 0.70588235 0.70588235
v 2085.88952784 -8753.91960273 6717.11876178 0.70588235 0.70588235 0.70588235
v 1700.00000000 -8833.17593663 6777.93428574 0.70588235 0.70588235 0.70588235
v 1368.62915010 -8959.25455670 6874.67781353 0.70588235 0.70588235 0.70588235
v 1114.35935394 -9123.56341335 7000.75643360 0.70588235 0.70588235 0.70588235
v 954.51867794 -9314.90512953 7147.57809635 0.70588235 0.70588235 0.70588235
v 900.00000000 -9520.24008349 7305.13714810 0.70588235 0.70588235 0.70588235
v 954.51867794 -9725.57503746 7462.69619986 0.70588235 0.70588235 0.70588235
v 1114.35935394 -9916.91675364 7609.51786261 0.70588235 0.70588235 0.70588235
v 1368.62915010 -10081.22561029 7735.59648268 0.70588235 0.70588235 0.70588235
v 1700.00000000 -10207.30423036 7832.34001047 0.70588235 0.70588235 0.70588235
v 2085.88952784 -10286.56056425 7893.15553443 0.70588235 0.70588235 0.70588235
v 2500.00000000 -10809.10495993 7222.41302925 0.70588235 0.70588235 0.70588235
v 2914.11047216 -10780.77331993 7203.48243263 0.70588235 0.70588235 0.70588235
v 3300.00000000 -10697.70915436 7147.98073162 0.70588235 0.70588235 0.70588235
v 3631.37084990 -10565.57314884 7059.69027543 0.70588235 0.70588235 0.70588235
v 3885.64064606 -10393.37015378 6944.62791275 0.70588235 0.70588235 0.70588235
v 4045.48132206 -10192.83551872 6810.63495343 0.70588235 0.70588235 0.70588235
v 4100.00000000 -9977.63534763 6666.84279624 0.70588235 0.70588235 0.70588235
v 4045.48132206 -9762.43517654 6523.05063904 0.70588235 0.70588235 0.70588235
v 3885.64064606 -9561.90054148 6389.05767973 0.70588235 0.70588235 0.70588235
v 3631.37084990 -9389.69754642 6273.99531704 0.70588235 0.70588235 0.70588235
v 3300.00000000 -9257.56154090 6185.70486085 0.70588235 0.70588235 0.70588235
v 2914.11047216 -9174.49737533 6130.20315984 0.70588235 0.70588235 0.70588235
v 2500.00000000 -9146.16573533 6111.27256322 0.70588235 0.70588235 0.70588235
v 2085.88952784 -9174.49737533 6130.20315984 0.70588235 0.70588235 0.70588235
v 1700.00000000 -9257.56154090 6185.70486085 0.70588235 0.70588235 0.70588235
v 1368.62915010 -9389.69754642 6273.99531704 0.70588235 0.70588235 0.70588235
v 1114.35935394 -9561.90054148 6389.05767973 0.70588235 0.70588235 0.70588235
v 954.51867794 -9762.43517654 6523.05063904 0.70588235 0.70588235 0.70588235
v 900.00000000 -9977.63534763 6666.84279624 0.70588235 0.70588235 0.70588235
v 954.51867794 -10192.83551872 6810.63495343 0.70588235 0.70588235 0.70588235
v 1114.35935394 -10393.37015378 6944.62791275 0.70588235 0.70588235 0.70588235
v 1368.62915010 -10565.57314884 7059.69027543 0.70588235 0.70588235 0.70588235
v 1700.00000000 -10697.70915436 7147.98073162 0.70588235 0.70588235 0.70588235
v 2085.88952784 -10780.77331993 7203.48243263 0.70588235 0.70588235 0.70588235
v 2500.00000000 -11258.33024920 6500.00000000 0.70588235 0.70588235 0.70588235
v 2914.11047216 -11228.82114915 6482.96291314 0.70588235 0.70588235 0.70588235
v 3300.00000000 -11142.30484541 6433.01270189 0.70588235 0.70588235 0.70588235
v 3631.37084990 -11004.67728111 6353.55339059 0.70588235 0.70588235 0.70588235
v 3885.64064606 -10825.31754731 6250.00000000 0.70588235 0.70588235 0.70588235
v 4045.48132206 -10616.44871346 6129.40952255 0.70588235 0.70588235 0.70588235
v 4100.00000000 -10392.30484541 6000.00000000 0.70588235 0.70588235 0.70588235
v 4045.48132206 -10168.16097737 5870.59047745 0.70588235 0.70588235 0.70588235
v 3885.64064606 -9959.29214352 5750.00000000 0.70588235 0.70588235 0.70588235
v 3631.37084990 -9779.93240972 5646.44660941 0.70588235 0.70588235 0.70588235
v 3300.00000000 -9642.30484541 5566.98729811 0.70588235 0.70588235 0.70588235
v 2914.11047216 -9555.78854168 5517.03708686 0.70588235 0.70588235 0.70588235
v 2500.00000000 -9526.27944163 5500.00000000 0.70588235 0.70588235 0.70588235
v 2085.88952784 -9555.78854168 5517.03708686 0.70588235 0.70588235 0.70588235
v 1700.00000000 -9642.30484541 5566.98729811 0.70588235 0.70588235 0.70588235
v 1368.62915010 -9779.93240972 5646.44660941 0.70588235 0.70588235 0.70588235
v 1114.35935394 -9959.29214352 5750.00000000 0.70588235 0.70588235 0.70588235
v 954.51867794 -10168.16097737 5870.59047745 0.70588235 0.70588235 0.70588235
v 900.00000000 -10392.30484541 6000.00000000 0.70588235 0.70588235 0.70588235
v 954.51867794 -10616.44871346 6129.40952255 0.70588235 0.70588235 0.70588235
v 1114.35935394 -10825.31754731 6250.00000000 0.70588235 0.70588235 0.70588235
v 1368.62915010 -11004.67728111 6353.55339059 0.70588235 0.70588235 0.70588235
v 1700.00000000 -11142.30484541 6433.01270189 0.70588235 0.70588235 0.70588235
v 2085.88952784 -11228.82114915 6482.96291314 0.70588235 0.70588235 0.70588235
v 2500.00000000 -11659.34563992 5749.75297285 0.70588235 0.70588235 0.70588235
v 2914.11047216 -11628.78544233 5734.68235119 0.70588235 0.70588235 0.70588235
v 3300.00000000 -11539.18747652 5690.49752416 0.70588235 0.70588235 0.70588235
v 3631.37084990 -11396.65769579 5620.20961472 0.70588235 0.70588235 0.70588235
v 3885.64064606 -11210.90926916 5528.60862774 0.70588235 0.70588235 0.70588235
v 4045.48132206 -10994.60064493 5421.93701909 0.70588235 0.70588235 0.70588235
v 4100.00000000 -10762.47289839 5307.46428263 0.70588235 0.70588235 0.70588235
v 4045.48132206 -10530.34515185 5192.99154617 0.70588235 0.70588235 0.70588235
v 3885.64064606 -10314.03652763 5086.31993752 0.70588235 0.70588235 0.70588235
v 3631.37084990 -10128.28810099 4994.71895053 0.70588235 0.70588235 0.70588235
v 3300.00000000 -9985.75832026 4924.43104109 0.70588235 0.70588235 0.70588235
v 2914.11047216 -9896.16035445 4880.24621407 0.70588235 0.70588235 0.70588235
v 2500.00000000 -9865.60015686 4865.17559241 0.70588235 0.70588235 0.70588235
v 2085.88952784 -9896.16035445 4880.24621407 0.70588235 0.70588235 0.70588235
v 1700.00000000 -9985.75832026 4924.43104109 0.70588235 0.70588235 0.70588235
v 1368.62915010 -10128.28810099 4994.71895053 0.70588235 0.70588235 0.70588235
v 1114.35935394 -10314.03652763 5086.31993752 0.70588235 0.70588235 0.70588235
v 954.51867794 -10530.34515185 5192.99154617 0.70588235 0.70588235 0.70588235
v 900.00000000 -10762.47289839 5307.46428263 0.70588235 0.70588235 0.70588235
v 954.51867794 -10994.60064493 5421.93701909 0.70588235 0.70588235 0.70588235
v 1114.35935394 -11210.90926916 5528.60862774 0.70588235 0.70588235 0.70588235
v 1368.62915010 -11396.65769579 5620.20961472 0.70588235 0.70588235 0.70588235
v 1700.00000000 -11539.18747652 5690.49752416 0.70588235 0.70588235 0.70588235
v 2085.88952784 -11628.78544233 5734.68235119 0.70588235 0.70588235 0.70588235
v 2500.00000000 -12010.43392265 4974.88462075 0.70588235 0.70588235 0.70588235
v 2914.11047216 -11978.95349097 4961.84499900 0.70588235 0.70588235 0.70588235
v 3300.00000000 -11886.65753533 4923.61476242 0.70588235 0.70588235 0.70588235
v 3631.37084990 -11739.83587257 4862.79923845 0.70588235 0.70588235 0.70588235
v 3885.64064606 -11548.49415639 4783.54290456 0.70588235 0.70588235 0.70588235
v 4045.48132206 -11325.67200853 4691.24694892 0.70588235 0.70588235 0.70588235
v 4100.00000000 -11086.55439014 4592.20118838 0.70588235 0.70588235 0.70588235
v 4045.48132206 -10847.43677174 4493.15542784 0.70588235 0.70588235 0.70588235
v 3885.64064606 -10624.61462388 4400.85947220 0.70588235 0.70588235 0.70588235
v 3631.37084990 -10433.27290770 4321.60313831 0.70588235 0.70588235 0.70588235
v 3300.00000000 -10286.45124494 4260.78761435 0.70588235 0.70588235 0.70588235
v 2914.11047216 -10194.15528930 4222.55737777 0.70588235 0.70588235 0.70588235
v 2500.00000000 -10162.67485762 4209.51775602 0.70588235 0.70588235 0.70588235
v 2085.88952784 -10194.15528930 4222.55737777 0.70588235 0.70588235 0.70588235
v 1700.00000000 -10286.45124494 4260.78761435 0.70588235 0.70588235 0.70588235
v 1368.62915010 -10433.27290770 4321.60313831 0.70588235 0.70588235 0.70588235
v 1114.35935394 -10624.61462388 4400.85947220 0.70588235 0.70588235 0.70588235
v 954.51867794 -10847.43677174 4493.15542784 0.70588235 0.70588235 0.70588235
v 900.00000000 -11086.55439014 4592.20118838 0.70588235 0.70588235 0.70588235
v 954.51867794 -11325.67200853 4691.24694892 0.70588235 0.70588235 0.70588235
v 1114.35935394 -11548.49415639 4783.54290456 0.70588235 0.70588235 0.70588235
v 1368.62915010 -11739.83587257 4862.79923845 0.70588235 0.70588235 0.70588235
v 1700.00000000 -11886.65753533 4923.61476242 0.70588235 0.70588235 0.70588235
v 2085.88952784 -11978.95349097 4961.84499900 0.70588235 0.70588235 0.70588235
v 2500.00000000 -12310.09168344 4178.71304894 0.70588235 0.70588235 0.70588235
v 2914.11047216 -12277.82582171 4167.76026476 0.70588235 0.70588235 0.70588235
v 3300.00000000 -12183.22710169 4135.64832637 0.70588235 0.70588235 0.70588235
v 3631.37084990 -12032.74226982 4084.56560929 0.70588235 0.70588235 0.70588235
v 3885.64064606 -11836.62661869 4017.99331629 0.70588235 0.70588235 0.70588235
v 4045.48132206 -11608.24510584 3940.46823911 0.70588235 0.70588235 0.70588235
v 4100.00000000 -11363.16155394 3857.27358364 0.70588235 0.70588235 0.70588235
v 4045.48132206 -11118.07800205 3774.07892817 0.70588235 0.70588235 0.70588235
v 3885.64064606 -10889.69648919 3696.55385099 0.70588235 0.70588235 0.70588235
v 3631.37084990 -10693.58083807 3629.98155798 0.70588235 0.70588235 0.70588235
v 3300.00000000 -10543.09600619 3578.89884091 0.70588235 0.70588235 0.70588235
v 2914.11047216 -10448.49728617 3546.78690251 0.70588235 0.70588235 0.70588235
v 2500.00000000 -10416.23142445 3535.83411833 0.70588235 0.70588235 0.70588235
v 2085.88952784 -10448.49728617 3546.78690251 0.70588235 0.70588235 0.70588235
v 1700.00000000 -10543.09600619 3578.89884091 0.70588235 0.70588235 0.70588235
v 1368.62915010 -10693.58083807 3629.98155798 0.70588235 0.70588235 0.70588235
v 1114.35935394 -10889.69648919 3696.55385099 0.70588235 0.70588235 0.70588235
v 954.51867794 -11118.07800205 3774.07892817 0.70588235 0.70588235 0.70588235
v 900.00000000 -11363.16155394 3857.27358364 0.70588235 0.70588235 0.70588235
v 954.51867794 -11608.24510584 3940.46823911 0.70588235 0.70588235 0.70588235
v 1114.35935394 -11836.62661869 4017.99331629 0.70588235 0.70588235 0.70588235
v 1368.62915010 -12032.74226982 4084.56560929 0.70588235 0.70588235 0.70588235
v 1700.00000000 -12183.22710169 4135.64832637 0.70588235 0.70588235 0.70588235
v 2085.88952784 -12277.82582171 4167.76026476 0.70588235 0.70588235 0.70588235
v 2500.00000000 -12557.03574176 3364.64758633 0.70588235 0.70588235 0.70588235
v 2914.11047216 -12524.12261736 3355.82854123 0.70588235 0.70588235 0.70588235
v 3300.00000000 -12427.62621921 3329.97240927 0.70588235 0.70588235 0.70588235
v 3631.37084990 -12274.12261736 3288.84124312 0.70588235 0.70588235 0.70588235
v 3885.64064606 -12074.07282861 3235.23806378 0.70588235 0.70588235 0.70588235
v 4045.48132206 -11841.10991547 3172.81583934 0.70588235 0.70588235 0.70588235
v 4100.00000000 -11591.10991547 3105.82854123 0.70588235 0.70588235 0.70588235
v 4045.48132206 -11341.10991547 3038.84124312 0.70588235 0.70588235 0.70588235
v 3885.64064606 -11108.14700232 2976.41901868 0.70588235 0.70588235 0.70588235
v 3631.37084990 -10908.09721358 2922.81583934 0.70588235 0.70588235 0.70588235
v 3300.00000000 -10754.59361173 2881.68467319 0.70588235 0.70588235 0.70588235
v 2914.11047216 -10658.09721358 2855.82854123 0.70588235 0.70588235 0.70588235
v 2500.00000000 -10625.18408918 2847.00949613 0.70588235 0.70588235 0.70588235
v 2085.88952784 -10658.09721358 2855.82854123 0.70588235 0.70588235 0.70588235
v 1700.00000000 -10754.59361173 2881.68467319 0.70588235 0.70588235 0.70588235
v 1368.62915010 -10908.09721358 2922.81583934 0.70588235 0.70588235 0.70588235
v 1114.35935394 -11108.14700232 2976.41901868 0.70588235 0.70588235 0.70588235
v 954.51867794 -11341.10991547 3038.84124312 0.70588235 0.70588235 0.70588235
v 900.00000000 -11591.10991547 3105.82854123 0.70588235 0.70588235 0.70588235
v 954.51867794 -11841.10991547 3172.81583934 0.70588235 0.70588235 0.70588235
v 1114.35935394 -12074.07282861 3235.23806378 0.70588235 0.70588235 0.70588235
v 1368.62915010 -12274.12261736 3288.84124312 0.70588235 0.70588235 0.70588235
v 1700.00000000 -12427.62621921 3329.97240927 0.70588235 0.70588235 0.70588235
v 2085.88952784 -12524.12261736 3355.82854123 0.70588235 0.70588235 0.70588235
v 2500.00000000 -12750.20864524 2536.17418621 0.70588235 0.70588235 0.70588235
v 2914.11047216 -12716.78919722 2529.52664469 0.70588235 0.70588235 0.70588235
v 3300.00000000 -12618.80833333 2510.03703909 0.70588235 0.70588235 0.70588235
v 3631.37084990 -12462.94328750 2479.03355384 0.70588235 0.70588235 0.70588235
v 3885.64064606 -12259.81600504 2438.62902520 0.70588235 0.70588235 0.70588235
v 4045.48132206 -12023.26927456 2391.57695505 0.70588235 0.70588235 0.70588235
v 4100.00000000 -11769.42336484 2341.08386419 0.70588235 0.70588235 0.70588235
v 4045.48132206 -11515.57745511 2290.59077334 0.70588235 0.70588235 0.70588235
v 3885.64064606 -11279.03072464 2243.53870319 0.70588235 0.70588235 0.70588235
v 3631.37084990 -11075.90344218 2203.13417455 0.70588235 0.70588235 0.70588235
v 3300.00000000 -10920.03839635 2172.13068930 0.70588235 0.70588235 0.70588235
v 2914.11047216 -10822.05753245 2152.64108370 0.70588235 0.70588235 0.70588235
v 2500.00000000 -10788.63808444 2145.99354218 0.70588235 0.70588235 0.70588235
v 2085.88952784 -10822.05753245 2152.64108370 0.70588235 0.70588235 0.70588235
v 1700.00000000 -10920.03839635 2172.13068930 0.70588235 0.70588235 0.70588235
v 1368.62915010 -11075.90344218 2203.13417455 0.70588235 0.70588235 0.70588235
v 1114.35935394 -11279.03072464 2243.53870319 0.70588235 0.70588235 0.70588235
v 954.51867794 -11515.57745511 2290.59077334 0.70588235 0.70588235 0.70588235
v 900.00000000 -11769.42336484 2341.08386419 0.70588235 0.70588235 0.70588235
v 954.51867794 -12023.26927456 2391.57695505 0.70588235 0.70588235 0.70588235
v 1114.35935394 -12259.81600504 2438.62902520 0.70588235 0.70588235 0.70588235
v 1368.62915010 -12462.94328750 2479.03355384 0.70588235 0.70588235 0.70588235
v 1700.00000000 -12618.80833333 2510.03703909 0.70588235 0.70588235 0.70588235
v 2085.88952784 -12716.78919722 2529.52664469 0.70588235 0.70588235 0.70588235
v 2500.00000000 -12888.78319786 1696.84049886 0.70588235 0.70588235 0.70588235
v 2914.11047216 -12855.00053343 1692.39292671 0.70588235 0.70588235 0.70588235
v 3300.00000000 -12755.95477289 1679.35330496 0.70588235 0.70588235 0.70588235
v 3631.37084990 -12598.39572114 1658.61026228 0.70588235 0.70588235 0.70588235
v 3885.64064606 -12393.06076717 1631.57740275 0.70588235 0.70588235 0.70588235
v 4045.48132206 -12153.94314878 1600.09697107 0.70588235 0.70588235 0.70588235
v 4100.00000000 -11897.33833649 1566.31430664 0.70588235 0.70588235 0.70588235
v 4045.48132206 -11640.73352419 1532.53164221 0.70588235 0.70588235 0.70588235
v 3885.64064606 -11401.61590580 1501.05121053 0.70588235 0.70588235 0.70588235
v 3631.37084990 -11196.28095184 1474.01835100 0.70588235 0.70588235 0.70588235
v 3300.00000000 -11038.72190008 1453.27530832 0.70588235 0.70588235 0.70588235
v 2914.11047216 -10939.67613954 1440.23568657 0.70588235 0.70588235 0.70588235
v 2500.00000000 -10905.89347511 1435.78811442 0.70588235 0.70588235 0.70588235
v 2085.88952784 -10939.67613954 1440.23568657 0.70588235 0.70588235 0.70588235
v 1700.00000000 -11038.72190008 1453.27530832 0.70588235 0.70588235 0.70588235
v 1368.62915010 -11196.28095184 1474.01835100 0.70588235 0.70588235 0.70588235
v 1114.35935394 -11401.61590580 1501.05121053 0.70588235 0.70588235 0.70588235
v 954.51867794 -11640.73352419 1532.53164221 0.70588235 0.70588235 0.70588235
v 900.00000000 -11897.33833649 1566.31430664 0.70588235 0.70588235 0.70588235
v 954.51867794 -12153.94314878 1600.09697107 0.70588235 0.70588235 0.70588235
v 1114.35935394 -12393.06076717 1631.57740275 0.70588235 0.70588235 0.70588235
v 1368.62915010 -12598.39572114 1658.61026228 0.70588235 0.70588235 0.70588235
v 1700.00000000 -12755.95477289 1679.35330496 0.70588235 0.70588235 0.70588235
v 2085.88952784 -12855.00053343 1692.39292671 0.70588235 0.70588235 0.70588235
v 2500.00000000 -12972.16600210 850.24067999 0.70588235 0.70588235 0.70588235
v 2914.11047216 -12938.16478381 848.01212241 0.70588235 0.70588235 0.70588235
v 3300.00000000 -12838.47825578 841.47832216 0.70588235 0.70588235 0.70588235
v 3631.37084990 -12679.89989015 831.08454695 0.70588235 0.70588235 0.70588235
v 3885.64064606 -12473.23654048 817.53911538 0.70588235 0.70588235 0.70588235
v 4045.48132206 -12232.57197252 801.76512622 0.70588235 0.70588235 0.70588235
v 4100.00000000 -11974.30707886 784.83755076 0.70588235 0.70588235 0.70588235
v 4045.48132206 -11716.04218520 767.90997531 0.70588235 0.70588235 0.70588235
v 3885.64064606 -11475.37761724 752.13598615 0.70588235 0.70588235 0.70588235
v 3631.37084990 -11268.71426757 738.59055457 0.70588235 0.70588235 0.70588235
v 3300.00000000 -11110.13590195 728.19677936 0.70588235 0.70588235 0.70588235
v 2914.11047216 -11010.44937391 721.66297912 0.70588235 0.70588235 0.70588235
v 2500.00000000 -10976.44815562 719.43442153 0.70588235 0.70588235 0.70588235
v 2085.88952784 -11010.44937391 721.66297912 0.70588235 0.70588235 0.70588235
v 1700.00000000 -11110.13590195 728.19677936 0.70588235 0.70588235 0.70588235
v 1368.62915010 -11268.71426757 738.59055457 0.70588235 0.70588235 0.70588235
v 1114.35935394 -11475.37761724 752.13598615 0.70588235 0.70588235 0.70588235
v 954.51867794 -11716.04218520 767.90997531 0.70588235 0.70588235 0.70588235
v 900.00000000 -11974.30707886 784.83755076 0.70588235 0.70588235 0.70588235
v 954.51867794 -12232.57197252 801.76512622 0.70588235 0.70588235 0.70588235
v 1114.35935394 -12473.23654048 817.53911538 0.70588235 0.70588235 0.70588235
v 1368.62915010 -12679.89989015 831.08454695 0.70588235 0.70588235 0.70588235
v 1700.00000000 -12838.47825578 841.47832216 0.70588235 0.70588235 0.70588235
v 2085.88952784 -12938.16478381 848.01212241 0.70588235 0.70588235 0.70588235
v 2500.00000000 -13000.00000000 0.00000000 0.70588235 0.70588235 0.70588235
v 2914.11047216 -12965.92582629 0.00000000 0.70588235 0.70588235 0.70588235
v 3300.00000000 -12866.02540378 0.00000000 0.70588235 0.70588235 0.70588235
v 3631.37084990 -12707.10678119 0.00000000 0.70588235 0.70588235 0.70588235
v 3885.64064606 -12500.00000000 0.00000000 0.70588235 0.70588235 0.70588235
v 4045.48132206 -12258.81904510 0.00000000 0.70588235 0.70588235 0.70588235
v 4100.00000000 -12000.00000000 0.00000000 0.70588235 0.70588235 0.70588235
v 4045.48132206 -11741.18095490 0.00000000 0.70588235 0.70588235 0.70588235
v 3885.64064606 -11500.00000000 0.00000000 0.70588235 0.70588235 0.70588235
v 3631.37084990 -11292.89321881 0.00000000 0.70588235 0.70588235 0.70588235
v 3300.00000000 -11133.97459622 0.00000000 0.70588235 0.70588235 0.70588235
v 2914.11047216 -11034.07417371 0.00000000 0.70588235 0.70588235 0.70588235
v 2500.00000000 -11000.00000000 0.00000000 0.70588235 0.70588235 0.70588235
v 2085.88952784 -11034.07417371 0.00000000 0.70588235 0.70588235 0.70588235
v 1700.00000000 -11133.97459622 0.00000000 0.70588235 0.70588235 0.70588235
v 1368.62915010 -11292.89321881 0.00000000 0.70588235 0.70588235 0.70588235
v 1114.35935394 -11500.00000000 0.00000000 0.70588235 0.70588235 0.70588235
v 954.51867794 -11741.18095490 0.00000000 0.70588235 0.70588235 0.70588235
v 900.00000000 -12000.00000000 0.00000000 0.70588235 0.70588235 0.70588235
v 954.51867794 -12258.81904510 0.00000000 0.70588235 0.70588235 0.70588235
v 1114.35935394 -12500.00000000 0.00000000 0.70588235 0.70588235 0.70588235
v 1368.62915010 -12707.10678119 0.00000000 0.70588235 0.70588235 0.70588235
v 1700.00000000 -12866.02540378 0.00000000 0.70588235 0.70588235 0.70588235
v 2085.88952784 -12965.92582629 0.00000000 0.70588235 0.70588235 0.70588235
v 2500.00000000 -12972.16600210 -850.24067999 0.70588235 0.70588235 0.70588235
v 2914.11047216 -12938.16478381 -848.01212241 0.70588235 0.70588235 0.70588235
v 3300.00000000 -12838.47825578 -841.47832216 0.70588235 0.70588235 0.70588235
v 3631.37084990 -12679.89989015 -831.08454695 0.70588235 0.70588235 0.70588235
v 3885.64064606 -12473.23654048 -817.53911538 0.70588235 0.70588235 0.70588235
v 4045.48132206 -12232.57197252 -801.76512622 0.70588235 0.70588235 0.70588235
v 4100.00000000 -11974.30707886 -784.83755076 0.70588235 0.70588235 0.70588235
v 4045.48132206 -11716.04218520 -767.90997531 0.70588235 0.70588235 0.70588235
v 3885.64064606 -11475.37761724 -752.13598615 0.70588235 0.70588235 0.70588235
v 3631.37084990 -11268.71426757 -738.59055457 0.70588235 0.70588235 0.70588235
v 3300.00000000 -11110.13590195 -728.19677936 0.70588235 0.70588235 0.70588235
v 2914.11047216 -11010.44937391 -721.66297912 0.70588235 0.70588235 0.70588235
v 2500.00000000 -10976.44815562 -719.43442153 0.70588235 0.70588235 0.70588235
v 2085.88952784 -11010.44937391 -721.66297912 0.70588235 0.70588235 0.70588235
v 1700.00000000 -11110.13590195 -728.19677936 0.70588235 0.70588235 0.70588235
v 1368.62915010 -11268.71426757 -738.59055457 0.70588235 0.70588235 0.70588235
v 1114.35935394 -11475.37761724 -752.13598615 0.70588235 0.70588235 0.70588235
v 954.51867794 -11716.04218520 -767.90997531 0.70588235 0.70588235 0.70588235
v 900.00000000 -11974.30707886 -784.83755076 0.70588235 0.70588235 0.70588235
v 954.51867794 -12232.57197252 -801.76512622 0.70588235 0.70588235 0.70588235
v 1114.35935394 -12473.23654048 -817.53911538 0.70588235 0.70588235 0.70588235
v 1368.62915010 -12679.89989015 -831.08454695 0.70588235 0.70588235 0.70588235
v 1700.00000000 -12838.47825578 -841.47832216 0.70588235 0.70588235 0.70588235
v 2085.88952784 -12938.16478381 -848.01212241 0.70588235 0.70588235 0.70588235
v 2500.00000000 -12888.78319786 -1696.84049886 0.70588235 0.70588235 0.70588235
v 2914.11047216 -12855.00053343 -1692.39292671 0.70588235 0.70588235 0.70588235
v 3300.00000000 -12755.95477289 -1679.35330496 0.70588235 0.70588235 0.70588235
v 3631.37084990 -12598.39572114 -1658.61026228 0.70588235 0.70588235 0.70588235
v 3885.64064606 -12393.06076717 -1631.57740275 0.70588235 0.70588235 0.70588235
v 4045.48132206 -12153.94314878 -1600.09697107 0.70588235 0.70588235 0.70588235
v 4100.00000000 -11897.33833649 -1566.31430664 0.70588235 0.70588235 0.70588235
v 4045.48132206 -11640.73352419 -1532.53164221 0.70588235 0.70588235 0.70588235
v 3885.64064606 -11401.61590580 -1501.05121053 0.70588235 0.70588235 0.70588235
v 3631.37084990 -11196.28095184 -1474.01835100 0.70588235 0.70588235 0.70588235
v 3300.00000000 -11038.72190008 -1453.27530832 0.70588235 0.70588235 0.70588235
v 2914.11047216 -10939.67613954 -1440.23568657 0.70588235 0.70588235 0.70588235
v 2500.00000000 -10905.89347511 -1435.78811442 0.70588235 0.70588235 0.70588235
v 2085.88952784 -10939.67613954 -1440.23568657 0.70588235 0.70588235 0.70588235
v 1700.00000000 -11038.72190008 -1453.27530832 0.70588235 0.70588235 0.70588235
v 1368.62915010 -11196.28095184 -1474.01835100 0.70588235 0.70588235 0.70588235
v 1114.35935394 -11401.61590580 -1501.05121053 0.70588235 0.70588235 0.70588235
v 954.51867794 -11640.73352419 -1532.53164221 0.70588235 0.70588235 0.70588235
v 900.00000000 -11897.33833649 -1566.31430664 0.70588235 0.70588235 0.70588235
v 954.51867794 -12153.94314878 -1600.09697107 0.70588235 0.70588235 0.70588235
v 1114.35935394 -12393.06076717 -1631.57740275 0.70588235 0.70588235 0.70588235
v 1368.62915010 -12598.39572114 -1658.61026228 0.70588235 0.70588235 0.70588235
v 1700.00000000 -12755.95477289 -1679.35330496 0.70588235 0.70588235 0.70588235
v 2085.88952784 -12855.00053343 -1692.39292671 0.70588235 0.70588235 0.70588235
v 2500.00000000 -12750.20864524 -2536.17418621 0.70588235 0.70588235 0.70588235
v 2914.11047216 -12716.78919722 -2529.52664469 0.70588235 0.70588235 0.70588235
v 3300.00000000 -12618.80833333 -2510.03703909 0.70588235 0.70588235 0.70588235
v 3631.37084990 -12462.94328750 -2479.03355383 0.70588235 0.70588235 0.70588235
v 3885.64064606 -12259.81600504 -2438.62902520 0.70588235 0.70588235 0.70588235
v 4045.48132206 -12023.26927456 -2391.57695505 0.70588235 0.70588235 0.70588235
v 4100.00000000 -11769.42336484 -2341.08386419 0.70588235 0.70588235 0.70588235
v 4045.48132206 -11515.57745511 -2290.59077334 0.70588235 0.70588235 0.70588235
v 3885.64064606 -11279.03072464 -2243.53870319 0.70588235 0.70588235 0.70588235
v 3631.37084990 -11075.90344218 -2203.13417455 0.70588235 0.70588235 0.70588235
v 3300.00000000 -10920.03839635 -2172.13068930 0.70588235 0.70588235 0.70588235
v 2914.11047216 -10822.05753245 -2152.64108370 0.70588235 0.70588235 0.70588235
v 2500.00000000 -10788.63808444 -2145.99354218 0.70588235 0.70588235 0.70588235
v 2085.88952784 -10822.05753245 -2152.64108370 0.70588235 0.70588235 0.70588235
v 1700.00000000 -10920.03839635 -2172.13068930 0.70588235 0.70588235 0.70588235
v 1368.62915010 -11075.90344218 -2203.13417455 0.70588235 0.70588235 0.70588235
v 1114.35935394 -11279.03072464 -2243.53870319 0.70588235 0.70588235 0.70588235
v 954.51867794 -11515.57745511 -2290.59077334 0.70588235 0.70588235 0.70588235
v 900.00000000 -11769.42336484 -2341.08386419 0.70588235 0.70588235 0.70588235
v 954.51867794 -12023.26927456 -2391.57695505 0.70588235 0.70588235 0.70588235
v 1114.35935394 -12259.81600504 -2438.62902520 0.70588235 0.70588235 0.70588235
v 1368.62915010 -12462.94328750 -2479.03355383 0.70588235 0.70588235 0.70588235
v 1700.00000000 -12618.80833333 -2510.03703909 0.70588235 0.70588235 0.70588235
v 2085.88952784 -12716.78919722 -2529.52664469 0.70588235 0.70588235 0.70588235
v 2500.00000000 -12557.03574176 -3364.64758633 0.70588235 0.70588235 0.70588235
v 2914.11047216 -12524.12261736 -3355.82854123 0.70588235 0.70588235 0.70588235
v 3300.00000000 -12427.62621921 -3329.97240927 0.70588235 0.70588235 0.70588235
v 3631.37084990 -12274.12261736 -3288.84124312 0.70588235 0.70588235 0.70588235
v 3885.64064606 -12074.07282861 -3235.23806378 0.70588235 0.70588235 0.70588235
v 4045.48132206 -11841.10991547 -3172.81583934 0.70588235 0.70588235 0.70588235
v 4100.00000000 -11591.10991547 -3105.82854123 0.70588235 0.70588235 0.70588235
v 4045.48132206 -11341.10991547 -3038.84124312 0.70588235 0.70588235 0.70588235
v 3885.64064606 -11108.14700232 -2976.41901868 0.70588235 0.70588235 0.70588235
v 3631.37084990 -10908.09721358 -2922.81583934 0.70588235 0.70588235 0.70588235
v 3300.00000000 -10754.59361173 -2881.68467319 0.70588235 0.70588235 0.70588235
v 2914.11047216 -10658.09721358 -2855.82854123 0.70588235 0.70588235 0.70588235
v 2500.00000000 -10625.18408918 -2847.00949613 0.70588235 0.70588235 0.70588235
v 2085.88952784 -10658.09721358 -2855.82854123 0.70588235 0.70588235 0.70588235
v 1700.00000000 -10754.59361173 -2881.68467319 0.70588235 0.70588235 0.70588235
v 1368.62915010 -10908.09721358 -2922.81583934 0.70588235 0.70588235 0.70588235
v 1114.35935394 -11108.14700232 -2976.41901868 0.70588235 0.70588235 0.70588235
v 954.51867794 -11341.10991547 -3038.84124312 0.70588235 0.70588235 0.70588235
v 900.00000000 -11591.10991547 -3105.82854123 0.70588235 0.70588235 0.70588235
v 954.51867794 -11841.10991547 -3172.81583934 0.70588235 0.70588235 0.70588235
v 1114.35935394 -12074.07282861 -3235.23806378 0.70588235 0.70588235 0.70588235
v 1368.62915010 -12274.12261736 -3288.84124312 0.70588235 0.70588235 0.70588235
v 1700.00000000 -12427.62621921 -3329.97240927 0.70588235 0.70588235 0.70588235
v 2085.88952784 -12524.12261736 -3355.82854123 0.70588235 0.70588235 0.70588235
v 2500.00000000 -12310.09168344 -4178.71304894 0.70588235 0.70588235 0.70588235
v 2914.11047216 -12277.82582171 -4167.76026476 0.70588235 0.70588235 0.70588235
v 3300.00000000 -12183.22710169 -4135.64832637 0.70588235 0.70588235 0.70588235
v 3631.37084990 -12032.74226982 -4084.56560929 0.70588235 0.70588235 0.70588235
v 3885.64064606 -11836.62661869 -4017.99331629 0.70588235 0.70588235 0.70588235
v 4045.48132206 -11608.24510584 -3940.46823911 0.70588235 0.70588235 0.70588235
v 4100.00000000 -11363.16155394 -3857.27358364 0.70588235 0.70588235 0.70588235
v 4045.48132206 -11118.07800205 -3774.07892817 0.70588235 0.70588235 0.70588235
v 3885.64064606 -10889.69648919 -3696.55385099 0.70588235 0.70588235 0.70588235
v 3631.37084990 -10693.58083807 -3629.98155798 0.70588235 0.70588235 0.70588235
v 3300.00000000 -10543.09600619 -3578.89884091 0.70588235 0.70588235 0.70588235
v 2914.11047216 -10448.49728617 -3546.78690251 0.70588235 0.70588235 0.70588235
v 2500.00000000 -10416.23142445 -3535.83411833 0.70588235 0.70588235 0.70588235
v 2085.88952784 -10448.49728617 -3546.78690251 0.70588235 0.70588235 0.70588235
v 1700.00000000 -10543.09600619 -3578.89884091 0.70588235 0.70588235 0.70588235
v 1368.62915010 -10693.58083807 -3629.98155798 0.70588235 0.70588235 0.70588235
v 1114.35935394 -10889.69648919 -3696.55385099 0.70588235 0.70588235 0.70588235
v 954.51867794 -11118.07800205 -3774.07892817 0.70588235 0.70588235 0.70588235
v 900.00000000 -11363.16155394 -3857.27358364 0.70588235 0.70588235 0.70588235
v 954.51867794 -11608.24510584 -3940.46823911 0.70588235 0.70588235 0.70588235
v 1114.35935394 -11836.62661869 -4017.99331629 0.70588235 0.70588235 0.70588235
v 1368.62915010 -12032.74226982 -4084.56560929 0.70588235 0.70588235 0.70588235
v 1700.00000000 -12183.22710169 -4135.64832637 0.70588235 0.70588235 0.70588235
v 2085.88952784 -12277.82582171 -4167.76026476 0.70588235 0.70588235 0.70588235
v 2500.00000000 -12010.43392265 -4974.88462075 0.70588235 0.70588235 0.70588235
v 2914.11047216 -11978.95349097 -4961.84499900 0.70588235 0.70588235 0.70588235
v 3300.00000000 -11886.65753533 -4923.61476242 0.70588235 0.70588235 0.70588235
v 3631.37084990 -11739.83587257 -4862.79923845 0.70588235 0.70588235 0.70588235
v 3885.64064606 -11548.49415639 -4783.54290456 0.70588235 0.70588235 0.70588235
v 4045.48132206 -11325.67200853 -4691.24694892 0.70588235 0.70588235 0.70588235
v 4100.00000000 -11086.55439014 -4592.20118838 0.70588235 0.70588235 0.70588235
v 4045.48132206 -10847.43677174 -4493.15542784 0.70588235 0.70588235 0.70588235
v 3885.64064606 -10624.61462388 -4400.85947220 0.70588235 0.70588235 0.70588235
v 3631.37084990 -10433.27290770 -4321.60313831 0.70588235 0.70588235 0.70588235
v 3300.00000000 -10286.45124494 -4260.78761435 0.70588235 0.70588235 0.70588235
v 2914.11047216 -10194.15528930 -4222.55737777 0.70588235 0.70588235 0.70588235
v 2500.00000000 -10162.67485762 -4209.51775602 0.70588235 0.70588235 0.70588235
v 2085.88952784 -10194.15528930 -4222.55737777 0.70588235 0.70588235 0.70588235
v 1700.00000000 -10286.45124494 -4260.78761435 0.70588235 0.70588235 0.70588235
v 1368.62915010 -10433.27290770 -4321.60313831 0.70588235 0.70588235 0.70588235
v 1114.35935394 -10624.61462388 -4400.85947220 0.70588235 0.70588235 0.70588235
v 954.51867794 -10847.43677174 -4493.15542784 0.70588235 0.70588235 0.70588235
v 900.00000000 -11086.55439014 -4592.20118838 0.70588235 0.70588235 0.70588235
v 954.51867794 -11325.67200853 -4691.24694892 0.70588235 0.70588235 0.70588235
v 1114.35935394 -11548.49415639 -4783.54290456 0.70588235 0.70588235 0.70588235
v 1368.62915010 -11739.83587257 -4862.79923845 0.70588235 0.70588235 0.70588235
v 1700.00000000 -11886.65753533 -4923.61476242 0.70588235 0.70588235 0.70588235
v 2085.88952784 -11978.95349097 -4961.84499900 0.70588235 0.70588235 0.70588235
v 2500.00000000 -11659.34563992 -5749.75297285 0.70588235 0.70588235 0.70588235
v 2914.11047216 -11628.78544233 -5734.68235119 0.70588235 0.70588235 0.70588235
v 3300.00000000 -11539.18747652 -5690.49752416 0.70588235 0.70588235 0.70588235
v 3631.37084990 -11396.65769579 -5620.20961472 0.70588235 0.70588235 0.70588235
v 3885.64064606 -11210.90926916 -5528.60862774 0.70588235 0.70588235 0.70588235
v 4045.48132206 -10994.60064493 -5421.93701909 0.70588235 0.70588235 0.70588235
v 4100.00000000 -10762.47289839 -5307.46428263 0.70588235 0.70588235 0.70588235
v 4045.48132206 -10530.34515185 -5192.99154617 0.70588235 0.70588235 0.70588235
v 3885.64064606 -10314.03652763 -5086.31993752 0.70588235 0.70588235 0.70588235
v 3631.37084990 -10128.28810099 -4994.71895053 0.70588235 0.70588235 0.70588235
v 3300.00000000 -9985.75832026 -4924.43104109 0.70588235 0.70588235 0.70588235
v 2914.11047216 -9896.16035445 -4880.24621407 0.70588235 0.70588235 0.70588235
v 2500.00000000 -9865.60015686 -4865.17559241 0.70588235 0.70588235 0.70588235
v 2085.88952784 -9896.16035445 -4880.24621407 0.70588235 0.70588235 0.70588235
v 1700.00000000 -9985.75832026 -4924.43104109 0.70588235 0.70588235 0.70588235
v 1368.62915010 -10128.28810099 -4994.71895053 0.70588235 0.70588235 0.70588235
v 1114.35935394 -10314.03652763 -5086.31993752 0.70588235 0.70588235 0.70588235
v 954.51867794 -10530.34515185 -5192.99154617 0.70588235 0.70588235 0.70588235
v 900.00000000 -10762.47289839 -5307.46428263 0.70588235 0.70588235 0.70588235
v 954.51867794 -10994.60064493 -5421.93701909 0.70588235 0.70588235 0.70588235
v 1114.35935394 -11210.90926916 -5528.60862774 0.70588235 0.70588235 0.70588235
v 1368.62915010 -11396.65769579 -5620.20961472 0.70588235 0.70588235 0.70588235
v 1700.00000000 -11539.18747652 -5690.49752416 0.70588235 0.70588235 0.70588235
v 2085.88952784 -11628.78544233 -5734.68235119 0.70588235 0.70588235 0.70588235
v 2500.00000000 -11258.33024920 -6500.00000000 0.70588235 0.70588235 0.70588235
v 2914.11047216 -11228.82114915 -6482.96291314 0.70588235 0.70588235 0.70588235
v 3300.00000000 -11142.30484541 -6433.01270189 0.70588235 0.70588235 0.70588235
v 3631.37084990 -11004.67728111 -6353.55339059 0.70588235 0.70588235 0.70588235
v 3885.64064606 -10825.31754731 -6250.00000000 0.70588235 0.70588235 0.70588235
v 4045.48132206 -10616.44871346 -6129.40952255 0.70588235 0.70588235 0.70588235
v 4100.00000000 -10392.30484541 -6000.00000000 0.70588235 0.70588235 0.70588235
v 4045.48132206 -10168.16097737 -5870.59047745 0.70588235 0.70588235 0.70588235
v 3885.64064606 -9959.29214352 -5750.00000000 0.70588235 0.70588235 0.70588235
v 3631.37084990 -9779.93240972 -5646.44660941 0.70588235 0.70588235 0.70588235
v 3300.00000000 -9642.30484541 -5566.98729811 0.70588235 0.70588235 0.70588235
v 2914.11047216 -9555.78854168 -5517.03708686 0.70588235 0.70588235 0.70588235
v 2500.00000000 -9526.27944163 -5500.00000000 0.70588235 0.70588235 0.70588235
v 2085.88952784 -9555.78854168 -5517.03708686 0.70588235 0.70588235 0.70588235
v 1700.00000000 -9642.30484541 -5566.98729811 0.70588235 0.70588235 0.70588235
v 1368.62915010 -9779.93240972 -5646.44660941 0.70588235 0.70588235 0.70588235
v 1114.35935394 -9959.29214352 -5750.00000000 0.70588235 0.70588235 0.70588235
v 954.51867794 -10168.16097737 -5870.59047745 0.70588235 0.70588235 0.70588235
v 900.00000000 -10392.30484541 -6000.00000000 0.70588235 0.70588235 0.70588235
v 954.51867794 -10616.44871346 -6129.40952255 0.70588235 0.70588235 0.70588235
v 1114.35935394 -10825.31754731 -6250.00000000 0.70588235 0.70588235 0.70588235
v 1368.62915010 -11004.67728111 -6353.55339059 0.70588235 0.70588235 0.70588235
v 1700.00000000 -11142.30484541 -6433.01270189 0.70588235 0.70588235 0.70588235
v 2085.88952784 -11228.82114915 -6482.96291314 0.70588235 0.70588235 0.70588235
v 2500.00000000 -10809.10495993 -7222.41302925 0.70588235 0.70588235 0.70588235
v 2914.11047216 -10780.77331993 -7203.48243263 0.70588235 0.70588235 0.70588235
v 3300.00000000 -10697.70915436 -7147.98073162 0.70588235 0.70588235 0.70588235
v 3631.37084990 -10565.57314884 -7059.69027543 0.70588235 0.70588235 0.70588235
v 3885.64064606 -10393.37015378 -6944.62791275 0.70588235 0.70588235 0.70588235
v 4045.48132206 -10192.83551872 -6810.63495343 0.70588235 0.70588235 0.70588235
v 4100.00000000 -9977.63534763 -6666.84279624 0.70588235 0.70588235 0.70588235
v 4045.48132206 -9762.43517654 -6523.05063904 0.70588235 0.70588235 0.70588235
v 3885.64064606 -9561.90054148 -6389.05767973 0.70588235 0.70588235 0.70588235
v 3631.37084990 -9389.69754642 -6273.99531704 0.70588235 0.70588235 0.70588235
v 3300.00000000 -9257.56154090 -6185.70486085 0.70588235 0.70588235 0.70588235
v 2914.11047216 -9174.49737533 -6130.20315984 0.70588235 0.70588235 0.70588235
v 2500.00000000 -9146.16573533 -6111.27256322 0.70588235 0.70588235 0.70588235
v 2085.88952784 -9174.49737533 -6130.20315984 0.70588235 0.70588235 0.70588235
v 1700.00000000 -9257.56154090 -6185.70486085 0.70588235 0.70588235 0.70588235
v 1368.62915010 -9389.69754642 -6273.99531704 0.70588235 0.70588235 0.70588235
v 1114.35935394 -9561.90054148 -6389.05767973 0.70588235 0.70588235 0.70588235
v 954.51867794 -9762.43517654 -6523.05063904 0.70588235 0.70588235 0.70588235
v 900.00000000 -9977.63534763 -6666.84279624 0.70588235 0.70588235 0.70588235
v 954.51867794 -10192.83551872 -6810.63495343 0.70588235 0.70588235 0.70588235
v 1114.35935394 -10393.37015378 -6944.62791275 0.70588235 0.70588235 0.70588235
v 1368.62915010 -10565.57314884 -7059.69027543 0.70588235 0.70588235 0.70588235
v 1700.00000000 -10697.70915436 -7147.98073162 0.70588235 0.70588235 0.70588235
v 2085.88952784 -10780.77331993 -7203.48243263 0.70588235 0.70588235 0.70588235
v 2500.00000000 -10313.59342379 -7913.89857711 0.70588235 0.70588235 0.70588235
v 2914.11047216 -10286.56056425 -7893.15553443 0.70588235 0.70588235 0.70588235
v 3300.00000000 -10207.30423036 -7832.34001047 0.70588235 0.70588235 0.70588235
v 3631.37084990 -10081.22561029 -7735.59648268 0.70588235 0.70588235 0.70588235
v 3885.64064606 -9916.91675364 -7609.51786261 0.70588235 0.70588235 0.70588235
v 4045.48132206 -9725.57503746 -7462.69619986 0.70588235 0.70588235 0.70588235
v 4100.00000000 -9520.24008349 -7305.13714810 0.70588235 0.70588235 0.70588235
v 4045.48132206 -9314.90512953 -7147.57809635 0.70588235 0.70588235 0.70588235
v 3885.64064606 -9123.56341335 -7000.75643360 0.70588235 0.70588235 0.70588235
v 3631.37084990 -8959.25455670 -6874.67781353 0.70588235 0.70588235 0.70588235
v 3300.00000000 -8833.17593663 -6777.93428574 0.70588235 0.70588235 0.70588235
v 2914.11047216 -8753.91960273 -6717.11876178 0.70588235 0.70588235 0.70588235
v 2500.00000000 -8726.88674320 -6696.37571910 0.70588235 0.70588235 0.70588235
v 2085.88952784 -8753.91960273 -6717.11876178 0.70588235 0.70588235 0.70588235
v 1700.00000000 -8833.17593663 -6777.93428574 0.70588235 0.70588235 0.70588235
v 1368.62915010 -8959.25455670 -6874.67781353 0.70588235 0.70588235 0.70588235
v 1114.35935394 -9123.56341335 -7000.75643360 0.70588235 0.70588235 0.70588235
v 954.51867794 -9314.90512953 -7147.57809635 0.70588235 0.70588235 0.70588235
v 900.00000000 -9520.24008349 -7305.13714810 0.70588235 0.70588235 0.70588235
v 954.51867794 -9725.57503746 -7462.69619986 0.70588235 0.70588235 0.70588235
v 1114.35935394 -9916.91675364 -7609.51786261 0.70588235 0.70588235 0.70588235
v 1368.62915010 -10081.22561029 -7735.59648268 0.70588235 0.70588235 0.70588235
v 1700.00000000 -10207.30423036 -7832.34001047 0.70588235 0.70588235 0.70588235
v 2085.88952784 -10286.56056425 -7893.15553443 0.70588235 0.70588235 0.70588235
v 2500.00000000 -9773.91749723 -8571.49559630 0.70588235 0.70588235 0.70588235
v 2914.11047216 -9748.29917702 -8549.02893246 0.70588235 0.70588235 0.70588235
v 3300.00000000 -9673.19006260 -8483.16000696 0.70588235 0.70588235 0.70588235
v 3631.37084990 -9553.70871598 -8378.37767821 0.70588235 0.70588235 0.70588235
v 3885.64064606 -9397.99759349 -8241.82268875 0.70588235 0.70588235 0.70588235
v 4045.48132206 -9216.66815079 -8082.80103546 0.70588235 0.70588235 0.70588235
v 4100.00000000 -9022.07768975 -7912.14978120 0.70588235 0.70588235 0.70588235
v 4045.48132206 -8827.48722871 -7741.49852694 0.70588235 0.70588235 0.70588235
v 3885.64064606 -8646.15778601 -7582.47687365 0.70588235 0.70588235 0.70588235
v 3631.37084990 -8490.44666351 -7445.92188420 0.70588235 0.70588235 0.70588235
v 3300.00000000 -8370.96531689 -7341.13955545 0.70588235 0.70588235 0.70588235
v 2914.11047216 -8295.85620247 -7275.27062994 0.70588235 0.70588235 0.70588235
v 2500.00000000 -8270.23788227 -7252.80396610 0.70588235 0.70588235 0.70588235
v 2085.88952784 -8295.85620247 -7275.27062994 0.70588235 0.70588235 0.70588235
v 1700.00000000 -8370.96531689 -7341.13955545 0.70588235 0.70588235 0.70588235
v 1368.62915010 -8490.44666351 -7445.92188420 0.70588235 0.70588235 0.70588235
v 1114.35935394 -8646.15778601 -7582.47687365 0.70588235 0.70588235 0.70588235
v 954.51867794 -8827.48722871 -7741.49852694 0.70588235 0.70588235 0.70588235
v 900.00000000 -9022.07768975 -7912.14978120 0.70588235 0.70588235 0.70588235
v 954.51867794 -9216.66815079 -8082.80103546 0.70588235 0.70588235 0.70588235
v 1114.35935394 -9397.99759349 -8241.82268875 0.70588235 0.70588235 0.70588235
v 1368.62915010 -9553.70871598 -8378.37767821 0.70588235 0.70588235 0.70588235
v 1700.00000000 -9673.19006260 -8483.16000696 0.70588235 0.70588235 0.70588235
v 2085.88952784 -9748.29917702 -8549.02893246 0.70588235 0.70588235 0.70588235
v 2500.00000000 -9192.38815543 -9192.38815543 0.70588235 0.70588235 0.70588235
v 2914.11047216 -9168.29407613 -9168.29407613 0.70588235 0.70588235 0.70588235
v 3300.00000000 -9097.65380993 -9097.65380993 0.70588235 0.70588235 0.70588235
v 3631.37084990 -8985.28137424 -8985.28137424 0.70588235 0.70588235 0.70588235
v 3885.64064606 -8838.83476483 -8838.83476483 0.70588235 0.70588235 0.70588235
v 4045.48132206 -8668.29407613 -8668.29407613 0.70588235 0.70588235 0.70588235
v 4100.00000000 -8485.28137424 -8485.28137424 0.70588235 0.70588235 0.70588235
v 4045.48132206 -8302.26867235 -8302.26867235 0.70588235 0.70588235 0.70588235
v 3885.64064606 -8131.72798365 -8131.72798365 0.70588235 0.70588235 0.70588235
v 3631.37084990 -7985.28137424 -7985.28137424 0.70588235 0.70588235 0.70588235
v 3300.00000000 -7872.90893854 -7872.90893854 0.70588235 0.70588235 0.70588235
v 2914.11047216 -7802.26867235 -7802.26867235 0.70588235 0.70588235 0.70588235
v 2500.00000000 -7778.17459305 -7778.17459305 0.70588235 0.70588235 0.70588235
v 2085.88952784 -7802.26867235 -7802.26867235 0.70588235 0.70588235 0.70588235
v 1700.00000000 -7872.90893854 -7872.90893854 0.70588235 0.70588235 0.70588235
v 1368.62915010 -7985.28137424 -7985.28137424 0.70588235 0.70588235 0.70588235
v 1114.35935394 -8131.72798365 -8131.72798365 0.70588235 0.70588235 0.70588235
v 954.51867794 -8302.26867235 -8302.26867235 0.70588235 0.70588235 0.70588235
v 900.00000000 -8485.28137424 -8485.28137424 0.70588235 0.70588235 0.70588235
v 954.51867794 -8668.29407613 -8668.29407613 0.70588235 0.70588235 0.70588235
v 1114.35935394 -8838.83476483 -8838.83476483 0.70588235 0.70588235 0.70588235
v 1368.62915010 -8985.28137424 -8985.28137424 0.70588235 0.70588235 0.70588235
v 1700.00000000 -9097.65380993 -9097.65380993 0.70588235 0.70588235 0.70588235
v 2085.88952784 -9168.29407613 -9168.29407613 0.70588235 0.70588235 0.70588235
v 2500.00000000 -8571.49559630 -9773.91749723 0.70588235 0.70588235 0.70588235
v 2914.11047216 -8549.02893246 -9748.29917702 0.70588235 0.70588235 0.70588235
v 3300.00000000 -8483.16000696 -9673.19006260 0.70588235 0.70588235 0.70588235
v 3631.37084990 -8378.37767821 -9553.70871598 0.70588235 0.70588235 0.70588235
v 3885.64064606 -8241.82268875 -9397.99759349 0.70588235 0.70588235 0.70588235
v 4045.48132206 -8082.80103546 -9216.66815079 0.70588235 0.70588235 0.70588235
v 4100.00000000 -7912.14978120 -9022.07768975 0.70588235 0.70588235 0.70588235
v 4045.48132206 -7741.49852694 -8827.48722871 0.70588235 0.70588235 0.70588235
v 3885.64064606 -7582.47687365 -8646.15778601 0.70588235 0.70588235 0.70588235
v 3631.37084990 -7445.92188420 -8490.44666351 0.70588235 0.70588235 0.70588235
v 3300.00000000 -7341.13955545 -8370.96531689 0.70588235 0.70588235 0.70588235
v 2914.11047216 -7275.27062994 -8295.85620247 0.70588235 0.70588235 0.70588235
v 2500.00000000 -7252.80396610 -8270.23788227 0.70588235 0.70588235 0.70588235
v 2085.88952784 -7275.27062994 -8295.85620247 0.70588235 0.70588235 0.70588235
v 1700.00000000 -7341.13955545 -8370.96531689 0.70588235 0.70588235 0.70588235
v 1368.62915010 -7445.92188420 -8490.44666351 0.70588235 0.70588235 0.70588235
v 1114.35935394 -7582.47687365 -8646.15778601 0.70588235 0.70588235 0.70588235
v 954.51867794 -7741.49852694 -8827.48722871 0.70588235 0.70588235 0.70588235
v 900.00000000 -7912.14978120 -9022.07768975 0.70588235 0.70588235 0.70588235
v 954.51867794 -8082.80103546 -9216.66815079 0.70588235 0.70588235 0.70588235
v 1114.35935394 -8241.82268875 -9397.99759349 0.70588235 0.70588235 0.70588235
v 1368.62915010 -8378.37767821 -9553.70871598 0.70588235 0.70588235 0.70588235
v 1700.00000000 -8483.16000696 -9673.19006260 0.70588235 0.70588235 0.70588235
v 2085.88952784 -8549.02893246 -9748.29917702 0.70588235 0.70588235 0.70588235
v 2500.00000000 -7913.89857711 -10313.59342379 0.70588235 0.70588235 0.70588235
v 2914.11047216 -7893.15553443 -10286.56056425 0.70588235 0.70588235 0.70588235
v 3300.00000000 -7832.34001047 -10207.30423036 0.70588235 0.70588235 0.70588235
v 3631.37084990 -7735.59648268 -10081.22561029 0.70588235 0.70588235 0.70588235
v 3885.64064606 -7609.51786261 -9916.91675364 0.70588235 0.70588235 0.70588235
v 4045.48132206 -7462.69619986 -9725.57503746 0.70588235 0.70588235 0.70588235
v 4100.00000000 -7305.13714810 -9520.24008349 0.70588235 0.70588235 0.70588235
v 4045.48132206 -7147.57809635 -9314.90512953 0.70588235 0.70588235 0.70588235
v 3885.64064606 -7000.75643360 -9123.56341335 0.70588235 0.70588235 0.70588235
v 3631.37084990 -6874.67781353 -8959.25455670 0.70588235 0.70588235 0.70588235
v 3300.00000000 -6777.93428574 -8833.17593663 0.70588235 0.70588235 0.70588235
v 2914.11047216 -6717.11876178 -8753.91960273 0.70588235 0.70588235 0.70588235
v 2500.00000000 -6696.37571910 -8726.88674320 0.70588235 0.70588235 0.70588235
v 2085.88952784 -6717.11876178 -8753.91960273 0.70588235 0.70588235 0.70588235
v 1700.00000000 -6777.93428574 -8833.17593663 0.70588235 0.70588235 0.70588235
v 1368.62915010 -6874.67781353 -8959.25455670 0.70588235 0.70588235 0.70588235
v 1114.35935394 -7000.75643360 -9123.56341335 0.70588235 0.70588235 0.70588235
v 954.51867794 -7147.57809635 -9314.90512953 0.70588235 0.70588235 0.70588235
v 900.00000000 -7305.13714810 -9520.24008349 0.70588235 0.70588235 0.70588235
v 954.51867794 -7462.69619986 -9725.57503746 0.70588235 0.70588235 0.70588235
v 1114.35935394 -7609.51786261 -9916.91675364 0.70588235 0.70588235 0.70588235
v 1368.62915010 -7735.59648268 -10081.22561029 0.70588235 0.70588235 0.70588235
v 1700.00000000 -7832.34001047 -10207.30423036 0.70588235 0.70588235 0.70588235
v 2085.88952784 -7893.15553443 -10286.56056425 0.70588235 0.70588235 0.70588235
v 2500.00000000 -7222.41302925 -10809.10495993 0.70588235 0.70588235 0.70588235
v 2914.11047216 -7203.48243263 -10780.77331993 0.70588235 0.70588235 0.70588235
v 3300.00000000 -7147.98073162 -10697.70915436 0.70588235 0.70588235 0.70588235
v 3631.37084990 -7059.69027543 -10565.57314884 0.70588235 0.70588235 0.70588235
v 3885.64064606 -6944.62791275 -10393.37015378 0.70588235 0.70588235 0.70588235
v 4045.48132206 -6810.63495343 -10192.83551872 0.70588235 0.70588235 0.70588235
v 4100.00000000 -6666.84279624 -9977.63534763 0.70588235 0.70588235 0.70588235
v 4045.48132206 -6523.05063904 -9762.43517654 0.70588235 0.70588235 0.70588235
v 3885.64064606 -6389.05767973 -9561.90054148 0.70588235 0.70588235 0.70588235
v 3631.37084990 -6273.99531704 -9389.69754642 0.70588235 0.70588235 0.70588235
v 3300.00000000 -6185.70486085 -9257.56154090 0.70588235 0.70588235 0.70588235
v 2914.11047216 -6130.20315984 -9174.49737533 0.70588235 0.70588235 0.70588235
v 2500.00000000 -6111.27256322 -9146.16573533 0.70588235 0.70588235 0.70588235
v 2085.88952784 -6130.20315984 -9174.49737533 0.70588235 0.70588235 0.70588235
v 1700.00000000 -6185.70486085 -9257.56154090 0.70588235 0.70588235 0.70588235
v 1368.62915010 -6273.99531704 -9389.69754642 0.70588235 0.70588235 0.70588235
v 1114.35935394 -6389.05767973 -9561.90054148 0.70588235 0.70588235 0.70588235
v 954.51867794 -6523.05063904 -9762.43517654 0.70588235 0.70588235 0.70588235
v 900.00000000 -6666.84279624 -9977.63534763 0.70588235 0.70588235 0.70588235
v 954.51867794 -6810.63495343 -10192.83551872 0.70588235 0.70588235 0.70588235
v 1114.35935394 -6944.62791275 -10393.37015378 0.70588235 0.70588235 0.70588235
v 1368.62915010 -7059.69027543 -10565.57314884 0.70588235 0.70588235 0.70588235
v 1700.00000000 -7147.98073162 -10697.70915436 0.70588235 0.70588235 0.70588235
v 2085.88952784 -7203.48243263 -10780.77331993 0.70588235 0.70588235 0.70588235
v 2500.00000000 -6500.00000000 -11258.33024920 0.70588235 0.70588235 0.70588235
v 2914.11047216 -6482.96291314 -11228.82114915 0.70588235 0.70588235 0.70588235
v 3300.00000000 -6433.01270189 -11142.30484541 0.70588235 0.70588235 0.70588235
v 3631.37084990 -6353.55339059 -11004.67728111 0.70588235 0.70588235 0.70588235
v 3885.64064606 -6250.00000000 -10825.31754731 0.70588235 0.70588235 0.70588235
v 4045.48132206 -6129.40952255 -10616.44871346 0.70588235 0.70588235 0.70588235
v 4100.00000000 -6000.00000000 -10392.30484541 0.70588235 0.70588235 0.70588235
v 4045.48132206 -5870.59047745 -10168.16097737 0.70588235 0.70588235 0.70588235
v 3885.64064606 -5750.00000000 -9959.29214352 0.70588235 0.70588235 0.70588235
v 3631.37084990 -5646.44660941 -9779.93240972 0.70588235 0.70588235 0.70588235
v 3300.00000000 -5566.98729811 -9642.30484541 0.70588235 0.70588235 0.70588235
v 2914.11047216 -5517.03708686 -9555.78854168 0.70588235 0.70588235 0.70588235
v 2500.00000000 -5500.00000000 -9526.27944163 0.70588235 0.70588235 0.70588235
v 2085.88952784 -5517.03708686 -9555.78854168 0.70588235 0.70588235 0.70588235
v 1700.00000000 -5566.98729811 -9642.30484541 0.70588235 0.70588235 0.70588235
v 1368.62915010 -5646.44660941 -9779.93240972 0.70588235 0.70588235 0.70588235
v 1114.35935394 -5750.00000000 -9959.29214352 0.70588235 0.70588235 0.70588235
v 954.51867794 -5870.59047745 -10168.16097737 0.70588235 0.70588235 0.70588235
v 900.00000000 -6000.00000000 -10392.30484541 0.70588235 0.70588235 0.70588235
v 954.51867794 -6129.40952255 -10616.44871346 0.70588235 0.70588235 0.70588235
v 1114.35935394 -6250.00000000 -10825.31754731 0.70588235 0.70588235 0.70588235
v 1368.62915010 -6353.55339059 -11004.67728111 0.70588235 0.70588235 0.70588235
v 1700.00000000 -6433.01270189 -11142.30484541 0.70588235 0.70588235 0.70588235
v 2085.88952784 -6482.96291314 -11228.82114915 0.70588235 0.70588235 0.70588235
v 2500.00000000 -5749.75297285 -11659.34563992 0.70588235 0.70588235 0.70588235
v 2914.11047216 -5734.68235119 -11628.78544233 0.70588235 0.70588235 0.70588235
v 3300.00000000 -5690.49752416 -11539.18747652 0.70588235 0.70588235 0.70588235
v 3631.37084990 -5620.20961472 -11396.65769579 0.70588235 0.70588235 0.70588235
v 3885.64064606 -5528.60862774 -11210.90926916 0.70588235 0.70588235 0.70588235
v 4045.48132206 -5421.93701909 -10994.60064493 0.70588235 0.70588235 0.70588235
v 4100.00000000 -5307.46428263 -10762.47289839 0.70588235 0.70588235 0.70588235
v 4045.48132206 -5192.99154617 -10530.34515185 0.70588235 0.70588235 0.70588235
v 3885.64064606 -5086.31993752 -10314.03652763 0.70588235 0.70588235 0.70588235
v 3631.37084990 -4994.71895053 -10128.28810099 0.70588235 0.70588235 0.70588235
v 3300.00000000 -4924.43104109 -9985.75832026 0.70588235 0.70588235 0.70588235
v 2914.11047216 -4880.24621407 -9896.16035445 0.70588235 0.70588235 0.70588235
v 2500.00000000 -4865.17559241 -9865.60015686 0.70588235 0.70588235 0.70588235
v 2085.88952784 -4880.24621407 -9896.16035445 0.70588235 0.70588235 0.70588235
v 1700.00000000 -4924.43104109 -9985.75832026 0.70588235 0.70588235 0.70588235
v 1368.62915010 -4994.71895053 -10128.28810099 0.70588235 0.70588235 0.70588235
v 1114.35935394 -5086.31993752 -10314.03652763 0.70588235 0.70588235 0.70588235
v 954.51867794 -5192.99154617 -10530.34515185 0.70588235 0.70588235 0.70588235
v 900.00000000 -5307.46428263 -10762.47289839 0.70588235 0.70588235 0.70588235
v 954.51867794 -5421.93701909 -10994.60064493 0.70588235 0.70588235 0.70588235
v 1114.35935394 -5528.60862774 -11210.90926916 0.70588235 0.70588235 0.70588235
v 1368.62915010 -5620.20961472 -11396.65769579 0.70588235 0.70588235 0.70588235
v 1700.00000000 -5690.49752416 -11539.18747652 0.70588235 0.70588235 0.70588235
v 2085.88952784 -5734.68235119 -11628.78544233 0.70588235 0.70588235 0.70588235
v 2500.00000000 -4974.88462075 -12010.43392265 0.70588235 0.70588235 0.70588235
v 2914.11047216 -4961.84499900 -11978.95349097 0.70588235 0.70588235 0.70588235
v 3300.00000000 -4923.61476242 -11886.65753533 0.70588235 0.70588235 0.70588235
v 3631.37084990 -4862.79923845 -11739.83587257 0.70588235 0.70588235 0.70588235
v 3885.64064606 -4783.54290456 -11548.49415639 0.70588235 0.70588235 0.70588235
v 4045.48132206 -4691.24694892 -11325.67200853 0.70588235 0.70588235 0.70588235
v 4100.00000000 -4592.20118838 -11086.55439014 0.70588235 0.70588235 0.70588235
v 4045.48132206 -4493.15542784 -10847.43677174 0.70588235 0.70588235 0.70588235
v 3885.64064606 -4400.85947220 -10624.61462388 0.70588235 0.70588235 0.70588235
v 3631.37084990 -4321.60313831 -10433.27290770 0.70588235 0.70588235 0.70588235
v 3300.00000000 -4260.78761435 -10286.45124494 0.70588235 0.70588235 0.70588235
v 2914.11047216 -4222.55737777 -10194.15528930 0.70588235 0.70588235 0.70588235
v 2500.00000000 -4209.51775602 -10162.67485762 0.70588235 0.70588235 0.70588235
v 2085.88952784 -4222.55737777 -10194.15528930 0.70588235 0.70588235 0.70588235
v 1700.00000000 -4260.78761435 -10286.45124494 0.70588235 0.70588235 0.70588235
v 1368.62915010 -4321.60313831 -10433.27290770 0.70588235 0.70588235 0.70588235
v 1114.35935394 -4400.85947220 -10624.61462388 0.70588235 0.70588235 0.70588235
v 954.51867794 -4493.15542784 -10847.43677174 0.70588235 0.70588235 0.70588235
v 900.00000000 -4592.20118838 -11086.55439014 0.70588235 0.70588235 0.70588235
v 954.51867794 -4691.24694892 -11325.67200853 0.70588235 0.70588235 0.70588235
v 1114.35935394 -4783.54290456 -11548.49415639 0.70588235 0.70588235 0.70588235
v 1368.62915010 -4862.79923845 -11739.83587257 0.70588235 0.70588235 0.70588235
v 1700.00000000 -4923.61476242 -11886.65753533 0.70588235 0.70588235 0.70588235
v 2085.88952784 -4961.84499900 -11978.95349097 0.70588235 0.70588235 0.70588235
v 2500.00000000 -4178.71304894 -12310.09168344 0.70588235 0.70588235 0.70588235
v 2914.11047216 -4167.76026476 -12277.82582171 0.70588235 0.70588235 0.70588235
v 3300.00000000 -4135.64832637 -12183.22710169 0.70588235 0.70588235 0.70588235
v 3631.37084990 -4084.56560929 -12032.74226982 0.70588235 0.70588235 0.70588235
v 3885.64064606 -4017.99331629 -11836.62661869 0.70588235 0.70588235 0.70588235
v 4045.48132206 -3940.46823911 -11608.24510584 0.70588235 0.70588235 0.70588235
v 4100.00000000 -3857.27358364 -11363.16155394 0.70588235 0.70588235 0.70588235
v 4045.48132206 -3774.07892817 -11118.07800205 0.70588235 0.70588235 0.70588235
v 3885.64064606 -3696.55385099 -10889.69648919 0.70588235 0.70588235 0.70588235
v 3631.37084990 -3629.98155798 -10693.58083807 0.70588235 0.70588235 0.70588235
v 3300.00000000 -3578.89884091 -10543.09600619 0.70588235 0.70588235 0.70588235
v 2914.11047216 -3546.78690251 -10448.49728617 0.70588235 0.70588235 0.70588235
v 2500.00000000 -3535.83411833 -10416.23142445 0.70588235 0.70588235 0.70588235
v 2085.88952784 -3546.78690251 -10448.49728617 0.70588235 0.70588235 0.70588235
v 1700.00000000 -3578.89884091 -10543.09600619 0.70588235 0.70588235 0.70588235
v 1368.62915010 -3629.98155798 -10693.58083807 0.70588235 0.70588235 0.70588235
v 1114.35935394 -3696.55385099 -10889.69648919 0.70588235 0.70588235 0.70588235
v 954.51867794 -3774.07892817 -11118.07800205 0.70588235 0.70588235 0.70588235
v 900.00000000 -3857.27358364 -11363.16155394 0.70588235 0.70588235 0.70588235
v 954.51867794 -3940.46823911 -11608.24510584 0.70588235 0.70588235 0.70588235
v 1114.35935394 -4017.99331629 -11836.62661869 0.70588235 0.70588235 0.70588235
v 1368.62915010 -4084.56560929 -12032.74226982 0.70588235 0.70588235 0.70588235
v 1700.00000000 -4135.64832637 -12183.22710169 0.70588235 0.70588235 0.70588235
v 2085.88952784 -4167.76026476 -12277.82582171 0.70588235 0.70588235 0.70588235
v 2500.00000000 -3364.64758633 -12557.03574176 0.70588235 0.70588235 0.70588235
v 2914.11047216 -3355.82854123 -12524.12261736 0.70588235 0.70588235 0.70588235
v 3300.00000000 -3329.97240927 -12427.62621921 0.70588235 0.70588235 0.70588235
v 3631.37084990 -3288.84124312 -12274.12261736 0.70588235 0.70588235 0.70588235
v 3885.64064606 -3235.23806378 -12074.07282861 0.70588235 0.70588235 0.70588235
v 4045.48132206 -3172.81583934 -11841.10991547 0.70588235 0.70588235 0.70588235
v 4100.00000000 -3105.82854123 -11591.10991547 0.70588235 0.70588235 0.70588235
v 4045.48132206 -3038.84124312 -11341.10991547 0.70588235 0.70588235 0.70588235
v 3885.64064606 -2976.41901868 -11108.14700232 0.70588235 0.70588235 0.70588235
v 3631.37084990 -2922.81583934 -10908.09721358 0.70588235 0.70588235 0.70588235
v 3300.00000000 -2881.68467319 -10754.59361173 0.70588235 0.70588235 0.70588235
v 2914.11047216 -2855.82854123 -10658.09721358 0.70588235 0.70588235 0.70588235
v 2500.00000000 -2847.00949613 -10625.18408918 0.70588235 0.70588235 0.70588235
v 2085.88952784 -2855.82854123 -10658.09721358 0.70588235 0.70588235 0.70588235
v 1700.00000000 -2881.68467319 -10754.59361173 0.70588235 0.70588235 0.70588235
v 1368.62915010 -2922.81583934 -10908.09721358 0.70588235 0.70588235 0.70588235
v 1114.35935394 -2976.41901868 -11108.14700232 0.70588235 0.70588235 0.70588235
v 954.51867794 -3038.84124312 -11341.10991547 0.70588235 0.70588235 0.70588235
v 900.00000000 -3105.82854123 -11591.10991547 0.70588235 0.70588235 0.70588235
v 954.51867794 -3172.81583934 -11841.10991547 0.70588235 0.70588235 0.70588235
v 1114.35935394 -3235.23806378 -12074.07282861 0.70588235 0.70588235 0.70588235
v 1368.62915010 -3288.84124312 -12274.12261736 0.70588235 0.70588235 0.70588235
v 1700.00000000 -3329.97240927 -12427.62621921 0.70588235 0.70588235 0.70588235
v 2085.88952784 -3355.82854123 -12524.12261736 0.70588235 0.70588235 0.70588235
v 2500.00000000 -2536.17418621 -12750.20864524 0.70588235 0.70588235 0.70588235
v 2914.11047216 -2529.52664469 -12716.78919722 0.70588235 0.70588235 0.70588235
v 3300.00000000 -2510.03703909 -12618.80833333 0.70588235 0.70588235 0.70588235
v 3631.37084990 -2479.03355384 -12462.94328750 0.70588235 0.70588235 0.70588235
v 3885.64064606 -2438.62902520 -12259.81600504 0.70588235 0.70588235 0.70588235
v 4045.48132206 -2391.57695505 -12023.26927456 0.70588235 0.70588235 0.70588235
v 4100.00000000 -2341.08386419 -11769.42336484 0.70588235 0.70588235 0.70588235
v 4045.48132206 -2290.59077334 -11515.57745511 0.70588235 0.70588235 0.70588235
v 3885.64064606 -2243.53870319 -11279.03072464 0.70588235 0.70588235 0.70588235
v 3631.37084990 -2203.13417455 -11075.90344218 0.70588235 0.70588235 0.70588235
v 3300.00000000 -2172.13068930 -10920.03839635 0.70588235 0.70588235 0.70588235
v 2914.11047216 -2152.64108370 -10822.05753245 0.70588235 0.70588235 0.70588235
v 2500.00000000 -2145.99354218 -10788.63808444 0.70588235 0.70588235 0.70588235
v 2085.88952784 -2152.64108370 -10822.05753245 0.70588235 0.70588235 0.70588235
v 1700.00000000 -2172.13068930 -10920.03839635 0.70588235 0.70588235 0.70588235
v 1368.62915010 -2203.13417455 -11075.90344218 0.70588235 0.70588235 0.70588235
v 1114.35935394 -2243.53870319 -11279.03072464 0.70588235 0.70588235 0.70588235
v 954.51867794 -2290.59077334 -11515.57745511 0.70588235 0.70588235 0.70588235
v 900.00000000 -2341.08386419 -11769.42336484 0.70588235 0.70588235 0.70588235
v 954.51867794 -2391.57695505 -12023.26927456 0.70588235 0.70588235 0.70588235
v 1114.35935394 -2438.62902520 -12259.81600504 0.70588235 0.70588235 0.70588235
v 1368.62915010 -2479.03355384 -12462.94328750 0.70588235 0.70588235 0.70588235
v 1700.00000000 -2510.03703909 -12618.80833333 0.70588235 0.70588235 0.70588235
v 2085.88952784 -2529.52664469 -12716.78919722 0.70588235 0.70588235 0.70588235
v 2500.00000000 -1696.84049886 -12888.78319786 0.70588235 0.70588235 0.70588235
v 2914.11047216 -1692.39292671 -12855.00053343 0.70588235 0.70588235 0.70588235
v 3300.00000000 -1679.35330496 -12755.95477289 0.70588235 0.70588235 0.70588235
v 3631.37084990 -1658.61026228 -12598.39572114 0.70588235 0.70588235 0.70588235
v 3885.64064606 -1631.57740275 -12393.06076717 0.70588235 0.70588235 0.70588235
v 4045.48132206 -1600.09697107 -12153.94314878 0.70588235 0.70588235 0.70588235
v 4100.00000000 -1566.31430664 -11897.33833649 0.70588235 0.70588235 0.70588235
v 4045.48132206 -1532.53164221 -11640.73352419 0.70588235 0.70588235 0.70588235
v 3885.64064606 -1501.05121053 -11401.61590580 0.70588235 0.70588235 0.70588235
v 3631.37084990 -1474.01835100 -11196.28095184 0.70588235 0.70588235 0.70588235
v 3300.00000000 -1453.27530832 -11038.72190008 0.70588235 0.70588235 0.70588235
v 2914.11047216 -1440.23568657 -10939.67613954 0.70588235 0.70588235 0.70588235
v 2500.00000000 -1435.78811442 -10905.89347511 0.70588235 0.70588235 0.70588235
v 2085.88952784 -1440.23568657 -10939.67613954 0.70588235 0.70588235 0.70588235
v 1700.00000000 -1453.27530832 -11038.72190008 0.70588235 0.70588235 0.70588235
v 1368.62915010 -1474.01835100 -11196.28095184 0.70588235 0.70588235 0.70588235
v 1114.35935394 -1501.05121053 -11401.61590580 0.70588235 0.70588235 0.70588235
v 954.51867794 -1532.53164221 -11640.73352419 0.70588235 0.70588235 0.70588235
v 900.00000000 -1566.31430664 -11897.33833649 0.70588235 0.70588235 0.70588235
v 954.51867794 -1600.09697107 -12153.94314878 0.70588235 0.70588235 0.70588235
v 1114.35935394 -1631.57740275 -12393.06076717 0.70588235 0.70588235 0.70588235
v 1368.62915010 -1658.61026228 -12598.39572114 0.70588235 0.70588235 0.70588235
v 1700.00000000 -1679.35330496 -12755.95477289 0.70588235 0.70588235 0.70588235
v 2085.88952784 -1692.39292671 -12855.00053343 0.70588235 0.70588235 0.70588235
v 2500.00000000 -850.24067999 -12972.16600210 0.70588235 0.70588235 0.70588235
v 2914.11047216 -848.01212241 -12938.16478381 0.70588235 0.70588235 0.70588235
v 3300.00000000 -841.47832216 -12838.47825578 0.70588235 0.70588235 0.70588235
v 3631.37084990 -831.08454695 -12679.89989015 0.70588235 0.70588235 0.70588235
v 3885.64064606 -817.53911538 -12473.23654048 0.70588235 0.70588235 0.70588235
v 4045.48132206 -801.76512622 -12232.57197252 0.70588235 0.70588235 0.70588235
v 4100.00000000 -784.83755076 -11974.30707886 0.70588235 0.70588235 0.70588235
v 4045.48132206 -767.90997531 -11716.04218520 0.70588235 0.70588235 0.70588235
v 3885.64064606 -752.13598615 -11475.37761724 0.70588235 0.70588235 0.70588235
v 3631.37084990 -738.59055457 -11268.71426757 0.70588235 0.70588235 0.70588235
v 3300.00000000 -728.19677936 -11110.13590195 0.70588235 0.70588235 0.70588235
v 2914.11047216 -721.66297912 -11010.44937391 0.70588235 0.70588235 0.70588235
v 2500.00000000 -719.43442153 -10976.44815562 0.70588235 0.70588235 0.70588235
v 2085.88952784 -721.66297912 -11010.44937391 0.70588235 0.70588235 0.70588235
v 1700.00000000 -728.19677936 -11110.13590195 0.70588235 0.70588235 0.70588235
v 1368.62915010 -738.59055457 -11268.71426757 0.70588235 0.70588235 0.70588235
v 1114.35935394 -752.13598615 -11475.37761724 0.70588235 0.70588235 0.70588235
v 954.51867794 -767.90997531 -11716.04218520 0.70588235 0.70588235 0.70588235
v 900.00000000 -784.83755076 -11974.30707886 0.70588235 0.70588235 0.70588235
v 954.51867794 -801.76512622 -12232.57197252 0.70588235 0.70588235 0.70588235
v 1114.35935394 -817.53911538 -12473.23654048 0.70588235 0.70588235 0.70588235
v 1368.62915010 -831.08454695 -12679.89989015 0.70588235 0.70588235 0.70588235
v 1700.00000000 -841.47832216 -12838.47825578 0.70588235 0.70588235 0.70588235
v 2085.88952784 -848.01212241 -12938.16478381 0.70588235 0.70588235 0.70588235
v 2500.00000000 1200.00000000 0.00000000 0.47058824 0.47058824 0.47058824
v 2500.00000000 1200.00000000 -110.00000000 0.47058824 0.47058824 0.47058824
v 2500.00000000 11000.00000000 -110.00000000 0.47058824 0.47058824 0.47058824
v 2500.00000000 11000.00000000 0.00000000 0.47058824 0.47058824 0.47058824
v 2452.27278870 1200.00000000 -99.10657547 0.47058824 0.47058824 0.47058824
v 2452.27278870 11000.00000000 -99.10657547 0.47058824 0.47058824 0.47058824
v 2413.99853693 1200.00000000 -68.58387820 0.47058824 0.47058824 0.47058824
v 2413.99853693 11000.00000000 -68.58387820 0.47058824 0.47058824 0.47058824
v 2392.75792966 1200.00000000 -24.47730274 0.47058824 0.47058824 0.47058824
v 2392.75792966 11000.00000000 -24.47730274 0.47058824 0.47058824 0.47058824
v 2392.75792966 1200.00000000 24.47730274 0.47058824 0.47058824 0.47058824
v 2392.75792966 11000.00000000 24.47730274 0.47058824 0.47058824 0.47058824
v 2413.99853693 1200.00000000 68.58387820 0.47058824 0.47058824 0.47058824
v 2413.99853693 11000.00000000 68.58387820 0.47058824 0.47058824 0.47058824
v 2452.27278870 1200.00000000 99.10657547 0.47058824 0.47058824 0.47058824
v 2452.27278870 11000.00000000 99.10657547 0.47058824 0.47058824 0.47058824
v 2500.00000000 1200.00000000 110.00000000 0.47058824 0.47058824 0.47058824
v 2500.00000000 11000.00000000 110.00000000 0.47058824 0.47058824 0.47058824
v 2547.72721130 1200.00000000 99.10657547 0.47058824 0.47058824 0.47058824
v 2547.72721130 11000.00000000 99.10657547 0.47058824 0.47058824 0.47058824
v 2586.00146307 1200.00000000 68.58387820 0.47058824 0.47058824 0.47058824
v 2586.00146307 11000.00000000 68.58387820 0.47058824 0.47058824 0.47058824
v 2607.24207034 1200.00000000 24.47730274 0.47058824 0.47058824 0.47058824
v 2607.24207034 11000.00000000 24.47730274 0.47058824 0.47058824 0.47058824
v 2607.24207034 1200.00000000 -24.47730274 0.47058824 0.47058824 0.47058824
v 2607.24207034 11000.00000000 -24.47730274 0.47058824 0.47058824 0.47058824
v 2586.00146307 1200.00000000 -68.58387820 0.47058824 0.47058824 0.47058824
v 2586.00146307 11000.00000000 -68.58387820 0.47058824 0.47058824 0.47058824
v 2547.72721130 1200.00000000 -99.10657547 0.47058824 0.47058824 0.47058824
v 2547.72721130 11000.00000000 -99.10657547 0.47058824 0.47058824 0.47058824
v 2500.00000000 1039.23048454 600.00000000 0.47058824 0.47058824 0.47058824
v 2555.00000000 1086.86188175 517.50000000 0.47058824 0.47058824 0.47058824
v 2555.00000000 9573.91083884 5417.50000000 0.47058824 0.47058824 0.47058824
v 2500.00000000 9526.27944163 5500.00000000 0.47058824 0.47058824 0.47058824
v 2508.22031029 1094.07669339 505.00357968 0.47058824 0.47058824 0.47058824
v 2508.22031029 9581.12565047 5405.00357968 0.47058824 0.47058824 0.47058824
v 2459.81248732 1090.42854072 511.32236546 0.47058824 0.47058824 0.47058824
v 2459.81248732 9577.47749780 5411.32236546 0.47058824 0.47058824 0.47058824
v 2419.36429410 1076.63998512 535.20484431 0.47058824 0.47058824 0.47058824
v 2419.36429410 9563.68894221 5435.20484431 0.47058824 0.47058824 0.47058824
v 2394.88699136 1055.44201913 571.92079842 0.47058824 0.47058824 0.47058824
v 2394.88699136 9542.49097622 5471.92079842 0.47058824 0.47058824 0.47058824
v 2391.22860912 1031.03315990 614.19818276 0.47058824 0.47058824 0.47058824
v 2391.22860912 9518.08211699 5514.19818276 0.47058824 0.47058824 0.47058824
v 2409.11373483 1008.24788135 653.66344288 0.47058824 0.47058824 0.47058824
v 2409.11373483 9495.29683844 5553.66344288 0.47058824 0.47058824 0.47058824
v 2445.00000000 991.59908733 682.50000000 0.47058824 0.47058824 0.47058824
v 2445.00000000 9478.64804442 5582.50000000 0.47058824 0.47058824 0.47058824
v 2491.77968971 984.38427570 694.99642032 0.47058824 0.47058824 0.47058824
v 2491.77968971 9471.43323278 5594.99642032 0.47058824 0.47058824 0.47058824
v 2540.18751268 988.03242837 688.67763454 0.47058824 0.47058824 0.47058824
v 2540.18751268 9475.08138545 5588.67763454 0.47058824 0.47058824 0.47058824
v 2580.63570590 1001.82098396 664.79515569 0.47058824 0.47058824 0.47058824
v 2580.63570590 9488.86994105 5564.79515569 0.47058824 0.47058824 0.47058824
v 2605.11300864 1023.01894995 628.07920158 0.47058824 0.47058824 0.47058824
v 2605.11300864 9510.06790704 5528.07920158 0.47058824 0.47058824 0.47058824
v 2608.77139088 1047.42780918 585.80181724 0.47058824 0.47058824 0.47058824
v 2608.77139088 9534.47676627 5485.80181724 0.47058824 0.47058824 0.47058824
v 2590.88626517 1070.21308773 546.33655712 0.47058824 0.47058824 0.47058824
v 2590.88626517 9557.26204482 5446.33655712 0.47058824 0.47058824 0.47058824
v 2500.00000000 600.00000000 1039.23048454 0.47058824 0.47058824 0.47058824
v 2595.26279442 647.63139721 1011.73048454 0.47058824 0.47058824 0.47058824
v 2595.26279442 5547.63139721 9498.77944163 0.47058824 0.47058824 0.47058824
v 2500.00000000 5500.00000000 9526.27944163 0.47058824 0.47058824 0.47058824
v 2561.96520639 678.70981450 993.78735195 0.47058824 0.47058824 0.47058824
v 2561.96520639 5578.70981450 9480.83630904 0.47058824 0.47058824 0.47058824
v 2516.39464928 694.19878771 984.84478910 0.47058824 0.47058824 0.47058824
v 2516.39464928 5594.19878771 9471.89374619 0.47058824 0.47058824 0.47058824
v 2467.57693081 691.03053575 986.67398022 0.47058824 0.47058824 0.47058824
v 2467.57693081 5591.03053575 9473.72293731 0.47058824 0.47058824 0.47058824
v 2425.18099885 669.83256976 998.91263159 0.47058824 0.47058824 0.47058824
v 2425.18099885 5569.83256976 9485.96158868 0.47058824 0.47058824 0.47058824
v 2397.60388765 634.80340690 1019.13672820 0.47058824 0.47058824 0.47058824
v 2397.60388765 5534.80340690 9506.18568529 0.47058824 0.47058824 0.47058824
v 2390.30758231 592.88100246 1043.34063969 0.47058824 0.47058824 0.47058824
v 2390.30758231 5492.88100246 9530.38959678 0.47058824 0.47058824 0.47058824
v 2404.73720558 552.36860279 1066.73048454 0.47058824 0.47058824 0.47058824
v 2404.73720558 5452.36860279 9553.77944163 0.47058824 0.47058824 0.47058824
v 2438.03479361 521.29018550 1084.67361713 0.47058824 0.47058824 0.47058824
v 2438.03479361 5421.29018550 9571.72257422 0.47058824 0.47058824 0.47058824
v 2483.60535072 505.80121229 1093.61617998 0.47058824 0.47058824 0.47058824
v 2483.60535072 5405.80121229 9580.66513707 0.47058824 0.47058824 0.47058824
v 2532.42306919 508.96946425 1091.78698886 0.47058824 0.47058824 0.47058824
v 2532.42306919 5408.96946425 9578.83594595 0.47058824 0.47058824 0.47058824
v 2574.81900115 530.16743024 1079.54833749 0.47058824 0.47058824 0.47058824
v 2574.81900115 5430.16743024 9566.59729458 0.47058824 0.47058824 0.47058824
v 2602.39611235 565.19659310 1059.32424088 0.47058824 0.47058824 0.47058824
v 2602.39611235 5465.19659310 9546.37319797 0.47058824 0.47058824 0.47058824
v 2609.69241769 607.11899754 1035.12032939 0.47058824 0.47058824 0.47058824
v 2609.69241769 5507.11899754 9522.16928648 0.47058824 0.47058824 0.47058824
v 2500.00000000 0.00000000 1200.00000000 0.47058824 0.47058824 0.47058824
v 2610.00000000 0.00000000 1200.00000000 0.47058824 0.47058824 0.47058824
v 2610.00000000 0.00000000 11000.00000000 0.47058824 0.47058824 0.47058824
v 2500.00000000 0.00000000 11000.00000000 0.47058824 0.47058824 0.47058824
v 2599.10657547 47.72721130 1200.00000000 0.47058824 0.47058824 0.47058824
v 2599.10657547 47.72721130 11000.00000000 0.47058824 0.47058824 0.47058824
v 2568.58387820 86.00146307 1200.00000000 0.47058824 0.47058824 0.47058824
v 2568.58387820 86.00146307 11000.00000000 0.47058824 0.47058824 0.47058824
v 2524.47730274 107.24207034 1200.00000000 0.47058824 0.47058824 0.47058824
v 2524.47730274 107.24207034 11000.00000000 0.47058824 0.47058824 0.47058824
v 2475.52269726 107.24207034 1200.00000000 0.47058824 0.47058824 0.47058824
v 2475.52269726 107.24207034 11000.00000000 0.47058824 0.47058824 0.47058824
v 2431.41612180 86.00146307 1200.00000000 0.47058824 0.47058824 0.47058824
v 2431.41612180 86.00146307 11000.00000000 0.47058824 0.47058824 0.47058824
v 2400.89342453 47.72721130 1200.00000000 0.47058824 0.47058824 0.47058824
v 2400.89342453 47.72721130 11000.00000000 0.47058824 0.47058824 0.47058824
v 2390.00000000 0.00000000 1200.00000000 0.47058824 0.47058824 0.47058824
v 2390.00000000 0.00000000 11000.00000000 0.47058824 0.47058824 0.47058824
v 2400.89342453 -47.72721130 1200.00000000 0.47058824 0.47058824 0.47058824
v 2400.89342453 -47.72721130 11000.00000000 0.47058824 0.47058824 0.47058824
v 2431.41612180 -86.00146307 1200.00000000 0.47058824 0.47058824 0.47058824
v 2431.41612180 -86.00146307 11000.00000000 0.47058824 0.47058824 0.47058824
v 2475.52269726 -107.24207034 1200.00000000 0.47058824 0.47058824 0.47058824
v 2475.52269726 -107.24207034 11000.00000000 0.47058824 0.47058824 0.47058824
v 2524.47730274 -107.24207034 1200.00000000 0.47058824 0.47058824 0.47058824
v 2524.47730274 -107.24207034 11000.00000000 0.47058824 0.47058824 0.47058824
v 2568.58387820 -86.00146307 1200.00000000 0.47058824 0.47058824 0.47058824
v 2568.58387820 -86.00146307 11000.00000000 0.47058824 0.47058824 0.47058824
v 2599.10657547 -47.72721130 1200.00000000 0.47058824 0.47058824 0.47058824
v 2599.10657547 -47.72721130 11000.00000000 0.47058824 0.47058824 0.47058824
v 2500.00000000 -600.00000000 1039.23048454 0.47058824 0.47058824 0.47058824
v 2595.26279442 -647.63139721 1011.73048454 0.47058824 0.47058824 0.47058824
v 2595.26279442 -5547.63139721 9498.77944163 0.47058824 0.47058824 0.47058824
v 2500.00000000 -5500.00000000 9526.27944163 0.47058824 0.47058824 0.47058824
v 2609.69241769 -607.11899754 1035.12032939 0.47058824 0.47058824 0.47058824
v 2609.69241769 -5507.11899754 9522.16928648 0.47058824 0.47058824 0.47058824
v 2602.39611235 -565.19659310 1059.32424088 0.47058824 0.47058824 0.47058824
v 2602.39611235 -5465.19659310 9546.37319797 0.47058824 0.47058824 0.47058824
v 2574.81900115 -530.16743024 1079.54833749 0.47058824 0.47058824 0.47058824
v 2574.81900115 -5430.16743024 9566.59729458 0.47058824 0.47058824 0.47058824
v 2532.42306919 -508.96946425 1091.78698886 0.47058824 0.47058824 0.47058824
v 2532.42306919 -5408.96946425 9578.83594595 0.47058824 0.47058824 0.47058824
v 2483.60535072 -505.80121229 1093.61617998 0.47058824 0.47058824 0.47058824
v 2483.60535072 -5405.80121229 9580.66513707 0.47058824 0.47058824 0.47058824
v 2438.03479361 -521.29018550 1084.67361713 0.47058824 0.47058824 0.47058824
v 2438.03479361 -5421.29018550 9571.72257422 0.47058824 0.47058824 0.47058824
v 2404.73720558 -552.36860279 1066.73048454 0.47058824 0.47058824 0.47058824
v 2404.73720558 -5452.36860279 9553.77944163 0.47058824 0.47058824 0.47058824
v 2390.30758231 -592.88100246 1043.34063969 0.47058824 0.47058824 0.47058824
v 2390.30758231 -5492.88100246 9530.38959678 0.47058824 0.47058824 0.47058824
v 2397.60388765 -634.80340690 1019.13672820 0.47058824 0.47058824 0.47058824
v 2397.60388765 -5534.80340690 9506.18568529 0.47058824 0.47058824 0.47058824
v 2425.18099885 -669.83256976 998.91263159 0.47058824 0.47058824 0.47058824
v 2425.18099885 -5569.83256976 9485.96158868 0.47058824 0.47058824 0.47058824
v 2467.57693081 -691.03053575 986.67398022 0.47058824 0.47058824 0.47058824
v 2467.57693081 -5591.03053575 9473.72293731 0.47058824 0.47058824 0.47058824
v 2516.39464928 -694.19878771 984.84478910 0.47058824 0.47058824 0.47058824
v 2516.39464928 -5594.19878771 9471.89374619 0.47058824 0.47058824 0.47058824
v 2561.96520639 -678.70981450 993.78735195 0.47058824 0.47058824 0.47058824
v 2561.96520639 -5578.70981450 9480.83630904 0.47058824 0.47058824 0.47058824
v 2500.00000000 -1039.23048454 600.00000000 0.47058824 0.47058824 0.47058824
v 2555.00000000 -1086.86188175 517.50000000 0.47058824 0.47058824 0.47058824
v 2555.00000000 -9573.91083884 5417.50000000 0.47058824 0.47058824 0.47058824
v 2500.00000000 -9526.27944163 5500.00000000 0.47058824 0.47058824 0.47058824
v 2590.88626517 -1070.21308773 546.33655712 0.47058824 0.47058824 0.47058824
v 2590.88626517 -9557.26204482 5446.33655712 0.47058824 0.47058824 0.47058824
v 2608.77139088 -1047.42780918 585.80181724 0.47058824 0.47058824 0.47058824
v 2608.77139088 -9534.47676627 5485.80181724 0.47058824 0.47058824 0.47058824
v 2605.11300864 -1023.01894995 628.07920158 0.47058824 0.47058824 0.47058824
v 2605.11300864 -9510.06790704 5528.07920158 0.47058824 0.47058824 0.47058824
v 2580.63570590 -1001.82098396 664.79515569 0.47058824 0.47058824 0.47058824
v 2580.63570590 -9488.86994105 5564.79515569 0.47058824 0.47058824 0.47058824
v 2540.18751268 -988.03242837 688.67763454 0.47058824 0.47058824 0.47058824
v 2540.18751268 -9475.08138545 5588.67763454 0.47058824 0.47058824 0.47058824
v 2491.77968971 -984.38427570 694.99642032 0.47058824 0.47058824 0.47058824
v 2491.77968971 -9471.43323278 5594.99642032 0.47058824 0.47058824 0.47058824
v 2445.00000000 -991.59908733 682.50000000 0.47058824 0.47058824 0.47058824
v 2445.00000000 -9478.64804442 5582.50000000 0.47058824 0.47058824 0.47058824
v 2409.11373483 -1008.24788135 653.66344288 0.47058824 0.47058824 0.47058824
v 2409.11373483 -9495.29683844 5553.66344288 0.47058824 0.47058824 0.47058824
v 2391.22860912 -1031.03315990 614.19818276 0.47058824 0.47058824 0.47058824
v 2391.22860912 -9518.08211699 5514.19818276 0.47058824 0.47058824 0.47058824
v 2394.88699136 -1055.44201913 571.92079842 0.47058824 0.47058824 0.47058824
v 2394.88699136 -9542.49097622 5471.92079842 0.47058824 0.47058824 0.47058824
v 2419.36429410 -1076.63998512 535.20484431 0.47058824 0.47058824 0.47058824
v 2419.36429410 -9563.68894221 5435.20484431 0.47058824 0.47058824 0.47058824
v 2459.81248732 -1090.42854072 511.32236546 0.47058824 0.47058824 0.47058824
v 2459.81248732 -9577.47749780 5411.32236546 0.47058824 0.47058824 0.47058824
v 2508.22031029 -1094.07669339 505.00357968 0.47058824 0.47058824 0.47058824
v 2508.22031029 -9581.12565047 5405.00357968 0.47058824 0.47058824 0.47058824
v 2500.00000000 -1200.00000000 0.00000000 0.47058824 0.47058824 0.47058824
v 2500.00000000 -1200.00000000 -110.00000000 0.47058824 0.47058824 0.47058824
v 2500.00000000 -11000.00000000 -110.00000000 0.47058824 0.47058824 0.47058824
v 2500.00000000 -11000.00000000 0.00000000 0.47058824 0.47058824 0.47058824
v 2547.72721130 -1200.00000000 -99.10657547 0.47058824 0.47058824 0.47058824
v 2547.72721130 -11000.00000000 -99.10657547 0.47058824 0.47058824 0.47058824
v 2586.00146307 -1200.00000000 -68.58387820 0.47058824 0.47058824 0.47058824
v 2586.00146307 -11000.00000000 -68.58387820 0.47058824 0.47058824 0.47058824
v 2607.24207034 -1200.00000000 -24.47730274 0.47058824 0.47058824 0.47058824
v 2607.24207034 -11000.00000000 -24.47730274 0.47058824 0.47058824 0.47058824
v 2607.24207034 -1200.00000000 24.47730274 0.47058824 0.47058824 0.47058824
v 2607.24207034 -11000.00000000 24.47730274 0.47058824 0.47058824 0.47058824
v 2586.00146307 -1200.00000000 68.58387820 0.47058824 0.47058824 0.47058824
v 2586.00146307 -11000.00000000 68.58387820 0.47058824 0.47058824 0.47058824
v 2547.72721130 -1200.00000000 99.10657547 0.47058824 0.47058824 0.47058824
v 2547.72721130 -11000.00000000 99.10657547 0.47058824 0.47058824 0.47058824
v 2500.00000000 -1200.00000000 110.00000000 0.47058824 0.47058824 0.47058824
v 2500.00000000 -11000.00000000 110.00000000 0.47058824 0.47058824 0.47058824
v 2452.27278870 -1200.00000000 99.10657547 0.47058824 0.47058824 0.47058824
v 2452.27278870 -11000.00000000 99.10657547 0.47058824 0.47058824 0.47058824
v 2413.99853693 -1200.00000000 68.58387820 0.47058824 0.47058824 0.47058824
v 2413.99853693 -11000.00000000 68.58387820 0.47058824 0.47058824 0.47058824
v 2392.75792966 -1200.00000000 24.47730274 0.47058824 0.47058824 0.47058824
v 2392.75792966 -11000.00000000 24.47730274 0.47058824 0.47058824 0.47058824
v 2392.75792966 -1200.00000000 -24.47730274 0.47058824 0.47058824 0.47058824
v 2392.75792966 -11000.00000000 -24.47730274 0.47058824 0.47058824 0.47058824
v 2413.99853693 -1200.00000000 -68.58387820 0.47058824 0.47058824 0.47058824
v 2413.99853693 -11000.00000000 -68.58387820 0.47058824 0.47058824 0.47058824
v 2452.27278870 -1200.00000000 -99.10657547 0.47058824 0.47058824 0.47058824
v 2452.27278870 -11000.00000000 -99.10657547 0.47058824 0.47058824 0.47058824
v 2500.00000000 -1039.23048454 -600.00000000 0.47058824 0.47058824 0.47058824
v 2445.00000000 -991.59908733 -682.50000000 0.47058824 0.47058824 0.47058824
v 2445.00000000 -9478.64804442 -5582.50000000 0.47058824 0.47058824 0.47058824
v 2500.00000000 -9526.27944163 -5500.00000000 0.47058824 0.47058824 0.47058824
v 2491.77968971 -984.38427570 -694.99642032 0.47058824 0.47058824 0.47058824
v 2491.77968971 -9471.43323278 -5594.99642032 0.47058824 0.47058824 0.47058824
v 2540.18751268 -988.03242837 -688.67763454 0.47058824 0.47058824 0.47058824
v 2540.18751268 -9475.08138545 -5588.67763454 0.47058824 0.47058824 0.47058824
v 2580.63570590 -1001.82098396 -664.79515569 0.47058824 0.47058824 0.47058824
v 2580.63570590 -9488.86994105 -5564.79515569 0.47058824 0.47058824 0.47058824
v 2605.11300864 -1023.01894995 -628.07920158 0.47058824 0.47058824 0.47058824
v 2605.11300864 -9510.06790704 -5528.07920158 0.47058824 0.47058824 0.47058824
v 2608.77139088 -1047.42780918 -585.80181724 0.47058824 0.47058824 0.47058824
v 2608.77139088 -9534.47676627 -5485.80181724 0.47058824 0.47058824 0.47058824
v 2590.88626517 -1070.21308773 -546.33655712 0.47058824 0.47058824 0.47058824
v 2590.88626517 -9557.26204482 -5446.33655712 0.47058824 0.47058824 0.47058824
v 2555.00000000 -1086.86188175 -517.50000000 0.47058824 0.47058824 0.47058824
v 2555.00000000 -9573.91083884 -5417.50000000 0.47058824 0.47058824 0.47058824
v 2508.22031029 -1094.07669339 -505.00357968 0.47058824 0.47058824 0.47058824
v 2508.22031029 -9581.12565047 -5405.00357968 0.47058824 0.47058824 0.47058824
v 2459.81248732 -1090.42854072 -511.32236546 0.47058824 0.47058824 0.47058824
v 2459.81248732 -9577.47749780 -5411.32236546 0.47058824 0.47058824 0.47058824
v 2419.36429410 -1076.63998512 -535.20484431 0.47058824 0.47058824 0.47058824
v 2419.36429410 -9563.68894221 -5435.20484431 0.47058824 0.47058824 0.47058824
v 2394.88699136 -1055.44201913 -571.92079842 0.47058824 0.47058824 0.47058824
v 2394.88699136 -9542.49097622 -5471.92079842 0.47058824 0.47058824 0.47058824
v 2391.22860912 -1031.03315990 -614.19818276 0.47058824 0.47058824 0.47058824
v 2391.22860912 -9518.08211699 -5514.19818276 0.47058824 0.47058824 0.47058824
v 2409.11373483 -1008.24788135 -653.66344288 0.47058824 0.47058824 0.47058824
v 2409.11373483 -9495.29683844 -5553.66344288 0.47058824 0.47058824 0.47058824
v 2500.00000000 -600.00000000 -1039.23048454 0.47058824 0.47058824 0.47058824
v 2404.73720558 -552.36860279 -1066.73048454 0.47058824 0.47058824 0.47058824
v 2404.73720558 -5452.36860279 -9553.77944163 0.47058824 0.47058824 0.47058824
v 2500.00000000 -5500.00000000 -9526.27944163 0.47058824 0.47058824 0.47058824
v 2438.03479361 -521.29018550 -1084.67361713 0.47058824 0.47058824 0.47058824
v 2438.03479361 -5421.29018550 -9571.72257422 0.47058824 0.47058824 0.47058824
v 2483.60535072 -505.80121229 -1093.61617998 0.47058824 0.47058824 0.47058824
v 2483.60535072 -5405.80121229 -9580.66513707 0.47058824 0.47058824 0.47058824
v 2532.42306919 -508.96946425 -1091.78698886 0.47058824 0.47058824 0.47058824
v 2532.42306919 -5408.96946425 -9578.83594595 0.47058824 0.47058824 0.47058824
v 2574.81900115 -530.16743024 -1079.54833749 0.47058824 0.47058824 0.47058824
v 2574.81900115 -5430.16743024 -9566.59729458 0.47058824 0.47058824 0.47058824
v 2602.39611235 -565.19659310 -1059.32424088 0.47058824 0.47058824 0.47058824
v 2602.39611235 -5465.19659310 -9546.37319797 0.47058824 0.47058824 0.47058824
v 2609.69241769 -607.11899754 -1035.12032939 0.47058824 0.47058824 0.47058824
v 2609.69241769 -5507.11899754 -9522.16928648 0.47058824 0.47058824 0.47058824
v 2595.26279442 -647.63139721 -1011.73048454 0.47058824 0.47058824 0.47058824
v 2595.26279442 -5547.63139721 -9498.77944163 0.47058824 0.47058824 0.47058824
v 2561.96520639 -678.70981450 -993.78735195 0.47058824 0.47058824 0.47058824
v 2561.96520639 -5578.70981450 -9480.83630904 0.47058824 0.47058824 0.47058824
v 2516.39464928 -694.19878771 -984.84478910 0.47058824 0.47058824 0.47058824
v 2516.39464928 -5594.19878771 -9471.89374619 0.47058824 0.47058824 0.47058824
v 2467.57693081 -691.03053575 -986.67398022 0.47058824 0.47058824 0.47058824
v 2467.57693081 -5591.03053575 -9473.72293731 0.47058824 0.47058824 0.47058824
v 2425.18099885 -669.83256976 -998.91263159 0.47058824 0.47058824 0.47058824
v 2425.18099885 -5569.83256976 -9485.96158868 0.47058824 0.47058824 0.47058824
v 2397.60388765 -634.80340690 -1019.13672820 0.47058824 0.47058824 0.47058824
v 2397.60388765 -5534.80340690 -9506.18568529 0.47058824 0.47058824 0.47058824
v 2390.30758231 -592.88100246 -1043.34063969 0.47058824 0.47058824 0.47058824
v 2390.30758231 -5492.88100246 -9530.38959678 0.47058824 0.47058824 0.47058824
v 2500.00000000 -0.00000000 -1200.00000000 0.47058824 0.47058824 0.47058824
v 2390.00000000 -0.00000000 -1200.00000000 0.47058824 0.47058824 0.47058824
v 2390.00000000 -0.00000000 -11000.00000000 0.47058824 0.47058824 0.47058824
v 2500.00000000 -0.00000000 -11000.00000000 0.47058824 0.47058824 0.47058824
v 2400.89342453 47.72721130 -1200.00000000 0.47058824 0.47058824 0.47058824
v 2400.89342453 47.72721130 -11000.00000000 0.47058824 0.47058824 0.47058824
v 2431.41612180 86.00146307 -1200.00000000 0.47058824 0.47058824 0.47058824
v 2431.41612180 86.00146307 -11000.00000000 0.47058824 0.47058824 0.47058824
v 2475.52269726 107.24207034 -1200.00000000 0.47058824 0.47058824 0.47058824
v 2475.52269726 107.24207034 -11000.00000000 0.47058824 0.47058824 0.47058824
v 2524.47730274 107.24207034 -1200.00000000 0.47058824 0.47058824 0.47058824
v 2524.47730274 107.24207034 -11000.00000000 0.47058824 0.47058824 0.47058824
v 2568.58387820 86.00146307 -1200.00000000 0.47058824 0.47058824 0.47058824
v 2568.58387820 86.00146307 -11000.00000000 0.47058824 0.47058824 0.47058824
v 2599.10657547 47.72721130 -1200.00000000 0.47058824 0.47058824 0.47058824
v 2599.10657547 47.72721130 -11000.00000000 0.47058824 0.47058824 0.47058824
v 2610.00000000 -0.00000000 -1200.00000000 0.47058824 0.47058824 0.47058824
v 2610.00000000 -0.00000000 -11000.00000000 0.47058824 0.47058824 0.47058824
v 2599.10657547 -47.72721130 -1200.00000000 0.47058824 0.47058824 0.47058824
v 2599.10657547 -47.72721130 -11000.00000000 0.47058824 0.47058824 0.47058824
v 2568.58387820 -86.00146307 -1200.00000000 0.47058824 0.47058824 0.47058824
v 2568.58387820 -86.00146307 -11000.00000000 0.47058824 0.47058824 0.47058824
v 2524.47730274 -107.24207034 -1200.00000000 0.47058824 0.47058824 0.47058824
v 2524.47730274 -107.24207034 -11000.00000000 0.47058824 0.47058824 0.47058824
v 2475.52269726 -107.24207034 -1200.00000000 0.47058824 0.47058824 0.47058824
v 2475.52269726 -107.24207034 -11000.00000000 0.47058824 0.47058824 0.47058824
v 2431.41612180 -86.00146307 -1200.00000000 0.47058824 0.47058824 0.47058824
v 2431.41612180 -86.00146307 -11000.00000000 0.47058824 0.47058824 0.47058824
v 2400.89342453 -47.72721130 -1200.00000000 0.47058824 0.47058824 0.47058824
v 2400.89342453 -47.72721130 -11000.00000000 0.47058824 0.47058824 0.47058824
v 2500.00000000 600.00000000 -1039.23048454 0.47058824 0.47058824 0.47058824
v 2404.73720558 552.36860279 -1066.73048454 0.47058824 0.47058824 0.47058824
v 2404.73720558 5452.36860279 -9553.77944163 0.47058824 0.47058824 0.47058824
v 2500.00000000 5500.00000000 -9526.27944163 0.47058824 0.47058824 0.47058824
v 2390.30758231 592.88100246 -1043.34063969 0.47058824 0.47058824 0.47058824
v 2390.30758231 5492.88100246 -9530.38959678 0.47058824 0.47058824 0.47058824
v 2397.60388765 634.80340690 -1019.13672820 0.47058824 0.47058824 0.47058824
v 2397.60388765 5534.80340690 -9506.18568529 0.47058824 0.47058824 0.47058824
v 2425.18099885 669.83256976 -998.91263159 0.47058824 0.47058824 0.47058824
v 2425.18099885 5569.83256976 -9485.96158868 0.47058824 0.47058824 0.47058824
v 2467.57693081 691.03053575 -986.67398022 0.47058824 0.47058824 0.47058824
v 2467.57693081 5591.03053575 -9473.72293731 0.47058824 0.47058824 0.47058824
v 2516.39464928 694.19878771 -984.84478910 0.47058824 0.47058824 0.47058824
v 2516.39464928 5594.19878771 -9471.89374619 0.47058824 0.47058824 0.47058824
v 2561.96520639 678.70981450 -993.78735195 0.47058824 0.47058824 0.47058824
v 2561.96520639 5578.70981450 -9480.83630904 0.47058824 0.47058824 0.47058824
v 2595.26279442 647.63139721 -1011.73048454 0.47058824 0.47058824 0.47058824
v 2595.26279442 5547.63139721 -9498.77944163 0.47058824 0.47058824 0.47058824
v 2609.69241769 607.11899754 -1035.12032939 0.47058824 0.47058824 0.47058824
v 2609.69241769 5507.11899754 -9522.16928648 0.47058824 0.47058824 0.47058824
v 2602.39611235 565.19659310 -1059.32424088 0.47058824 0.47058824 0.47058824
v 2602.39611235 5465.19659310 -9546.37319797 0.47058824 0.47058824 0.47058824
v 2574.81900115 530.16743024 -1079.54833749 0.47058824 0.47058824 0.47058824
v 2574.81900115 5430.16743024 -9566.59729458 0.47058824 0.47058824 0.47058824
v 2532.42306919 508.96946425 -1091.78698886 0.47058824 0.47058824 0.47058824
v 2532.42306919 5408.96946425 -9578.83594595 0.47058824 0.47058824 0.47058824
v 2483.60535072 505.80121229 -1093.61617998 0.47058824 0.47058824 0.47058824
v 2483.60535072 5405.80121229 -9580.66513707 0.47058824 0.47058824 0.47058824
v 2438.03479361 521.29018550 -1084.67361713 0.47058824 0.47058824 0.47058824
v 2438.03479361 5421.29018550 -9571.72257422 0.47058824 0.47058824 0.47058824
v 2500.00000000 1039.23048454 -600.00000000 0.47058824 0.47058824 0.47058824
v 2445.00000000 991.59908733 -682.50000000 0.47058824 0.47058824 0.47058824
v 2445.00000000 9478.64804442 -5582.50000000 0.47058824 0.47058824 0.47058824
v 2500.00000000 9526.27944163 -5500.00000000 0.47058824 0.47058824 0.47058824
v 2409.11373483 1008.24788135 -653.66344288 0.47058824 0.47058824 0.47058824
v 2409.11373483 9495.29683844 -5553.66344288 0.47058824 0.47058824 0.47058824
v 2391.22860912 1031.03315990 -614.19818276 0.47058824 0.47058824 0.47058824
v 2391.22860912 9518.08211699 -5514.19818276 0.47058824 0.47058824 0.47058824
v 2394.88699136 1055.44201913 -571.92079842 0.47058824 0.47058824 0.47058824
v 2394.88699136 9542.49097622 -5471.92079842 0.47058824 0.47058824 0.47058824
v 2419.36429410 1076.63998512 -535.20484431 0.47058824 0.47058824 0.47058824
v 2419.36429410 9563.68894221 -5435.20484431 0.47058824 0.47058824 0.47058824
v 2459.81248732 1090.42854072 -511.32236546 0.47058824 0.47058824 0.47058824
v 2459.81248732 9577.47749780 -5411.32236546 0.47058824 0.47058824 0.47058824
v 2508.22031029 1094.07669339 -505.00357968 0.47058824 0.47058824 0.47058824
v 2508.22031029 9581.12565047 -5405.00357968 0.47058824 0.47058824 0.47058824
v 2555.00000000 1086.86188175 -517.50000000 0.47058824 0.47058824 0.47058824
v 2555.00000000 9573.91083884 -5417.50000000 0.47058824 0.47058824 0.47058824
v 2590.88626517 1070.21308773 -546.33655712 0.47058824 0.47058824 0.47058824
v 2590.88626517 9557.26204482 -5446.33655712 0.47058824 0.47058824 0.47058824
v 2608.77139088 1047.42780918 -585.80181724 0.47058824 0.47058824 0.47058824
v 2608.77139088 9534.47676627 -5485.80181724 0.47058824 0.47058824 0.47058824
v 2605.11300864 1023.01894995 -628.07920158 0.47058824 0.47058824 0.47058824
v 2605.11300864 9510.06790704 -5528.07920158 0.47058824 0.47058824 0.47058824
v 2580.63570590 1001.82098396 -664.79515569 0.47058824 0.47058824 0.47058824
v 2580.63570590 9488.86994105 -5564.79515569 0.47058824 0.47058824 0.47058824
v 2540.18751268 988.03242837 -688.67763454 0.47058824 0.47058824 0.47058824
v 2540.18751268 9475.08138545 -5588.67763454 0.47058824 0.47058824 0.47058824
v 2491.77968971 984.38427570 -694.99642032 0.47058824 0.47058824 0.47058824
v 2491.77968971 9471.43323278 -5594.99642032 0.47058824 0.47058824 0.47058824
v 6900.00000000 1200.00000000 -90.00000000 0.39215686 0.39215686 0.39215686
v 6900.00000000 1200.00000000 90.00000000 0.39215686 0.39215686 0.39215686
v 6900.00000000 8500.00000000 -90.00000000 0.39215686 0.39215686 0.39215686
v 6900.00000000 8500.00000000 90.00000000 0.39215686 0.39215686 0.39215686
v 11100.00000000 1200.00000000 -90.00000000 0.39215686 0.39215686 0.39215686
v 11100.00000000 1200.00000000 90.00000000 0.39215686 0.39215686 0.39215686
v 11100.00000000 8500.00000000 -90.00000000 0.39215686 0.39215686 0.39215686
v 11100.00000000 8500.00000000 90.00000000 0.39215686 0.39215686 0.39215686
v 6900.00000000 8500.00000000 -45.00000000 0.31372549 0.31372549 0.31372549
v 6900.00000000 8500.00000000 45.00000000 0.31372549 0.31372549 0.31372549
v 6900.00000000 29000.00000000 -45.00000000 0.31372549 0.31372549 0.31372549
v 6900.00000000 29000.00000000 45.00000000 0.31372549 0.31372549 0.31372549
v 11100.00000000 8500.00000000 -45.00000000 0.31372549 0.31372549 0.31372549
v 11100.00000000 8500.00000000 45.00000000 0.31372549 0.31372549 0.31372549
v 11100.00000000 29000.00000000 -45.00000000 0.31372549 0.31372549 0.31372549
v 11100.00000000 29000.00000000 45.00000000 0.31372549 0.31372549 0.31372549
v 6900.00000000 -8500.00000000 -90.00000000 0.39215686 0.39215686 0.39215686
v 6900.00000000 -8500.00000000 90.00000000 0.39215686 0.39215686 0.39215686
v 6900.00000000 -1200.00000000 -90.00000000 0.39215686 0.39215686 0.39215686
v 6900.00000000 -1200.00000000 90.00000000 0.39215686 0.39215686 0.39215686
v 11100.00000000 -8500.00000000 -90.00000000 0.39215686 0.39215686 0.39215686
v 11100.00000000 -8500.00000000 90.00000000 0.39215686 0.39215686 0.39215686
v 11100.00000000 -1200.00000000 -90.00000000 0.39215686 0.39215686 0.39215686
v 11100.00000000 -1200.00000000 90.00000000 0.39215686 0.39215686 0.39215686
v 6900.00000000 -29000.00000000 -45.00000000 0.31372549 0.31372549 0.31372549
v 6900.00000000 -29000.00000000 45.00000000 0.31372549 0.31372549 0.31372549
v 6900.00000000 -8500.00000000 -45.00000000 0.31372549 0.31372549 0.31372549
v 6900.00000000 -8500.00000000 45.00000000 0.31372549 0.31372549 0.31372549
v 11100.00000000 -29000.00000000 -45.00000000 0.31372549 0.31372549 0.31372549
v 11100.00000000 -29000.00000000 45.00000000 0.31372549 0.31372549 0.31372549
v 11100.00000000 -8500.00000000 -45.00000000 0.31372549 0.31372549 0.31372549
v 11100.00000000 -8500.00000000 45.00000000 0.31372549 0.31372549 0.31372549
v 6900.00000000 -90.00000000 1200.00000000 0.39215686 0.39215686 0.39215686
v 6900.00000000 -90.00000000 8500.00000000 0.39215686 0.39215686 0.39215686
v 6900.00000000 90.00000000 1200.00000000 0.39215686 0.39215686 0.39215686
v 6900.00000000 90.00000000 8500.00000000 0.39215686 0.39215686 0.39215686
v 11100.00000000 -90.00000000 1200.00000000 0.39215686 0.39215686 0.39215686
v 11100.00000000 -90.00000000 8500.00000000 0.39215686 0.39215686 0.39215686
v 11100.00000000 90.00000000 1200.00000000 0.39215686 0.39215686 0.39215686
v 11100.00000000 90.00000000 8500.00000000 0.39215686 0.39215686 0.39215686
v 6900.00000000 -45.00000000 8500.00000000 0.31372549 0.31372549 0.31372549
v 6900.00000000 -45.00000000 29000.00000000 0.31372549 0.31372549 0.31372549
v 6900.00000000 45.00000000 8500.00000000 0.31372549 0.31372549 0.31372549
v 6900.00000000 45.00000000 29000.00000000 0.31372549 0.31372549 0.31372549
v 11100.00000000 -45.00000000 8500.00000000 0.31372549 0.31372549 0.31372549
v 11100.00000000 -45.00000000 29000.00000000 0.31372549 0.31372549 0.31372549
v 11100.00000000 45.00000000 8500.00000000 0.31372549 0.31372549 0.31372549
v 11100.00000000 45.00000000 29000.00000000 0.31372549 0.31372549 0.31372549
v 6900.00000000 -90.00000000 -8500.00000000 0.39215686 0.39215686 0.39215686
v 6900.00000000 -90.00000000 -1200.00000000 0.39215686 0.39215686 0.39215686
v 6900.00000000 90.00000000 -8500.00000000 0.39215686 0.39215686 0.39215686
v 6900.00000000 90.00000000 -1200.00000000 0.39215686 0.39215686 0.39215686
v 11100.00000000 -90.00000000 -8500.00000000 0.39215686 0.39215686 0.39215686
v 11100.00000000 -90.00000000 -1200.00000000 0.39215686 0.39215686 0.39215686
v 11100.00000000 90.00000000 -8500.00000000 0.39215686 0.39215686 0.39215686
v 11100.00000000 90.00000000 -1200.00000000 0.39215686 0.39215686 0.39215686
v 6900.00000000 -45.00000000 -29000.00000000 0.31372549 0.31372549 0.31372549
v 6900.00000000 -45.00000000 -8500.00000000 0.31372549 0.31372549 0.31372549
v 6900.00000000 45.00000000 -29000.00000000 0.31372549 0.31372549 0.31372549
v 6900.00000000 45.00000000 -8500.00000000 0.31372549 0.31372549 0.31372549
v 11100.00000000 -45.00000000 -29000.00000000 0.31372549 0.31372549 0.31372549
v 11100.00000000 -45.00000000 -8500.00000000 0.31372549 0.31372549 0.31372549
v 11100.00000000 45.00000000 -29000.00000000 0.31372549 0.31372549 0.31372549
v 11100.00000000 45.00000000 -8500.00000000 0.31372549 0.31372549 0.31372549
v 0.00000000 3313.39653438 1861.02885683 0.66666667 0.66666667 0.66666667
v 0.00000000 3268.39653438 1938.97114317 0.66666667 0.66666667 0.66666667
v 0.00000000 5738.26766498 3261.02885683 0.66666667 0.66666667 0.66666667
v 0.00000000 5693.26766498 3338.97114317 0.66666667 0.66666667 0.66666667
v 9000.00000000 3313.39653438 1861.02885683 0.66666667 0.66666667 0.66666667
v 9000.00000000 3268.39653438 1938.97114317 0.66666667 0.66666667 0.66666667
v 9000.00000000 5738.26766498 3261.02885683 0.66666667 0.66666667 0.66666667
v 9000.00000000 5693.26766498 3338.97114317 0.66666667 0.66666667 0.66666667
v 0.00000000 45.00000000 3800.00000000 0.66666667 0.66666667 0.66666667
v 0.00000000 -45.00000000 3800.00000000 0.66666667 0.66666667 0.66666667
v 0.00000000 45.00000000 6600.00000000 0.66666667 0.66666667 0.66666667
v 0.00000000 -45.00000000 6600.00000000 0.66666667 0.66666667 0.66666667
v 9000.00000000 45.00000000 3800.00000000 0.66666667 0.66666667 0.66666667
v 9000.00000000 -45.00000000 3800.00000000 0.66666667 0.66666667 0.66666667
v 9000.00000000 45.00000000 6600.00000000 0.66666667 0.66666667 0.66666667
v 9000.00000000 -45.00000000 6600.00000000 0.66666667 0.66666667 0.66666667
v 0.00000000 -3268.39653438 1938.97114317 0.66666667 0.66666667 0.66666667
v 0.00000000 -3313.39653438 1861.02885683 0.66666667 0.66666667 0.66666667
v 0.00000000 -5693.26766498 3338.97114317 0.66666667 0.66666667 0.66666667
v 0.00000000 -5738.26766498 3261.02885683 0.66666667 0.66666667 0.66666667
v 9000.00000000 -3268.39653438 1938.97114317 0.66666667 0.66666667 0.66666667
v 9000.00000000 -3313.39653438 1861.02885683 0.66666667 0.66666667 0.66666667
v 9000.00000000 -5693.26766498 3338.97114317 0.66666667 0.66666667 0.66666667
v 9000.00000000 -5738.26766498 3261.02885683 0.66666667 0.66666667 0.66666667
v 0.00000000 -3313.39653438 -1861.02885683 0.66666667 0.66666667 0.66666667
v 0.00000000 -3268.39653438 -1938.97114317 0.66666667 0.66666667 0.66666667
v 0.00000000 -5738.26766498 -3261.02885683 0.66666667 0.66666667 0.66666667
v 0.00000000 -5693.26766498 -3338.97114317 0.66666667 0.66666667 0.66666667
v 9000.00000000 -3313.39653438 -1861.02885683 0.66666667 0.66666667 0.66666667
v 9000.00000000 -3268.39653438 -1938.97114317 0.66666667 0.66666667 0.66666667
v 9000.00000000 -5738.26766498 -3261.02885683 0.66666667 0.66666667 0.66666667
v 9000.00000000 -5693.26766498 -3338.97114317 0.66666667 0.66666667 0.66666667
v 0.00000000 -45.00000000 -3800.00000000 0.66666667 0.66666667 0.66666667
v 0.00000000 45.00000000 -3800.00000000 0.66666667 0.66666667 0.66666667
v 0.00000000 -45.00000000 -6600.00000000 0.66666667 0.66666667 0.66666667
v 0.00000000 45.00000000 -6600.00000000 0.66666667 0.66666667 0.66666667
v 9000.00000000 -45.00000000 -3800.00000000 0.66666667 0.66666667 0.66666667
v 9000.00000000 45.00000000 -3800.00000000 0.66666667 0.66666667 0.66666667
v 9000.00000000 -45.00000000 -6600.00000000 0.66666667 0.66666667 0.66666667
v 9000.00000000 45.00000000 -6600.00000000 0.66666667 0.66666667 0.66666667
v 0.00000000 3268.39653438 -1938.97114317 0.66666667 0.66666667 0.66666667
v 0.00000000 3313.39653438 -1861.02885683 0.66666667 0.66666667 0.66666667
v 0.00000000 5693.26766498 -3338.97114317 0.66666667 0.66666667 0.66666667
v 0.00000000 5738.26766498 -3261.02885683 0.66666667 0.66666667 0.66666667
v 9000.00000000 3268.39653438 -1938.97114317 0.66666667 0.66666667 0.66666667
v 9000.00000000 3313.39653438 -1861.02885683 0.66666667 0.66666667 0.66666667
v 9000.00000000 5693.26766498 -3338.97114317 0.66666667 0.66666667 0.66666667
v 9000.00000000 5738.26766498 -3261.02885683 0.66666667 0.66666667 0.66666667
v -21000.00000000 3000.00000000 0.00000000 0.29411765 0.29411765 0.29411765
v -21000.00000000 3000.00000000 -480.00000000 0.29411765 0.29411765 0.29411765
v -15800.00000000 3000.00000000 -480.00000000 0.29411765 0.29411765 0.29411765
v -15800.00000000 3000.00000000 0.00000000 0.29411765 0.29411765 0.29411765
v -21000.00000000 3093.64335457 -470.77693459 0.29411765 0.29411765 0.29411765
v -15800.00000000 3093.64335457 -470.77693459 0.29411765 0.29411765 0.29411765
v -21000.00000000 3183.68804754 -443.46217561 0.29411765 0.29411765 0.29411765
v -15800.00000000 3183.68804754 -443.46217561 0.29411765 0.29411765 0.29411765
v -21000.00000000 3266.67371185 -399.10541391 0.29411765 0.29411765 0.29411765
v -15800.00000000 3266.67371185 -399.10541391 0.29411765 0.29411765 0.29411765
v -21000.00000000 3339.41125497 -339.41125497 0.29411765 0.29411765 0.29411765
v -15800.00000000 3339.41125497 -339.41125497 0.29411765 0.29411765 0.29411765
v -21000.00000000 3399.10541391 -266.67371185 0.29411765 0.29411765 0.29411765
v -15800.00000000 3399.10541391 -266.67371185 0.29411765 0.29411765 0.29411765
v -21000.00000000 3443.46217561 -183.68804754 0.29411765 0.29411765 0.29411765
v -15800.00000000 3443.46217561 -183.68804754 0.29411765 0.29411765 0.29411765
v -21000.00000000 3470.77693459 -93.64335457 0.29411765 0.29411765 0.29411765
v -15800.00000000 3470.77693459 -93.64335457 0.29411765 0.29411765 0.29411765
v -21000.00000000 3480.00000000 -0.00000000 0.29411765 0.29411765 0.29411765
v -15800.00000000 3480.00000000 -0.00000000 0.29411765 0.29411765 0.29411765
v -21000.00000000 3470.77693459 93.64335457 0.29411765 0.29411765 0.29411765
v -15800.00000000 3470.77693459 93.64335457 0.29411765 0.29411765 0.29411765
v -21000.00000000 3443.46217561 183.68804754 0.29411765 0.29411765 0.29411765
v -15800.00000000 3443.46217561 183.68804754 0.29411765 0.29411765 0.29411765
v -21000.00000000 3399.10541391 266.67371185 0.29411765 0.29411765 0.29411765
v -15800.00000000 3399.10541391 266.67371185 0.29411765 0.29411765 0.29411765
v -21000.00000000 3339.41125497 339.41125497 0.29411765 0.29411765 0.29411765
v -15800.00000000 3339.41125497 339.41125497 0.29411765 0.29411765 0.29411765
v -21000.00000000 3266.67371185 399.10541391 0.29411765 0.29411765 0.29411765
v -15800.00000000 3266.67371185 399.10541391 0.29411765 0.29411765 0.29411765
v -21000.00000000 3183.68804754 443.46217561 0.29411765 0.29411765 0.29411765
v -15800.00000000 3183.68804754 443.46217561 0.29411765 0.29411765 0.29411765
v -21000.00000000 3093.64335457 470.77693459 0.29411765 0.29411765 0.29411765
v -15800.00000000 3093.64335457 470.77693459 0.29411765 0.29411765 0.29411765
v -21000.00000000 3000.00000000 480.00000000 0.29411765 0.29411765 0.29411765
v -15800.00000000 3000.00000000 480.00000000 0.29411765 0.29411765 0.29411765
v -21000.00000000 2906.35664543 470.77693459 0.29411765 0.29411765 0.29411765
v -15800.00000000 2906.35664543 470.77693459 0.29411765 0.29411765 0.29411765
v -21000.00000000 2816.31195246 443.46217561 0.29411765 0.29411765 0.29411765
v -15800.00000000 2816.31195246 443.46217561 0.29411765 0.29411765 0.29411765
v -21000.00000000 2733.32628815 399.10541391 0.29411765 0.29411765 0.29411765
v -15800.00000000 2733.32628815 399.10541391 0.29411765 0.29411765 0.29411765
v -21000.00000000 2660.58874503 339.41125497 0.29411765 0.29411765 0.29411765
v -15800.00000000 2660.58874503 339.41125497 0.29411765 0.29411765 0.29411765
v -21000.00000000 2600.89458609 266.67371185 0.29411765 0.29411765 0.29411765
v -15800.00000000 2600.89458609 266.67371185 0.29411765 0.29411765 0.29411765
v -21000.00000000 2556.53782439 183.68804754 0.29411765 0.29411765 0.29411765
v -15800.00000000 2556.53782439 183.68804754 0.29411765 0.29411765 0.29411765
v -21000.00000000 2529.22306541 93.64335457 0.29411765 0.29411765 0.29411765
v -15800.00000000 2529.22306541 93.64335457 0.29411765 0.29411765 0.29411765
v -21000.00000000 2520.00000000 0.00000000 0.29411765 0.29411765 0.29411765
v -15800.00000000 2520.00000000 0.00000000 0.29411765 0.29411765 0.29411765
v -21000.00000000 2529.22306541 -93.64335457 0.29411765 0.29411765 0.29411765
v -15800.00000000 2529.22306541 -93.64335457 0.29411765 0.29411765 0.29411765
v -21000.00000000 2556.53782439 -183.68804754 0.29411765 0.29411765 0.29411765
v -15800.00000000 2556.53782439 -183.68804754 0.29411765 0.29411765 0.29411765
v -21000.00000000 2600.89458609 -266.67371185 0.29411765 0.29411765 0.29411765
v -15800.00000000 2600.89458609 -266.67371185 0.29411765 0.29411765 0.29411765
v -21000.00000000 2660.58874503 -339.41125497 0.29411765 0.29411765 0.29411765
v -15800.00000000 2660.58874503 -339.41125497 0.29411765 0.29411765 0.29411765
v -21000.00000000 2733.32628815 -399.10541391 0.29411765 0.29411765 0.29411765
v -15800.00000000 2733.32628815 -399.10541391 0.29411765 0.29411765 0.29411765
v -21000.00000000 2816.31195246 -443.46217561 0.29411765 0.29411765 0.29411765
v -15800.00000000 2816.31195246 -443.46217561 0.29411765 0.29411765 0.29411765
v -21000.00000000 2906.35664543 -470.77693459 0.29411765 0.29411765 0.29411765
v -15800.00000000 2906.35664543 -470.77693459 0.29411765 0.29411765 0.29411765
v -16025.00000000 3000.00000000 0.00000000 0.50980392 0.50980392 0.50980392
v -16025.00000000 3000.00000000 -620.00000000 0.50980392 0.50980392 0.50980392
v -15675.00000000 3000.00000000 -620.00000000 0.50980392 0.50980392 0.50980392
v -15675.00000000 3000.00000000 0.00000000 0.50980392 0.50980392 0.50980392
v -16025.00000000 3120.95599965 -608.08687385 0.50980392 0.50980392 0.50980392
v -15675.00000000 3120.95599965 -608.08687385 0.50980392 0.50980392 0.50980392
v -16025.00000000 3237.26372807 -572.80531016 0.50980392 0.50980392 0.50980392
v -15675.00000000 3237.26372807 -572.80531016 0.50980392 0.50980392 0.50980392
v -16025.00000000 3344.45354447 -515.51115963 0.50980392 0.50980392 0.50980392
v -15675.00000000 3344.45354447 -515.51115963 0.50980392 0.50980392 0.50980392
v -16025.00000000 3438.40620434 -438.40620434 0.50980392 0.50980392 0.50980392
v -15675.00000000 3438.40620434 -438.40620434 0.50980392 0.50980392 0.50980392
v -16025.00000000 3515.51115963 -344.45354447 0.50980392 0.50980392 0.50980392
v -15675.00000000 3515.51115963 -344.45354447 0.50980392 0.50980392 0.50980392
v -16025.00000000 3572.80531016 -237.26372807 0.50980392 0.50980392 0.50980392
v -15675.00000000 3572.80531016 -237.26372807 0.50980392 0.50980392 0.50980392
v -16025.00000000 3608.08687385 -120.95599965 0.50980392 0.50980392 0.50980392
v -15675.00000000 3608.08687385 -120.95599965 0.50980392 0.50980392 0.50980392
v -16025.00000000 3620.00000000 -0.00000000 0.50980392 0.50980392 0.50980392
v -15675.00000000 3620.00000000 -0.00000000 0.50980392 0.50980392 0.50980392
v -16025.00000000 3608.08687385 120.95599965 0.50980392 0.50980392 0.50980392
v -15675.00000000 3608.08687385 120.95599965 0.50980392 0.50980392 0.50980392
v -16025.00000000 3572.80531016 237.26372807 0.50980392 0.50980392 0.50980392
v -15675.00000000 3572.80531016 237.26372807 0.50980392 0.50980392 0.50980392
v -16025.00000000 3515.51115963 344.45354447 0.50980392 0.50980392 0.50980392
v -15675.00000000 3515.51115963 344.45354447 0.50980392 0.50980392 0.50980392
v -16025.00000000 3438.40620434 438.40620434 0.50980392 0.50980392 0.50980392
v -15675.00000000 3438.40620434 438.40620434 0.50980392 0.50980392 0.50980392
v -16025.00000000 3344.45354447 515.51115963 0.50980392 0.50980392 0.50980392
v -15675.00000000 3344.45354447 515.51115963 0.50980392 0.50980392 0.50980392
v -16025.00000000 3237.26372807 572.80531016 0.50980392 0.50980392 0.50980392
v -15675.00000000 3237.26372807 572.80531016 0.50980392 0.50980392 0.50980392
v -16025.00000000 3120.95599965 608.08687385 0.50980392 0.50980392 0.50980392
v -15675.00000000 3120.95599965 608.08687385 0.50980392 0.50980392 0.50980392
v -16025.00000000 3000.00000000 620.00000000 0.50980392 0.50980392 0.50980392
v -15675.00000000 3000.00000000 620.00000000 0.50980392 0.50980392 0.50980392
v -16025.00000000 2879.04400035 608.08687385 0.50980392 0.50980392 0.50980392
v -15675.00000000 2879.04400035 608.08687385 0.50980392 0.50980392 0.50980392
v -16025.00000000 2762.73627193 572.80531016 0.50980392 0.50980392 0.50980392
v -15675.00000000 2762.73627193 572.80531016 0.50980392 0.50980392 0.50980392
v -16025.00000000 2655.54645553 515.51115963 0.50980392 0.50980392 0.50980392
v -15675.00000000 2655.54645553 515.51115963 0.50980392 0.50980392 0.50980392
v -16025.00000000 2561.59379566 438.40620434 0.50980392 0.50980392 0.50980392
v -15675.00000000 2561.59379566 438.40620434 0.50980392 0.50980392 0.50980392
v -16025.00000000 2484.48884037 344.45354447 0.50980392 0.50980392 0.50980392
v -15675.00000000 2484.48884037 344.45354447 0.50980392 0.50980392 0.50980392
v -16025.00000000 2427.19468984 237.26372807 0.50980392 0.50980392 0.50980392
v -15675.00000000 2427.19468984 237.26372807 0.50980392 0.50980392 0.50980392
v -16025.00000000 2391.91312615 120.95599965 0.50980392 0.50980392 0.50980392
v -15675.00000000 2391.91312615 120.95599965 0.50980392 0.50980392 0.50980392
v -16025.00000000 2380.00000000 0.00000000 0.50980392 0.50980392 0.50980392
v -15675.00000000 2380.00000000 0.00000000 0.50980392 0.50980392 0.50980392
v -16025.00000000 2391.91312615 -120.95599965 0.50980392 0.50980392 0.50980392
v -15675.00000000 2391.91312615 -120.95599965 0.50980392 0.50980392 0.50980392
v -16025.00000000 2427.19468984 -237.26372807 0.50980392 0.50980392 0.50980392
v -15675.00000000 2427.19468984 -237.26372807 0.50980392 0.50980392 0.50980392
v -16025.00000000 2484.48884037 -344.45354447 0.50980392 0.50980392 0.50980392
v -15675.00000000 2484.48884037 -344.45354447 0.50980392 0.50980392 0.50980392
v -16025.00000000 2561.59379566 -438.40620434 0.50980392 0.50980392 0.50980392
v -15675.00000000 2561.59379566 -438.40620434 0.50980392 0.50980392 0.50980392
v -16025.00000000 2655.54645553 -515.51115963 0.50980392 0.50980392 0.50980392
v -15675.00000000 2655.54645553 -515.51115963 0.50980392 0.50980392 0.50980392
v -16025.00000000 2762.73627193 -572.80531016 0.50980392 0.50980392 0.50980392
v -15675.00000000 2762.73627193 -572.80531016 0.50980392 0.50980392 0.50980392
v -16025.00000000 2879.04400035 -608.08687385 0.50980392 0.50980392 0.50980392
v -15675.00000000 2879.04400035 -608.08687385 0.50980392 0.50980392 0.50980392
v -21000.00000000 1500.00000000 2598.07621135 0.29411765 0.29411765 0.29411765
v -21000.00000000 1500.00000000 2118.07621135 0.29411765 0.29411765 0.29411765
v -15800.00000000 1500.00000000 2118.07621135 0.29411765 0.29411765 0.29411765
v -15800.00000000 1500.00000000 2598.07621135 0.29411765 0.29411765 0.29411765
v -21000.00000000 1593.64335457 2127.29927676 0.29411765 0.29411765 0.29411765
v -15800.00000000 1593.64335457 2127.29927676 0.29411765 0.29411765 0.29411765
v -21000.00000000 1683.68804754 2154.61403575 0.29411765 0.29411765 0.29411765
v -15800.00000000 1683.68804754 2154.61403575 0.29411765 0.29411765 0.29411765
v -21000.00000000 1766.67371185 2198.97079745 0.29411765 0.29411765 0.29411765
v -15800.00000000 1766.67371185 2198.97079745 0.29411765 0.29411765 0.29411765
v -21000.00000000 1839.41125497 2258.66495638 0.29411765 0.29411765 0.29411765
v -15800.00000000 1839.41125497 2258.66495638 0.29411765 0.29411765 0.29411765
v -21000.00000000 1899.10541391 2331.40249950 0.29411765 0.29411765 0.29411765
v -15800.00000000 1899.10541391 2331.40249950 0.29411765 0.29411765 0.29411765
v -21000.00000000 1943.46217561 2414.38816382 0.29411765 0.29411765 0.29411765
v -15800.00000000 1943.46217561 2414.38816382 0.29411765 0.29411765 0.29411765
v -21000.00000000 1970.77693459 2504.43285679 0.29411765 0.29411765 0.29411765
v -15800.00000000 1970.77693459 2504.43285679 0.29411765 0.29411765 0.29411765
v -21000.00000000 1980.00000000 2598.07621135 0.29411765 0.29411765 0.29411765
v -15800.00000000 1980.00000000 2598.07621135 0.29411765 0.29411765 0.29411765
v -21000.00000000 1970.77693459 2691.71956592 0.29411765 0.29411765 0.29411765
v -15800.00000000 1970.77693459 2691.71956592 0.29411765 0.29411765 0.29411765
v -21000.00000000 1943.46217561 2781.76425889 0.29411765 0.29411765 0.29411765
v -15800.00000000 1943.46217561 2781.76425889 0.29411765 0.29411765 0.29411765
v -21000.00000000 1899.10541391 2864.74992320 0.29411765 0.29411765 0.29411765
v -15800.00000000 1899.10541391 2864.74992320 0.29411765 0.29411765 0.29411765
v -21000.00000000 1839.41125497 2937.48746632 0.29411765 0.29411765 0.29411765
v -15800.00000000 1839.41125497 2937.48746632 0.29411765 0.29411765 0.29411765
v -21000.00000000 1766.67371185 2997.18162526 0.29411765 0.29411765 0.29411765
v -15800.00000000 1766.67371185 2997.18162526 0.29411765 0.29411765 0.29411765
v -21000.00000000 1683.68804754 3041.53838696 0.29411765 0.29411765 0.29411765
v -15800.00000000 1683.68804754 3041.53838696 0.29411765 0.29411765 0.29411765
v -21000.00000000 1593.64335457 3068.85314595 0.29411765 0.29411765 0.29411765
v -15800.00000000 1593.64335457 3068.85314595 0.29411765 0.29411765 0.29411765
v -21000.00000000 1500.00000000 3078.07621135 0.29411765 0.29411765 0.29411765
v -15800.00000000 1500.00000000 3078.07621135 0.29411765 0.29411765 0.29411765
v -21000.00000000 1406.35664543 3068.85314595 0.29411765 0.29411765 0.29411765
v -15800.00000000 1406.35664543 3068.85314595 0.29411765 0.29411765 0.29411765
v -21000.00000000 1316.31195246 3041.53838696 0.29411765 0.29411765 0.29411765
v -15800.00000000 1316.31195246 3041.53838696 0.29411765 0.29411765 0.29411765
v -21000.00000000 1233.32628815 2997.18162526 0.29411765 0.29411765 0.29411765
v -15800.00000000 1233.32628815 2997.18162526 0.29411765 0.29411765 0.29411765
v -21000.00000000 1160.58874503 2937.48746632 0.29411765 0.29411765 0.29411765
v -15800.00000000 1160.58874503 2937.48746632 0.29411765 0.29411765 0.29411765
v -21000.00000000 1100.89458609 2864.74992320 0.29411765 0.29411765 0.29411765
v -15800.00000000 1100.89458609 2864.74992320 0.29411765 0.29411765 0.29411765
v -21000.00000000 1056.53782439 2781.76425889 0.29411765 0.29411765 0.29411765
v -15800.00000000 1056.53782439 2781.76425889 0.29411765 0.29411765 0.29411765
v -21000.00000000 1029.22306541 2691.71956592 0.29411765 0.29411765 0.29411765
v -15800.00000000 1029.22306541 2691.71956592 0.29411765 0.29411765 0.29411765
v -21000.00000000 1020.00000000 2598.07621135 0.29411765 0.29411765 0.29411765
v -15800.00000000 1020.00000000 2598.07621135 0.29411765 0.29411765 0.29411765
v -21000.00000000 1029.22306541 2504.43285679 0.29411765 0.29411765 0.29411765
v -15800.00000000 1029.22306541 2504.43285679 0.29411765 0.29411765 0.29411765
v -21000.00000000 1056.53782439 2414.38816382 0.29411765 0.29411765 0.29411765
v -15800.00000000 1056.53782439 2414.38816382 0.29411765 0.29411765 0.29411765
v -21000.00000000 1100.89458609 2331.40249950 0.29411765 0.29411765 0.29411765
v -15800.00000000 1100.89458609 2331.40249950 0.29411765 0.29411765 0.29411765
v -21000.00000000 1160.58874503 2258.66495638 0.29411765 0.29411765 0.29411765
v -15800.00000000 1160.58874503 2258.66495638 0.29411765 0.29411765 0.29411765
v -21000.00000000 1233.32628815 2198.97079745 0.29411765 0.29411765 0.29411765
v -15800.00000000 1233.32628815 2198.97079745 0.29411765 0.29411765 0.29411765
v -21000.00000000 1316.31195246 2154.61403575 0.29411765 0.29411765 0.29411765
v -15800.00000000 1316.31195246 2154.61403575 0.29411765 0.29411765 0.29411765
v -21000.00000000 1406.35664543 2127.29927676 0.29411765 0.29411765 0.29411765
v -15800.00000000 1406.35664543 2127.29927676 0.29411765 0.29411765 0.29411765
v -16025.00000000 1500.00000000 2598.07621135 0.50980392 0.50980392 0.50980392
v -16025.00000000 1500.00000000 1978.07621135 0.50980392 0.50980392 0.50980392
v -15675.00000000 1500.00000000 1978.07621135 0.50980392 0.50980392 0.50980392
v -15675.00000000 1500.00000000 2598.07621135 0.50980392 0.50980392 0.50980392
v -16025.00000000 1620.95599965 1989.98933750 0.50980392 0.50980392 0.50980392
v -15675.00000000 1620.95599965 1989.98933750 0.50980392 0.50980392 0.50980392
v -16025.00000000 1737.26372807 2025.27090120 0.50980392 0.50980392 0.50980392
v -15675.00000000 1737.26372807 2025.27090120 0.50980392 0.50980392 0.50980392
v -16025.00000000 1844.45354447 2082.56505173 0.50980392 0.50980392 0.50980392
v -15675.00000000 1844.45354447 2082.56505173 0.50980392 0.50980392 0.50980392
v -16025.00000000 1938.40620434 2159.67000702 0.50980392 0.50980392 0.50980392
v -15675.00000000 1938.40620434 2159.67000702 0.50980392 0.50980392 0.50980392
v -16025.00000000 2015.51115963 2253.62266688 0.50980392 0.50980392 0.50980392
v -15675.00000000 2015.51115963 2253.62266688 0.50980392 0.50980392 0.50980392
v -16025.00000000 2072.80531016 2360.81248329 0.50980392 0.50980392 0.50980392
v -15675.00000000 2072.80531016 2360.81248329 0.50980392 0.50980392 0.50980392
v -16025.00000000 2108.08687385 2477.12021170 0.50980392 0.50980392 0.50980392
v -15675.00000000 2108.08687385 2477.12021170 0.50980392 0.50980392 0.50980392
v -16025.00000000 2120.00000000 2598.07621135 0.50980392 0.50980392 0.50980392
v -15675.00000000 2120.00000000 2598.07621135 0.50980392 0.50980392 0.50980392
v -16025.00000000 2108.08687385 2719.03221100 0.50980392 0.50980392 0.50980392
v -15675.00000000 2108.08687385 2719.03221100 0.50980392 0.50980392 0.50980392
v -16025.00000000 2072.80531016 2835.33993942 0.50980392 0.50980392 0.50980392
v -15675.00000000 2072.80531016 2835.33993942 0.50980392 0.50980392 0.50980392
v -16025.00000000 2015.51115963 2942.52975583 0.50980392 0.50980392 0.50980392
v -15675.00000000 2015.51115963 2942.52975583 0.50980392 0.50980392 0.50980392
v -16025.00000000 1938.40620434 3036.48241569 0.50980392 0.50980392 0.50980392
v -15675.00000000 1938.40620434 3036.48241569 0.50980392 0.50980392 0.50980392
v -16025.00000000 1844.45354447 3113.58737098 0.50980392 0.50980392 0.50980392
v -15675.00000000 1844.45354447 3113.58737098 0.50980392 0.50980392 0.50980392
v -16025.00000000 1737.26372807 3170.88152151 0.50980392 0.50980392 0.50980392
v -15675.00000000 1737.26372807 3170.88152151 0.50980392 0.50980392 0.50980392
v -16025.00000000 1620.95599965 3206.16308520 0.50980392 0.50980392 0.50980392
v -15675.00000000 1620.95599965 3206.16308520 0.50980392 0.50980392 0.50980392
v -16025.00000000 1500.00000000 3218.07621135 0.50980392 0.50980392 0.50980392
v -15675.00000000 1500.00000000 3218.07621135 0.50980392 0.50980392 0.50980392
v -16025.00000000 1379.04400035 3206.16308520 0.50980392 0.50980392 0.50980392
v -15675.00000000 1379.04400035 3206.16308520 0.50980392 0.50980392 0.50980392
v -16025.00000000 1262.73627193 3170.88152151 0.50980392 0.50980392 0.50980392
v -15675.00000000 1262.73627193 3170.88152151 0.50980392 0.50980392 0.50980392
v -16025.00000000 1155.54645553 3113.58737098 0.50980392 0.50980392 0.50980392
v -15675.00000000 1155.54645553 3113.58737098 0.50980392 0.50980392 0.50980392
v -16025.00000000 1061.59379566 3036.48241569 0.50980392 0.50980392 0.50980392
v -15675.00000000 1061.59379566 3036.48241569 0.50980392 0.50980392 0.50980392
v -16025.00000000 984.48884037 2942.52975583 0.50980392 0.50980392 0.50980392
v -15675.00000000 984.48884037 2942.52975583 0.50980392 0.50980392 0.50980392
v -16025.00000000 927.19468984 2835.33993942 0.50980392 0.50980392 0.50980392
v -15675.00000000 927.19468984 2835.33993942 0.50980392 0.50980392 0.50980392
v -16025.00000000 891.91312615 2719.03221100 0.50980392 0.50980392 0.50980392
v -15675.00000000 891.91312615 2719.03221100 0.50980392 0.50980392 0.50980392
v -16025.00000000 880.00000000 2598.07621135 0.50980392 0.50980392 0.50980392
v -15675.00000000 880.00000000 2598.07621135 0.50980392 0.50980392 0.50980392
v -16025.00000000 891.91312615 2477.12021170 0.50980392 0.50980392 0.50980392
v -15675.00000000 891.91312615 2477.12021170 0.50980392 0.50980392 0.50980392
v -16025.00000000 927.19468984 2360.81248329 0.50980392 0.50980392 0.50980392
v -15675.00000000 927.19468984 2360.81248329 0.50980392 0.50980392 0.50980392
v -16025.00000000 984.48884037 2253.62266688 0.50980392 0.50980392 0.50980392
v -15675.00000000 984.48884037 2253.62266688 0.50980392 0.50980392 0.50980392
v -16025.00000000 1061.59379566 2159.67000702 0.50980392 0.50980392 0.50980392
v -15675.00000000 1061.59379566 2159.67000702 0.50980392 0.50980392 0.50980392
v -16025.00000000 1155.54645553 2082.56505173 0.50980392 0.50980392 0.50980392
v -15675.00000000 1155.54645553 2082.56505173 0.50980392 0.50980392 0.50980392
v -16025.00000000 1262.73627193 2025.27090120 0.50980392 0.50980392 0.50980392
v -15675.00000000 1262.73627193 2025.27090120 0.50980392 0.50980392 0.50980392
v -16025.00000000 1379.04400035 1989.98933750 0.50980392 0.50980392 0.50980392
v -15675.00000000 1379.04400035 1989.98933750 0.50980392 0.50980392 0.50980392
v -21000.00000000 -1500.00000000 2598.07621135 0.29411765 0.29411765 0.29411765
v -21000.00000000 -1500.00000000 2118.07621135 0.29411765 0.29411765 0.29411765
v -15800.00000000 -1500.00000000 2118.07621135 0.29411765 0.29411765 0.29411765
v -15800.00000000 -1500.00000000 2598.07621135 0.29411765 0.29411765 0.29411765
v -21000.00000000 -1406.35664543 2127.29927676 0.29411765 0.29411765 0.29411765
v -15800.00000000 -1406.35664543 2127.29927676 0.29411765 0.29411765 0.29411765
v -21000.00000000 -1316.31195246 2154.61403575 0.29411765 0.29411765 0.29411765
v -15800.00000000 -1316.31195246 2154.61403575 0.29411765 0.29411765 0.29411765
v -21000.00000000 -1233.32628815 2198.97079745 0.29411765 0.29411765 0.29411765
v -15800.00000000 -1233.32628815 2198.97079745 0.29411765 0.29411765 0.29411765
v -21000.00000000 -1160.58874503 2258.66495638 0.29411765 0.29411765 0.29411765
v -15800.00000000 -1160.58874503 2258.66495638 0.29411765 0.29411765 0.29411765
v -21000.00000000 -1100.89458609 2331.40249950 0.29411765 0.29411765 0.29411765
v -15800.00000000 -1100.89458609 2331.40249950 0.29411765 0.29411765 0.29411765
v -21000.00000000 -1056.53782439 2414.38816382 0.29411765 0.29411765 0.29411765
v -15800.00000000 -1056.53782439 2414.38816382 0.29411765 0.29411765 0.29411765
v -21000.00000000 -1029.22306541 2504.43285679 0.29411765 0.29411765 0.29411765
v -15800.00000000 -1029.22306541 2504.43285679 0.29411765 0.29411765 0.29411765
v -21000.00000000 -1020.00000000 2598.07621135 0.29411765 0.29411765 0.29411765
v -15800.00000000 -1020.00000000 2598.07621135 0.29411765 0.29411765 0.29411765
v -21000.00000000 -1029.22306541 2691.71956592 0.29411765 0.29411765 0.29411765
v -15800.00000000 -1029.22306541 2691.71956592 0.29411765 0.29411765 0.29411765
v -21000.00000000 -1056.53782439 2781.76425889 0.29411765 0.29411765 0.29411765
v -15800.00000000 -1056.53782439 2781.76425889 0.29411765 0.29411765 0.29411765
v -21000.00000000 -1100.89458609 2864.74992320 0.29411765 0.29411765 0.29411765
v -15800.00000000 -1100.89458609 2864.74992320 0.29411765 0.29411765 0.29411765
v -21000.00000000 -1160.58874503 2937.48746632 0.29411765 0.29411765 0.29411765
v -15800.00000000 -1160.58874503 2937.48746632 0.29411765 0.29411765 0.29411765
v -21000.00000000 -1233.32628815 2997.18162526 0.29411765 0.29411765 0.29411765
v -15800.00000000 -1233.32628815 2997.18162526 0.29411765 0.29411765 0.29411765
v -21000.00000000 -1316.31195246 3041.53838696 0.29411765 0.29411765 0.29411765
v -15800.00000000 -1316.31195246 3041.53838696 0.29411765 0.29411765 0.29411765
v -21000.00000000 -1406.35664543 3068.85314595 0.29411765 0.29411765 0.29411765
v -15800.00000000 -1406.35664543 3068.85314595 0.29411765 0.29411765 0.29411765
v -21000.00000000 -1500.00000000 3078.07621135 0.29411765 0.29411765 0.29411765
v -15800.00000000 -1500.00000000 3078.07621135 0.29411765 0.29411765 0.29411765
v -21000.00000000 -1593.64335457 3068.85314595 0.29411765 0.29411765 0.29411765
v -15800.00000000 -1593.64335457 3068.85314595 0.29411765 0.29411765 0.29411765
v -21000.00000000 -1683.68804754 3041.53838696 0.29411765 0.29411765 0.29411765
v -15800.00000000 -1683.68804754 3041.53838696 0.29411765 0.29411765 0.29411765
v -21000.00000000 -1766.67371185 2997.18162526 0.29411765 0.29411765 0.29411765
v -15800.00000000 -1766.67371185 2997.18162526 0.29411765 0.29411765 0.29411765
v -21000.00000000 -1839.41125497 2937.48746632 0.29411765 0.29411765 0.29411765
v -15800.00000000 -1839.41125497 2937.48746632 0.29411765 0.29411765 0.29411765
v -21000.00000000 -1899.10541391 2864.74992320 0.29411765 0.29411765 0.29411765
v -15800.00000000 -1899.10541391 2864.74992320 0.29411765 0.29411765 0.29411765
v -21000.00000000 -1943.46217561 2781.76425889 0.29411765 0.29411765 0.29411765
v -15800.00000000 -1943.46217561 2781.76425889 0.29411765 0.29411765 0.29411765
v -21000.00000000 -1970.77693459 2691.71956592 0.29411765 0.29411765 0.29411765
v -15800.00000000 -1970.77693459 2691.71956592 0.29411765 0.29411765 0.29411765
v -21000.00000000 -1980.00000000 2598.07621135 0.29411765 0.29411765 0.29411765
v -15800.00000000 -1980.00000000 2598.07621135 0.29411765 0.29411765 0.29411765
v -21000.00000000 -1970.77693459 2504.43285679 0.29411765 0.29411765 0.29411765
v -15800.00000000 -1970.77693459 2504.43285679 0.29411765 0.29411765 0.29411765
v -21000.00000000 -1943.46217561 2414.38816382 0.29411765 0.29411765 0.29411765
v -15800.00000000 -1943.46217561 2414.38816382 0.29411765 0.29411765 0.29411765
v -21000.00000000 -1899.10541391 2331.40249950 0.29411765 0.29411765 0.29411765
v -15800.00000000 -1899.10541391 2331.40249950 0.29411765 0.29411765 0.29411765
v -21000.00000000 -1839.41125497 2258.66495638 0.29411765 0.29411765 0.29411765
v -15800.00000000 -1839.41125497 2258.66495638 0.29411765 0.29411765 0.29411765
v -21000.00000000 -1766.67371185 2198.97079745 0.29411765 0.29411765 0.29411765
v -15800.00000000 -1766.67371185 2198.97079745 0.29411765 0.29411765 0.29411765
v -21000.00000000 -1683.68804754 2154.61403575 0.29411765 0.29411765 0.29411765
v -15800.00000000 -1683.68804754 2154.61403575 0.29411765 0.29411765 0.29411765
v -21000.00000000 -1593.64335457 2127.29927676 0.29411765 0.29411765 0.29411765
v -15800.00000000 -1593.64335457 2127.29927676 0.29411765 0.29411765 0.29411765
v -16025.00000000 -1500.00000000 2598.07621135 0.50980392 0.50980392 0.50980392
v -16025.00000000 -1500.00000000 1978.07621135 0.50980392 0.50980392 0.50980392
v -15675.00000000 -1500.00000000 1978.07621135 0.50980392 0.50980392 0.50980392
v -15675.00000000 -1500.00000000 2598.07621135 0.50980392 0.50980392 0.50980392
v -16025.00000000 -1379.04400035 1989.98933750 0.50980392 0.50980392 0.50980392
v -15675.00000000 -1379.04400035 1989.98933750 0.50980392 0.50980392 0.50980392
v -16025.00000000 -1262.73627193 2025.27090120 0.50980392 0.50980392 0.50980392
v -15675.00000000 -1262.73627193 2025.27090120 0.50980392 0.50980392 0.50980392
v -16025.00000000 -1155.54645553 2082.56505173 0.50980392 0.50980392 0.50980392
v -15675.00000000 -1155.54645553 2082.56505173 0.50980392 0.50980392 0.50980392
v -16025.00000000 -1061.59379566 2159.67000702 0.50980392 0.50980392 0.50980392
v -15675.00000000 -1061.59379566 2159.67000702 0.50980392 0.50980392 0.50980392
v -16025.00000000 -984.48884037 2253.62266688 0.50980392 0.50980392 0.50980392
v -15675.00000000 -984.48884037 2253.62266688 0.50980392 0.50980392 0.50980392
v -16025.00000000 -927.19468984 2360.81248329 0.50980392 0.50980392 0.50980392
v -15675.00000000 -927.19468984 2360.81248329 0.50980392 0.50980392 0.50980392
v -16025.00000000 -891.91312615 2477.12021170 0.50980392 0.50980392 0.50980392
v -15675.00000000 -891.91312615 2477.12021170 0.50980392 0.50980392 0.50980392
v -16025.00000000 -880.00000000 2598.07621135 0.50980392 0.50980392 0.50980392
v -15675.00000000 -880.00000000 2598.07621135 0.50980392 0.50980392 0.50980392
v -16025.00000000 -891.91312615 2719.03221100 0.50980392 0.50980392 0.50980392
v -15675.00000000 -891.91312615 2719.03221100 0.50980392 0.50980392 0.50980392
v -16025.00000000 -927.19468984 2835.33993942 0.50980392 0.50980392 0.50980392
v -15675.00000000 -927.19468984 2835.33993942 0.50980392 0.50980392 0.50980392
v -16025.00000000 -984.48884037 2942.52975583 0.50980392 0.50980392 0.50980392
v -15675.00000000 -984.48884037 2942.52975583 0.50980392 0.50980392 0.50980392
v -16025.00000000 -1061.59379566 3036.48241569 0.50980392 0.50980392 0.50980392
v -15675.00000000 -1061.59379566 3036.48241569 0.50980392 0.50980392 0.50980392
v -16025.00000000 -1155.54645553 3113.58737098 0.50980392 0.50980392 0.50980392
v -15675.00000000 -1155.54645553 3113.58737098 0.50980392 0.50980392 0.50980392
v -16025.00000000 -1262.73627193 3170.88152151 0.50980392 0.50980392 0.50980392
v -15675.00000000 -1262.73627193 3170.88152151 0.50980392 0.50980392 0.50980392
v -16025.00000000 -1379.04400035 3206.16308520 0.50980392 0.50980392 0.50980392
v -15675.00000000 -1379.04400035 3206.16308520 0.50980392 0.50980392 0.50980392
v -16025.00000000 -1500.00000000 3218.07621135 0.50980392 0.50980392 0.50980392
v -15675.00000000 -1500.00000000 3218.07621135 0.50980392 0.50980392 0.50980392
v -16025.00000000 -1620.95599965 3206.16308520 0.50980392 0.50980392 0.50980392
v -15675.00000000 -1620.95599965 3206.16308520 0.50980392 0.50980392 0.50980392
v -16025.00000000 -1737.26372807 3170.88152151 0.50980392 0.50980392 0.50980392
v -15675.00000000 -1737.26372807 3170.88152151 0.50980392 0.50980392 0.50980392
v -16025.00000000 -1844.45354447 3113.58737098 0.50980392 0.50980392 0.50980392
v -15675.00000000 -1844.45354447 3113.58737098 0.50980392 0.50980392 0.50980392
v -16025.00000000 -1938.40620434 3036.48241569 0.50980392 0.50980392 0.50980392
v -15675.00000000 -1938.40620434 3036.48241569 0.50980392 0.50980392 0.50980392
v -16025.00000000 -2015.51115963 2942.52975583 0.50980392 0.50980392 0.50980392
v -15675.00000000 -2015.51115963 2942.52975583 0.50980392 0.50980392 0.50980392
v -16025.00000000 -2072.80531016 2835.33993942 0.50980392 0.50980392 0.50980392
v -15675.00000000 -2072.80531016 2835.33993942 0.50980392 0.50980392 0.50980392
v -16025.00000000 -2108.08687385 2719.03221100 0.50980392 0.50980392 0.50980392
v -15675.00000000 -2108.08687385 2719.03221100 0.50980392 0.50980392 0.50980392
v -16025.00000000 -2120.00000000 2598.07621135 0.50980392 0.50980392 0.50980392
v -15675.00000000 -2120.00000000 2598.07621135 0.50980392 0.50980392 0.50980392
v -16025.00000000 -2108.08687385 2477.12021170 0.50980392 0.50980392 0.50980392
v -15675.00000000 -2108.08687385 2477.12021170 0.50980392 0.50980392 0.50980392
v -16025.00000000 -2072.80531016 2360.81248329 0.50980392 0.50980392 0.50980392
v -15675.00000000 -2072.80531016 2360.81248329 0.50980392 0.50980392 0.50980392
v -16025.00000000 -2015.51115963 2253.62266688 0.50980392 0.50980392 0.50980392
v -15675.00000000 -2015.51115963 2253.62266688 0.50980392 0.50980392 0.50980392
v -16025.00000000 -1938.40620434 2159.67000702 0.50980392 0.50980392 0.50980392
v -15675.00000000 -1938.40620434 2159.67000702 0.50980392 0.50980392 0.50980392
v -16025.00000000 -1844.45354447 2082.56505173 0.50980392 0.50980392 0.50980392
v -15675.00000000 -1844.45354447 2082.56505173 0.50980392 0.50980392 0.50980392
v -16025.00000000 -1737.26372807 2025.27090120 0.50980392 0.50980392 0.50980392
v -15675.00000000 -1737.26372807 2025.27090120 0.50980392 0.50980392 0.50980392
v -16025.00000000 -1620.95599965 1989.98933750 0.50980392 0.50980392 0.50980392
v -15675.00000000 -1620.95599965 1989.98933750 0.50980392 0.50980392 0.50980392
v -21000.00000000 -3000.00000000 0.00000000 0.29411765 0.29411765 0.29411765
v -21000.00000000 -3000.00000000 -480.00000000 0.29411765 0.29411765 0.29411765
v -15800.00000000 -3000.00000000 -480.00000000 0.29411765 0.29411765 0.29411765
v -15800.00000000 -3000.00000000 0.00000000 0.29411765 0.29411765 0.29411765
v -21000.00000000 -2906.35664543 -470.77693459 0.29411765 0.29411765 0.29411765
v -15800.00000000 -2906.35664543 -470.77693459 0.29411765 0.29411765 0.29411765
v -21000.00000000 -2816.31195246 -443.46217561 0.29411765 0.29411765 0.29411765
v -15800.00000000 -2816.31195246 -443.46217561 0.29411765 0.29411765 0.29411765
v -21000.00000000 -2733.32628815 -399.10541391 0.29411765 0.29411765 0.29411765
v -15800.00000000 -2733.32628815 -399.10541391 0.29411765 0.29411765 0.29411765
v -21000.00000000 -2660.58874503 -339.41125497 0.29411765 0.29411765 0.29411765
v -15800.00000000 -2660.58874503 -339.41125497 0.29411765 0.29411765 0.29411765
v -21000.00000000 -2600.89458609 -266.67371185 0.29411765 0.29411765 0.29411765
v -15800.00000000 -2600.89458609 -266.67371185 0.29411765 0.29411765 0.29411765
v -21000.00000000 -2556.53782439 -183.68804754 0.29411765 0.29411765 0.29411765
v -15800.00000000 -2556.53782439 -183.68804754 0.29411765 0.29411765 0.29411765
v -21000.00000000 -2529.22306541 -93.64335457 0.29411765 0.29411765 0.29411765
v -15800.00000000 -2529.22306541 -93.64335457 0.29411765 0.29411765 0.29411765
v -21000.00000000 -2520.00000000 0.00000000 0.29411765 0.29411765 0.29411765
v -15800.00000000 -2520.00000000 0.00000000 0.29411765 0.29411765 0.29411765
v -21000.00000000 -2529.22306541 93.64335457 0.29411765 0.29411765 0.29411765
v -15800.00000000 -2529.22306541 93.64335457 0.29411765 0.29411765 0.29411765
v -21000.00000000 -2556.53782439 183.68804754 0.29411765 0.29411765 0.29411765
v -15800.00000000 -2556.53782439 183.68804754 0.29411765 0.29411765 0.29411765
v -21000.00000000 -2600.89458609 266.67371185 0.29411765 0.29411765 0.29411765
v -15800.00000000 -2600.89458609 266.67371185 0.29411765 0.29411765 0.29411765
v -21000.00000000 -2660.58874503 339.41125497 0.29411765 0.29411765 0.29411765
v -15800.00000000 -2660.58874503 339.41125497 0.29411765 0.29411765 0.29411765
v -21000.00000000 -2733.32628815 399.10541391 0.29411765 0.29411765 0.29411765
v -15800.00000000 -2733.32628815 399.10541391 0.29411765 0.29411765 0.29411765
v -21000.00000000 -2816.31195246 443.46217561 0.29411765 0.29411765 0.29411765
v -15800.00000000 -2816.31195246 443.46217561 0.29411765 0.29411765 0.29411765
v -21000.00000000 -2906.35664543 470.77693459 0.29411765 0.29411765 0.29411765
v -15800.00000000 -2906.35664543 470.77693459 0.29411765 0.29411765 0.29411765
v -21000.00000000 -3000.00000000 480.00000000 0.29411765 0.29411765 0.29411765
v -15800.00000000 -3000.00000000 480.00000000 0.29411765 0.29411765 0.29411765
v -21000.00000000 -3093.64335457 470.77693459 0.29411765 0.29411765 0.29411765
v -15800.00000000 -3093.64335457 470.77693459 0.29411765 0.29411765 0.29411765
v -21000.00000000 -3183.68804754 443.46217561 0.29411765 0.29411765 0.29411765
v -15800.00000000 -3183.68804754 443.46217561 0.29411765 0.29411765 0.29411765
v -21000.00000000 -3266.67371185 399.10541391 0.29411765 0.29411765 0.29411765
v -15800.00000000 -3266.67371185 399.10541391 0.29411765 0.29411765 0.29411765
v -21000.00000000 -3339.41125497 339.41125497 0.29411765 0.29411765 0.29411765
v -15800.00000000 -3339.41125497 339.41125497 0.29411765 0.29411765 0.29411765
v -21000.00000000 -3399.10541391 266.67371185 0.29411765 0.29411765 0.29411765
v -15800.00000000 -3399.10541391 266.67371185 0.29411765 0.29411765 0.29411765
v -21000.00000000 -3443.46217561 183.68804754 0.29411765 0.29411765 0.29411765
v -15800.00000000 -3443.46217561 183.68804754 0.29411765 0.29411765 0.29411765
v -21000.00000000 -3470.77693459 93.64335457 0.29411765 0.29411765 0.29411765
v -15800.00000000 -3470.77693459 93.64335457 0.29411765 0.29411765 0.29411765
v -21000.00000000 -3480.00000000 0.00000000 0.29411765 0.29411765 0.29411765
v -15800.00000000 -3480.00000000 0.00000000 0.29411765 0.29411765 0.29411765
v -21000.00000000 -3470.77693459 -93.64335457 0.29411765 0.29411765 0.29411765
v -15800.00000000 -3470.77693459 -93.64335457 0.29411765 0.29411765 0.29411765
v -21000.00000000 -3443.46217561 -183.68804754 0.29411765 0.29411765 0.29411765
v -15800.00000000 -3443.46217561 -183.68804754 0.29411765 0.29411765 0.29411765
v -21000.00000000 -3399.10541391 -266.67371185 0.29411765 0.29411765 0.29411765
v -15800.00000000 -3399.10541391 -266.67371185 0.29411765 0.29411765 0.29411765
v -21000.00000000 -3339.41125497 -339.41125497 0.29411765 0.29411765 0.29411765
v -15800.00000000 -3339.41125497 -339.41125497 0.29411765 0.29411765 0.29411765
v -21000.00000000 -3266.67371185 -399.10541391 0.29411765 0.29411765 0.29411765
v -15800.00000000 -3266.67371185 -399.10541391 0.29411765 0.29411765 0.29411765
v -21000.00000000 -3183.68804754 -443.46217561 0.29411765 0.29411765 0.29411765
v -15800.00000000 -3183.68804754 -443.46217561 0.29411765 0.29411765 0.29411765
v -21000.00000000 -3093.64335457 -470.77693459 0.29411765 0.29411765 0.29411765
v -15800.00000000 -3093.64335457 -470.77693459 0.29411765 0.29411765 0.29411765
v -16025.00000000 -3000.00000000 0.00000000 0.50980392 0.50980392 0.50980392
v -16025.00000000 -3000.00000000 -620.00000000 0.50980392 0.50980392 0.50980392
v -15675.00000000 -3000.00000000 -620.00000000 0.50980392 0.50980392 0.50980392
v -15675.00000000 -3000.00000000 0.00000000 0.50980392 0.50980392 0.50980392
v -16025.00000000 -2879.04400035 -608.08687385 0.50980392 0.50980392 0.50980392
v -15675.00000000 -2879.04400035 -608.08687385 0.50980392 0.50980392 0.50980392
v -16025.00000000 -2762.73627193 -572.80531016 0.50980392 0.50980392 0.50980392
v -15675.00000000 -2762.73627193 -572.80531016 0.50980392 0.50980392 0.50980392
v -16025.00000000 -2655.54645553 -515.51115963 0.50980392 0.50980392 0.50980392
v -15675.00000000 -2655.54645553 -515.51115963 0.50980392 0.50980392 0.50980392
v -16025.00000000 -2561.59379566 -438.40620434 0.50980392 0.50980392 0.50980392
v -15675.00000000 -2561.59379566 -438.40620434 0.50980392 0.50980392 0.50980392
v -16025.00000000 -2484.48884037 -344.45354447 0.50980392 0.50980392 0.50980392
v -15675.00000000 -2484.48884037 -344.45354447 0.50980392 0.50980392 0.50980392
v -16025.00000000 -2427.19468984 -237.26372807 0.50980392 0.50980392 0.50980392
v -15675.00000000 -2427.19468984 -237.26372807 0.50980392 0.50980392 0.50980392
v -16025.00000000 -2391.91312615 -120.95599965 0.50980392 0.50980392 0.50980392
v -15675.00000000 -2391.91312615 -120.95599965 0.50980392 0.50980392 0.50980392
v -16025.00000000 -2380.00000000 0.00000000 0.50980392 0.50980392 0.50980392
v -15675.00000000 -2380.00000000 0.00000000 0.50980392 0.50980392 0.50980392
v -16025.00000000 -2391.91312615 120.95599965 0.50980392 0.50980392 0.50980392
v -15675.00000000 -2391.91312615 120.95599965 0.50980392 0.50980392 0.50980392
v -16025.00000000 -2427.19468984 237.26372807 0.50980392 0.50980392 0.50980392
v -15675.00000000 -2427.19468984 237.26372807 0.50980392 0.50980392 0.50980392
v -16025.00000000 -2484.48884037 344.45354447 0.50980392 0.50980392 0.50980392
v -15675.00000000 -2484.48884037 344.45354447 0.50980392 0.50980392 0.50980392
v -16025.00000000 -2561.59379566 438.40620434 0.50980392 0.50980392 0.50980392
v -15675.00000000 -2561.59379566 438.40620434 0.50980392 0.50980392 0.50980392
v -16025.00000000 -2655.54645553 515.51115963 0.50980392 0.50980392 0.50980392
v -15675.00000000 -2655.54645553 515.51115963 0.50980392 0.50980392 0.50980392
v -16025.00000000 -2762.73627193 572.80531016 0.50980392 0.50980392 0.50980392
v -15675.00000000 -2762.73627193 572.80531016 0.50980392 0.50980392 0.50980392
v -16025.00000000 -2879.04400035 608.08687385 0.50980392 0.50980392 0.50980392
v -15675.00000000 -2879.04400035 608.08687385 0.50980392 0.50980392 0.50980392
v -16025.00000000 -3000.00000000 620.00000000 0.50980392 0.50980392 0.50980392
v -15675.00000000 -3000.00000000 620.00000000 0.50980392 0.50980392 0.50980392
v -16025.00000000 -3120.95599965 608.08687385 0.50980392 0.50980392 0.50980392
v -15675.00000000 -3120.95599965 608.08687385 0.50980392 0.50980392 0.50980392
v -16025.00000000 -3237.26372807 572.80531016 0.50980392 0.50980392 0.50980392
v -15675.00000000 -3237.26372807 572.80531016 0.50980392 0.50980392 0.50980392
v -16025.00000000 -3344.45354447 515.51115963 0.50980392 0.50980392 0.50980392
v -15675.00000000 -3344.45354447 515.51115963 0.50980392 0.50980392 0.50980392
v -16025.00000000 -3438.40620434 438.40620434 0.50980392 0.50980392 0.50980392
v -15675.00000000 -3438.40620434 438.40620434 0.50980392 0.50980392 0.50980392
v -16025.00000000 -3515.51115963 344.45354447 0.50980392 0.50980392 0.50980392
v -15675.00000000 -3515.51115963 344.45354447 0.50980392 0.50980392 0.50980392
v -16025.00000000 -3572.80531016 237.26372807 0.50980392 0.50980392 0.50980392
v -15675.00000000 -3572.80531016 237.26372807 0.50980392 0.50980392 0.50980392
v -16025.00000000 -3608.08687385 120.95599965 0.50980392 0.50980392 0.50980392
v -15675.00000000 -3608.08687385 120.95599965 0.50980392 0.50980392 0.50980392
v -16025.00000000 -3620.00000000 0.00000000 0.50980392 0.50980392 0.50980392
v -15675.00000000 -3620.00000000 0.00000000 0.50980392 0.50980392 0.50980392
v -16025.00000000 -3608.08687385 -120.95599965 0.50980392 0.50980392 0.50980392
v -15675.00000000 -3608.08687385 -120.95599965 0.50980392 0.50980392 0.50980392
v -16025.00000000 -3572.80531016 -237.26372807 0.50980392 0.50980392 0.50980392
v -15675.00000000 -3572.80531016 -237.26372807 0.50980392 0.50980392 0.50980392
v -16025.00000000 -3515.51115963 -344.45354447 0.50980392 0.50980392 0.50980392
v -15675.00000000 -3515.51115963 -344.45354447 0.50980392 0.50980392 0.50980392
v -16025.00000000 -3438.40620434 -438.40620434 0.50980392 0.50980392 0.50980392
v -15675.00000000 -3438.40620434 -438.40620434 0.50980392 0.50980392 0.50980392
v -16025.00000000 -3344.45354447 -515.51115963 0.50980392 0.50980392 0.50980392
v -15675.00000000 -3344.45354447 -515.51115963 0.50980392 0.50980392 0.50980392
v -16025.00000000 -3237.26372807 -572.80531016 0.50980392 0.50980392 0.50980392
v -15675.00000000 -3237.26372807 -572.80531016 0.50980392 0.50980392 0.50980392
v -16025.00000000 -3120.95599965 -608.08687385 0.50980392 0.50980392 0.50980392
v -15675.00000000 -3120.95599965 -608.08687385 0.50980392 0.50980392 0.50980392
v -21000.00000000 -1500.00000000 -2598.07621135 0.29411765 0.29411765 0.29411765
v -21000.00000000 -1500.00000000 -3078.07621135 0.29411765 0.29411765 0.29411765
v -15800.00000000 -1500.00000000 -3078.07621135 0.29411765 0.29411765 0.29411765
v -15800.00000000 -1500.00000000 -2598.07621135 0.29411765 0.29411765 0.29411765
v -21000.00000000 -1406.35664543 -3068.85314595 0.29411765 0.29411765 0.29411765
v -15800.00000000 -1406.35664543 -3068.85314595 0.29411765 0.29411765 0.29411765
v -21000.00000000 -1316.31195246 -3041.53838696 0.29411765 0.29411765 0.29411765
v -15800.00000000 -1316.31195246 -3041.53838696 0.29411765 0.29411765 0.29411765
v -21000.00000000 -1233.32628815 -2997.18162526 0.29411765 0.29411765 0.29411765
v -15800.00000000 -1233.32628815 -2997.18162526 0.29411765 0.29411765 0.29411765
v -21000.00000000 -1160.58874503 -2937.48746632 0.29411765 0.29411765 0.29411765
v -15800.00000000 -1160.58874503 -2937.48746632 0.29411765 0.29411765 0.29411765
v -21000.00000000 -1100.89458609 -2864.74992320 0.29411765 0.29411765 0.29411765
v -15800.00000000 -1100.89458609 -2864.74992320 0.29411765 0.29411765 0.29411765
v -21000.00000000 -1056.53782439 -2781.76425889 0.29411765 0.29411765 0.29411765
v -15800.00000000 -1056.53782439 -2781.76425889 0.29411765 0.29411765 0.29411765
v -21000.00000000 -1029.22306541 -2691.71956592 0.29411765 0.29411765 0.29411765
v -15800.00000000 -1029.22306541 -2691.71956592 0.29411765 0.29411765 0.29411765
v -21000.00000000 -1020.00000000 -2598.07621135 0.29411765 0.29411765 0.29411765
v -15800.00000000 -1020.00000000 -2598.07621135 0.29411765 0.29411765 0.29411765
v -21000.00000000 -1029.22306541 -2504.43285679 0.29411765 0.29411765 0.29411765
v -15800.00000000 -1029.22306541 -2504.43285679 0.29411765 0.29411765 0.29411765
v -21000.00000000 -1056.53782439 -2414.38816382 0.29411765 0.29411765 0.29411765
v -15800.00000000 -1056.53782439 -2414.38816382 0.29411765 0.29411765 0.29411765
v -21000.00000000 -1100.89458609 -2331.40249950 0.29411765 0.29411765 0.29411765
v -15800.00000000 -1100.89458609 -2331.40249950 0.29411765 0.29411765 0.29411765
v -21000.00000000 -1160.58874503 -2258.66495638 0.29411765 0.29411765 0.29411765
v -15800.00000000 -1160.58874503 -2258.66495638 0.29411765 0.29411765 0.29411765
v -21000.00000000 -1233.32628815 -2198.97079745 0.29411765 0.29411765 0.29411765
v -15800.00000000 -1233.32628815 -2198.97079745 0.29411765 0.29411765 0.29411765
v -21000.00000000 -1316.31195246 -2154.61403575 0.29411765 0.29411765 0.29411765
v -15800.00000000 -1316.31195246 -2154.61403575 0.29411765 0.29411765 0.29411765
v -21000.00000000 -1406.35664543 -2127.29927676 0.29411765 0.29411765 0.29411765
v -15800.00000000 -1406.35664543 -2127.29927676 0.29411765 0.29411765 0.29411765
v -21000.00000000 -1500.00000000 -2118.07621135 0.29411765 0.29411765 0.29411765
v -15800.00000000 -1500.00000000 -2118.07621135 0.29411765 0.29411765 0.29411765
v -21000.00000000 -1593.64335457 -2127.29927676 0.29411765 0.29411765 0.29411765
v -15800.00000000 -1593.64335457 -2127.29927676 0.29411765 0.29411765 0.29411765
v -21000.00000000 -1683.68804754 -2154.61403575 0.29411765 0.29411765 0.29411765
v -15800.00000000 -1683.68804754 -2154.61403575 0.29411765 0.29411765 0.29411765
v -21000.00000000 -1766.67371185 -2198.97079745 0.29411765 0.29411765 0.29411765
v -15800.00000000 -1766.67371185 -2198.97079745 0.29411765 0.29411765 0.29411765
v -21000.00000000 -1839.41125497 -2258.66495638 0.29411765 0.29411765 0.29411765
v -15800.00000000 -1839.41125497 -2258.66495638 0.29411765 0.29411765 0.29411765
v -21000.00000000 -1899.10541391 -2331.40249950 0.29411765 0.29411765 0.29411765
v -15800.00000000 -1899.10541391 -2331.40249950 0.29411765 0.29411765 0.29411765
v -21000.00000000 -1943.46217561 -2414.38816382 0.29411765 0.29411765 0.29411765
v -15800.00000000 -1943.46217561 -2414.38816382 0.29411765 0.29411765 0.29411765
v -21000.00000000 -1970.77693459 -2504.43285679 0.29411765 0.29411765 0.29411765
v -15800.00000000 -1970.77693459 -2504.43285679 0.29411765 0.29411765 0.29411765
v -21000.00000000 -1980.00000000 -2598.07621135 0.29411765 0.29411765 0.29411765
v -15800.00000000 -1980.00000000 -2598.07621135 0.29411765 0.29411765 0.29411765
v -21000.00000000 -1970.77693459 -2691.71956592 0.29411765 0.29411765 0.29411765
v -15800.00000000 -1970.77693459 -2691.71956592 0.29411765 0.29411765 0.29411765
v -21000.00000000 -1943.46217561 -2781.76425889 0.29411765 0.29411765 0.29411765
v -15800.00000000 -1943.46217561 -2781.76425889 0.29411765 0.29411765 0.29411765
v -21000.00000000 -1899.10541391 -2864.74992320 0.29411765 0.29411765 0.29411765
v -15800.00000000 -1899.10541391 -2864.74992320 0.29411765 0.29411765 0.29411765
v -21000.00000000 -1839.41125497 -2937.48746632 0.29411765 0.29411765 0.29411765
v -15800.00000000 -1839.41125497 -2937.48746632 0.29411765 0.29411765 0.29411765
v -21000.00000000 -1766.67371185 -2997.18162526 0.29411765 0.29411765 0.29411765
v -15800.00000000 -1766.67371185 -2997.18162526 0.29411765 0.29411765 0.29411765
v -21000.00000000 -1683.68804754 -3041.53838696 0.29411765 0.29411765 0.29411765
v -15800.00000000 -1683.68804754 -3041.53838696 0.29411765 0.29411765 0.29411765
v -21000.00000000 -1593.64335457 -3068.85314595 0.29411765 0.29411765 0.29411765
v -15800.00000000 -1593.64335457 -3068.85314595 0.29411765 0.29411765 0.29411765
v -16025.00000000 -1500.00000000 -2598.07621135 0.50980392 0.50980392 0.50980392
v -16025.00000000 -1500.00000000 -3218.07621135 0.50980392 0.50980392 0.50980392
v -15675.00000000 -1500.00000000 -3218.07621135 0.50980392 0.50980392 0.50980392
v -15675.00000000 -1500.00000000 -2598.07621135 0.50980392 0.50980392 0.50980392
v -16025.00000000 -1379.04400035 -3206.16308520 0.50980392 0.50980392 0.50980392
v -15675.00000000 -1379.04400035 -3206.16308520 0.50980392 0.50980392 0.50980392
v -16025.00000000 -1262.73627193 -3170.88152151 0.50980392 0.50980392 0.50980392
v -15675.00000000 -1262.73627193 -3170.88152151 0.50980392 0.50980392 0.50980392
v -16025.00000000 -1155.54645553 -3113.58737098 0.50980392 0.50980392 0.50980392
v -15675.00000000 -1155.54645553 -3113.58737098 0.50980392 0.50980392 0.50980392
v -16025.00000000 -1061.59379566 -3036.48241569 0.50980392 0.50980392 0.50980392
v -15675.00000000 -1061.59379566 -3036.48241569 0.50980392 0.50980392 0.50980392
v -16025.00000000 -984.48884037 -2942.52975583 0.50980392 0.50980392 0.50980392
v -15675.00000000 -984.48884037 -2942.52975583 0.50980392 0.50980392 0.50980392
v -16025.00000000 -927.19468984 -2835.33993942 0.50980392 0.50980392 0.50980392
v -15675.00000000 -927.19468984 -2835.33993942 0.50980392 0.50980392 0.50980392
v -16025.00000000 -891.91312615 -2719.03221100 0.50980392 0.50980392 0.50980392
v -15675.00000000 -891.91312615 -2719.03221100 0.50980392 0.50980392 0.50980392
v -16025.00000000 -880.00000000 -2598.07621135 0.50980392 0.50980392 0.50980392
v -15675.00000000 -880.00000000 -2598.07621135 0.50980392 0.50980392 0.50980392
v -16025.00000000 -891.91312615 -2477.12021170 0.50980392 0.50980392 0.50980392
v -15675.00000000 -891.91312615 -2477.12021170 0.50980392 0.50980392 0.50980392
v -16025.00000000 -927.19468984 -2360.81248329 0.50980392 0.50980392 0.50980392
v -15675.00000000 -927.19468984 -2360.81248329 0.50980392 0.50980392 0.50980392
v -16025.00000000 -984.48884037 -2253.62266688 0.50980392 0.50980392 0.50980392
v -15675.00000000 -984.48884037 -2253.62266688 0.50980392 0.50980392 0.50980392
v -16025.00000000 -1061.59379566 -2159.67000702 0.50980392 0.50980392 0.50980392
v -15675.00000000 -1061.59379566 -2159.67000702 0.50980392 0.50980392 0.50980392
v -16025.00000000 -1155.54645553 -2082.56505173 0.50980392 0.50980392 0.50980392
v -15675.00000000 -1155.54645553 -2082.56505173 0.50980392 0.50980392 0.50980392
v -16025.00000000 -1262.73627193 -2025.27090120 0.50980392 0.50980392 0.50980392
v -15675.00000000 -1262.73627193 -2025.27090120 0.50980392 0.50980392 0.50980392
v -16025.00000000 -1379.04400035 -1989.98933750 0.50980392 0.50980392 0.50980392
v -15675.00000000 -1379.04400035 -1989.98933750 0.50980392 0.50980392 0.50980392
v -16025.00000000 -1500.00000000 -1978.07621135 0.50980392 0.50980392 0.50980392
v -15675.00000000 -1500.00000000 -1978.07621135 0.50980392 0.50980392 0.50980392
v -16025.00000000 -1620.95599965 -1989.98933750 0.50980392 0.50980392 0.50980392
v -15675.00000000 -1620.95599965 -1989.98933750 0.50980392 0.50980392 0.50980392
v -16025.00000000 -1737.26372807 -2025.27090120 0.50980392 0.50980392 0.50980392
v -15675.00000000 -1737.26372807 -2025.27090120 0.50980392 0.50980392 0.50980392
v -16025.00000000 -1844.45354447 -2082.56505173 0.50980392 0.50980392 0.50980392
v -15675.00000000 -1844.45354447 -2082.56505173 0.50980392 0.50980392 0.50980392
v -16025.00000000 -1938.40620434 -2159.67000702 0.50980392 0.50980392 0.50980392
v -15675.00000000 -1938.40620434 -2159.67000702 0.50980392 0.50980392 0.50980392
v -16025.00000000 -2015.51115963 -2253.62266688 0.50980392 0.50980392 0.50980392
v -15675.00000000 -2015.51115963 -2253.62266688 0.50980392 0.50980392 0.50980392
v -16025.00000000 -2072.80531016 -2360.81248329 0.50980392 0.50980392 0.50980392
v -15675.00000000 -2072.80531016 -2360.81248329 0.50980392 0.50980392 0.50980392
v -16025.00000000 -2108.08687385 -2477.12021170 0.50980392 0.50980392 0.50980392
v -15675.00000000 -2108.08687385 -2477.12021170 0.50980392 0.50980392 0.50980392
v -16025.00000000 -2120.00000000 -2598.07621135 0.50980392 0.50980392 0.50980392
v -15675.00000000 -2120.00000000 -2598.07621135 0.50980392 0.50980392 0.50980392
v -16025.00000000 -2108.08687385 -2719.03221100 0.50980392 0.50980392 0.50980392
v -15675.00000000 -2108.08687385 -2719.03221100 0.50980392 0.50980392 0.50980392
v -16025.00000000 -2072.80531016 -2835.33993942 0.50980392 0.50980392 0.50980392
v -15675.00000000 -2072.80531016 -2835.33993942 0.50980392 0.50980392 0.50980392
v -16025.00000000 -2015.51115963 -2942.52975583 0.50980392 0.50980392 0.50980392
v -15675.00000000 -2015.51115963 -2942.52975583 0.50980392 0.50980392 0.50980392
v -16025.00000000 -1938.40620434 -3036.48241569 0.50980392 0.50980392 0.50980392
v -15675.00000000 -1938.40620434 -3036.48241569 0.50980392 0.50980392 0.50980392
v -16025.00000000 -1844.45354447 -3113.58737098 0.50980392 0.50980392 0.50980392
v -15675.00000000 -1844.45354447 -3113.58737098 0.50980392 0.50980392 0.50980392
v -16025.00000000 -1737.26372807 -3170.88152151 0.50980392 0.50980392 0.50980392
v -15675.00000000 -1737.26372807 -3170.88152151 0.50980392 0.50980392 0.50980392
v -16025.00000000 -1620.95599965 -3206.16308520 0.50980392 0.50980392 0.50980392
v -15675.00000000 -1620.95599965 -3206.16308520 0.50980392 0.50980392 0.50980392
v -21000.00000000 1500.00000000 -2598.07621135 0.29411765 0.29411765 0.29411765
v -21000.00000000 1500.00000000 -3078.07621135 0.29411765 0.29411765 0.29411765
v -15800.00000000 1500.00000000 -3078.07621135 0.29411765 0.29411765 0.29411765
v -15800.00000000 1500.00000000 -2598.07621135 0.29411765 0.29411765 0.29411765
v -21000.00000000 1593.64335457 -3068.85314595 0.29411765 0.29411765 0.29411765
v -15800.00000000 1593.64335457 -3068.85314595 0.29411765 0.29411765 0.29411765
v -21000.00000000 1683.68804754 -3041.53838696 0.29411765 0.29411765 0.29411765
v -15800.00000000 1683.68804754 -3041.53838696 0.29411765 0.29411765 0.29411765
v -21000.00000000 1766.67371185 -2997.18162526 0.29411765 0.29411765 0.29411765
v -15800.00000000 1766.67371185 -2997.18162526 0.29411765 0.29411765 0.29411765
v -21000.00000000 1839.41125497 -2937.48746632 0.29411765 0.29411765 0.29411765
v -15800.00000000 1839.41125497 -2937.48746632 0.29411765 0.29411765 0.29411765
v -21000.00000000 1899.10541391 -2864.74992320 0.29411765 0.29411765 0.29411765
v -15800.00000000 1899.10541391 -2864.74992320 0.29411765 0.29411765 0.29411765
v -21000.00000000 1943.46217561 -2781.76425889 0.29411765 0.29411765 0.29411765
v -15800.00000000 1943.46217561 -2781.76425889 0.29411765 0.29411765 0.29411765
v -21000.00000000 1970.77693459 -2691.71956592 0.29411765 0.29411765 0.29411765
v -15800.00000000 1970.77693459 -2691.71956592 0.29411765 0.29411765 0.29411765
v -21000.00000000 1980.00000000 -2598.07621135 0.29411765 0.29411765 0.29411765
v -15800.00000000 1980.00000000 -2598.07621135 0.29411765 0.29411765 0.29411765
v -21000.00000000 1970.77693459 -2504.43285679 0.29411765 0.29411765 0.29411765
v -15800.00000000 1970.77693459 -2504.43285679 0.29411765 0.29411765 0.29411765
v -21000.00000000 1943.46217561 -2414.38816382 0.29411765 0.29411765 0.29411765
v -15800.00000000 1943.46217561 -2414.38816382 0.29411765 0.29411765 0.29411765
v -21000.00000000 1899.10541391 -2331.40249950 0.29411765 0.29411765 0.29411765
v -15800.00000000 1899.10541391 -2331.40249950 0.29411765 0.29411765 0.29411765
v -21000.00000000 1839.41125497 -2258.66495638 0.29411765 0.29411765 0.29411765
v -15800.00000000 1839.41125497 -2258.66495638 0.29411765 0.29411765 0.29411765
v -21000.00000000 1766.67371185 -2198.97079745 0.29411765 0.29411765 0.29411765
v -15800.00000000 1766.67371185 -2198.97079745 0.29411765 0.29411765 0.29411765
v -21000.00000000 1683.68804754 -2154.61403575 0.29411765 0.29411765 0.29411765
v -15800.00000000 1683.68804754 -2154.61403575 0.29411765 0.29411765 0.29411765
v -21000.00000000 1593.64335457 -2127.29927676 0.29411765 0.29411765 0.29411765
v -15800.00000000 1593.64335457 -2127.29927676 0.29411765 0.29411765 0.29411765
v -21000.00000000 1500.00000000 -2118.07621135 0.29411765 0.29411765 0.29411765
v -15800.00000000 1500.00000000 -2118.07621135 0.29411765 0.29411765 0.29411765
v -21000.00000000 1406.35664543 -2127.29927676 0.29411765 0.29411765 0.29411765
v -15800.00000000 1406.35664543 -2127.29927676 0.29411765 0.29411765 0.29411765
v -21000.00000000 1316.31195246 -2154.61403575 0.29411765 0.29411765 0.29411765
v -15800.00000000 1316.31195246 -2154.61403575 0.29411765 0.29411765 0.29411765
v -21000.00000000 1233.32628815 -2198.97079745 0.29411765 0.29411765 0.29411765
v -15800.00000000 1233.32628815 -2198.97079745 0.29411765 0.29411765 0.29411765
v -21000.00000000 1160.58874503 -2258.66495638 0.29411765 0.29411765 0.29411765
v -15800.00000000 1160.58874503 -2258.66495638 0.29411765 0.29411765 0.29411765
v -21000.00000000 1100.89458609 -2331.40249950 0.29411765 0.29411765 0.29411765
v -15800.00000000 1100.89458609 -2331.40249950 0.29411765 0.29411765 0.29411765
v -21000.00000000 1056.53782439 -2414.38816382 0.29411765 0.29411765 0.29411765
v -15800.00000000 1056.53782439 -2414.38816382 0.29411765 0.29411765 0.29411765
v -21000.00000000 1029.22306541 -2504.43285679 0.29411765 0.29411765 0.29411765
v -15800.00000000 1029.22306541 -2504.43285679 0.29411765 0.29411765 0.29411765
v -21000.00000000 1020.00000000 -2598.07621135 0.29411765 0.29411765 0.29411765
v -15800.00000000 1020.00000000 -2598.07621135 0.29411765 0.29411765 0.29411765
v -21000.00000000 1029.22306541 -2691.71956592 0.29411765 0.29411765 0.29411765
v -15800.00000000 1029.22306541 -2691.71956592 0.29411765 0.29411765 0.29411765
v -21000.00000000 1056.53782439 -2781.76425889 0.29411765 0.29411765 0.29411765
v -15800.00000000 1056.53782439 -2781.76425889 0.29411765 0.29411765 0.29411765
v -21000.00000000 1100.89458609 -2864.74992320 0.29411765 0.29411765 0.29411765
v -15800.00000000 1100.89458609 -2864.74992320 0.29411765 0.29411765 0.29411765
v -21000.00000000 1160.58874503 -2937.48746632 0.29411765 0.29411765 0.29411765
v -15800.00000000 1160.58874503 -2937.48746632 0.29411765 0.29411765 0.29411765
v -21000.00000000 1233.32628815 -2997.18162526 0.29411765 0.29411765 0.29411765
v -15800.00000000 1233.32628815 -2997.18162526 0.29411765 0.29411765 0.29411765
v -21000.00000000 1316.31195246 -3041.53838696 0.29411765 0.29411765 0.29411765
v -15800.00000000 1316.31195246 -3041.53838696 0.29411765 0.29411765 0.29411765
v -21000.00000000 1406.35664543 -3068.85314595 0.29411765 0.29411765 0.29411765
v -15800.00000000 1406.35664543 -3068.85314595 0.29411765 0.29411765 0.29411765
v -16025.00000000 1500.00000000 -2598.07621135 0.50980392 0.50980392 0.50980392
v -16025.00000000 1500.00000000 -3218.07621135 0.50980392 0.50980392 0.50980392
v -15675.00000000 1500.00000000 -3218.07621135 0.50980392 0.50980392 0.50980392
v -15675.00000000 1500.00000000 -2598.07621135 0.50980392 0.50980392 0.50980392
v -16025.00000000 1620.95599965 -3206.16308520 0.50980392 0.50980392 0.50980392
v -15675.00000000 1620.95599965 -3206.16308520 0.50980392 0.50980392 0.50980392
v -16025.00000000 1737.26372807 -3170.88152151 0.50980392 0.50980392 0.50980392
v -15675.00000000 1737.26372807 -3170.88152151 0.50980392 0.50980392 0.50980392
v -16025.00000000 1844.45354447 -3113.58737098 0.50980392 0.50980392 0.50980392
v -15675.00000000 1844.45354447 -3113.58737098 0.50980392 0.50980392 0.50980392
v -16025.00000000 1938.40620434 -3036.48241569 0.50980392 0.50980392 0.50980392
v -15675.00000000 1938.40620434 -3036.48241569 0.50980392 0.50980392 0.50980392
v -16025.00000000 2015.51115963 -2942.52975583 0.50980392 0.50980392 0.50980392
v -15675.00000000 2015.51115963 -2942.52975583 0.50980392 0.50980392 0.50980392
v -16025.00000000 2072.80531016 -2835.33993942 0.50980392 0.50980392 0.50980392
v -15675.00000000 2072.80531016 -2835.33993942 0.50980392 0.50980392 0.50980392
v -16025.00000000 2108.08687385 -2719.03221100 0.50980392 0.50980392 0.50980392
v -15675.00000000 2108.08687385 -2719.03221100 0.50980392 0.50980392 0.50980392
v -16025.00000000 2120.00000000 -2598.07621135 0.50980392 0.50980392 0.50980392
v -15675.00000000 2120.00000000 -2598.07621135 0.50980392 0.50980392 0.50980392
v -16025.00000000 2108.08687385 -2477.12021170 0.50980392 0.50980392 0.50980392
v -15675.00000000 2108.08687385 -2477.12021170 0.50980392 0.50980392 0.50980392
v -16025.00000000 2072.80531016 -2360.81248329 0.50980392 0.50980392 0.50980392
v -15675.00000000 2072.80531016 -2360.81248329 0.50980392 0.50980392 0.50980392
v -16025.00000000 2015.51115963 -2253.62266688 0.50980392 0.50980392 0.50980392
v -15675.00000000 2015.51115963 -2253.62266688 0.50980392 0.50980392 0.50980392
v -16025.00000000 1938.40620434 -2159.67000702 0.50980392 0.50980392 0.50980392
v -15675.00000000 1938.40620434 -2159.67000702 0.50980392 0.50980392 0.50980392
v -16025.00000000 1844.45354447 -2082.56505173 0.50980392 0.50980392 0.50980392
v -15675.00000000 1844.45354447 -2082.56505173 0.50980392 0.50980392 0.50980392
v -16025.00000000 1737.26372807 -2025.27090120 0.50980392 0.50980392 0.50980392
v -15675.00000000 1737.26372807 -2025.27090120 0.50980392 0.50980392 0.50980392
v -16025.00000000 1620.95599965 -1989.98933750 0.50980392 0.50980392 0.50980392
v -15675.00000000 1620.95599965 -1989.98933750 0.50980392 0.50980392 0.50980392
v -16025.00000000 1500.00000000 -1978.07621135 0.50980392 0.50980392 0.50980392
v -15675.00000000 1500.00000000 -1978.07621135 0.50980392 0.50980392 0.50980392
v -16025.00000000 1379.04400035 -1989.98933750 0.50980392 0.50980392 0.50980392
v -15675.00000000 1379.04400035 -1989.98933750 0.50980392 0.50980392 0.50980392
v -16025.00000000 1262.73627193 -2025.27090120 0.50980392 0.50980392 0.50980392
v -15675.00000000 1262.73627193 -2025.27090120 0.50980392 0.50980392 0.50980392
v -16025.00000000 1155.54645553 -2082.56505173 0.50980392 0.50980392 0.50980392
v -15675.00000000 1155.54645553 -2082.56505173 0.50980392 0.50980392 0.50980392
v -16025.00000000 1061.59379566 -2159.67000702 0.50980392 0.50980392 0.50980392
v -15675.00000000 1061.59379566 -2159.67000702 0.50980392 0.50980392 0.50980392
v -16025.00000000 984.48884037 -2253.62266688 0.50980392 0.50980392 0.50980392
v -15675.00000000 984.48884037 -2253.62266688 0.50980392 0.50980392 0.50980392
v -16025.00000000 927.19468984 -2360.81248329 0.50980392 0.50980392 0.50980392
v -15675.00000000 927.19468984 -2360.81248329 0.50980392 0.50980392 0.50980392
v -16025.00000000 891.91312615 -2477.12021170 0.50980392 0.50980392 0.50980392
v -15675.00000000 891.91312615 -2477.12021170 0.50980392 0.50980392 0.50980392
v -16025.00000000 880.00000000 -2598.07621135 0.50980392 0.50980392 0.50980392
v -15675.00000000 880.00000000 -2598.07621135 0.50980392 0.50980392 0.50980392
v -16025.00000000 891.91312615 -2719.03221100 0.50980392 0.50980392 0.50980392
v -15675.00000000 891.91312615 -2719.03221100 0.50980392 0.50980392 0.50980392
v -16025.00000000 927.19468984 -2835.33993942 0.50980392 0.50980392 0.50980392
v -15675.00000000 927.19468984 -2835.33993942 0.50980392 0.50980392 0.50980392
v -16025.00000000 984.48884037 -2942.52975583 0.50980392 0.50980392 0.50980392
v -15675.00000000 984.48884037 -2942.52975583 0.50980392 0.50980392 0.50980392
v -16025.00000000 1061.59379566 -3036.48241569 0.50980392 0.50980392 0.50980392
v -15675.00000000 1061.59379566 -3036.48241569 0.50980392 0.50980392 0.50980392
v -16025.00000000 1155.54645553 -3113.58737098 0.50980392 0.50980392 0.50980392
v -15675.00000000 1155.54645553 -3113.58737098 0.50980392 0.50980392 0.50980392
v -16025.00000000 1262.73627193 -3170.88152151 0.50980392 0.50980392 0.50980392
v -15675.00000000 1262.73627193 -3170.88152151 0.50980392 0.50980392 0.50980392
v -16025.00000000 1379.04400035 -3206.16308520 0.50980392 0.50980392 0.50980392
v -15675.00000000 1379.04400035 -3206.16308520 0.50980392 0.50980392 0.50980392
v 21000.00000000 0.00000000 0.00000000 0.49019608 0.49019608 0.49019608
v 22200.00000000 900.00000000 227.50000000 0.49019608 0.49019608 0.49019608
v 22200.00000000 -900.00000000 227.50000000 0.49019608 0.49019608 0.49019608
v 22200.00000000 585.00000000 650.00000000 0.49019608 0.49019608 0.49019608
v 22200.00000000 -585.00000000 650.00000000 0.49019608 0.49019608 0.49019608
v 22200.00000000 675.00000000 -487.50000000 0.49019608 0.49019608 0.49019608
v 22200.00000000 -675.00000000 -487.50000000 0.49019608 0.49019608 0.49019608
v 25200.00000000 2750.00000000 367.50000000 0.49019608 0.49019608 0.49019608
v 25200.00000000 -2750.00000000 367.50000000 0.49019608 0.49019608 0.49019608
v 25200.00000000 1787.50000000 1050.00000000 0.49019608 0.49019608 0.49019608
v 25200.00000000 -1787.50000000 1050.00000000 0.49019608 0.49019608 0.49019608
v 25200.00000000 2062.50000000 -787.50000000 0.49019608 0.49019608 0.49019608
v 25200.00000000 -2062.50000000 -787.50000000 0.49019608 0.49019608 0.49019608
v 27500.00000000 2200.00000000 297.50000000 0.49019608 0.49019608 0.49019608
v 27500.00000000 -2200.00000000 297.50000000 0.49019608 0.49019608 0.49019608
v 27500.00000000 1430.00000000 850.00000000 0.49019608 0.49019608 0.49019608
v 27500.00000000 -1430.00000000 850.00000000 0.49019608 0.49019608 0.49019608
v 27500.00000000 1650.00000000 -637.50000000 0.49019608 0.49019608 0.49019608
v 27500.00000000 -1650.00000000 -637.50000000 0.49019608 0.49019608 0.49019608
v 29000.00000000 900.00000000 157.50000000 0.49019608 0.49019608 0.49019608
v 29000.00000000 -900.00000000 157.50000000 0.49019608 0.49019608 0.49019608
v 29000.00000000 585.00000000 450.00000000 0.49019608 0.49019608 0.49019608
v 29000.00000000 -585.00000000 450.00000000 0.49019608 0.49019608 0.49019608
v 29000.00000000 675.00000000 -337.50000000 0.49019608 0.49019608 0.49019608
v 29000.00000000 -675.00000000 -337.50000000 0.49019608 0.49019608 0.49019608
v -10500.00000000 0.00000000 0.00000000 0.60784314 0.60784314 0.60784314
v -10500.00000000 0.00000000 -1800.00000000 0.60784314 0.60784314 0.60784314
v -5500.00000000 0.00000000 -1800.00000000 0.60784314 0.60784314 0.60784314
v -5500.00000000 0.00000000 0.00000000 0.60784314 0.60784314 0.60784314
v -10500.00000000 234.94714600 -1784.60075047 0.60784314 0.60784314 0.60784314
v -5500.00000000 234.94714600 -1784.60075047 0.60784314 0.60784314 0.60784314
v -10500.00000000 465.87428118 -1738.66648732 0.60784314 0.60784314 0.60784314
v -5500.00000000 465.87428118 -1738.66648732 0.60784314 0.60784314 0.60784314
v -10500.00000000 688.83017826 -1662.98315852 0.60784314 0.60784314 0.60784314
v -5500.00000000 688.83017826 -1662.98315852 0.60784314 0.60784314 0.60784314
v -10500.00000000 900.00000000 -1558.84572681 0.60784314 0.60784314 0.60784314
v -5500.00000000 900.00000000 -1558.84572681 0.60784314 0.60784314 0.60784314
v -10500.00000000 1095.77057222 -1428.03601252 0.60784314 0.60784314 0.60784314
v -5500.00000000 1095.77057222 -1428.03601252 0.60784314 0.60784314 0.60784314
v -10500.00000000 1272.79220614 -1272.79220614 0.60784314 0.60784314 0.60784314
v -5500.00000000 1272.79220614 -1272.79220614 0.60784314 0.60784314 0.60784314
v -10500.00000000 1428.03601252 -1095.77057222 0.60784314 0.60784314 0.60784314
v -5500.00000000 1428.03601252 -1095.77057222 0.60784314 0.60784314 0.60784314
v -10500.00000000 1558.84572681 -900.00000000 0.60784314 0.60784314 0.60784314
v -5500.00000000 1558.84572681 -900.00000000 0.60784314 0.60784314 0.60784314
v -10500.00000000 1662.98315852 -688.83017826 0.60784314 0.60784314 0.60784314
v -5500.00000000 1662.98315852 -688.83017826 0.60784314 0.60784314 0.60784314
v -10500.00000000 1738.66648732 -465.87428118 0.60784314 0.60784314 0.60784314
v -5500.00000000 1738.66648732 -465.87428118 0.60784314 0.60784314 0.60784314
v -10500.00000000 1784.60075047 -234.94714600 0.60784314 0.60784314 0.60784314
v -5500.00000000 1784.60075047 -234.94714600 0.60784314 0.60784314 0.60784314
v -10500.00000000 1800.00000000 -0.00000000 0.60784314 0.60784314 0.60784314
v -5500.00000000 1800.00000000 -0.00000000 0.60784314 0.60784314 0.60784314
v -10500.00000000 1784.60075047 234.94714600 0.60784314 0.60784314 0.60784314
v -5500.00000000 1784.60075047 234.94714600 0.60784314 0.60784314 0.60784314
v -10500.00000000 1738.66648732 465.87428118 0.60784314 0.60784314 0.60784314
v -5500.00000000 1738.66648732 465.87428118 0.60784314 0.60784314 0.60784314
v -10500.00000000 1662.98315852 688.83017826 0.60784314 0.60784314 0.60784314
v -5500.00000000 1662.98315852 688.83017826 0.60784314 0.60784314 0.60784314
v -10500.00000000 1558.84572681 900.00000000 0.60784314 0.60784314 0.60784314
v -5500.00000000 1558.84572681 900.00000000 0.60784314 0.60784314 0.60784314
v -10500.00000000 1428.03601252 1095.77057222 0.60784314 0.60784314 0.60784314
v -5500.00000000 1428.03601252 1095.77057222 0.60784314 0.60784314 0.60784314
v -10500.00000000 1272.79220614 1272.79220614 0.60784314 0.60784314 0.60784314
v -5500.00000000 1272.79220614 1272.79220614 0.60784314 0.60784314 0.60784314
v -10500.00000000 1095.77057222 1428.03601252 0.60784314 0.60784314 0.60784314
v -5500.00000000 1095.77057222 1428.03601252 0.60784314 0.60784314 0.60784314
v -10500.00000000 900.00000000 1558.84572681 0.60784314 0.60784314 0.60784314
v -5500.00000000 900.00000000 1558.84572681 0.60784314 0.60784314 0.60784314
v -10500.00000000 688.83017826 1662.98315852 0.60784314 0.60784314 0.60784314
v -5500.00000000 688.83017826 1662.98315852 0.60784314 0.60784314 0.60784314
v -10500.00000000 465.87428118 1738.66648732 0.60784314 0.60784314 0.60784314
v -5500.00000000 465.87428118 1738.66648732 0.60784314 0.60784314 0.60784314
v -10500.00000000 234.94714600 1784.60075047 0.60784314 0.60784314 0.60784314
v -5500.00000000 234.94714600 1784.60075047 0.60784314 0.60784314 0.60784314
v -10500.00000000 0.00000000 1800.00000000 0.60784314 0.60784314 0.60784314
v -5500.00000000 0.00000000 1800.00000000 0.60784314 0.60784314 0.60784314
v -10500.00000000 -234.94714600 1784.60075047 0.60784314 0.60784314 0.60784314
v -5500.00000000 -234.94714600 1784.60075047 0.60784314 0.60784314 0.60784314
v -10500.00000000 -465.87428118 1738.66648732 0.60784314 0.60784314 0.60784314
v -5500.00000000 -465.87428118 1738.66648732 0.60784314 0.60784314 0.60784314
v -10500.00000000 -688.83017826 1662.98315852 0.60784314 0.60784314 0.60784314
v -5500.00000000 -688.83017826 1662.98315852 0.60784314 0.60784314 0.60784314
v -10500.00000000 -900.00000000 1558.84572681 0.60784314 0.60784314 0.60784314
v -5500.00000000 -900.00000000 1558.84572681 0.60784314 0.60784314 0.60784314
v -10500.00000000 -1095.77057222 1428.03601252 0.60784314 0.60784314 0.60784314
v -5500.00000000 -1095.77057222 1428.03601252 0.60784314 0.60784314 0.60784314
v -10500.00000000 -1272.79220614 1272.79220614 0.60784314 0.60784314 0.60784314
v -5500.00000000 -1272.79220614 1272.79220614 0.60784314 0.60784314 0.60784314
v -10500.00000000 -1428.03601252 1095.77057222 0.60784314 0.60784314 0.60784314
v -5500.00000000 -1428.03601252 1095.77057222 0.60784314 0.60784314 0.60784314
v -10500.00000000 -1558.84572681 900.00000000 0.60784314 0.60784314 0.60784314
v -5500.00000000 -1558.84572681 900.00000000 0.60784314 0.60784314 0.60784314
v -10500.00000000 -1662.98315852 688.83017826 0.60784314 0.60784314 0.60784314
v -5500.00000000 -1662.98315852 688.83017826 0.60784314 0.60784314 0.60784314
v -10500.00000000 -1738.66648732 465.87428118 0.60784314 0.60784314 0.60784314
v -5500.00000000 -1738.66648732 465.87428118 0.60784314 0.60784314 0.60784314
v -10500.00000000 -1784.60075047 234.94714600 0.60784314 0.60784314 0.60784314
v -5500.00000000 -1784.60075047 234.94714600 0.60784314 0.60784314 0.60784314
v -10500.00000000 -1800.00000000 0.00000000 0.60784314 0.60784314 0.60784314
v -5500.00000000 -1800.00000000 0.00000000 0.60784314 0.60784314 0.60784314
v -10500.00000000 -1784.60075047 -234.94714600 0.60784314 0.60784314 0.60784314
v -5500.00000000 -1784.60075047 -234.94714600 0.60784314 0.60784314 0.60784314
v -10500.00000000 -1738.66648732 -465.87428118 0.60784314 0.60784314 0.60784314
v -5500.00000000 -1738.66648732 -465.87428118 0.60784314 0.60784314 0.60784314
v -10500.00000000 -1662.98315852 -688.83017826 0.60784314 0.60784314 0.60784314
v -5500.00000000 -1662.98315852 -688.83017826 0.60784314 0.60784314 0.60784314
v -10500.00000000 -1558.84572681 -900.00000000 0.60784314 0.60784314 0.60784314
v -5500.00000000 -1558.84572681 -900.00000000 0.60784314 0.60784314 0.60784314
v -10500.00000000 -1428.03601252 -1095.77057222 0.60784314 0.60784314 0.60784314
v -5500.00000000 -1428.03601252 -1095.77057222 0.60784314 0.60784314 0.60784314
v -10500.00000000 -1272.79220614 -1272.79220614 0.60784314 0.60784314 0.60784314
v -5500.00000000 -1272.79220614 -1272.79220614 0.60784314 0.60784314 0.60784314
v -10500.00000000 -1095.77057222 -1428.03601252 0.60784314 0.60784314 0.60784314
v -5500.00000000 -1095.77057222 -1428.03601252 0.60784314 0.60784314 0.60784314
v -10500.00000000 -900.00000000 -1558.84572681 0.60784314 0.60784314 0.60784314
v -5500.00000000 -900.00000000 -1558.84572681 0.60784314 0.60784314 0.60784314
v -10500.00000000 -688.83017826 -1662.98315852 0.60784314 0.60784314 0.60784314
v -5500.00000000 -688.83017826 -1662.98315852 0.60784314 0.60784314 0.60784314
v -10500.00000000 -465.87428118 -1738.66648732 0.60784314 0.60784314 0.60784314
v -5500.00000000 -465.87428118 -1738.66648732 0.60784314 0.60784314 0.60784314
v -10500.00000000 -234.94714600 -1784.60075047 0.60784314 0.60784314 0.60784314
v -5500.00000000 -234.94714600 -1784.60075047 0.60784314 0.60784314 0.60784314
v 12400.00000000 0.00000000 0.00000000 0.64705882 0.64705882 0.64705882
v 12400.00000000 0.00000000 -1900.00000000 0.64705882 0.64705882 0.64705882
v 17600.00000000 0.00000000 -1900.00000000 0.64705882 0.64705882 0.64705882
v 17600.00000000 0.00000000 0.00000000 0.64705882 0.64705882 0.64705882
v 12400.00000000 247.99976522 -1883.74523661 0.64705882 0.64705882 0.64705882
v 17600.00000000 247.99976522 -1883.74523661 0.64705882 0.64705882 0.64705882
v 12400.00000000 491.75618569 -1835.25906995 0.64705882 0.64705882 0.64705882
v 17600.00000000 491.75618569 -1835.25906995 0.64705882 0.64705882 0.64705882
v 12400.00000000 727.09852149 -1755.37111177 0.64705882 0.64705882 0.64705882
v 17600.00000000 727.09852149 -1755.37111177 0.64705882 0.64705882 0.64705882
v 12400.00000000 950.00000000 -1645.44826719 0.64705882 0.64705882 0.64705882
v 17600.00000000 950.00000000 -1645.44826719 0.64705882 0.64705882 0.64705882
v 12400.00000000 1156.64671512 -1507.37134655 0.64705882 0.64705882 0.64705882
v 17600.00000000 1156.64671512 -1507.37134655 0.64705882 0.64705882 0.64705882
v 12400.00000000 1343.50288425 -1343.50288425 0.64705882 0.64705882 0.64705882
v 17600.00000000 1343.50288425 -1343.50288425 0.64705882 0.64705882 0.64705882
v 12400.00000000 1507.37134655 -1156.64671512 0.64705882 0.64705882 0.64705882
v 17600.00000000 1507.37134655 -1156.64671512 0.64705882 0.64705882 0.64705882
v 12400.00000000 1645.44826719 -950.00000000 0.64705882 0.64705882 0.64705882
v 17600.00000000 1645.44826719 -950.00000000 0.64705882 0.64705882 0.64705882
v 12400.00000000 1755.37111177 -727.09852149 0.64705882 0.64705882 0.64705882
v 17600.00000000 1755.37111177 -727.09852149 0.64705882 0.64705882 0.64705882
v 12400.00000000 1835.25906995 -491.75618569 0.64705882 0.64705882 0.64705882
v 17600.00000000 1835.25906995 -491.75618569 0.64705882 0.64705882 0.64705882
v 12400.00000000 1883.74523661 -247.99976522 0.64705882 0.64705882 0.64705882
v 17600.00000000 1883.74523661 -247.99976522 0.64705882 0.64705882 0.64705882
v 12400.00000000 1900.00000000 -0.00000000 0.64705882 0.64705882 0.64705882
v 17600.00000000 1900.00000000 -0.00000000 0.64705882 0.64705882 0.64705882
v 12400.00000000 1883.74523661 247.99976522 0.64705882 0.64705882 0.64705882
v 17600.00000000 1883.74523661 247.99976522 0.64705882 0.64705882 0.64705882
v 12400.00000000 1835.25906995 491.75618569 0.64705882 0.64705882 0.64705882
v 17600.00000000 1835.25906995 491.75618569 0.64705882 0.64705882 0.64705882
v 12400.00000000 1755.37111177 727.09852149 0.64705882 0.64705882 0.64705882
v 17600.00000000 1755.37111177 727.09852149 0.64705882 0.64705882 0.64705882
v 12400.00000000 1645.44826719 950.00000000 0.64705882 0.64705882 0.64705882
v 17600.00000000 1645.44826719 950.00000000 0.64705882 0.64705882 0.64705882
v 12400.00000000 1507.37134655 1156.64671512 0.64705882 0.64705882 0.64705882
v 17600.00000000 1507.37134655 1156.64671512 0.64705882 0.64705882 0.64705882
v 12400.00000000 1343.50288425 1343.50288425 0.64705882 0.64705882 0.64705882
v 17600.00000000 1343.50288425 1343.50288425 0.64705882 0.64705882 0.64705882
v 12400.00000000 1156.64671512 1507.37134655 0.64705882 0.64705882 0.64705882
v 17600.00000000 1156.64671512 1507.37134655 0.64705882 0.64705882 0.64705882
v 12400.00000000 950.00000000 1645.44826719 0.64705882 0.64705882 0.64705882
v 17600.00000000 950.00000000 1645.44826719 0.64705882 0.64705882 0.64705882
v 12400.00000000 727.09852149 1755.37111177 0.64705882 0.64705882 0.64705882
v 17600.00000000 727.09852149 1755.37111177 0.64705882 0.64705882 0.64705882
v 12400.00000000 491.75618569 1835.25906995 0.64705882 0.64705882 0.64705882
v 17600.00000000 491.75618569 1835.25906995 0.64705882 0.64705882 0.64705882
v 12400.00000000 247.99976522 1883.74523661 0.64705882 0.64705882 0.64705882
v 17600.00000000 247.99976522 1883.74523661 0.64705882 0.64705882 0.64705882
v 12400.00000000 0.00000000 1900.00000000 0.64705882 0.64705882 0.64705882
v 17600.00000000 0.00000000 1900.00000000 0.64705882 0.64705882 0.64705882
v 12400.00000000 -247.99976522 1883.74523661 0.64705882 0.64705882 0.64705882
v 17600.00000000 -247.99976522 1883.74523661 0.64705882 0.64705882 0.64705882
v 12400.00000000 -491.75618569 1835.25906995 0.64705882 0.64705882 0.64705882
v 17600.00000000 -491.75618569 1835.25906995 0.64705882 0.64705882 0.64705882
v 12400.00000000 -727.09852149 1755.37111177 0.64705882 0.64705882 0.64705882
v 17600.00000000 -727.09852149 1755.37111177 0.64705882 0.64705882 0.64705882
v 12400.00000000 -950.00000000 1645.44826719 0.64705882 0.64705882 0.64705882
v 17600.00000000 -950.00000000 1645.44826719 0.64705882 0.64705882 0.64705882
v 12400.00000000 -1156.64671512 1507.37134655 0.64705882 0.64705882 0.64705882
v 17600.00000000 -1156.64671512 1507.37134655 0.64705882 0.64705882 0.64705882
v 12400.00000000 -1343.50288425 1343.50288425 0.64705882 0.64705882 0.64705882
v 17600.00000000 -1343.50288425 1343.50288425 0.64705882 0.64705882 0.64705882
v 12400.00000000 -1507.37134655 1156.64671512 0.64705882 0.64705882 0.64705882
v 17600.00000000 -1507.37134655 1156.64671512 0.64705882 0.64705882 0.64705882
v 12400.00000000 -1645.44826719 950.00000000 0.64705882 0.64705882 0.64705882
v 17600.00000000 -1645.44826719 950.00000000 0.64705882 0.64705882 0.64705882
v 12400.00000000 -1755.37111177 727.09852149 0.64705882 0.64705882 0.64705882
v 17600.00000000 -1755.37111177 727.09852149 0.64705882 0.64705882 0.64705882
v 12400.00000000 -1835.25906995 491.75618569 0.64705882 0.64705882 0.64705882
v 17600.00000000 -1835.25906995 491.75618569 0.64705882 0.64705882 0.64705882
v 12400.00000000 -1883.74523661 247.99976522 0.64705882 0.64705882 0.64705882
v 17600.00000000 -1883.74523661 247.99976522 0.64705882 0.64705882 0.64705882
v 12400.00000000 -1900.00000000 0.00000000 0.64705882 0.64705882 0.64705882
v 17600.00000000 -1900.00000000 0.00000000 0.64705882 0.64705882 0.64705882
v 12400.00000000 -1883.74523661 -247.99976522 0.64705882 0.64705882 0.64705882
v 17600.00000000 -1883.74523661 -247.99976522 0.64705882 0.64705882 0.64705882
v 12400.00000000 -1835.25906995 -491.75618569 0.64705882 0.64705882 0.64705882
v 17600.00000000 -1835.25906995 -491.75618569 0.64705882 0.64705882 0.64705882
v 12400.00000000 -1755.37111177 -727.09852149 0.64705882 0.64705882 0.64705882
v 17600.00000000 -1755.37111177 -727.09852149 0.64705882 0.64705882 0.64705882
v 12400.00000000 -1645.44826719 -950.00000000 0.64705882 0.64705882 0.64705882
v 17600.00000000 -1645.44826719 -950.00000000 0.64705882 0.64705882 0.64705882
v 12400.00000000 -1507.37134655 -1156.64671512 0.64705882 0.64705882 0.64705882
v 17600.00000000 -1507.37134655 -1156.64671512 0.64705882 0.64705882 0.64705882
v 12400.00000000 -1343.50288425 -1343.50288425 0.64705882 0.64705882 0.64705882
v 17600.00000000 -1343.50288425 -1343.50288425 0.64705882 0.64705882 0.64705882
v 12400.00000000 -1156.64671512 -1507.37134655 0.64705882 0.64705882 0.64705882
v 17600.00000000 -1156.64671512 -1507.37134655 0.64705882 0.64705882 0.64705882
v 12400.00000000 -950.00000000 -1645.44826719 0.64705882 0.64705882 0.64705882
v 17600.00000000 -950.00000000 -1645.44826719 0.64705882 0.64705882 0.64705882
v 12400.00000000 -727.09852149 -1755.37111177 0.64705882 0.64705882 0.64705882
v 17600.00000000 -727.09852149 -1755.37111177 0.64705882 0.64705882 0.64705882
v 12400.00000000 -491.75618569 -1835.25906995 0.64705882 0.64705882 0.64705882
v 17600.00000000 -491.75618569 -1835.25906995 0.64705882 0.64705882 0.64705882
v 12400.00000000 -247.99976522 -1883.74523661 0.64705882 0.64705882 0.64705882
v 17600.00000000 -247.99976522 -1883.74523661 0.64705882 0.64705882 0.64705882
v 20100.00000000 0.00000000 0.00000000 0.41176471 0.41176471 0.41176471
v 20100.00000000 0.00000000 -1100.00000000 0.41176471 0.41176471 0.41176471
v 21000.00000000 0.00000000 -1100.00000000 0.41176471 0.41176471 0.41176471
v 21000.00000000 0.00000000 0.00000000 0.41176471 0.41176471 0.41176471
v 20100.00000000 143.57881144 -1090.58934751 0.41176471 0.41176471 0.41176471
v 21000.00000000 143.57881144 -1090.58934751 0.41176471 0.41176471 0.41176471
v 20100.00000000 284.70094961 -1062.51840892 0.41176471 0.41176471 0.41176471
v 21000.00000000 284.70094961 -1062.51840892 0.41176471 0.41176471 0.41176471
v 20100.00000000 420.95177560 -1016.26748576 0.41176471 0.41176471 0.41176471
v 21000.00000000 420.95177560 -1016.26748576 0.41176471 0.41176471 0.41176471
v 20100.00000000 550.00000000 -952.62794416 0.41176471 0.41176471 0.41176471
v 21000.00000000 550.00000000 -952.62794416 0.41176471 0.41176471 0.41176471
v 20100.00000000 669.63757191 -872.68867432 0.41176471 0.41176471 0.41176471
v 21000.00000000 669.63757191 -872.68867432 0.41176471 0.41176471 0.41176471
v 20100.00000000 777.81745931 -777.81745931 0.41176471 0.41176471 0.41176471
v 21000.00000000 777.81745931 -777.81745931 0.41176471 0.41176471 0.41176471
v 20100.00000000 872.68867432 -669.63757191 0.41176471 0.41176471 0.41176471
v 21000.00000000 872.68867432 -669.63757191 0.41176471 0.41176471 0.41176471
v 20100.00000000 952.62794416 -550.00000000 0.41176471 0.41176471 0.41176471
v 21000.00000000 952.62794416 -550.00000000 0.41176471 0.41176471 0.41176471
v 20100.00000000 1016.26748576 -420.95177560 0.41176471 0.41176471 0.41176471
v 21000.00000000 1016.26748576 -420.95177560 0.41176471 0.41176471 0.41176471
v 20100.00000000 1062.51840892 -284.70094961 0.41176471 0.41176471 0.41176471
v 21000.00000000 1062.51840892 -284.70094961 0.41176471 0.41176471 0.41176471
v 20100.00000000 1090.58934751 -143.57881144 0.41176471 0.41176471 0.41176471
v 21000.00000000 1090.58934751 -143.57881144 0.41176471 0.41176471 0.41176471
v 20100.00000000 1100.00000000 -0.00000000 0.41176471 0.41176471 0.41176471
v 21000.00000000 1100.00000000 -0.00000000 0.41176471 0.41176471 0.41176471
v 20100.00000000 1090.58934751 143.57881144 0.41176471 0.41176471 0.41176471
v 21000.00000000 1090.58934751 143.57881144 0.41176471 0.41176471 0.41176471
v 20100.00000000 1062.51840892 284.70094961 0.41176471 0.41176471 0.41176471
v 21000.00000000 1062.51840892 284.70094961 0.41176471 0.41176471 0.41176471
v 20100.00000000 1016.26748576 420.95177560 0.41176471 0.41176471 0.41176471
v 21000.00000000 1016.26748576 420.95177560 0.41176471 0.41176471 0.41176471
v 20100.00000000 952.62794416 550.00000000 0.41176471 0.41176471 0.41176471
v 21000.00000000 952.62794416 550.00000000 0.41176471 0.41176471 0.41176471
v 20100.00000000 872.68867432 669.63757191 0.41176471 0.41176471 0.41176471
v 21000.00000000 872.68867432 669.63757191 0.41176471 0.41176471 0.41176471
v 20100.00000000 777.81745931 777.81745931 0.41176471 0.41176471 0.41176471
v 21000.00000000 777.81745931 777.81745931 0.41176471 0.41176471 0.41176471
v 20100.00000000 669.63757191 872.68867432 0.41176471 0.41176471 0.41176471
v 21000.00000000 669.63757191 872.68867432 0.41176471 0.41176471 0.41176471
v 20100.00000000 550.00000000 952.62794416 0.41176471 0.41176471 0.41176471
v 21000.00000000 550.00000000 952.62794416 0.41176471 0.41176471 0.41176471
v 20100.00000000 420.95177560 1016.26748576 0.41176471 0.41176471 0.41176471
v 21000.00000000 420.95177560 1016.26748576 0.41176471 0.41176471 0.41176471
v 20100.00000000 284.70094961 1062.51840892 0.41176471 0.41176471 0.41176471
v 21000.00000000 284.70094961 1062.51840892 0.41176471 0.41176471 0.41176471
v 20100.00000000 143.57881144 1090.58934751 0.41176471 0.41176471 0.41176471
v 21000.00000000 143.57881144 1090.58934751 0.41176471 0.41176471 0.41176471
v 20100.00000000 0.00000000 1100.00000000 0.41176471 0.41176471 0.41176471
v 21000.00000000 0.00000000 1100.00000000 0.41176471 0.41176471 0.41176471
v 20100.00000000 -143.57881144 1090.58934751 0.41176471 0.41176471 0.41176471
v 21000.00000000 -143.57881144 1090.58934751 0.41176471 0.41176471 0.41176471
v 20100.00000000 -284.70094961 1062.51840892 0.41176471 0.41176471 0.41176471
v 21000.00000000 -284.70094961 1062.51840892 0.41176471 0.41176471 0.41176471
v 20100.00000000 -420.95177560 1016.26748576 0.41176471 0.41176471 0.41176471
v 21000.00000000 -420.95177560 1016.26748576 0.41176471 0.41176471 0.41176471
v 20100.00000000 -550.00000000 952.62794416 0.41176471 0.41176471 0.41176471
v 21000.00000000 -550.00000000 952.62794416 0.41176471 0.41176471 0.41176471
v 20100.00000000 -669.63757191 872.68867432 0.41176471 0.41176471 0.41176471
v 21000.00000000 -669.63757191 872.68867432 0.41176471 0.41176471 0.41176471
v 20100.00000000 -777.81745931 777.81745931 0.41176471 0.41176471 0.41176471
v 21000.00000000 -777.81745931 777.81745931 0.41176471 0.41176471 0.41176471
v 20100.00000000 -872.68867432 669.63757191 0.41176471 0.41176471 0.41176471
v 21000.00000000 -872.68867432 669.63757191 0.41176471 0.41176471 0.41176471
v 20100.00000000 -952.62794416 550.00000000 0.41176471 0.41176471 0.41176471
v 21000.00000000 -952.62794416 550.00000000 0.41176471 0.41176471 0.41176471
v 20100.00000000 -1016.26748576 420.95177560 0.41176471 0.41176471 0.41176471
v 21000.00000000 -1016.26748576 420.95177560 0.41176471 0.41176471 0.41176471
v 20100.00000000 -1062.51840892 284.70094961 0.41176471 0.41176471 0.41176471
v 21000.00000000 -1062.51840892 284.70094961 0.41176471 0.41176471 0.41176471
v 20100.00000000 -1090.58934751 143.57881144 0.41176471 0.41176471 0.41176471
v 21000.00000000 -1090.58934751 143.57881144 0.41176471 0.41176471 0.41176471
v 20100.00000000 -1100.00000000 0.00000000 0.41176471 0.41176471 0.41176471
v 21000.00000000 -1100.00000000 0.00000000 0.41176471 0.41176471 0.41176471
v 20100.00000000 -1090.58934751 -143.57881144 0.41176471 0.41176471 0.41176471
v 21000.00000000 -1090.58934751 -143.57881144 0.41176471 0.41176471 0.41176471
v 20100.00000000 -1062.51840892 -284.70094961 0.41176471 0.41176471 0.41176471
v 21000.00000000 -1062.51840892 -284.70094961 0.41176471 0.41176471 0.41176471
v 20100.00000000 -1016.26748576 -420.95177560 0.41176471 0.41176471 0.41176471
v 21000.00000000 -1016.26748576 -420.95177560 0.41176471 0.41176471 0.41176471
v 20100.00000000 -952.62794416 -550.00000000 0.41176471 0.41176471 0.41176471
v 21000.00000000 -952.62794416 -550.00000000 0.41176471 0.41176471 0.41176471
v 20100.00000000 -872.68867432 -669.63757191 0.41176471 0.41176471 0.41176471
v 21000.00000000 -872.68867432 -669.63757191 0.41176471 0.41176471 0.41176471
v 20100.00000000 -777.81745931 -777.81745931 0.41176471 0.41176471 0.41176471
v 21000.00000000 -777.81745931 -777.81745931 0.41176471 0.41176471 0.41176471
v 20100.00000000 -669.63757191 -872.68867432 0.41176471 0.41176471 0.41176471
v 21000.00000000 -669.63757191 -872.68867432 0.41176471 0.41176471 0.41176471
v 20100.00000000 -550.00000000 -952.62794416 0.41176471 0.41176471 0.41176471
v 21000.00000000 -550.00000000 -952.62794416 0.41176471 0.41176471 0.41176471
v 20100.00000000 -420.95177560 -1016.26748576 0.41176471 0.41176471 0.41176471
v 21000.00000000 -420.95177560 -1016.26748576 0.41176471 0.41176471 0.41176471
v 20100.00000000 -284.70094961 -1062.51840892 0.41176471 0.41176471 0.41176471
v 21000.00000000 -284.70094961 -1062.51840892 0.41176471 0.41176471 0.41176471
v 20100.00000000 -143.57881144 -1090.58934751 0.41176471 0.41176471 0.41176471
v 21000.00000000 -143.57881144 -1090.58934751 0.41176471 0.41176471 0.41176471
f 2 1 5
f 2 5 3
f 3 5 6
f 3 6 4
f 5 1 7
f 5 7 6
f 6 7 8
f 6 8 4
f 7 1 9
f 7 9 8
f 8 9 10
f 8 10 4
f 9 1 11
f 9 11 10
f 10 11 12
f 10 12 4
f 11 1 13
f 11 13 12
f 12 13 14
f 12 14 4
f 13 1 15
f 13 15 14
f 14 15 16
f 14 16 4
f 15 1 17
f 15 17 16
f 16 17 18
f 16 18 4
f 17 1 19
f 17 19 18
f 18 19 20
f 18 20 4
f 19 1 21
f 19 21 20
f 20 21 22
f 20 22 4
f 21 1 23
f 21 23 22
f 22 23 24
f 22 24 4
f 23 1 25
f 23 25 24
f 24 25 26
f 24 26 4
f 25 1 27
f 25 27 26
f 26 27 28
f 26 28 4
f 27 1 29
f 27 29 28
f 28 29 30
f 28 30 4
f 29 1 31
f 29 31 30
f 30 31 32
f 30 32 4
f 31 1 33
f 31 33 32
f 32 33 34
f 32 34 4
f 33 1 35
f 33 35 34
f 34 35 36
f 34 36 4
f 35 1 37
f 35 37 36
f 36 37 38
f 36 38 4
f 37 1 39
f 37 39 38
f 38 39 40
f 38 40 4
f 39 1 41
f 39 41 40
f 40 41 42
f 40 42 4
f 41 1 43
f 41 43 42
f 42 43 44
f 42 44 4
f 43 1 45
f 43 45 44
f 44 45 46
f 44 46 4
f 45 1 47
f 45 47 46
f 46 47 48
f 46 48 4
f 47 1 49
f 47 49 48
f 48 49 50
f 48 50 4
f 49 1 51
f 49 51 50
f 50 51 52
f 50 52 4
f 51 1 53
f 51 53 52
f 52 53 54
f 52 54 4
f 53 1 55
f 53 55 54
f 54 55 56
f 54 56 4
f 55 1 57
f 55 57 56
f 56 57 58
f 56 58 4
f 57 1 59
f 57 59 58
f 58 59 60
f 58 60 4
f 59 1 61
f 59 61 60
f 60 61 62
f 60 62 4
f 61 1 63
f 61 63 62
f 62 63 64
f 62 64 4
f 63 1 65
f 63 65 64
f 64 65 66
f 64 66 4
f 65 1 67
f 65 67 66
f 66 67 68
f 66 68 4
f 67 1 69
f 67 69 68
f 68 69 70
f 68 70 4
f 69 1 71
f 69 71 70
f 70 71 72
f 70 72 4
f 71 1 73
f 71 73 72
f 72 73 74
f 72 74 4
f 73 1 75
f 73 75 74
f 74 75 76
f 74 76 4
f 75 1 77
f 75 77 76
f 76 77 78
f 76 78 4
f 77 1 79
f 77 79 78
f 78 79 80
f 78 80 4
f 79 1 81
f 79 81 80
f 80 81 82
f 80 82 4
f 81 1 83
f 81 83 82
f 82 83 84
f 82 84 4
f 83 1 85
f 83 85 84
f 84 85 86
f 84 86 4
f 85 1 87
f 85 87 86
f 86 87 88
f 86 88 4
f 87 1 89
f 87 89 88
f 88 89 90
f 88 90 4
f 89 1 91
f 89 91 90
f 90 91 92
f 90 92 4
f 91 1 93
f 91 93 92
f 92 93 94
f 92 94 4
f 93 1 95
f 93 95 94
f 94 95 96
f 94 96 4
f 95 1 97
f 95 97 96
f 96 97 98
f 96 98 4
f 97 1 2
f 97 2 98
f 98 2 3
f 98 3 4
f 100 99 103
f 100 103 101
f 101 103 104
f 101 104 102
f 103 99 105
f 103 105 104
f 104 105 106
f 104 106 102
f 105 99 107
f 105 107 106
f 106 107 108
f 106 108 102
f 107 99 109
f 107 109 108
f 108 109 110
f 108 110 102
f 109 99 111
f 109 111 110
f 110 111 112
f 110 112 102
f 111 99 113
f 111 113 112
f 112 113 114
f 112 114 102
f 113 99 115
f 113 115 114
f 114 115 116
f 114 116 102
f 115 99 117
f 115 117 116
f 116 117 118
f 116 118 102
f 117 99 119
f 117 119 118
f 118 119 120
f 118 120 102
f 119 99 121
f 119 121 120
f 120 121 122
f 120 122 102
f 121 99 123
f 121 123 122
f 122 123 124
f 122 124 102
f 123 99 125
f 123 125 124
f 124 125 126
f 124 126 102
f 125 99 127
f 125 127 126
f 126 127 128
f 126 128 102
f 127 99 129
f 127 129 128
f 128 129 130
f 128 130 102
f 129 99 131
f 129 131 130
f 130 131 132
f 130 132 102
f 131 99 100
f 131 100 132
f 132 100 101
f 132 101 102
f 134 133 137
f 134 137 135
f 135 137 138
f 135 138 136
f 137 133 139
f 137 139 138
f 138 139 140
f 138 140 136
f 139 133 141
f 139 141 140
f 140 141 142
f 140 142 136
f 141 133 143
f 141 143 142
f 142 143 144
f 142 144 136
f 143 133 145
f 143 145 144
f 144 145 146
f 144 146 136
f 145 133 147
f 145 147 146
f 146 147 148
f 146 148 136
f 147 133 149
f 147 149 148
f 148 149 150
f 148 150 136
f 149 133 151
f 149 151 150
f 150 151 152
f 150 152 136
f 151 133 153
f 151 153 152
f 152 153 154
f 152 154 136
f 153 133 155
f 153 155 154
f 154 155 156
f 154 156 136
f 155 133 157
f 155 157 156
f 156 157 158
f 156 158 136
f 157 133 159
f 157 159 158
f 158 159 160
f 158 160 136
f 159 133 161
f 159 161 160
f 160 161 162
f 160 162 136
f 161 133 163
f 161 163 162
f 162 163 164
f 162 164 136
f 163 133 165
f 163 165 164
f 164 165 166
f 164 166 136
f 165 133 134
f 165 134 166
f 166 134 135
f 166 135 136
f 168 167 171
f 168 171 169
f 169 171 172
f 169 172 170
f 171 167 173
f 171 173 172
f 172 173 174
f 172 174 170
f 173 167 175
f 173 175 174
f 174 175 176
f 174 176 170
f 175 167 177
f 175 177 176
f 176 177 178
f 176 178 170
f 177 167 179
f 177 179 178
f 178 179 180
f 178 180 170
f 179 167 181
f 179 181 180
f 180 181 182
f 180 182 170
f 181 167 183
f 181 183 182
f 182 183 184
f 182 184 170
f 183 167 185
f 183 185 184
f 184 185 186
f 184 186 170
f 185 167 187
f 185 187 186
f 186 187 188
f 186 188 170
f 187 167 189
f 187 189 188
f 188 189 190
f 188 190 170
f 189 167 191
f 189 191 190
f 190 191 192
f 190 192 170
f 191 167 193
f 191 193 192
f 192 193 194
f 192 194 170
f 193 167 195
f 193 195 194
f 194 195 196
f 194 196 170
f 195 167 197
f 195 197 196
f 196 197 198
f 196 198 170
f 197 167 199
f 197 199 198
f 198 199 200
f 198 200 170
f 199 167 168
f 199 168 200
f 200 168 169
f 200 169 170
f 202 201 205
f 202 205 203
f 203 205 206
f 203 206 204
f 205 201 207
f 205 207 206
f 206 207 208
f 206 208 204
f 207 201 209
f 207 209 208
f 208 209 210
f 208 210 204
f 209 201 211
f 209 211 210
f 210 211 212
f 210 212 204
f 211 201 213
f 211 213 212
f 212 213 214
f 212 214 204
f 213 201 215
f 213 215 214
f 214 215 216
f 214 216 204
f 215 201 217
f 215 217 216
f 216 217 218
f 216 218 204
f 217 201 219
f 217 219 218
f 218 219 220
f 218 220 204
f 219 201 221
f 219 221 220
f 220 221 222
f 220 222 204
f 221 201 223
f 221 223 222
f 222 223 224
f 222 224 204
f 223 201 225
f 223 225 224
f 224 225 226
f 224 226 204
f 225 201 227
f 225 227 226
f 226 227 228
f 226 228 204
f 227 201 229
f 227 229 228
f 228 229 230
f 228 230 204
f 229 201 231
f 229 231 230
f 230 231 232
f 230 232 204
f 231 201 233
f 231 233 232
f 232 233 234
f 232 234 204
f 233 201 202
f 233 202 234
f 234 202 203
f 234 203 204
f 236 235 239
f 236 239 237
f 237 239 240
f 237 240 238
f 239 235 241
f 239 241 240
f 240 241 242
f 240 242 238
f 241 235 243
f 241 243 242
f 242 243 244
f 242 244 238
f 243 235 245
f 243 245 244
f 244 245 246
f 244 246 238
f 245 235 247
f 245 247 246
f 246 247 248
f 246 248 238
f 247 235 249
f 247 249 248
f 248 249 250
f 248 250 238
f 249 235 251
f 249 251 250
f 250 251 252
f 250 252 238
f 251 235 253
f 251 253 252
f 252 253 254
f 252 254 238
f 253 235 255
f 253 255 254
f 254 255 256
f 254 256 238
f 255 235 257
f 255 257 256
f 256 257 258
f 256 258 238
f 257 235 259
f 257 259 258
f 258 259 260
f 258 260 238
f 259 235 261
f 259 261 260
f 260 261 262
f 260 262 238
f 261 235 263
f 261 263 262
f 262 263 264
f 262 264 238
f 263 235 265
f 263 265 264
f 264 265 266
f 264 266 238
f 265 235 267
f 265 267 266
f 266 267 268
f 266 268 238
f 267 235 236
f 267 236 268
f 268 236 237
f 268 237 238
f 270 269 273
f 270 273 271
f 271 273 274
f 271 274 272
f 273 269 275
f 273 275 274
f 274 275 276
f 274 276 272
f 275 269 277
f 275 277 276
f 276 277 278
f 276 278 272
f 277 269 279
f 277 279 278
f 278 279 280
f 278 280 272
f 279 269 281
f 279 281 280
f 280 281 282
f 280 282 272
f 281 269 283
f 281 283 282
f 282 283 284
f 282 284 272
f 283 269 285
f 283 285 284
f 284 285 286
f 284 286 272
f 285 269 287
f 285 287 286
f 286 287 288
f 286 288 272
f 287 269 289
f 287 289 288
f 288 289 290
f 288 290 272
f 289 269 291
f 289 291 290
f 290 291 292
f 290 292 272
f 291 269 293
f 291 293 292
f 292 293 294
f 292 294 272
f 293 269 295
f 293 295 294
f 294 295 296
f 294 296 272
f 295 269 297
f 295 297 296
f 296 297 298
f 296 298 272
f 297 269 299
f 297 299 298
f 298 299 300
f 298 300 272
f 299 269 301
f 299 301 300
f 300 301 302
f 300 302 272
f 301 269 270
f 301 270 302
f 302 270 271
f 302 271 272
f 304 303 307
f 304 307 305
f 305 307 308
f 305 308 306
f 307 303 309
f 307 309 308
f 308 309 310
f 308 310 306
f 309 303 311
f 309 311 310
f 310 311 312
f 310 312 306
f 311 303 313
f 311 313 312
f 312 313 314
f 312 314 306
f 313 303 315
f 313 315 314
f 314 315 316
f 314 316 306
f 315 303 317
f 315 317 316
f 316 317 318
f 316 318 306
f 317 303 319
f 317 319 318
f 318 319 320
f 318 320 306
f 319 303 321
f 319 321 320
f 320 321 322
f 320 322 306
f 321 303 323
f 321 323 322
f 322 323 324
f 322 324 306
f 323 303 325
f 323 325 324
f 324 325 326
f 324 326 306
f 325 303 327
f 325 327 326
f 326 327 328
f 326 328 306
f 327 303 304
f 327 304 328
f 328 304 305
f 328 305 306
f 330 329 333
f 330 333 331
f 331 333 334
f 331 334 332
f 333 329 335
f 333 335 334
f 334 335 336
f 334 336 332
f 335 329 337
f 335 337 336
f 336 337 338
f 336 338 332
f 337 329 339
f 337 339 338
f 338 339 340
f 338 340 332
f 339 329 341
f 339 341 340
f 340 341 342
f 340 342 332
f 341 329 343
f 341 343 342
f 342 343 344
f 342 344 332
f 343 329 345
f 343 345 344
f 344 345 346
f 344 346 332
f 345 329 347
f 345 347 346
f 346 347 348
f 346 348 332
f 347 329 349
f 347 349 348
f 348 349 350
f 348 350 332
f 349 329 351
f 349 351 350
f 350 351 352
f 350 352 332
f 351 329 353
f 351 353 352
f 352 353 354
f 352 354 332
f 353 329 330
f 353 330 354
f 354 330 331
f 354 331 332
f 356 355 359
f 356 359 357
f 357 359 360
f 357 360 358
f 359 355 361
f 359 361 360
f 360 361 362
f 360 362 358
f 361 355 363
f 361 363 362
f 362 363 364
f 362 364 358
f 363 355 365
f 363 365 364
f 364 365 366
f 364 366 358
f 365 355 367
f 365 367 366
f 366 367 368
f 366 368 358
f 367 355 369
f 367 369 368
f 368 369 370
f 368 370 358
f 369 355 371
f 369 371 370
f 370 371 372
f 370 372 358
f 371 355 373
f 371 373 372
f 372 373 374
f 372 374 358
f 373 355 375
f 373 375 374
f 374 375 376
f 374 376 358
f 375 355 377
f 375 377 376
f 376 377 378
f 376 378 358
f 377 355 379
f 377 379 378
f 378 379 380
f 378 380 358
f 379 355 356
f 379 356 380
f 380 356 357
f 380 357 358
f 382 381 385
f 382 385 383
f 383 385 386
f 383 386 384
f 385 381 387
f 385 387 386
f 386 387 388
f 386 388 384
f 387 381 389
f 387 389 388
f 388 389 390
f 388 390 384
f 389 381 391
f 389 391 390
f 390 391 392
f 390 392 384
f 391 381 393
f 391 393 392
f 392 393 394
f 392 394 384
f 393 381 395
f 393 395 394
f 394 395 396
f 394 396 384
f 395 381 397
f 395 397 396
f 396 397 398
f 396 398 384
f 397 381 399
f 397 399 398
f 398 399 400
f 398 400 384
f 399 381 401
f 399 401 400
f 400 401 402
f 400 402 384
f 401 381 403
f 401 403 402
f 402 403 404
f 402 404 384
f 403 381 405
f 403 405 404
f 404 405 406
f 404 406 384
f 405 381 382
f 405 382 406
f 406 382 383
f 406 383 384
f 408 407 411
f 408 411 409
f 409 411 412
f 409 412 410
f 411 407 413
f 411 413 412
f 412 413 414
f 412 414 410
f 413 407 415
f 413 415 414
f 414 415 416
f 414 416 410
f 415 407 417
f 415 417 416
f 416 417 418
f 416 418 410
f 417 407 419
f 417 419 418
f 418 419 420
f 418 420 410
f 419 407 421
f 419 421 420
f 420 421 422
f 420 422 410
f 421 407 423
f 421 423 422
f 422 423 424
f 422 424 410
f 423 407 425
f 423 425 424
f 424 425 426
f 424 426 410
f 425 407 427
f 425 427 426
f 426 427 428
f 426 428 410
f 427 407 429
f 427 429 428
f 428 429 430
f 428 430 410
f 429 407 431
f 429 431 430
f 430 431 432
f 430 432 410
f 431 407 408
f 431 408 432
f 432 408 409
f 432 409 410
f 434 433 437
f 434 437 435
f 435 437 438
f 435 438 436
f 437 433 439
f 437 439 438
f 438 439 440
f 438 440 436
f 439 433 441
f 439 441 440
f 440 441 442
f 440 442 436
f 441 433 443
f 441 443 442
f 442 443 444
f 442 444 436
f 443 433 445
f 443 445 444
f 444 445 446
f 444 446 436
f 445 433 447
f 445 447 446
f 446 447 448
f 446 448 436
f 447 433 449
f 447 449 448
f 448 449 450
f 448 450 436
f 449 433 451
f 449 451 450
f 450 451 452
f 450 452 436
f 451 433 453
f 451 453 452
f 452 453 454
f 452 454 436
f 453 433 455
f 453 455 454
f 454 455 456
f 454 456 436
f 455 433 457
f 455 457 456
f 456 457 458
f 456 458 436
f 457 433 434
f 457 434 458
f 458 434 435
f 458 435 436
f 460 459 463
f 460 463 461
f 461 463 464
f 461 464 462
f 463 459 465
f 463 465 464
f 464 465 466
f 464 466 462
f 465 459 467
f 465 467 466
f 466 467 468
f 466 468 462
f 467 459 469
f 467 469 468
f 468 469 470
f 468 470 462
f 469 459 471
f 469 471 470
f 470 471 472
f 470 472 462
f 471 459 473
f 471 473 472
f 472 473 474
f 472 474 462
f 473 459 475
f 473 475 474
f 474 475 476
f 474 476 462
f 475 459 477
f 475 477 476
f 476 477 478
f 476 478 462
f 477 459 479
f 477 479 478
f 478 479 480
f 478 480 462
f 479 459 481
f 479 481 480
f 480 481 482
f 480 482 462
f 481 459 483
f 481 483 482
f 482 483 484
f 482 484 462
f 483 459 460
f 483 460 484
f 484 460 461
f 484 461 462
f 486 485 489
f 486 489 487
f 487 489 490
f 487 490 488
f 489 485 491
f 489 491 490
f 490 491 492
f 490 492 488
f 491 485 493
f 491 493 492
f 492 493 494
f 492 494 488
f 493 485 495
f 493 495 494
f 494 495 496
f 494 496 488
f 495 485 497
f 495 497 496
f 496 497 498
f 496 498 488
f 497 485 499
f 497 499 498
f 498 499 500
f 498 500 488
f 499 485 501
f 499 501 500
f 500 501 502
f 500 502 488
f 501 485 503
f 501 503 502
f 502 503 504
f 502 504 488
f 503 485 505
f 503 505 504
f 504 505 506
f 504 506 488
f 505 485 507
f 505 507 506
f 506 507 508
f 506 508 488
f 507 485 509
f 507 509 508
f 508 509 510
f 508 510 488
f 509 485 486
f 509 486 510
f 510 486 487
f 510 487 488
f 512 511 515
f 512 515 513
f 513 515 516
f 513 516 514
f 515 511 517
f 515 517 516
f 516 517 518
f 516 518 514
f 517 511 519
f 517 519 518
f 518 519 520
f 518 520 514
f 519 511 521
f 519 521 520
f 520 521 522
f 520 522 514
f 521 511 523
f 521 523 522
f 522 523 524
f 522 524 514
f 523 511 525
f 523 525 524
f 524 525 526
f 524 526 514
f 525 511 527
f 525 527 526
f 526 527 528
f 526 528 514
f 527 511 529
f 527 529 528
f 528 529 530
f 528 530 514
f 529 511 531
f 529 531 530
f 530 531 532
f 530 532 514
f 531 511 533
f 531 533 532
f 532 533 534
f 532 534 514
f 533 511 535
f 533 535 534
f 534 535 536
f 534 536 514
f 535 511 512
f 535 512 536
f 536 512 513
f 536 513 514
f 538 537 541
f 538 541 539
f 539 541 542
f 539 542 540
f 541 537 543
f 541 543 542
f 542 543 544
f 542 544 540
f 543 537 545
f 543 545 544
f 544 545 546
f 544 546 540
f 545 537 547
f 545 547 546
f 546 547 548
f 546 548 540
f 547 537 549
f 547 549 548
f 548 549 550
f 548 550 540
f 549 537 551
f 549 551 550
f 550 551 552
f 550 552 540
f 551 537 553
f 551 553 552
f 552 553 554
f 552 554 540
f 553 537 555
f 553 555 554
f 554 555 556
f 554 556 540
f 555 537 557
f 555 557 556
f 556 557 558
f 556 558 540
f 557 537 559
f 557 559 558
f 558 559 560
f 558 560 540
f 559 537 561
f 559 561 560
f 560 561 562
f 560 562 540
f 561 537 538
f 561 538 562
f 562 538 539
f 562 539 540
f 564 563 567
f 564 567 565
f 565 567 568
f 565 568 566
f 567 563 569
f 567 569 568
f 568 569 570
f 568 570 566
f 569 563 571
f 569 571 570
f 570 571 572
f 570 572 566
f 571 563 573
f 571 573 572
f 572 573 574
f 572 574 566
f 573 563 575
f 573 575 574
f 574 575 576
f 574 576 566
f 575 563 577
f 575 577 576
f 576 577 578
f 576 578 566
f 577 563 579
f 577 579 578
f 578 579 580
f 578 580 566
f 579 563 581
f 579 581 580
f 580 581 582
f 580 582 566
f 581 563 583
f 581 583 582
f 582 583 584
f 582 584 566
f 583 563 585
f 583 585 584
f 584 585 586
f 584 586 566
f 585 563 587
f 585 587 586
f 586 587 588
f 586 588 566
f 587 563 564
f 587 564 588
f 588 564 565
f 588 565 566
f 590 589 593
f 590 593 591
f 591 593 594
f 591 594 592
f 593 589 595
f 593 595 594
f 594 595 596
f 594 596 592
f 595 589 597
f 595 597 596
f 596 597 598
f 596 598 592
f 597 589 599
f 597 599 598
f 598 599 600
f 598 600 592
f 599 589 601
f 599 601 600
f 600 601 602
f 600 602 592
f 601 589 603
f 601 603 602
f 602 603 604
f 602 604 592
f 603 589 605
f 603 605 604
f 604 605 606
f 604 606 592
f 605 589 607
f 605 607 606
f 606 607 608
f 606 608 592
f 607 589 609
f 607 609 608
f 608 609 610
f 608 610 592
f 609 589 611
f 609 611 610
f 610 611 612
f 610 612 592
f 611 589 613
f 611 613 612
f 612 613 614
f 612 614 592
f 613 589 590
f 613 590 614
f 614 590 591
f 614 591 592
f 616 615 619
f 616 619 617
f 617 619 620
f 617 620 618
f 619 615 621
f 619 621 620
f 620 621 622
f 620 622 618
f 621 615 623
f 621 623 622
f 622 623 624
f 622 624 618
f 623 615 625
f 623 625 624
f 624 625 626
f 624 626 618
f 625 615 627
f 625 627 626
f 626 627 628
f 626 628 618
f 627 615 629
f 627 629 628
f 628 629 630
f 628 630 618
f 629 615 631
f 629 631 630
f 630 631 632
f 630 632 618
f 631 615 633
f 631 633 632
f 632 633 634
f 632 634 618
f 633 615 635
f 633 635 634
f 634 635 636
f 634 636 618
f 635 615 637
f 635 637 636
f 636 637 638
f 636 638 618
f 637 615 639
f 637 639 638
f 638 639 640
f 638 640 618
f 639 615 616
f 639 616 640
f 640 616 617
f 640 617 618
f 642 641 645
f 642 645 643
f 643 645 646
f 643 646 644
f 645 641 647
f 645 647 646
f 646 647 648
f 646 648 644
f 647 641 649
f 647 649 648
f 648 649 650
f 648 650 644
f 649 641 651
f 649 651 650
f 650 651 652
f 650 652 644
f 651 641 653
f 651 653 652
f 652 653 654
f 652 654 644
f 653 641 655
f 653 655 654
f 654 655 656
f 654 656 644
f 655 641 657
f 655 657 656
f 656 657 658
f 656 658 644
f 657 641 659
f 657 659 658
f 658 659 660
f 658 660 644
f 659 641 661
f 659 661 660
f 660 661 662
f 660 662 644
f 661 641 663
f 661 663 662
f 662 663 664
f 662 664 644
f 663 641 665
f 663 665 664
f 664 665 666
f 664 666 644
f 665 641 642
f 665 642 666
f 666 642 643
f 666 643 644
f 668 667 671
f 668 671 669
f 669 671 672
f 669 672 670
f 671 667 673
f 671 673 672
f 672 673 674
f 672 674 670
f 673 667 675
f 673 675 674
f 674 675 676
f 674 676 670
f 675 667 677
f 675 677 676
f 676 677 678
f 676 678 670
f 677 667 679
f 677 679 678
f 678 679 680
f 678 680 670
f 679 667 681
f 679 681 680
f 680 681 682
f 680 682 670
f 681 667 683
f 681 683 682
f 682 683 684
f 682 684 670
f 683 667 685
f 683 685 684
f 684 685 686
f 684 686 670
f 685 667 687
f 685 687 686
f 686 687 688
f 686 688 670
f 687 667 689
f 687 689 688
f 688 689 690
f 688 690 670
f 689 667 691
f 689 691 690
f 690 691 692
f 690 692 670
f 691 667 668
f 691 668 692
f 692 668 669
f 692 669 670
f 694 693 697
f 694 697 695
f 695 697 698
f 695 698 696
f 697 693 699
f 697 699 698
f 698 699 700
f 698 700 696
f 699 693 701
f 699 701 700
f 700 701 702
f 700 702 696
f 701 693 703
f 701 703 702
f 702 703 704
f 702 704 696
f 703 693 705
f 703 705 704
f 704 705 706
f 704 706 696
f 705 693 707
f 705 707 706
f 706 707 708
f 706 708 696
f 707 693 709
f 707 709 708
f 708 709 710
f 708 710 696
f 709 693 711
f 709 711 710
f 710 711 712
f 710 712 696
f 711 693 713
f 711 713 712
f 712 713 714
f 712 714 696
f 713 693 715
f 713 715 714
f 714 715 716
f 714 716 696
f 715 693 717
f 715 717 716
f 716 717 718
f 716 718 696
f 717 693 694
f 717 694 718
f 718 694 695
f 718 695 696
f 720 719 723
f 720 723 721
f 721 723 724
f 721 724 722
f 723 719 725
f 723 725 724
f 724 725 726
f 724 726 722
f 725 719 727
f 725 727 726
f 726 727 728
f 726 728 722
f 727 719 729
f 727 729 728
f 728 729 730
f 728 730 722
f 729 719 731
f 729 731 730
f 730 731 732
f 730 732 722
f 731 719 733
f 731 733 732
f 732 733 734
f 732 734 722
f 733 719 735
f 733 735 734
f 734 735 736
f 734 736 722
f 735 719 737
f 735 737 736
f 736 737 738
f 736 738 722
f 737 719 739
f 737 739 738
f 738 739 740
f 738 740 722
f 739 719 741
f 739 741 740
f 740 741 742
f 740 742 722
f 741 719 743
f 741 743 742
f 742 743 744
f 742 744 722
f 743 719 720
f 743 720 744
f 744 720 721
f 744 721 722
f 746 745 749
f 746 749 747
f 747 749 750
f 747 750 748
f 749 745 751
f 749 751 750
f 750 751 752
f 750 752 748
f 751 745 753
f 751 753 752
f 752 753 754
f 752 754 748
f 753 745 755
f 753 755 754
f 754 755 756
f 754 756 748
f 755 745 757
f 755 757 756
f 756 757 758
f 756 758 748
f 757 745 759
f 757 759 758
f 758 759 760
f 758 760 748
f 759 745 761
f 759 761 760
f 760 761 762
f 760 762 748
f 761 745 763
f 761 763 762
f 762 763 764
f 762 764 748
f 763 745 765
f 763 765 764
f 764 765 766
f 764 766 748
f 765 745 767
f 765 767 766
f 766 767 768
f 766 768 748
f 767 745 769
f 767 769 768
f 768 769 770
f 768 770 748
f 769 745 746
f 769 746 770
f 770 746 747
f 770 747 748
f 772 771 775
f 772 775 773
f 773 775 776
f 773 776 774
f 775 771 777
f 775 777 776
f 776 777 778
f 776 778 774
f 777 771 779
f 777 779 778
f 778 779 780
f 778 780 774
f 779 771 781
f 779 781 780
f 780 781 782
f 780 782 774
f 781 771 783
f 781 783 782
f 782 783 784
f 782 784 774
f 783 771 785
f 783 785 784
f 784 785 786
f 784 786 774
f 785 771 787
f 785 787 786
f 786 787 788
f 786 788 774
f 787 771 789
f 787 789 788
f 788 789 790
f 788 790 774
f 789 771 791
f 789 791 790
f 790 791 792
f 790 792 774
f 791 771 793
f 791 793 792
f 792 793 794
f 792 794 774
f 793 771 795
f 793 795 794
f 794 795 796
f 794 796 774
f 795 771 772
f 795 772 796
f 796 772 773
f 796 773 774
f 798 797 801
f 798 801 799
f 799 801 802
f 799 802 800
f 801 797 803
f 801 803 802
f 802 803 804
f 802 804 800
f 803 797 805
f 803 805 804
f 804 805 806
f 804 806 800
f 805 797 807
f 805 807 806
f 806 807 808
f 806 808 800
f 807 797 809
f 807 809 808
f 808 809 810
f 808 810 800
f 809 797 811
f 809 811 810
f 810 811 812
f 810 812 800
f 811 797 813
f 811 813 812
f 812 813 814
f 812 814 800
f 813 797 815
f 813 815 814
f 814 815 816
f 814 816 800
f 815 797 817
f 815 817 816
f 816 817 818
f 816 818 800
f 817 797 819
f 817 819 818
f 818 819 820
f 818 820 800
f 819 797 821
f 819 821 820
f 820 821 822
f 820 822 800
f 821 797 798
f 821 798 822
f 822 798 799
f 822 799 800
f 824 823 827
f 824 827 825
f 825 827 828
f 825 828 826
f 827 823 829
f 827 829 828
f 828 829 830
f 828 830 826
f 829 823 831
f 829 831 830
f 830 831 832
f 830 832 826
f 831 823 833
f 831 833 832
f 832 833 834
f 832 834 826
f 833 823 835
f 833 835 834
f 834 835 836
f 834 836 826
f 835 823 837
f 835 837 836
f 836 837 838
f 836 838 826
f 837 823 839
f 837 839 838
f 838 839 840
f 838 840 826
f 839 823 841
f 839 841 840
f 840 841 842
f 840 842 826
f 841 823 843
f 841 843 842
f 842 843 844
f 842 844 826
f 843 823 845
f 843 845 844
f 844 845 846
f 844 846 826
f 845 823 847
f 845 847 846
f 846 847 848
f 846 848 826
f 847 823 824
f 847 824 848
f 848 824 825
f 848 825 826
f 850 849 853
f 850 853 851
f 851 853 854
f 851 854 852
f 853 849 855
f 853 855 854
f 854 855 856
f 854 856 852
f 855 849 857
f 855 857 856
f 856 857 858
f 856 858 852
f 857 849 859
f 857 859 858
f 858 859 860
f 858 860 852
f 859 849 861
f 859 861 860
f 860 861 862
f 860 862 852
f 861 849 863
f 861 863 862
f 862 863 864
f 862 864 852
f 863 849 865
f 863 865 864
f 864 865 866
f 864 866 852
f 865 849 867
f 865 867 866
f 866 867 868
f 866 868 852
f 867 849 869
f 867 869 868
f 868 869 870
f 868 870 852
f 869 849 871
f 869 871 870
f 870 871 872
f 870 872 852
f 871 849 873
f 871 873 872
f 872 873 874
f 872 874 852
f 873 849 850
f 873 850 874
f 874 850 851
f 874 851 852
f 876 875 879
f 876 879 877
f 877 879 880
f 877 880 878
f 879 875 881
f 879 881 880
f 880 881 882
f 880 882 878
f 881 875 883
f 881 883 882
f 882 883 884
f 882 884 878
f 883 875 885
f 883 885 884
f 884 885 886
f 884 886 878
f 885 875 887
f 885 887 886
f 886 887 888
f 886 888 878
f 887 875 889
f 887 889 888
f 888 889 890
f 888 890 878
f 889 875 891
f 889 891 890
f 890 891 892
f 890 892 878
f 891 875 893
f 891 893 892
f 892 893 894
f 892 894 878
f 893 875 895
f 893 895 894
f 894 895 896
f 894 896 878
f 895 875 897
f 895 897 896
f 896 897 898
f 896 898 878
f 897 875 899
f 897 899 898
f 898 899 900
f 898 900 878
f 899 875 876
f 899 876 900
f 900 876 877
f 900 877 878
f 902 901 905
f 902 905 903
f 903 905 906
f 903 906 904
f 905 901 907
f 905 907 906
f 906 907 908
f 906 908 904
f 907 901 909
f 907 909 908
f 908 909 910
f 908 910 904
f 909 901 911
f 909 911 910
f 910 911 912
f 910 912 904
f 911 901 913
f 911 913 912
f 912 913 914
f 912 914 904
f 913 901 915
f 913 915 914
f 914 915 916
f 914 916 904
f 915 901 917
f 915 917 916
f 916 917 918
f 916 918 904
f 917 901 919
f 917 919 918
f 918 919 920
f 918 920 904
f 919 901 921
f 919 921 920
f 920 921 922
f 920 922 904
f 921 901 923
f 921 923 922
f 922 923 924
f 922 924 904
f 923 901 925
f 923 925 924
f 924 925 926
f 924 926 904
f 925 901 902
f 925 902 926
f 926 902 903
f 926 903 904
f 928 927 931
f 928 931 929
f 929 931 932
f 929 932 930
f 931 927 933
f 931 933 932
f 932 933 934
f 932 934 930
f 933 927 935
f 933 935 934
f 934 935 936
f 934 936 930
f 935 927 937
f 935 937 936
f 936 937 938
f 936 938 930
f 937 927 939
f 937 939 938
f 938 939 940
f 938 940 930
f 939 927 941
f 939 941 940
f 940 941 942
f 940 942 930
f 941 927 943
f 941 943 942
f 942 943 944
f 942 944 930
f 943 927 945
f 943 945 944
f 944 945 946
f 944 946 930
f 945 927 947
f 945 947 946
f 946 947 948
f 946 948 930
f 947 927 949
f 947 949 948
f 948 949 950
f 948 950 930
f 949 927 951
f 949 951 950
f 950 951 952
f 950 952 930
f 951 927 928
f 951 928 952
f 952 928 929
f 952 929 930
f 954 953 957
f 954 957 955
f 955 957 958
f 955 958 956
f 957 953 959
f 957 959 958
f 958 959 960
f 958 960 956
f 959 953 961
f 959 961 960
f 960 961 962
f 960 962 956
f 961 953 963
f 961 963 962
f 962 963 964
f 962 964 956
f 963 953 965
f 963 965 964
f 964 965 966
f 964 966 956
f 965 953 967
f 965 967 966
f 966 967 968
f 966 968 956
f 967 953 969
f 967 969 968
f 968 969 970
f 968 970 956
f 969 953 971
f 969 971 970
f 970 971 972
f 970 972 956
f 971 953 973
f 971 973 972
f 972 973 974
f 972 974 956
f 973 953 975
f 973 975 974
f 974 975 976
f 974 976 956
f 975 953 977
f 975 977 976
f 976 977 978
f 976 978 956
f 977 953 954
f 977 954 978
f 978 954 955
f 978 955 956
f 980 979 983
f 980 983 981
f 981 983 984
f 981 984 982
f 983 979 985
f 983 985 984
f 984 985 986
f 984 986 982
f 985 979 987
f 985 987 986
f 986 987 988
f 986 988 982
f 987 979 989
f 987 989 988
f 988 989 990
f 988 990 982
f 989 979 991
f 989 991 990
f 990 991 992
f 990 992 982
f 991 979 993
f 991 993 992
f 992 993 994
f 992 994 982
f 993 979 995
f 993 995 994
f 994 995 996
f 994 996 982
f 995 979 997
f 995 997 996
f 996 997 998
f 996 998 982
f 997 979 999
f 997 999 998
f 998 999 1000
f 998 1000 982
f 999 979 1001
f 999 1001 1000
f 1000 1001 1002
f 1000 1002 982
f 1001 979 1003
f 1001 1003 1002
f 1002 1003 1004
f 1002 1004 982
f 1003 979 980
f 1003 980 1004
f 1004 980 981
f 1004 981 982
f 1006 1005 1009
f 1006 1009 1007
f 1007 1009 1010
f 1007 1010 1008
f 1009 1005 1011
f 1009 1011 1010
f 1010 1011 1012
f 1010 1012 1008
f 1011 1005 1013
f 1011 1013 1012
f 1012 1013 1014
f 1012 1014 1008
f 1013 1005 1015
f 1013 1015 1014
f 1014 1015 1016
f 1014 1016 1008
f 1015 1005 1017
f 1015 1017 1016
f 1016 1017 1018
f 1016 1018 1008
f 1017 1005 1019
f 1017 1019 1018
f 1018 1019 1020
f 1018 1020 1008
f 1019 1005 1021
f 1019 1021 1020
f 1020 1021 1022
f 1020 1022 1008
f 1021 1005 1023
f 1021 1023 1022
f 1022 1023 1024
f 1022 1024 1008
f 1023 1005 1025
f 1023 1025 1024
f 1024 1025 1026
f 1024 1026 1008
f 1025 1005 1027
f 1025 1027 1026
f 1026 1027 1028
f 1026 1028 1008
f 1027 1005 1029
f 1027 1029 1028
f 1028 1029 1030
f 1028 1030 1008
f 1029 1005 1006
f 1029 1006 1030
f 1030 1006 1007
f 1030 1007 1008
f 1032 1031 1035
f 1032 1035 1033
f 1033 1035 1036
f 1033 1036 1034
f 1035 1031 1037
f 1035 1037 1036
f 1036 1037 1038
f 1036 1038 1034
f 1037 1031 1039
f 1037 1039 1038
f 1038 1039 1040
f 1038 1040 1034
f 1039 1031 1041
f 1039 1041 1040
f 1040 1041 1042
f 1040 1042 1034
f 1041 1031 1043
f 1041 1043 1042
f 1042 1043 1044
f 1042 1044 1034
f 1043 1031 1045
f 1043 1045 1044
f 1044 1045 1046
f 1044 1046 1034
f 1045 1031 1047
f 1045 1047 1046
f 1046 1047 1048
f 1046 1048 1034
f 1047 1031 1049
f 1047 1049 1048
f 1048 1049 1050
f 1048 1050 1034
f 1049 1031 1051
f 1049 1051 1050
f 1050 1051 1052
f 1050 1052 1034
f 1051 1031 1053
f 1051 1053 1052
f 1052 1053 1054
f 1052 1054 1034
f 1053 1031 1055
f 1053 1055 1054
f 1054 1055 1056
f 1054 1056 1034
f 1055 1031 1032
f 1055 1032 1056
f 1056 1032 1033
f 1056 1033 1034
f 1058 1057 1061
f 1058 1061 1059
f 1059 1061 1062
f 1059 1062 1060
f 1061 1057 1063
f 1061 1063 1062
f 1062 1063 1064
f 1062 1064 1060
f 1063 1057 1065
f 1063 1065 1064
f 1064 1065 1066
f 1064 1066 1060
f 1065 1057 1067
f 1065 1067 1066
f 1066 1067 1068
f 1066 1068 1060
f 1067 1057 1069
f 1067 1069 1068
f 1068 1069 1070
f 1068 1070 1060
f 1069 1057 1071
f 1069 1071 1070
f 1070 1071 1072
f 1070 1072 1060
f 1071 1057 1073
f 1071 1073 1072
f 1072 1073 1074
f 1072 1074 1060
f 1073 1057 1075
f 1073 1075 1074
f 1074 1075 1076
f 1074 1076 1060
f 1075 1057 1077
f 1075 1077 1076
f 1076 1077 1078
f 1076 1078 1060
f 1077 1057 1079
f 1077 1079 1078
f 1078 1079 1080
f 1078 1080 1060
f 1079 1057 1081
f 1079 1081 1080
f 1080 1081 1082
f 1080 1082 1060
f 1081 1057 1058
f 1081 1058 1082
f 1082 1058 1059
f 1082 1059 1060
f 1084 1083 1087
f 1084 1087 1085
f 1085 1087 1088
f 1085 1088 1086
f 1087 1083 1089
f 1087 1089 1088
f 1088 1089 1090
f 1088 1090 1086
f 1089 1083 1091
f 1089 1091 1090
f 1090 1091 1092
f 1090 1092 1086
f 1091 1083 1093
f 1091 1093 1092
f 1092 1093 1094
f 1092 1094 1086
f 1093 1083 1095
f 1093 1095 1094
f 1094 1095 1096
f 1094 1096 1086
f 1095 1083 1097
f 1095 1097 1096
f 1096 1097 1098
f 1096 1098 1086
f 1097 1083 1099
f 1097 1099 1098
f 1098 1099 1100
f 1098 1100 1086
f 1099 1083 1101
f 1099 1101 1100
f 1100 1101 1102
f 1100 1102 1086
f 1101 1083 1103
f 1101 1103 1102
f 1102 1103 1104
f 1102 1104 1086
f 1103 1083 1105
f 1103 1105 1104
f 1104 1105 1106
f 1104 1106 1086
f 1105 1083 1107
f 1105 1107 1106
f 1106 1107 1108
f 1106 1108 1086
f 1107 1083 1084
f 1107 1084 1108
f 1108 1084 1085
f 1108 1085 1086
f 1110 1109 1113
f 1110 1113 1111
f 1111 1113 1114
f 1111 1114 1112
f 1113 1109 1115
f 1113 1115 1114
f 1114 1115 1116
f 1114 1116 1112
f 1115 1109 1117
f 1115 1117 1116
f 1116 1117 1118
f 1116 1118 1112
f 1117 1109 1119
f 1117 1119 1118
f 1118 1119 1120
f 1118 1120 1112
f 1119 1109 1121
f 1119 1121 1120
f 1120 1121 1122
f 1120 1122 1112
f 1121 1109 1123
f 1121 1123 1122
f 1122 1123 1124
f 1122 1124 1112
f 1123 1109 1125
f 1123 1125 1124
f 1124 1125 1126
f 1124 1126 1112
f 1125 1109 1127
f 1125 1127 1126
f 1126 1127 1128
f 1126 1128 1112
f 1127 1109 1129
f 1127 1129 1128
f 1128 1129 1130
f 1128 1130 1112
f 1129 1109 1131
f 1129 1131 1130
f 1130 1131 1132
f 1130 1132 1112
f 1131 1109 1133
f 1131 1133 1132
f 1132 1133 1134
f 1132 1134 1112
f 1133 1109 1110
f 1133 1110 1134
f 1134 1110 1111
f 1134 1111 1112
f 1136 1135 1139
f 1136 1139 1137
f 1137 1139 1140
f 1137 1140 1138
f 1139 1135 1141
f 1139 1141 1140
f 1140 1141 1142
f 1140 1142 1138
f 1141 1135 1143
f 1141 1143 1142
f 1142 1143 1144
f 1142 1144 1138
f 1143 1135 1145
f 1143 1145 1144
f 1144 1145 1146
f 1144 1146 1138
f 1145 1135 1147
f 1145 1147 1146
f 1146 1147 1148
f 1146 1148 1138
f 1147 1135 1149
f 1147 1149 1148
f 1148 1149 1150
f 1148 1150 1138
f 1149 1135 1151
f 1149 1151 1150
f 1150 1151 1152
f 1150 1152 1138
f 1151 1135 1153
f 1151 1153 1152
f 1152 1153 1154
f 1152 1154 1138
f 1153 1135 1155
f 1153 1155 1154
f 1154 1155 1156
f 1154 1156 1138
f 1155 1135 1157
f 1155 1157 1156
f 1156 1157 1158
f 1156 1158 1138
f 1157 1135 1159
f 1157 1159 1158
f 1158 1159 1160
f 1158 1160 1138
f 1159 1135 1136
f 1159 1136 1160
f 1160 1136 1137
f 1160 1137 1138
f 1162 1161 1165
f 1162 1165 1163
f 1163 1165 1166
f 1163 1166 1164
f 1165 1161 1167
f 1165 1167 1166
f 1166 1167 1168
f 1166 1168 1164
f 1167 1161 1169
f 1167 1169 1168
f 1168 1169 1170
f 1168 1170 1164
f 1169 1161 1171
f 1169 1171 1170
f 1170 1171 1172
f 1170 1172 1164
f 1171 1161 1173
f 1171 1173 1172
f 1172 1173 1174
f 1172 1174 1164
f 1173 1161 1175
f 1173 1175 1174
f 1174 1175 1176
f 1174 1176 1164
f 1175 1161 1177
f 1175 1177 1176
f 1176 1177 1178
f 1176 1178 1164
f 1177 1161 1179
f 1177 1179 1178
f 1178 1179 1180
f 1178 1180 1164
f 1179 1161 1181
f 1179 1181 1180
f 1180 1181 1182
f 1180 1182 1164
f 1181 1161 1183
f 1181 1183 1182
f 1182 1183 1184
f 1182 1184 1164
f 1183 1161 1185
f 1183 1185 1184
f 1184 1185 1186
f 1184 1186 1164
f 1185 1161 1162
f 1185 1162 1186
f 1186 1162 1163
f 1186 1163 1164
f 1188 1187 1191
f 1188 1191 1189
f 1189 1191 1192
f 1189 1192 1190
f 1191 1187 1193
f 1191 1193 1192
f 1192 1193 1194
f 1192 1194 1190
f 1193 1187 1195
f 1193 1195 1194
f 1194 1195 1196
f 1194 1196 1190
f 1195 1187 1197
f 1195 1197 1196
f 1196 1197 1198
f 1196 1198 1190
f 1197 1187 1199
f 1197 1199 1198
f 1198 1199 1200
f 1198 1200 1190
f 1199 1187 1201
f 1199 1201 1200
f 1200 1201 1202
f 1200 1202 1190
f 1201 1187 1203
f 1201 1203 1202
f 1202 1203 1204
f 1202 1204 1190
f 1203 1187 1205
f 1203 1205 1204
f 1204 1205 1206
f 1204 1206 1190
f 1205 1187 1207
f 1205 1207 1206
f 1206 1207 1208
f 1206 1208 1190
f 1207 1187 1209
f 1207 1209 1208
f 1208 1209 1210
f 1208 1210 1190
f 1209 1187 1211
f 1209 1211 1210
f 1210 1211 1212
f 1210 1212 1190
f 1211 1187 1188
f 1211 1188 1212
f 1212 1188 1189
f 1212 1189 1190
f 1214 1213 1217
f 1214 1217 1215
f 1215 1217 1218
f 1215 1218 1216
f 1217 1213 1219
f 1217 1219 1218
f 1218 1219 1220
f 1218 1220 1216
f 1219 1213 1221
f 1219 1221 1220
f 1220 1221 1222
f 1220 1222 1216
f 1221 1213 1223
f 1221 1223 1222
f 1222 1223 1224
f 1222 1224 1216
f 1223 1213 1225
f 1223 1225 1224
f 1224 1225 1226
f 1224 1226 1216
f 1225 1213 1227
f 1225 1227 1226
f 1226 1227 1228
f 1226 1228 1216
f 1227 1213 1229
f 1227 1229 1228
f 1228 1229 1230
f 1228 1230 1216
f 1229 1213 1231
f 1229 1231 1230
f 1230 1231 1232
f 1230 1232 1216
f 1231 1213 1233
f 1231 1233 1232
f 1232 1233 1234
f 1232 1234 1216
f 1233 1213 1235
f 1233 1235 1234
f 1234 1235 1236
f 1234 1236 1216
f 1235 1213 1237
f 1235 1237 1236
f 1236 1237 1238
f 1236 1238 1216
f 1237 1213 1214
f 1237 1214 1238
f 1238 1214 1215
f 1238 1215 1216
f 1240 1239 1243
f 1240 1243 1241
f 1241 1243 1244
f 1241 1244 1242
f 1243 1239 1245
f 1243 1245 1244
f 1244 1245 1246
f 1244 1246 1242
f 1245 1239 1247
f 1245 1247 1246
f 1246 1247 1248
f 1246 1248 1242
f 1247 1239 1249
f 1247 1249 1248
f 1248 1249 1250
f 1248 1250 1242
f 1249 1239 1251
f 1249 1251 1250
f 1250 1251 1252
f 1250 1252 1242
f 1251 1239 1253
f 1251 1253 1252
f 1252 1253 1254
f 1252 1254 1242
f 1253 1239 1255
f 1253 1255 1254
f 1254 1255 1256
f 1254 1256 1242
f 1255 1239 1257
f 1255 1257 1256
f 1256 1257 1258
f 1256 1258 1242
f 1257 1239 1259
f 1257 1259 1258
f 1258 1259 1260
f 1258 1260 1242
f 1259 1239 1261
f 1259 1261 1260
f 1260 1261 1262
f 1260 1262 1242
f 1261 1239 1263
f 1261 1263 1262
f 1262 1263 1264
f 1262 1264 1242
f 1263 1239 1240
f 1263 1240 1264
f 1264 1240 1241
f 1264 1241 1242
f 1266 1265 1269
f 1266 1269 1267
f 1267 1269 1270
f 1267 1270 1268
f 1269 1265 1271
f 1269 1271 1270
f 1270 1271 1272
f 1270 1272 1268
f 1271 1265 1273
f 1271 1273 1272
f 1272 1273 1274
f 1272 1274 1268
f 1273 1265 1275
f 1273 1275 1274
f 1274 1275 1276
f 1274 1276 1268
f 1275 1265 1277
f 1275 1277 1276
f 1276 1277 1278
f 1276 1278 1268
f 1277 1265 1279
f 1277 1279 1278
f 1278 1279 1280
f 1278 1280 1268
f 1279 1265 1281
f 1279 1281 1280
f 1280 1281 1282
f 1280 1282 1268
f 1281 1265 1283
f 1281 1283 1282
f 1282 1283 1284
f 1282 1284 1268
f 1283 1265 1285
f 1283 1285 1284
f 1284 1285 1286
f 1284 1286 1268
f 1285 1265 1287
f 1285 1287 1286
f 1286 1287 1288
f 1286 1288 1268
f 1287 1265 1289
f 1287 1289 1288
f 1288 1289 1290
f 1288 1290 1268
f 1289 1265 1266
f 1289 1266 1290
f 1290 1266 1267
f 1290 1267 1268
f 1292 1291 1295
f 1292 1295 1293
f 1293 1295 1296
f 1293 1296 1294
f 1295 1291 1297
f 1295 1297 1296
f 1296 1297 1298
f 1296 1298 1294
f 1297 1291 1299
f 1297 1299 1298
f 1298 1299 1300
f 1298 1300 1294
f 1299 1291 1301
f 1299 1301 1300
f 1300 1301 1302
f 1300 1302 1294
f 1301 1291 1303
f 1301 1303 1302
f 1302 1303 1304
f 1302 1304 1294
f 1303 1291 1305
f 1303 1305 1304
f 1304 1305 1306
f 1304 1306 1294
f 1305 1291 1307
f 1305 1307 1306
f 1306 1307 1308
f 1306 1308 1294
f 1307 1291 1309
f 1307 1309 1308
f 1308 1309 1310
f 1308 1310 1294
f 1309 1291 1311
f 1309 1311 1310
f 1310 1311 1312
f 1310 1312 1294
f 1311 1291 1313
f 1311 1313 1312
f 1312 1313 1314
f 1312 1314 1294
f 1313 1291 1315
f 1313 1315 1314
f 1314 1315 1316
f 1314 1316 1294
f 1315 1291 1292
f 1315 1292 1316
f 1316 1292 1293
f 1316 1293 1294
f 1318 1317 1321
f 1318 1321 1319
f 1319 1321 1322
f 1319 1322 1320
f 1321 1317 1323
f 1321 1323 1322
f 1322 1323 1324
f 1322 1324 1320
f 1323 1317 1325
f 1323 1325 1324
f 1324 1325 1326
f 1324 1326 1320
f 1325 1317 1327
f 1325 1327 1326
f 1326 1327 1328
f 1326 1328 1320
f 1327 1317 1329
f 1327 1329 1328
f 1328 1329 1330
f 1328 1330 1320
f 1329 1317 1331
f 1329 1331 1330
f 1330 1331 1332
f 1330 1332 1320
f 1331 1317 1333
f 1331 1333 1332
f 1332 1333 1334
f 1332 1334 1320
f 1333 1317 1335
f 1333 1335 1334
f 1334 1335 1336
f 1334 1336 1320
f 1335 1317 1337
f 1335 1337 1336
f 1336 1337 1338
f 1336 1338 1320
f 1337 1317 1339
f 1337 1339 1338
f 1338 1339 1340
f 1338 1340 1320
f 1339 1317 1341
f 1339 1341 1340
f 1340 1341 1342
f 1340 1342 1320
f 1341 1317 1318
f 1341 1318 1342
f 1342 1318 1319
f 1342 1319 1320
f 1344 1343 1347
f 1344 1347 1345
f 1345 1347 1348
f 1345 1348 1346
f 1347 1343 1349
f 1347 1349 1348
f 1348 1349 1350
f 1348 1350 1346
f 1349 1343 1351
f 1349 1351 1350
f 1350 1351 1352
f 1350 1352 1346
f 1351 1343 1353
f 1351 1353 1352
f 1352 1353 1354
f 1352 1354 1346
f 1353 1343 1355
f 1353 1355 1354
f 1354 1355 1356
f 1354 1356 1346
f 1355 1343 1357
f 1355 1357 1356
f 1356 1357 1358
f 1356 1358 1346
f 1357 1343 1359
f 1357 1359 1358
f 1358 1359 1360
f 1358 1360 1346
f 1359 1343 1361
f 1359 1361 1360
f 1360 1361 1362
f 1360 1362 1346
f 1361 1343 1363
f 1361 1363 1362
f 1362 1363 1364
f 1362 1364 1346
f 1363 1343 1365
f 1363 1365 1364
f 1364 1365 1366
f 1364 1366 1346
f 1365 1343 1367
f 1365 1367 1366
f 1366 1367 1368
f 1366 1368 1346
f 1367 1343 1344
f 1367 1344 1368
f 1368 1344 1345
f 1368 1345 1346
f 1370 1369 1373
f 1370 1373 1371
f 1371 1373 1374
f 1371 1374 1372
f 1373 1369 1375
f 1373 1375 1374
f 1374 1375 1376
f 1374 1376 1372
f 1375 1369 1377
f 1375 1377 1376
f 1376 1377 1378
f 1376 1378 1372
f 1377 1369 1379
f 1377 1379 1378
f 1378 1379 1380
f 1378 1380 1372
f 1379 1369 1381
f 1379 1381 1380
f 1380 1381 1382
f 1380 1382 1372
f 1381 1369 1383
f 1381 1383 1382
f 1382 1383 1384
f 1382 1384 1372
f 1383 1369 1385
f 1383 1385 1384
f 1384 1385 1386
f 1384 1386 1372
f 1385 1369 1387
f 1385 1387 1386
f 1386 1387 1388
f 1386 1388 1372
f 1387 1369 1389
f 1387 1389 1388
f 1388 1389 1390
f 1388 1390 1372
f 1389 1369 1391
f 1389 1391 1390
f 1390 1391 1392
f 1390 1392 1372
f 1391 1369 1393
f 1391 1393 1392
f 1392 1393 1394
f 1392 1394 1372
f 1393 1369 1370
f 1393 1370 1394
f 1394 1370 1371
f 1394 1371 1372
f 1396 1395 1399
f 1396 1399 1397
f 1397 1399 1400
f 1397 1400 1398
f 1399 1395 1401
f 1399 1401 1400
f 1400 1401 1402
f 1400 1402 1398
f 1401 1395 1403
f 1401 1403 1402
f 1402 1403 1404
f 1402 1404 1398
f 1403 1395 1405
f 1403 1405 1404
f 1404 1405 1406
f 1404 1406 1398
f 1405 1395 1407
f 1405 1407 1406
f 1406 1407 1408
f 1406 1408 1398
f 1407 1395 1409
f 1407 1409 1408
f 1408 1409 1410
f 1408 1410 1398
f 1409 1395 1411
f 1409 1411 1410
f 1410 1411 1412
f 1410 1412 1398
f 1411 1395 1413
f 1411 1413 1412
f 1412 1413 1414
f 1412 1414 1398
f 1413 1395 1415
f 1413 1415 1414
f 1414 1415 1416
f 1414 1416 1398
f 1415 1395 1417
f 1415 1417 1416
f 1416 1417 1418
f 1416 1418 1398
f 1417 1395 1419
f 1417 1419 1418
f 1418 1419 1420
f 1418 1420 1398
f 1419 1395 1396
f 1419 1396 1420
f 1420 1396 1397
f 1420 1397 1398
f 1422 1421 1425
f 1422 1425 1423
f 1423 1425 1426
f 1423 1426 1424
f 1425 1421 1427
f 1425 1427 1426
f 1426 1427 1428
f 1426 1428 1424
f 1427 1421 1429
f 1427 1429 1428
f 1428 1429 1430
f 1428 1430 1424
f 1429 1421 1431
f 1429 1431 1430
f 1430 1431 1432
f 1430 1432 1424
f 1431 1421 1433
f 1431 1433 1432
f 1432 1433 1434
f 1432 1434 1424
f 1433 1421 1435
f 1433 1435 1434
f 1434 1435 1436
f 1434 1436 1424
f 1435 1421 1437
f 1435 1437 1436
f 1436 1437 1438
f 1436 1438 1424
f 1437 1421 1439
f 1437 1439 1438
f 1438 1439 1440
f 1438 1440 1424
f 1439 1421 1441
f 1439 1441 1440
f 1440 1441 1442
f 1440 1442 1424
f 1441 1421 1443
f 1441 1443 1442
f 1442 1443 1444
f 1442 1444 1424
f 1443 1421 1445
f 1443 1445 1444
f 1444 1445 1446
f 1444 1446 1424
f 1445 1421 1422
f 1445 1422 1446
f 1446 1422 1423
f 1446 1423 1424
f 1448 1447 1451
f 1448 1451 1449
f 1449 1451 1452
f 1449 1452 1450
f 1451 1447 1453
f 1451 1453 1452
f 1452 1453 1454
f 1452 1454 1450
f 1453 1447 1455
f 1453 1455 1454
f 1454 1455 1456
f 1454 1456 1450
f 1455 1447 1457
f 1455 1457 1456
f 1456 1457 1458
f 1456 1458 1450
f 1457 1447 1459
f 1457 1459 1458
f 1458 1459 1460
f 1458 1460 1450
f 1459 1447 1461
f 1459 1461 1460
f 1460 1461 1462
f 1460 1462 1450
f 1461 1447 1463
f 1461 1463 1462
f 1462 1463 1464
f 1462 1464 1450
f 1463 1447 1465
f 1463 1465 1464
f 1464 1465 1466
f 1464 1466 1450
f 1465 1447 1467
f 1465 1467 1466
f 1466 1467 1468
f 1466 1468 1450
f 1467 1447 1469
f 1467 1469 1468
f 1468 1469 1470
f 1468 1470 1450
f 1469 1447 1471
f 1469 1471 1470
f 1470 1471 1472
f 1470 1472 1450
f 1471 1447 1448
f 1471 1448 1472
f 1472 1448 1449
f 1472 1449 1450
f 1474 1473 1477
f 1474 1477 1475
f 1475 1477 1478
f 1475 1478 1476
f 1477 1473 1479
f 1477 1479 1478
f 1478 1479 1480
f 1478 1480 1476
f 1479 1473 1481
f 1479 1481 1480
f 1480 1481 1482
f 1480 1482 1476
f 1481 1473 1483
f 1481 1483 1482
f 1482 1483 1484
f 1482 1484 1476
f 1483 1473 1485
f 1483 1485 1484
f 1484 1485 1486
f 1484 1486 1476
f 1485 1473 1487
f 1485 1487 1486
f 1486 1487 1488
f 1486 1488 1476
f 1487 1473 1489
f 1487 1489 1488
f 1488 1489 1490
f 1488 1490 1476
f 1489 1473 1491
f 1489 1491 1490
f 1490 1491 1492
f 1490 1492 1476
f 1491 1473 1493
f 1491 1493 1492
f 1492 1493 1494
f 1492 1494 1476
f 1493 1473 1495
f 1493 1495 1494
f 1494 1495 1496
f 1494 1496 1476
f 1495 1473 1497
f 1495 1497 1496
f 1496 1497 1498
f 1496 1498 1476
f 1497 1473 1474
f 1497 1474 1498
f 1498 1474 1475
f 1498 1475 1476
f 1500 1499 1503
f 1500 1503 1501
f 1501 1503 1504
f 1501 1504 1502
f 1503 1499 1505
f 1503 1505 1504
f 1504 1505 1506
f 1504 1506 1502
f 1505 1499 1507
f 1505 1507 1506
f 1506 1507 1508
f 1506 1508 1502
f 1507 1499 1509
f 1507 1509 1508
f 1508 1509 1510
f 1508 1510 1502
f 1509 1499 1511
f 1509 1511 1510
f 1510 1511 1512
f 1510 1512 1502
f 1511 1499 1513
f 1511 1513 1512
f 1512 1513 1514
f 1512 1514 1502
f 1513 1499 1515
f 1513 1515 1514
f 1514 1515 1516
f 1514 1516 1502
f 1515 1499 1517
f 1515 1517 1516
f 1516 1517 1518
f 1516 1518 1502
f 1517 1499 1519
f 1517 1519 1518
f 1518 1519 1520
f 1518 1520 1502
f 1519 1499 1521
f 1519 1521 1520
f 1520 1521 1522
f 1520 1522 1502
f 1521 1499 1523
f 1521 1523 1522
f 1522 1523 1524
f 1522 1524 1502
f 1523 1499 1500
f 1523 1500 1524
f 1524 1500 1501
f 1524 1501 1502
f 1526 1525 1529
f 1526 1529 1527
f 1527 1529 1530
f 1527 1530 1528
f 1529 1525 1531
f 1529 1531 1530
f 1530 1531 1532
f 1530 1532 1528
f 1531 1525 1533
f 1531 1533 1532
f 1532 1533 1534
f 1532 1534 1528
f 1533 1525 1535
f 1533 1535 1534
f 1534 1535 1536
f 1534 1536 1528
f 1535 1525 1537
f 1535 1537 1536
f 1536 1537 1538
f 1536 1538 1528
f 1537 1525 1539
f 1537 1539 1538
f 1538 1539 1540
f 1538 1540 1528
f 1539 1525 1541
f 1539 1541 1540
f 1540 1541 1542
f 1540 1542 1528
f 1541 1525 1543
f 1541 1543 1542
f 1542 1543 1544
f 1542 1544 1528
f 1543 1525 1545
f 1543 1545 1544
f 1544 1545 1546
f 1544 1546 1528
f 1545 1525 1547
f 1545 1547 1546
f 1546 1547 1548
f 1546 1548 1528
f 1547 1525 1549
f 1547 1549 1548
f 1548 1549 1550
f 1548 1550 1528
f 1549 1525 1526
f 1549 1526 1550
f 1550 1526 1527
f 1550 1527 1528
f 1551 1575 1552
f 1552 1575 1576
f 1552 1576 1553
f 1553 1576 1577
f 1553 1577 1554
f 1554 1577 1578
f 1554 1578 1555
f 1555 1578 1579
f 1555 1579 1556
f 1556 1579 1580
f 1556 1580 1557
f 1557 1580 1581
f 1557 1581 1558
f 1558 1581 1582
f 1558 1582 1559
f 1559 1582 1583
f 1559 1583 1560
f 1560 1583 1584
f 1560 1584 1561
f 1561 1584 1585
f 1561 1585 1562
f 1562 1585 1586
f 1562 1586 1563
f 1563 1586 1587
f 1563 1587 1564
f 1564 1587 1588
f 1564 1588 1565
f 1565 1588 1589
f 1565 1589 1566
f 1566 1589 1590
f 1566 1590 1567
f 1567 1590 1591
f 1567 1591 1568
f 1568 1591 1592
f 1568 1592 1569
f 1569 1592 1593
f 1569 1593 1570
f 1570 1593 1594
f 1570 1594 1571
f 1571 1594 1595
f 1571 1595 1572
f 1572 1595 1596
f 1572 1596 1573
f 1573 1596 1597
f 1573 1597 1574
f 1574 1597 1598
f 1574 1598 1551
f 1551 1598 1575
f 1575 1599 1576
f 1576 1599 1600
f 1576 1600 1577
f 1577 1600 1601
f 1577 1601 1578
f 1578 1601 1602
f 1578 1602 1579
f 1579 1602 1603
f 1579 1603 1580
f 1580 1603 1604
f 1580 1604 1581
f 1581 1604 1605
f 1581 1605 1582
f 1582 1605 1606
f 1582 1606 1583
f 1583 1606 1607
f 1583 1607 1584
f 1584 1607 1608
f 1584 1608 1585
f 1585 1608 1609
f 1585 1609 1586
f 1586 1609 1610
f 1586 1610 1587
f 1587 1610 1611
f 1587 1611 1588
f 1588 1611 1612
f 1588 1612 1589
f 1589 1612 1613
f 1589 1613 1590
f 1590 1613 1614
f 1590 1614 1591
f 1591 1614 1615
f 1591 1615 1592
f 1592 1615 1616
f 1592 1616 1593
f 1593 1616 1617
f 1593 1617 1594
f 1594 1617 1618
f 1594 1618 1595
f 1595 1618 1619
f 1595 1619 1596
f 1596 1619 1620
f 1596 1620 1597
f 1597 1620 1621
f 1597 1621 1598
f 1598 1621 1622
f 1598 1622 1575
f 1575 1622 1599
f 1599 1623 1600
f 1600 1623 1624
f 1600 1624 1601
f 1601 1624 1625
f 1601 1625 1602
f 1602 1625 1626
f 1602 1626 1603
f 1603 1626 1627
f 1603 1627 1604
f 1604 1627 1628
f 1604 1628 1605
f 1605 1628 1629
f 1605 1629 1606
f 1606 1629 1630
f 1606 1630 1607
f 1607 1630 1631
f 1607 1631 1608
f 1608 1631 1632
f 1608 1632 1609
f 1609 1632 1633
f 1609 1633 1610
f 1610 1633 1634
f 1610 1634 1611
f 1611 1634 1635
f 1611 1635 1612
f 1612 1635 1636
f 1612 1636 1613
f 1613 1636 1637
f 1613 1637 1614
f 1614 1637 1638
f 1614 1638 1615
f 1615 1638 1639
f 1615 1639 1616
f 1616 1639 1640
f 1616 1640 1617
f 1617 1640 1641
f 1617 1641 1618
f 1618 1641 1642
f 1618 1642 1619
f 1619 1642 1643
f 1619 1643 1620
f 1620 1643 1644
f 1620 1644 1621
f 1621 1644 1645
f 1621 1645 1622
f 1622 1645 1646
f 1622 1646 1599
f 1599 1646 1623
f 1623 1647 1624
f 1624 1647 1648
f 1624 1648 1625
f 1625 1648 1649
f 1625 1649 1626
f 1626 1649 1650
f 1626 1650 1627
f 1627 1650 1651
f 1627 1651 1628
f 1628 1651 1652
f 1628 1652 1629
f 1629 1652 1653
f 1629 1653 1630
f 1630 1653 1654
f 1630 1654 1631
f 1631 1654 1655
f 1631 1655 1632
f 1632 1655 1656
f 1632 1656 1633
f 1633 1656 1657
f 1633 1657 1634
f 1634 1657 1658
f 1634 1658 1635
f 1635 1658 1659
f 1635 1659 1636
f 1636 1659 1660
f 1636 1660 1637
f 1637 1660 1661
f 1637 1661 1638
f 1638 1661 1662
f 1638 1662 1639
f 1639 1662 1663
f 1639 1663 1640
f 1640 1663 1664
f 1640 1664 1641
f 1641 1664 1665
f 1641 1665 1642
f 1642 1665 1666
f 1642 1666 1643
f 1643 1666 1667
f 1643 1667 1644
f 1644 1667 1668
f 1644 1668 1645
f 1645 1668 1669
f 1645 1669 1646
f 1646 1669 1670
f 1646 1670 1623
f 1623 1670 1647
f 1647 1671 1648
f 1648 1671 1672
f 1648 1672 1649
f 1649 1672 1673
f 1649 1673 1650
f 1650 1673 1674
f 1650 1674 1651
f 1651 1674 1675
f 1651 1675 1652
f 1652 1675 1676
f 1652 1676 1653
f 1653 1676 1677
f 1653 1677 1654
f 1654 1677 1678
f 1654 1678 1655
f 1655 1678 1679
f 1655 1679 1656
f 1656 1679 1680
f 1656 1680 1657
f 1657 1680 1681
f 1657 1681 1658
f 1658 1681 1682
f 1658 1682 1659
f 1659 1682 1683
f 1659 1683 1660
f 1660 1683 1684
f 1660 1684 1661
f 1661 1684 1685
f 1661 1685 1662
f 1662 1685 1686
f 1662 1686 1663
f 1663 1686 1687
f 1663 1687 1664
f 1664 1687 1688
f 1664 1688 1665
f 1665 1688 1689
f 1665 1689 1666
f 1666 1689 1690
f 1666 1690 1667
f 1667 1690 1691
f 1667 1691 1668
f 1668 1691 1692
f 1668 1692 1669
f 1669 1692 1693
f 1669 1693 1670
f 1670 1693 1694
f 1670 1694 1647
f 1647 1694 1671
f 1671 1695 1672
f 1672 1695 1696
f 1672 1696 1673
f 1673 1696 1697
f 1673 1697 1674
f 1674 1697 1698
f 1674 1698 1675
f 1675 1698 1699
f 1675 1699 1676
f 1676 1699 1700
f 1676 1700 1677
f 1677 1700 1701
f 1677 1701 1678
f 1678 1701 1702
f 1678 1702 1679
f 1679 1702 1703
f 1679 1703 1680
f 1680 1703 1704
f 1680 1704 1681
f 1681 1704 1705
f 1681 1705 1682
f 1682 1705 1706
f 1682 1706 1683
f 1683 1706 1707
f 1683 1707 1684
f 1684 1707 1708
f 1684 1708 1685
f 1685 1708 1709
f 1685 1709 1686
f 1686 1709 1710
f 1686 1710 1687
f 1687 1710 1711
f 1687 1711 1688
f 1688 1711 1712
f 1688 1712 1689
f 1689 1712 1713
f 1689 1713 1690
f 1690 1713 1714
f 1690 1714 1691
f 1691 1714 1715
f 1691 1715 1692
f 1692 1715 1716
f 1692 1716 1693
f 1693 1716 1717
f 1693 1717 1694
f 1694 1717 1718
f 1694 1718 1671
f 1671 1718 1695
f 1695 1719 1696
f 1696 1719 1720
f 1696 1720 1697
f 1697 1720 1721
f 1697 1721 1698
f 1698 1721 1722
f 1698 1722 1699
f 1699 1722 1723
f 1699 1723 1700
f 1700 1723 1724
f 1700 1724 1701
f 1701 1724 1725
f 1701 1725 1702
f 1702 1725 1726
f 1702 1726 1703
f 1703 1726 1727
f 1703 1727 1704
f 1704 1727 1728
f 1704 1728 1705
f 1705 1728 1729
f 1705 1729 1706
f 1706 1729 1730
f 1706 1730 1707
f 1707 1730 1731
f 1707 1731 1708
f 1708 1731 1732
f 1708 1732 1709
f 1709 1732 1733
f 1709 1733 1710
f 1710 1733 1734
f 1710 1734 1711
f 1711 1734 1735
f 1711 1735 1712
f 1712 1735 1736
f 1712 1736 1713
f 1713 1736 1737
f 1713 1737 1714
f 1714 1737 1738
f 1714 1738 1715
f 1715 1738 1739
f 1715 1739 1716
f 1716 1739 1740
f 1716 1740 1717
f 1717 1740 1741
f 1717 1741 1718
f 1718 1741 1742
f 1718 1742 1695
f 1695 1742 1719
f 1719 1743 1720
f 1720 1743 1744
f 1720 1744 1721
f 1721 1744 1745
f 1721 1745 1722
f 1722 1745 1746
f 1722 1746 1723
f 1723 1746 1747
f 1723 1747 1724
f 1724 1747 1748
f 1724 1748 1725
f 1725 1748 1749
f 1725 1749 1726
f 1726 1749 1750
f 1726 1750 1727
f 1727 1750 1751
f 1727 1751 1728
f 1728 1751 1752
f 1728 1752 1729
f 1729 1752 1753
f 1729 1753 1730
f 1730 1753 1754
f 1730 1754 1731
f 1731 1754 1755
f 1731 1755 1732
f 1732 1755 1756
f 1732 1756 1733
f 1733 1756 1757
f 1733 1757 1734
f 1734 1757 1758
f 1734 1758 1735
f 1735 1758 1759
f 1735 1759 1736
f 1736 1759 1760
f 1736 1760 1737
f 1737 1760 1761
f 1737 1761 1738
f 1738 1761 1762
f 1738 1762 1739
f 1739 1762 1763
f 1739 1763 1740
f 1740 1763 1764
f 1740 1764 1741
f 1741 1764 1765
f 1741 1765 1742
f 1742 1765 1766
f 1742 1766 1719
f 1719 1766 1743
f 1743 1767 1744
f 1744 1767 1768
f 1744 1768 1745
f 1745 1768 1769
f 1745 1769 1746
f 1746 1769 1770
f 1746 1770 1747
f 1747 1770 1771
f 1747 1771 1748
f 1748 1771 1772
f 1748 1772 1749
f 1749 1772 1773
f 1749 1773 1750
f 1750 1773 1774
f 1750 1774 1751
f 1751 1774 1775
f 1751 1775 1752
f 1752 1775 1776
f 1752 1776 1753
f 1753 1776 1777
f 1753 1777 1754
f 1754 1777 1778
f 1754 1778 1755
f 1755 1778 1779
f 1755 1779 1756
f 1756 1779 1780
f 1756 1780 1757
f 1757 1780 1781
f 1757 1781 1758
f 1758 1781 1782
f 1758 1782 1759
f 1759 1782 1783
f 1759 1783 1760
f 1760 1783 1784
f 1760 1784 1761
f 1761 1784 1785
f 1761 1785 1762
f 1762 1785 1786
f 1762 1786 1763
f 1763 1786 1787
f 1763 1787 1764
f 1764 1787 1788
f 1764 1788 1765
f 1765 1788 1789
f 1765 1789 1766
f 1766 1789 1790
f 1766 1790 1743
f 1743 1790 1767
f 1767 1791 1768
f 1768 1791 1792
f 1768 1792 1769
f 1769 1792 1793
f 1769 1793 1770
f 1770 1793 1794
f 1770 1794 1771
f 1771 1794 1795
f 1771 1795 1772
f 1772 1795 1796
f 1772 1796 1773
f 1773 1796 1797
f 1773 1797 1774
f 1774 1797 1798
f 1774 1798 1775
f 1775 1798 1799
f 1775 1799 1776
f 1776 1799 1800
f 1776 1800 1777
f 1777 1800 1801
f 1777 1801 1778
f 1778 1801 1802
f 1778 1802 1779
f 1779 1802 1803
f 1779 1803 1780
f 1780 1803 1804
f 1780 1804 1781
f 1781 1804 1805
f 1781 1805 1782
f 1782 1805 1806
f 1782 1806 1783
f 1783 1806 1807
f 1783 1807 1784
f 1784 1807 1808
f 1784 1808 1785
f 1785 1808 1809
f 1785 1809 1786
f 1786 1809 1810
f 1786 1810 1787
f 1787 1810 1811
f 1787 1811 1788
f 1788 1811 1812
f 1788 1812 1789
f 1789 1812 1813
f 1789 1813 1790
f 1790 1813 1814
f 1790 1814 1767
f 1767 1814 1791
f 1791 1815 1792
f 1792 1815 1816
f 1792 1816 1793
f 1793 1816 1817
f 1793 1817 1794
f 1794 1817 1818
f 1794 1818 1795
f 1795 1818 1819
f 1795 1819 1796
f 1796 1819 1820
f 1796 1820 1797
f 1797 1820 1821
f 1797 1821 1798
f 1798 1821 1822
f 1798 1822 1799
f 1799 1822 1823
f 1799 1823 1800
f 1800 1823 1824
f 1800 1824 1801
f 1801 1824 1825
f 1801 1825 1802
f 1802 1825 1826
f 1802 1826 1803
f 1803 1826 1827
f 1803 1827 1804
f 1804 1827 1828
f 1804 1828 1805
f 1805 1828 1829
f 1805 1829 1806
f 1806 1829 1830
f 1806 1830 1807
f 1807 1830 1831
f 1807 1831 1808
f 1808 1831 1832
f 1808 1832 1809
f 1809 1832 1833
f 1809 1833 1810
f 1810 1833 1834
f 1810 1834 1811
f 1811 1834 1835
f 1811 1835 1812
f 1812 1835 1836
f 1812 1836 1813
f 1813 1836 1837
f 1813 1837 1814
f 1814 1837 1838
f 1814 1838 1791
f 1791 1838 1815
f 1815 1839 1816
f 1816 1839 1840
f 1816 1840 1817
f 1817 1840 1841
f 1817 1841 1818
f 1818 1841 1842
f 1818 1842 1819
f 1819 1842 1843
f 1819 1843 1820
f 1820 1843 1844
f 1820 1844 1821
f 1821 1844 1845
f 1821 1845 1822
f 1822 1845 1846
f 1822 1846 1823
f 1823 1846 1847
f 1823 1847 1824
f 1824 1847 1848
f 1824 1848 1825
f 1825 1848 1849
f 1825 1849 1826
f 1826 1849 1850
f 1826 1850 1827
f 1827 1850 1851
f 1827 1851 1828
f 1828 1851 1852
f 1828 1852 1829
f 1829 1852 1853
f 1829 1853 1830
f 1830 1853 1854
f 1830 1854 1831
f 1831 1854 1855
f 1831 1855 1832
f 1832 1855 1856
f 1832 1856 1833
f 1833 1856 1857
f 1833 1857 1834
f 1834 1857 1858
f 1834 1858 1835
f 1835 1858 1859
f 1835 1859 1836
f 1836 1859 1860
f 1836 1860 1837
f 1837 1860 1861
f 1837 1861 1838
f 1838 1861 1862
f 1838 1862 1815
f 1815 1862 1839
f 1839 1863 1840
f 1840 1863 1864
f 1840 1864 1841
f 1841 1864 1865
f 1841 1865 1842
f 1842 1865 1866
f 1842 1866 1843
f 1843 1866 1867
f 1843 1867 1844
f 1844 1867 1868
f 1844 1868 1845
f 1845 1868 1869
f 1845 1869 1846
f 1846 1869 1870
f 1846 1870 1847
f 1847 1870 1871
f 1847 1871 1848
f 1848 1871 1872
f 1848 1872 1849
f 1849 1872 1873
f 1849 1873 1850
f 1850 1873 1874
f 1850 1874 1851
f 1851 1874 1875
f 1851 1875 1852
f 1852 1875 1876
f 1852 1876 1853
f 1853 1876 1877
f 1853 1877 1854
f 1854 1877 1878
f 1854 1878 1855
f 1855 1878 1879
f 1855 1879 1856
f 1856 1879 1880
f 1856 1880 1857
f 1857 1880 1881
f 1857 1881 1858
f 1858 1881 1882
f 1858 1882 1859
f 1859 1882 1883
f 1859 1883 1860
f 1860 1883 1884
f 1860 1884 1861
f 1861 1884 1885
f 1861 1885 1862
f 1862 1885 1886
f 1862 1886 1839
f 1839 1886 1863
f 1863 1887 1864
f 1864 1887 1888
f 1864 1888 1865
f 1865 1888 1889
f 1865 1889 1866
f 1866 1889 1890
f 1866 1890 1867
f 1867 1890 1891
f 1867 1891 1868
f 1868 1891 1892
f 1868 1892 1869
f 1869 1892 1893
f 1869 1893 1870
f 1870 1893 1894
f 1870 1894 1871
f 1871 1894 1895
f 1871 1895 1872
f 1872 1895 1896
f 1872 1896 1873
f 1873 1896 1897
f 1873 1897 1874
f 1874 1897 1898
f 1874 1898 1875
f 1875 1898 1899
f 1875 1899 1876
f 1876 1899 1900
f 1876 1900 1877
f 1877 1900 1901
f 1877 1901 1878
f 1878 1901 1902
f 1878 1902 1879
f 1879 1902 1903
f 1879 1903 1880
f 1880 1903 1904
f 1880 1904 1881
f 1881 1904 1905
f 1881 1905 1882
f 1882 1905 1906
f 1882 1906 1883
f 1883 1906 1907
f 1883 1907 1884
f 1884 1907 1908
f 1884 1908 1885
f 1885 1908 1909
f 1885 1909 1886
f 1886 1909 1910
f 1886 1910 1863
f 1863 1910 1887
f 1887 1911 1888
f 1888 1911 1912
f 1888 1912 1889
f 1889 1912 1913
f 1889 1913 1890
f 1890 1913 1914
f 1890 1914 1891
f 1891 1914 1915
f 1891 1915 1892
f 1892 1915 1916
f 1892 1916 1893
f 1893 1916 1917
f 1893 1917 1894
f 1894 1917 1918
f 1894 1918 1895
f 1895 1918 1919
f 1895 1919 1896
f 1896 1919 1920
f 1896 1920 1897
f 1897 1920 1921
f 1897 1921 1898
f 1898 1921 1922
f 1898 1922 1899
f 1899 1922 1923
f 1899 1923 1900
f 1900 1923 1924
f 1900 1924 1901
f 1901 1924 1925
f 1901 1925 1902
f 1902 1925 1926
f 1902 1926 1903
f 1903 1926 1927
f 1903 1927 1904
f 1904 1927 1928
f 1904 1928 1905
f 1905 1928 1929
f 1905 1929 1906
f 1906 1929 1930
f 1906 1930 1907
f 1907 1930 1931
f 1907 1931 1908
f 1908 1931 1932
f 1908 1932 1909
f 1909 1932 1933
f 1909 1933 1910
f 1910 1933 1934
f 1910 1934 1887
f 1887 1934 1911
f 1911 1935 1912
f 1912 1935 1936
f 1912 1936 1913
f 1913 1936 1937
f 1913 1937 1914
f 1914 1937 1938
f 1914 1938 1915
f 1915 1938 1939
f 1915 1939 1916
f 1916 1939 1940
f 1916 1940 1917
f 1917 1940 1941
f 1917 1941 1918
f 1918 1941 1942
f 1918 1942 1919
f 1919 1942 1943
f 1919 1943 1920
f 1920 1943 1944
f 1920 1944 1921
f 1921 1944 1945
f 1921 1945 1922
f 1922 1945 1946
f 1922 1946 1923
f 1923 1946 1947
f 1923 1947 1924
f 1924 1947 1948
f 1924 1948 1925
f 1925 1948 1949
f 1925 1949 1926
f 1926 1949 1950
f 1926 1950 1927
f 1927 1950 1951
f 1927 1951 1928
f 1928 1951 1952
f 1928 1952 1929
f 1929 1952 1953
f 1929 1953 1930
f 1930 1953 1954
f 1930 1954 1931
f 1931 1954 1955
f 1931 1955 1932
f 1932 1955 1956
f 1932 1956 1933
f 1933 1956 1957
f 1933 1957 1934
f 1934 1957 1958
f 1934 1958 1911
f 1911 1958 1935
f 1935 1959 1936
f 1936 1959 1960
f 1936 1960 1937
f 1937 1960 1961
f 1937 1961 1938
f 1938 1961 1962
f 1938 1962 1939
f 1939 1962 1963
f 1939 1963 1940
f 1940 1963 1964
f 1940 1964 1941
f 1941 1964 1965
f 1941 1965 1942
f 1942 1965 1966
f 1942 1966 1943
f 1943 1966 1967
f 1943 1967 1944
f 1944 1967 1968
f 1944 1968 1945
f 1945 1968 1969
f 1945 1969 1946
f 1946 1969 1970
f 1946 1970 1947
f 1947 1970 1971
f 1947 1971 1948
f 1948 1971 1972
f 1948 1972 1949
f 1949 1972 1973
f 1949 1973 1950
f 1950 1973 1974
f 1950 1974 1951
f 1951 1974 1975
f 1951 1975 1952
f 1952 1975 1976
f 1952 1976 1953
f 1953 1976 1977
f 1953 1977 1954
f 1954 1977 1978
f 1954 1978 1955
f 1955 1978 1979
f 1955 1979 1956
f 1956 1979 1980
f 1956 1980 1957
f 1957 1980 1981
f 1957 1981 1958
f 1958 1981 1982
f 1958 1982 1935
f 1935 1982 1959
f 1959 1983 1960
f 1960 1983 1984
f 1960 1984 1961
f 1961 1984 1985
f 1961 1985 1962
f 1962 1985 1986
f 1962 1986 1963
f 1963 1986 1987
f 1963 1987 1964
f 1964 1987 1988
f 1964 1988 1965
f 1965 1988 1989
f 1965 1989 1966
f 1966 1989 1990
f 1966 1990 1967
f 1967 1990 1991
f 1967 1991 1968
f 1968 1991 1992
f 1968 1992 1969
f 1969 1992 1993
f 1969 1993 1970
f 1970 1993 1994
f 1970 1994 1971
f 1971 1994 1995
f 1971 1995 1972
f 1972 1995 1996
f 1972 1996 1973
f 1973 1996 1997
f 1973 1997 1974
f 1974 1997 1998
f 1974 1998 1975
f 1975 1998 1999
f 1975 1999 1976
f 1976 1999 2000
f 1976 2000 1977
f 1977 2000 2001
f 1977 2001 1978
f 1978 2001 2002
f 1978 2002 1979
f 1979 2002 2003
f 1979 2003 1980
f 1980 2003 2004
f 1980 2004 1981
f 1981 2004 2005
f 1981 2005 1982
f 1982 2005 2006
f 1982 2006 1959
f 1959 2006 1983
f 1983 2007 1984
f 1984 2007 2008
f 1984 2008 1985
f 1985 2008 2009
f 1985 2009 1986
f 1986 2009 2010
f 1986 2010 1987
f 1987 2010 2011
f 1987 2011 1988
f 1988 2011 2012
f 1988 2012 1989
f 1989 2012 2013
f 1989 2013 1990
f 1990 2013 2014
f 1990 2014 1991
f 1991 2014 2015
f 1991 2015 1992
f 1992 2015 2016
f 1992 2016 1993
f 1993 2016 2017
f 1993 2017 1994
f 1994 2017 2018
f 1994 2018 1995
f 1995 2018 2019
f 1995 2019 1996
f 1996 2019 2020
f 1996 2020 1997
f 1997 2020 2021
f 1997 2021 1998
f 1998 2021 2022
f 1998 2022 1999
f 1999 2022 2023
f 1999 2023 2000
f 2000 2023 2024
f 2000 2024 2001
f 2001 2024 2025
f 2001 2025 2002
f 2002 2025 2026
f 2002 2026 2003
f 2003 2026 2027
f 2003 2027 2004
f 2004 2027 2028
f 2004 2028 2005
f 2005 2028 2029
f 2005 2029 2006
f 2006 2029 2030
f 2006 2030 1983
f 1983 2030 2007
f 2007 2031 2008
f 2008 2031 2032
f 2008 2032 2009
f 2009 2032 2033
f 2009 2033 2010
f 2010 2033 2034
f 2010 2034 2011
f 2011 2034 2035
f 2011 2035 2012
f 2012 2035 2036
f 2012 2036 2013
f 2013 2036 2037
f 2013 2037 2014
f 2014 2037 2038
f 2014 2038 2015
f 2015 2038 2039
f 2015 2039 2016
f 2016 2039 2040
f 2016 2040 2017
f 2017 2040 2041
f 2017 2041 2018
f 2018 2041 2042
f 2018 2042 2019
f 2019 2042 2043
f 2019 2043 2020
f 2020 2043 2044
f 2020 2044 2021
f 2021 2044 2045
f 2021 2045 2022
f 2022 2045 2046
f 2022 2046 2023
f 2023 2046 2047
f 2023 2047 2024
f 2024 2047 2048
f 2024 2048 2025
f 2025 2048 2049
f 2025 2049 2026
f 2026 2049 2050
f 2026 2050 2027
f 2027 2050 2051
f 2027 2051 2028
f 2028 2051 2052
f 2028 2052 2029
f 2029 2052 2053
f 2029 2053 2030
f 2030 2053 2054
f 2030 2054 2007
f 2007 2054 2031
f 2031 2055 2032
f 2032 2055 2056
f 2032 2056 2033
f 2033 2056 2057
f 2033 2057 2034
f 2034 2057 2058
f 2034 2058 2035
f 2035 2058 2059
f 2035 2059 2036
f 2036 2059 2060
f 2036 2060 2037
f 2037 2060 2061
f 2037 2061 2038
f 2038 2061 2062
f 2038 2062 2039
f 2039 2062 2063
f 2039 2063 2040
f 2040 2063 2064
f 2040 2064 2041
f 2041 2064 2065
f 2041 2065 2042
f 2042 2065 2066
f 2042 2066 2043
f 2043 2066 2067
f 2043 2067 2044
f 2044 2067 2068
f 2044 2068 2045
f 2045 2068 2069
f 2045 2069 2046
f 2046 2069 2070
f 2046 2070 2047
f 2047 2070 2071
f 2047 2071 2048
f 2048 2071 2072
f 2048 2072 2049
f 2049 2072 2073
f 2049 2073 2050
f 2050 2073 2074
f 2050 2074 2051
f 2051 2074 2075
f 2051 2075 2052
f 2052 2075 2076
f 2052 2076 2053
f 2053 2076 2077
f 2053 2077 2054
f 2054 2077 2078
f 2054 2078 2031
f 2031 2078 2055
f 2055 2079 2056
f 2056 2079 2080
f 2056 2080 2057
f 2057 2080 2081
f 2057 2081 2058
f 2058 2081 2082
f 2058 2082 2059
f 2059 2082 2083
f 2059 2083 2060
f 2060 2083 2084
f 2060 2084 2061
f 2061 2084 2085
f 2061 2085 2062
f 2062 2085 2086
f 2062 2086 2063
f 2063 2086 2087
f 2063 2087 2064
f 2064 2087 2088
f 2064 2088 2065
f 2065 2088 2089
f 2065 2089 2066
f 2066 2089 2090
f 2066 2090 2067
f 2067 2090 2091
f 2067 2091 2068
f 2068 2091 2092
f 2068 2092 2069
f 2069 2092 2093
f 2069 2093 2070
f 2070 2093 2094
f 2070 2094 2071
f 2071 2094 2095
f 2071 2095 2072
f 2072 2095 2096
f 2072 2096 2073
f 2073 2096 2097
f 2073 2097 2074
f 2074 2097 2098
f 2074 2098 2075
f 2075 2098 2099
f 2075 2099 2076
f 2076 2099 2100
f 2076 2100 2077
f 2077 2100 2101
f 2077 2101 2078
f 2078 2101 2102
f 2078 2102 2055
f 2055 2102 2079
f 2079 2103 2080
f 2080 2103 2104
f 2080 2104 2081
f 2081 2104 2105
f 2081 2105 2082
f 2082 2105 2106
f 2082 2106 2083
f 2083 2106 2107
f 2083 2107 2084
f 2084 2107 2108
f 2084 2108 2085
f 2085 2108 2109
f 2085 2109 2086
f 2086 2109 2110
f 2086 2110 2087
f 2087 2110 2111
f 2087 2111 2088
f 2088 2111 2112
f 2088 2112 2089
f 2089 2112 2113
f 2089 2113 2090
f 2090 2113 2114
f 2090 2114 2091
f 2091 2114 2115
f 2091 2115 2092
f 2092 2115 2116
f 2092 2116 2093
f 2093 2116 2117
f 2093 2117 2094
f 2094 2117 2118
f 2094 2118 2095
f 2095 2118 2119
f 2095 2119 2096
f 2096 2119 2120
f 2096 2120 2097
f 2097 2120 2121
f 2097 2121 2098
f 2098 2121 2122
f 2098 2122 2099
f 2099 2122 2123
f 2099 2123 2100
f 2100 2123 2124
f 2100 2124 2101
f 2101 2124 2125
f 2101 2125 2102
f 2102 2125 2126
f 2102 2126 2079
f 2079 2126 2103
f 2103 2127 2104
f 2104 2127 2128
f 2104 2128 2105
f 2105 2128 2129
f 2105 2129 2106
f 2106 2129 2130
f 2106 2130 2107
f 2107 2130 2131
f 2107 2131 2108
f 2108 2131 2132
f 2108 2132 2109
f 2109 2132 2133
f 2109 2133 2110
f 2110 2133 2134
f 2110 2134 2111
f 2111 2134 2135
f 2111 2135 2112
f 2112 2135 2136
f 2112 2136 2113
f 2113 2136 2137
f 2113 2137 2114
f 2114 2137 2138
f 2114 2138 2115
f 2115 2138 2139
f 2115 2139 2116
f 2116 2139 2140
f 2116 2140 2117
f 2117 2140 2141
f 2117 2141 2118
f 2118 2141 2142
f 2118 2142 2119
f 2119 2142 2143
f 2119 2143 2120
f 2120 2143 2144
f 2120 2144 2121
f 2121 2144 2145
f 2121 2145 2122
f 2122 2145 2146
f 2122 2146 2123
f 2123 2146 2147
f 2123 2147 2124
f 2124 2147 2148
f 2124 2148 2125
f 2125 2148 2149
f 2125 2149 2126
f 2126 2149 2150
f 2126 2150 2103
f 2103 2150 2127
f 2127 2151 2128
f 2128 2151 2152
f 2128 2152 2129
f 2129 2152 2153
f 2129 2153 2130
f 2130 2153 2154
f 2130 2154 2131
f 2131 2154 2155
f 2131 2155 2132
f 2132 2155 2156
f 2132 2156 2133
f 2133 2156 2157
f 2133 2157 2134
f 2134 2157 2158
f 2134 2158 2135
f 2135 2158 2159
f 2135 2159 2136
f 2136 2159 2160
f 2136 2160 2137
f 2137 2160 2161
f 2137 2161 2138
f 2138 2161 2162
f 2138 2162 2139
f 2139 2162 2163
f 2139 2163 2140
f 2140 2163 2164
f 2140 2164 2141
f 2141 2164 2165
f 2141 2165 2142
f 2142 2165 2166
f 2142 2166 2143
f 2143 2166 2167
f 2143 2167 2144
f 2144 2167 2168
f 2144 2168 2145
f 2145 2168 2169
f 2145 2169 2146
f 2146 2169 2170
f 2146 2170 2147
f 2147 2170 2171
f 2147 2171 2148
f 2148 2171 2172
f 2148 2172 2149
f 2149 2172 2173
f 2149 2173 2150
f 2150 2173 2174
f 2150 2174 2127
f 2127 2174 2151
f 2151 2175 2152
f 2152 2175 2176
f 2152 2176 2153
f 2153 2176 2177
f 2153 2177 2154
f 2154 2177 2178
f 2154 2178 2155
f 2155 2178 2179
f 2155 2179 2156
f 2156 2179 2180
f 2156 2180 2157
f 2157 2180 2181
f 2157 2181 2158
f 2158 2181 2182
f 2158 2182 2159
f 2159 2182 2183
f 2159 2183 2160
f 2160 2183 2184
f 2160 2184 2161
f 2161 2184 2185
f 2161 2185 2162
f 2162 2185 2186
f 2162 2186 2163
f 2163 2186 2187
f 2163 2187 2164
f 2164 2187 2188
f 2164 2188 2165
f 2165 2188 2189
f 2165 2189 2166
f 2166 2189 2190
f 2166 2190 2167
f 2167 2190 2191
f 2167 2191 2168
f 2168 2191 2192
f 2168 2192 2169
f 2169 2192 2193
f 2169 2193 2170
f 2170 2193 2194
f 2170 2194 2171
f 2171 2194 2195
f 2171 2195 2172
f 2172 2195 2196
f 2172 2196 2173
f 2173 2196 2197
f 2173 2197 2174
f 2174 2197 2198
f 2174 2198 2151
f 2151 2198 2175
f 2175 2199 2176
f 2176 2199 2200
f 2176 2200 2177
f 2177 2200 2201
f 2177 2201 2178
f 2178 2201 2202
f 2178 2202 2179
f 2179 2202 2203
f 2179 2203 2180
f 2180 2203 2204
f 2180 2204 2181
f 2181 2204 2205
f 2181 2205 2182
f 2182 2205 2206
f 2182 2206 2183
f 2183 2206 2207
f 2183 2207 2184
f 2184 2207 2208
f 2184 2208 2185
f 2185 2208 2209
f 2185 2209 2186
f 2186 2209 2210
f 2186 2210 2187
f 2187 2210 2211
f 2187 2211 2188
f 2188 2211 2212
f 2188 2212 2189
f 2189 2212 2213
f 2189 2213 2190
f 2190 2213 2214
f 2190 2214 2191
f 2191 2214 2215
f 2191 2215 2192
f 2192 2215 2216
f 2192 2216 2193
f 2193 2216 2217
f 2193 2217 2194
f 2194 2217 2218
f 2194 2218 2195
f 2195 2218 2219
f 2195 2219 2196
f 2196 2219 2220
f 2196 2220 2197
f 2197 2220 2221
f 2197 2221 2198
f 2198 2221 2222
f 2198 2222 2175
f 2175 2222 2199
f 2199 2223 2200
f 2200 2223 2224
f 2200 2224 2201
f 2201 2224 2225
f 2201 2225 2202
f 2202 2225 2226
f 2202 2226 2203
f 2203 2226 2227
f 2203 2227 2204
f 2204 2227 2228
f 2204 2228 2205
f 2205 2228 2229
f 2205 2229 2206
f 2206 2229 2230
f 2206 2230 2207
f 2207 2230 2231
f 2207 2231 2208
f 2208 2231 2232
f 2208 2232 2209
f 2209 2232 2233
f 2209 2233 2210
f 2210 2233 2234
f 2210 2234 2211
f 2211 2234 2235
f 2211 2235 2212
f 2212 2235 2236
f 2212 2236 2213
f 2213 2236 2237
f 2213 2237 2214
f 2214 2237 2238
f 2214 2238 2215
f 2215 2238 2239
f 2215 2239 2216
f 2216 2239 2240
f 2216 2240 2217
f 2217 2240 2241
f 2217 2241 2218
f 2218 2241 2242
f 2218 2242 2219
f 2219 2242 2243
f 2219 2243 2220
f 2220 2243 2244
f 2220 2244 2221
f 2221 2244 2245
f 2221 2245 2222
f 2222 2245 2246
f 2222 2246 2199
f 2199 2246 2223
f 2223 2247 2224
f 2224 2247 2248
f 2224 2248 2225
f 2225 2248 2249
f 2225 2249 2226
f 2226 2249 2250
f 2226 2250 2227
f 2227 2250 2251
f 2227 2251 2228
f 2228 2251 2252
f 2228 2252 2229
f 2229 2252 2253
f 2229 2253 2230
f 2230 2253 2254
f 2230 2254 2231
f 2231 2254 2255
f 2231 2255 2232
f 2232 2255 2256
f 2232 2256 2233
f 2233 2256 2257
f 2233 2257 2234
f 2234 2257 2258
f 2234 2258 2235
f 2235 2258 2259
f 2235 2259 2236
f 2236 2259 2260
f 2236 2260 2237
f 2237 2260 2261
f 2237 2261 2238
f 2238 2261 2262
f 2238 2262 2239
f 2239 2262 2263
f 2239 2263 2240
f 2240 2263 2264
f 2240 2264 2241
f 2241 2264 2265
f 2241 2265 2242
f 2242 2265 2266
f 2242 2266 2243
f 2243 2266 2267
f 2243 2267 2244
f 2244 2267 2268
f 2244 2268 2245
f 2245 2268 2269
f 2245 2269 2246
f 2246 2269 2270
f 2246 2270 2223
f 2223 2270 2247
f 2247 2271 2248
f 2248 2271 2272
f 2248 2272 2249
f 2249 2272 2273
f 2249 2273 2250
f 2250 2273 2274
f 2250 2274 2251
f 2251 2274 2275
f 2251 2275 2252
f 2252 2275 2276
f 2252 2276 2253
f 2253 2276 2277
f 2253 2277 2254
f 2254 2277 2278
f 2254 2278 2255
f 2255 2278 2279
f 2255 2279 2256
f 2256 2279 2280
f 2256 2280 2257
f 2257 2280 2281
f 2257 2281 2258
f 2258 2281 2282
f 2258 2282 2259
f 2259 2282 2283
f 2259 2283 2260
f 2260 2283 2284
f 2260 2284 2261
f 2261 2284 2285
f 2261 2285 2262
f 2262 2285 2286
f 2262 2286 2263
f 2263 2286 2287
f 2263 2287 2264
f 2264 2287 2288
f 2264 2288 2265
f 2265 2288 2289
f 2265 2289 2266
f 2266 2289 2290
f 2266 2290 2267
f 2267 2290 2291
f 2267 2291 2268
f 2268 2291 2292
f 2268 2292 2269
f 2269 2292 2293
f 2269 2293 2270
f 2270 2293 2294
f 2270 2294 2247
f 2247 2294 2271
f 2271 2295 2272
f 2272 2295 2296
f 2272 2296 2273
f 2273 2296 2297
f 2273 2297 2274
f 2274 2297 2298
f 2274 2298 2275
f 2275 2298 2299
f 2275 2299 2276
f 2276 2299 2300
f 2276 2300 2277
f 2277 2300 2301
f 2277 2301 2278
f 2278 2301 2302
f 2278 2302 2279
f 2279 2302 2303
f 2279 2303 2280
f 2280 2303 2304
f 2280 2304 2281
f 2281 2304 2305
f 2281 2305 2282
f 2282 2305 2306
f 2282 2306 2283
f 2283 2306 2307
f 2283 2307 2284
f 2284 2307 2308
f 2284 2308 2285
f 2285 2308 2309
f 2285 2309 2286
f 2286 2309 2310
f 2286 2310 2287
f 2287 2310 2311
f 2287 2311 2288
f 2288 2311 2312
f 2288 2312 2289
f 2289 2312 2313
f 2289 2313 2290
f 2290 2313 2314
f 2290 2314 2291
f 2291 2314 2315
f 2291 2315 2292
f 2292 2315 2316
f 2292 2316 2293
f 2293 2316 2317
f 2293 2317 2294
f 2294 2317 2318
f 2294 2318 2271
f 2271 2318 2295
f 2295 2319 2296
f 2296 2319 2320
f 2296 2320 2297
f 2297 2320 2321
f 2297 2321 2298
f 2298 2321 2322
f 2298 2322 2299
f 2299 2322 2323
f 2299 2323 2300
f 2300 2323 2324
f 2300 2324 2301
f 2301 2324 2325
f 2301 2325 2302
f 2302 2325 2326
f 2302 2326 2303
f 2303 2326 2327
f 2303 2327 2304
f 2304 2327 2328
f 2304 2328 2305
f 2305 2328 2329
f 2305 2329 2306
f 2306 2329 2330
f 2306 2330 2307
f 2307 2330 2331
f 2307 2331 2308
f 2308 2331 2332
f 2308 2332 2309
f 2309 2332 2333
f 2309 2333 2310
f 2310 2333 2334
f 2310 2334 2311
f 2311 2334 2335
f 2311 2335 2312
f 2312 2335 2336
f 2312 2336 2313
f 2313 2336 2337
f 2313 2337 2314
f 2314 2337 2338
f 2314 2338 2315
f 2315 2338 2339
f 2315 2339 2316
f 2316 2339 2340
f 2316 2340 2317
f 2317 2340 2341
f 2317 2341 2318
f 2318 2341 2342
f 2318 2342 2295
f 2295 2342 2319
f 2319 2343 2320
f 2320 2343 2344
f 2320 2344 2321
f 2321 2344 2345
f 2321 2345 2322
f 2322 2345 2346
f 2322 2346 2323
f 2323 2346 2347
f 2323 2347 2324
f 2324 2347 2348
f 2324 2348 2325
f 2325 2348 2349
f 2325 2349 2326
f 2326 2349 2350
f 2326 2350 2327
f 2327 2350 2351
f 2327 2351 2328
f 2328 2351 2352
f 2328 2352 2329
f 2329 2352 2353
f 2329 2353 2330
f 2330 2353 2354
f 2330 2354 2331
f 2331 2354 2355
f 2331 2355 2332
f 2332 2355 2356
f 2332 2356 2333
f 2333 2356 2357
f 2333 2357 2334
f 2334 2357 2358
f 2334 2358 2335
f 2335 2358 2359
f 2335 2359 2336
f 2336 2359 2360
f 2336 2360 2337
f 2337 2360 2361
f 2337 2361 2338
f 2338 2361 2362
f 2338 2362 2339
f 2339 2362 2363
f 2339 2363 2340
f 2340 2363 2364
f 2340 2364 2341
f 2341 2364 2365
f 2341 2365 2342
f 2342 2365 2366
f 2342 2366 2319
f 2319 2366 2343
f 2343 2367 2344
f 2344 2367 2368
f 2344 2368 2345
f 2345 2368 2369
f 2345 2369 2346
f 2346 2369 2370
f 2346 2370 2347
f 2347 2370 2371
f 2347 2371 2348
f 2348 2371 2372
f 2348 2372 2349
f 2349 2372 2373
f 2349 2373 2350
f 2350 2373 2374
f 2350 2374 2351
f 2351 2374 2375
f 2351 2375 2352
f 2352 2375 2376
f 2352 2376 2353
f 2353 2376 2377
f 2353 2377 2354
f 2354 2377 2378
f 2354 2378 2355
f 2355 2378 2379
f 2355 2379 2356
f 2356 2379 2380
f 2356 2380 2357
f 2357 2380 2381
f 2357 2381 2358
f 2358 2381 2382
f 2358 2382 2359
f 2359 2382 2383
f 2359 2383 2360
f 2360 2383 2384
f 2360 2384 2361
f 2361 2384 2385
f 2361 2385 2362
f 2362 2385 2386
f 2362 2386 2363
f 2363 2386 2387
f 2363 2387 2364
f 2364 2387 2388
f 2364 2388 2365
f 2365 2388 2389
f 2365 2389 2366
f 2366 2389 2390
f 2366 2390 2343
f 2343 2390 2367
f 2367 2391 2368
f 2368 2391 2392
f 2368 2392 2369
f 2369 2392 2393
f 2369 2393 2370
f 2370 2393 2394
f 2370 2394 2371
f 2371 2394 2395
f 2371 2395 2372
f 2372 2395 2396
f 2372 2396 2373
f 2373 2396 2397
f 2373 2397 2374
f 2374 2397 2398
f 2374 2398 2375
f 2375 2398 2399
f 2375 2399 2376
f 2376 2399 2400
f 2376 2400 2377
f 2377 2400 2401
f 2377 2401 2378
f 2378 2401 2402
f 2378 2402 2379
f 2379 2402 2403
f 2379 2403 2380
f 2380 2403 2404
f 2380 2404 2381
f 2381 2404 2405
f 2381 2405 2382
f 2382 2405 2406
f 2382 2406 2383
f 2383 2406 2407
f 2383 2407 2384
f 2384 2407 2408
f 2384 2408 2385
f 2385 2408 2409
f 2385 2409 2386
f 2386 2409 2410
f 2386 2410 2387
f 2387 2410 2411
f 2387 2411 2388
f 2388 2411 2412
f 2388 2412 2389
f 2389 2412 2413
f 2389 2413 2390
f 2390 2413 2414
f 2390 2414 2367
f 2367 2414 2391
f 2391 2415 2392
f 2392 2415 2416
f 2392 2416 2393
f 2393 2416 2417
f 2393 2417 2394
f 2394 2417 2418
f 2394 2418 2395
f 2395 2418 2419
f 2395 2419 2396
f 2396 2419 2420
f 2396 2420 2397
f 2397 2420 2421
f 2397 2421 2398
f 2398 2421 2422
f 2398 2422 2399
f 2399 2422 2423
f 2399 2423 2400
f 2400 2423 2424
f 2400 2424 2401
f 2401 2424 2425
f 2401 2425 2402
f 2402 2425 2426
f 2402 2426 2403
f 2403 2426 2427
f 2403 2427 2404
f 2404 2427 2428
f 2404 2428 2405
f 2405 2428 2429
f 2405 2429 2406
f 2406 2429 2430
f 2406 2430 2407
f 2407 2430 2431
f 2407 2431 2408
f 2408 2431 2432
f 2408 2432 2409
f 2409 2432 2433
f 2409 2433 2410
f 2410 2433 2434
f 2410 2434 2411
f 2411 2434 2435
f 2411 2435 2412
f 2412 2435 2436
f 2412 2436 2413
f 2413 2436 2437
f 2413 2437 2414
f 2414 2437 2438
f 2414 2438 2391
f 2391 2438 2415
f 2415 2439 2416
f 2416 2439 2440
f 2416 2440 2417
f 2417 2440 2441
f 2417 2441 2418
f 2418 2441 2442
f 2418 2442 2419
f 2419 2442 2443
f 2419 2443 2420
f 2420 2443 2444
f 2420 2444 2421
f 2421 2444 2445
f 2421 2445 2422
f 2422 2445 2446
f 2422 2446 2423
f 2423 2446 2447
f 2423 2447 2424
f 2424 2447 2448
f 2424 2448 2425
f 2425 2448 2449
f 2425 2449 2426
f 2426 2449 2450
f 2426 2450 2427
f 2427 2450 2451
f 2427 2451 2428
f 2428 2451 2452
f 2428 2452 2429
f 2429 2452 2453
f 2429 2453 2430
f 2430 2453 2454
f 2430 2454 2431
f 2431 2454 2455
f 2431 2455 2432
f 2432 2455 2456
f 2432 2456 2433
f 2433 2456 2457
f 2433 2457 2434
f 2434 2457 2458
f 2434 2458 2435
f 2435 2458 2459
f 2435 2459 2436
f 2436 2459 2460
f 2436 2460 2437
f 2437 2460 2461
f 2437 2461 2438
f 2438 2461 2462
f 2438 2462 2415
f 2415 2462 2439
f 2439 2463 2440
f 2440 2463 2464
f 2440 2464 2441
f 2441 2464 2465
f 2441 2465 2442
f 2442 2465 2466
f 2442 2466 2443
f 2443 2466 2467
f 2443 2467 2444
f 2444 2467 2468
f 2444 2468 2445
f 2445 2468 2469
f 2445 2469 2446
f 2446 2469 2470
f 2446 2470 2447
f 2447 2470 2471
f 2447 2471 2448
f 2448 2471 2472
f 2448 2472 2449
f 2449 2472 2473
f 2449 2473 2450
f 2450 2473 2474
f 2450 2474 2451
f 2451 2474 2475
f 2451 2475 2452
f 2452 2475 2476
f 2452 2476 2453
f 2453 2476 2477
f 2453 2477 2454
f 2454 2477 2478
f 2454 2478 2455
f 2455 2478 2479
f 2455 2479 2456
f 2456 2479 2480
f 2456 2480 2457
f 2457 2480 2481
f 2457 2481 2458
f 2458 2481 2482
f 2458 2482 2459
f 2459 2482 2483
f 2459 2483 2460
f 2460 2483 2484
f 2460 2484 2461
f 2461 2484 2485
f 2461 2485 2462
f 2462 2485 2486
f 2462 2486 2439
f 2439 2486 2463
f 2463 2487 2464
f 2464 2487 2488
f 2464 2488 2465
f 2465 2488 2489
f 2465 2489 2466
f 2466 2489 2490
f 2466 2490 2467
f 2467 2490 2491
f 2467 2491 2468
f 2468 2491 2492
f 2468 2492 2469
f 2469 2492 2493
f 2469 2493 2470
f 2470 2493 2494
f 2470 2494 2471
f 2471 2494 2495
f 2471 2495 2472
f 2472 2495 2496
f 2472 2496 2473
f 2473 2496 2497
f 2473 2497 2474
f 2474 2497 2498
f 2474 2498 2475
f 2475 2498 2499
f 2475 2499 2476
f 2476 2499 2500
f 2476 2500 2477
f 2477 2500 2501
f 2477 2501 2478
f 2478 2501 2502
f 2478 2502 2479
f 2479 2502 2503
f 2479 2503 2480
f 2480 2503 2504
f 2480 2504 2481
f 2481 2504 2505
f 2481 2505 2482
f 2482 2505 2506
f 2482 2506 2483
f 2483 2506 2507
f 2483 2507 2484
f 2484 2507 2508
f 2484 2508 2485
f 2485 2508 2509
f 2485 2509 2486
f 2486 2509 2510
f 2486 2510 2463
f 2463 2510 2487
f 2487 2511 2488
f 2488 2511 2512
f 2488 2512 2489
f 2489 2512 2513
f 2489 2513 2490
f 2490 2513 2514
f 2490 2514 2491
f 2491 2514 2515
f 2491 2515 2492
f 2492 2515 2516
f 2492 2516 2493
f 2493 2516 2517
f 2493 2517 2494
f 2494 2517 2518
f 2494 2518 2495
f 2495 2518 2519
f 2495 2519 2496
f 2496 2519 2520
f 2496 2520 2497
f 2497 2520 2521
f 2497 2521 2498
f 2498 2521 2522
f 2498 2522 2499
f 2499 2522 2523
f 2499 2523 2500
f 2500 2523 2524
f 2500 2524 2501
f 2501 2524 2525
f 2501 2525 2502
f 2502 2525 2526
f 2502 2526 2503
f 2503 2526 2527
f 2503 2527 2504
f 2504 2527 2528
f 2504 2528 2505
f 2505 2528 2529
f 2505 2529 2506
f 2506 2529 2530
f 2506 2530 2507
f 2507 2530 2531
f 2507 2531 2508
f 2508 2531 2532
f 2508 2532 2509
f 2509 2532 2533
f 2509 2533 2510
f 2510 2533 2534
f 2510 2534 2487
f 2487 2534 2511
f 2511 2535 2512
f 2512 2535 2536
f 2512 2536 2513
f 2513 2536 2537
f 2513 2537 2514
f 2514 2537 2538
f 2514 2538 2515
f 2515 2538 2539
f 2515 2539 2516
f 2516 2539 2540
f 2516 2540 2517
f 2517 2540 2541
f 2517 2541 2518
f 2518 2541 2542
f 2518 2542 2519
f 2519 2542 2543
f 2519 2543 2520
f 2520 2543 2544
f 2520 2544 2521
f 2521 2544 2545
f 2521 2545 2522
f 2522 2545 2546
f 2522 2546 2523
f 2523 2546 2547
f 2523 2547 2524
f 2524 2547 2548
f 2524 2548 2525
f 2525 2548 2549
f 2525 2549 2526
f 2526 2549 2550
f 2526 2550 2527
f 2527 2550 2551
f 2527 2551 2528
f 2528 2551 2552
f 2528 2552 2529
f 2529 2552 2553
f 2529 2553 2530
f 2530 2553 2554
f 2530 2554 2531
f 2531 2554 2555
f 2531 2555 2532
f 2532 2555 2556
f 2532 2556 2533
f 2533 2556 2557
f 2533 2557 2534
f 2534 2557 2558
f 2534 2558 2511
f 2511 2558 2535
f 2535 2559 2536
f 2536 2559 2560
f 2536 2560 2537
f 2537 2560 2561
f 2537 2561 2538
f 2538 2561 2562
f 2538 2562 2539
f 2539 2562 2563
f 2539 2563 2540
f 2540 2563 2564
f 2540 2564 2541
f 2541 2564 2565
f 2541 2565 2542
f 2542 2565 2566
f 2542 2566 2543
f 2543 2566 2567
f 2543 2567 2544
f 2544 2567 2568
f 2544 2568 2545
f 2545 2568 2569
f 2545 2569 2546
f 2546 2569 2570
f 2546 2570 2547
f 2547 2570 2571
f 2547 2571 2548
f 2548 2571 2572
f 2548 2572 2549
f 2549 2572 2573
f 2549 2573 2550
f 2550 2573 2574
f 2550 2574 2551
f 2551 2574 2575
f 2551 2575 2552
f 2552 2575 2576
f 2552 2576 2553
f 2553 2576 2577
f 2553 2577 2554
f 2554 2577 2578
f 2554 2578 2555
f 2555 2578 2579
f 2555 2579 2556
f 2556 2579 2580
f 2556 2580 2557
f 2557 2580 2581
f 2557 2581 2558
f 2558 2581 2582
f 2558 2582 2535
f 2535 2582 2559
f 2559 2583 2560
f 2560 2583 2584
f 2560 2584 2561
f 2561 2584 2585
f 2561 2585 2562
f 2562 2585 2586
f 2562 2586 2563
f 2563 2586 2587
f 2563 2587 2564
f 2564 2587 2588
f 2564 2588 2565
f 2565 2588 2589
f 2565 2589 2566
f 2566 2589 2590
f 2566 2590 2567
f 2567 2590 2591
f 2567 2591 2568
f 2568 2591 2592
f 2568 2592 2569
f 2569 2592 2593
f 2569 2593 2570
f 2570 2593 2594
f 2570 2594 2571
f 2571 2594 2595
f 2571 2595 2572
f 2572 2595 2596
f 2572 2596 2573
f 2573 2596 2597
f 2573 2597 2574
f 2574 2597 2598
f 2574 2598 2575
f 2575 2598 2599
f 2575 2599 2576
f 2576 2599 2600
f 2576 2600 2577
f 2577 2600 2601
f 2577 2601 2578
f 2578 2601 2602
f 2578 2602 2579
f 2579 2602 2603
f 2579 2603 2580
f 2580 2603 2604
f 2580 2604 2581
f 2581 2604 2605
f 2581 2605 2582
f 2582 2605 2606
f 2582 2606 2559
f 2559 2606 2583
f 2583 2607 2584
f 2584 2607 2608
f 2584 2608 2585
f 2585 2608 2609
f 2585 2609 2586
f 2586 2609 2610
f 2586 2610 2587
f 2587 2610 2611
f 2587 2611 2588
f 2588 2611 2612
f 2588 2612 2589
f 2589 2612 2613
f 2589 2613 2590
f 2590 2613 2614
f 2590 2614 2591
f 2591 2614 2615
f 2591 2615 2592
f 2592 2615 2616
f 2592 2616 2593
f 2593 2616 2617
f 2593 2617 2594
f 2594 2617 2618
f 2594 2618 2595
f 2595 2618 2619
f 2595 2619 2596
f 2596 2619 2620
f 2596 2620 2597
f 2597 2620 2621
f 2597 2621 2598
f 2598 2621 2622
f 2598 2622 2599
f 2599 2622 2623
f 2599 2623 2600
f 2600 2623 2624
f 2600 2624 2601
f 2601 2624 2625
f 2601 2625 2602
f 2602 2625 2626
f 2602 2626 2603
f 2603 2626 2627
f 2603 2627 2604
f 2604 2627 2628
f 2604 2628 2605
f 2605 2628 2629
f 2605 2629 2606
f 2606 2629 2630
f 2606 2630 2583
f 2583 2630 2607
f 2607 2631 2608
f 2608 2631 2632
f 2608 2632 2609
f 2609 2632 2633
f 2609 2633 2610
f 2610 2633 2634
f 2610 2634 2611
f 2611 2634 2635
f 2611 2635 2612
f 2612 2635 2636
f 2612 2636 2613
f 2613 2636 2637
f 2613 2637 2614
f 2614 2637 2638
f 2614 2638 2615
f 2615 2638 2639
f 2615 2639 2616
f 2616 2639 2640
f 2616 2640 2617
f 2617 2640 2641
f 2617 2641 2618
f 2618 2641 2642
f 2618 2642 2619
f 2619 2642 2643
f 2619 2643 2620
f 2620 2643 2644
f 2620 2644 2621
f 2621 2644 2645
f 2621 2645 2622
f 2622 2645 2646
f 2622 2646 2623
f 2623 2646 2647
f 2623 2647 2624
f 2624 2647 2648
f 2624 2648 2625
f 2625 2648 2649
f 2625 2649 2626
f 2626 2649 2650
f 2626 2650 2627
f 2627 2650 2651
f 2627 2651 2628
f 2628 2651 2652
f 2628 2652 2629
f 2629 2652 2653
f 2629 2653 2630
f 2630 2653 2654
f 2630 2654 2607
f 2607 2654 2631
f 2631 2655 2632
f 2632 2655 2656
f 2632 2656 2633
f 2633 2656 2657
f 2633 2657 2634
f 2634 2657 2658
f 2634 2658 2635
f 2635 2658 2659
f 2635 2659 2636
f 2636 2659 2660
f 2636 2660 2637
f 2637 2660 2661
f 2637 2661 2638
f 2638 2661 2662
f 2638 2662 2639
f 2639 2662 2663
f 2639 2663 2640
f 2640 2663 2664
f 2640 2664 2641
f 2641 2664 2665
f 2641 2665 2642
f 2642 2665 2666
f 2642 2666 2643
f 2643 2666 2667
f 2643 2667 2644
f 2644 2667 2668
f 2644 2668 2645
f 2645 2668 2669
f 2645 2669 2646
f 2646 2669 2670
f 2646 2670 2647
f 2647 2670 2671
f 2647 2671 2648
f 2648 2671 2672
f 2648 2672 2649
f 2649 2672 2673
f 2649 2673 2650
f 2650 2673 2674
f 2650 2674 2651
f 2651 2674 2675
f 2651 2675 2652
f 2652 2675 2676
f 2652 2676 2653
f 2653 2676 2677
f 2653 2677 2654
f 2654 2677 2678
f 2654 2678 2631
f 2631 2678 2655
f 2655 2679 2656
f 2656 2679 2680
f 2656 2680 2657
f 2657 2680 2681
f 2657 2681 2658
f 2658 2681 2682
f 2658 2682 2659
f 2659 2682 2683
f 2659 2683 2660
f 2660 2683 2684
f 2660 2684 2661
f 2661 2684 2685
f 2661 2685 2662
f 2662 2685 2686
f 2662 2686 2663
f 2663 2686 2687
f 2663 2687 2664
f 2664 2687 2688
f 2664 2688 2665
f 2665 2688 2689
f 2665 2689 2666
f 2666 2689 2690
f 2666 2690 2667
f 2667 2690 2691
f 2667 2691 2668
f 2668 2691 2692
f 2668 2692 2669
f 2669 2692 2693
f 2669 2693 2670
f 2670 2693 2694
f 2670 2694 2671
f 2671 2694 2695
f 2671 2695 2672
f 2672 2695 2696
f 2672 2696 2673
f 2673 2696 2697
f 2673 2697 2674
f 2674 2697 2698
f 2674 2698 2675
f 2675 2698 2699
f 2675 2699 2676
f 2676 2699 2700
f 2676 2700 2677
f 2677 2700 2701
f 2677 2701 2678
f 2678 2701 2702
f 2678 2702 2655
f 2655 2702 2679
f 2679 2703 2680
f 2680 2703 2704
f 2680 2704 2681
f 2681 2704 2705
f 2681 2705 2682
f 2682 2705 2706
f 2682 2706 2683
f 2683 2706 2707
f 2683 2707 2684
f 2684 2707 2708
f 2684 2708 2685
f 2685 2708 2709
f 2685 2709 2686
f 2686 2709 2710
f 2686 2710 2687
f 2687 2710 2711
f 2687 2711 2688
f 2688 2711 2712
f 2688 2712 2689
f 2689 2712 2713
f 2689 2713 2690
f 2690 2713 2714
f 2690 2714 2691
f 2691 2714 2715
f 2691 2715 2692
f 2692 2715 2716
f 2692 2716 2693
f 2693 2716 2717
f 2693 2717 2694
f 2694 2717 2718
f 2694 2718 2695
f 2695 2718 2719
f 2695 2719 2696
f 2696 2719 2720
f 2696 2720 2697
f 2697 2720 2721
f 2697 2721 2698
f 2698 2721 2722
f 2698 2722 2699
f 2699 2722 2723
f 2699 2723 2700
f 2700 2723 2724
f 2700 2724 2701
f 2701 2724 2725
f 2701 2725 2702
f 2702 2725 2726
f 2702 2726 2679
f 2679 2726 2703
f 2703 2727 2704
f 2704 2727 2728
f 2704 2728 2705
f 2705 2728 2729
f 2705 2729 2706
f 2706 2729 2730
f 2706 2730 2707
f 2707 2730 2731
f 2707 2731 2708
f 2708 2731 2732
f 2708 2732 2709
f 2709 2732 2733
f 2709 2733 2710
f 2710 2733 2734
f 2710 2734 2711
f 2711 2734 2735
f 2711 2735 2712
f 2712 2735 2736
f 2712 2736 2713
f 2713 2736 2737
f 2713 2737 2714
f 2714 2737 2738
f 2714 2738 2715
f 2715 2738 2739
f 2715 2739 2716
f 2716 2739 2740
f 2716 2740 2717
f 2717 2740 2741
f 2717 2741 2718
f 2718 2741 2742
f 2718 2742 2719
f 2719 2742 2743
f 2719 2743 2720
f 2720 2743 2744
f 2720 2744 2721
f 2721 2744 2745
f 2721 2745 2722
f 2722 2745 2746
f 2722 2746 2723
f 2723 2746 2747
f 2723 2747 2724
f 2724 2747 2748
f 2724 2748 2725
f 2725 2748 2749
f 2725 2749 2726
f 2726 2749 2750
f 2726 2750 2703
f 2703 2750 2727
f 2727 2751 2728
f 2728 2751 2752
f 2728 2752 2729
f 2729 2752 2753
f 2729 2753 2730
f 2730 2753 2754
f 2730 2754 2731
f 2731 2754 2755
f 2731 2755 2732
f 2732 2755 2756
f 2732 2756 2733
f 2733 2756 2757
f 2733 2757 2734
f 2734 2757 2758
f 2734 2758 2735
f 2735 2758 2759
f 2735 2759 2736
f 2736 2759 2760
f 2736 2760 2737
f 2737 2760 2761
f 2737 2761 2738
f 2738 2761 2762
f 2738 2762 2739
f 2739 2762 2763
f 2739 2763 2740
f 2740 2763 2764
f 2740 2764 2741
f 2741 2764 2765
f 2741 2765 2742
f 2742 2765 2766
f 2742 2766 2743
f 2743 2766 2767
f 2743 2767 2744
f 2744 2767 2768
f 2744 2768 2745
f 2745 2768 2769
f 2745 2769 2746
f 2746 2769 2770
f 2746 2770 2747
f 2747 2770 2771
f 2747 2771 2748
f 2748 2771 2772
f 2748 2772 2749
f 2749 2772 2773
f 2749 2773 2750
f 2750 2773 2774
f 2750 2774 2727
f 2727 2774 2751
f 2751 2775 2752
f 2752 2775 2776
f 2752 2776 2753
f 2753 2776 2777
f 2753 2777 2754
f 2754 2777 2778
f 2754 2778 2755
f 2755 2778 2779
f 2755 2779 2756
f 2756 2779 2780
f 2756 2780 2757
f 2757 2780 2781
f 2757 2781 2758
f 2758 2781 2782
f 2758 2782 2759
f 2759 2782 2783
f 2759 2783 2760
f 2760 2783 2784
f 2760 2784 2761
f 2761 2784 2785
f 2761 2785 2762
f 2762 2785 2786
f 2762 2786 2763
f 2763 2786 2787
f 2763 2787 2764
f 2764 2787 2788
f 2764 2788 2765
f 2765 2788 2789
f 2765 2789 2766
f 2766 2789 2790
f 2766 2790 2767
f 2767 2790 2791
f 2767 2791 2768
f 2768 2791 2792
f 2768 2792 2769
f 2769 2792 2793
f 2769 2793 2770
f 2770 2793 2794
f 2770 2794 2771
f 2771 2794 2795
f 2771 2795 2772
f 2772 2795 2796
f 2772 2796 2773
f 2773 2796 2797
f 2773 2797 2774
f 2774 2797 2798
f 2774 2798 2751
f 2751 2798 2775
f 2775 2799 2776
f 2776 2799 2800
f 2776 2800 2777
f 2777 2800 2801
f 2777 2801 2778
f 2778 2801 2802
f 2778 2802 2779
f 2779 2802 2803
f 2779 2803 2780
f 2780 2803 2804
f 2780 2804 2781
f 2781 2804 2805
f 2781 2805 2782
f 2782 2805 2806
f 2782 2806 2783
f 2783 2806 2807
f 2783 2807 2784
f 2784 2807 2808
f 2784 2808 2785
f 2785 2808 2809
f 2785 2809 2786
f 2786 2809 2810
f 2786 2810 2787
f 2787 2810 2811
f 2787 2811 2788
f 2788 2811 2812
f 2788 2812 2789
f 2789 2812 2813
f 2789 2813 2790
f 2790 2813 2814
f 2790 2814 2791
f 2791 2814 2815
f 2791 2815 2792
f 2792 2815 2816
f 2792 2816 2793
f 2793 2816 2817
f 2793 2817 2794
f 2794 2817 2818
f 2794 2818 2795
f 2795 2818 2819
f 2795 2819 2796
f 2796 2819 2820
f 2796 2820 2797
f 2797 2820 2821
f 2797 2821 2798
f 2798 2821 2822
f 2798 2822 2775
f 2775 2822 2799
f 2799 2823 2800
f 2800 2823 2824
f 2800 2824 2801
f 2801 2824 2825
f 2801 2825 2802
f 2802 2825 2826
f 2802 2826 2803
f 2803 2826 2827
f 2803 2827 2804
f 2804 2827 2828
f 2804 2828 2805
f 2805 2828 2829
f 2805 2829 2806
f 2806 2829 2830
f 2806 2830 2807
f 2807 2830 2831
f 2807 2831 2808
f 2808 2831 2832
f 2808 2832 2809
f 2809 2832 2833
f 2809 2833 2810
f 2810 2833 2834
f 2810 2834 2811
f 2811 2834 2835
f 2811 2835 2812
f 2812 2835 2836
f 2812 2836 2813
f 2813 2836 2837
f 2813 2837 2814
f 2814 2837 2838
f 2814 2838 2815
f 2815 2838 2839
f 2815 2839 2816
f 2816 2839 2840
f 2816 2840 2817
f 2817 2840 2841
f 2817 2841 2818
f 2818 2841 2842
f 2818 2842 2819
f 2819 2842 2843
f 2819 2843 2820
f 2820 2843 2844
f 2820 2844 2821
f 2821 2844 2845
f 2821 2845 2822
f 2822 2845 2846
f 2822 2846 2799
f 2799 2846 2823
f 2823 2847 2824
f 2824 2847 2848
f 2824 2848 2825
f 2825 2848 2849
f 2825 2849 2826
f 2826 2849 2850
f 2826 2850 2827
f 2827 2850 2851
f 2827 2851 2828
f 2828 2851 2852
f 2828 2852 2829
f 2829 2852 2853
f 2829 2853 2830
f 2830 2853 2854
f 2830 2854 2831
f 2831 2854 2855
f 2831 2855 2832
f 2832 2855 2856
f 2832 2856 2833
f 2833 2856 2857
f 2833 2857 2834
f 2834 2857 2858
f 2834 2858 2835
f 2835 2858 2859
f 2835 2859 2836
f 2836 2859 2860
f 2836 2860 2837
f 2837 2860 2861
f 2837 2861 2838
f 2838 2861 2862
f 2838 2862 2839
f 2839 2862 2863
f 2839 2863 2840
f 2840 2863 2864
f 2840 2864 2841
f 2841 2864 2865
f 2841 2865 2842
f 2842 2865 2866
f 2842 2866 2843
f 2843 2866 2867
f 2843 2867 2844
f 2844 2867 2868
f 2844 2868 2845
f 2845 2868 2869
f 2845 2869 2846
f 2846 2869 2870
f 2846 2870 2823
f 2823 2870 2847
f 2847 2871 2848
f 2848 2871 2872
f 2848 2872 2849
f 2849 2872 2873
f 2849 2873 2850
f 2850 2873 2874
f 2850 2874 2851
f 2851 2874 2875
f 2851 2875 2852
f 2852 2875 2876
f 2852 2876 2853
f 2853 2876 2877
f 2853 2877 2854
f 2854 2877 2878
f 2854 2878 2855
f 2855 2878 2879
f 2855 2879 2856
f 2856 2879 2880
f 2856 2880 2857
f 2857 2880 2881
f 2857 2881 2858
f 2858 2881 2882
f 2858 2882 2859
f 2859 2882 2883
f 2859 2883 2860
f 2860 2883 2884
f 2860 2884 2861
f 2861 2884 2885
f 2861 2885 2862
f 2862 2885 2886
f 2862 2886 2863
f 2863 2886 2887
f 2863 2887 2864
f 2864 2887 2888
f 2864 2888 2865
f 2865 2888 2889
f 2865 2889 2866
f 2866 2889 2890
f 2866 2890 2867
f 2867 2890 2891
f 2867 2891 2868
f 2868 2891 2892
f 2868 2892 2869
f 2869 2892 2893
f 2869 2893 2870
f 2870 2893 2894
f 2870 2894 2847
f 2847 2894 2871
f 2871 2895 2872
f 2872 2895 2896
f 2872 2896 2873
f 2873 2896 2897
f 2873 2897 2874
f 2874 2897 2898
f 2874 2898 2875
f 2875 2898 2899
f 2875 2899 2876
f 2876 2899 2900
f 2876 2900 2877
f 2877 2900 2901
f 2877 2901 2878
f 2878 2901 2902
f 2878 2902 2879
f 2879 2902 2903
f 2879 2903 2880
f 2880 2903 2904
f 2880 2904 2881
f 2881 2904 2905
f 2881 2905 2882
f 2882 2905 2906
f 2882 2906 2883
f 2883 2906 2907
f 2883 2907 2884
f 2884 2907 2908
f 2884 2908 2885
f 2885 2908 2909
f 2885 2909 2886
f 2886 2909 2910
f 2886 2910 2887
f 2887 2910 2911
f 2887 2911 2888
f 2888 2911 2912
f 2888 2912 2889
f 2889 2912 2913
f 2889 2913 2890
f 2890 2913 2914
f 2890 2914 2891
f 2891 2914 2915
f 2891 2915 2892
f 2892 2915 2916
f 2892 2916 2893
f 2893 2916 2917
f 2893 2917 2894
f 2894 2917 2918
f 2894 2918 2871
f 2871 2918 2895
f 2895 2919 2896
f 2896 2919 2920
f 2896 2920 2897
f 2897 2920 2921
f 2897 2921 2898
f 2898 2921 2922
f 2898 2922 2899
f 2899 2922 2923
f 2899 2923 2900
f 2900 2923 2924
f 2900 2924 2901
f 2901 2924 2925
f 2901 2925 2902
f 2902 2925 2926
f 2902 2926 2903
f 2903 2926 2927
f 2903 2927 2904
f 2904 2927 2928
f 2904 2928 2905
f 2905 2928 2929
f 2905 2929 2906
f 2906 2929 2930
f 2906 2930 2907
f 2907 2930 2931
f 2907 2931 2908
f 2908 2931 2932
f 2908 2932 2909
f 2909 2932 2933
f 2909 2933 2910
f 2910 2933 2934
f 2910 2934 2911
f 2911 2934 2935
f 2911 2935 2912
f 2912 2935 2936
f 2912 2936 2913
f 2913 2936 2937
f 2913 2937 2914
f 2914 2937 2938
f 2914 2938 2915
f 2915 2938 2939
f 2915 2939 2916
f 2916 2939 2940
f 2916 2940 2917
f 2917 2940 2941
f 2917 2941 2918
f 2918 2941 2942
f 2918 2942 2895
f 2895 2942 2919
f 2919 2943 2920
f 2920 2943 2944
f 2920 2944 2921
f 2921 2944 2945
f 2921 2945 2922
f 2922 2945 2946
f 2922 2946 2923
f 2923 2946 2947
f 2923 2947 2924
f 2924 2947 2948
f 2924 2948 2925
f 2925 2948 2949
f 2925 2949 2926
f 2926 2949 2950
f 2926 2950 2927
f 2927 2950 2951
f 2927 2951 2928
f 2928 2951 2952
f 2928 2952 2929
f 2929 2952 2953
f 2929 2953 2930
f 2930 2953 2954
f 2930 2954 2931
f 2931 2954 2955
f 2931 2955 2932
f 2932 2955 2956
f 2932 2956 2933
f 2933 2956 2957
f 2933 2957 2934
f 2934 2957 2958
f 2934 2958 2935
f 2935 2958 2959
f 2935 2959 2936
f 2936 2959 2960
f 2936 2960 2937
f 2937 2960 2961
f 2937 2961 2938
f 2938 2961 2962
f 2938 2962 2939
f 2939 2962 2963
f 2939 2963 2940
f 2940 2963 2964
f 2940 2964 2941
f 2941 2964 2965
f 2941 2965 2942
f 2942 2965 2966
f 2942 2966 2919
f 2919 2966 2943
f 2943 2967 2944
f 2944 2967 2968
f 2944 2968 2945
f 2945 2968 2969
f 2945 2969 2946
f 2946 2969 2970
f 2946 2970 2947
f 2947 2970 2971
f 2947 2971 2948
f 2948 2971 2972
f 2948 2972 2949
f 2949 2972 2973
f 2949 2973 2950
f 2950 2973 2974
f 2950 2974 2951
f 2951 2974 2975
f 2951 2975 2952
f 2952 2975 2976
f 2952 2976 2953
f 2953 2976 2977
f 2953 2977 2954
f 2954 2977 2978
f 2954 2978 2955
f 2955 2978 2979
f 2955 2979 2956
f 2956 2979 2980
f 2956 2980 2957
f 2957 2980 2981
f 2957 2981 2958
f 2958 2981 2982
f 2958 2982 2959
f 2959 2982 2983
f 2959 2983 2960
f 2960 2983 2984
f 2960 2984 2961
f 2961 2984 2985
f 2961 2985 2962
f 2962 2985 2986
f 2962 2986 2963
f 2963 2986 2987
f 2963 2987 2964
f 2964 2987 2988
f 2964 2988 2965
f 2965 2988 2989
f 2965 2989 2966
f 2966 2989 2990
f 2966 2990 2943
f 2943 2990 2967
f 2967 2991 2968
f 2968 2991 2992
f 2968 2992 2969
f 2969 2992 2993
f 2969 2993 2970
f 2970 2993 2994
f 2970 2994 2971
f 2971 2994 2995
f 2971 2995 2972
f 2972 2995 2996
f 2972 2996 2973
f 2973 2996 2997
f 2973 2997 2974
f 2974 2997 2998
f 2974 2998 2975
f 2975 2998 2999
f 2975 2999 2976
f 2976 2999 3000
f 2976 3000 2977
f 2977 3000 3001
f 2977 3001 2978
f 2978 3001 3002
f 2978 3002 2979
f 2979 3002 3003
f 2979 3003 2980
f 2980 3003 3004
f 2980 3004 2981
f 2981 3004 3005
f 2981 3005 2982
f 2982 3005 3006
f 2982 3006 2983
f 2983 3006 3007
f 2983 3007 2984
f 2984 3007 3008
f 2984 3008 2985
f 2985 3008 3009
f 2985 3009 2986
f 2986 3009 3010
f 2986 3010 2987
f 2987 3010 3011
f 2987 3011 2988
f 2988 3011 3012
f 2988 3012 2989
f 2989 3012 3013
f 2989 3013 2990
f 2990 3013 3014
f 2990 3014 2967
f 2967 3014 2991
f 2991 3015 2992
f 2992 3015 3016
f 2992 3016 2993
f 2993 3016 3017
f 2993 3017 2994
f 2994 3017 3018
f 2994 3018 2995
f 2995 3018 3019
f 2995 3019 2996
f 2996 3019 3020
f 2996 3020 2997
f 2997 3020 3021
f 2997 3021 2998
f 2998 3021 3022
f 2998 3022 2999
f 2999 3022 3023
f 2999 3023 3000
f 3000 3023 3024
f 3000 3024 3001
f 3001 3024 3025
f 3001 3025 3002
f 3002 3025 3026
f 3002 3026 3003
f 3003 3026 3027
f 3003 3027 3004
f 3004 3027 3028
f 3004 3028 3005
f 3005 3028 3029
f 3005 3029 3006
f 3006 3029 3030
f 3006 3030 3007
f 3007 3030 3031
f 3007 3031 3008
f 3008 3031 3032
f 3008 3032 3009
f 3009 3032 3033
f 3009 3033 3010
f 3010 3033 3034
f 3010 3034 3011
f 3011 3034 3035
f 3011 3035 3012
f 3012 3035 3036
f 3012 3036 3013
f 3013 3036 3037
f 3013 3037 3014
f 3014 3037 3038
f 3014 3038 2991
f 2991 3038 3015
f 3015 3039 3016
f 3016 3039 3040
f 3016 3040 3017
f 3017 3040 3041
f 3017 3041 3018
f 3018 3041 3042
f 3018 3042 3019
f 3019 3042 3043
f 3019 3043 3020
f 3020 3043 3044
f 3020 3044 3021
f 3021 3044 3045
f 3021 3045 3022
f 3022 3045 3046
f 3022 3046 3023
f 3023 3046 3047
f 3023 3047 3024
f 3024 3047 3048
f 3024 3048 3025
f 3025 3048 3049
f 3025 3049 3026
f 3026 3049 3050
f 3026 3050 3027
f 3027 3050 3051
f 3027 3051 3028
f 3028 3051 3052
f 3028 3052 3029
f 3029 3052 3053
f 3029 3053 3030
f 3030 3053 3054
f 3030 3054 3031
f 3031 3054 3055
f 3031 3055 3032
f 3032 3055 3056
f 3032 3056 3033
f 3033 3056 3057
f 3033 3057 3034
f 3034 3057 3058
f 3034 3058 3035
f 3035 3058 3059
f 3035 3059 3036
f 3036 3059 3060
f 3036 3060 3037
f 3037 3060 3061
f 3037 3061 3038
f 3038 3061 3062
f 3038 3062 3015
f 3015 3062 3039
f 3039 3063 3040
f 3040 3063 3064
f 3040 3064 3041
f 3041 3064 3065
f 3041 3065 3042
f 3042 3065 3066
f 3042 3066 3043
f 3043 3066 3067
f 3043 3067 3044
f 3044 3067 3068
f 3044 3068 3045
f 3045 3068 3069
f 3045 3069 3046
f 3046 3069 3070
f 3046 3070 3047
f 3047 3070 3071
f 3047 3071 3048
f 3048 3071 3072
f 3048 3072 3049
f 3049 3072 3073
f 3049 3073 3050
f 3050 3073 3074
f 3050 3074 3051
f 3051 3074 3075
f 3051 3075 3052
f 3052 3075 3076
f 3052 3076 3053
f 3053 3076 3077
f 3053 3077 3054
f 3054 3077 3078
f 3054 3078 3055
f 3055 3078 3079
f 3055 3079 3056
f 3056 3079 3080
f 3056 3080 3057
f 3057 3080 3081
f 3057 3081 3058
f 3058 3081 3082
f 3058 3082 3059
f 3059 3082 3083
f 3059 3083 3060
f 3060 3083 3084
f 3060 3084 3061
f 3061 3084 3085
f 3061 3085 3062
f 3062 3085 3086
f 3062 3086 3039
f 3039 3086 3063
f 3063 3087 3064
f 3064 3087 3088
f 3064 3088 3065
f 3065 3088 3089
f 3065 3089 3066
f 3066 3089 3090
f 3066 3090 3067
f 3067 3090 3091
f 3067 3091 3068
f 3068 3091 3092
f 3068 3092 3069
f 3069 3092 3093
f 3069 3093 3070
f 3070 3093 3094
f 3070 3094 3071
f 3071 3094 3095
f 3071 3095 3072
f 3072 3095 3096
f 3072 3096 3073
f 3073 3096 3097
f 3073 3097 3074
f 3074 3097 3098
f 3074 3098 3075
f 3075 3098 3099
f 3075 3099 3076
f 3076 3099 3100
f 3076 3100 3077
f 3077 3100 3101
f 3077 3101 3078
f 3078 3101 3102
f 3078 3102 3079
f 3079 3102 3103
f 3079 3103 3080
f 3080 3103 3104
f 3080 3104 3081
f 3081 3104 3105
f 3081 3105 3082
f 3082 3105 3106
f 3082 3106 3083
f 3083 3106 3107
f 3083 3107 3084
f 3084 3107 3108
f 3084 3108 3085
f 3085 3108 3109
f 3085 3109 3086
f 3086 3109 3110
f 3086 3110 3063
f 3063 3110 3087
f 3087 3111 3088
f 3088 3111 3112
f 3088 3112 3089
f 3089 3112 3113
f 3089 3113 3090
f 3090 3113 3114
f 3090 3114 3091
f 3091 3114 3115
f 3091 3115 3092
f 3092 3115 3116
f 3092 3116 3093
f 3093 3116 3117
f 3093 3117 3094
f 3094 3117 3118
f 3094 3118 3095
f 3095 3118 3119
f 3095 3119 3096
f 3096 3119 3120
f 3096 3120 3097
f 3097 3120 3121
f 3097 3121 3098
f 3098 3121 3122
f 3098 3122 3099
f 3099 3122 3123
f 3099 3123 3100
f 3100 3123 3124
f 3100 3124 3101
f 3101 3124 3125
f 3101 3125 3102
f 3102 3125 3126
f 3102 3126 3103
f 3103 3126 3127
f 3103 3127 3104
f 3104 3127 3128
f 3104 3128 3105
f 3105 3128 3129
f 3105 3129 3106
f 3106 3129 3130
f 3106 3130 3107
f 3107 3130 3131
f 3107 3131 3108
f 3108 3131 3132
f 3108 3132 3109
f 3109 3132 3133
f 3109 3133 3110
f 3110 3133 3134
f 3110 3134 3087
f 3087 3134 3111
f 3111 3135 3112
f 3112 3135 3136
f 3112 3136 3113
f 3113 3136 3137
f 3113 3137 3114
f 3114 3137 3138
f 3114 3138 3115
f 3115 3138 3139
f 3115 3139 3116
f 3116 3139 3140
f 3116 3140 3117
f 3117 3140 3141
f 3117 3141 3118
f 3118 3141 3142
f 3118 3142 3119
f 3119 3142 3143
f 3119 3143 3120
f 3120 3143 3144
f 3120 3144 3121
f 3121 3144 3145
f 3121 3145 3122
f 3122 3145 3146
f 3122 3146 3123
f 3123 3146 3147
f 3123 3147 3124
f 3124 3147 3148
f 3124 3148 3125
f 3125 3148 3149
f 3125 3149 3126
f 3126 3149 3150
f 3126 3150 3127
f 3127 3150 3151
f 3127 3151 3128
f 3128 3151 3152
f 3128 3152 3129
f 3129 3152 3153
f 3129 3153 3130
f 3130 3153 3154
f 3130 3154 3131
f 3131 3154 3155
f 3131 3155 3132
f 3132 3155 3156
f 3132 3156 3133
f 3133 3156 3157
f 3133 3157 3134
f 3134 3157 3158
f 3134 3158 3111
f 3111 3158 3135
f 3135 3159 3136
f 3136 3159 3160
f 3136 3160 3137
f 3137 3160 3161
f 3137 3161 3138
f 3138 3161 3162
f 3138 3162 3139
f 3139 3162 3163
f 3139 3163 3140
f 3140 3163 3164
f 3140 3164 3141
f 3141 3164 3165
f 3141 3165 3142
f 3142 3165 3166
f 3142 3166 3143
f 3143 3166 3167
f 3143 3167 3144
f 3144 3167 3168
f 3144 3168 3145
f 3145 3168 3169
f 3145 3169 3146
f 3146 3169 3170
f 3146 3170 3147
f 3147 3170 3171
f 3147 3171 3148
f 3148 3171 3172
f 3148 3172 3149
f 3149 3172 3173
f 3149 3173 3150
f 3150 3173 3174
f 3150 3174 3151
f 3151 3174 3175
f 3151 3175 3152
f 3152 3175 3176
f 3152 3176 3153
f 3153 3176 3177
f 3153 3177 3154
f 3154 3177 3178
f 3154 3178 3155
f 3155 3178 3179
f 3155 3179 3156
f 3156 3179 3180
f 3156 3180 3157
f 3157 3180 3181
f 3157 3181 3158
f 3158 3181 3182
f 3158 3182 3135
f 3135 3182 3159
f 3159 3183 3160
f 3160 3183 3184
f 3160 3184 3161
f 3161 3184 3185
f 3161 3185 3162
f 3162 3185 3186
f 3162 3186 3163
f 3163 3186 3187
f 3163 3187 3164
f 3164 3187 3188
f 3164 3188 3165
f 3165 3188 3189
f 3165 3189 3166
f 3166 3189 3190
f 3166 3190 3167
f 3167 3190 3191
f 3167 3191 3168
f 3168 3191 3192
f 3168 3192 3169
f 3169 3192 3193
f 3169 3193 3170
f 3170 3193 3194
f 3170 3194 3171
f 3171 3194 3195
f 3171 3195 3172
f 3172 3195 3196
f 3172 3196 3173
f 3173 3196 3197
f 3173 3197 3174
f 3174 3197 3198
f 3174 3198 3175
f 3175 3198 3199
f 3175 3199 3176
f 3176 3199 3200
f 3176 3200 3177
f 3177 3200 3201
f 3177 3201 3178
f 3178 3201 3202
f 3178 3202 3179
f 3179 3202 3203
f 3179 3203 3180
f 3180 3203 3204
f 3180 3204 3181
f 3181 3204 3205
f 3181 3205 3182
f 3182 3205 3206
f 3182 3206 3159
f 3159 3206 3183
f 3183 3207 3184
f 3184 3207 3208
f 3184 3208 3185
f 3185 3208 3209
f 3185 3209 3186
f 3186 3209 3210
f 3186 3210 3187
f 3187 3210 3211
f 3187 3211 3188
f 3188 3211 3212
f 3188 3212 3189
f 3189 3212 3213
f 3189 3213 3190
f 3190 3213 3214
f 3190 3214 3191
f 3191 3214 3215
f 3191 3215 3192
f 3192 3215 3216
f 3192 3216 3193
f 3193 3216 3217
f 3193 3217 3194
f 3194 3217 3218
f 3194 3218 3195
f 3195 3218 3219
f 3195 3219 3196
f 3196 3219 3220
f 3196 3220 3197
f 3197 3220 3221
f 3197 3221 3198
f 3198 3221 3222
f 3198 3222 3199
f 3199 3222 3223
f 3199 3223 3200
f 3200 3223 3224
f 3200 3224 3201
f 3201 3224 3225
f 3201 3225 3202
f 3202 3225 3226
f 3202 3226 3203
f 3203 3226 3227
f 3203 3227 3204
f 3204 3227 3228
f 3204 3228 3205
f 3205 3228 3229
f 3205 3229 3206
f 3206 3229 3230
f 3206 3230 3183
f 3183 3230 3207
f 3207 3231 3208
f 3208 3231 3232
f 3208 3232 3209
f 3209 3232 3233
f 3209 3233 3210
f 3210 3233 3234
f 3210 3234 3211
f 3211 3234 3235
f 3211 3235 3212
f 3212 3235 3236
f 3212 3236 3213
f 3213 3236 3237
f 3213 3237 3214
f 3214 3237 3238
f 3214 3238 3215
f 3215 3238 3239
f 3215 3239 3216
f 3216 3239 3240
f 3216 3240 3217
f 3217 3240 3241
f 3217 3241 3218
f 3218 3241 3242
f 3218 3242 3219
f 3219 3242 3243
f 3219 3243 3220
f 3220 3243 3244
f 3220 3244 3221
f 3221 3244 3245
f 3221 3245 3222
f 3222 3245 3246
f 3222 3246 3223
f 3223 3246 3247
f 3223 3247 3224
f 3224 3247 3248
f 3224 3248 3225
f 3225 3248 3249
f 3225 3249 3226
f 3226 3249 3250
f 3226 3250 3227
f 3227 3250 3251
f 3227 3251 3228
f 3228 3251 3252
f 3228 3252 3229
f 3229 3252 3253
f 3229 3253 3230
f 3230 3253 3254
f 3230 3254 3207
f 3207 3254 3231
f 3231 3255 3232
f 3232 3255 3256
f 3232 3256 3233
f 3233 3256 3257
f 3233 3257 3234
f 3234 3257 3258
f 3234 3258 3235
f 3235 3258 3259
f 3235 3259 3236
f 3236 3259 3260
f 3236 3260 3237
f 3237 3260 3261
f 3237 3261 3238
f 3238 3261 3262
f 3238 3262 3239
f 3239 3262 3263
f 3239 3263 3240
f 3240 3263 3264
f 3240 3264 3241
f 3241 3264 3265
f 3241 3265 3242
f 3242 3265 3266
f 3242 3266 3243
f 3243 3266 3267
f 3243 3267 3244
f 3244 3267 3268
f 3244 3268 3245
f 3245 3268 3269
f 3245 3269 3246
f 3246 3269 3270
f 3246 3270 3247
f 3247 3270 3271
f 3247 3271 3248
f 3248 3271 3272
f 3248 3272 3249
f 3249 3272 3273
f 3249 3273 3250
f 3250 3273 3274
f 3250 3274 3251
f 3251 3274 3275
f 3251 3275 3252
f 3252 3275 3276
f 3252 3276 3253
f 3253 3276 3277
f 3253 3277 3254
f 3254 3277 3278
f 3254 3278 3231
f 3231 3278 3255
f 3255 3279 3256
f 3256 3279 3280
f 3256 3280 3257
f 3257 3280 3281
f 3257 3281 3258
f 3258 3281 3282
f 3258 3282 3259
f 3259 3282 3283
f 3259 3283 3260
f 3260 3283 3284
f 3260 3284 3261
f 3261 3284 3285
f 3261 3285 3262
f 3262 3285 3286
f 3262 3286 3263
f 3263 3286 3287
f 3263 3287 3264
f 3264 3287 3288
f 3264 3288 3265
f 3265 3288 3289
f 3265 3289 3266
f 3266 3289 3290
f 3266 3290 3267
f 3267 3290 3291
f 3267 3291 3268
f 3268 3291 3292
f 3268 3292 3269
f 3269 3292 3293
f 3269 3293 3270
f 3270 3293 3294
f 3270 3294 3271
f 3271 3294 3295
f 3271 3295 3272
f 3272 3295 3296
f 3272 3296 3273
f 3273 3296 3297
f 3273 3297 3274
f 3274 3297 3298
f 3274 3298 3275
f 3275 3298 3299
f 3275 3299 3276
f 3276 3299 3300
f 3276 3300 3277
f 3277 3300 3301
f 3277 3301 3278
f 3278 3301 3302
f 3278 3302 3255
f 3255 3302 3279
f 3279 3303 3280
f 3280 3303 3304
f 3280 3304 3281
f 3281 3304 3305
f 3281 3305 3282
f 3282 3305 3306
f 3282 3306 3283
f 3283 3306 3307
f 3283 3307 3284
f 3284 3307 3308
f 3284 3308 3285
f 3285 3308 3309
f 3285 3309 3286
f 3286 3309 3310
f 3286 3310 3287
f 3287 3310 3311
f 3287 3311 3288
f 3288 3311 3312
f 3288 3312 3289
f 3289 3312 3313
f 3289 3313 3290
f 3290 3313 3314
f 3290 3314 3291
f 3291 3314 3315
f 3291 3315 3292
f 3292 3315 3316
f 3292 3316 3293
f 3293 3316 3317
f 3293 3317 3294
f 3294 3317 3318
f 3294 3318 3295
f 3295 3318 3319
f 3295 3319 3296
f 3296 3319 3320
f 3296 3320 3297
f 3297 3320 3321
f 3297 3321 3298
f 3298 3321 3322
f 3298 3322 3299
f 3299 3322 3323
f 3299 3323 3300
f 3300 3323 3324
f 3300 3324 3301
f 3301 3324 3325
f 3301 3325 3302
f 3302 3325 3326
f 3302 3326 3279
f 3279 3326 3303
f 3303 3327 3304
f 3304 3327 3328
f 3304 3328 3305
f 3305 3328 3329
f 3305 3329 3306
f 3306 3329 3330
f 3306 3330 3307
f 3307 3330 3331
f 3307 3331 3308
f 3308 3331 3332
f 3308 3332 3309
f 3309 3332 3333
f 3309 3333 3310
f 3310 3333 3334
f 3310 3334 3311
f 3311 3334 3335
f 3311 3335 3312
f 3312 3335 3336
f 3312 3336 3313
f 3313 3336 3337
f 3313 3337 3314
f 3314 3337 3338
f 3314 3338 3315
f 3315 3338 3339
f 3315 3339 3316
f 3316 3339 3340
f 3316 3340 3317
f 3317 3340 3341
f 3317 3341 3318
f 3318 3341 3342
f 3318 3342 3319
f 3319 3342 3343
f 3319 3343 3320
f 3320 3343 3344
f 3320 3344 3321
f 3321 3344 3345
f 3321 3345 3322
f 3322 3345 3346
f 3322 3346 3323
f 3323 3346 3347
f 3323 3347 3324
f 3324 3347 3348
f 3324 3348 3325
f 3325 3348 3349
f 3325 3349 3326
f 3326 3349 3350
f 3326 3350 3303
f 3303 3350 3327
f 3327 3351 3328
f 3328 3351 3352
f 3328 3352 3329
f 3329 3352 3353
f 3329 3353 3330
f 3330 3353 3354
f 3330 3354 3331
f 3331 3354 3355
f 3331 3355 3332
f 3332 3355 3356
f 3332 3356 3333
f 3333 3356 3357
f 3333 3357 3334
f 3334 3357 3358
f 3334 3358 3335
f 3335 3358 3359
f 3335 3359 3336
f 3336 3359 3360
f 3336 3360 3337
f 3337 3360 3361
f 3337 3361 3338
f 3338 3361 3362
f 3338 3362 3339
f 3339 3362 3363
f 3339 3363 3340
f 3340 3363 3364
f 3340 3364 3341
f 3341 3364 3365
f 3341 3365 3342
f 3342 3365 3366
f 3342 3366 3343
f 3343 3366 3367
f 3343 3367 3344
f 3344 3367 3368
f 3344 3368 3345
f 3345 3368 3369
f 3345 3369 3346
f 3346 3369 3370
f 3346 3370 3347
f 3347 3370 3371
f 3347 3371 3348
f 3348 3371 3372
f 3348 3372 3349
f 3349 3372 3373
f 3349 3373 3350
f 3350 3373 3374
f 3350 3374 3327
f 3327 3374 3351
f 3351 3375 3352
f 3352 3375 3376
f 3352 3376 3353
f 3353 3376 3377
f 3353 3377 3354
f 3354 3377 3378
f 3354 3378 3355
f 3355 3378 3379
f 3355 3379 3356
f 3356 3379 3380
f 3356 3380 3357
f 3357 3380 3381
f 3357 3381 3358
f 3358 3381 3382
f 3358 3382 3359
f 3359 3382 3383
f 3359 3383 3360
f 3360 3383 3384
f 3360 3384 3361
f 3361 3384 3385
f 3361 3385 3362
f 3362 3385 3386
f 3362 3386 3363
f 3363 3386 3387
f 3363 3387 3364
f 3364 3387 3388
f 3364 3388 3365
f 3365 3388 3389
f 3365 3389 3366
f 3366 3389 3390
f 3366 3390 3367
f 3367 3390 3391
f 3367 3391 3368
f 3368 3391 3392
f 3368 3392 3369
f 3369 3392 3393
f 3369 3393 3370
f 3370 3393 3394
f 3370 3394 3371
f 3371 3394 3395
f 3371 3395 3372
f 3372 3395 3396
f 3372 3396 3373
f 3373 3396 3397
f 3373 3397 3374
f 3374 3397 3398
f 3374 3398 3351
f 3351 3398 3375
f 3375 3399 3376
f 3376 3399 3400
f 3376 3400 3377
f 3377 3400 3401
f 3377 3401 3378
f 3378 3401 3402
f 3378 3402 3379
f 3379 3402 3403
f 3379 3403 3380
f 3380 3403 3404
f 3380 3404 3381
f 3381 3404 3405
f 3381 3405 3382
f 3382 3405 3406
f 3382 3406 3383
f 3383 3406 3407
f 3383 3407 3384
f 3384 3407 3408
f 3384 3408 3385
f 3385 3408 3409
f 3385 3409 3386
f 3386 3409 3410
f 3386 3410 3387
f 3387 3410 3411
f 3387 3411 3388
f 3388 3411 3412
f 3388 3412 3389
f 3389 3412 3413
f 3389 3413 3390
f 3390 3413 3414
f 3390 3414 3391
f 3391 3414 3415
f 3391 3415 3392
f 3392 3415 3416
f 3392 3416 3393
f 3393 3416 3417
f 3393 3417 3394
f 3394 3417 3418
f 3394 3418 3395
f 3395 3418 3419
f 3395 3419 3396
f 3396 3419 3420
f 3396 3420 3397
f 3397 3420 3421
f 3397 3421 3398
f 3398 3421 3422
f 3398 3422 3375
f 3375 3422 3399
f 3399 3423 3400
f 3400 3423 3424
f 3400 3424 3401
f 3401 3424 3425
f 3401 3425 3402
f 3402 3425 3426
f 3402 3426 3403
f 3403 3426 3427
f 3403 3427 3404
f 3404 3427 3428
f 3404 3428 3405
f 3405 3428 3429
f 3405 3429 3406
f 3406 3429 3430
f 3406 3430 3407
f 3407 3430 3431
f 3407 3431 3408
f 3408 3431 3432
f 3408 3432 3409
f 3409 3432 3433
f 3409 3433 3410
f 3410 3433 3434
f 3410 3434 3411
f 3411 3434 3435
f 3411 3435 3412
f 3412 3435 3436
f 3412 3436 3413
f 3413 3436 3437
f 3413 3437 3414
f 3414 3437 3438
f 3414 3438 3415
f 3415 3438 3439
f 3415 3439 3416
f 3416 3439 3440
f 3416 3440 3417
f 3417 3440 3441
f 3417 3441 3418
f 3418 3441 3442
f 3418 3442 3419
f 3419 3442 3443
f 3419 3443 3420
f 3420 3443 3444
f 3420 3444 3421
f 3421 3444 3445
f 3421 3445 3422
f 3422 3445 3446
f 3422 3446 3399
f 3399 3446 3423
f 3423 3447 3424
f 3424 3447 3448
f 3424 3448 3425
f 3425 3448 3449
f 3425 3449 3426
f 3426 3449 3450
f 3426 3450 3427
f 3427 3450 3451
f 3427 3451 3428
f 3428 3451 3452
f 3428 3452 3429
f 3429 3452 3453
f 3429 3453 3430
f 3430 3453 3454
f 3430 3454 3431
f 3431 3454 3455
f 3431 3455 3432
f 3432 3455 3456
f 3432 3456 3433
f 3433 3456 3457
f 3433 3457 3434
f 3434 3457 3458
f 3434 3458 3435
f 3435 3458 3459
f 3435 3459 3436
f 3436 3459 3460
f 3436 3460 3437
f 3437 3460 3461
f 3437 3461 3438
f 3438 3461 3462
f 3438 3462 3439
f 3439 3462 3463
f 3439 3463 3440
f 3440 3463 3464
f 3440 3464 3441
f 3441 3464 3465
f 3441 3465 3442
f 3442 3465 3466
f 3442 3466 3443
f 3443 3466 3467
f 3443 3467 3444
f 3444 3467 3468
f 3444 3468 3445
f 3445 3468 3469
f 3445 3469 3446
f 3446 3469 3470
f 3446 3470 3423
f 3423 3470 3447
f 3447 3471 3448
f 3448 3471 3472
f 3448 3472 3449
f 3449 3472 3473
f 3449 3473 3450
f 3450 3473 3474
f 3450 3474 3451
f 3451 3474 3475
f 3451 3475 3452
f 3452 3475 3476
f 3452 3476 3453
f 3453 3476 3477
f 3453 3477 3454
f 3454 3477 3478
f 3454 3478 3455
f 3455 3478 3479
f 3455 3479 3456
f 3456 3479 3480
f 3456 3480 3457
f 3457 3480 3481
f 3457 3481 3458
f 3458 3481 3482
f 3458 3482 3459
f 3459 3482 3483
f 3459 3483 3460
f 3460 3483 3484
f 3460 3484 3461
f 3461 3484 3485
f 3461 3485 3462
f 3462 3485 3486
f 3462 3486 3463
f 3463 3486 3487
f 3463 3487 3464
f 3464 3487 3488
f 3464 3488 3465
f 3465 3488 3489
f 3465 3489 3466
f 3466 3489 3490
f 3466 3490 3467
f 3467 3490 3491
f 3467 3491 3468
f 3468 3491 3492
f 3468 3492 3469
f 3469 3492 3493
f 3469 3493 3470
f 3470 3493 3494
f 3470 3494 3447
f 3447 3494 3471
f 3471 3495 3472
f 3472 3495 3496
f 3472 3496 3473
f 3473 3496 3497
f 3473 3497 3474
f 3474 3497 3498
f 3474 3498 3475
f 3475 3498 3499
f 3475 3499 3476
f 3476 3499 3500
f 3476 3500 3477
f 3477 3500 3501
f 3477 3501 3478
f 3478 3501 3502
f 3478 3502 3479
f 3479 3502 3503
f 3479 3503 3480
f 3480 3503 3504
f 3480 3504 3481
f 3481 3504 3505
f 3481 3505 3482
f 3482 3505 3506
f 3482 3506 3483
f 3483 3506 3507
f 3483 3507 3484
f 3484 3507 3508
f 3484 3508 3485
f 3485 3508 3509
f 3485 3509 3486
f 3486 3509 3510
f 3486 3510 3487
f 3487 3510 3511
f 3487 3511 3488
f 3488 3511 3512
f 3488 3512 3489
f 3489 3512 3513
f 3489 3513 3490
f 3490 3513 3514
f 3490 3514 3491
f 3491 3514 3515
f 3491 3515 3492
f 3492 3515 3516
f 3492 3516 3493
f 3493 3516 3517
f 3493 3517 3494
f 3494 3517 3518
f 3494 3518 3471
f 3471 3518 3495
f 3495 3519 3496
f 3496 3519 3520
f 3496 3520 3497
f 3497 3520 3521
f 3497 3521 3498
f 3498 3521 3522
f 3498 3522 3499
f 3499 3522 3523
f 3499 3523 3500
f 3500 3523 3524
f 3500 3524 3501
f 3501 3524 3525
f 3501 3525 3502
f 3502 3525 3526
f 3502 3526 3503
f 3503 3526 3527
f 3503 3527 3504
f 3504 3527 3528
f 3504 3528 3505
f 3505 3528 3529
f 3505 3529 3506
f 3506 3529 3530
f 3506 3530 3507
f 3507 3530 3531
f 3507 3531 3508
f 3508 3531 3532
f 3508 3532 3509
f 3509 3532 3533
f 3509 3533 3510
f 3510 3533 3534
f 3510 3534 3511
f 3511 3534 3535
f 3511 3535 3512
f 3512 3535 3536
f 3512 3536 3513
f 3513 3536 3537
f 3513 3537 3514
f 3514 3537 3538
f 3514 3538 3515
f 3515 3538 3539
f 3515 3539 3516
f 3516 3539 3540
f 3516 3540 3517
f 3517 3540 3541
f 3517 3541 3518
f 3518 3541 3542
f 3518 3542 3495
f 3495 3542 3519
f 3519 3543 3520
f 3520 3543 3544
f 3520 3544 3521
f 3521 3544 3545
f 3521 3545 3522
f 3522 3545 3546
f 3522 3546 3523
f 3523 3546 3547
f 3523 3547 3524
f 3524 3547 3548
f 3524 3548 3525
f 3525 3548 3549
f 3525 3549 3526
f 3526 3549 3550
f 3526 3550 3527
f 3527 3550 3551
f 3527 3551 3528
f 3528 3551 3552
f 3528 3552 3529
f 3529 3552 3553
f 3529 3553 3530
f 3530 3553 3554
f 3530 3554 3531
f 3531 3554 3555
f 3531 3555 3532
f 3532 3555 3556
f 3532 3556 3533
f 3533 3556 3557
f 3533 3557 3534
f 3534 3557 3558
f 3534 3558 3535
f 3535 3558 3559
f 3535 3559 3536
f 3536 3559 3560
f 3536 3560 3537
f 3537 3560 3561
f 3537 3561 3538
f 3538 3561 3562
f 3538 3562 3539
f 3539 3562 3563
f 3539 3563 3540
f 3540 3563 3564
f 3540 3564 3541
f 3541 3564 3565
f 3541 3565 3542
f 3542 3565 3566
f 3542 3566 3519
f 3519 3566 3543
f 3543 3567 3544
f 3544 3567 3568
f 3544 3568 3545
f 3545 3568 3569
f 3545 3569 3546
f 3546 3569 3570
f 3546 3570 3547
f 3547 3570 3571
f 3547 3571 3548
f 3548 3571 3572
f 3548 3572 3549
f 3549 3572 3573
f 3549 3573 3550
f 3550 3573 3574
f 3550 3574 3551
f 3551 3574 3575
f 3551 3575 3552
f 3552 3575 3576
f 3552 3576 3553
f 3553 3576 3577
f 3553 3577 3554
f 3554 3577 3578
f 3554 3578 3555
f 3555 3578 3579
f 3555 3579 3556
f 3556 3579 3580
f 3556 3580 3557
f 3557 3580 3581
f 3557 3581 3558
f 3558 3581 3582
f 3558 3582 3559
f 3559 3582 3583
f 3559 3583 3560
f 3560 3583 3584
f 3560 3584 3561
f 3561 3584 3585
f 3561 3585 3562
f 3562 3585 3586
f 3562 3586 3563
f 3563 3586 3587
f 3563 3587 3564
f 3564 3587 3588
f 3564 3588 3565
f 3565 3588 3589
f 3565 3589 3566
f 3566 3589 3590
f 3566 3590 3543
f 3543 3590 3567
f 3567 3591 3568
f 3568 3591 3592
f 3568 3592 3569
f 3569 3592 3593
f 3569 3593 3570
f 3570 3593 3594
f 3570 3594 3571
f 3571 3594 3595
f 3571 3595 3572
f 3572 3595 3596
f 3572 3596 3573
f 3573 3596 3597
f 3573 3597 3574
f 3574 3597 3598
f 3574 3598 3575
f 3575 3598 3599
f 3575 3599 3576
f 3576 3599 3600
f 3576 3600 3577
f 3577 3600 3601
f 3577 3601 3578
f 3578 3601 3602
f 3578 3602 3579
f 3579 3602 3603
f 3579 3603 3580
f 3580 3603 3604
f 3580 3604 3581
f 3581 3604 3605
f 3581 3605 3582
f 3582 3605 3606
f 3582 3606 3583
f 3583 3606 3607
f 3583 3607 3584
f 3584 3607 3608
f 3584 3608 3585
f 3585 3608 3609
f 3585 3609 3586
f 3586 3609 3610
f 3586 3610 3587
f 3587 3610 3611
f 3587 3611 3588
f 3588 3611 3612
f 3588 3612 3589
f 3589 3612 3613
f 3589 3613 3590
f 3590 3613 3614
f 3590 3614 3567
f 3567 3614 3591
f 3591 3615 3592
f 3592 3615 3616
f 3592 3616 3593
f 3593 3616 3617
f 3593 3617 3594
f 3594 3617 3618
f 3594 3618 3595
f 3595 3618 3619
f 3595 3619 3596
f 3596 3619 3620
f 3596 3620 3597
f 3597 3620 3621
f 3597 3621 3598
f 3598 3621 3622
f 3598 3622 3599
f 3599 3622 3623
f 3599 3623 3600
f 3600 3623 3624
f 3600 3624 3601
f 3601 3624 3625
f 3601 3625 3602
f 3602 3625 3626
f 3602 3626 3603
f 3603 3626 3627
f 3603 3627 3604
f 3604 3627 3628
f 3604 3628 3605
f 3605 3628 3629
f 3605 3629 3606
f 3606 3629 3630
f 3606 3630 3607
f 3607 3630 3631
f 3607 3631 3608
f 3608 3631 3632
f 3608 3632 3609
f 3609 3632 3633
f 3609 3633 3610
f 3610 3633 3634
f 3610 3634 3611
f 3611 3634 3635
f 3611 3635 3612
f 3612 3635 3636
f 3612 3636 3613
f 3613 3636 3637
f 3613 3637 3614
f 3614 3637 3638
f 3614 3638 3591
f 3591 3638 3615
f 3615 3639 3616
f 3616 3639 3640
f 3616 3640 3617
f 3617 3640 3641
f 3617 3641 3618
f 3618 3641 3642
f 3618 3642 3619
f 3619 3642 3643
f 3619 3643 3620
f 3620 3643 3644
f 3620 3644 3621
f 3621 3644 3645
f 3621 3645 3622
f 3622 3645 3646
f 3622 3646 3623
f 3623 3646 3647
f 3623 3647 3624
f 3624 3647 3648
f 3624 3648 3625
f 3625 3648 3649
f 3625 3649 3626
f 3626 3649 3650
f 3626 3650 3627
f 3627 3650 3651
f 3627 3651 3628
f 3628 3651 3652
f 3628 3652 3629
f 3629 3652 3653
f 3629 3653 3630
f 3630 3653 3654
f 3630 3654 3631
f 3631 3654 3655
f 3631 3655 3632
f 3632 3655 3656
f 3632 3656 3633
f 3633 3656 3657
f 3633 3657 3634
f 3634 3657 3658
f 3634 3658 3635
f 3635 3658 3659
f 3635 3659 3636
f 3636 3659 3660
f 3636 3660 3637
f 3637 3660 3661
f 3637 3661 3638
f 3638 3661 3662
f 3638 3662 3615
f 3615 3662 3639
f 3639 3663 3640
f 3640 3663 3664
f 3640 3664 3641
f 3641 3664 3665
f 3641 3665 3642
f 3642 3665 3666
f 3642 3666 3643
f 3643 3666 3667
f 3643 3667 3644
f 3644 3667 3668
f 3644 3668 3645
f 3645 3668 3669
f 3645 3669 3646
f 3646 3669 3670
f 3646 3670 3647
f 3647 3670 3671
f 3647 3671 3648
f 3648 3671 3672
f 3648 3672 3649
f 3649 3672 3673
f 3649 3673 3650
f 3650 3673 3674
f 3650 3674 3651
f 3651 3674 3675
f 3651 3675 3652
f 3652 3675 3676
f 3652 3676 3653
f 3653 3676 3677
f 3653 3677 3654
f 3654 3677 3678
f 3654 3678 3655
f 3655 3678 3679
f 3655 3679 3656
f 3656 3679 3680
f 3656 3680 3657
f 3657 3680 3681
f 3657 3681 3658
f 3658 3681 3682
f 3658 3682 3659
f 3659 3682 3683
f 3659 3683 3660
f 3660 3683 3684
f 3660 3684 3661
f 3661 3684 3685
f 3661 3685 3662
f 3662 3685 3686
f 3662 3686 3639
f 3639 3686 3663
f 3663 3687 3664
f 3664 3687 3688
f 3664 3688 3665
f 3665 3688 3689
f 3665 3689 3666
f 3666 3689 3690
f 3666 3690 3667
f 3667 3690 3691
f 3667 3691 3668
f 3668 3691 3692
f 3668 3692 3669
f 3669 3692 3693
f 3669 3693 3670
f 3670 3693 3694
f 3670 3694 3671
f 3671 3694 3695
f 3671 3695 3672
f 3672 3695 3696
f 3672 3696 3673
f 3673 3696 3697
f 3673 3697 3674
f 3674 3697 3698
f 3674 3698 3675
f 3675 3698 3699
f 3675 3699 3676
f 3676 3699 3700
f 3676 3700 3677
f 3677 3700 3701
f 3677 3701 3678
f 3678 3701 3702
f 3678 3702 3679
f 3679 3702 3703
f 3679 3703 3680
f 3680 3703 3704
f 3680 3704 3681
f 3681 3704 3705
f 3681 3705 3682
f 3682 3705 3706
f 3682 3706 3683
f 3683 3706 3707
f 3683 3707 3684
f 3684 3707 3708
f 3684 3708 3685
f 3685 3708 3709
f 3685 3709 3686
f 3686 3709 3710
f 3686 3710 3663
f 3663 3710 3687
f 3687 3711 3688
f 3688 3711 3712
f 3688 3712 3689
f 3689 3712 3713
f 3689 3713 3690
f 3690 3713 3714
f 3690 3714 3691
f 3691 3714 3715
f 3691 3715 3692
f 3692 3715 3716
f 3692 3716 3693
f 3693 3716 3717
f 3693 3717 3694
f 3694 3717 3718
f 3694 3718 3695
f 3695 3718 3719
f 3695 3719 3696
f 3696 3719 3720
f 3696 3720 3697
f 3697 3720 3721
f 3697 3721 3698
f 3698 3721 3722
f 3698 3722 3699
f 3699 3722 3723
f 3699 3723 3700
f 3700 3723 3724
f 3700 3724 3701
f 3701 3724 3725
f 3701 3725 3702
f 3702 3725 3726
f 3702 3726 3703
f 3703 3726 3727
f 3703 3727 3704
f 3704 3727 3728
f 3704 3728 3705
f 3705 3728 3729
f 3705 3729 3706
f 3706 3729 3730
f 3706 3730 3707
f 3707 3730 3731
f 3707 3731 3708
f 3708 3731 3732
f 3708 3732 3709
f 3709 3732 3733
f 3709 3733 3710
f 3710 3733 3734
f 3710 3734 3687
f 3687 3734 3711
f 3711 3735 3712
f 3712 3735 3736
f 3712 3736 3713
f 3713 3736 3737
f 3713 3737 3714
f 3714 3737 3738
f 3714 3738 3715
f 3715 3738 3739
f 3715 3739 3716
f 3716 3739 3740
f 3716 3740 3717
f 3717 3740 3741
f 3717 3741 3718
f 3718 3741 3742
f 3718 3742 3719
f 3719 3742 3743
f 3719 3743 3720
f 3720 3743 3744
f 3720 3744 3721
f 3721 3744 3745
f 3721 3745 3722
f 3722 3745 3746
f 3722 3746 3723
f 3723 3746 3747
f 3723 3747 3724
f 3724 3747 3748
f 3724 3748 3725
f 3725 3748 3749
f 3725 3749 3726
f 3726 3749 3750
f 3726 3750 3727
f 3727 3750 3751
f 3727 3751 3728
f 3728 3751 3752
f 3728 3752 3729
f 3729 3752 3753
f 3729 3753 3730
f 3730 3753 3754
f 3730 3754 3731
f 3731 3754 3755
f 3731 3755 3732
f 3732 3755 3756
f 3732 3756 3733
f 3733 3756 3757
f 3733 3757 3734
f 3734 3757 3758
f 3734 3758 3711
f 3711 3758 3735
f 3735 3759 3736
f 3736 3759 3760
f 3736 3760 3737
f 3737 3760 3761
f 3737 3761 3738
f 3738 3761 3762
f 3738 3762 3739
f 3739 3762 3763
f 3739 3763 3740
f 3740 3763 3764
f 3740 3764 3741
f 3741 3764 3765
f 3741 3765 3742
f 3742 3765 3766
f 3742 3766 3743
f 3743 3766 3767
f 3743 3767 3744
f 3744 3767 3768
f 3744 3768 3745
f 3745 3768 3769
f 3745 3769 3746
f 3746 3769 3770
f 3746 3770 3747
f 3747 3770 3771
f 3747 3771 3748
f 3748 3771 3772
f 3748 3772 3749
f 3749 3772 3773
f 3749 3773 3750
f 3750 3773 3774
f 3750 3774 3751
f 3751 3774 3775
f 3751 3775 3752
f 3752 3775 3776
f 3752 3776 3753
f 3753 3776 3777
f 3753 3777 3754
f 3754 3777 3778
f 3754 3778 3755
f 3755 3778 3779
f 3755 3779 3756
f 3756 3779 3780
f 3756 3780 3757
f 3757 3780 3781
f 3757 3781 3758
f 3758 3781 3782
f 3758 3782 3735
f 3735 3782 3759
f 3759 3783 3760
f 3760 3783 3784
f 3760 3784 3761
f 3761 3784 3785
f 3761 3785 3762
f 3762 3785 3786
f 3762 3786 3763
f 3763 3786 3787
f 3763 3787 3764
f 3764 3787 3788
f 3764 3788 3765
f 3765 3788 3789
f 3765 3789 3766
f 3766 3789 3790
f 3766 3790 3767
f 3767 3790 3791
f 3767 3791 3768
f 3768 3791 3792
f 3768 3792 3769
f 3769 3792 3793
f 3769 3793 3770
f 3770 3793 3794
f 3770 3794 3771
f 3771 3794 3795
f 3771 3795 3772
f 3772 3795 3796
f 3772 3796 3773
f 3773 3796 3797
f 3773 3797 3774
f 3774 3797 3798
f 3774 3798 3775
f 3775 3798 3799
f 3775 3799 3776
f 3776 3799 3800
f 3776 3800 3777
f 3777 3800 3801
f 3777 3801 3778
f 3778 3801 3802
f 3778 3802 3779
f 3779 3802 3803
f 3779 3803 3780
f 3780 3803 3804
f 3780 3804 3781
f 3781 3804 3805
f 3781 3805 3782
f 3782 3805 3806
f 3782 3806 3759
f 3759 3806 3783
f 3783 3807 3784
f 3784 3807 3808
f 3784 3808 3785
f 3785 3808 3809
f 3785 3809 3786
f 3786 3809 3810
f 3786 3810 3787
f 3787 3810 3811
f 3787 3811 3788
f 3788 3811 3812
f 3788 3812 3789
f 3789 3812 3813
f 3789 3813 3790
f 3790 3813 3814
f 3790 3814 3791
f 3791 3814 3815
f 3791 3815 3792
f 3792 3815 3816
f 3792 3816 3793
f 3793 3816 3817
f 3793 3817 3794
f 3794 3817 3818
f 3794 3818 3795
f 3795 3818 3819
f 3795 3819 3796
f 3796 3819 3820
f 3796 3820 3797
f 3797 3820 3821
f 3797 3821 3798
f 3798 3821 3822
f 3798 3822 3799
f 3799 3822 3823
f 3799 3823 3800
f 3800 3823 3824
f 3800 3824 3801
f 3801 3824 3825
f 3801 3825 3802
f 3802 3825 3826
f 3802 3826 3803
f 3803 3826 3827
f 3803 3827 3804
f 3804 3827 3828
f 3804 3828 3805
f 3805 3828 3829
f 3805 3829 3806
f 3806 3829 3830
f 3806 3830 3783
f 3783 3830 3807
f 3807 3831 3808
f 3808 3831 3832
f 3808 3832 3809
f 3809 3832 3833
f 3809 3833 3810
f 3810 3833 3834
f 3810 3834 3811
f 3811 3834 3835
f 3811 3835 3812
f 3812 3835 3836
f 3812 3836 3813
f 3813 3836 3837
f 3813 3837 3814
f 3814 3837 3838
f 3814 3838 3815
f 3815 3838 3839
f 3815 3839 3816
f 3816 3839 3840
f 3816 3840 3817
f 3817 3840 3841
f 3817 3841 3818
f 3818 3841 3842
f 3818 3842 3819
f 3819 3842 3843
f 3819 3843 3820
f 3820 3843 3844
f 3820 3844 3821
f 3821 3844 3845
f 3821 3845 3822
f 3822 3845 3846
f 3822 3846 3823
f 3823 3846 3847
f 3823 3847 3824
f 3824 3847 3848
f 3824 3848 3825
f 3825 3848 3849
f 3825 3849 3826
f 3826 3849 3850
f 3826 3850 3827
f 3827 3850 3851
f 3827 3851 3828
f 3828 3851 3852
f 3828 3852 3829
f 3829 3852 3853
f 3829 3853 3830
f 3830 3853 3854
f 3830 3854 3807
f 3807 3854 3831
f 3831 1551 3832
f 3832 1551 1552
f 3832 1552 3833
f 3833 1552 1553
f 3833 1553 3834
f 3834 1553 1554
f 3834 1554 3835
f 3835 1554 1555
f 3835 1555 3836
f 3836 1555 1556
f 3836 1556 3837
f 3837 1556 1557
f 3837 1557 3838
f 3838 1557 1558
f 3838 1558 3839
f 3839 1558 1559
f 3839 1559 3840
f 3840 1559 1560
f 3840 1560 3841
f 3841 1560 1561
f 3841 1561 3842
f 3842 1561 1562
f 3842 1562 3843
f 3843 1562 1563
f 3843 1563 3844
f 3844 1563 1564
f 3844 1564 3845
f 3845 1564 1565
f 3845 1565 3846
f 3846 1565 1566
f 3846 1566 3847
f 3847 1566 1567
f 3847 1567 3848
f 3848 1567 1568
f 3848 1568 3849
f 3849 1568 1569
f 3849 1569 3850
f 3850 1569 1570
f 3850 1570 3851
f 3851 1570 1571
f 3851 1571 3852
f 3852 1571 1572
f 3852 1572 3853
f 3853 1572 1573
f 3853 1573 3854
f 3854 1573 1574
f 3854 1574 3831
f 3831 1574 1551
f 3856 3855 3859
f 3856 3859 3857
f 3857 3859 3860
f 3857 3860 3858
f 3859 3855 3861
f 3859 3861 3860
f 3860 3861 3862
f 3860 3862 3858
f 3861 3855 3863
f 3861 3863 3862
f 3862 3863 3864
f 3862 3864 3858
f 3863 3855 3865
f 3863 3865 3864
f 3864 3865 3866
f 3864 3866 3858
f 3865 3855 3867
f 3865 3867 3866
f 3866 3867 3868
f 3866 3868 3858
f 3867 3855 3869
f 3867 3869 3868
f 3868 3869 3870
f 3868 3870 3858
f 3869 3855 3871
f 3869 3871 3870
f 3870 3871 3872
f 3870 3872 3858
f 3871 3855 3873
f 3871 3873 3872
f 3872 3873 3874
f 3872 3874 3858
f 3873 3855 3875
f 3873 3875 3874
f 3874 3875 3876
f 3874 3876 3858
f 3875 3855 3877
f 3875 3877 3876
f 3876 3877 3878
f 3876 3878 3858
f 3877 3855 3879
f 3877 3879 3878
f 3878 3879 3880
f 3878 3880 3858
f 3879 3855 3881
f 3879 3881 3880
f 3880 3881 3882
f 3880 3882 3858
f 3881 3855 3883
f 3881 3883 3882
f 3882 3883 3884
f 3882 3884 3858
f 3883 3855 3856
f 3883 3856 3884
f 3884 3856 3857
f 3884 3857 3858
f 3886 3885 3889
f 3886 3889 3887
f 3887 3889 3890
f 3887 3890 3888
f 3889 3885 3891
f 3889 3891 3890
f 3890 3891 3892
f 3890 3892 3888
f 3891 3885 3893
f 3891 3893 3892
f 3892 3893 3894
f 3892 3894 3888
f 3893 3885 3895
f 3893 3895 3894
f 3894 3895 3896
f 3894 3896 3888
f 3895 3885 3897
f 3895 3897 3896
f 3896 3897 3898
f 3896 3898 3888
f 3897 3885 3899
f 3897 3899 3898
f 3898 3899 3900
f 3898 3900 3888
f 3899 3885 3901
f 3899 3901 3900
f 3900 3901 3902
f 3900 3902 3888
f 3901 3885 3903
f 3901 3903 3902
f 3902 3903 3904
f 3902 3904 3888
f 3903 3885 3905
f 3903 3905 3904
f 3904 3905 3906
f 3904 3906 3888
f 3905 3885 3907
f 3905 3907 3906
f 3906 3907 3908
f 3906 3908 3888
f 3907 3885 3909
f 3907 3909 3908
f 3908 3909 3910
f 3908 3910 3888
f 3909 3885 3911
f 3909 3911 3910
f 3910 3911 3912
f 3910 3912 3888
f 3911 3885 3913
f 3911 3913 3912
f 3912 3913 3914
f 3912 3914 3888
f 3913 3885 3886
f 3913 3886 3914
f 3914 3886 3887
f 3914 3887 3888
f 3916 3915 3919
f 3916 3919 3917
f 3917 3919 3920
f 3917 3920 3918
f 3919 3915 3921
f 3919 3921 3920
f 3920 3921 3922
f 3920 3922 3918
f 3921 3915 3923
f 3921 3923 3922
f 3922 3923 3924
f 3922 3924 3918
f 3923 3915 3925
f 3923 3925 3924
f 3924 3925 3926
f 3924 3926 3918
f 3925 3915 3927
f 3925 3927 3926
f 3926 3927 3928
f 3926 3928 3918
f 3927 3915 3929
f 3927 3929 3928
f 3928 3929 3930
f 3928 3930 3918
f 3929 3915 3931
f 3929 3931 3930
f 3930 3931 3932
f 3930 3932 3918
f 3931 3915 3933
f 3931 3933 3932
f 3932 3933 3934
f 3932 3934 3918
f 3933 3915 3935
f 3933 3935 3934
f 3934 3935 3936
f 3934 3936 3918
f 3935 3915 3937
f 3935 3937 3936
f 3936 3937 3938
f 3936 3938 3918
f 3937 3915 3939
f 3937 3939 3938
f 3938 3939 3940
f 3938 3940 3918
f 3939 3915 3941
f 3939 3941 3940
f 3940 3941 3942
f 3940 3942 3918
f 3941 3915 3943
f 3941 3943 3942
f 3942 3943 3944
f 3942 3944 3918
f 3943 3915 3916
f 3943 3916 3944
f 3944 3916 3917
f 3944 3917 3918
f 3946 3945 3949
f 3946 3949 3947
f 3947 3949 3950
f 3947 3950 3948
f 3949 3945 3951
f 3949 3951 3950
f 3950 3951 3952
f 3950 3952 3948
f 3951 3945 3953
f 3951 3953 3952
f 3952 3953 3954
f 3952 3954 3948
f 3953 3945 3955
f 3953 3955 3954
f 3954 3955 3956
f 3954 3956 3948
f 3955 3945 3957
f 3955 3957 3956
f 3956 3957 3958
f 3956 3958 3948
f 3957 3945 3959
f 3957 3959 3958
f 3958 3959 3960
f 3958 3960 3948
f 3959 3945 3961
f 3959 3961 3960
f 3960 3961 3962
f 3960 3962 3948
f 3961 3945 3963
f 3961 3963 3962
f 3962 3963 3964
f 3962 3964 3948
f 3963 3945 3965
f 3963 3965 3964
f 3964 3965 3966
f 3964 3966 3948
f 3965 3945 3967
f 3965 3967 3966
f 3966 3967 3968
f 3966 3968 3948
f 3967 3945 3969
f 3967 3969 3968
f 3968 3969 3970
f 3968 3970 3948
f 3969 3945 3971
f 3969 3971 3970
f 3970 3971 3972
f 3970 3972 3948
f 3971 3945 3973
f 3971 3973 3972
f 3972 3973 3974
f 3972 3974 3948
f 3973 3945 3946
f 3973 3946 3974
f 3974 3946 3947
f 3974 3947 3948
f 3976 3975 3979
f 3976 3979 3977
f 3977 3979 3980
f 3977 3980 3978
f 3979 3975 3981
f 3979 3981 3980
f 3980 3981 3982
f 3980 3982 3978
f 3981 3975 3983
f 3981 3983 3982
f 3982 3983 3984
f 3982 3984 3978
f 3983 3975 3985
f 3983 3985 3984
f 3984 3985 3986
f 3984 3986 3978
f 3985 3975 3987
f 3985 3987 3986
f 3986 3987 3988
f 3986 3988 3978
f 3987 3975 3989
f 3987 3989 3988
f 3988 3989 3990
f 3988 3990 3978
f 3989 3975 3991
f 3989 3991 3990
f 3990 3991 3992
f 3990 3992 3978
f 3991 3975 3993
f 3991 3993 3992
f 3992 3993 3994
f 3992 3994 3978
f 3993 3975 3995
f 3993 3995 3994
f 3994 3995 3996
f 3994 3996 3978
f 3995 3975 3997
f 3995 3997 3996
f 3996 3997 3998
f 3996 3998 3978
f 3997 3975 3999
f 3997 3999 3998
f 3998 3999 4000
f 3998 4000 3978
f 3999 3975 4001
f 3999 4001 4000
f 4000 4001 4002
f 4000 4002 3978
f 4001 3975 4003
f 4001 4003 4002
f 4002 4003 4004
f 4002 4004 3978
f 4003 3975 3976
f 4003 3976 4004
f 4004 3976 3977
f 4004 3977 3978
f 4006 4005 4009
f 4006 4009 4007
f 4007 4009 4010
f 4007 4010 4008
f 4009 4005 4011
f 4009 4011 4010
f 4010 4011 4012
f 4010 4012 4008
f 4011 4005 4013
f 4011 4013 4012
f 4012 4013 4014
f 4012 4014 4008
f 4013 4005 4015
f 4013 4015 4014
f 4014 4015 4016
f 4014 4016 4008
f 4015 4005 4017
f 4015 4017 4016
f 4016 4017 4018
f 4016 4018 4008
f 4017 4005 4019
f 4017 4019 4018
f 4018 4019 4020
f 4018 4020 4008
f 4019 4005 4021
f 4019 4021 4020
f 4020 4021 4022
f 4020 4022 4008
f 4021 4005 4023
f 4021 4023 4022
f 4022 4023 4024
f 4022 4024 4008
f 4023 4005 4025
f 4023 4025 4024
f 4024 4025 4026
f 4024 4026 4008
f 4025 4005 4027
f 4025 4027 4026
f 4026 4027 4028
f 4026 4028 4008
f 4027 4005 4029
f 4027 4029 4028
f 4028 4029 4030
f 4028 4030 4008
f 4029 4005 4031
f 4029 4031 4030
f 4030 4031 4032
f 4030 4032 4008
f 4031 4005 4033
f 4031 4033 4032
f 4032 4033 4034
f 4032 4034 4008
f 4033 4005 4006
f 4033 4006 4034
f 4034 4006 4007
f 4034 4007 4008
f 4036 4035 4039
f 4036 4039 4037
f 4037 4039 4040
f 4037 4040 4038
f 4039 4035 4041
f 4039 4041 4040
f 4040 4041 4042
f 4040 4042 4038
f 4041 4035 4043
f 4041 4043 4042
f 4042 4043 4044
f 4042 4044 4038
f 4043 4035 4045
f 4043 4045 4044
f 4044 4045 4046
f 4044 4046 4038
f 4045 4035 4047
f 4045 4047 4046
f 4046 4047 4048
f 4046 4048 4038
f 4047 4035 4049
f 4047 4049 4048
f 4048 4049 4050
f 4048 4050 4038
f 4049 4035 4051
f 4049 4051 4050
f 4050 4051 4052
f 4050 4052 4038
f 4051 4035 4053
f 4051 4053 4052
f 4052 4053 4054
f 4052 4054 4038
f 4053 4035 4055
f 4053 4055 4054
f 4054 4055 4056
f 4054 4056 4038
f 4055 4035 4057
f 4055 4057 4056
f 4056 4057 4058
f 4056 4058 4038
f 4057 4035 4059
f 4057 4059 4058
f 4058 4059 4060
f 4058 4060 4038
f 4059 4035 4061
f 4059 4061 4060
f 4060 4061 4062
f 4060 4062 4038
f 4061 4035 4063
f 4061 4063 4062
f 4062 4063 4064
f 4062 4064 4038
f 4063 4035 4036
f 4063 4036 4064
f 4064 4036 4037
f 4064 4037 4038
f 4066 4065 4069
f 4066 4069 4067
f 4067 4069 4070
f 4067 4070 4068
f 4069 4065 4071
f 4069 4071 4070
f 4070 4071 4072
f 4070 4072 4068
f 4071 4065 4073
f 4071 4073 4072
f 4072 4073 4074
f 4072 4074 4068
f 4073 4065 4075
f 4073 4075 4074
f 4074 4075 4076
f 4074 4076 4068
f 4075 4065 4077
f 4075 4077 4076
f 4076 4077 4078
f 4076 4078 4068
f 4077 4065 4079
f 4077 4079 4078
f 4078 4079 4080
f 4078 4080 4068
f 4079 4065 4081
f 4079 4081 4080
f 4080 4081 4082
f 4080 4082 4068
f 4081 4065 4083
f 4081 4083 4082
f 4082 4083 4084
f 4082 4084 4068
f 4083 4065 4085
f 4083 4085 4084
f 4084 4085 4086
f 4084 4086 4068
f 4085 4065 4087
f 4085 4087 4086
f 4086 4087 4088
f 4086 4088 4068
f 4087 4065 4089
f 4087 4089 4088
f 4088 4089 4090
f 4088 4090 4068
f 4089 4065 4091
f 4089 4091 4090
f 4090 4091 4092
f 4090 4092 4068
f 4091 4065 4093
f 4091 4093 4092
f 4092 4093 4094
f 4092 4094 4068
f 4093 4065 4066
f 4093 4066 4094
f 4094 4066 4067
f 4094 4067 4068
f 4096 4095 4099
f 4096 4099 4097
f 4097 4099 4100
f 4097 4100 4098
f 4099 4095 4101
f 4099 4101 4100
f 4100 4101 4102
f 4100 4102 4098
f 4101 4095 4103
f 4101 4103 4102
f 4102 4103 4104
f 4102 4104 4098
f 4103 4095 4105
f 4103 4105 4104
f 4104 4105 4106
f 4104 4106 4098
f 4105 4095 4107
f 4105 4107 4106
f 4106 4107 4108
f 4106 4108 4098
f 4107 4095 4109
f 4107 4109 4108
f 4108 4109 4110
f 4108 4110 4098
f 4109 4095 4111
f 4109 4111 4110
f 4110 4111 4112
f 4110 4112 4098
f 4111 4095 4113
f 4111 4113 4112
f 4112 4113 4114
f 4112 4114 4098
f 4113 4095 4115
f 4113 4115 4114
f 4114 4115 4116
f 4114 4116 4098
f 4115 4095 4117
f 4115 4117 4116
f 4116 4117 4118
f 4116 4118 4098
f 4117 4095 4119
f 4117 4119 4118
f 4118 4119 4120
f 4118 4120 4098
f 4119 4095 4121
f 4119 4121 4120
f 4120 4121 4122
f 4120 4122 4098
f 4121 4095 4123
f 4121 4123 4122
f 4122 4123 4124
f 4122 4124 4098
f 4123 4095 4096
f 4123 4096 4124
f 4124 4096 4097
f 4124 4097 4098
f 4126 4125 4129
f 4126 4129 4127
f 4127 4129 4130
f 4127 4130 4128
f 4129 4125 4131
f 4129 4131 4130
f 4130 4131 4132
f 4130 4132 4128
f 4131 4125 4133
f 4131 4133 4132
f 4132 4133 4134
f 4132 4134 4128
f 4133 4125 4135
f 4133 4135 4134
f 4134 4135 4136
f 4134 4136 4128
f 4135 4125 4137
f 4135 4137 4136
f 4136 4137 4138
f 4136 4138 4128
f 4137 4125 4139
f 4137 4139 4138
f 4138 4139 4140
f 4138 4140 4128
f 4139 4125 4141
f 4139 4141 4140
f 4140 4141 4142
f 4140 4142 4128
f 4141 4125 4143
f 4141 4143 4142
f 4142 4143 4144
f 4142 4144 4128
f 4143 4125 4145
f 4143 4145 4144
f 4144 4145 4146
f 4144 4146 4128
f 4145 4125 4147
f 4145 4147 4146
f 4146 4147 4148
f 4146 4148 4128
f 4147 4125 4149
f 4147 4149 4148
f 4148 4149 4150
f 4148 4150 4128
f 4149 4125 4151
f 4149 4151 4150
f 4150 4151 4152
f 4150 4152 4128
f 4151 4125 4153
f 4151 4153 4152
f 4152 4153 4154
f 4152 4154 4128
f 4153 4125 4126
f 4153 4126 4154
f 4154 4126 4127
f 4154 4127 4128
f 4156 4155 4159
f 4156 4159 4157
f 4157 4159 4160
f 4157 4160 4158
f 4159 4155 4161
f 4159 4161 4160
f 4160 4161 4162
f 4160 4162 4158
f 4161 4155 4163
f 4161 4163 4162
f 4162 4163 4164
f 4162 4164 4158
f 4163 4155 4165
f 4163 4165 4164
f 4164 4165 4166
f 4164 4166 4158
f 4165 4155 4167
f 4165 4167 4166
f 4166 4167 4168
f 4166 4168 4158
f 4167 4155 4169
f 4167 4169 4168
f 4168 4169 4170
f 4168 4170 4158
f 4169 4155 4171
f 4169 4171 4170
f 4170 4171 4172
f 4170 4172 4158
f 4171 4155 4173
f 4171 4173 4172
f 4172 4173 4174
f 4172 4174 4158
f 4173 4155 4175
f 4173 4175 4174
f 4174 4175 4176
f 4174 4176 4158
f 4175 4155 4177
f 4175 4177 4176
f 4176 4177 4178
f 4176 4178 4158
f 4177 4155 4179
f 4177 4179 4178
f 4178 4179 4180
f 4178 4180 4158
f 4179 4155 4181
f 4179 4181 4180
f 4180 4181 4182
f 4180 4182 4158
f 4181 4155 4183
f 4181 4183 4182
f 4182 4183 4184
f 4182 4184 4158
f 4183 4155 4156
f 4183 4156 4184
f 4184 4156 4157
f 4184 4157 4158
f 4186 4185 4189
f 4186 4189 4187
f 4187 4189 4190
f 4187 4190 4188
f 4189 4185 4191
f 4189 4191 4190
f 4190 4191 4192
f 4190 4192 4188
f 4191 4185 4193
f 4191 4193 4192
f 4192 4193 4194
f 4192 4194 4188
f 4193 4185 4195
f 4193 4195 4194
f 4194 4195 4196
f 4194 4196 4188
f 4195 4185 4197
f 4195 4197 4196
f 4196 4197 4198
f 4196 4198 4188
f 4197 4185 4199
f 4197 4199 4198
f 4198 4199 4200
f 4198 4200 4188
f 4199 4185 4201
f 4199 4201 4200
f 4200 4201 4202
f 4200 4202 4188
f 4201 4185 4203
f 4201 4203 4202
f 4202 4203 4204
f 4202 4204 4188
f 4203 4185 4205
f 4203 4205 4204
f 4204 4205 4206
f 4204 4206 4188
f 4205 4185 4207
f 4205 4207 4206
f 4206 4207 4208
f 4206 4208 4188
f 4207 4185 4209
f 4207 4209 4208
f 4208 4209 4210
f 4208 4210 4188
f 4209 4185 4211
f 4209 4211 4210
f 4210 4211 4212
f 4210 4212 4188
f 4211 4185 4213
f 4211 4213 4212
f 4212 4213 4214
f 4212 4214 4188
f 4213 4185 4186
f 4213 4186 4214
f 4214 4186 4187
f 4214 4187 4188
f 4215 4239 4216
f 4216 4239 4240
f 4216 4240 4217
f 4217 4240 4241
f 4217 4241 4218
f 4218 4241 4242
f 4218 4242 4219
f 4219 4242 4243
f 4219 4243 4220
f 4220 4243 4244
f 4220 4244 4221
f 4221 4244 4245
f 4221 4245 4222
f 4222 4245 4246
f 4222 4246 4223
f 4223 4246 4247
f 4223 4247 4224
f 4224 4247 4248
f 4224 4248 4225
f 4225 4248 4249
f 4225 4249 4226
f 4226 4249 4250
f 4226 4250 4227
f 4227 4250 4251
f 4227 4251 4228
f 4228 4251 4252
f 4228 4252 4229
f 4229 4252 4253
f 4229 4253 4230
f 4230 4253 4254
f 4230 4254 4231
f 4231 4254 4255
f 4231 4255 4232
f 4232 4255 4256
f 4232 4256 4233
f 4233 4256 4257
f 4233 4257 4234
f 4234 4257 4258
f 4234 4258 4235
f 4235 4258 4259
f 4235 4259 4236
f 4236 4259 4260
f 4236 4260 4237
f 4237 4260 4261
f 4237 4261 4238
f 4238 4261 4262
f 4238 4262 4215
f 4215 4262 4239
f 4239 4263 4240
f 4240 4263 4264
f 4240 4264 4241
f 4241 4264 4265
f 4241 4265 4242
f 4242 4265 4266
f 4242 4266 4243
f 4243 4266 4267
f 4243 4267 4244
f 4244 4267 4268
f 4244 4268 4245
f 4245 4268 4269
f 4245 4269 4246
f 4246 4269 4270
f 4246 4270 4247
f 4247 4270 4271
f 4247 4271 4248
f 4248 4271 4272
f 4248 4272 4249
f 4249 4272 4273
f 4249 4273 4250
f 4250 4273 4274
f 4250 4274 4251
f 4251 4274 4275
f 4251 4275 4252
f 4252 4275 4276
f 4252 4276 4253
f 4253 4276 4277
f 4253 4277 4254
f 4254 4277 4278
f 4254 4278 4255
f 4255 4278 4279
f 4255 4279 4256
f 4256 4279 4280
f 4256 4280 4257
f 4257 4280 4281
f 4257 4281 4258
f 4258 4281 4282
f 4258 4282 4259
f 4259 4282 4283
f 4259 4283 4260
f 4260 4283 4284
f 4260 4284 4261
f 4261 4284 4285
f 4261 4285 4262
f 4262 4285 4286
f 4262 4286 4239
f 4239 4286 4263
f 4263 4287 4264
f 4264 4287 4288
f 4264 4288 4265
f 4265 4288 4289
f 4265 4289 4266
f 4266 4289 4290
f 4266 4290 4267
f 4267 4290 4291
f 4267 4291 4268
f 4268 4291 4292
f 4268 4292 4269
f 4269 4292 4293
f 4269 4293 4270
f 4270 4293 4294
f 4270 4294 4271
f 4271 4294 4295
f 4271 4295 4272
f 4272 4295 4296
f 4272 4296 4273
f 4273 4296 4297
f 4273 4297 4274
f 4274 4297 4298
f 4274 4298 4275
f 4275 4298 4299
f 4275 4299 4276
f 4276 4299 4300
f 4276 4300 4277
f 4277 4300 4301
f 4277 4301 4278
f 4278 4301 4302
f 4278 4302 4279
f 4279 4302 4303
f 4279 4303 4280
f 4280 4303 4304
f 4280 4304 4281
f 4281 4304 4305
f 4281 4305 4282
f 4282 4305 4306
f 4282 4306 4283
f 4283 4306 4307
f 4283 4307 4284
f 4284 4307 4308
f 4284 4308 4285
f 4285 4308 4309
f 4285 4309 4286
f 4286 4309 4310
f 4286 4310 4263
f 4263 4310 4287
f 4287 4311 4288
f 4288 4311 4312
f 4288 4312 4289
f 4289 4312 4313
f 4289 4313 4290
f 4290 4313 4314
f 4290 4314 4291
f 4291 4314 4315
f 4291 4315 4292
f 4292 4315 4316
f 4292 4316 4293
f 4293 4316 4317
f 4293 4317 4294
f 4294 4317 4318
f 4294 4318 4295
f 4295 4318 4319
f 4295 4319 4296
f 4296 4319 4320
f 4296 4320 4297
f 4297 4320 4321
f 4297 4321 4298
f 4298 4321 4322
f 4298 4322 4299
f 4299 4322 4323
f 4299 4323 4300
f 4300 4323 4324
f 4300 4324 4301
f 4301 4324 4325
f 4301 4325 4302
f 4302 4325 4326
f 4302 4326 4303
f 4303 4326 4327
f 4303 4327 4304
f 4304 4327 4328
f 4304 4328 4305
f 4305 4328 4329
f 4305 4329 4306
f 4306 4329 4330
f 4306 4330 4307
f 4307 4330 4331
f 4307 4331 4308
f 4308 4331 4332
f 4308 4332 4309
f 4309 4332 4333
f 4309 4333 4310
f 4310 4333 4334
f 4310 4334 4287
f 4287 4334 4311
f 4311 4335 4312
f 4312 4335 4336
f 4312 4336 4313
f 4313 4336 4337
f 4313 4337 4314
f 4314 4337 4338
f 4314 4338 4315
f 4315 4338 4339
f 4315 4339 4316
f 4316 4339 4340
f 4316 4340 4317
f 4317 4340 4341
f 4317 4341 4318
f 4318 4341 4342
f 4318 4342 4319
f 4319 4342 4343
f 4319 4343 4320
f 4320 4343 4344
f 4320 4344 4321
f 4321 4344 4345
f 4321 4345 4322
f 4322 4345 4346
f 4322 4346 4323
f 4323 4346 4347
f 4323 4347 4324
f 4324 4347 4348
f 4324 4348 4325
f 4325 4348 4349
f 4325 4349 4326
f 4326 4349 4350
f 4326 4350 4327
f 4327 4350 4351
f 4327 4351 4328
f 4328 4351 4352
f 4328 4352 4329
f 4329 4352 4353
f 4329 4353 4330
f 4330 4353 4354
f 4330 4354 4331
f 4331 4354 4355
f 4331 4355 4332
f 4332 4355 4356
f 4332 4356 4333
f 4333 4356 4357
f 4333 4357 4334
f 4334 4357 4358
f 4334 4358 4311
f 4311 4358 4335
f 4335 4359 4336
f 4336 4359 4360
f 4336 4360 4337
f 4337 4360 4361
f 4337 4361 4338
f 4338 4361 4362
f 4338 4362 4339
f 4339 4362 4363
f 4339 4363 4340
f 4340 4363 4364
f 4340 4364 4341
f 4341 4364 4365
f 4341 4365 4342
f 4342 4365 4366
f 4342 4366 4343
f 4343 4366 4367
f 4343 4367 4344
f 4344 4367 4368
f 4344 4368 4345
f 4345 4368 4369
f 4345 4369 4346
f 4346 4369 4370
f 4346 4370 4347
f 4347 4370 4371
f 4347 4371 4348
f 4348 4371 4372
f 4348 4372 4349
f 4349 4372 4373
f 4349 4373 4350
f 4350 4373 4374
f 4350 4374 4351
f 4351 4374 4375
f 4351 4375 4352
f 4352 4375 4376
f 4352 4376 4353
f 4353 4376 4377
f 4353 4377 4354
f 4354 4377 4378
f 4354 4378 4355
f 4355 4378 4379
f 4355 4379 4356
f 4356 4379 4380
f 4356 4380 4357
f 4357 4380 4381
f 4357 4381 4358
f 4358 4381 4382
f 4358 4382 4335
f 4335 4382 4359
f 4359 4383 4360
f 4360 4383 4384
f 4360 4384 4361
f 4361 4384 4385
f 4361 4385 4362
f 4362 4385 4386
f 4362 4386 4363
f 4363 4386 4387
f 4363 4387 4364
f 4364 4387 4388
f 4364 4388 4365
f 4365 4388 4389
f 4365 4389 4366
f 4366 4389 4390
f 4366 4390 4367
f 4367 4390 4391
f 4367 4391 4368
f 4368 4391 4392
f 4368 4392 4369
f 4369 4392 4393
f 4369 4393 4370
f 4370 4393 4394
f 4370 4394 4371
f 4371 4394 4395
f 4371 4395 4372
f 4372 4395 4396
f 4372 4396 4373
f 4373 4396 4397
f 4373 4397 4374
f 4374 4397 4398
f 4374 4398 4375
f 4375 4398 4399
f 4375 4399 4376
f 4376 4399 4400
f 4376 4400 4377
f 4377 4400 4401
f 4377 4401 4378
f 4378 4401 4402
f 4378 4402 4379
f 4379 4402 4403
f 4379 4403 4380
f 4380 4403 4404
f 4380 4404 4381
f 4381 4404 4405
f 4381 4405 4382
f 4382 4405 4406
f 4382 4406 4359
f 4359 4406 4383
f 4383 4407 4384
f 4384 4407 4408
f 4384 4408 4385
f 4385 4408 4409
f 4385 4409 4386
f 4386 4409 4410
f 4386 4410 4387
f 4387 4410 4411
f 4387 4411 4388
f 4388 4411 4412
f 4388 4412 4389
f 4389 4412 4413
f 4389 4413 4390
f 4390 4413 4414
f 4390 4414 4391
f 4391 4414 4415
f 4391 4415 4392
f 4392 4415 4416
f 4392 4416 4393
f 4393 4416 4417
f 4393 4417 4394
f 4394 4417 4418
f 4394 4418 4395
f 4395 4418 4419
f 4395 4419 4396
f 4396 4419 4420
f 4396 4420 4397
f 4397 4420 4421
f 4397 4421 4398
f 4398 4421 4422
f 4398 4422 4399
f 4399 4422 4423
f 4399 4423 4400
f 4400 4423 4424
f 4400 4424 4401
f 4401 4424 4425
f 4401 4425 4402
f 4402 4425 4426
f 4402 4426 4403
f 4403 4426 4427
f 4403 4427 4404
f 4404 4427 4428
f 4404 4428 4405
f 4405 4428 4429
f 4405 4429 4406
f 4406 4429 4430
f 4406 4430 4383
f 4383 4430 4407
f 4407 4431 4408
f 4408 4431 4432
f 4408 4432 4409
f 4409 4432 4433
f 4409 4433 4410
f 4410 4433 4434
f 4410 4434 4411
f 4411 4434 4435
f 4411 4435 4412
f 4412 4435 4436
f 4412 4436 4413
f 4413 4436 4437
f 4413 4437 4414
f 4414 4437 4438
f 4414 4438 4415
f 4415 4438 4439
f 4415 4439 4416
f 4416 4439 4440
f 4416 4440 4417
f 4417 4440 4441
f 4417 4441 4418
f 4418 4441 4442
f 4418 4442 4419
f 4419 4442 4443
f 4419 4443 4420
f 4420 4443 4444
f 4420 4444 4421
f 4421 4444 4445
f 4421 4445 4422
f 4422 4445 4446
f 4422 4446 4423
f 4423 4446 4447
f 4423 4447 4424
f 4424 4447 4448
f 4424 4448 4425
f 4425 4448 4449
f 4425 4449 4426
f 4426 4449 4450
f 4426 4450 4427
f 4427 4450 4451
f 4427 4451 4428
f 4428 4451 4452
f 4428 4452 4429
f 4429 4452 4453
f 4429 4453 4430
f 4430 4453 4454
f 4430 4454 4407
f 4407 4454 4431
f 4431 4455 4432
f 4432 4455 4456
f 4432 4456 4433
f 4433 4456 4457
f 4433 4457 4434
f 4434 4457 4458
f 4434 4458 4435
f 4435 4458 4459
f 4435 4459 4436
f 4436 4459 4460
f 4436 4460 4437
f 4437 4460 4461
f 4437 4461 4438
f 4438 4461 4462
f 4438 4462 4439
f 4439 4462 4463
f 4439 4463 4440
f 4440 4463 4464
f 4440 4464 4441
f 4441 4464 4465
f 4441 4465 4442
f 4442 4465 4466
f 4442 4466 4443
f 4443 4466 4467
f 4443 4467 4444
f 4444 4467 4468
f 4444 4468 4445
f 4445 4468 4469
f 4445 4469 4446
f 4446 4469 4470
f 4446 4470 4447
f 4447 4470 4471
f 4447 4471 4448
f 4448 4471 4472
f 4448 4472 4449
f 4449 4472 4473
f 4449 4473 4450
f 4450 4473 4474
f 4450 4474 4451
f 4451 4474 4475
f 4451 4475 4452
f 4452 4475 4476
f 4452 4476 4453
f 4453 4476 4477
f 4453 4477 4454
f 4454 4477 4478
f 4454 4478 4431
f 4431 4478 4455
f 4455 4479 4456
f 4456 4479 4480
f 4456 4480 4457
f 4457 4480 4481
f 4457 4481 4458
f 4458 4481 4482
f 4458 4482 4459
f 4459 4482 4483
f 4459 4483 4460
f 4460 4483 4484
f 4460 4484 4461
f 4461 4484 4485
f 4461 4485 4462
f 4462 4485 4486
f 4462 4486 4463
f 4463 4486 4487
f 4463 4487 4464
f 4464 4487 4488
f 4464 4488 4465
f 4465 4488 4489
f 4465 4489 4466
f 4466 4489 4490
f 4466 4490 4467
f 4467 4490 4491
f 4467 4491 4468
f 4468 4491 4492
f 4468 4492 4469
f 4469 4492 4493
f 4469 4493 4470
f 4470 4493 4494
f 4470 4494 4471
f 4471 4494 4495
f 4471 4495 4472
f 4472 4495 4496
f 4472 4496 4473
f 4473 4496 4497
f 4473 4497 4474
f 4474 4497 4498
f 4474 4498 4475
f 4475 4498 4499
f 4475 4499 4476
f 4476 4499 4500
f 4476 4500 4477
f 4477 4500 4501
f 4477 4501 4478
f 4478 4501 4502
f 4478 4502 4455
f 4455 4502 4479
f 4479 4503 4480
f 4480 4503 4504
f 4480 4504 4481
f 4481 4504 4505
f 4481 4505 4482
f 4482 4505 4506
f 4482 4506 4483
f 4483 4506 4507
f 4483 4507 4484
f 4484 4507 4508
f 4484 4508 4485
f 4485 4508 4509
f 4485 4509 4486
f 4486 4509 4510
f 4486 4510 4487
f 4487 4510 4511
f 4487 4511 4488
f 4488 4511 4512
f 4488 4512 4489
f 4489 4512 4513
f 4489 4513 4490
f 4490 4513 4514
f 4490 4514 4491
f 4491 4514 4515
f 4491 4515 4492
f 4492 4515 4516
f 4492 4516 4493
f 4493 4516 4517
f 4493 4517 4494
f 4494 4517 4518
f 4494 4518 4495
f 4495 4518 4519
f 4495 4519 4496
f 4496 4519 4520
f 4496 4520 4497
f 4497 4520 4521
f 4497 4521 4498
f 4498 4521 4522
f 4498 4522 4499
f 4499 4522 4523
f 4499 4523 4500
f 4500 4523 4524
f 4500 4524 4501
f 4501 4524 4525
f 4501 4525 4502
f 4502 4525 4526
f 4502 4526 4479
f 4479 4526 4503
f 4503 4527 4504
f 4504 4527 4528
f 4504 4528 4505
f 4505 4528 4529
f 4505 4529 4506
f 4506 4529 4530
f 4506 4530 4507
f 4507 4530 4531
f 4507 4531 4508
f 4508 4531 4532
f 4508 4532 4509
f 4509 4532 4533
f 4509 4533 4510
f 4510 4533 4534
f 4510 4534 4511
f 4511 4534 4535
f 4511 4535 4512
f 4512 4535 4536
f 4512 4536 4513
f 4513 4536 4537
f 4513 4537 4514
f 4514 4537 4538
f 4514 4538 4515
f 4515 4538 4539
f 4515 4539 4516
f 4516 4539 4540
f 4516 4540 4517
f 4517 4540 4541
f 4517 4541 4518
f 4518 4541 4542
f 4518 4542 4519
f 4519 4542 4543
f 4519 4543 4520
f 4520 4543 4544
f 4520 4544 4521
f 4521 4544 4545
f 4521 4545 4522
f 4522 4545 4546
f 4522 4546 4523
f 4523 4546 4547
f 4523 4547 4524
f 4524 4547 4548
f 4524 4548 4525
f 4525 4548 4549
f 4525 4549 4526
f 4526 4549 4550
f 4526 4550 4503
f 4503 4550 4527
f 4527 4551 4528
f 4528 4551 4552
f 4528 4552 4529
f 4529 4552 4553
f 4529 4553 4530
f 4530 4553 4554
f 4530 4554 4531
f 4531 4554 4555
f 4531 4555 4532
f 4532 4555 4556
f 4532 4556 4533
f 4533 4556 4557
f 4533 4557 4534
f 4534 4557 4558
f 4534 4558 4535
f 4535 4558 4559
f 4535 4559 4536
f 4536 4559 4560
f 4536 4560 4537
f 4537 4560 4561
f 4537 4561 4538
f 4538 4561 4562
f 4538 4562 4539
f 4539 4562 4563
f 4539 4563 4540
f 4540 4563 4564
f 4540 4564 4541
f 4541 4564 4565
f 4541 4565 4542
f 4542 4565 4566
f 4542 4566 4543
f 4543 4566 4567
f 4543 4567 4544
f 4544 4567 4568
f 4544 4568 4545
f 4545 4568 4569
f 4545 4569 4546
f 4546 4569 4570
f 4546 4570 4547
f 4547 4570 4571
f 4547 4571 4548
f 4548 4571 4572
f 4548 4572 4549
f 4549 4572 4573
f 4549 4573 4550
f 4550 4573 4574
f 4550 4574 4527
f 4527 4574 4551
f 4551 4575 4552
f 4552 4575 4576
f 4552 4576 4553
f 4553 4576 4577
f 4553 4577 4554
f 4554 4577 4578
f 4554 4578 4555
f 4555 4578 4579
f 4555 4579 4556
f 4556 4579 4580
f 4556 4580 4557
f 4557 4580 4581
f 4557 4581 4558
f 4558 4581 4582
f 4558 4582 4559
f 4559 4582 4583
f 4559 4583 4560
f 4560 4583 4584
f 4560 4584 4561
f 4561 4584 4585
f 4561 4585 4562
f 4562 4585 4586
f 4562 4586 4563
f 4563 4586 4587
f 4563 4587 4564
f 4564 4587 4588
f 4564 4588 4565
f 4565 4588 4589
f 4565 4589 4566
f 4566 4589 4590
f 4566 4590 4567
f 4567 4590 4591
f 4567 4591 4568
f 4568 4591 4592
f 4568 4592 4569
f 4569 4592 4593
f 4569 4593 4570
f 4570 4593 4594
f 4570 4594 4571
f 4571 4594 4595
f 4571 4595 4572
f 4572 4595 4596
f 4572 4596 4573
f 4573 4596 4597
f 4573 4597 4574
f 4574 4597 4598
f 4574 4598 4551
f 4551 4598 4575
f 4575 4599 4576
f 4576 4599 4600
f 4576 4600 4577
f 4577 4600 4601
f 4577 4601 4578
f 4578 4601 4602
f 4578 4602 4579
f 4579 4602 4603
f 4579 4603 4580
f 4580 4603 4604
f 4580 4604 4581
f 4581 4604 4605
f 4581 4605 4582
f 4582 4605 4606
f 4582 4606 4583
f 4583 4606 4607
f 4583 4607 4584
f 4584 4607 4608
f 4584 4608 4585
f 4585 4608 4609
f 4585 4609 4586
f 4586 4609 4610
f 4586 4610 4587
f 4587 4610 4611
f 4587 4611 4588
f 4588 4611 4612
f 4588 4612 4589
f 4589 4612 4613
f 4589 4613 4590
f 4590 4613 4614
f 4590 4614 4591
f 4591 4614 4615
f 4591 4615 4592
f 4592 4615 4616
f 4592 4616 4593
f 4593 4616 4617
f 4593 4617 4594
f 4594 4617 4618
f 4594 4618 4595
f 4595 4618 4619
f 4595 4619 4596
f 4596 4619 4620
f 4596 4620 4597
f 4597 4620 4621
f 4597 4621 4598
f 4598 4621 4622
f 4598 4622 4575
f 4575 4622 4599
f 4599 4623 4600
f 4600 4623 4624
f 4600 4624 4601
f 4601 4624 4625
f 4601 4625 4602
f 4602 4625 4626
f 4602 4626 4603
f 4603 4626 4627
f 4603 4627 4604
f 4604 4627 4628
f 4604 4628 4605
f 4605 4628 4629
f 4605 4629 4606
f 4606 4629 4630
f 4606 4630 4607
f 4607 4630 4631
f 4607 4631 4608
f 4608 4631 4632
f 4608 4632 4609
f 4609 4632 4633
f 4609 4633 4610
f 4610 4633 4634
f 4610 4634 4611
f 4611 4634 4635
f 4611 4635 4612
f 4612 4635 4636
f 4612 4636 4613
f 4613 4636 4637
f 4613 4637 4614
f 4614 4637 4638
f 4614 4638 4615
f 4615 4638 4639
f 4615 4639 4616
f 4616 4639 4640
f 4616 4640 4617
f 4617 4640 4641
f 4617 4641 4618
f 4618 4641 4642
f 4618 4642 4619
f 4619 4642 4643
f 4619 4643 4620
f 4620 4643 4644
f 4620 4644 4621
f 4621 4644 4645
f 4621 4645 4622
f 4622 4645 4646
f 4622 4646 4599
f 4599 4646 4623
f 4623 4647 4624
f 4624 4647 4648
f 4624 4648 4625
f 4625 4648 4649
f 4625 4649 4626
f 4626 4649 4650
f 4626 4650 4627
f 4627 4650 4651
f 4627 4651 4628
f 4628 4651 4652
f 4628 4652 4629
f 4629 4652 4653
f 4629 4653 4630
f 4630 4653 4654
f 4630 4654 4631
f 4631 4654 4655
f 4631 4655 4632
f 4632 4655 4656
f 4632 4656 4633
f 4633 4656 4657
f 4633 4657 4634
f 4634 4657 4658
f 4634 4658 4635
f 4635 4658 4659
f 4635 4659 4636
f 4636 4659 4660
f 4636 4660 4637
f 4637 4660 4661
f 4637 4661 4638
f 4638 4661 4662
f 4638 4662 4639
f 4639 4662 4663
f 4639 4663 4640
f 4640 4663 4664
f 4640 4664 4641
f 4641 4664 4665
f 4641 4665 4642
f 4642 4665 4666
f 4642 4666 4643
f 4643 4666 4667
f 4643 4667 4644
f 4644 4667 4668
f 4644 4668 4645
f 4645 4668 4669
f 4645 4669 4646
f 4646 4669 4670
f 4646 4670 4623
f 4623 4670 4647
f 4647 4671 4648
f 4648 4671 4672
f 4648 4672 4649
f 4649 4672 4673
f 4649 4673 4650
f 4650 4673 4674
f 4650 4674 4651
f 4651 4674 4675
f 4651 4675 4652
f 4652 4675 4676
f 4652 4676 4653
f 4653 4676 4677
f 4653 4677 4654
f 4654 4677 4678
f 4654 4678 4655
f 4655 4678 4679
f 4655 4679 4656
f 4656 4679 4680
f 4656 4680 4657
f 4657 4680 4681
f 4657 4681 4658
f 4658 4681 4682
f 4658 4682 4659
f 4659 4682 4683
f 4659 4683 4660
f 4660 4683 4684
f 4660 4684 4661
f 4661 4684 4685
f 4661 4685 4662
f 4662 4685 4686
f 4662 4686 4663
f 4663 4686 4687
f 4663 4687 4664
f 4664 4687 4688
f 4664 4688 4665
f 4665 4688 4689
f 4665 4689 4666
f 4666 4689 4690
f 4666 4690 4667
f 4667 4690 4691
f 4667 4691 4668
f 4668 4691 4692
f 4668 4692 4669
f 4669 4692 4693
f 4669 4693 4670
f 4670 4693 4694
f 4670 4694 4647
f 4647 4694 4671
f 4671 4695 4672
f 4672 4695 4696
f 4672 4696 4673
f 4673 4696 4697
f 4673 4697 4674
f 4674 4697 4698
f 4674 4698 4675
f 4675 4698 4699
f 4675 4699 4676
f 4676 4699 4700
f 4676 4700 4677
f 4677 4700 4701
f 4677 4701 4678
f 4678 4701 4702
f 4678 4702 4679
f 4679 4702 4703
f 4679 4703 4680
f 4680 4703 4704
f 4680 4704 4681
f 4681 4704 4705
f 4681 4705 4682
f 4682 4705 4706
f 4682 4706 4683
f 4683 4706 4707
f 4683 4707 4684
f 4684 4707 4708
f 4684 4708 4685
f 4685 4708 4709
f 4685 4709 4686
f 4686 4709 4710
f 4686 4710 4687
f 4687 4710 4711
f 4687 4711 4688
f 4688 4711 4712
f 4688 4712 4689
f 4689 4712 4713
f 4689 4713 4690
f 4690 4713 4714
f 4690 4714 4691
f 4691 4714 4715
f 4691 4715 4692
f 4692 4715 4716
f 4692 4716 4693
f 4693 4716 4717
f 4693 4717 4694
f 4694 4717 4718
f 4694 4718 4671
f 4671 4718 4695
f 4695 4719 4696
f 4696 4719 4720
f 4696 4720 4697
f 4697 4720 4721
f 4697 4721 4698
f 4698 4721 4722
f 4698 4722 4699
f 4699 4722 4723
f 4699 4723 4700
f 4700 4723 4724
f 4700 4724 4701
f 4701 4724 4725
f 4701 4725 4702
f 4702 4725 4726
f 4702 4726 4703
f 4703 4726 4727
f 4703 4727 4704
f 4704 4727 4728
f 4704 4728 4705
f 4705 4728 4729
f 4705 4729 4706
f 4706 4729 4730
f 4706 4730 4707
f 4707 4730 4731
f 4707 4731 4708
f 4708 4731 4732
f 4708 4732 4709
f 4709 4732 4733
f 4709 4733 4710
f 4710 4733 4734
f 4710 4734 4711
f 4711 4734 4735
f 4711 4735 4712
f 4712 4735 4736
f 4712 4736 4713
f 4713 4736 4737
f 4713 4737 4714
f 4714 4737 4738
f 4714 4738 4715
f 4715 4738 4739
f 4715 4739 4716
f 4716 4739 4740
f 4716 4740 4717
f 4717 4740 4741
f 4717 4741 4718
f 4718 4741 4742
f 4718 4742 4695
f 4695 4742 4719
f 4719 4743 4720
f 4720 4743 4744
f 4720 4744 4721
f 4721 4744 4745
f 4721 4745 4722
f 4722 4745 4746
f 4722 4746 4723
f 4723 4746 4747
f 4723 4747 4724
f 4724 4747 4748
f 4724 4748 4725
f 4725 4748 4749
f 4725 4749 4726
f 4726 4749 4750
f 4726 4750 4727
f 4727 4750 4751
f 4727 4751 4728
f 4728 4751 4752
f 4728 4752 4729
f 4729 4752 4753
f 4729 4753 4730
f 4730 4753 4754
f 4730 4754 4731
f 4731 4754 4755
f 4731 4755 4732
f 4732 4755 4756
f 4732 4756 4733
f 4733 4756 4757
f 4733 4757 4734
f 4734 4757 4758
f 4734 4758 4735
f 4735 4758 4759
f 4735 4759 4736
f 4736 4759 4760
f 4736 4760 4737
f 4737 4760 4761
f 4737 4761 4738
f 4738 4761 4762
f 4738 4762 4739
f 4739 4762 4763
f 4739 4763 4740
f 4740 4763 4764
f 4740 4764 4741
f 4741 4764 4765
f 4741 4765 4742
f 4742 4765 4766
f 4742 4766 4719
f 4719 4766 4743
f 4743 4767 4744
f 4744 4767 4768
f 4744 4768 4745
f 4745 4768 4769
f 4745 4769 4746
f 4746 4769 4770
f 4746 4770 4747
f 4747 4770 4771
f 4747 4771 4748
f 4748 4771 4772
f 4748 4772 4749
f 4749 4772 4773
f 4749 4773 4750
f 4750 4773 4774
f 4750 4774 4751
f 4751 4774 4775
f 4751 4775 4752
f 4752 4775 4776
f 4752 4776 4753
f 4753 4776 4777
f 4753 4777 4754
f 4754 4777 4778
f 4754 4778 4755
f 4755 4778 4779
f 4755 4779 4756
f 4756 4779 4780
f 4756 4780 4757
f 4757 4780 4781
f 4757 4781 4758
f 4758 4781 4782
f 4758 4782 4759
f 4759 4782 4783
f 4759 4783 4760
f 4760 4783 4784
f 4760 4784 4761
f 4761 4784 4785
f 4761 4785 4762
f 4762 4785 4786
f 4762 4786 4763
f 4763 4786 4787
f 4763 4787 4764
f 4764 4787 4788
f 4764 4788 4765
f 4765 4788 4789
f 4765 4789 4766
f 4766 4789 4790
f 4766 4790 4743
f 4743 4790 4767
f 4767 4791 4768
f 4768 4791 4792
f 4768 4792 4769
f 4769 4792 4793
f 4769 4793 4770
f 4770 4793 4794
f 4770 4794 4771
f 4771 4794 4795
f 4771 4795 4772
f 4772 4795 4796
f 4772 4796 4773
f 4773 4796 4797
f 4773 4797 4774
f 4774 4797 4798
f 4774 4798 4775
f 4775 4798 4799
f 4775 4799 4776
f 4776 4799 4800
f 4776 4800 4777
f 4777 4800 4801
f 4777 4801 4778
f 4778 4801 4802
f 4778 4802 4779
f 4779 4802 4803
f 4779 4803 4780
f 4780 4803 4804
f 4780 4804 4781
f 4781 4804 4805
f 4781 4805 4782
f 4782 4805 4806
f 4782 4806 4783
f 4783 4806 4807
f 4783 4807 4784
f 4784 4807 4808
f 4784 4808 4785
f 4785 4808 4809
f 4785 4809 4786
f 4786 4809 4810
f 4786 4810 4787
f 4787 4810 4811
f 4787 4811 4788
f 4788 4811 4812
f 4788 4812 4789
f 4789 4812 4813
f 4789 4813 4790
f 4790 4813 4814
f 4790 4814 4767
f 4767 4814 4791
f 4791 4815 4792
f 4792 4815 4816
f 4792 4816 4793
f 4793 4816 4817
f 4793 4817 4794
f 4794 4817 4818
f 4794 4818 4795
f 4795 4818 4819
f 4795 4819 4796
f 4796 4819 4820
f 4796 4820 4797
f 4797 4820 4821
f 4797 4821 4798
f 4798 4821 4822
f 4798 4822 4799
f 4799 4822 4823
f 4799 4823 4800
f 4800 4823 4824
f 4800 4824 4801
f 4801 4824 4825
f 4801 4825 4802
f 4802 4825 4826
f 4802 4826 4803
f 4803 4826 4827
f 4803 4827 4804
f 4804 4827 4828
f 4804 4828 4805
f 4805 4828 4829
f 4805 4829 4806
f 4806 4829 4830
f 4806 4830 4807
f 4807 4830 4831
f 4807 4831 4808
f 4808 4831 4832
f 4808 4832 4809
f 4809 4832 4833
f 4809 4833 4810
f 4810 4833 4834
f 4810 4834 4811
f 4811 4834 4835
f 4811 4835 4812
f 4812 4835 4836
f 4812 4836 4813
f 4813 4836 4837
f 4813 4837 4814
f 4814 4837 4838
f 4814 4838 4791
f 4791 4838 4815
f 4815 4839 4816
f 4816 4839 4840
f 4816 4840 4817
f 4817 4840 4841
f 4817 4841 4818
f 4818 4841 4842
f 4818 4842 4819
f 4819 4842 4843
f 4819 4843 4820
f 4820 4843 4844
f 4820 4844 4821
f 4821 4844 4845
f 4821 4845 4822
f 4822 4845 4846
f 4822 4846 4823
f 4823 4846 4847
f 4823 4847 4824
f 4824 4847 4848
f 4824 4848 4825
f 4825 4848 4849
f 4825 4849 4826
f 4826 4849 4850
f 4826 4850 4827
f 4827 4850 4851
f 4827 4851 4828
f 4828 4851 4852
f 4828 4852 4829
f 4829 4852 4853
f 4829 4853 4830
f 4830 4853 4854
f 4830 4854 4831
f 4831 4854 4855
f 4831 4855 4832
f 4832 4855 4856
f 4832 4856 4833
f 4833 4856 4857
f 4833 4857 4834
f 4834 4857 4858
f 4834 4858 4835
f 4835 4858 4859
f 4835 4859 4836
f 4836 4859 4860
f 4836 4860 4837
f 4837 4860 4861
f 4837 4861 4838
f 4838 4861 4862
f 4838 4862 4815
f 4815 4862 4839
f 4839 4863 4840
f 4840 4863 4864
f 4840 4864 4841
f 4841 4864 4865
f 4841 4865 4842
f 4842 4865 4866
f 4842 4866 4843
f 4843 4866 4867
f 4843 4867 4844
f 4844 4867 4868
f 4844 4868 4845
f 4845 4868 4869
f 4845 4869 4846
f 4846 4869 4870
f 4846 4870 4847
f 4847 4870 4871
f 4847 4871 4848
f 4848 4871 4872
f 4848 4872 4849
f 4849 4872 4873
f 4849 4873 4850
f 4850 4873 4874
f 4850 4874 4851
f 4851 4874 4875
f 4851 4875 4852
f 4852 4875 4876
f 4852 4876 4853
f 4853 4876 4877
f 4853 4877 4854
f 4854 4877 4878
f 4854 4878 4855
f 4855 4878 4879
f 4855 4879 4856
f 4856 4879 4880
f 4856 4880 4857
f 4857 4880 4881
f 4857 4881 4858
f 4858 4881 4882
f 4858 4882 4859
f 4859 4882 4883
f 4859 4883 4860
f 4860 4883 4884
f 4860 4884 4861
f 4861 4884 4885
f 4861 4885 4862
f 4862 4885 4886
f 4862 4886 4839
f 4839 4886 4863
f 4863 4887 4864
f 4864 4887 4888
f 4864 4888 4865
f 4865 4888 4889
f 4865 4889 4866
f 4866 4889 4890
f 4866 4890 4867
f 4867 4890 4891
f 4867 4891 4868
f 4868 4891 4892
f 4868 4892 4869
f 4869 4892 4893
f 4869 4893 4870
f 4870 4893 4894
f 4870 4894 4871
f 4871 4894 4895
f 4871 4895 4872
f 4872 4895 4896
f 4872 4896 4873
f 4873 4896 4897
f 4873 4897 4874
f 4874 4897 4898
f 4874 4898 4875
f 4875 4898 4899
f 4875 4899 4876
f 4876 4899 4900
f 4876 4900 4877
f 4877 4900 4901
f 4877 4901 4878
f 4878 4901 4902
f 4878 4902 4879
f 4879 4902 4903
f 4879 4903 4880
f 4880 4903 4904
f 4880 4904 4881
f 4881 4904 4905
f 4881 4905 4882
f 4882 4905 4906
f 4882 4906 4883
f 4883 4906 4907
f 4883 4907 4884
f 4884 4907 4908
f 4884 4908 4885
f 4885 4908 4909
f 4885 4909 4886
f 4886 4909 4910
f 4886 4910 4863
f 4863 4910 4887
f 4887 4911 4888
f 4888 4911 4912
f 4888 4912 4889
f 4889 4912 4913
f 4889 4913 4890
f 4890 4913 4914
f 4890 4914 4891
f 4891 4914 4915
f 4891 4915 4892
f 4892 4915 4916
f 4892 4916 4893
f 4893 4916 4917
f 4893 4917 4894
f 4894 4917 4918
f 4894 4918 4895
f 4895 4918 4919
f 4895 4919 4896
f 4896 4919 4920
f 4896 4920 4897
f 4897 4920 4921
f 4897 4921 4898
f 4898 4921 4922
f 4898 4922 4899
f 4899 4922 4923
f 4899 4923 4900
f 4900 4923 4924
f 4900 4924 4901
f 4901 4924 4925
f 4901 4925 4902
f 4902 4925 4926
f 4902 4926 4903
f 4903 4926 4927
f 4903 4927 4904
f 4904 4927 4928
f 4904 4928 4905
f 4905 4928 4929
f 4905 4929 4906
f 4906 4929 4930
f 4906 4930 4907
f 4907 4930 4931
f 4907 4931 4908
f 4908 4931 4932
f 4908 4932 4909
f 4909 4932 4933
f 4909 4933 4910
f 4910 4933 4934
f 4910 4934 4887
f 4887 4934 4911
f 4911 4935 4912
f 4912 4935 4936
f 4912 4936 4913
f 4913 4936 4937
f 4913 4937 4914
f 4914 4937 4938
f 4914 4938 4915
f 4915 4938 4939
f 4915 4939 4916
f 4916 4939 4940
f 4916 4940 4917
f 4917 4940 4941
f 4917 4941 4918
f 4918 4941 4942
f 4918 4942 4919
f 4919 4942 4943
f 4919 4943 4920
f 4920 4943 4944
f 4920 4944 4921
f 4921 4944 4945
f 4921 4945 4922
f 4922 4945 4946
f 4922 4946 4923
f 4923 4946 4947
f 4923 4947 4924
f 4924 4947 4948
f 4924 4948 4925
f 4925 4948 4949
f 4925 4949 4926
f 4926 4949 4950
f 4926 4950 4927
f 4927 4950 4951
f 4927 4951 4928
f 4928 4951 4952
f 4928 4952 4929
f 4929 4952 4953
f 4929 4953 4930
f 4930 4953 4954
f 4930 4954 4931
f 4931 4954 4955
f 4931 4955 4932
f 4932 4955 4956
f 4932 4956 4933
f 4933 4956 4957
f 4933 4957 4934
f 4934 4957 4958
f 4934 4958 4911
f 4911 4958 4935
f 4935 4959 4936
f 4936 4959 4960
f 4936 4960 4937
f 4937 4960 4961
f 4937 4961 4938
f 4938 4961 4962
f 4938 4962 4939
f 4939 4962 4963
f 4939 4963 4940
f 4940 4963 4964
f 4940 4964 4941
f 4941 4964 4965
f 4941 4965 4942
f 4942 4965 4966
f 4942 4966 4943
f 4943 4966 4967
f 4943 4967 4944
f 4944 4967 4968
f 4944 4968 4945
f 4945 4968 4969
f 4945 4969 4946
f 4946 4969 4970
f 4946 4970 4947
f 4947 4970 4971
f 4947 4971 4948
f 4948 4971 4972
f 4948 4972 4949
f 4949 4972 4973
f 4949 4973 4950
f 4950 4973 4974
f 4950 4974 4951
f 4951 4974 4975
f 4951 4975 4952
f 4952 4975 4976
f 4952 4976 4953
f 4953 4976 4977
f 4953 4977 4954
f 4954 4977 4978
f 4954 4978 4955
f 4955 4978 4979
f 4955 4979 4956
f 4956 4979 4980
f 4956 4980 4957
f 4957 4980 4981
f 4957 4981 4958
f 4958 4981 4982
f 4958 4982 4935
f 4935 4982 4959
f 4959 4983 4960
f 4960 4983 4984
f 4960 4984 4961
f 4961 4984 4985
f 4961 4985 4962
f 4962 4985 4986
f 4962 4986 4963
f 4963 4986 4987
f 4963 4987 4964
f 4964 4987 4988
f 4964 4988 4965
f 4965 4988 4989
f 4965 4989 4966
f 4966 4989 4990
f 4966 4990 4967
f 4967 4990 4991
f 4967 4991 4968
f 4968 4991 4992
f 4968 4992 4969
f 4969 4992 4993
f 4969 4993 4970
f 4970 4993 4994
f 4970 4994 4971
f 4971 4994 4995
f 4971 4995 4972
f 4972 4995 4996
f 4972 4996 4973
f 4973 4996 4997
f 4973 4997 4974
f 4974 4997 4998
f 4974 4998 4975
f 4975 4998 4999
f 4975 4999 4976
f 4976 4999 5000
f 4976 5000 4977
f 4977 5000 5001
f 4977 5001 4978
f 4978 5001 5002
f 4978 5002 4979
f 4979 5002 5003
f 4979 5003 4980
f 4980 5003 5004
f 4980 5004 4981
f 4981 5004 5005
f 4981 5005 4982
f 4982 5005 5006
f 4982 5006 4959
f 4959 5006 4983
f 4983 5007 4984
f 4984 5007 5008
f 4984 5008 4985
f 4985 5008 5009
f 4985 5009 4986
f 4986 5009 5010
f 4986 5010 4987
f 4987 5010 5011
f 4987 5011 4988
f 4988 5011 5012
f 4988 5012 4989
f 4989 5012 5013
f 4989 5013 4990
f 4990 5013 5014
f 4990 5014 4991
f 4991 5014 5015
f 4991 5015 4992
f 4992 5015 5016
f 4992 5016 4993
f 4993 5016 5017
f 4993 5017 4994
f 4994 5017 5018
f 4994 5018 4995
f 4995 5018 5019
f 4995 5019 4996
f 4996 5019 5020
f 4996 5020 4997
f 4997 5020 5021
f 4997 5021 4998
f 4998 5021 5022
f 4998 5022 4999
f 4999 5022 5023
f 4999 5023 5000
f 5000 5023 5024
f 5000 5024 5001
f 5001 5024 5025
f 5001 5025 5002
f 5002 5025 5026
f 5002 5026 5003
f 5003 5026 5027
f 5003 5027 5004
f 5004 5027 5028
f 5004 5028 5005
f 5005 5028 5029
f 5005 5029 5006
f 5006 5029 5030
f 5006 5030 4983
f 4983 5030 5007
f 5007 5031 5008
f 5008 5031 5032
f 5008 5032 5009
f 5009 5032 5033
f 5009 5033 5010
f 5010 5033 5034
f 5010 5034 5011
f 5011 5034 5035
f 5011 5035 5012
f 5012 5035 5036
f 5012 5036 5013
f 5013 5036 5037
f 5013 5037 5014
f 5014 5037 5038
f 5014 5038 5015
f 5015 5038 5039
f 5015 5039 5016
f 5016 5039 5040
f 5016 5040 5017
f 5017 5040 5041
f 5017 5041 5018
f 5018 5041 5042
f 5018 5042 5019
f 5019 5042 5043
f 5019 5043 5020
f 5020 5043 5044
f 5020 5044 5021
f 5021 5044 5045
f 5021 5045 5022
f 5022 5045 5046
f 5022 5046 5023
f 5023 5046 5047
f 5023 5047 5024
f 5024 5047 5048
f 5024 5048 5025
f 5025 5048 5049
f 5025 5049 5026
f 5026 5049 5050
f 5026 5050 5027
f 5027 5050 5051
f 5027 5051 5028
f 5028 5051 5052
f 5028 5052 5029
f 5029 5052 5053
f 5029 5053 5030
f 5030 5053 5054
f 5030 5054 5007
f 5007 5054 5031
f 5031 5055 5032
f 5032 5055 5056
f 5032 5056 5033
f 5033 5056 5057
f 5033 5057 5034
f 5034 5057 5058
f 5034 5058 5035
f 5035 5058 5059
f 5035 5059 5036
f 5036 5059 5060
f 5036 5060 5037
f 5037 5060 5061
f 5037 5061 5038
f 5038 5061 5062
f 5038 5062 5039
f 5039 5062 5063
f 5039 5063 5040
f 5040 5063 5064
f 5040 5064 5041
f 5041 5064 5065
f 5041 5065 5042
f 5042 5065 5066
f 5042 5066 5043
f 5043 5066 5067
f 5043 5067 5044
f 5044 5067 5068
f 5044 5068 5045
f 5045 5068 5069
f 5045 5069 5046
f 5046 5069 5070
f 5046 5070 5047
f 5047 5070 5071
f 5047 5071 5048
f 5048 5071 5072
f 5048 5072 5049
f 5049 5072 5073
f 5049 5073 5050
f 5050 5073 5074
f 5050 5074 5051
f 5051 5074 5075
f 5051 5075 5052
f 5052 5075 5076
f 5052 5076 5053
f 5053 5076 5077
f 5053 5077 5054
f 5054 5077 5078
f 5054 5078 5031
f 5031 5078 5055
f 5055 5079 5056
f 5056 5079 5080
f 5056 5080 5057
f 5057 5080 5081
f 5057 5081 5058
f 5058 5081 5082
f 5058 5082 5059
f 5059 5082 5083
f 5059 5083 5060
f 5060 5083 5084
f 5060 5084 5061
f 5061 5084 5085
f 5061 5085 5062
f 5062 5085 5086
f 5062 5086 5063
f 5063 5086 5087
f 5063 5087 5064
f 5064 5087 5088
f 5064 5088 5065
f 5065 5088 5089
f 5065 5089 5066
f 5066 5089 5090
f 5066 5090 5067
f 5067 5090 5091
f 5067 5091 5068
f 5068 5091 5092
f 5068 5092 5069
f 5069 5092 5093
f 5069 5093 5070
f 5070 5093 5094
f 5070 5094 5071
f 5071 5094 5095
f 5071 5095 5072
f 5072 5095 5096
f 5072 5096 5073
f 5073 5096 5097
f 5073 5097 5074
f 5074 5097 5098
f 5074 5098 5075
f 5075 5098 5099
f 5075 5099 5076
f 5076 5099 5100
f 5076 5100 5077
f 5077 5100 5101
f 5077 5101 5078
f 5078 5101 5102
f 5078 5102 5055
f 5055 5102 5079
f 5079 5103 5080
f 5080 5103 5104
f 5080 5104 5081
f 5081 5104 5105
f 5081 5105 5082
f 5082 5105 5106
f 5082 5106 5083
f 5083 5106 5107
f 5083 5107 5084
f 5084 5107 5108
f 5084 5108 5085
f 5085 5108 5109
f 5085 5109 5086
f 5086 5109 5110
f 5086 5110 5087
f 5087 5110 5111
f 5087 5111 5088
f 5088 5111 5112
f 5088 5112 5089
f 5089 5112 5113
f 5089 5113 5090
f 5090 5113 5114
f 5090 5114 5091
f 5091 5114 5115
f 5091 5115 5092
f 5092 5115 5116
f 5092 5116 5093
f 5093 5116 5117
f 5093 5117 5094
f 5094 5117 5118
f 5094 5118 5095
f 5095 5118 5119
f 5095 5119 5096
f 5096 5119 5120
f 5096 5120 5097
f 5097 5120 5121
f 5097 5121 5098
f 5098 5121 5122
f 5098 5122 5099
f 5099 5122 5123
f 5099 5123 5100
f 5100 5123 5124
f 5100 5124 5101
f 5101 5124 5125
f 5101 5125 5102
f 5102 5125 5126
f 5102 5126 5079
f 5079 5126 5103
f 5103 5127 5104
f 5104 5127 5128
f 5104 5128 5105
f 5105 5128 5129
f 5105 5129 5106
f 5106 5129 5130
f 5106 5130 5107
f 5107 5130 5131
f 5107 5131 5108
f 5108 5131 5132
f 5108 5132 5109
f 5109 5132 5133
f 5109 5133 5110
f 5110 5133 5134
f 5110 5134 5111
f 5111 5134 5135
f 5111 5135 5112
f 5112 5135 5136
f 5112 5136 5113
f 5113 5136 5137
f 5113 5137 5114
f 5114 5137 5138
f 5114 5138 5115
f 5115 5138 5139
f 5115 5139 5116
f 5116 5139 5140
f 5116 5140 5117
f 5117 5140 5141
f 5117 5141 5118
f 5118 5141 5142
f 5118 5142 5119
f 5119 5142 5143
f 5119 5143 5120
f 5120 5143 5144
f 5120 5144 5121
f 5121 5144 5145
f 5121 5145 5122
f 5122 5145 5146
f 5122 5146 5123
f 5123 5146 5147
f 5123 5147 5124
f 5124 5147 5148
f 5124 5148 5125
f 5125 5148 5149
f 5125 5149 5126
f 5126 5149 5150
f 5126 5150 5103
f 5103 5150 5127
f 5127 5151 5128
f 5128 5151 5152
f 5128 5152 5129
f 5129 5152 5153
f 5129 5153 5130
f 5130 5153 5154
f 5130 5154 5131
f 5131 5154 5155
f 5131 5155 5132
f 5132 5155 5156
f 5132 5156 5133
f 5133 5156 5157
f 5133 5157 5134
f 5134 5157 5158
f 5134 5158 5135
f 5135 5158 5159
f 5135 5159 5136
f 5136 5159 5160
f 5136 5160 5137
f 5137 5160 5161
f 5137 5161 5138
f 5138 5161 5162
f 5138 5162 5139
f 5139 5162 5163
f 5139 5163 5140
f 5140 5163 5164
f 5140 5164 5141
f 5141 5164 5165
f 5141 5165 5142
f 5142 5165 5166
f 5142 5166 5143
f 5143 5166 5167
f 5143 5167 5144
f 5144 5167 5168
f 5144 5168 5145
f 5145 5168 5169
f 5145 5169 5146
f 5146 5169 5170
f 5146 5170 5147
f 5147 5170 5171
f 5147 5171 5148
f 5148 5171 5172
f 5148 5172 5149
f 5149 5172 5173
f 5149 5173 5150
f 5150 5173 5174
f 5150 5174 5127
f 5127 5174 5151
f 5151 5175 5152
f 5152 5175 5176
f 5152 5176 5153
f 5153 5176 5177
f 5153 5177 5154
f 5154 5177 5178
f 5154 5178 5155
f 5155 5178 5179
f 5155 5179 5156
f 5156 5179 5180
f 5156 5180 5157
f 5157 5180 5181
f 5157 5181 5158
f 5158 5181 5182
f 5158 5182 5159
f 5159 5182 5183
f 5159 5183 5160
f 5160 5183 5184
f 5160 5184 5161
f 5161 5184 5185
f 5161 5185 5162
f 5162 5185 5186
f 5162 5186 5163
f 5163 5186 5187
f 5163 5187 5164
f 5164 5187 5188
f 5164 5188 5165
f 5165 5188 5189
f 5165 5189 5166
f 5166 5189 5190
f 5166 5190 5167
f 5167 5190 5191
f 5167 5191 5168
f 5168 5191 5192
f 5168 5192 5169
f 5169 5192 5193
f 5169 5193 5170
f 5170 5193 5194
f 5170 5194 5171
f 5171 5194 5195
f 5171 5195 5172
f 5172 5195 5196
f 5172 5196 5173
f 5173 5196 5197
f 5173 5197 5174
f 5174 5197 5198
f 5174 5198 5151
f 5151 5198 5175
f 5175 5199 5176
f 5176 5199 5200
f 5176 5200 5177
f 5177 5200 5201
f 5177 5201 5178
f 5178 5201 5202
f 5178 5202 5179
f 5179 5202 5203
f 5179 5203 5180
f 5180 5203 5204
f 5180 5204 5181
f 5181 5204 5205
f 5181 5205 5182
f 5182 5205 5206
f 5182 5206 5183
f 5183 5206 5207
f 5183 5207 5184
f 5184 5207 5208
f 5184 5208 5185
f 5185 5208 5209
f 5185 5209 5186
f 5186 5209 5210
f 5186 5210 5187
f 5187 5210 5211
f 5187 5211 5188
f 5188 5211 5212
f 5188 5212 5189
f 5189 5212 5213
f 5189 5213 5190
f 5190 5213 5214
f 5190 5214 5191
f 5191 5214 5215
f 5191 5215 5192
f 5192 5215 5216
f 5192 5216 5193
f 5193 5216 5217
f 5193 5217 5194
f 5194 5217 5218
f 5194 5218 5195
f 5195 5218 5219
f 5195 5219 5196
f 5196 5219 5220
f 5196 5220 5197
f 5197 5220 5221
f 5197 5221 5198
f 5198 5221 5222
f 5198 5222 5175
f 5175 5222 5199
f 5199 5223 5200
f 5200 5223 5224
f 5200 5224 5201
f 5201 5224 5225
f 5201 5225 5202
f 5202 5225 5226
f 5202 5226 5203
f 5203 5226 5227
f 5203 5227 5204
f 5204 5227 5228
f 5204 5228 5205
f 5205 5228 5229
f 5205 5229 5206
f 5206 5229 5230
f 5206 5230 5207
f 5207 5230 5231
f 5207 5231 5208
f 5208 5231 5232
f 5208 5232 5209
f 5209 5232 5233
f 5209 5233 5210
f 5210 5233 5234
f 5210 5234 5211
f 5211 5234 5235
f 5211 5235 5212
f 5212 5235 5236
f 5212 5236 5213
f 5213 5236 5237
f 5213 5237 5214
f 5214 5237 5238
f 5214 5238 5215
f 5215 5238 5239
f 5215 5239 5216
f 5216 5239 5240
f 5216 5240 5217
f 5217 5240 5241
f 5217 5241 5218
f 5218 5241 5242
f 5218 5242 5219
f 5219 5242 5243
f 5219 5243 5220
f 5220 5243 5244
f 5220 5244 5221
f 5221 5244 5245
f 5221 5245 5222
f 5222 5245 5246
f 5222 5246 5199
f 5199 5246 5223
f 5223 5247 5224
f 5224 5247 5248
f 5224 5248 5225
f 5225 5248 5249
f 5225 5249 5226
f 5226 5249 5250
f 5226 5250 5227
f 5227 5250 5251
f 5227 5251 5228
f 5228 5251 5252
f 5228 5252 5229
f 5229 5252 5253
f 5229 5253 5230
f 5230 5253 5254
f 5230 5254 5231
f 5231 5254 5255
f 5231 5255 5232
f 5232 5255 5256
f 5232 5256 5233
f 5233 5256 5257
f 5233 5257 5234
f 5234 5257 5258
f 5234 5258 5235
f 5235 5258 5259
f 5235 5259 5236
f 5236 5259 5260
f 5236 5260 5237
f 5237 5260 5261
f 5237 5261 5238
f 5238 5261 5262
f 5238 5262 5239
f 5239 5262 5263
f 5239 5263 5240
f 5240 5263 5264
f 5240 5264 5241
f 5241 5264 5265
f 5241 5265 5242
f 5242 5265 5266
f 5242 5266 5243
f 5243 5266 5267
f 5243 5267 5244
f 5244 5267 5268
f 5244 5268 5245
f 5245 5268 5269
f 5245 5269 5246
f 5246 5269 5270
f 5246 5270 5223
f 5223 5270 5247
f 5247 5271 5248
f 5248 5271 5272
f 5248 5272 5249
f 5249 5272 5273
f 5249 5273 5250
f 5250 5273 5274
f 5250 5274 5251
f 5251 5274 5275
f 5251 5275 5252
f 5252 5275 5276
f 5252 5276 5253
f 5253 5276 5277
f 5253 5277 5254
f 5254 5277 5278
f 5254 5278 5255
f 5255 5278 5279
f 5255 5279 5256
f 5256 5279 5280
f 5256 5280 5257
f 5257 5280 5281
f 5257 5281 5258
f 5258 5281 5282
f 5258 5282 5259
f 5259 5282 5283
f 5259 5283 5260
f 5260 5283 5284
f 5260 5284 5261
f 5261 5284 5285
f 5261 5285 5262
f 5262 5285 5286
f 5262 5286 5263
f 5263 5286 5287
f 5263 5287 5264
f 5264 5287 5288
f 5264 5288 5265
f 5265 5288 5289
f 5265 5289 5266
f 5266 5289 5290
f 5266 5290 5267
f 5267 5290 5291
f 5267 5291 5268
f 5268 5291 5292
f 5268 5292 5269
f 5269 5292 5293
f 5269 5293 5270
f 5270 5293 5294
f 5270 5294 5247
f 5247 5294 5271
f 5271 5295 5272
f 5272 5295 5296
f 5272 5296 5273
f 5273 5296 5297
f 5273 5297 5274
f 5274 5297 5298
f 5274 5298 5275
f 5275 5298 5299
f 5275 5299 5276
f 5276 5299 5300
f 5276 5300 5277
f 5277 5300 5301
f 5277 5301 5278
f 5278 5301 5302
f 5278 5302 5279
f 5279 5302 5303
f 5279 5303 5280
f 5280 5303 5304
f 5280 5304 5281
f 5281 5304 5305
f 5281 5305 5282
f 5282 5305 5306
f 5282 5306 5283
f 5283 5306 5307
f 5283 5307 5284
f 5284 5307 5308
f 5284 5308 5285
f 5285 5308 5309
f 5285 5309 5286
f 5286 5309 5310
f 5286 5310 5287
f 5287 5310 5311
f 5287 5311 5288
f 5288 5311 5312
f 5288 5312 5289
f 5289 5312 5313
f 5289 5313 5290
f 5290 5313 5314
f 5290 5314 5291
f 5291 5314 5315
f 5291 5315 5292
f 5292 5315 5316
f 5292 5316 5293
f 5293 5316 5317
f 5293 5317 5294
f 5294 5317 5318
f 5294 5318 5271
f 5271 5318 5295
f 5295 5319 5296
f 5296 5319 5320
f 5296 5320 5297
f 5297 5320 5321
f 5297 5321 5298
f 5298 5321 5322
f 5298 5322 5299
f 5299 5322 5323
f 5299 5323 5300
f 5300 5323 5324
f 5300 5324 5301
f 5301 5324 5325
f 5301 5325 5302
f 5302 5325 5326
f 5302 5326 5303
f 5303 5326 5327
f 5303 5327 5304
f 5304 5327 5328
f 5304 5328 5305
f 5305 5328 5329
f 5305 5329 5306
f 5306 5329 5330
f 5306 5330 5307
f 5307 5330 5331
f 5307 5331 5308
f 5308 5331 5332
f 5308 5332 5309
f 5309 5332 5333
f 5309 5333 5310
f 5310 5333 5334
f 5310 5334 5311
f 5311 5334 5335
f 5311 5335 5312
f 5312 5335 5336
f 5312 5336 5313
f 5313 5336 5337
f 5313 5337 5314
f 5314 5337 5338
f 5314 5338 5315
f 5315 5338 5339
f 5315 5339 5316
f 5316 5339 5340
f 5316 5340 5317
f 5317 5340 5341
f 5317 5341 5318
f 5318 5341 5342
f 5318 5342 5295
f 5295 5342 5319
f 5319 5343 5320
f 5320 5343 5344
f 5320 5344 5321
f 5321 5344 5345
f 5321 5345 5322
f 5322 5345 5346
f 5322 5346 5323
f 5323 5346 5347
f 5323 5347 5324
f 5324 5347 5348
f 5324 5348 5325
f 5325 5348 5349
f 5325 5349 5326
f 5326 5349 5350
f 5326 5350 5327
f 5327 5350 5351
f 5327 5351 5328
f 5328 5351 5352
f 5328 5352 5329
f 5329 5352 5353
f 5329 5353 5330
f 5330 5353 5354
f 5330 5354 5331
f 5331 5354 5355
f 5331 5355 5332
f 5332 5355 5356
f 5332 5356 5333
f 5333 5356 5357
f 5333 5357 5334
f 5334 5357 5358
f 5334 5358 5335
f 5335 5358 5359
f 5335 5359 5336
f 5336 5359 5360
f 5336 5360 5337
f 5337 5360 5361
f 5337 5361 5338
f 5338 5361 5362
f 5338 5362 5339
f 5339 5362 5363
f 5339 5363 5340
f 5340 5363 5364
f 5340 5364 5341
f 5341 5364 5365
f 5341 5365 5342
f 5342 5365 5366
f 5342 5366 5319
f 5319 5366 5343
f 5343 5367 5344
f 5344 5367 5368
f 5344 5368 5345
f 5345 5368 5369
f 5345 5369 5346
f 5346 5369 5370
f 5346 5370 5347
f 5347 5370 5371
f 5347 5371 5348
f 5348 5371 5372
f 5348 5372 5349
f 5349 5372 5373
f 5349 5373 5350
f 5350 5373 5374
f 5350 5374 5351
f 5351 5374 5375
f 5351 5375 5352
f 5352 5375 5376
f 5352 5376 5353
f 5353 5376 5377
f 5353 5377 5354
f 5354 5377 5378
f 5354 5378 5355
f 5355 5378 5379
f 5355 5379 5356
f 5356 5379 5380
f 5356 5380 5357
f 5357 5380 5381
f 5357 5381 5358
f 5358 5381 5382
f 5358 5382 5359
f 5359 5382 5383
f 5359 5383 5360
f 5360 5383 5384
f 5360 5384 5361
f 5361 5384 5385
f 5361 5385 5362
f 5362 5385 5386
f 5362 5386 5363
f 5363 5386 5387
f 5363 5387 5364
f 5364 5387 5388
f 5364 5388 5365
f 5365 5388 5389
f 5365 5389 5366
f 5366 5389 5390
f 5366 5390 5343
f 5343 5390 5367
f 5367 5391 5368
f 5368 5391 5392
f 5368 5392 5369
f 5369 5392 5393
f 5369 5393 5370
f 5370 5393 5394
f 5370 5394 5371
f 5371 5394 5395
f 5371 5395 5372
f 5372 5395 5396
f 5372 5396 5373
f 5373 5396 5397
f 5373 5397 5374
f 5374 5397 5398
f 5374 5398 5375
f 5375 5398 5399
f 5375 5399 5376
f 5376 5399 5400
f 5376 5400 5377
f 5377 5400 5401
f 5377 5401 5378
f 5378 5401 5402
f 5378 5402 5379
f 5379 5402 5403
f 5379 5403 5380
f 5380 5403 5404
f 5380 5404 5381
f 5381 5404 5405
f 5381 5405 5382
f 5382 5405 5406
f 5382 5406 5383
f 5383 5406 5407
f 5383 5407 5384
f 5384 5407 5408
f 5384 5408 5385
f 5385 5408 5409
f 5385 5409 5386
f 5386 5409 5410
f 5386 5410 5387
f 5387 5410 5411
f 5387 5411 5388
f 5388 5411 5412
f 5388 5412 5389
f 5389 5412 5413
f 5389 5413 5390
f 5390 5413 5414
f 5390 5414 5367
f 5367 5414 5391
f 5391 5415 5392
f 5392 5415 5416
f 5392 5416 5393
f 5393 5416 5417
f 5393 5417 5394
f 5394 5417 5418
f 5394 5418 5395
f 5395 5418 5419
f 5395 5419 5396
f 5396 5419 5420
f 5396 5420 5397
f 5397 5420 5421
f 5397 5421 5398
f 5398 5421 5422
f 5398 5422 5399
f 5399 5422 5423
f 5399 5423 5400
f 5400 5423 5424
f 5400 5424 5401
f 5401 5424 5425
f 5401 5425 5402
f 5402 5425 5426
f 5402 5426 5403
f 5403 5426 5427
f 5403 5427 5404
f 5404 5427 5428
f 5404 5428 5405
f 5405 5428 5429
f 5405 5429 5406
f 5406 5429 5430
f 5406 5430 5407
f 5407 5430 5431
f 5407 5431 5408
f 5408 5431 5432
f 5408 5432 5409
f 5409 5432 5433
f 5409 5433 5410
f 5410 5433 5434
f 5410 5434 5411
f 5411 5434 5435
f 5411 5435 5412
f 5412 5435 5436
f 5412 5436 5413
f 5413 5436 5437
f 5413 5437 5414
f 5414 5437 5438
f 5414 5438 5391
f 5391 5438 5415
f 5415 5439 5416
f 5416 5439 5440
f 5416 5440 5417
f 5417 5440 5441
f 5417 5441 5418
f 5418 5441 5442
f 5418 5442 5419
f 5419 5442 5443
f 5419 5443 5420
f 5420 5443 5444
f 5420 5444 5421
f 5421 5444 5445
f 5421 5445 5422
f 5422 5445 5446
f 5422 5446 5423
f 5423 5446 5447
f 5423 5447 5424
f 5424 5447 5448
f 5424 5448 5425
f 5425 5448 5449
f 5425 5449 5426
f 5426 5449 5450
f 5426 5450 5427
f 5427 5450 5451
f 5427 5451 5428
f 5428 5451 5452
f 5428 5452 5429
f 5429 5452 5453
f 5429 5453 5430
f 5430 5453 5454
f 5430 5454 5431
f 5431 5454 5455
f 5431 5455 5432
f 5432 5455 5456
f 5432 5456 5433
f 5433 5456 5457
f 5433 5457 5434
f 5434 5457 5458
f 5434 5458 5435
f 5435 5458 5459
f 5435 5459 5436
f 5436 5459 5460
f 5436 5460 5437
f 5437 5460 5461
f 5437 5461 5438
f 5438 5461 5462
f 5438 5462 5415
f 5415 5462 5439
f 5439 5463 5440
f 5440 5463 5464
f 5440 5464 5441
f 5441 5464 5465
f 5441 5465 5442
f 5442 5465 5466
f 5442 5466 5443
f 5443 5466 5467
f 5443 5467 5444
f 5444 5467 5468
f 5444 5468 5445
f 5445 5468 5469
f 5445 5469 5446
f 5446 5469 5470
f 5446 5470 5447
f 5447 5470 5471
f 5447 5471 5448
f 5448 5471 5472
f 5448 5472 5449
f 5449 5472 5473
f 5449 5473 5450
f 5450 5473 5474
f 5450 5474 5451
f 5451 5474 5475
f 5451 5475 5452
f 5452 5475 5476
f 5452 5476 5453
f 5453 5476 5477
f 5453 5477 5454
f 5454 5477 5478
f 5454 5478 5455
f 5455 5478 5479
f 5455 5479 5456
f 5456 5479 5480
f 5456 5480 5457
f 5457 5480 5481
f 5457 5481 5458
f 5458 5481 5482
f 5458 5482 5459
f 5459 5482 5483
f 5459 5483 5460
f 5460 5483 5484
f 5460 5484 5461
f 5461 5484 5485
f 5461 5485 5462
f 5462 5485 5486
f 5462 5486 5439
f 5439 5486 5463
f 5463 5487 5464
f 5464 5487 5488
f 5464 5488 5465
f 5465 5488 5489
f 5465 5489 5466
f 5466 5489 5490
f 5466 5490 5467
f 5467 5490 5491
f 5467 5491 5468
f 5468 5491 5492
f 5468 5492 5469
f 5469 5492 5493
f 5469 5493 5470
f 5470 5493 5494
f 5470 5494 5471
f 5471 5494 5495
f 5471 5495 5472
f 5472 5495 5496
f 5472 5496 5473
f 5473 5496 5497
f 5473 5497 5474
f 5474 5497 5498
f 5474 5498 5475
f 5475 5498 5499
f 5475 5499 5476
f 5476 5499 5500
f 5476 5500 5477
f 5477 5500 5501
f 5477 5501 5478
f 5478 5501 5502
f 5478 5502 5479
f 5479 5502 5503
f 5479 5503 5480
f 5480 5503 5504
f 5480 5504 5481
f 5481 5504 5505
f 5481 5505 5482
f 5482 5505 5506
f 5482 5506 5483
f 5483 5506 5507
f 5483 5507 5484
f 5484 5507 5508
f 5484 5508 5485
f 5485 5508 5509
f 5485 5509 5486
f 5486 5509 5510
f 5486 5510 5463
f 5463 5510 5487
f 5487 5511 5488
f 5488 5511 5512
f 5488 5512 5489
f 5489 5512 5513
f 5489 5513 5490
f 5490 5513 5514
f 5490 5514 5491
f 5491 5514 5515
f 5491 5515 5492
f 5492 5515 5516
f 5492 5516 5493
f 5493 5516 5517
f 5493 5517 5494
f 5494 5517 5518
f 5494 5518 5495
f 5495 5518 5519
f 5495 5519 5496
f 5496 5519 5520
f 5496 5520 5497
f 5497 5520 5521
f 5497 5521 5498
f 5498 5521 5522
f 5498 5522 5499
f 5499 5522 5523
f 5499 5523 5500
f 5500 5523 5524
f 5500 5524 5501
f 5501 5524 5525
f 5501 5525 5502
f 5502 5525 5526
f 5502 5526 5503
f 5503 5526 5527
f 5503 5527 5504
f 5504 5527 5528
f 5504 5528 5505
f 5505 5528 5529
f 5505 5529 5506
f 5506 5529 5530
f 5506 5530 5507
f 5507 5530 5531
f 5507 5531 5508
f 5508 5531 5532
f 5508 5532 5509
f 5509 5532 5533
f 5509 5533 5510
f 5510 5533 5534
f 5510 5534 5487
f 5487 5534 5511
f 5511 5535 5512
f 5512 5535 5536
f 5512 5536 5513
f 5513 5536 5537
f 5513 5537 5514
f 5514 5537 5538
f 5514 5538 5515
f 5515 5538 5539
f 5515 5539 5516
f 5516 5539 5540
f 5516 5540 5517
f 5517 5540 5541
f 5517 5541 5518
f 5518 5541 5542
f 5518 5542 5519
f 5519 5542 5543
f 5519 5543 5520
f 5520 5543 5544
f 5520 5544 5521
f 5521 5544 5545
f 5521 5545 5522
f 5522 5545 5546
f 5522 5546 5523
f 5523 5546 5547
f 5523 5547 5524
f 5524 5547 5548
f 5524 5548 5525
f 5525 5548 5549
f 5525 5549 5526
f 5526 5549 5550
f 5526 5550 5527
f 5527 5550 5551
f 5527 5551 5528
f 5528 5551 5552
f 5528 5552 5529
f 5529 5552 5553
f 5529 5553 5530
f 5530 5553 5554
f 5530 5554 5531
f 5531 5554 5555
f 5531 5555 5532
f 5532 5555 5556
f 5532 5556 5533
f 5533 5556 5557
f 5533 5557 5534
f 5534 5557 5558
f 5534 5558 5511
f 5511 5558 5535
f 5535 5559 5536
f 5536 5559 5560
f 5536 5560 5537
f 5537 5560 5561
f 5537 5561 5538
f 5538 5561 5562
f 5538 5562 5539
f 5539 5562 5563
f 5539 5563 5540
f 5540 5563 5564
f 5540 5564 5541
f 5541 5564 5565
f 5541 5565 5542
f 5542 5565 5566
f 5542 5566 5543
f 5543 5566 5567
f 5543 5567 5544
f 5544 5567 5568
f 5544 5568 5545
f 5545 5568 5569
f 5545 5569 5546
f 5546 5569 5570
f 5546 5570 5547
f 5547 5570 5571
f 5547 5571 5548
f 5548 5571 5572
f 5548 5572 5549
f 5549 5572 5573
f 5549 5573 5550
f 5550 5573 5574
f 5550 5574 5551
f 5551 5574 5575
f 5551 5575 5552
f 5552 5575 5576
f 5552 5576 5553
f 5553 5576 5577
f 5553 5577 5554
f 5554 5577 5578
f 5554 5578 5555
f 5555 5578 5579
f 5555 5579 5556
f 5556 5579 5580
f 5556 5580 5557
f 5557 5580 5581
f 5557 5581 5558
f 5558 5581 5582
f 5558 5582 5535
f 5535 5582 5559
f 5559 5583 5560
f 5560 5583 5584
f 5560 5584 5561
f 5561 5584 5585
f 5561 5585 5562
f 5562 5585 5586
f 5562 5586 5563
f 5563 5586 5587
f 5563 5587 5564
f 5564 5587 5588
f 5564 5588 5565
f 5565 5588 5589
f 5565 5589 5566
f 5566 5589 5590
f 5566 5590 5567
f 5567 5590 5591
f 5567 5591 5568
f 5568 5591 5592
f 5568 5592 5569
f 5569 5592 5593
f 5569 5593 5570
f 5570 5593 5594
f 5570 5594 5571
f 5571 5594 5595
f 5571 5595 5572
f 5572 5595 5596
f 5572 5596 5573
f 5573 5596 5597
f 5573 5597 5574
f 5574 5597 5598
f 5574 5598 5575
f 5575 5598 5599
f 5575 5599 5576
f 5576 5599 5600
f 5576 5600 5577
f 5577 5600 5601
f 5577 5601 5578
f 5578 5601 5602
f 5578 5602 5579
f 5579 5602 5603
f 5579 5603 5580
f 5580 5603 5604
f 5580 5604 5581
f 5581 5604 5605
f 5581 5605 5582
f 5582 5605 5606
f 5582 5606 5559
f 5559 5606 5583
f 5583 5607 5584
f 5584 5607 5608
f 5584 5608 5585
f 5585 5608 5609
f 5585 5609 5586
f 5586 5609 5610
f 5586 5610 5587
f 5587 5610 5611
f 5587 5611 5588
f 5588 5611 5612
f 5588 5612 5589
f 5589 5612 5613
f 5589 5613 5590
f 5590 5613 5614
f 5590 5614 5591
f 5591 5614 5615
f 5591 5615 5592
f 5592 5615 5616
f 5592 5616 5593
f 5593 5616 5617
f 5593 5617 5594
f 5594 5617 5618
f 5594 5618 5595
f 5595 5618 5619
f 5595 5619 5596
f 5596 5619 5620
f 5596 5620 5597
f 5597 5620 5621
f 5597 5621 5598
f 5598 5621 5622
f 5598 5622 5599
f 5599 5622 5623
f 5599 5623 5600
f 5600 5623 5624
f 5600 5624 5601
f 5601 5624 5625
f 5601 5625 5602
f 5602 5625 5626
f 5602 5626 5603
f 5603 5626 5627
f 5603 5627 5604
f 5604 5627 5628
f 5604 5628 5605
f 5605 5628 5629
f 5605 5629 5606
f 5606 5629 5630
f 5606 5630 5583
f 5583 5630 5607
f 5607 5631 5608
f 5608 5631 5632
f 5608 5632 5609
f 5609 5632 5633
f 5609 5633 5610
f 5610 5633 5634
f 5610 5634 5611
f 5611 5634 5635
f 5611 5635 5612
f 5612 5635 5636
f 5612 5636 5613
f 5613 5636 5637
f 5613 5637 5614
f 5614 5637 5638
f 5614 5638 5615
f 5615 5638 5639
f 5615 5639 5616
f 5616 5639 5640
f 5616 5640 5617
f 5617 5640 5641
f 5617 5641 5618
f 5618 5641 5642
f 5618 5642 5619
f 5619 5642 5643
f 5619 5643 5620
f 5620 5643 5644
f 5620 5644 5621
f 5621 5644 5645
f 5621 5645 5622
f 5622 5645 5646
f 5622 5646 5623
f 5623 5646 5647
f 5623 5647 5624
f 5624 5647 5648
f 5624 5648 5625
f 5625 5648 5649
f 5625 5649 5626
f 5626 5649 5650
f 5626 5650 5627
f 5627 5650 5651
f 5627 5651 5628
f 5628 5651 5652
f 5628 5652 5629
f 5629 5652 5653
f 5629 5653 5630
f 5630 5653 5654
f 5630 5654 5607
f 5607 5654 5631
f 5631 5655 5632
f 5632 5655 5656
f 5632 5656 5633
f 5633 5656 5657
f 5633 5657 5634
f 5634 5657 5658
f 5634 5658 5635
f 5635 5658 5659
f 5635 5659 5636
f 5636 5659 5660
f 5636 5660 5637
f 5637 5660 5661
f 5637 5661 5638
f 5638 5661 5662
f 5638 5662 5639
f 5639 5662 5663
f 5639 5663 5640
f 5640 5663 5664
f 5640 5664 5641
f 5641 5664 5665
f 5641 5665 5642
f 5642 5665 5666
f 5642 5666 5643
f 5643 5666 5667
f 5643 5667 5644
f 5644 5667 5668
f 5644 5668 5645
f 5645 5668 5669
f 5645 5669 5646
f 5646 5669 5670
f 5646 5670 5647
f 5647 5670 5671
f 5647 5671 5648
f 5648 5671 5672
f 5648 5672 5649
f 5649 5672 5673
f 5649 5673 5650
f 5650 5673 5674
f 5650 5674 5651
f 5651 5674 5675
f 5651 5675 5652
f 5652 5675 5676
f 5652 5676 5653
f 5653 5676 5677
f 5653 5677 5654
f 5654 5677 5678
f 5654 5678 5631
f 5631 5678 5655
f 5655 5679 5656
f 5656 5679 5680
f 5656 5680 5657
f 5657 5680 5681
f 5657 5681 5658
f 5658 5681 5682
f 5658 5682 5659
f 5659 5682 5683
f 5659 5683 5660
f 5660 5683 5684
f 5660 5684 5661
f 5661 5684 5685
f 5661 5685 5662
f 5662 5685 5686
f 5662 5686 5663
f 5663 5686 5687
f 5663 5687 5664
f 5664 5687 5688
f 5664 5688 5665
f 5665 5688 5689
f 5665 5689 5666
f 5666 5689 5690
f 5666 5690 5667
f 5667 5690 5691
f 5667 5691 5668
f 5668 5691 5692
f 5668 5692 5669
f 5669 5692 5693
f 5669 5693 5670
f 5670 5693 5694
f 5670 5694 5671
f 5671 5694 5695
f 5671 5695 5672
f 5672 5695 5696
f 5672 5696 5673
f 5673 5696 5697
f 5673 5697 5674
f 5674 5697 5698
f 5674 5698 5675
f 5675 5698 5699
f 5675 5699 5676
f 5676 5699 5700
f 5676 5700 5677
f 5677 5700 5701
f 5677 5701 5678
f 5678 5701 5702
f 5678 5702 5655
f 5655 5702 5679
f 5679 5703 5680
f 5680 5703 5704
f 5680 5704 5681
f 5681 5704 5705
f 5681 5705 5682
f 5682 5705 5706
f 5682 5706 5683
f 5683 5706 5707
f 5683 5707 5684
f 5684 5707 5708
f 5684 5708 5685
f 5685 5708 5709
f 5685 5709 5686
f 5686 5709 5710
f 5686 5710 5687
f 5687 5710 5711
f 5687 5711 5688
f 5688 5711 5712
f 5688 5712 5689
f 5689 5712 5713
f 5689 5713 5690
f 5690 5713 5714
f 5690 5714 5691
f 5691 5714 5715
f 5691 5715 5692
f 5692 5715 5716
f 5692 5716 5693
f 5693 5716 5717
f 5693 5717 5694
f 5694 5717 5718
f 5694 5718 5695
f 5695 5718 5719
f 5695 5719 5696
f 5696 5719 5720
f 5696 5720 5697
f 5697 5720 5721
f 5697 5721 5698
f 5698 5721 5722
f 5698 5722 5699
f 5699 5722 5723
f 5699 5723 5700
f 5700 5723 5724
f 5700 5724 5701
f 5701 5724 5725
f 5701 5725 5702
f 5702 5725 5726
f 5702 5726 5679
f 5679 5726 5703
f 5703 5727 5704
f 5704 5727 5728
f 5704 5728 5705
f 5705 5728 5729
f 5705 5729 5706
f 5706 5729 5730
f 5706 5730 5707
f 5707 5730 5731
f 5707 5731 5708
f 5708 5731 5732
f 5708 5732 5709
f 5709 5732 5733
f 5709 5733 5710
f 5710 5733 5734
f 5710 5734 5711
f 5711 5734 5735
f 5711 5735 5712
f 5712 5735 5736
f 5712 5736 5713
f 5713 5736 5737
f 5713 5737 5714
f 5714 5737 5738
f 5714 5738 5715
f 5715 5738 5739
f 5715 5739 5716
f 5716 5739 5740
f 5716 5740 5717
f 5717 5740 5741
f 5717 5741 5718
f 5718 5741 5742
f 5718 5742 5719
f 5719 5742 5743
f 5719 5743 5720
f 5720 5743 5744
f 5720 5744 5721
f 5721 5744 5745
f 5721 5745 5722
f 5722 5745 5746
f 5722 5746 5723
f 5723 5746 5747
f 5723 5747 5724
f 5724 5747 5748
f 5724 5748 5725
f 5725 5748 5749
f 5725 5749 5726
f 5726 5749 5750
f 5726 5750 5703
f 5703 5750 5727
f 5727 5751 5728
f 5728 5751 5752
f 5728 5752 5729
f 5729 5752 5753
f 5729 5753 5730
f 5730 5753 5754
f 5730 5754 5731
f 5731 5754 5755
f 5731 5755 5732
f 5732 5755 5756
f 5732 5756 5733
f 5733 5756 5757
f 5733 5757 5734
f 5734 5757 5758
f 5734 5758 5735
f 5735 5758 5759
f 5735 5759 5736
f 5736 5759 5760
f 5736 5760 5737
f 5737 5760 5761
f 5737 5761 5738
f 5738 5761 5762
f 5738 5762 5739
f 5739 5762 5763
f 5739 5763 5740
f 5740 5763 5764
f 5740 5764 5741
f 5741 5764 5765
f 5741 5765 5742
f 5742 5765 5766
f 5742 5766 5743
f 5743 5766 5767
f 5743 5767 5744
f 5744 5767 5768
f 5744 5768 5745
f 5745 5768 5769
f 5745 5769 5746
f 5746 5769 5770
f 5746 5770 5747
f 5747 5770 5771
f 5747 5771 5748
f 5748 5771 5772
f 5748 5772 5749
f 5749 5772 5773
f 5749 5773 5750
f 5750 5773 5774
f 5750 5774 5727
f 5727 5774 5751
f 5751 5775 5752
f 5752 5775 5776
f 5752 5776 5753
f 5753 5776 5777
f 5753 5777 5754
f 5754 5777 5778
f 5754 5778 5755
f 5755 5778 5779
f 5755 5779 5756
f 5756 5779 5780
f 5756 5780 5757
f 5757 5780 5781
f 5757 5781 5758
f 5758 5781 5782
f 5758 5782 5759
f 5759 5782 5783
f 5759 5783 5760
f 5760 5783 5784
f 5760 5784 5761
f 5761 5784 5785
f 5761 5785 5762
f 5762 5785 5786
f 5762 5786 5763
f 5763 5786 5787
f 5763 5787 5764
f 5764 5787 5788
f 5764 5788 5765
f 5765 5788 5789
f 5765 5789 5766
f 5766 5789 5790
f 5766 5790 5767
f 5767 5790 5791
f 5767 5791 5768
f 5768 5791 5792
f 5768 5792 5769
f 5769 5792 5793
f 5769 5793 5770
f 5770 5793 5794
f 5770 5794 5771
f 5771 5794 5795
f 5771 5795 5772
f 5772 5795 5796
f 5772 5796 5773
f 5773 5796 5797
f 5773 5797 5774
f 5774 5797 5798
f 5774 5798 5751
f 5751 5798 5775
f 5775 5799 5776
f 5776 5799 5800
f 5776 5800 5777
f 5777 5800 5801
f 5777 5801 5778
f 5778 5801 5802
f 5778 5802 5779
f 5779 5802 5803
f 5779 5803 5780
f 5780 5803 5804
f 5780 5804 5781
f 5781 5804 5805
f 5781 5805 5782
f 5782 5805 5806
f 5782 5806 5783
f 5783 5806 5807
f 5783 5807 5784
f 5784 5807 5808
f 5784 5808 5785
f 5785 5808 5809
f 5785 5809 5786
f 5786 5809 5810
f 5786 5810 5787
f 5787 5810 5811
f 5787 5811 5788
f 5788 5811 5812
f 5788 5812 5789
f 5789 5812 5813
f 5789 5813 5790
f 5790 5813 5814
f 5790 5814 5791
f 5791 5814 5815
f 5791 5815 5792
f 5792 5815 5816
f 5792 5816 5793
f 5793 5816 5817
f 5793 5817 5794
f 5794 5817 5818
f 5794 5818 5795
f 5795 5818 5819
f 5795 5819 5796
f 5796 5819 5820
f 5796 5820 5797
f 5797 5820 5821
f 5797 5821 5798
f 5798 5821 5822
f 5798 5822 5775
f 5775 5822 5799
f 5799 5823 5800
f 5800 5823 5824
f 5800 5824 5801
f 5801 5824 5825
f 5801 5825 5802
f 5802 5825 5826
f 5802 5826 5803
f 5803 5826 5827
f 5803 5827 5804
f 5804 5827 5828
f 5804 5828 5805
f 5805 5828 5829
f 5805 5829 5806
f 5806 5829 5830
f 5806 5830 5807
f 5807 5830 5831
f 5807 5831 5808
f 5808 5831 5832
f 5808 5832 5809
f 5809 5832 5833
f 5809 5833 5810
f 5810 5833 5834
f 5810 5834 5811
f 5811 5834 5835
f 5811 5835 5812
f 5812 5835 5836
f 5812 5836 5813
f 5813 5836 5837
f 5813 5837 5814
f 5814 5837 5838
f 5814 5838 5815
f 5815 5838 5839
f 5815 5839 5816
f 5816 5839 5840
f 5816 5840 5817
f 5817 5840 5841
f 5817 5841 5818
f 5818 5841 5842
f 5818 5842 5819
f 5819 5842 5843
f 5819 5843 5820
f 5820 5843 5844
f 5820 5844 5821
f 5821 5844 5845
f 5821 5845 5822
f 5822 5845 5846
f 5822 5846 5799
f 5799 5846 5823
f 5823 5847 5824
f 5824 5847 5848
f 5824 5848 5825
f 5825 5848 5849
f 5825 5849 5826
f 5826 5849 5850
f 5826 5850 5827
f 5827 5850 5851
f 5827 5851 5828
f 5828 5851 5852
f 5828 5852 5829
f 5829 5852 5853
f 5829 5853 5830
f 5830 5853 5854
f 5830 5854 5831
f 5831 5854 5855
f 5831 5855 5832
f 5832 5855 5856
f 5832 5856 5833
f 5833 5856 5857
f 5833 5857 5834
f 5834 5857 5858
f 5834 5858 5835
f 5835 5858 5859
f 5835 5859 5836
f 5836 5859 5860
f 5836 5860 5837
f 5837 5860 5861
f 5837 5861 5838
f 5838 5861 5862
f 5838 5862 5839
f 5839 5862 5863
f 5839 5863 5840
f 5840 5863 5864
f 5840 5864 5841
f 5841 5864 5865
f 5841 5865 5842
f 5842 5865 5866
f 5842 5866 5843
f 5843 5866 5867
f 5843 5867 5844
f 5844 5867 5868
f 5844 5868 5845
f 5845 5868 5869
f 5845 5869 5846
f 5846 5869 5870
f 5846 5870 5823
f 5823 5870 5847
f 5847 5871 5848
f 5848 5871 5872
f 5848 5872 5849
f 5849 5872 5873
f 5849 5873 5850
f 5850 5873 5874
f 5850 5874 5851
f 5851 5874 5875
f 5851 5875 5852
f 5852 5875 5876
f 5852 5876 5853
f 5853 5876 5877
f 5853 5877 5854
f 5854 5877 5878
f 5854 5878 5855
f 5855 5878 5879
f 5855 5879 5856
f 5856 5879 5880
f 5856 5880 5857
f 5857 5880 5881
f 5857 5881 5858
f 5858 5881 5882
f 5858 5882 5859
f 5859 5882 5883
f 5859 5883 5860
f 5860 5883 5884
f 5860 5884 5861
f 5861 5884 5885
f 5861 5885 5862
f 5862 5885 5886
f 5862 5886 5863
f 5863 5886 5887
f 5863 5887 5864
f 5864 5887 5888
f 5864 5888 5865
f 5865 5888 5889
f 5865 5889 5866
f 5866 5889 5890
f 5866 5890 5867
f 5867 5890 5891
f 5867 5891 5868
f 5868 5891 5892
f 5868 5892 5869
f 5869 5892 5893
f 5869 5893 5870
f 5870 5893 5894
f 5870 5894 5847
f 5847 5894 5871
f 5871 5895 5872
f 5872 5895 5896
f 5872 5896 5873
f 5873 5896 5897
f 5873 5897 5874
f 5874 5897 5898
f 5874 5898 5875
f 5875 5898 5899
f 5875 5899 5876
f 5876 5899 5900
f 5876 5900 5877
f 5877 5900 5901
f 5877 5901 5878
f 5878 5901 5902
f 5878 5902 5879
f 5879 5902 5903
f 5879 5903 5880
f 5880 5903 5904
f 5880 5904 5881
f 5881 5904 5905
f 5881 5905 5882
f 5882 5905 5906
f 5882 5906 5883
f 5883 5906 5907
f 5883 5907 5884
f 5884 5907 5908
f 5884 5908 5885
f 5885 5908 5909
f 5885 5909 5886
f 5886 5909 5910
f 5886 5910 5887
f 5887 5910 5911
f 5887 5911 5888
f 5888 5911 5912
f 5888 5912 5889
f 5889 5912 5913
f 5889 5913 5890
f 5890 5913 5914
f 5890 5914 5891
f 5891 5914 5915
f 5891 5915 5892
f 5892 5915 5916
f 5892 5916 5893
f 5893 5916 5917
f 5893 5917 5894
f 5894 5917 5918
f 5894 5918 5871
f 5871 5918 5895
f 5895 5919 5896
f 5896 5919 5920
f 5896 5920 5897
f 5897 5920 5921
f 5897 5921 5898
f 5898 5921 5922
f 5898 5922 5899
f 5899 5922 5923
f 5899 5923 5900
f 5900 5923 5924
f 5900 5924 5901
f 5901 5924 5925
f 5901 5925 5902
f 5902 5925 5926
f 5902 5926 5903
f 5903 5926 5927
f 5903 5927 5904
f 5904 5927 5928
f 5904 5928 5905
f 5905 5928 5929
f 5905 5929 5906
f 5906 5929 5930
f 5906 5930 5907
f 5907 5930 5931
f 5907 5931 5908
f 5908 5931 5932
f 5908 5932 5909
f 5909 5932 5933
f 5909 5933 5910
f 5910 5933 5934
f 5910 5934 5911
f 5911 5934 5935
f 5911 5935 5912
f 5912 5935 5936
f 5912 5936 5913
f 5913 5936 5937
f 5913 5937 5914
f 5914 5937 5938
f 5914 5938 5915
f 5915 5938 5939
f 5915 5939 5916
f 5916 5939 5940
f 5916 5940 5917
f 5917 5940 5941
f 5917 5941 5918
f 5918 5941 5942
f 5918 5942 5895
f 5895 5942 5919
f 5919 5943 5920
f 5920 5943 5944
f 5920 5944 5921
f 5921 5944 5945
f 5921 5945 5922
f 5922 5945 5946
f 5922 5946 5923
f 5923 5946 5947
f 5923 5947 5924
f 5924 5947 5948
f 5924 5948 5925
f 5925 5948 5949
f 5925 5949 5926
f 5926 5949 5950
f 5926 5950 5927
f 5927 5950 5951
f 5927 5951 5928
f 5928 5951 5952
f 5928 5952 5929
f 5929 5952 5953
f 5929 5953 5930
f 5930 5953 5954
f 5930 5954 5931
f 5931 5954 5955
f 5931 5955 5932
f 5932 5955 5956
f 5932 5956 5933
f 5933 5956 5957
f 5933 5957 5934
f 5934 5957 5958
f 5934 5958 5935
f 5935 5958 5959
f 5935 5959 5936
f 5936 5959 5960
f 5936 5960 5937
f 5937 5960 5961
f 5937 5961 5938
f 5938 5961 5962
f 5938 5962 5939
f 5939 5962 5963
f 5939 5963 5940
f 5940 5963 5964
f 5940 5964 5941
f 5941 5964 5965
f 5941 5965 5942
f 5942 5965 5966
f 5942 5966 5919
f 5919 5966 5943
f 5943 5967 5944
f 5944 5967 5968
f 5944 5968 5945
f 5945 5968 5969
f 5945 5969 5946
f 5946 5969 5970
f 5946 5970 5947
f 5947 5970 5971
f 5947 5971 5948
f 5948 5971 5972
f 5948 5972 5949
f 5949 5972 5973
f 5949 5973 5950
f 5950 5973 5974
f 5950 5974 5951
f 5951 5974 5975
f 5951 5975 5952
f 5952 5975 5976
f 5952 5976 5953
f 5953 5976 5977
f 5953 5977 5954
f 5954 5977 5978
f 5954 5978 5955
f 5955 5978 5979
f 5955 5979 5956
f 5956 5979 5980
f 5956 5980 5957
f 5957 5980 5981
f 5957 5981 5958
f 5958 5981 5982
f 5958 5982 5959
f 5959 5982 5983
f 5959 5983 5960
f 5960 5983 5984
f 5960 5984 5961
f 5961 5984 5985
f 5961 5985 5962
f 5962 5985 5986
f 5962 5986 5963
f 5963 5986 5987
f 5963 5987 5964
f 5964 5987 5988
f 5964 5988 5965
f 5965 5988 5989
f 5965 5989 5966
f 5966 5989 5990
f 5966 5990 5943
f 5943 5990 5967
f 5967 5991 5968
f 5968 5991 5992
f 5968 5992 5969
f 5969 5992 5993
f 5969 5993 5970
f 5970 5993 5994
f 5970 5994 5971
f 5971 5994 5995
f 5971 5995 5972
f 5972 5995 5996
f 5972 5996 5973
f 5973 5996 5997
f 5973 5997 5974
f 5974 5997 5998
f 5974 5998 5975
f 5975 5998 5999
f 5975 5999 5976
f 5976 5999 6000
f 5976 6000 5977
f 5977 6000 6001
f 5977 6001 5978
f 5978 6001 6002
f 5978 6002 5979
f 5979 6002 6003
f 5979 6003 5980
f 5980 6003 6004
f 5980 6004 5981
f 5981 6004 6005
f 5981 6005 5982
f 5982 6005 6006
f 5982 6006 5983
f 5983 6006 6007
f 5983 6007 5984
f 5984 6007 6008
f 5984 6008 5985
f 5985 6008 6009
f 5985 6009 5986
f 5986 6009 6010
f 5986 6010 5987
f 5987 6010 6011
f 5987 6011 5988
f 5988 6011 6012
f 5988 6012 5989
f 5989 6012 6013
f 5989 6013 5990
f 5990 6013 6014
f 5990 6014 5967
f 5967 6014 5991
f 5991 6015 5992
f 5992 6015 6016
f 5992 6016 5993
f 5993 6016 6017
f 5993 6017 5994
f 5994 6017 6018
f 5994 6018 5995
f 5995 6018 6019
f 5995 6019 5996
f 5996 6019 6020
f 5996 6020 5997
f 5997 6020 6021
f 5997 6021 5998
f 5998 6021 6022
f 5998 6022 5999
f 5999 6022 6023
f 5999 6023 6000
f 6000 6023 6024
f 6000 6024 6001
f 6001 6024 6025
f 6001 6025 6002
f 6002 6025 6026
f 6002 6026 6003
f 6003 6026 6027
f 6003 6027 6004
f 6004 6027 6028
f 6004 6028 6005
f 6005 6028 6029
f 6005 6029 6006
f 6006 6029 6030
f 6006 6030 6007
f 6007 6030 6031
f 6007 6031 6008
f 6008 6031 6032
f 6008 6032 6009
f 6009 6032 6033
f 6009 6033 6010
f 6010 6033 6034
f 6010 6034 6011
f 6011 6034 6035
f 6011 6035 6012
f 6012 6035 6036
f 6012 6036 6013
f 6013 6036 6037
f 6013 6037 6014
f 6014 6037 6038
f 6014 6038 5991
f 5991 6038 6015
f 6015 6039 6016
f 6016 6039 6040
f 6016 6040 6017
f 6017 6040 6041
f 6017 6041 6018
f 6018 6041 6042
f 6018 6042 6019
f 6019 6042 6043
f 6019 6043 6020
f 6020 6043 6044
f 6020 6044 6021
f 6021 6044 6045
f 6021 6045 6022
f 6022 6045 6046
f 6022 6046 6023
f 6023 6046 6047
f 6023 6047 6024
f 6024 6047 6048
f 6024 6048 6025
f 6025 6048 6049
f 6025 6049 6026
f 6026 6049 6050
f 6026 6050 6027
f 6027 6050 6051
f 6027 6051 6028
f 6028 6051 6052
f 6028 6052 6029
f 6029 6052 6053
f 6029 6053 6030
f 6030 6053 6054
f 6030 6054 6031
f 6031 6054 6055
f 6031 6055 6032
f 6032 6055 6056
f 6032 6056 6033
f 6033 6056 6057
f 6033 6057 6034
f 6034 6057 6058
f 6034 6058 6035
f 6035 6058 6059
f 6035 6059 6036
f 6036 6059 6060
f 6036 6060 6037
f 6037 6060 6061
f 6037 6061 6038
f 6038 6061 6062
f 6038 6062 6015
f 6015 6062 6039
f 6039 6063 6040
f 6040 6063 6064
f 6040 6064 6041
f 6041 6064 6065
f 6041 6065 6042
f 6042 6065 6066
f 6042 6066 6043
f 6043 6066 6067
f 6043 6067 6044
f 6044 6067 6068
f 6044 6068 6045
f 6045 6068 6069
f 6045 6069 6046
f 6046 6069 6070
f 6046 6070 6047
f 6047 6070 6071
f 6047 6071 6048
f 6048 6071 6072
f 6048 6072 6049
f 6049 6072 6073
f 6049 6073 6050
f 6050 6073 6074
f 6050 6074 6051
f 6051 6074 6075
f 6051 6075 6052
f 6052 6075 6076
f 6052 6076 6053
f 6053 6076 6077
f 6053 6077 6054
f 6054 6077 6078
f 6054 6078 6055
f 6055 6078 6079
f 6055 6079 6056
f 6056 6079 6080
f 6056 6080 6057
f 6057 6080 6081
f 6057 6081 6058
f 6058 6081 6082
f 6058 6082 6059
f 6059 6082 6083
f 6059 6083 6060
f 6060 6083 6084
f 6060 6084 6061
f 6061 6084 6085
f 6061 6085 6062
f 6062 6085 6086
f 6062 6086 6039
f 6039 6086 6063
f 6063 6087 6064
f 6064 6087 6088
f 6064 6088 6065
f 6065 6088 6089
f 6065 6089 6066
f 6066 6089 6090
f 6066 6090 6067
f 6067 6090 6091
f 6067 6091 6068
f 6068 6091 6092
f 6068 6092 6069
f 6069 6092 6093
f 6069 6093 6070
f 6070 6093 6094
f 6070 6094 6071
f 6071 6094 6095
f 6071 6095 6072
f 6072 6095 6096
f 6072 6096 6073
f 6073 6096 6097
f 6073 6097 6074
f 6074 6097 6098
f 6074 6098 6075
f 6075 6098 6099
f 6075 6099 6076
f 6076 6099 6100
f 6076 6100 6077
f 6077 6100 6101
f 6077 6101 6078
f 6078 6101 6102
f 6078 6102 6079
f 6079 6102 6103
f 6079 6103 6080
f 6080 6103 6104
f 6080 6104 6081
f 6081 6104 6105
f 6081 6105 6082
f 6082 6105 6106
f 6082 6106 6083
f 6083 6106 6107
f 6083 6107 6084
f 6084 6107 6108
f 6084 6108 6085
f 6085 6108 6109
f 6085 6109 6086
f 6086 6109 6110
f 6086 6110 6063
f 6063 6110 6087
f 6087 6111 6088
f 6088 6111 6112
f 6088 6112 6089
f 6089 6112 6113
f 6089 6113 6090
f 6090 6113 6114
f 6090 6114 6091
f 6091 6114 6115
f 6091 6115 6092
f 6092 6115 6116
f 6092 6116 6093
f 6093 6116 6117
f 6093 6117 6094
f 6094 6117 6118
f 6094 6118 6095
f 6095 6118 6119
f 6095 6119 6096
f 6096 6119 6120
f 6096 6120 6097
f 6097 6120 6121
f 6097 6121 6098
f 6098 6121 6122
f 6098 6122 6099
f 6099 6122 6123
f 6099 6123 6100
f 6100 6123 6124
f 6100 6124 6101
f 6101 6124 6125
f 6101 6125 6102
f 6102 6125 6126
f 6102 6126 6103
f 6103 6126 6127
f 6103 6127 6104
f 6104 6127 6128
f 6104 6128 6105
f 6105 6128 6129
f 6105 6129 6106
f 6106 6129 6130
f 6106 6130 6107
f 6107 6130 6131
f 6107 6131 6108
f 6108 6131 6132
f 6108 6132 6109
f 6109 6132 6133
f 6109 6133 6110
f 6110 6133 6134
f 6110 6134 6087
f 6087 6134 6111
f 6111 6135 6112
f 6112 6135 6136
f 6112 6136 6113
f 6113 6136 6137
f 6113 6137 6114
f 6114 6137 6138
f 6114 6138 6115
f 6115 6138 6139
f 6115 6139 6116
f 6116 6139 6140
f 6116 6140 6117
f 6117 6140 6141
f 6117 6141 6118
f 6118 6141 6142
f 6118 6142 6119
f 6119 6142 6143
f 6119 6143 6120
f 6120 6143 6144
f 6120 6144 6121
f 6121 6144 6145
f 6121 6145 6122
f 6122 6145 6146
f 6122 6146 6123
f 6123 6146 6147
f 6123 6147 6124
f 6124 6147 6148
f 6124 6148 6125
f 6125 6148 6149
f 6125 6149 6126
f 6126 6149 6150
f 6126 6150 6127
f 6127 6150 6151
f 6127 6151 6128
f 6128 6151 6152
f 6128 6152 6129
f 6129 6152 6153
f 6129 6153 6130
f 6130 6153 6154
f 6130 6154 6131
f 6131 6154 6155
f 6131 6155 6132
f 6132 6155 6156
f 6132 6156 6133
f 6133 6156 6157
f 6133 6157 6134
f 6134 6157 6158
f 6134 6158 6111
f 6111 6158 6135
f 6135 6159 6136
f 6136 6159 6160
f 6136 6160 6137
f 6137 6160 6161
f 6137 6161 6138
f 6138 6161 6162
f 6138 6162 6139
f 6139 6162 6163
f 6139 6163 6140
f 6140 6163 6164
f 6140 6164 6141
f 6141 6164 6165
f 6141 6165 6142
f 6142 6165 6166
f 6142 6166 6143
f 6143 6166 6167
f 6143 6167 6144
f 6144 6167 6168
f 6144 6168 6145
f 6145 6168 6169
f 6145 6169 6146
f 6146 6169 6170
f 6146 6170 6147
f 6147 6170 6171
f 6147 6171 6148
f 6148 6171 6172
f 6148 6172 6149
f 6149 6172 6173
f 6149 6173 6150
f 6150 6173 6174
f 6150 6174 6151
f 6151 6174 6175
f 6151 6175 6152
f 6152 6175 6176
f 6152 6176 6153
f 6153 6176 6177
f 6153 6177 6154
f 6154 6177 6178
f 6154 6178 6155
f 6155 6178 6179
f 6155 6179 6156
f 6156 6179 6180
f 6156 6180 6157
f 6157 6180 6181
f 6157 6181 6158
f 6158 6181 6182
f 6158 6182 6135
f 6135 6182 6159
f 6159 6183 6160
f 6160 6183 6184
f 6160 6184 6161
f 6161 6184 6185
f 6161 6185 6162
f 6162 6185 6186
f 6162 6186 6163
f 6163 6186 6187
f 6163 6187 6164
f 6164 6187 6188
f 6164 6188 6165
f 6165 6188 6189
f 6165 6189 6166
f 6166 6189 6190
f 6166 6190 6167
f 6167 6190 6191
f 6167 6191 6168
f 6168 6191 6192
f 6168 6192 6169
f 6169 6192 6193
f 6169 6193 6170
f 6170 6193 6194
f 6170 6194 6171
f 6171 6194 6195
f 6171 6195 6172
f 6172 6195 6196
f 6172 6196 6173
f 6173 6196 6197
f 6173 6197 6174
f 6174 6197 6198
f 6174 6198 6175
f 6175 6198 6199
f 6175 6199 6176
f 6176 6199 6200
f 6176 6200 6177
f 6177 6200 6201
f 6177 6201 6178
f 6178 6201 6202
f 6178 6202 6179
f 6179 6202 6203
f 6179 6203 6180
f 6180 6203 6204
f 6180 6204 6181
f 6181 6204 6205
f 6181 6205 6182
f 6182 6205 6206
f 6182 6206 6159
f 6159 6206 6183
f 6183 6207 6184
f 6184 6207 6208
f 6184 6208 6185
f 6185 6208 6209
f 6185 6209 6186
f 6186 6209 6210
f 6186 6210 6187
f 6187 6210 6211
f 6187 6211 6188
f 6188 6211 6212
f 6188 6212 6189
f 6189 6212 6213
f 6189 6213 6190
f 6190 6213 6214
f 6190 6214 6191
f 6191 6214 6215
f 6191 6215 6192
f 6192 6215 6216
f 6192 6216 6193
f 6193 6216 6217
f 6193 6217 6194
f 6194 6217 6218
f 6194 6218 6195
f 6195 6218 6219
f 6195 6219 6196
f 6196 6219 6220
f 6196 6220 6197
f 6197 6220 6221
f 6197 6221 6198
f 6198 6221 6222
f 6198 6222 6199
f 6199 6222 6223
f 6199 6223 6200
f 6200 6223 6224
f 6200 6224 6201
f 6201 6224 6225
f 6201 6225 6202
f 6202 6225 6226
f 6202 6226 6203
f 6203 6226 6227
f 6203 6227 6204
f 6204 6227 6228
f 6204 6228 6205
f 6205 6228 6229
f 6205 6229 6206
f 6206 6229 6230
f 6206 6230 6183
f 6183 6230 6207
f 6207 6231 6208
f 6208 6231 6232
f 6208 6232 6209
f 6209 6232 6233
f 6209 6233 6210
f 6210 6233 6234
f 6210 6234 6211
f 6211 6234 6235
f 6211 6235 6212
f 6212 6235 6236
f 6212 6236 6213
f 6213 6236 6237
f 6213 6237 6214
f 6214 6237 6238
f 6214 6238 6215
f 6215 6238 6239
f 6215 6239 6216
f 6216 6239 6240
f 6216 6240 6217
f 6217 6240 6241
f 6217 6241 6218
f 6218 6241 6242
f 6218 6242 6219
f 6219 6242 6243
f 6219 6243 6220
f 6220 6243 6244
f 6220 6244 6221
f 6221 6244 6245
f 6221 6245 6222
f 6222 6245 6246
f 6222 6246 6223
f 6223 6246 6247
f 6223 6247 6224
f 6224 6247 6248
f 6224 6248 6225
f 6225 6248 6249
f 6225 6249 6226
f 6226 6249 6250
f 6226 6250 6227
f 6227 6250 6251
f 6227 6251 6228
f 6228 6251 6252
f 6228 6252 6229
f 6229 6252 6253
f 6229 6253 6230
f 6230 6253 6254
f 6230 6254 6207
f 6207 6254 6231
f 6231 6255 6232
f 6232 6255 6256
f 6232 6256 6233
f 6233 6256 6257
f 6233 6257 6234
f 6234 6257 6258
f 6234 6258 6235
f 6235 6258 6259
f 6235 6259 6236
f 6236 6259 6260
f 6236 6260 6237
f 6237 6260 6261
f 6237 6261 6238
f 6238 6261 6262
f 6238 6262 6239
f 6239 6262 6263
f 6239 6263 6240
f 6240 6263 6264
f 6240 6264 6241
f 6241 6264 6265
f 6241 6265 6242
f 6242 6265 6266
f 6242 6266 6243
f 6243 6266 6267
f 6243 6267 6244
f 6244 6267 6268
f 6244 6268 6245
f 6245 6268 6269
f 6245 6269 6246
f 6246 6269 6270
f 6246 6270 6247
f 6247 6270 6271
f 6247 6271 6248
f 6248 6271 6272
f 6248 6272 6249
f 6249 6272 6273
f 6249 6273 6250
f 6250 6273 6274
f 6250 6274 6251
f 6251 6274 6275
f 6251 6275 6252
f 6252 6275 6276
f 6252 6276 6253
f 6253 6276 6277
f 6253 6277 6254
f 6254 6277 6278
f 6254 6278 6231
f 6231 6278 6255
f 6255 6279 6256
f 6256 6279 6280
f 6256 6280 6257
f 6257 6280 6281
f 6257 6281 6258
f 6258 6281 6282
f 6258 6282 6259
f 6259 6282 6283
f 6259 6283 6260
f 6260 6283 6284
f 6260 6284 6261
f 6261 6284 6285
f 6261 6285 6262
f 6262 6285 6286
f 6262 6286 6263
f 6263 6286 6287
f 6263 6287 6264
f 6264 6287 6288
f 6264 6288 6265
f 6265 6288 6289
f 6265 6289 6266
f 6266 6289 6290
f 6266 6290 6267
f 6267 6290 6291
f 6267 6291 6268
f 6268 6291 6292
f 6268 6292 6269
f 6269 6292 6293
f 6269 6293 6270
f 6270 6293 6294
f 6270 6294 6271
f 6271 6294 6295
f 6271 6295 6272
f 6272 6295 6296
f 6272 6296 6273
f 6273 6296 6297
f 6273 6297 6274
f 6274 6297 6298
f 6274 6298 6275
f 6275 6298 6299
f 6275 6299 6276
f 6276 6299 6300
f 6276 6300 6277
f 6277 6300 6301
f 6277 6301 6278
f 6278 6301 6302
f 6278 6302 6255
f 6255 6302 6279
f 6279 6303 6280
f 6280 6303 6304
f 6280 6304 6281
f 6281 6304 6305
f 6281 6305 6282
f 6282 6305 6306
f 6282 6306 6283
f 6283 6306 6307
f 6283 6307 6284
f 6284 6307 6308
f 6284 6308 6285
f 6285 6308 6309
f 6285 6309 6286
f 6286 6309 6310
f 6286 6310 6287
f 6287 6310 6311
f 6287 6311 6288
f 6288 6311 6312
f 6288 6312 6289
f 6289 6312 6313
f 6289 6313 6290
f 6290 6313 6314
f 6290 6314 6291
f 6291 6314 6315
f 6291 6315 6292
f 6292 6315 6316
f 6292 6316 6293
f 6293 6316 6317
f 6293 6317 6294
f 6294 6317 6318
f 6294 6318 6295
f 6295 6318 6319
f 6295 6319 6296
f 6296 6319 6320
f 6296 6320 6297
f 6297 6320 6321
f 6297 6321 6298
f 6298 6321 6322
f 6298 6322 6299
f 6299 6322 6323
f 6299 6323 6300
f 6300 6323 6324
f 6300 6324 6301
f 6301 6324 6325
f 6301 6325 6302
f 6302 6325 6326
f 6302 6326 6279
f 6279 6326 6303
f 6303 6327 6304
f 6304 6327 6328
f 6304 6328 6305
f 6305 6328 6329
f 6305 6329 6306
f 6306 6329 6330
f 6306 6330 6307
f 6307 6330 6331
f 6307 6331 6308
f 6308 6331 6332
f 6308 6332 6309
f 6309 6332 6333
f 6309 6333 6310
f 6310 6333 6334
f 6310 6334 6311
f 6311 6334 6335
f 6311 6335 6312
f 6312 6335 6336
f 6312 6336 6313
f 6313 6336 6337
f 6313 6337 6314
f 6314 6337 6338
f 6314 6338 6315
f 6315 6338 6339
f 6315 6339 6316
f 6316 6339 6340
f 6316 6340 6317
f 6317 6340 6341
f 6317 6341 6318
f 6318 6341 6342
f 6318 6342 6319
f 6319 6342 6343
f 6319 6343 6320
f 6320 6343 6344
f 6320 6344 6321
f 6321 6344 6345
f 6321 6345 6322
f 6322 6345 6346
f 6322 6346 6323
f 6323 6346 6347
f 6323 6347 6324
f 6324 6347 6348
f 6324 6348 6325
f 6325 6348 6349
f 6325 6349 6326
f 6326 6349 6350
f 6326 6350 6303
f 6303 6350 6327
f 6327 6351 6328
f 6328 6351 6352
f 6328 6352 6329
f 6329 6352 6353
f 6329 6353 6330
f 6330 6353 6354
f 6330 6354 6331
f 6331 6354 6355
f 6331 6355 6332
f 6332 6355 6356
f 6332 6356 6333
f 6333 6356 6357
f 6333 6357 6334
f 6334 6357 6358
f 6334 6358 6335
f 6335 6358 6359
f 6335 6359 6336
f 6336 6359 6360
f 6336 6360 6337
f 6337 6360 6361
f 6337 6361 6338
f 6338 6361 6362
f 6338 6362 6339
f 6339 6362 6363
f 6339 6363 6340
f 6340 6363 6364
f 6340 6364 6341
f 6341 6364 6365
f 6341 6365 6342
f 6342 6365 6366
f 6342 6366 6343
f 6343 6366 6367
f 6343 6367 6344
f 6344 6367 6368
f 6344 6368 6345
f 6345 6368 6369
f 6345 6369 6346
f 6346 6369 6370
f 6346 6370 6347
f 6347 6370 6371
f 6347 6371 6348
f 6348 6371 6372
f 6348 6372 6349
f 6349 6372 6373
f 6349 6373 6350
f 6350 6373 6374
f 6350 6374 6327
f 6327 6374 6351
f 6351 6375 6352
f 6352 6375 6376
f 6352 6376 6353
f 6353 6376 6377
f 6353 6377 6354
f 6354 6377 6378
f 6354 6378 6355
f 6355 6378 6379
f 6355 6379 6356
f 6356 6379 6380
f 6356 6380 6357
f 6357 6380 6381
f 6357 6381 6358
f 6358 6381 6382
f 6358 6382 6359
f 6359 6382 6383
f 6359 6383 6360
f 6360 6383 6384
f 6360 6384 6361
f 6361 6384 6385
f 6361 6385 6362
f 6362 6385 6386
f 6362 6386 6363
f 6363 6386 6387
f 6363 6387 6364
f 6364 6387 6388
f 6364 6388 6365
f 6365 6388 6389
f 6365 6389 6366
f 6366 6389 6390
f 6366 6390 6367
f 6367 6390 6391
f 6367 6391 6368
f 6368 6391 6392
f 6368 6392 6369
f 6369 6392 6393
f 6369 6393 6370
f 6370 6393 6394
f 6370 6394 6371
f 6371 6394 6395
f 6371 6395 6372
f 6372 6395 6396
f 6372 6396 6373
f 6373 6396 6397
f 6373 6397 6374
f 6374 6397 6398
f 6374 6398 6351
f 6351 6398 6375
f 6375 6399 6376
f 6376 6399 6400
f 6376 6400 6377
f 6377 6400 6401
f 6377 6401 6378
f 6378 6401 6402
f 6378 6402 6379
f 6379 6402 6403
f 6379 6403 6380
f 6380 6403 6404
f 6380 6404 6381
f 6381 6404 6405
f 6381 6405 6382
f 6382 6405 6406
f 6382 6406 6383
f 6383 6406 6407
f 6383 6407 6384
f 6384 6407 6408
f 6384 6408 6385
f 6385 6408 6409
f 6385 6409 6386
f 6386 6409 6410
f 6386 6410 6387
f 6387 6410 6411
f 6387 6411 6388
f 6388 6411 6412
f 6388 6412 6389
f 6389 6412 6413
f 6389 6413 6390
f 6390 6413 6414
f 6390 6414 6391
f 6391 6414 6415
f 6391 6415 6392
f 6392 6415 6416
f 6392 6416 6393
f 6393 6416 6417
f 6393 6417 6394
f 6394 6417 6418
f 6394 6418 6395
f 6395 6418 6419
f 6395 6419 6396
f 6396 6419 6420
f 6396 6420 6397
f 6397 6420 6421
f 6397 6421 6398
f 6398 6421 6422
f 6398 6422 6375
f 6375 6422 6399
f 6399 6423 6400
f 6400 6423 6424
f 6400 6424 6401
f 6401 6424 6425
f 6401 6425 6402
f 6402 6425 6426
f 6402 6426 6403
f 6403 6426 6427
f 6403 6427 6404
f 6404 6427 6428
f 6404 6428 6405
f 6405 6428 6429
f 6405 6429 6406
f 6406 6429 6430
f 6406 6430 6407
f 6407 6430 6431
f 6407 6431 6408
f 6408 6431 6432
f 6408 6432 6409
f 6409 6432 6433
f 6409 6433 6410
f 6410 6433 6434
f 6410 6434 6411
f 6411 6434 6435
f 6411 6435 6412
f 6412 6435 6436
f 6412 6436 6413
f 6413 6436 6437
f 6413 6437 6414
f 6414 6437 6438
f 6414 6438 6415
f 6415 6438 6439
f 6415 6439 6416
f 6416 6439 6440
f 6416 6440 6417
f 6417 6440 6441
f 6417 6441 6418
f 6418 6441 6442
f 6418 6442 6419
f 6419 6442 6443
f 6419 6443 6420
f 6420 6443 6444
f 6420 6444 6421
f 6421 6444 6445
f 6421 6445 6422
f 6422 6445 6446
f 6422 6446 6399
f 6399 6446 6423
f 6423 6447 6424
f 6424 6447 6448
f 6424 6448 6425
f 6425 6448 6449
f 6425 6449 6426
f 6426 6449 6450
f 6426 6450 6427
f 6427 6450 6451
f 6427 6451 6428
f 6428 6451 6452
f 6428 6452 6429
f 6429 6452 6453
f 6429 6453 6430
f 6430 6453 6454
f 6430 6454 6431
f 6431 6454 6455
f 6431 6455 6432
f 6432 6455 6456
f 6432 6456 6433
f 6433 6456 6457
f 6433 6457 6434
f 6434 6457 6458
f 6434 6458 6435
f 6435 6458 6459
f 6435 6459 6436
f 6436 6459 6460
f 6436 6460 6437
f 6437 6460 6461
f 6437 6461 6438
f 6438 6461 6462
f 6438 6462 6439
f 6439 6462 6463
f 6439 6463 6440
f 6440 6463 6464
f 6440 6464 6441
f 6441 6464 6465
f 6441 6465 6442
f 6442 6465 6466
f 6442 6466 6443
f 6443 6466 6467
f 6443 6467 6444
f 6444 6467 6468
f 6444 6468 6445
f 6445 6468 6469
f 6445 6469 6446
f 6446 6469 6470
f 6446 6470 6423
f 6423 6470 6447
f 6447 6471 6448
f 6448 6471 6472
f 6448 6472 6449
f 6449 6472 6473
f 6449 6473 6450
f 6450 6473 6474
f 6450 6474 6451
f 6451 6474 6475
f 6451 6475 6452
f 6452 6475 6476
f 6452 6476 6453
f 6453 6476 6477
f 6453 6477 6454
f 6454 6477 6478
f 6454 6478 6455
f 6455 6478 6479
f 6455 6479 6456
f 6456 6479 6480
f 6456 6480 6457
f 6457 6480 6481
f 6457 6481 6458
f 6458 6481 6482
f 6458 6482 6459
f 6459 6482 6483
f 6459 6483 6460
f 6460 6483 6484
f 6460 6484 6461
f 6461 6484 6485
f 6461 6485 6462
f 6462 6485 6486
f 6462 6486 6463
f 6463 6486 6487
f 6463 6487 6464
f 6464 6487 6488
f 6464 6488 6465
f 6465 6488 6489
f 6465 6489 6466
f 6466 6489 6490
f 6466 6490 6467
f 6467 6490 6491
f 6467 6491 6468
f 6468 6491 6492
f 6468 6492 6469
f 6469 6492 6493
f 6469 6493 6470
f 6470 6493 6494
f 6470 6494 6447
f 6447 6494 6471
f 6471 6495 6472
f 6472 6495 6496
f 6472 6496 6473
f 6473 6496 6497
f 6473 6497 6474
f 6474 6497 6498
f 6474 6498 6475
f 6475 6498 6499
f 6475 6499 6476
f 6476 6499 6500
f 6476 6500 6477
f 6477 6500 6501
f 6477 6501 6478
f 6478 6501 6502
f 6478 6502 6479
f 6479 6502 6503
f 6479 6503 6480
f 6480 6503 6504
f 6480 6504 6481
f 6481 6504 6505
f 6481 6505 6482
f 6482 6505 6506
f 6482 6506 6483
f 6483 6506 6507
f 6483 6507 6484
f 6484 6507 6508
f 6484 6508 6485
f 6485 6508 6509
f 6485 6509 6486
f 6486 6509 6510
f 6486 6510 6487
f 6487 6510 6511
f 6487 6511 6488
f 6488 6511 6512
f 6488 6512 6489
f 6489 6512 6513
f 6489 6513 6490
f 6490 6513 6514
f 6490 6514 6491
f 6491 6514 6515
f 6491 6515 6492
f 6492 6515 6516
f 6492 6516 6493
f 6493 6516 6517
f 6493 6517 6494
f 6494 6517 6518
f 6494 6518 6471
f 6471 6518 6495
f 6495 4215 6496
f 6496 4215 4216
f 6496 4216 6497
f 6497 4216 4217
f 6497 4217 6498
f 6498 4217 4218
f 6498 4218 6499
f 6499 4218 4219
f 6499 4219 6500
f 6500 4219 4220
f 6500 4220 6501
f 6501 4220 4221
f 6501 4221 6502
f 6502 4221 4222
f 6502 4222 6503
f 6503 4222 4223
f 6503 4223 6504
f 6504 4223 4224
f 6504 4224 6505
f 6505 4224 4225
f 6505 4225 6506
f 6506 4225 4226
f 6506 4226 6507
f 6507 4226 4227
f 6507 4227 6508
f 6508 4227 4228
f 6508 4228 6509
f 6509 4228 4229
f 6509 4229 6510
f 6510 4229 4230
f 6510 4230 6511
f 6511 4230 4231
f 6511 4231 6512
f 6512 4231 4232
f 6512 4232 6513
f 6513 4232 4233
f 6513 4233 6514
f 6514 4233 4234
f 6514 4234 6515
f 6515 4234 4235
f 6515 4235 6516
f 6516 4235 4236
f 6516 4236 6517
f 6517 4236 4237
f 6517 4237 6518
f 6518 4237 4238
f 6518 4238 6495
f 6495 4238 4215
f 6520 6519 6523
f 6520 6523 6521
f 6521 6523 6524
f 6521 6524 6522
f 6523 6519 6525
f 6523 6525 6524
f 6524 6525 6526
f 6524 6526 6522
f 6525 6519 6527
f 6525 6527 6526
f 6526 6527 6528
f 6526 6528 6522
f 6527 6519 6529
f 6527 6529 6528
f 6528 6529 6530
f 6528 6530 6522
f 6529 6519 6531
f 6529 6531 6530
f 6530 6531 6532
f 6530 6532 6522
f 6531 6519 6533
f 6531 6533 6532
f 6532 6533 6534
f 6532 6534 6522
f 6533 6519 6535
f 6533 6535 6534
f 6534 6535 6536
f 6534 6536 6522
f 6535 6519 6537
f 6535 6537 6536
f 6536 6537 6538
f 6536 6538 6522
f 6537 6519 6539
f 6537 6539 6538
f 6538 6539 6540
f 6538 6540 6522
f 6539 6519 6541
f 6539 6541 6540
f 6540 6541 6542
f 6540 6542 6522
f 6541 6519 6543
f 6541 6543 6542
f 6542 6543 6544
f 6542 6544 6522
f 6543 6519 6545
f 6543 6545 6544
f 6544 6545 6546
f 6544 6546 6522
f 6545 6519 6547
f 6545 6547 6546
f 6546 6547 6548
f 6546 6548 6522
f 6547 6519 6520
f 6547 6520 6548
f 6548 6520 6521
f 6548 6521 6522
f 6550 6549 6553
f 6550 6553 6551
f 6551 6553 6554
f 6551 6554 6552
f 6553 6549 6555
f 6553 6555 6554
f 6554 6555 6556
f 6554 6556 6552
f 6555 6549 6557
f 6555 6557 6556
f 6556 6557 6558
f 6556 6558 6552
f 6557 6549 6559
f 6557 6559 6558
f 6558 6559 6560
f 6558 6560 6552
f 6559 6549 6561
f 6559 6561 6560
f 6560 6561 6562
f 6560 6562 6552
f 6561 6549 6563
f 6561 6563 6562
f 6562 6563 6564
f 6562 6564 6552
f 6563 6549 6565
f 6563 6565 6564
f 6564 6565 6566
f 6564 6566 6552
f 6565 6549 6567
f 6565 6567 6566
f 6566 6567 6568
f 6566 6568 6552
f 6567 6549 6569
f 6567 6569 6568
f 6568 6569 6570
f 6568 6570 6552
f 6569 6549 6571
f 6569 6571 6570
f 6570 6571 6572
f 6570 6572 6552
f 6571 6549 6573
f 6571 6573 6572
f 6572 6573 6574
f 6572 6574 6552
f 6573 6549 6575
f 6573 6575 6574
f 6574 6575 6576
f 6574 6576 6552
f 6575 6549 6577
f 6575 6577 6576
f 6576 6577 6578
f 6576 6578 6552
f 6577 6549 6550
f 6577 6550 6578
f 6578 6550 6551
f 6578 6551 6552
f 6580 6579 6583
f 6580 6583 6581
f 6581 6583 6584
f 6581 6584 6582
f 6583 6579 6585
f 6583 6585 6584
f 6584 6585 6586
f 6584 6586 6582
f 6585 6579 6587
f 6585 6587 6586
f 6586 6587 6588
f 6586 6588 6582
f 6587 6579 6589
f 6587 6589 6588
f 6588 6589 6590
f 6588 6590 6582
f 6589 6579 6591
f 6589 6591 6590
f 6590 6591 6592
f 6590 6592 6582
f 6591 6579 6593
f 6591 6593 6592
f 6592 6593 6594
f 6592 6594 6582
f 6593 6579 6595
f 6593 6595 6594
f 6594 6595 6596
f 6594 6596 6582
f 6595 6579 6597
f 6595 6597 6596
f 6596 6597 6598
f 6596 6598 6582
f 6597 6579 6599
f 6597 6599 6598
f 6598 6599 6600
f 6598 6600 6582
f 6599 6579 6601
f 6599 6601 6600
f 6600 6601 6602
f 6600 6602 6582
f 6601 6579 6603
f 6601 6603 6602
f 6602 6603 6604
f 6602 6604 6582
f 6603 6579 6605
f 6603 6605 6604
f 6604 6605 6606
f 6604 6606 6582
f 6605 6579 6607
f 6605 6607 6606
f 6606 6607 6608
f 6606 6608 6582
f 6607 6579 6580
f 6607 6580 6608
f 6608 6580 6581
f 6608 6581 6582
f 6610 6609 6613
f 6610 6613 6611
f 6611 6613 6614
f 6611 6614 6612
f 6613 6609 6615
f 6613 6615 6614
f 6614 6615 6616
f 6614 6616 6612
f 6615 6609 6617
f 6615 6617 6616
f 6616 6617 6618
f 6616 6618 6612
f 6617 6609 6619
f 6617 6619 6618
f 6618 6619 6620
f 6618 6620 6612
f 6619 6609 6621
f 6619 6621 6620
f 6620 6621 6622
f 6620 6622 6612
f 6621 6609 6623
f 6621 6623 6622
f 6622 6623 6624
f 6622 6624 6612
f 6623 6609 6625
f 6623 6625 6624
f 6624 6625 6626
f 6624 6626 6612
f 6625 6609 6627
f 6625 6627 6626
f 6626 6627 6628
f 6626 6628 6612
f 6627 6609 6629
f 6627 6629 6628
f 6628 6629 6630
f 6628 6630 6612
f 6629 6609 6631
f 6629 6631 6630
f 6630 6631 6632
f 6630 6632 6612
f 6631 6609 6633
f 6631 6633 6632
f 6632 6633 6634
f 6632 6634 6612
f 6633 6609 6635
f 6633 6635 6634
f 6634 6635 6636
f 6634 6636 6612
f 6635 6609 6637
f 6635 6637 6636
f 6636 6637 6638
f 6636 6638 6612
f 6637 6609 6610
f 6637 6610 6638
f 6638 6610 6611
f 6638 6611 6612
f 6640 6639 6643
f 6640 6643 6641
f 6641 6643 6644
f 6641 6644 6642
f 6643 6639 6645
f 6643 6645 6644
f 6644 6645 6646
f 6644 6646 6642
f 6645 6639 6647
f 6645 6647 6646
f 6646 6647 6648
f 6646 6648 6642
f 6647 6639 6649
f 6647 6649 6648
f 6648 6649 6650
f 6648 6650 6642
f 6649 6639 6651
f 6649 6651 6650
f 6650 6651 6652
f 6650 6652 6642
f 6651 6639 6653
f 6651 6653 6652
f 6652 6653 6654
f 6652 6654 6642
f 6653 6639 6655
f 6653 6655 6654
f 6654 6655 6656
f 6654 6656 6642
f 6655 6639 6657
f 6655 6657 6656
f 6656 6657 6658
f 6656 6658 6642
f 6657 6639 6659
f 6657 6659 6658
f 6658 6659 6660
f 6658 6660 6642
f 6659 6639 6661
f 6659 6661 6660
f 6660 6661 6662
f 6660 6662 6642
f 6661 6639 6663
f 6661 6663 6662
f 6662 6663 6664
f 6662 6664 6642
f 6663 6639 6665
f 6663 6665 6664
f 6664 6665 6666
f 6664 6666 6642
f 6665 6639 6667
f 6665 6667 6666
f 6666 6667 6668
f 6666 6668 6642
f 6667 6639 6640
f 6667 6640 6668
f 6668 6640 6641
f 6668 6641 6642
f 6670 6669 6673
f 6670 6673 6671
f 6671 6673 6674
f 6671 6674 6672
f 6673 6669 6675
f 6673 6675 6674
f 6674 6675 6676
f 6674 6676 6672
f 6675 6669 6677
f 6675 6677 6676
f 6676 6677 6678
f 6676 6678 6672
f 6677 6669 6679
f 6677 6679 6678
f 6678 6679 6680
f 6678 6680 6672
f 6679 6669 6681
f 6679 6681 6680
f 6680 6681 6682
f 6680 6682 6672
f 6681 6669 6683
f 6681 6683 6682
f 6682 6683 6684
f 6682 6684 6672
f 6683 6669 6685
f 6683 6685 6684
f 6684 6685 6686
f 6684 6686 6672
f 6685 6669 6687
f 6685 6687 6686
f 6686 6687 6688
f 6686 6688 6672
f 6687 6669 6689
f 6687 6689 6688
f 6688 6689 6690
f 6688 6690 6672
f 6689 6669 6691
f 6689 6691 6690
f 6690 6691 6692
f 6690 6692 6672
f 6691 6669 6693
f 6691 6693 6692
f 6692 6693 6694
f 6692 6694 6672
f 6693 6669 6695
f 6693 6695 6694
f 6694 6695 6696
f 6694 6696 6672
f 6695 6669 6697
f 6695 6697 6696
f 6696 6697 6698
f 6696 6698 6672
f 6697 6669 6670
f 6697 6670 6698
f 6698 6670 6671
f 6698 6671 6672
f 6700 6699 6703
f 6700 6703 6701
f 6701 6703 6704
f 6701 6704 6702
f 6703 6699 6705
f 6703 6705 6704
f 6704 6705 6706
f 6704 6706 6702
f 6705 6699 6707
f 6705 6707 6706
f 6706 6707 6708
f 6706 6708 6702
f 6707 6699 6709
f 6707 6709 6708
f 6708 6709 6710
f 6708 6710 6702
f 6709 6699 6711
f 6709 6711 6710
f 6710 6711 6712
f 6710 6712 6702
f 6711 6699 6713
f 6711 6713 6712
f 6712 6713 6714
f 6712 6714 6702
f 6713 6699 6715
f 6713 6715 6714
f 6714 6715 6716
f 6714 6716 6702
f 6715 6699 6717
f 6715 6717 6716
f 6716 6717 6718
f 6716 6718 6702
f 6717 6699 6719
f 6717 6719 6718
f 6718 6719 6720
f 6718 6720 6702
f 6719 6699 6721
f 6719 6721 6720
f 6720 6721 6722
f 6720 6722 6702
f 6721 6699 6723
f 6721 6723 6722
f 6722 6723 6724
f 6722 6724 6702
f 6723 6699 6725
f 6723 6725 6724
f 6724 6725 6726
f 6724 6726 6702
f 6725 6699 6727
f 6725 6727 6726
f 6726 6727 6728
f 6726 6728 6702
f 6727 6699 6700
f 6727 6700 6728
f 6728 6700 6701
f 6728 6701 6702
f 6730 6729 6733
f 6730 6733 6731
f 6731 6733 6734
f 6731 6734 6732
f 6733 6729 6735
f 6733 6735 6734
f 6734 6735 6736
f 6734 6736 6732
f 6735 6729 6737
f 6735 6737 6736
f 6736 6737 6738
f 6736 6738 6732
f 6737 6729 6739
f 6737 6739 6738
f 6738 6739 6740
f 6738 6740 6732
f 6739 6729 6741
f 6739 6741 6740
f 6740 6741 6742
f 6740 6742 6732
f 6741 6729 6743
f 6741 6743 6742
f 6742 6743 6744
f 6742 6744 6732
f 6743 6729 6745
f 6743 6745 6744
f 6744 6745 6746
f 6744 6746 6732
f 6745 6729 6747
f 6745 6747 6746
f 6746 6747 6748
f 6746 6748 6732
f 6747 6729 6749
f 6747 6749 6748
f 6748 6749 6750
f 6748 6750 6732
f 6749 6729 6751
f 6749 6751 6750
f 6750 6751 6752
f 6750 6752 6732
f 6751 6729 6753
f 6751 6753 6752
f 6752 6753 6754
f 6752 6754 6732
f 6753 6729 6755
f 6753 6755 6754
f 6754 6755 6756
f 6754 6756 6732
f 6755 6729 6757
f 6755 6757 6756
f 6756 6757 6758
f 6756 6758 6732
f 6757 6729 6730
f 6757 6730 6758
f 6758 6730 6731
f 6758 6731 6732
f 6760 6759 6763
f 6760 6763 6761
f 6761 6763 6764
f 6761 6764 6762
f 6763 6759 6765
f 6763 6765 6764
f 6764 6765 6766
f 6764 6766 6762
f 6765 6759 6767
f 6765 6767 6766
f 6766 6767 6768
f 6766 6768 6762
f 6767 6759 6769
f 6767 6769 6768
f 6768 6769 6770
f 6768 6770 6762
f 6769 6759 6771
f 6769 6771 6770
f 6770 6771 6772
f 6770 6772 6762
f 6771 6759 6773
f 6771 6773 6772
f 6772 6773 6774
f 6772 6774 6762
f 6773 6759 6775
f 6773 6775 6774
f 6774 6775 6776
f 6774 6776 6762
f 6775 6759 6777
f 6775 6777 6776
f 6776 6777 6778
f 6776 6778 6762
f 6777 6759 6779
f 6777 6779 6778
f 6778 6779 6780
f 6778 6780 6762
f 6779 6759 6781
f 6779 6781 6780
f 6780 6781 6782
f 6780 6782 6762
f 6781 6759 6783
f 6781 6783 6782
f 6782 6783 6784
f 6782 6784 6762
f 6783 6759 6785
f 6783 6785 6784
f 6784 6785 6786
f 6784 6786 6762
f 6785 6759 6787
f 6785 6787 6786
f 6786 6787 6788
f 6786 6788 6762
f 6787 6759 6760
f 6787 6760 6788
f 6788 6760 6761
f 6788 6761 6762
f 6790 6789 6793
f 6790 6793 6791
f 6791 6793 6794
f 6791 6794 6792
f 6793 6789 6795
f 6793 6795 6794
f 6794 6795 6796
f 6794 6796 6792
f 6795 6789 6797
f 6795 6797 6796
f 6796 6797 6798
f 6796 6798 6792
f 6797 6789 6799
f 6797 6799 6798
f 6798 6799 6800
f 6798 6800 6792
f 6799 6789 6801
f 6799 6801 6800
f 6800 6801 6802
f 6800 6802 6792
f 6801 6789 6803
f 6801 6803 6802
f 6802 6803 6804
f 6802 6804 6792
f 6803 6789 6805
f 6803 6805 6804
f 6804 6805 6806
f 6804 6806 6792
f 6805 6789 6807
f 6805 6807 6806
f 6806 6807 6808
f 6806 6808 6792
f 6807 6789 6809
f 6807 6809 6808
f 6808 6809 6810
f 6808 6810 6792
f 6809 6789 6811
f 6809 6811 6810
f 6810 6811 6812
f 6810 6812 6792
f 6811 6789 6813
f 6811 6813 6812
f 6812 6813 6814
f 6812 6814 6792
f 6813 6789 6815
f 6813 6815 6814
f 6814 6815 6816
f 6814 6816 6792
f 6815 6789 6817
f 6815 6817 6816
f 6816 6817 6818
f 6816 6818 6792
f 6817 6789 6790
f 6817 6790 6818
f 6818 6790 6791
f 6818 6791 6792
f 6820 6819 6823
f 6820 6823 6821
f 6821 6823 6824
f 6821 6824 6822
f 6823 6819 6825
f 6823 6825 6824
f 6824 6825 6826
f 6824 6826 6822
f 6825 6819 6827
f 6825 6827 6826
f 6826 6827 6828
f 6826 6828 6822
f 6827 6819 6829
f 6827 6829 6828
f 6828 6829 6830
f 6828 6830 6822
f 6829 6819 6831
f 6829 6831 6830
f 6830 6831 6832
f 6830 6832 6822
f 6831 6819 6833
f 6831 6833 6832
f 6832 6833 6834
f 6832 6834 6822
f 6833 6819 6835
f 6833 6835 6834
f 6834 6835 6836
f 6834 6836 6822
f 6835 6819 6837
f 6835 6837 6836
f 6836 6837 6838
f 6836 6838 6822
f 6837 6819 6839
f 6837 6839 6838
f 6838 6839 6840
f 6838 6840 6822
f 6839 6819 6841
f 6839 6841 6840
f 6840 6841 6842
f 6840 6842 6822
f 6841 6819 6843
f 6841 6843 6842
f 6842 6843 6844
f 6842 6844 6822
f 6843 6819 6845
f 6843 6845 6844
f 6844 6845 6846
f 6844 6846 6822
f 6845 6819 6847
f 6845 6847 6846
f 6846 6847 6848
f 6846 6848 6822
f 6847 6819 6820
f 6847 6820 6848
f 6848 6820 6821
f 6848 6821 6822
f 6850 6849 6853
f 6850 6853 6851
f 6851 6853 6854
f 6851 6854 6852
f 6853 6849 6855
f 6853 6855 6854
f 6854 6855 6856
f 6854 6856 6852
f 6855 6849 6857
f 6855 6857 6856
f 6856 6857 6858
f 6856 6858 6852
f 6857 6849 6859
f 6857 6859 6858
f 6858 6859 6860
f 6858 6860 6852
f 6859 6849 6861
f 6859 6861 6860
f 6860 6861 6862
f 6860 6862 6852
f 6861 6849 6863
f 6861 6863 6862
f 6862 6863 6864
f 6862 6864 6852
f 6863 6849 6865
f 6863 6865 6864
f 6864 6865 6866
f 6864 6866 6852
f 6865 6849 6867
f 6865 6867 6866
f 6866 6867 6868
f 6866 6868 6852
f 6867 6849 6869
f 6867 6869 6868
f 6868 6869 6870
f 6868 6870 6852
f 6869 6849 6871
f 6869 6871 6870
f 6870 6871 6872
f 6870 6872 6852
f 6871 6849 6873
f 6871 6873 6872
f 6872 6873 6874
f 6872 6874 6852
f 6873 6849 6875
f 6873 6875 6874
f 6874 6875 6876
f 6874 6876 6852
f 6875 6849 6877
f 6875 6877 6876
f 6876 6877 6878
f 6876 6878 6852
f 6877 6849 6850
f 6877 6850 6878
f 6878 6850 6851
f 6878 6851 6852
f 6880 6882 6879
f 6883 6880 6879
f 6879 6882 6881
f 6881 6883 6879
f 6880 6886 6882
f 6884 6880 6883
f 6884 6886 6880
f 6882 6886 6881
f 6885 6883 6881
f 6881 6886 6885
f 6885 6884 6883
f 6886 6884 6885
f 6888 6890 6887
f 6891 6888 6887
f 6887 6890 6889
f 6889 6891 6887
f 6888 6894 6890
f 6892 6888 6891
f 6892 6894 6888
f 6890 6894 6889
f 6893 6891 6889
f 6889 6894 6893
f 6893 6892 6891
f 6894 6892 6893
f 6896 6898 6895
f 6899 6896 6895
f 6895 6898 6897
f 6897 6899 6895
f 6896 6902 6898
f 6900 6896 6899
f 6900 6902 6896
f 6898 6902 6897
f 6901 6899 6897
f 6897 6902 6901
f 6901 6900 6899
f 6902 6900 6901
f 6904 6906 6903
f 6907 6904 6903
f 6903 6906 6905
f 6905 6907 6903
f 6904 6910 6906
f 6908 6904 6907
f 6908 6910 6904
f 6906 6910 6905
f 6909 6907 6905
f 6905 6910 6909
f 6909 6908 6907
f 6910 6908 6909
f 6912 6914 6911
f 6915 6912 6911
f 6911 6914 6913
f 6913 6915 6911
f 6912 6918 6914
f 6916 6912 6915
f 6916 6918 6912
f 6914 6918 6913
f 6917 6915 6913
f 6913 6918 6917
f 6917 6916 6915
f 6918 6916 6917
f 6920 6922 6919
f 6923 6920 6919
f 6919 6922 6921
f 6921 6923 6919
f 6920 6926 6922
f 6924 6920 6923
f 6924 6926 6920
f 6922 6926 6921
f 6925 6923 6921
f 6921 6926 6925
f 6925 6924 6923
f 6926 6924 6925
f 6928 6930 6927
f 6931 6928 6927
f 6927 6930 6929
f 6929 6931 6927
f 6928 6934 6930
f 6932 6928 6931
f 6932 6934 6928
f 6930 6934 6929
f 6933 6931 6929
f 6929 6934 6933
f 6933 6932 6931
f 6934 6932 6933
f 6936 6938 6935
f 6939 6936 6935
f 6935 6938 6937
f 6937 6939 6935
f 6936 6942 6938
f 6940 6936 6939
f 6940 6942 6936
f 6938 6942 6937
f 6941 6939 6937
f 6937 6942 6941
f 6941 6940 6939
f 6942 6940 6941
f 6944 6946 6943
f 6947 6944 6943
f 6943 6946 6945
f 6945 6947 6943
f 6944 6950 6946
f 6948 6944 6947
f 6948 6950 6944
f 6946 6950 6945
f 6949 6947 6945
f 6945 6950 6949
f 6949 6948 6947
f 6950 6948 6949
f 6952 6954 6951
f 6955 6952 6951
f 6951 6954 6953
f 6953 6955 6951
f 6952 6958 6954
f 6956 6952 6955
f 6956 6958 6952
f 6954 6958 6953
f 6957 6955 6953
f 6953 6958 6957
f 6957 6956 6955
f 6958 6956 6957
f 6960 6962 6959
f 6963 6960 6959
f 6959 6962 6961
f 6961 6963 6959
f 6960 6966 6962
f 6964 6960 6963
f 6964 6966 6960
f 6962 6966 6961
f 6965 6963 6961
f 6961 6966 6965
f 6965 6964 6963
f 6966 6964 6965
f 6968 6970 6967
f 6971 6968 6967
f 6967 6970 6969
f 6969 6971 6967
f 6968 6974 6970
f 6972 6968 6971
f 6972 6974 6968
f 6970 6974 6969
f 6973 6971 6969
f 6969 6974 6973
f 6973 6972 6971
f 6974 6972 6973
f 6976 6978 6975
f 6979 6976 6975
f 6975 6978 6977
f 6977 6979 6975
f 6976 6982 6978
f 6980 6976 6979
f 6980 6982 6976
f 6978 6982 6977
f 6981 6979 6977
f 6977 6982 6981
f 6981 6980 6979
f 6982 6980 6981
f 6984 6986 6983
f 6987 6984 6983
f 6983 6986 6985
f 6985 6987 6983
f 6984 6990 6986
f 6988 6984 6987
f 6988 6990 6984
f 6986 6990 6985
f 6989 6987 6985
f 6985 6990 6989
f 6989 6988 6987
f 6990 6988 6989
f 6992 6991 6995
f 6992 6995 6993
f 6993 6995 6996
f 6993 6996 6994
f 6995 6991 6997
f 6995 6997 6996
f 6996 6997 6998
f 6996 6998 6994
f 6997 6991 6999
f 6997 6999 6998
f 6998 6999 7000
f 6998 7000 6994
f 6999 6991 7001
f 6999 7001 7000
f 7000 7001 7002
f 7000 7002 6994
f 7001 6991 7003
f 7001 7003 7002
f 7002 7003 7004
f 7002 7004 6994
f 7003 6991 7005
f 7003 7005 7004
f 7004 7005 7006
f 7004 7006 6994
f 7005 6991 7007
f 7005 7007 7006
f 7006 7007 7008
f 7006 7008 6994
f 7007 6991 7009
f 7007 7009 7008
f 7008 7009 7010
f 7008 7010 6994
f 7009 6991 7011
f 7009 7011 7010
f 7010 7011 7012
f 7010 7012 6994
f 7011 6991 7013
f 7011 7013 7012
f 7012 7013 7014
f 7012 7014 6994
f 7013 6991 7015
f 7013 7015 7014
f 7014 7015 7016
f 7014 7016 6994
f 7015 6991 7017
f 7015 7017 7016
f 7016 7017 7018
f 7016 7018 6994
f 7017 6991 7019
f 7017 7019 7018
f 7018 7019 7020
f 7018 7020 6994
f 7019 6991 7021
f 7019 7021 7020
f 7020 7021 7022
f 7020 7022 6994
f 7021 6991 7023
f 7021 7023 7022
f 7022 7023 7024
f 7022 7024 6994
f 7023 6991 7025
f 7023 7025 7024
f 7024 7025 7026
f 7024 7026 6994
f 7025 6991 7027
f 7025 7027 7026
f 7026 7027 7028
f 7026 7028 6994
f 7027 6991 7029
f 7027 7029 7028
f 7028 7029 7030
f 7028 7030 6994
f 7029 6991 7031
f 7029 7031 7030
f 7030 7031 7032
f 7030 7032 6994
f 7031 6991 7033
f 7031 7033 7032
f 7032 7033 7034
f 7032 7034 6994
f 7033 6991 7035
f 7033 7035 7034
f 7034 7035 7036
f 7034 7036 6994
f 7035 6991 7037
f 7035 7037 7036
f 7036 7037 7038
f 7036 7038 6994
f 7037 6991 7039
f 7037 7039 7038
f 7038 7039 7040
f 7038 7040 6994
f 7039 6991 7041
f 7039 7041 7040
f 7040 7041 7042
f 7040 7042 6994
f 7041 6991 7043
f 7041 7043 7042
f 7042 7043 7044
f 7042 7044 6994
f 7043 6991 7045
f 7043 7045 7044
f 7044 7045 7046
f 7044 7046 6994
f 7045 6991 7047
f 7045 7047 7046
f 7046 7047 7048
f 7046 7048 6994
f 7047 6991 7049
f 7047 7049 7048
f 7048 7049 7050
f 7048 7050 6994
f 7049 6991 7051
f 7049 7051 7050
f 7050 7051 7052
f 7050 7052 6994
f 7051 6991 7053
f 7051 7053 7052
f 7052 7053 7054
f 7052 7054 6994
f 7053 6991 7055
f 7053 7055 7054
f 7054 7055 7056
f 7054 7056 6994
f 7055 6991 6992
f 7055 6992 7056
f 7056 6992 6993
f 7056 6993 6994
f 7058 7057 7061
f 7058 7061 7059
f 7059 7061 7062
f 7059 7062 7060
f 7061 7057 7063
f 7061 7063 7062
f 7062 7063 7064
f 7062 7064 7060
f 7063 7057 7065
f 7063 7065 7064
f 7064 7065 7066
f 7064 7066 7060
f 7065 7057 7067
f 7065 7067 7066
f 7066 7067 7068
f 7066 7068 7060
f 7067 7057 7069
f 7067 7069 7068
f 7068 7069 7070
f 7068 7070 7060
f 7069 7057 7071
f 7069 7071 7070
f 7070 7071 7072
f 7070 7072 7060
f 7071 7057 7073
f 7071 7073 7072
f 7072 7073 7074
f 7072 7074 7060
f 7073 7057 7075
f 7073 7075 7074
f 7074 7075 7076
f 7074 7076 7060
f 7075 7057 7077
f 7075 7077 7076
f 7076 7077 7078
f 7076 7078 7060
f 7077 7057 7079
f 7077 7079 7078
f 7078 7079 7080
f 7078 7080 7060
f 7079 7057 7081
f 7079 7081 7080
f 7080 7081 7082
f 7080 7082 7060
f 7081 7057 7083
f 7081 7083 7082
f 7082 7083 7084
f 7082 7084 7060
f 7083 7057 7085
f 7083 7085 7084
f 7084 7085 7086
f 7084 7086 7060
f 7085 7057 7087
f 7085 7087 7086
f 7086 7087 7088
f 7086 7088 7060
f 7087 7057 7089
f 7087 7089 7088
f 7088 7089 7090
f 7088 7090 7060
f 7089 7057 7091
f 7089 7091 7090
f 7090 7091 7092
f 7090 7092 7060
f 7091 7057 7093
f 7091 7093 7092
f 7092 7093 7094
f 7092 7094 7060
f 7093 7057 7095
f 7093 7095 7094
f 7094 7095 7096
f 7094 7096 7060
f 7095 7057 7097
f 7095 7097 7096
f 7096 7097 7098
f 7096 7098 7060
f 7097 7057 7099
f 7097 7099 7098
f 7098 7099 7100
f 7098 7100 7060
f 7099 7057 7101
f 7099 7101 7100
f 7100 7101 7102
f 7100 7102 7060
f 7101 7057 7103
f 7101 7103 7102
f 7102 7103 7104
f 7102 7104 7060
f 7103 7057 7105
f 7103 7105 7104
f 7104 7105 7106
f 7104 7106 7060
f 7105 7057 7107
f 7105 7107 7106
f 7106 7107 7108
f 7106 7108 7060
f 7107 7057 7109
f 7107 7109 7108
f 7108 7109 7110
f 7108 7110 7060
f 7109 7057 7111
f 7109 7111 7110
f 7110 7111 7112
f 7110 7112 7060
f 7111 7057 7113
f 7111 7113 7112
f 7112 7113 7114
f 7112 7114 7060
f 7113 7057 7115
f 7113 7115 7114
f 7114 7115 7116
f 7114 7116 7060
f 7115 7057 7117
f 7115 7117 7116
f 7116 7117 7118
f 7116 7118 7060
f 7117 7057 7119
f 7117 7119 7118
f 7118 7119 7120
f 7118 7120 7060
f 7119 7057 7121
f 7119 7121 7120
f 7120 7121 7122
f 7120 7122 7060
f 7121 7057 7058
f 7121 7058 7122
f 7122 7058 7059
f 7122 7059 7060
f 7124 7123 7127
f 7124 7127 7125
f 7125 7127 7128
f 7125 7128 7126
f 7127 7123 7129
f 7127 7129 7128
f 7128 7129 7130
f 7128 7130 7126
f 7129 7123 7131
f 7129 7131 7130
f 7130 7131 7132
f 7130 7132 7126
f 7131 7123 7133
f 7131 7133 7132
f 7132 7133 7134
f 7132 7134 7126
f 7133 7123 7135
f 7133 7135 7134
f 7134 7135 7136
f 7134 7136 7126
f 7135 7123 7137
f 7135 7137 7136
f 7136 7137 7138
f 7136 7138 7126
f 7137 7123 7139
f 7137 7139 7138
f 7138 7139 7140
f 7138 7140 7126
f 7139 7123 7141
f 7139 7141 7140
f 7140 7141 7142
f 7140 7142 7126
f 7141 7123 7143
f 7141 7143 7142
f 7142 7143 7144
f 7142 7144 7126
f 7143 7123 7145
f 7143 7145 7144
f 7144 7145 7146
f 7144 7146 7126
f 7145 7123 7147
f 7145 7147 7146
f 7146 7147 7148
f 7146 7148 7126
f 7147 7123 7149
f 7147 7149 7148
f 7148 7149 7150
f 7148 7150 7126
f 7149 7123 7151
f 7149 7151 7150
f 7150 7151 7152
f 7150 7152 7126
f 7151 7123 7153
f 7151 7153 7152
f 7152 7153 7154
f 7152 7154 7126
f 7153 7123 7155
f 7153 7155 7154
f 7154 7155 7156
f 7154 7156 7126
f 7155 7123 7157
f 7155 7157 7156
f 7156 7157 7158
f 7156 7158 7126
f 7157 7123 7159
f 7157 7159 7158
f 7158 7159 7160
f 7158 7160 7126
f 7159 7123 7161
f 7159 7161 7160
f 7160 7161 7162
f 7160 7162 7126
f 7161 7123 7163
f 7161 7163 7162
f 7162 7163 7164
f 7162 7164 7126
f 7163 7123 7165
f 7163 7165 7164
f 7164 7165 7166
f 7164 7166 7126
f 7165 7123 7167
f 7165 7167 7166
f 7166 7167 7168
f 7166 7168 7126
f 7167 7123 7169
f 7167 7169 7168
f 7168 7169 7170
f 7168 7170 7126
f 7169 7123 7171
f 7169 7171 7170
f 7170 7171 7172
f 7170 7172 7126
f 7171 7123 7173
f 7171 7173 7172
f 7172 7173 7174
f 7172 7174 7126
f 7173 7123 7175
f 7173 7175 7174
f 7174 7175 7176
f 7174 7176 7126
f 7175 7123 7177
f 7175 7177 7176
f 7176 7177 7178
f 7176 7178 7126
f 7177 7123 7179
f 7177 7179 7178
f 7178 7179 7180
f 7178 7180 7126
f 7179 7123 7181
f 7179 7181 7180
f 7180 7181 7182
f 7180 7182 7126
f 7181 7123 7183
f 7181 7183 7182
f 7182 7183 7184
f 7182 7184 7126
f 7183 7123 7185
f 7183 7185 7184
f 7184 7185 7186
f 7184 7186 7126
f 7185 7123 7187
f 7185 7187 7186
f 7186 7187 7188
f 7186 7188 7126
f 7187 7123 7124
f 7187 7124 7188
f 7188 7124 7125
f 7188 7125 7126
f 7190 7189 7193
f 7190 7193 7191
f 7191 7193 7194
f 7191 7194 7192
f 7193 7189 7195
f 7193 7195 7194
f 7194 7195 7196
f 7194 7196 7192
f 7195 7189 7197
f 7195 7197 7196
f 7196 7197 7198
f 7196 7198 7192
f 7197 7189 7199
f 7197 7199 7198
f 7198 7199 7200
f 7198 7200 7192
f 7199 7189 7201
f 7199 7201 7200
f 7200 7201 7202
f 7200 7202 7192
f 7201 7189 7203
f 7201 7203 7202
f 7202 7203 7204
f 7202 7204 7192
f 7203 7189 7205
f 7203 7205 7204
f 7204 7205 7206
f 7204 7206 7192
f 7205 7189 7207
f 7205 7207 7206
f 7206 7207 7208
f 7206 7208 7192
f 7207 7189 7209
f 7207 7209 7208
f 7208 7209 7210
f 7208 7210 7192
f 7209 7189 7211
f 7209 7211 7210
f 7210 7211 7212
f 7210 7212 7192
f 7211 7189 7213
f 7211 7213 7212
f 7212 7213 7214
f 7212 7214 7192
f 7213 7189 7215
f 7213 7215 7214
f 7214 7215 7216
f 7214 7216 7192
f 7215 7189 7217
f 7215 7217 7216
f 7216 7217 7218
f 7216 7218 7192
f 7217 7189 7219
f 7217 7219 7218
f 7218 7219 7220
f 7218 7220 7192
f 7219 7189 7221
f 7219 7221 7220
f 7220 7221 7222
f 7220 7222 7192
f 7221 7189 7223
f 7221 7223 7222
f 7222 7223 7224
f 7222 7224 7192
f 7223 7189 7225
f 7223 7225 7224
f 7224 7225 7226
f 7224 7226 7192
f 7225 7189 7227
f 7225 7227 7226
f 7226 7227 7228
f 7226 7228 7192
f 7227 7189 7229
f 7227 7229 7228
f 7228 7229 7230
f 7228 7230 7192
f 7229 7189 7231
f 7229 7231 7230
f 7230 7231 7232
f 7230 7232 7192
f 7231 7189 7233
f 7231 7233 7232
f 7232 7233 7234
f 7232 7234 7192
f 7233 7189 7235
f 7233 7235 7234
f 7234 7235 7236
f 7234 7236 7192
f 7235 7189 7237
f 7235 7237 7236
f 7236 7237 7238
f 7236 7238 7192
f 7237 7189 7239
f 7237 7239 7238
f 7238 7239 7240
f 7238 7240 7192
f 7239 7189 7241
f 7239 7241 7240
f 7240 7241 7242
f 7240 7242 7192
f 7241 7189 7243
f 7241 7243 7242
f 7242 7243 7244
f 7242 7244 7192
f 7243 7189 7245
f 7243 7245 7244
f 7244 7245 7246
f 7244 7246 7192
f 7245 7189 7247
f 7245 7247 7246
f 7246 7247 7248
f 7246 7248 7192
f 7247 7189 7249
f 7247 7249 7248
f 7248 7249 7250
f 7248 7250 7192
f 7249 7189 7251
f 7249 7251 7250
f 7250 7251 7252
f 7250 7252 7192
f 7251 7189 7253
f 7251 7253 7252
f 7252 7253 7254
f 7252 7254 7192
f 7253 7189 7190
f 7253 7190 7254
f 7254 7190 7191
f 7254 7191 7192
f 7256 7255 7259
f 7256 7259 7257
f 7257 7259 7260
f 7257 7260 7258
f 7259 7255 7261
f 7259 7261 7260
f 7260 7261 7262
f 7260 7262 7258
f 7261 7255 7263
f 7261 7263 7262
f 7262 7263 7264
f 7262 7264 7258
f 7263 7255 7265
f 7263 7265 7264
f 7264 7265 7266
f 7264 7266 7258
f 7265 7255 7267
f 7265 7267 7266
f 7266 7267 7268
f 7266 7268 7258
f 7267 7255 7269
f 7267 7269 7268
f 7268 7269 7270
f 7268 7270 7258
f 7269 7255 7271
f 7269 7271 7270
f 7270 7271 7272
f 7270 7272 7258
f 7271 7255 7273
f 7271 7273 7272
f 7272 7273 7274
f 7272 7274 7258
f 7273 7255 7275
f 7273 7275 7274
f 7274 7275 7276
f 7274 7276 7258
f 7275 7255 7277
f 7275 7277 7276
f 7276 7277 7278
f 7276 7278 7258
f 7277 7255 7279
f 7277 7279 7278
f 7278 7279 7280
f 7278 7280 7258
f 7279 7255 7281
f 7279 7281 7280
f 7280 7281 7282
f 7280 7282 7258
f 7281 7255 7283
f 7281 7283 7282
f 7282 7283 7284
f 7282 7284 7258
f 7283 7255 7285
f 7283 7285 7284
f 7284 7285 7286
f 7284 7286 7258
f 7285 7255 7287
f 7285 7287 7286
f 7286 7287 7288
f 7286 7288 7258
f 7287 7255 7289
f 7287 7289 7288
f 7288 7289 7290
f 7288 7290 7258
f 7289 7255 7291
f 7289 7291 7290
f 7290 7291 7292
f 7290 7292 7258
f 7291 7255 7293
f 7291 7293 7292
f 7292 7293 7294
f 7292 7294 7258
f 7293 7255 7295
f 7293 7295 7294
f 7294 7295 7296
f 7294 7296 7258
f 7295 7255 7297
f 7295 7297 7296
f 7296 7297 7298
f 7296 7298 7258
f 7297 7255 7299
f 7297 7299 7298
f 7298 7299 7300
f 7298 7300 7258
f 7299 7255 7301
f 7299 7301 7300
f 7300 7301 7302
f 7300 7302 7258
f 7301 7255 7303
f 7301 7303 7302
f 7302 7303 7304
f 7302 7304 7258
f 7303 7255 7305
f 7303 7305 7304
f 7304 7305 7306
f 7304 7306 7258
f 7305 7255 7307
f 7305 7307 7306
f 7306 7307 7308
f 7306 7308 7258
f 7307 7255 7309
f 7307 7309 7308
f 7308 7309 7310
f 7308 7310 7258
f 7309 7255 7311
f 7309 7311 7310
f 7310 7311 7312
f 7310 7312 7258
f 7311 7255 7313
f 7311 7313 7312
f 7312 7313 7314
f 7312 7314 7258
f 7313 7255 7315
f 7313 7315 7314
f 7314 7315 7316
f 7314 7316 7258
f 7315 7255 7317
f 7315 7317 7316
f 7316 7317 7318
f 7316 7318 7258
f 7317 7255 7319
f 7317 7319 7318
f 7318 7319 7320
f 7318 7320 7258
f 7319 7255 7256
f 7319 7256 7320
f 7320 7256 7257
f 7320 7257 7258
f 7322 7321 7325
f 7322 7325 7323
f 7323 7325 7326
f 7323 7326 7324
f 7325 7321 7327
f 7325 7327 7326
f 7326 7327 7328
f 7326 7328 7324
f 7327 7321 7329
f 7327 7329 7328
f 7328 7329 7330
f 7328 7330 7324
f 7329 7321 7331
f 7329 7331 7330
f 7330 7331 7332
f 7330 7332 7324
f 7331 7321 7333
f 7331 7333 7332
f 7332 7333 7334
f 7332 7334 7324
f 7333 7321 7335
f 7333 7335 7334
f 7334 7335 7336
f 7334 7336 7324
f 7335 7321 7337
f 7335 7337 7336
f 7336 7337 7338
f 7336 7338 7324
f 7337 7321 7339
f 7337 7339 7338
f 7338 7339 7340
f 7338 7340 7324
f 7339 7321 7341
f 7339 7341 7340
f 7340 7341 7342
f 7340 7342 7324
f 7341 7321 7343
f 7341 7343 7342
f 7342 7343 7344
f 7342 7344 7324
f 7343 7321 7345
f 7343 7345 7344
f 7344 7345 7346
f 7344 7346 7324
f 7345 7321 7347
f 7345 7347 7346
f 7346 7347 7348
f 7346 7348 7324
f 7347 7321 7349
f 7347 7349 7348
f 7348 7349 7350
f 7348 7350 7324
f 7349 7321 7351
f 7349 7351 7350
f 7350 7351 7352
f 7350 7352 7324
f 7351 7321 7353
f 7351 7353 7352
f 7352 7353 7354
f 7352 7354 7324
f 7353 7321 7355
f 7353 7355 7354
f 7354 7355 7356
f 7354 7356 7324
f 7355 7321 7357
f 7355 7357 7356
f 7356 7357 7358
f 7356 7358 7324
f 7357 7321 7359
f 7357 7359 7358
f 7358 7359 7360
f 7358 7360 7324
f 7359 7321 7361
f 7359 7361 7360
f 7360 7361 7362
f 7360 7362 7324
f 7361 7321 7363
f 7361 7363 7362
f 7362 7363 7364
f 7362 7364 7324
f 7363 7321 7365
f 7363 7365 7364
f 7364 7365 7366
f 7364 7366 7324
f 7365 7321 7367
f 7365 7367 7366
f 7366 7367 7368
f 7366 7368 7324
f 7367 7321 7369
f 7367 7369 7368
f 7368 7369 7370
f 7368 7370 7324
f 7369 7321 7371
f 7369 7371 7370
f 7370 7371 7372
f 7370 7372 7324
f 7371 7321 7373
f 7371 7373 7372
f 7372 7373 7374
f 7372 7374 7324
f 7373 7321 7375
f 7373 7375 7374
f 7374 7375 7376
f 7374 7376 7324
f 7375 7321 7377
f 7375 7377 7376
f 7376 7377 7378
f 7376 7378 7324
f 7377 7321 7379
f 7377 7379 7378
f 7378 7379 7380
f 7378 7380 7324
f 7379 7321 7381
f 7379 7381 7380
f 7380 7381 7382
f 7380 7382 7324
f 7381 7321 7383
f 7381 7383 7382
f 7382 7383 7384
f 7382 7384 7324
f 7383 7321 7385
f 7383 7385 7384
f 7384 7385 7386
f 7384 7386 7324
f 7385 7321 7322
f 7385 7322 7386
f 7386 7322 7323
f 7386 7323 7324
f 7388 7387 7391
f 7388 7391 7389
f 7389 7391 7392
f 7389 7392 7390
f 7391 7387 7393
f 7391 7393 7392
f 7392 7393 7394
f 7392 7394 7390
f 7393 7387 7395
f 7393 7395 7394
f 7394 7395 7396
f 7394 7396 7390
f 7395 7387 7397
f 7395 7397 7396
f 7396 7397 7398
f 7396 7398 7390
f 7397 7387 7399
f 7397 7399 7398
f 7398 7399 7400
f 7398 7400 7390
f 7399 7387 7401
f 7399 7401 7400
f 7400 7401 7402
f 7400 7402 7390
f 7401 7387 7403
f 7401 7403 7402
f 7402 7403 7404
f 7402 7404 7390
f 7403 7387 7405
f 7403 7405 7404
f 7404 7405 7406
f 7404 7406 7390
f 7405 7387 7407
f 7405 7407 7406
f 7406 7407 7408
f 7406 7408 7390
f 7407 7387 7409
f 7407 7409 7408
f 7408 7409 7410
f 7408 7410 7390
f 7409 7387 7411
f 7409 7411 7410
f 7410 7411 7412
f 7410 7412 7390
f 7411 7387 7413
f 7411 7413 7412
f 7412 7413 7414
f 7412 7414 7390
f 7413 7387 7415
f 7413 7415 7414
f 7414 7415 7416
f 7414 7416 7390
f 7415 7387 7417
f 7415 7417 7416
f 7416 7417 7418
f 7416 7418 7390
f 7417 7387 7419
f 7417 7419 7418
f 7418 7419 7420
f 7418 7420 7390
f 7419 7387 7421
f 7419 7421 7420
f 7420 7421 7422
f 7420 7422 7390
f 7421 7387 7423
f 7421 7423 7422
f 7422 7423 7424
f 7422 7424 7390
f 7423 7387 7425
f 7423 7425 7424
f 7424 7425 7426
f 7424 7426 7390
f 7425 7387 7427
f 7425 7427 7426
f 7426 7427 7428
f 7426 7428 7390
f 7427 7387 7429
f 7427 7429 7428
f 7428 7429 7430
f 7428 7430 7390
f 7429 7387 7431
f 7429 7431 7430
f 7430 7431 7432
f 7430 7432 7390
f 7431 7387 7433
f 7431 7433 7432
f 7432 7433 7434
f 7432 7434 7390
f 7433 7387 7435
f 7433 7435 7434
f 7434 7435 7436
f 7434 7436 7390
f 7435 7387 7437
f 7435 7437 7436
f 7436 7437 7438
f 7436 7438 7390
f 7437 7387 7439
f 7437 7439 7438
f 7438 7439 7440
f 7438 7440 7390
f 7439 7387 7441
f 7439 7441 7440
f 7440 7441 7442
f 7440 7442 7390
f 7441 7387 7443
f 7441 7443 7442
f 7442 7443 7444
f 7442 7444 7390
f 7443 7387 7445
f 7443 7445 7444
f 7444 7445 7446
f 7444 7446 7390
f 7445 7387 7447
f 7445 7447 7446
f 7446 7447 7448
f 7446 7448 7390
f 7447 7387 7449
f 7447 7449 7448
f 7448 7449 7450
f 7448 7450 7390
f 7449 7387 7451
f 7449 7451 7450
f 7450 7451 7452
f 7450 7452 7390
f 7451 7387 7388
f 7451 7388 7452
f 7452 7388 7389
f 7452 7389 7390
f 7454 7453 7457
f 7454 7457 7455
f 7455 7457 7458
f 7455 7458 7456
f 7457 7453 7459
f 7457 7459 7458
f 7458 7459 7460
f 7458 7460 7456
f 7459 7453 7461
f 7459 7461 7460
f 7460 7461 7462
f 7460 7462 7456
f 7461 7453 7463
f 7461 7463 7462
f 7462 7463 7464
f 7462 7464 7456
f 7463 7453 7465
f 7463 7465 7464
f 7464 7465 7466
f 7464 7466 7456
f 7465 7453 7467
f 7465 7467 7466
f 7466 7467 7468
f 7466 7468 7456
f 7467 7453 7469
f 7467 7469 7468
f 7468 7469 7470
f 7468 7470 7456
f 7469 7453 7471
f 7469 7471 7470
f 7470 7471 7472
f 7470 7472 7456
f 7471 7453 7473
f 7471 7473 7472
f 7472 7473 7474
f 7472 7474 7456
f 7473 7453 7475
f 7473 7475 7474
f 7474 7475 7476
f 7474 7476 7456
f 7475 7453 7477
f 7475 7477 7476
f 7476 7477 7478
f 7476 7478 7456
f 7477 7453 7479
f 7477 7479 7478
f 7478 7479 7480
f 7478 7480 7456
f 7479 7453 7481
f 7479 7481 7480
f 7480 7481 7482
f 7480 7482 7456
f 7481 7453 7483
f 7481 7483 7482
f 7482 7483 7484
f 7482 7484 7456
f 7483 7453 7485
f 7483 7485 7484
f 7484 7485 7486
f 7484 7486 7456
f 7485 7453 7487
f 7485 7487 7486
f 7486 7487 7488
f 7486 7488 7456
f 7487 7453 7489
f 7487 7489 7488
f 7488 7489 7490
f 7488 7490 7456
f 7489 7453 7491
f 7489 7491 7490
f 7490 7491 7492
f 7490 7492 7456
f 7491 7453 7493
f 7491 7493 7492
f 7492 7493 7494
f 7492 7494 7456
f 7493 7453 7495
f 7493 7495 7494
f 7494 7495 7496
f 7494 7496 7456
f 7495 7453 7497
f 7495 7497 7496
f 7496 7497 7498
f 7496 7498 7456
f 7497 7453 7499
f 7497 7499 7498
f 7498 7499 7500
f 7498 7500 7456
f 7499 7453 7501
f 7499 7501 7500
f 7500 7501 7502
f 7500 7502 7456
f 7501 7453 7503
f 7501 7503 7502
f 7502 7503 7504
f 7502 7504 7456
f 7503 7453 7505
f 7503 7505 7504
f 7504 7505 7506
f 7504 7506 7456
f 7505 7453 7507
f 7505 7507 7506
f 7506 7507 7508
f 7506 7508 7456
f 7507 7453 7509
f 7507 7509 7508
f 7508 7509 7510
f 7508 7510 7456
f 7509 7453 7511
f 7509 7511 7510
f 7510 7511 7512
f 7510 7512 7456
f 7511 7453 7513
f 7511 7513 7512
f 7512 7513 7514
f 7512 7514 7456
f 7513 7453 7515
f 7513 7515 7514
f 7514 7515 7516
f 7514 7516 7456
f 7515 7453 7517
f 7515 7517 7516
f 7516 7517 7518
f 7516 7518 7456
f 7517 7453 7454
f 7517 7454 7518
f 7518 7454 7455
f 7518 7455 7456
f 7520 7519 7523
f 7520 7523 7521
f 7521 7523 7524
f 7521 7524 7522
f 7523 7519 7525
f 7523 7525 7524
f 7524 7525 7526
f 7524 7526 7522
f 7525 7519 7527
f 7525 7527 7526
f 7526 7527 7528
f 7526 7528 7522
f 7527 7519 7529
f 7527 7529 7528
f 7528 7529 7530
f 7528 7530 7522
f 7529 7519 7531
f 7529 7531 7530
f 7530 7531 7532
f 7530 7532 7522
f 7531 7519 7533
f 7531 7533 7532
f 7532 7533 7534
f 7532 7534 7522
f 7533 7519 7535
f 7533 7535 7534
f 7534 7535 7536
f 7534 7536 7522
f 7535 7519 7537
f 7535 7537 7536
f 7536 7537 7538
f 7536 7538 7522
f 7537 7519 7539
f 7537 7539 7538
f 7538 7539 7540
f 7538 7540 7522
f 7539 7519 7541
f 7539 7541 7540
f 7540 7541 7542
f 7540 7542 7522
f 7541 7519 7543
f 7541 7543 7542
f 7542 7543 7544
f 7542 7544 7522
f 7543 7519 7545
f 7543 7545 7544
f 7544 7545 7546
f 7544 7546 7522
f 7545 7519 7547
f 7545 7547 7546
f 7546 7547 7548
f 7546 7548 7522
f 7547 7519 7549
f 7547 7549 7548
f 7548 7549 7550
f 7548 7550 7522
f 7549 7519 7551
f 7549 7551 7550
f 7550 7551 7552
f 7550 7552 7522
f 7551 7519 7553
f 7551 7553 7552
f 7552 7553 7554
f 7552 7554 7522
f 7553 7519 7555
f 7553 7555 7554
f 7554 7555 7556
f 7554 7556 7522
f 7555 7519 7557
f 7555 7557 7556
f 7556 7557 7558
f 7556 7558 7522
f 7557 7519 7559
f 7557 7559 7558
f 7558 7559 7560
f 7558 7560 7522
f 7559 7519 7561
f 7559 7561 7560
f 7560 7561 7562
f 7560 7562 7522
f 7561 7519 7563
f 7561 7563 7562
f 7562 7563 7564
f 7562 7564 7522
f 7563 7519 7565
f 7563 7565 7564
f 7564 7565 7566
f 7564 7566 7522
f 7565 7519 7567
f 7565 7567 7566
f 7566 7567 7568
f 7566 7568 7522
f 7567 7519 7569
f 7567 7569 7568
f 7568 7569 7570
f 7568 7570 7522
f 7569 7519 7571
f 7569 7571 7570
f 7570 7571 7572
f 7570 7572 7522
f 7571 7519 7573
f 7571 7573 7572
f 7572 7573 7574
f 7572 7574 7522
f 7573 7519 7575
f 7573 7575 7574
f 7574 7575 7576
f 7574 7576 7522
f 7575 7519 7577
f 7575 7577 7576
f 7576 7577 7578
f 7576 7578 7522
f 7577 7519 7579
f 7577 7579 7578
f 7578 7579 7580
f 7578 7580 7522
f 7579 7519 7581
f 7579 7581 7580
f 7580 7581 7582
f 7580 7582 7522
f 7581 7519 7583
f 7581 7583 7582
f 7582 7583 7584
f 7582 7584 7522
f 7583 7519 7520
f 7583 7520 7584
f 7584 7520 7521
f 7584 7521 7522
f 7586 7585 7589
f 7586 7589 7587
f 7587 7589 7590
f 7587 7590 7588
f 7589 7585 7591
f 7589 7591 7590
f 7590 7591 7592
f 7590 7592 7588
f 7591 7585 7593
f 7591 7593 7592
f 7592 7593 7594
f 7592 7594 7588
f 7593 7585 7595
f 7593 7595 7594
f 7594 7595 7596
f 7594 7596 7588
f 7595 7585 7597
f 7595 7597 7596
f 7596 7597 7598
f 7596 7598 7588
f 7597 7585 7599
f 7597 7599 7598
f 7598 7599 7600
f 7598 7600 7588
f 7599 7585 7601
f 7599 7601 7600
f 7600 7601 7602
f 7600 7602 7588
f 7601 7585 7603
f 7601 7603 7602
f 7602 7603 7604
f 7602 7604 7588
f 7603 7585 7605
f 7603 7605 7604
f 7604 7605 7606
f 7604 7606 7588
f 7605 7585 7607
f 7605 7607 7606
f 7606 7607 7608
f 7606 7608 7588
f 7607 7585 7609
f 7607 7609 7608
f 7608 7609 7610
f 7608 7610 7588
f 7609 7585 7611
f 7609 7611 7610
f 7610 7611 7612
f 7610 7612 7588
f 7611 7585 7613
f 7611 7613 7612
f 7612 7613 7614
f 7612 7614 7588
f 7613 7585 7615
f 7613 7615 7614
f 7614 7615 7616
f 7614 7616 7588
f 7615 7585 7617
f 7615 7617 7616
f 7616 7617 7618
f 7616 7618 7588
f 7617 7585 7619
f 7617 7619 7618
f 7618 7619 7620
f 7618 7620 7588
f 7619 7585 7621
f 7619 7621 7620
f 7620 7621 7622
f 7620 7622 7588
f 7621 7585 7623
f 7621 7623 7622
f 7622 7623 7624
f 7622 7624 7588
f 7623 7585 7625
f 7623 7625 7624
f 7624 7625 7626
f 7624 7626 7588
f 7625 7585 7627
f 7625 7627 7626
f 7626 7627 7628
f 7626 7628 7588
f 7627 7585 7629
f 7627 7629 7628
f 7628 7629 7630
f 7628 7630 7588
f 7629 7585 7631
f 7629 7631 7630
f 7630 7631 7632
f 7630 7632 7588
f 7631 7585 7633
f 7631 7633 7632
f 7632 7633 7634
f 7632 7634 7588
f 7633 7585 7635
f 7633 7635 7634
f 7634 7635 7636
f 7634 7636 7588
f 7635 7585 7637
f 7635 7637 7636
f 7636 7637 7638
f 7636 7638 7588
f 7637 7585 7639
f 7637 7639 7638
f 7638 7639 7640
f 7638 7640 7588
f 7639 7585 7641
f 7639 7641 7640
f 7640 7641 7642
f 7640 7642 7588
f 7641 7585 7643
f 7641 7643 7642
f 7642 7643 7644
f 7642 7644 7588
f 7643 7585 7645
f 7643 7645 7644
f 7644 7645 7646
f 7644 7646 7588
f 7645 7585 7647
f 7645 7647 7646
f 7646 7647 7648
f 7646 7648 7588
f 7647 7585 7649
f 7647 7649 7648
f 7648 7649 7650
f 7648 7650 7588
f 7649 7585 7586
f 7649 7586 7650
f 7650 7586 7587
f 7650 7587 7588
f 7652 7651 7655
f 7652 7655 7653
f 7653 7655 7656
f 7653 7656 7654
f 7655 7651 7657
f 7655 7657 7656
f 7656 7657 7658
f 7656 7658 7654
f 7657 7651 7659
f 7657 7659 7658
f 7658 7659 7660
f 7658 7660 7654
f 7659 7651 7661
f 7659 7661 7660
f 7660 7661 7662
f 7660 7662 7654
f 7661 7651 7663
f 7661 7663 7662
f 7662 7663 7664
f 7662 7664 7654
f 7663 7651 7665
f 7663 7665 7664
f 7664 7665 7666
f 7664 7666 7654
f 7665 7651 7667
f 7665 7667 7666
f 7666 7667 7668
f 7666 7668 7654
f 7667 7651 7669
f 7667 7669 7668
f 7668 7669 7670
f 7668 7670 7654
f 7669 7651 7671
f 7669 7671 7670
f 7670 7671 7672
f 7670 7672 7654
f 7671 7651 7673
f 7671 7673 7672
f 7672 7673 7674
f 7672 7674 7654
f 7673 7651 7675
f 7673 7675 7674
f 7674 7675 7676
f 7674 7676 7654
f 7675 7651 7677
f 7675 7677 7676
f 7676 7677 7678
f 7676 7678 7654
f 7677 7651 7679
f 7677 7679 7678
f 7678 7679 7680
f 7678 7680 7654
f 7679 7651 7681
f 7679 7681 7680
f 7680 7681 7682
f 7680 7682 7654
f 7681 7651 7683
f 7681 7683 7682
f 7682 7683 7684
f 7682 7684 7654
f 7683 7651 7685
f 7683 7685 7684
f 7684 7685 7686
f 7684 7686 7654
f 7685 7651 7687
f 7685 7687 7686
f 7686 7687 7688
f 7686 7688 7654
f 7687 7651 7689
f 7687 7689 7688
f 7688 7689 7690
f 7688 7690 7654
f 7689 7651 7691
f 7689 7691 7690
f 7690 7691 7692
f 7690 7692 7654
f 7691 7651 7693
f 7691 7693 7692
f 7692 7693 7694
f 7692 7694 7654
f 7693 7651 7695
f 7693 7695 7694
f 7694 7695 7696
f 7694 7696 7654
f 7695 7651 7697
f 7695 7697 7696
f 7696 7697 7698
f 7696 7698 7654
f 7697 7651 7699
f 7697 7699 7698
f 7698 7699 7700
f 7698 7700 7654
f 7699 7651 7701
f 7699 7701 7700
f 7700 7701 7702
f 7700 7702 7654
f 7701 7651 7703
f 7701 7703 7702
f 7702 7703 7704
f 7702 7704 7654
f 7703 7651 7705
f 7703 7705 7704
f 7704 7705 7706
f 7704 7706 7654
f 7705 7651 7707
f 7705 7707 7706
f 7706 7707 7708
f 7706 7708 7654
f 7707 7651 7709
f 7707 7709 7708
f 7708 7709 7710
f 7708 7710 7654
f 7709 7651 7711
f 7709 7711 7710
f 7710 7711 7712
f 7710 7712 7654
f 7711 7651 7713
f 7711 7713 7712
f 7712 7713 7714
f 7712 7714 7654
f 7713 7651 7715
f 7713 7715 7714
f 7714 7715 7716
f 7714 7716 7654
f 7715 7651 7652
f 7715 7652 7716
f 7716 7652 7653
f 7716 7653 7654
f 7718 7717 7721
f 7718 7721 7719
f 7719 7721 7722
f 7719 7722 7720
f 7721 7717 7723
f 7721 7723 7722
f 7722 7723 7724
f 7722 7724 7720
f 7723 7717 7725
f 7723 7725 7724
f 7724 7725 7726
f 7724 7726 7720
f 7725 7717 7727
f 7725 7727 7726
f 7726 7727 7728
f 7726 7728 7720
f 7727 7717 7729
f 7727 7729 7728
f 7728 7729 7730
f 7728 7730 7720
f 7729 7717 7731
f 7729 7731 7730
f 7730 7731 7732
f 7730 7732 7720
f 7731 7717 7733
f 7731 7733 7732
f 7732 7733 7734
f 7732 7734 7720
f 7733 7717 7735
f 7733 7735 7734
f 7734 7735 7736
f 7734 7736 7720
f 7735 7717 7737
f 7735 7737 7736
f 7736 7737 7738
f 7736 7738 7720
f 7737 7717 7739
f 7737 7739 7738
f 7738 7739 7740
f 7738 7740 7720
f 7739 7717 7741
f 7739 7741 7740
f 7740 7741 7742
f 7740 7742 7720
f 7741 7717 7743
f 7741 7743 7742
f 7742 7743 7744
f 7742 7744 7720
f 7743 7717 7745
f 7743 7745 7744
f 7744 7745 7746
f 7744 7746 7720
f 7745 7717 7747
f 7745 7747 7746
f 7746 7747 7748
f 7746 7748 7720
f 7747 7717 7749
f 7747 7749 7748
f 7748 7749 7750
f 7748 7750 7720
f 7749 7717 7751
f 7749 7751 7750
f 7750 7751 7752
f 7750 7752 7720
f 7751 7717 7753
f 7751 7753 7752
f 7752 7753 7754
f 7752 7754 7720
f 7753 7717 7755
f 7753 7755 7754
f 7754 7755 7756
f 7754 7756 7720
f 7755 7717 7757
f 7755 7757 7756
f 7756 7757 7758
f 7756 7758 7720
f 7757 7717 7759
f 7757 7759 7758
f 7758 7759 7760
f 7758 7760 7720
f 7759 7717 7761
f 7759 7761 7760
f 7760 7761 7762
f 7760 7762 7720
f 7761 7717 7763
f 7761 7763 7762
f 7762 7763 7764
f 7762 7764 7720
f 7763 7717 7765
f 7763 7765 7764
f 7764 7765 7766
f 7764 7766 7720
f 7765 7717 7767
f 7765 7767 7766
f 7766 7767 7768
f 7766 7768 7720
f 7767 7717 7769
f 7767 7769 7768
f 7768 7769 7770
f 7768 7770 7720
f 7769 7717 7771
f 7769 7771 7770
f 7770 7771 7772
f 7770 7772 7720
f 7771 7717 7773
f 7771 7773 7772
f 7772 7773 7774
f 7772 7774 7720
f 7773 7717 7775
f 7773 7775 7774
f 7774 7775 7776
f 7774 7776 7720
f 7775 7717 7777
f 7775 7777 7776
f 7776 7777 7778
f 7776 7778 7720
f 7777 7717 7779
f 7777 7779 7778
f 7778 7779 7780
f 7778 7780 7720
f 7779 7717 7781
f 7779 7781 7780
f 7780 7781 7782
f 7780 7782 7720
f 7781 7717 7718
f 7781 7718 7782
f 7782 7718 7719
f 7782 7719 7720
f 7789 7795 7791
f 7783 7789 7785
f 7785 7789 7791
f 7786 7784 7783
f 7792 7790 7786
f 7790 7784 7786
f 7798 7790 7792
f 7798 7796 7790
f 7791 7795 7801
f 7806 7796 7802
f 7791 7793 7787
f 7787 7785 7791
f 7783 7785 7787
f 7787 7786 7783
f 7807 7803 7797
f 7797 7801 7807
f 7791 7801 7797
f 7799 7793 7791
f 7791 7797 7799
f 7802 7796 7804
f 7796 7798 7804
f 7796 7806 7800
f 7790 7796 7800
f 7800 7794 7790
f 7788 7789 7783
f 7783 7784 7788
f 7788 7784 7790
f 7790 7794 7788
f 7805 7797 7803
f 7805 7799 7797
f 7792 7786 7787
f 7787 7793 7792
f 7792 7793 7799
f 7799 7798 7792
f 7800 7806 7807
f 7807 7801 7800
f 7800 7801 7795
f 7795 7794 7800
f 7788 7794 7795
f 7795 7789 7788
f 7805 7803 7807
f 7805 7806 7802
f 7807 7806 7805
f 7802 7804 7805
f 7798 7799 7805
f 7805 7804 7798
f 7809 7808 7812
f 7809 7812 7810
f 7810 7812 7813
f 7810 7813 7811
f 7812 7808 7814
f 7812 7814 7813
f 7813 7814 7815
f 7813 7815 7811
f 7814 7808 7816
f 7814 7816 7815
f 7815 7816 7817
f 7815 7817 7811
f 7816 7808 7818
f 7816 7818 7817
f 7817 7818 7819
f 7817 7819 7811
f 7818 7808 7820
f 7818 7820 7819
f 7819 7820 7821
f 7819 7821 7811
f 7820 7808 7822
f 7820 7822 7821
f 7821 7822 7823
f 7821 7823 7811
f 7822 7808 7824
f 7822 7824 7823
f 7823 7824 7825
f 7823 7825 7811
f 7824 7808 7826
f 7824 7826 7825
f 7825 7826 7827
f 7825 7827 7811
f 7826 7808 7828
f 7826 7828 7827
f 7827 7828 7829
f 7827 7829 7811
f 7828 7808 7830
f 7828 7830 7829
f 7829 7830 7831
f 7829 7831 7811
f 7830 7808 7832
f 7830 7832 7831
f 7831 7832 7833
f 7831 7833 7811
f 7832 7808 7834
f 7832 7834 7833
f 7833 7834 7835
f 7833 7835 7811
f 7834 7808 7836
f 7834 7836 7835
f 7835 7836 7837
f 7835 7837 7811
f 7836 7808 7838
f 7836 7838 7837
f 7837 7838 7839
f 7837 7839 7811
f 7838 7808 7840
f 7838 7840 7839
f 7839 7840 7841
f 7839 7841 7811
f 7840 7808 7842
f 7840 7842 7841
f 7841 7842 7843
f 7841 7843 7811
f 7842 7808 7844
f 7842 7844 7843
f 7843 7844 7845
f 7843 7845 7811
f 7844 7808 7846
f 7844 7846 7845
f 7845 7846 7847
f 7845 7847 7811
f 7846 7808 7848
f 7846 7848 7847
f 7847 7848 7849
f 7847 7849 7811
f 7848 7808 7850
f 7848 7850 7849
f 7849 7850 7851
f 7849 7851 7811
f 7850 7808 7852
f 7850 7852 7851
f 7851 7852 7853
f 7851 7853 7811
f 7852 7808 7854
f 7852 7854 7853
f 7853 7854 7855
f 7853 7855 7811
f 7854 7808 7856
f 7854 7856 7855
f 7855 7856 7857
f 7855 7857 7811
f 7856 7808 7858
f 7856 7858 7857
f 7857 7858 7859
f 7857 7859 7811
f 7858 7808 7860
f 7858 7860 7859
f 7859 7860 7861
f 7859 7861 7811
f 7860 7808 7862
f 7860 7862 7861
f 7861 7862 7863
f 7861 7863 7811
f 7862 7808 7864
f 7862 7864 7863
f 7863 7864 7865
f 7863 7865 7811
f 7864 7808 7866
f 7864 7866 7865
f 7865 7866 7867
f 7865 7867 7811
f 7866 7808 7868
f 7866 7868 7867
f 7867 7868 7869
f 7867 7869 7811
f 7868 7808 7870
f 7868 7870 7869
f 7869 7870 7871
f 7869 7871 7811
f 7870 7808 7872
f 7870 7872 7871
f 7871 7872 7873
f 7871 7873 7811
f 7872 7808 7874
f 7872 7874 7873
f 7873 7874 7875
f 7873 7875 7811
f 7874 7808 7876
f 7874 7876 7875
f 7875 7876 7877
f 7875 7877 7811
f 7876 7808 7878
f 7876 7878 7877
f 7877 7878 7879
f 7877 7879 7811
f 7878 7808 7880
f 7878 7880 7879
f 7879 7880 7881
f 7879 7881 7811
f 7880 7808 7882
f 7880 7882 7881
f 7881 7882 7883
f 7881 7883 7811
f 7882 7808 7884
f 7882 7884 7883
f 7883 7884 7885
f 7883 7885 7811
f 7884 7808 7886
f 7884 7886 7885
f 7885 7886 7887
f 7885 7887 7811
f 7886 7808 7888
f 7886 7888 7887
f 7887 7888 7889
f 7887 7889 7811
f 7888 7808 7890
f 7888 7890 7889
f 7889 7890 7891
f 7889 7891 7811
f 7890 7808 7892
f 7890 7892 7891
f 7891 7892 7893
f 7891 7893 7811
f 7892 7808 7894
f 7892 7894 7893
f 7893 7894 7895
f 7893 7895 7811
f 7894 7808 7896
f 7894 7896 7895
f 7895 7896 7897
f 7895 7897 7811
f 7896 7808 7898
f 7896 7898 7897
f 7897 7898 7899
f 7897 7899 7811
f 7898 7808 7900
f 7898 7900 7899
f 7899 7900 7901
f 7899 7901 7811
f 7900 7808 7902
f 7900 7902 7901
f 7901 7902 7903
f 7901 7903 7811
f 7902 7808 7904
f 7902 7904 7903
f 7903 7904 7905
f 7903 7905 7811
f 7904 7808 7809
f 7904 7809 7905
f 7905 7809 7810
f 7905 7810 7811
f 7907 7906 7910
f 7907 7910 7908
f 7908 7910 7911
f 7908 7911 7909
f 7910 7906 7912
f 7910 7912 7911
f 7911 7912 7913
f 7911 7913 7909
f 7912 7906 7914
f 7912 7914 7913
f 7913 7914 7915
f 7913 7915 7909
f 7914 7906 7916
f 7914 7916 7915
f 7915 7916 7917
f 7915 7917 7909
f 7916 7906 7918
f 7916 7918 7917
f 7917 7918 7919
f 7917 7919 7909
f 7918 7906 7920
f 7918 7920 7919
f 7919 7920 7921
f 7919 7921 7909
f 7920 7906 7922
f 7920 7922 7921
f 7921 7922 7923
f 7921 7923 7909
f 7922 7906 7924
f 7922 7924 7923
f 7923 7924 7925
f 7923 7925 7909
f 7924 7906 7926
f 7924 7926 7925
f 7925 7926 7927
f 7925 7927 7909
f 7926 7906 7928
f 7926 7928 7927
f 7927 7928 7929
f 7927 7929 7909
f 7928 7906 7930
f 7928 7930 7929
f 7929 7930 7931
f 7929 7931 7909
f 7930 7906 7932
f 7930 7932 7931
f 7931 7932 7933
f 7931 7933 7909
f 7932 7906 7934
f 7932 7934 7933
f 7933 7934 7935
f 7933 7935 7909
f 7934 7906 7936
f 7934 7936 7935
f 7935 7936 7937
f 7935 7937 7909
f 7936 7906 7938
f 7936 7938 7937
f 7937 7938 7939
f 7937 7939 7909
f 7938 7906 7940
f 7938 7940 7939
f 7939 7940 7941
f 7939 7941 7909
f 7940 7906 7942
f 7940 7942 7941
f 7941 7942 7943
f 7941 7943 7909
f 7942 7906 7944
f 7942 7944 7943
f 7943 7944 7945
f 7943 7945 7909
f 7944 7906 7946
f 7944 7946 7945
f 7945 7946 7947
f 7945 7947 7909
f 7946 7906 7948
f 7946 7948 7947
f 7947 7948 7949
f 7947 7949 7909
f 7948 7906 7950
f 7948 7950 7949
f 7949 7950 7951
f 7949 7951 7909
f 7950 7906 7952
f 7950 7952 7951
f 7951 7952 7953
f 7951 7953 7909
f 7952 7906 7954
f 7952 7954 7953
f 7953 7954 7955
f 7953 7955 7909
f 7954 7906 7956
f 7954 7956 7955
f 7955 7956 7957
f 7955 7957 7909
f 7956 7906 7958
f 7956 7958 7957
f 7957 7958 7959
f 7957 7959 7909
f 7958 7906 7960
f 7958 7960 7959
f 7959 7960 7961
f 7959 7961 7909
f 7960 7906 7962
f 7960 7962 7961
f 7961 7962 7963
f 7961 7963 7909
f 7962 7906 7964
f 7962 7964 7963
f 7963 7964 7965
f 7963 7965 7909
f 7964 7906 7966
f 7964 7966 7965
f 7965 7966 7967
f 7965 7967 7909
f 7966 7906 7968
f 7966 7968 7967
f 7967 7968 7969
f 7967 7969 7909
f 7968 7906 7970
f 7968 7970 7969
f 7969 7970 7971
f 7969 7971 7909
f 7970 7906 7972
f 7970 7972 7971
f 7971 7972 7973
f 7971 7973 7909
f 7972 7906 7974
f 7972 7974 7973
f 7973 7974 7975
f 7973 7975 7909
f 7974 7906 7976
f 7974 7976 7975
f 7975 7976 7977
f 7975 7977 7909
f 7976 7906 7978
f 7976 7978 7977
f 7977 7978 7979
f 7977 7979 7909
f 7978 7906 7980
f 7978 7980 7979
f 7979 7980 7981
f 7979 7981 7909
f 7980 7906 7982
f 7980 7982 7981
f 7981 7982 7983
f 7981 7983 7909
f 7982 7906 7984
f 7982 7984 7983
f 7983 7984 7985
f 7983 7985 7909
f 7984 7906 7986
f 7984 7986 7985
f 7985 7986 7987
f 7985 7987 7909
f 7986 7906 7988
f 7986 7988 7987
f 7987 7988 7989
f 7987 7989 7909
f 7988 7906 7990
f 7988 7990 7989
f 7989 7990 7991
f 7989 7991 7909
f 7990 7906 7992
f 7990 7992 7991
f 7991 7992 7993
f 7991 7993 7909
f 7992 7906 7994
f 7992 7994 7993
f 7993 7994 7995
f 7993 7995 7909
f 7994 7906 7996
f 7994 7996 7995
f 7995 7996 7997
f 7995 7997 7909
f 7996 7906 7998
f 7996 7998 7997
f 7997 7998 7999
f 7997 7999 7909
f 7998 7906 8000
f 7998 8000 7999
f 7999 8000 8001
f 7999 8001 7909
f 8000 7906 8002
f 8000 8002 8001
f 8001 8002 8003
f 8001 8003 7909
f 8002 7906 7907
f 8002 7907 8003
f 8003 7907 7908
f 8003 7908 7909
f 8005 8004 8008
f 8005 8008 8006
f 8006 8008 8009
f 8006 8009 8007
f 8008 8004 8010
f 8008 8010 8009
f 8009 8010 8011
f 8009 8011 8007
f 8010 8004 8012
f 8010 8012 8011
f 8011 8012 8013
f 8011 8013 8007
f 8012 8004 8014
f 8012 8014 8013
f 8013 8014 8015
f 8013 8015 8007
f 8014 8004 8016
f 8014 8016 8015
f 8015 8016 8017
f 8015 8017 8007
f 8016 8004 8018
f 8016 8018 8017
f 8017 8018 8019
f 8017 8019 8007
f 8018 8004 8020
f 8018 8020 8019
f 8019 8020 8021
f 8019 8021 8007
f 8020 8004 8022
f 8020 8022 8021
f 8021 8022 8023
f 8021 8023 8007
f 8022 8004 8024
f 8022 8024 8023
f 8023 8024 8025
f 8023 8025 8007
f 8024 8004 8026
f 8024 8026 8025
f 8025 8026 8027
f 8025 8027 8007
f 8026 8004 8028
f 8026 8028 8027
f 8027 8028 8029
f 8027 8029 8007
f 8028 8004 8030
f 8028 8030 8029
f 8029 8030 8031
f 8029 8031 8007
f 8030 8004 8032
f 8030 8032 8031
f 8031 8032 8033
f 8031 8033 8007
f 8032 8004 8034
f 8032 8034 8033
f 8033 8034 8035
f 8033 8035 8007
f 8034 8004 8036
f 8034 8036 8035
f 8035 8036 8037
f 8035 8037 8007
f 8036 8004 8038
f 8036 8038 8037
f 8037 8038 8039
f 8037 8039 8007
f 8038 8004 8040
f 8038 8040 8039
f 8039 8040 8041
f 8039 8041 8007
f 8040 8004 8042
f 8040 8042 8041
f 8041 8042 8043
f 8041 8043 8007
f 8042 8004 8044
f 8042 8044 8043
f 8043 8044 8045
f 8043 8045 8007
f 8044 8004 8046
f 8044 8046 8045
f 8045 8046 8047
f 8045 8047 8007
f 8046 8004 8048
f 8046 8048 8047
f 8047 8048 8049
f 8047 8049 8007
f 8048 8004 8050
f 8048 8050 8049
f 8049 8050 8051
f 8049 8051 8007
f 8050 8004 8052
f 8050 8052 8051
f 8051 8052 8053
f 8051 8053 8007
f 8052 8004 8054
f 8052 8054 8053
f 8053 8054 8055
f 8053 8055 8007
f 8054 8004 8056
f 8054 8056 8055
f 8055 8056 8057
f 8055 8057 8007
f 8056 8004 8058
f 8056 8058 8057
f 8057 8058 8059
f 8057 8059 8007
f 8058 8004 8060
f 8058 8060 8059
f 8059 8060 8061
f 8059 8061 8007
f 8060 8004 8062
f 8060 8062 8061
f 8061 8062 8063
f 8061 8063 8007
f 8062 8004 8064
f 8062 8064 8063
f 8063 8064 8065
f 8063 8065 8007
f 8064 8004 8066
f 8064 8066 8065
f 8065 8066 8067
f 8065 8067 8007
f 8066 8004 8068
f 8066 8068 8067
f 8067 8068 8069
f 8067 8069 8007
f 8068 8004 8070
f 8068 8070 8069
f 8069 8070 8071
f 8069 8071 8007
f 8070 8004 8072
f 8070 8072 8071
f 8071 8072 8073
f 8071 8073 8007
f 8072 8004 8074
f 8072 8074 8073
f 8073 8074 8075
f 8073 8075 8007
f 8074 8004 8076
f 8074 8076 8075
f 8075 8076 8077
f 8075 8077 8007
f 8076 8004 8078
f 8076 8078 8077
f 8077 8078 8079
f 8077 8079 8007
f 8078 8004 8080
f 8078 8080 8079
f 8079 8080 8081
f 8079 8081 8007
f 8080 8004 8082
f 8080 8082 8081
f 8081 8082 8083
f 8081 8083 8007
f 8082 8004 8084
f 8082 8084 8083
f 8083 8084 8085
f 8083 8085 8007
f 8084 8004 8086
f 8084 8086 8085
f 8085 8086 8087
f 8085 8087 8007
f 8086 8004 8088
f 8086 8088 8087
f 8087 8088 8089
f 8087 8089 8007
f 8088 8004 8090
f 8088 8090 8089
f 8089 8090 8091
f 8089 8091 8007
f 8090 8004 8092
f 8090 8092 8091
f 8091 8092 8093
f 8091 8093 8007
f 8092 8004 8094
f 8092 8094 8093
f 8093 8094 8095
f 8093 8095 8007
f 8094 8004 8096
f 8094 8096 8095
f 8095 8096 8097
f 8095 8097 8007
f 8096 8004 8098
f 8096 8098 8097
f 8097 8098 8099
f 8097 8099 8007
f 8098 8004 8100
f 8098 8100 8099
f 8099 8100 8101
f 8099 8101 8007
f 8100 8004 8005
f 8100 8005 8101
f 8101 8005 8006
f 8101 8006 8007

