element_id,group,section_id,length_m,axial_force_N,torsion_Nm,bending_My_Nm,bending_Mz_Nm,screening_von_mises_MPa,yield_factor,member_euler_factor
1,SPINE_FRAME,2,0.9184401633029775,0.0,0.0,0.0,0.0,0.0,inf,inf
2,SPINE_FRAME,2,0.9184401633029775,0.0,0.0,0.0,0.0,0.0,inf,inf
3,SPINE_FRAME,2,0.9184401633029775,0.0,0.0,0.0,0.0,0.0,inf,inf
4,SPINE_FRAME,2,0.9184401633029775,0.0,0.0,0.0,0.0,0.0,inf,inf
5,SPINE_FRAME,2,0.9184401633029775,0.0,0.0,0.0,0.0,0.0,inf,inf
6,SPINE_FRAME,2,0.9184401633029775,0.0,0.0,0.0,0.0,0.0,inf,inf
7,SPINE_FRAME,2,0.9184401633029775,0.0,0.0,0.0,0.0,0.0,inf,inf
8,SPINE_FRAME,2,0.9184401633029775,0.0,0.0,0.0,0.0,0.0,inf,inf
9,SPINE_LONGERON,1,2.5,1569.2838542755867,-5.276958628655453,17.14484831056969,283.24536438387065,3.174882587339804,158.43105568872633,621.8267757358201
10,SPINE_DIAGONAL,3,2.6633686064020505,-23.01523582089379,2.244500773367503,-23.957244804265507,16.654171444901905,1.3354593467152034,376.64942870572344,4340.049252430596
11,SPINE_LONGERON,1,2.5,1600.1661604559038,3.00161015513077,-224.24303430460364,176.8530208065953,3.202284967268945,157.0753399966716,609.8258689837852
12,SPINE_DIAGONAL,3,2.6633686064020505,-197.59339380667652,1.086021214228053,-23.848306870996034,0.42944301405882224,1.2555288375211968,400.62799433032376,505.51921344451785
13,SPINE_LONGERON,1,2.5,1262.270204284703,-3.45738555678112,-225.23110476808932,9.984845258514365,2.5277210950733404,198.9934732041336,773.0695979403578
14,SPINE_DIAGONAL,3,2.6633686064020505,184.67101483114757,0.5107088457930268,-22.965389904586328,-19.98625708330005,1.5392589427339034,326.78062542655323,540.892988054
15,SPINE_LONGERON,1,2.5,1370.5021628284967,-13.453178770261674,-198.59725919088908,-183.14510583594137,2.9817486388408083,168.69295870477782,712.0183723785791
16,SPINE_DIAGONAL,3,2.6633686064020505,236.76452557217416,1.6123738297052792,-2.111575617033663,-30.234937979173623,1.5824759960636858,317.8563221503406,421.8843882021288
17,SPINE_LONGERON,1,2.5,1569.2838542758366,-5.276958628655489,-17.14484831056451,-283.2453643838606,3.174882587339794,158.43105568872684,621.8267757357211
18,SPINE_DIAGONAL,3,2.6633686064020505,-23.015235820966733,2.2445007733674354,23.957244804265862,-16.654171444900733,1.3354593467152538,376.6494287057092,4340.049252416841
19,SPINE_LONGERON,1,2.5,1600.1661604566027,3.0016101551307104,224.24303430460736,-176.85302080658383,3.2022849672691462,157.07533999666174,609.8258689835188
20,SPINE_DIAGONAL,3,2.6633686064020505,-197.59339380665463,1.0860212142279515,23.84830687099627,-0.42944301405771923,1.2555288375211864,400.6279943303271,505.51921344457384
21,SPINE_LONGERON,1,2.5,1262.2702042854446,-3.457385556781137,225.23110476809146,-9.984845258504379,2.5277210950736113,198.99347320411226,773.0695979399036
22,SPINE_DIAGONAL,3,2.6633686064020505,184.67101483125174,0.510708845792942,22.96538990458663,19.986257083301023,1.5392589427340382,326.7806254265246,540.892988053695
23,SPINE_LONGERON,1,2.5,1370.502162828843,-13.453178770261696,198.5972591908923,183.1451058359498,2.981748638841003,168.69295870476685,712.0183723783991
24,SPINE_DIAGONAL,3,2.6633686064020505,236.76452557230093,1.612373829705272,2.11157561703413,30.23493797917467,1.5824759960638515,317.8563221503073,421.88438820190294
25,SPINE_FRAME,2,0.9184401633029775,-1158.536536620184,-0.8726392748468328,8.876958057298207,101.44481365690937,2.6835675676895843,187.4370543362385,2166.461825502354
26,SPINE_FRAME,2,0.9184401633029775,-1026.4281031295504,11.689890179970043,-0.9819426369760409,98.47563259332526,2.551262127081791,197.15731859169887,2445.300525564964
27,SPINE_FRAME,2,0.9184401633029775,-977.2857840081429,-16.727112780625472,64.22309646261132,70.22806560145395,2.4666652514381964,203.91903591568592,2568.2612201145307
28,SPINE_FRAME,2,0.9184401633029775,-994.3318451270816,-10.806822884594432,-16.335142172359873,-87.0287953626762,2.3337839321263454,215.52980679822795,2524.2329231812496
29,SPINE_FRAME,2,0.9184401633029775,-1158.5365366201677,-0.8726392748465202,-8.876958057298435,-101.44481365691452,2.6835675676896784,187.4370543362319,2166.4618255023847
30,SPINE_FRAME,2,0.9184401633029775,-1026.4281031295359,11.689890179970206,0.9819426369764797,-98.47563259332682,2.5512621270818148,197.15731859169705,2445.3005255649987
31,SPINE_FRAME,2,0.9184401633029775,-977.2857840081488,-16.727112780625536,-64.22309646261127,-70.22806560145094,2.4666652514381537,203.91903591568942,2568.2612201145153
32,SPINE_FRAME,2,0.9184401633029775,-994.331845127097,-10.806822884594887,16.33514217236045,87.02879536266988,2.333783932126232,215.52980679823844,2524.2329231812105
33,SPINE_LONGERON,1,2.5,2015.889589119582,14.03515455981999,-248.8122485985728,-1227.0982115799375,12.317118624913732,40.83747305823508,484.0655582455032
34,SPINE_DIAGONAL,3,2.6633686064020505,-218.46843305875404,11.267157881148334,-109.29781820051751,-51.622811999938385,5.651666733467149,89.00029384631155,457.2159722138012
35,SPINE_LONGERON,1,2.5,2051.771741185931,4.959981307308675,827.4519091514442,-855.2257066414971,11.75283344551706,42.79819009873416,475.60003860587324
36,SPINE_DIAGONAL,3,2.6633686064020505,-427.7513300637395,10.838022196140454,-42.43213523873211,-131.18468479190597,6.605822079162715,76.14495122214296,233.51711613403918
37,SPINE_LONGERON,1,2.5,1358.5835492795566,11.547977776534951,718.2034819428051,-238.73281155067602,7.493866146098762,67.12156184719915,718.2647838154214
38,SPINE_DIAGONAL,3,2.6633686064020505,-369.7293901057494,11.154500475820912,84.28575769904292,-98.2721439686545,6.1759528403402015,81.44492242792,270.1631509207704
39,SPINE_LONGERON,1,2.5,1940.3899566252067,22.60396546797261,940.7455200624818,663.9475442605362,11.35802806962995,44.28585639306207,502.90031443764695
40,SPINE_DIAGONAL,3,2.6633686064020505,-376.7064225550287,8.425882416630195,69.21300971179721,-43.11999562799878,4.0268509837608,124.91150082991965,265.1594213379587
41,SPINE_LONGERON,1,2.5,2015.8895891196019,14.035154559820047,248.8122485985739,1227.0982115799272,12.317118624913649,40.837473058235354,484.06555824549844
42,SPINE_DIAGONAL,3,2.6633686064020505,-218.4684330586365,11.26715788114834,109.29781820051751,51.62281199993748,5.651666733467023,89.00029384631354,457.2159722140472
43,SPINE_LONGERON,1,2.5,2051.771741186435,4.959981307308725,-827.4519091514454,855.2257066414891,11.75283344551719,42.79819009873369,475.6000386057564
44,SPINE_DIAGONAL,3,2.6633686064020505,-427.7513300636118,10.838022196140468,42.43213523873206,131.1846847919049,6.605822079162554,76.14495122214483,233.51711613410887
45,SPINE_LONGERON,1,2.5,1358.5835492802432,11.547977776535134,-718.2034819428076,238.73281155066636,7.493866146098992,67.12156184719709,718.2647838150583
46,SPINE_DIAGONAL,3,2.6633686064020505,-369.72939010568064,11.154500475820946,-84.28575769904316,98.27214396865351,6.175952840340113,81.44492242792118,270.16315092082067
47,SPINE_LONGERON,1,2.5,1940.3899566256762,22.603965467972532,-940.7455200624821,-663.9475442605462,11.358028069630166,44.28585639306123,502.90031443752525
48,SPINE_DIAGONAL,3,2.6633686064020505,-376.7064225550614,8.425882416630245,-69.2130097117974,43.119995627997696,4.026850983760812,124.91150082991929,265.1594213379357
49,SPINE_FRAME,2,0.9184401633029775,22.711711472762545,18.980264237413678,-0.9532839695145174,-601.6005115098892,12.081766629899994,41.632984265328716,110512.37521432123
50,SPINE_FRAME,2,0.9184401633029775,28.175736371170387,-61.93376322965932,-1.2219552533367537,-549.7038382396748,11.09183238762009,45.348683826255126,89081.08547627923
51,SPINE_FRAME,2,0.9184401633029775,29.088580962672495,118.88806650701815,-4.078628159221827,-466.92749882975056,9.604928895962583,52.36894572029943,86285.58344795727
52,SPINE_FRAME,2,0.9184401633029775,24.87549230118384,62.37519012469036,2.615213389564378,588.3813264986318,11.863032352633908,42.40062616775386,100899.51787277352
53,SPINE_FRAME,2,0.9184401633029775,22.711711472763454,18.98026423741399,0.9532839695132518,601.6005115098857,12.081766629899926,41.63298426532895,110512.37521431681
54,SPINE_FRAME,2,0.9184401633029775,28.17573637118585,-61.933763229659206,1.2219552533374216,549.7038382396748,11.091832387620101,45.34868382625508,89081.08547623035
55,SPINE_FRAME,2,0.9184401633029775,29.088580962693413,118.88806650701787,4.07862815922153,466.92749882975494,9.604928895962678,52.36894572029891,86285.58344789522
56,SPINE_FRAME,2,0.9184401633029775,24.875492301208396,62.37519012469048,-2.615213389563529,-588.3813264986367,11.863032352634018,42.40062616775347,100899.51787267391
57,SPINE_LONGERON,1,2.5,554.6636400459652,-9.514766963785803,-273.42922879934616,-1218.393136301571,11.782172129568313,42.691618698871395,1759.3053679119869
58,SPINE_DIAGONAL,3,2.6633686064020505,-512.1290606840789,-10.133599903545349,-45.25600358862277,-131.87325856188116,6.751436159438891,74.50266700615653,195.04313402086396
59,SPINE_LONGERON,1,2.5,662.8928513666219,1.264203446263978,804.6383351878816,-866.6674941959409,11.205722185574905,44.887780695429925,1472.0670426701834
60,SPINE_DIAGONAL,3,2.6633686064020505,-462.3309522051609,-10.772974127053173,83.04299418912522,-100.74545092650591,6.309443220017822,79.72177297739105,216.05141629076712
61,SPINE_LONGERON,1,2.5,-24.269405520713917,-6.354307872611676,712.075546593438,-262.5835093024808,7.053364276922552,71.31348676343477,40207.93663386624
62,SPINE_DIAGONAL,3,2.6633686064020505,-457.4267512966703,-8.353309857831189,69.88937132605066,-45.94734797528312,4.194897114989959,119.90758919988531,218.36776431599807
63,SPINE_LONGERON,1,2.5,483.22690665006076,-18.662605101699043,953.4728202322892,641.5102806164848,10.834723177172826,46.42481323932182,2019.3882126376125
64,SPINE_DIAGONAL,3,2.6633686064020505,-287.57750075032186,-10.807214513919682,111.75895880568198,49.96917688303418,5.783358452821946,86.97368563668485,347.34030568583063
65,SPINE_LONGERON,1,2.5,554.6636400457483,-9.51476696378581,273.42922879935384,1218.393136301577,11.782172129568307,42.691618698871416,1759.305367912675
66,SPINE_DIAGONAL,3,2.6633686064020505,-512.1290606839977,-10.133599903545308,45.256003588623486,131.87325856188178,6.751436159438852,74.50266700615695,195.04313402089488
67,SPINE_LONGERON,1,2.5,662.8928513660844,1.2642034462639513,-804.6383351878757,866.6674941959479,11.205722185574729,44.88778069543063,1472.067042671377
68,SPINE_DIAGONAL,3,2.6633686064020505,-462.3309522051884,-10.772974127053116,-83.04299418912463,100.74545092650668,6.309443220017855,79.72177297739064,216.05141629075428
69,SPINE_LONGERON,1,2.5,-24.269405521254612,-6.354307872611386,-712.0755465934336,262.5835093024868,7.05336427692272,71.31348676343306,40207.93663297045
70,SPINE_DIAGONAL,3,2.6633686064020505,-457.4267512967883,-8.353309857831144,-69.88937132605028,45.947347975283726,4.194897114990068,119.90758919988217,218.36776431594174
71,SPINE_LONGERON,1,2.5,483.2269066498302,-18.662605101699207,-953.4728202322834,-641.5102806164793,10.834723177172675,46.42481323932247,2019.3882126385759
72,SPINE_DIAGONAL,3,2.6633686064020505,-287.57750075045783,-10.807214513919682,-111.75895880568136,-49.96917688303347,5.783358452822032,86.97368563668356,347.3403056856664
73,SPINE_FRAME,2,0.9184401633029775,1114.0900849106984,-1.2926132524483833,3.5390501826065126,104.42599277934404,2.7122266571472453,185.45647675665197,2252.8924851158026
74,SPINE_FRAME,2,0.9184401633029775,995.2006557065724,11.2122157467266,9.517624142961111,99.60812990465121,2.5649979241015237,196.10152323074203,2522.0292668068455
75,SPINE_FRAME,2,0.9184401633029775,959.6710036120476,-16.567746940739752,-63.35237337238376,73.9626496538508,2.500870215127958,201.1299894561957,2615.4017059913067
76,SPINE_FRAME,2,0.9184401633029775,966.3420311140108,-10.282191053320055,12.20448210795927,-92.65069691226822,2.415655734211917,208.22503508104336,2597.346590775801
77,SPINE_FRAME,2,0.9184401633029775,1114.0900849107275,-1.2926132524481275,-3.539050182605976,-104.4259927793486,2.712226657147353,185.45647675664463,2252.892485115744
78,SPINE_FRAME,2,0.9184401633029775,995.2006557065833,11.212215746726628,-9.517624142961118,-99.60812990465251,2.564997924101556,196.10152323073953,2522.0292668068178
79,SPINE_FRAME,2,0.9184401633029775,959.6710036120548,-16.56774694073981,63.352373372383305,-73.96264965384805,2.500870215127914,201.12998945619918,2615.401705991287
80,SPINE_FRAME,2,0.9184401633029775,966.3420311139889,-10.282191053320389,-12.204482107959741,92.65069691226284,2.4156557342118,208.22503508105348,2597.3465907758596
81,SPINE_LONGERON,1,2.5,168.25821259280383,-0.19408374310691912,41.43178720616365,267.16398124319954,2.567517053754947,195.9091174348274,5799.554769311767
82,SPINE_DIAGONAL,3,2.6633686064020505,109.12372617972937,-3.0487233216264027,1.5198415982390756,28.034436311043176,1.3679229723790487,367.7107630740335,915.3578283650916
83,SPINE_LONGERON,1,2.5,196.83084315235055,-6.247773950334309,-190.38064617043887,183.8439780631415,2.524946230725605,199.21216296770433,4957.671794166753
84,SPINE_DIAGONAL,3,2.6633686064020505,-89.65891049065206,-3.6557210151678596,-22.972807967942405,15.428726642790602,1.3342701922858076,376.985113591037,1114.0806471142469
85,SPINE_LONGERON,1,2.5,-181.6502832285305,-1.688457383848963,-205.43481091652512,35.674444586757176,1.9980793322836827,251.74175613192583,5371.985674752877
86,SPINE_DIAGONAL,3,2.6633686064020505,-230.97476524682082,-1.870788556800365,-21.77391070232817,0.6321658990341015,1.1949357647818224,420.9431291830489,432.4596105217119
87,SPINE_LONGERON,1,2.5,-84.52148798126973,5.856722237447588,-201.77349528206906,-152.88219515564253,2.3794204221217523,211.39601699789984,11545.26195202236
88,SPINE_DIAGONAL,3,2.6633686064020505,96.24224430114104,-1.2259296478286834,-21.191375424892453,-18.79937062074002,1.3630379198059799,369.0286181264854,1037.8733137855527
89,SPINE_LONGERON,1,2.5,168.25821259281338,-0.19408374310705767,-41.431787206160195,-267.1639812432062,2.5675170537550063,195.9091174348229,5799.554769311438
90,SPINE_DIAGONAL,3,2.6633686064020505,109.12372617962345,-3.048723321626308,-1.5198415982387807,-28.034436311043862,1.3679229723789805,367.7107630740518,915.3578283659801
91,SPINE_LONGERON,1,2.5,196.83084315200313,-6.247773950334299,190.38064617044031,-183.84397806314718,2.524946230725532,199.2121629677101,4957.671794175504
92,SPINE_DIAGONAL,3,2.6633686064020505,-89.6589104907647,-3.655721015167883,22.972807967942533,-15.428726642791217,1.3342701922859315,376.98511359100206,1114.0806471128471
93,SPINE_LONGERON,1,2.5,-181.650283229033,-1.6884573838488848,205.43481091652538,-35.674444586764615,1.99807933228387,251.74175613190224,5371.985674738016
94,SPINE_DIAGONAL,3,2.6633686064020505,-230.97476524687642,-1.8707885568004075,21.77391070232822,-0.6321658990348844,1.1949357647818772,420.9431291830296,432.45961052160783
95,SPINE_LONGERON,1,2.5,-84.52148798163444,5.856722237446903,201.77349528207122,152.88219515563372,2.379420422121845,211.3960169978916,11545.261951972543
96,SPINE_DIAGONAL,3,2.6633686064020505,96.24224430117377,-1.2259296478286854,21.19137542489259,18.799370620739097,1.3630379198059872,369.0286181264834,1037.8733137851998
97,SPINE_FRAME,2,0.9184401633029775,249.6939829772,-0.30353143669809235,-7.319100046564998,17.67483050059236,0.52189795006227,963.7899515412636,10052.005058794406
98,SPINE_FRAME,2,0.9184401633029775,161.7770746169772,0.8497137772631369,7.040944580845039,11.830348411495436,0.3659435269413336,1374.5290269354557,15514.714838179812
99,SPINE_FRAME,2,0.9184401633029775,-195.17757087200152,0.775920054463402,-12.181518341911357,-15.05249953211679,0.49656269514410634,1012.9637302979949,12859.70088070909
100,SPINE_FRAME,2,0.9184401633029775,247.64880766737042,0.015498364756869165,14.66556505045195,-8.25666858488611,0.4746095308117586,1059.8185821082925,10135.01822875136
101,SPINE_FRAME,2,0.9184401633029775,249.69398297719817,-0.30353143669824867,7.319100046565758,-17.674830500596336,0.5218979500623484,963.7899515411187,10052.005058794479
102,SPINE_FRAME,2,0.9184401633029775,161.77707461697537,0.8497137772631334,-7.040944580844995,-11.83034841149625,0.36594352694134624,1374.5290269354082,15514.714838179987
103,SPINE_FRAME,2,0.9184401633029775,-195.1775708719979,0.775920054463235,12.18151834191081,15.052499532120176,0.4965626951441502,1012.9637302979055,12859.70088070933
104,SPINE_FRAME,2,0.9184401633029775,247.6488076673595,0.01549836475710542,-14.665565050451459,8.256668584881172,0.4746095308116954,1059.8185821084337,10135.018228751807
105,SPINE_LONGERON,1,2.5,44.58841841352205,0.3086736794994245,-1.9910738233751601,-60.59191868843092,0.5781046238324883,870.0847204186164,21885.116226112586
106,SPINE_DIAGONAL,3,2.6633686064020505,29.270075438631466,-0.2390884195860561,-0.7685710678250581,-6.815630843867263,0.33546724683987017,1499.4012224391577,3412.60675014011
107,SPINE_LONGERON,1,2.5,-34.69750824127277,-2.666961187334895,45.20030970354274,-40.199564699367386,0.5738454924829133,876.5425651835667,28123.711723994205
108,SPINE_DIAGONAL,3,2.6633686064020505,23.557100789587366,-0.9754219677196907,4.1336442122594095,-4.567923210518239,0.3010746272285679,1670.6821316368705,4240.218603773849
109,SPINE_LONGERON,1,2.5,-40.91587986257764,-1.0455122711139175,51.71157954548474,-1.5843322130740205,0.49439682159576603,1017.4013626876998,23849.486375361383
110,SPINE_DIAGONAL,3,2.6633686064020505,-39.83572148704502,-0.8852643908615843,5.048310432332041,-1.2470754607729742,0.2727504477027251,1844.1766245906492,2507.4795507712424
111,SPINE_LONGERON,1,2.5,49.80565750133019,2.1658367534401997,40.53572505223018,40.03832102327458,0.5463020280666003,920.7361022988526,19592.60791391835
112,SPINE_DIAGONAL,3,2.6633686064020505,-30.223117124008922,-0.16937888121853661,5.07021075189245,3.8307844985279065,0.31363151343297924,1603.7929176638286,3304.995199837763
113,SPINE_LONGERON,1,2.5,44.58841841334288,0.30867367949952396,1.9910738233813134,60.59191868843638,0.5781046238324791,870.0847204186302,21885.116226200527
114,SPINE_DIAGONAL,3,2.6633686064020505,29.27007543871946,-0.23908841958602123,0.768571067825607,6.815630843867914,0.3354672468399834,1499.4012224386518,3412.6067501298508
115,SPINE_LONGERON,1,2.5,-34.69750824167659,-2.666961187334886,-45.20030970353835,40.19956469937431,0.5738454924830645,876.5425651833358,28123.711723666896
116,SPINE_DIAGONAL,3,2.6633686064020505,23.557100789596007,-0.9754219677196554,-4.133644212259048,4.567923210518968,0.30107462722858885,1670.6821316367543,4240.218603772294
117,SPINE_LONGERON,1,2.5,-40.915879862972815,-1.0455122711140739,-51.71157954548141,1.584332213079307,0.49439682159587295,1017.4013626874798,23849.48637513104
118,SPINE_DIAGONAL,3,2.6633686064020505,-39.835721487121646,-0.8852643908615929,-5.048310432331622,1.2470754607735328,0.2727504477027834,1844.1766245902552,2507.4795507664194
119,SPINE_LONGERON,1,2.5,49.80565750117785,2.1658367534408214,-40.53572505222508,-40.03832102327039,0.5463020280664871,920.7361022990436,19592.607913978278
120,SPINE_DIAGONAL,3,2.6633686064020505,-30.22311712412761,-0.16937888121844935,-5.070210751891979,-3.8307844985275654,0.3136315134330628,1603.7929176634013,3304.9951998247834
121,SPINE_FRAME,2,0.9184401633029775,43.7289353596625,0.13926793802006854,4.300109229588122,4.328007888376099,0.1465794881000837,3431.585186438598,57397.35393495549
122,SPINE_FRAME,2,0.9184401633029775,53.45579632354202,0.6895344853913681,-0.16194321657534871,4.486165720167804,0.12021569365235868,4184.145885765814,46953.28388423921
123,SPINE_FRAME,2,0.9184401633029775,60.32135499246215,-0.3993603555108014,-6.3021657232477715,2.7785618862869725,0.17165711501700262,2930.260129037925,41609.23076663286
124,SPINE_FRAME,2,0.9184401633029775,-48.06843135419331,0.7460919680013856,5.132357631756403,2.9135785973130623,0.14554225657201447,3456.040959149998,52215.666484784975
125,SPINE_FRAME,2,0.9184401633029775,43.72893535966796,0.13926793802031456,-4.3001092295882835,-4.328007888380661,0.14657948810015398,3431.585186436953,57397.353934948325
126,SPINE_FRAME,2,0.9184401633029775,53.45579632353838,0.6895344853915013,0.16194321657458843,-4.486165720169772,0.12021569365239558,4184.145885764529,46953.2838842424
127,SPINE_FRAME,2,0.9184401633029775,60.32135499245487,-0.3993603555108203,6.302165723248599,-2.7785618862851464,0.17165711501699904,2930.2601290379857,41609.230766637884
128,SPINE_FRAME,2,0.9184401633029775,-48.06843135419331,0.7460919680016271,-5.1323576317558945,-2.9135785973172474,0.1455422565720473,3456.0409591492185,52215.666484784975
129,SPINE_LONGERON,1,2.5,2.1939374518992736,0.327565766145252,0.7912108950194039,13.886900537066229,0.12989461034286237,3872.3700596376557,444781.46743595944
130,SPINE_DIAGONAL,3,2.6633686064020505,10.995080829356809,-0.1886839589195961,-0.0818217918814872,1.4362773936784299,0.07518825438458895,6689.874690096515,9084.722392607202
131,SPINE_LONGERON,1,2.5,0.5290607276092487,-1.288844593497707,-10.06975982536018,9.832608250801073,0.13123258995745676,3832.889377273309,1844443.6874535645
132,SPINE_DIAGONAL,3,2.6633686064020505,-10.98175034222183,-0.35497130056101134,-1.1410486816172964,0.6831817658181443,0.07128417874770683,7056.264220708038,9095.750122359344
133,SPINE_LONGERON,1,2.5,-4.098395270365927,-0.4748726363273654,-12.446376935310283,0.8261544828974792,0.11725987499083916,4289.617399296191,238098.73253912423
134,SPINE_DIAGONAL,3,2.6633686064020505,-12.204886261442567,-0.07739379385140399,-1.3444808894754445,-0.09330340063203124,0.07192639709673086,6993.260058939641,8184.202202239754
135,SPINE_LONGERON,1,2.5,0.7578567845380348,1.1988890729864288,-9.469734700284128,-8.504190365816278,0.11879663414583312,4234.126695732171,1287608.3439871806
136,SPINE_DIAGONAL,3,2.6633686064020505,12.252623566232714,0.09660974461099525,-1.114101648414021,-1.088472877212335,0.08142538429608624,6177.434768633656,8152.315826813251
137,SPINE_LONGERON,1,2.5,2.19393745192383,0.3275657661451703,-0.7912108950160359,-13.886900537071146,0.1298946103429146,3872.3700596360986,444781.4674309811
138,SPINE_DIAGONAL,3,2.6633686064020505,10.995080829255954,-0.1886839589195759,0.0818217918817652,-1.4362773936789863,0.07518825438452158,6689.87469010251,9084.722392690534
139,SPINE_LONGERON,1,2.5,0.529060727389151,-1.2888445934976094,10.069759825362283,-9.832608250805052,0.13123258995742076,3832.8893772743604,1844443.6882208826
140,SPINE_DIAGONAL,3,2.6633686064020505,-10.981750342328525,-0.3549713005610402,1.14104868161749,-0.6831817658185642,0.07128417874782074,7056.264220696762,9095.750122270972
141,SPINE_LONGERON,1,2.5,-4.098395270695619,-0.4748726363274294,12.446376935310637,-0.8261544829028082,0.11725987499095925,4289.617399291798,238098.7325199706
142,SPINE_DIAGONAL,3,2.6633686064020505,-12.20488626149168,-0.07739379385141842,1.3444808894755456,0.09330340063148501,0.07192639709677912,6993.260058934949,8184.20220220682
143,SPINE_LONGERON,1,2.5,0.7578567842865596,1.1988890729864643,9.469734700285997,8.504190365809656,0.1187966341457187,4234.1266957362495,1287608.3444144402
144,SPINE_DIAGONAL,3,2.6633686064020505,12.25262356626888,0.09660974461098837,1.1141016484141053,1.0884728772116379,0.0814253842961005,6177.434768632574,8152.315826789188
145,SPINE_FRAME,2,0.9184401633029775,-13.658839255622297,0.1508458012657265,1.72779848459394,-0.24239360933487575,0.04263098369566365,11798.930176954005,183758.30720785406
146,SPINE_FRAME,2,0.9184401633029775,7.2332413523781725,-0.13562729428330855,1.6531238213936454,0.76769009194755,0.040625145581388876,12381.494091935847,346998.67704706354
147,SPINE_FRAME,2,0.9184401633029775,-10.545710379892625,-0.15911838605753492,-2.103571466586665,-0.8655188107839464,0.05152905738917251,9761.482656302042,238004.37235816583
148,SPINE_FRAME,2,0.9184401633029775,16.252639744099724,0.16697207451488832,2.0280289722169726,-0.6440868875417962,0.051751060077045614,9719.60766119857,154431.8473525834
149,SPINE_FRAME,2,0.9184401633029775,-13.658839255611383,0.15084580126584007,-1.727798484593336,0.24239360933184884,0.04263098369563734,11798.930176961287,183758.3072080009
150,SPINE_FRAME,2,0.9184401633029775,7.2332413523672585,-0.13562729428331577,-1.6531238213951696,-0.7676900919484879,0.040625145581418436,12381.494091926836,346998.6770475871
151,SPINE_FRAME,2,0.9184401633029775,-10.545710379881712,-0.1591183860577533,2.1035714665877165,0.8655188107870444,0.05152905738920976,9761.482656294986,238004.37235841213
152,SPINE_FRAME,2,0.9184401633029775,16.252639744094267,0.1669720745151657,-2.0280289722169904,0.6440868875370711,0.05175106007701457,9719.6076612044,154431.84735263526
153,SPINE_LONGERON,1,2.5,-10.905836549728974,0.03899734409153055,-0.170457454414759,-3.1383896986485054,0.03293302565097986,15273.422045418236,89477.10841519252
154,SPINE_DIAGONAL,3,2.6633686064020505,2.1804330143843345,0.010821888822334591,-0.023201361109369323,-0.37084801084876373,0.018721817995481626,26867.04892235334,45810.74326063994
155,SPINE_LONGERON,1,2.5,-9.416465693178907,-0.6279132210279279,2.364918737769635,-2.036977469149811,0.032609333698769366,15425.031515408808,103629.40312365121
156,SPINE_DIAGONAL,3,2.6633686064020505,-0.6682422105402566,-0.10890470368393212,0.14236845933282716,-0.19720053888031686,0.012302634863118202,40885.550582983866,149477.6226994516
157,SPINE_LONGERON,1,2.5,10.797624633400574,-0.07234554747982713,3.105715218357039,0.23277776355550373,0.03263406612491473,15413.341324818262,90373.83243532386
158,SPINE_DIAGONAL,3,2.6633686064020505,-2.4660914526205033,-0.06723142830070206,0.28176583932586563,-0.03395561467098229,0.015262837507088114,32955.86418753427,40504.279317315006
159,SPINE_LONGERON,1,2.5,9.907289434474478,0.6014520979030813,2.2629037370760514,2.2588692815950893,0.033443490255066835,15040.296217999954,98495.42862075777
160,SPINE_DIAGONAL,3,2.6633686064020505,0.6773011843802124,0.05252289554362388,0.3008956600735342,0.29484724586129296,0.01966650030965279,25576.48753363177,147478.34393703184
161,SPINE_LONGERON,1,2.5,-10.905836549857668,0.038997344091590946,0.17045745441922122,3.138389698651383,0.032933025651053105,15273.422045384266,89477.10841413666
162,SPINE_DIAGONAL,3,2.6633686064020505,2.180433014449136,0.010821888822362125,0.02320136110972637,0.3708480108492105,0.01872181799556263,26867.048922237096,45810.74325927846
163,SPINE_LONGERON,1,2.5,-9.41646569344266,-0.6279132210278995,-2.364918737767141,2.036977469154614,0.032609333698870514,15425.031515360963,103629.40312074857
164,SPINE_DIAGONAL,3,2.6633686064020505,-0.6682422105261594,-0.1089047036839601,-0.14236845933254694,0.19720053888087108,0.01230263486311837,40885.550582983306,149477.62270260497
165,SPINE_LONGERON,1,2.5,10.797624633163196,-0.07234554747994792,-3.1057152183544403,-0.23277776355224944,0.032634066124806675,15413.341324869298,90373.83243731066
166,SPINE_DIAGONAL,3,2.6633686064020505,-2.466091452672572,-0.06723142830070317,-0.28176583932559573,0.03395561467133312,0.01526283750712558,32955.86418745337,40504.279316459804
167,SPINE_LONGERON,1,2.5,9.907289434407176,0.6014520979031595,-2.262903737072314,-2.258869281592503,0.033443490255002914,15040.2962180287,98495.42862142688
168,SPINE_DIAGONAL,3,2.6633686064020505,0.6773011842903998,0.052522895543654746,-0.30089566007316826,-0.2948472458611727,0.019666500309554812,25576.487533759195,147478.343956588
169,SPINE_FRAME,2,0.9184401633029775,3.455122343086259,0.048226697351909514,0.45470757402770445,0.18277062605974237,0.011770454618182252,42734.11829165863,726435.9784711326
170,SPINE_FRAME,2,0.9184401633029775,-3.834077546183835,-0.1042144691600543,0.40272151641583065,-0.09890093265994437,0.010594504051380436,47477.446566690436,654635.9977866221
171,SPINE_FRAME,2,0.9184401633029775,4.6785578609778895,-0.05481475553525296,-0.5590547386620734,0.07536554521539784,0.013935394466205491,36095.13898008539,536474.1133099349
172,SPINE_FRAME,2,0.9184401633029775,-4.194491626714807,0.1101262311787958,0.49010638508697113,0.030492901549934004,0.012319123835553097,40830.825853729766,598386.0270578611
173,SPINE_FRAME,2,0.9184401633029775,3.455122343091716,0.04822669735238164,-0.4547075740281876,-0.18277062606274797,0.011770454618217237,42734.11829153161,726435.9784699852
174,SPINE_FRAME,2,0.9184401633029775,-3.8340775461892918,-0.1042144691599175,-0.4027215164170279,0.09890093265876487,0.010594504051400423,47477.44656660087,654635.9977856905
175,SPINE_FRAME,2,0.9184401633029775,4.678557860990622,-0.05481475553511034,0.5590547386626561,-0.07536554521487204,0.013935394466222502,36095.13898004132,536474.1133084748
176,SPINE_FRAME,2,0.9184401633029775,-4.1944916266966175,0.11012623117855087,-0.49010638508600834,-0.03049290155096429,0.012319123835524718,40830.82585382382,598386.0270604561
177,SPINE_LONGERON,1,1.0,-9.00334148579077,0.09446731872209568,0.07191277195846624,1.198398470789615,0.01426576253362249,35259.24385846858,677403.1625220265
178,SPINE_DIAGONAL,3,1.357767407757308,-1.866827041952547,-0.04332728069522851,-0.016239943479174457,0.05524628644137408,0.0046331742697484244,108564.87814072927,205881.72463132459
179,SPINE_LONGERON,1,1.0,-6.284277285224562,-0.32057872200206816,-0.5820178045727289,0.8116195183154673,0.01172226396538166,42909.799803644244,970500.1416917095
180,SPINE_DIAGONAL,3,1.357767407757308,-1.322906938129563,-0.05043648180571436,-0.01777175328905045,-0.033919600020793084,0.003539393259391304,142114.7533310567,290531.07207148266
181,SPINE_LONGERON,1,1.0,8.8296290267117,-0.11092009484594456,-0.8373530254475188,0.009061919346322611,0.010851483908051116,46353.107488534886,690730.2648038608
182,SPINE_DIAGONAL,3,1.357767407757308,1.8100049625800239,0.008306614733776474,-0.08200851272970233,-0.02191062584621406,0.0054993043728069685,91466.11387564595,212345.0371305774
183,SPINE_LONGERON,1,1.0,6.34145416451247,0.307500740794346,-0.6659572887254512,-0.838909636498272,0.01237632827918476,40642.10229830241,961749.7560528864
184,SPINE_DIAGONAL,3,1.357767407757308,1.3412654149610717,0.01587946218476244,-0.10755418736411393,-0.09430455527950699,0.007694686040813393,65369.788621918706,286554.44828325766
185,SPINE_LONGERON,1,1.0,-9.00334148582624,0.09446731872193226,-0.07191277195806833,-1.198398470794845,0.01426576253368279,35259.24385831955,677403.1625193577
186,SPINE_DIAGONAL,3,1.357767407757308,-1.8668270419766486,-0.04332728069528624,0.016239943479050112,-0.055246286441724024,0.0046331742697826,108564.87813992845,205881.72462866656
187,SPINE_LONGERON,1,1.0,-6.28427728539009,-0.32057872200244475,0.5820178045700004,-0.8116195183174568,0.011722263965438197,42909.799803437294,970500.1416661465
188,SPINE_DIAGONAL,3,1.357767407757308,-1.322906938181859,-0.05043648180576499,0.017771753288652548,0.033919600020670515,0.0035393932594216964,142114.75332983639,290531.07205999765
189,SPINE_LONGERON,1,1.0,8.829629026497969,-0.11092009484542587,0.837353025444352,-0.009061919348823722,0.01085148390794835,46353.10748897386,690730.2648205807
190,SPINE_DIAGONAL,3,1.357767407757308,1.8100049625604697,0.008306614733707196,0.08200851272988796,0.021910625845968923,0.0054993043727939546,91466.11387586241,212345.03713287142
191,SPINE_LONGERON,1,1.0,6.341454164397874,0.3075007407943602,0.6659572887224385,0.8389096364944635,0.012376328279101935,40642.10229857439,961749.7560702661
192,SPINE_DIAGONAL,3,1.357767407757308,1.3412654149633454,0.015879462184750448,0.10755418736362543,0.09430455527909132,0.007694686040786722,65369.78862214528,286554.44828277186
193,SPINE_FRAME,2,0.9184401633029775,-1.0695258873165585,0.03591972754766102,0.247753615659839,-0.030444298083153853,0.005632621847556546,89301.21950547834,2346764.309122749
194,SPINE_FRAME,2,0.9184401633029775,0.9904399325405393,-0.055914871030754106,0.2117898513791303,-0.04498931464636513,0.004985845332723272,100885.60042139556,2534151.8426051605
195,SPINE_FRAME,2,0.9184401633029775,-2.228290406497763,-0.03735516475085292,-0.28785876342781336,0.0019339913391718255,0.007036452590978545,71484.88439258408,1126390.5156699147
196,SPINE_FRAME,2,0.9184401633029775,2.2736756468311796,0.057667511529564855,0.22743693493562134,-0.10251727818148737,0.0063412889703152574,79321.41278447263,1103906.4360545094
197,SPINE_FRAME,2,0.9184401633029775,-1.0695258872801787,0.03591972754824524,-0.247753615658322,0.030444298082294097,0.0056326218475055536,89301.21950628677,2346764.309202574
198,SPINE_FRAME,2,0.9184401633029775,0.9904399325023405,-0.055914871030465996,-0.21178985138138984,0.04498931464596012,0.004985845332743377,100885.60042098875,2534151.842702897
199,SPINE_FRAME,2,0.9184401633029775,-2.228290406463202,-0.037355164751174404,0.2878587634291492,-0.0019339913384186502,0.007036452590986582,71484.88439250243,1126390.5156873849
200,SPINE_FRAME,2,0.9184401633029775,2.2736756468420936,0.057667511529599785,-0.22743693493631412,0.10251727818038603,0.006341288970324866,79321.41278435245,1103906.4360492104
201,SPINE_LONGERON,1,1.5,8.924695048380272,-0.014903336689510382,-0.0739185616365603,-0.15201209288511464,0.004645032983679713,108287.71329876162,303721.15238441335
202,SPINE_DIAGONAL,3,1.7588440333264348,0.9884112909503528,-0.003982566499089124,-0.0006036254824799414,-0.026883108137686573,0.002128750017191061,236288.9000295681,231728.9439426239
203,SPINE_LONGERON,1,1.5,-2.792884021898317,-0.14697275099675977,0.08584107970304444,0.04065545514416158,0.002189842340754915,229696.90129682957,970544.6568923842
204,SPINE_DIAGONAL,3,1.7588440333264348,-2.3018304920396986,-0.017185985929881298,-0.03541435828667794,0.01221248803805075,0.0038717418661860094,129915.68585523943,99504.93984026198
205,SPINE_LONGERON,1,1.5,8.897444769305366,-0.017373442981512,0.1882098768441165,0.10944146178721326,0.005087927358676653,98861.4743373278,304651.36171731976
206,SPINE_DIAGONAL,3,1.7588440333264348,-0.931936473325095,0.008536370535668691,-0.021333512488845408,-0.004217623220739597,0.0018694425685633986,269064.16300691065,245771.5854983945
207,SPINE_LONGERON,1,1.5,2.858193099949858,0.14447009215468398,0.2456304514249723,0.13027856371346047,0.003749869480548518,134138.00203158616,948367.9268629809
208,SPINE_DIAGONAL,3,1.7588440333264348,2.3297985146887186,0.012670060792931537,0.03858444254739446,0.04817299989117707,0.004954286629868486,101528.23959911912,98310.43465296958
209,SPINE_LONGERON,1,1.5,8.924695048450303,-0.014903336689968683,0.0739185616363045,0.15201209288916012,0.004645032983736646,108287.71329743435,303721.1523820301
210,SPINE_DIAGONAL,3,1.7588440333264348,0.988411290958993,-0.003982566499089568,0.0006036254826202736,0.02688310813799566,0.002128750017213028,236288.9000271298,231728.94394059823
211,SPINE_LONGERON,1,1.5,-2.7928840220774873,-0.1469727509969445,-0.08584107970685295,-0.04065545513535085,0.0021898423408051116,229696.90129156437,970544.6568301213
212,SPINE_DIAGONAL,3,1.7588440333264348,-2.30183049203697,-0.017185985929873304,0.03541435828631645,-0.012212488037215863,0.003871741866156292,129915.68585623658,99504.93984037993
213,SPINE_LONGERON,1,1.5,8.897444769105277,-0.01737344298125265,-0.18820987684563106,-0.10944146178454162,0.005087927358607381,98861.47433867381,304651.36172417086
214,SPINE_DIAGONAL,3,1.7588440333264348,-0.9319364733119073,0.008536370535723758,0.021333512488923567,0.00421762322127428,0.0018694425685597483,269064.163007436,245771.58550187238
215,SPINE_LONGERON,1,1.5,2.858193099867094,0.14447009215474083,-0.24563045142411966,-0.13027856371019197,0.0037498694805013846,134138.00203327218,948367.9268904426
216,SPINE_DIAGONAL,3,1.7588440333264348,2.3297985146778046,0.012670060792907556,-0.03858444254740867,-0.048172999890924384,0.004954286629849922,101528.23959949955,98310.4346534301
217,SPINE_FRAME,2,0.9184401633029775,0.7258011947415071,0.017195940996646487,-0.014174623456565172,-0.00399598568562709,0.0007584105742218901,663229.1493510163,3458144.1835890673
218,SPINE_FRAME,2,0.9184401633029775,0.15086136859281396,0.02079280993811658,-0.11655288807520137,-0.09203272611193114,0.0030829600139686284,163154.8893663719,16637295.574401246
219,SPINE_FRAME,2,0.9184401633029775,-0.35998628140623623,-0.018115243268823848,0.006436077843691379,0.016429835561858397,0.0006363635457698305,790428.6839553387,6972280.08309835
220,SPINE_FRAME,2,0.9184401633029775,0.1915172457756853,-0.02074526260245236,-0.11545417618250298,-0.10573882358346509,0.003265616371286176,154029.11512287997,13105478.673064724
221,SPINE_FRAME,2,0.9184401633029775,0.72580119475424,0.017195940996425643,0.014174623457133606,0.003995985686003678,0.0007584105742388279,663229.1493362043,3458144.1835284005
222,SPINE_FRAME,2,0.9184401633029775,0.15086136858917598,0.02079280993843141,0.11655288807555308,0.0920327261122722,0.003082960013976976,163154.88936593017,16637295.574802449
223,SPINE_FRAME,2,0.9184401633029775,-0.35998628140259825,-0.018115243269192057,-0.006436077843630983,-0.01642983556065758,0.0006363635457513672,790428.6839782719,6972280.083168811
224,SPINE_FRAME,2,0.9184401633029775,0.19151724578114226,-0.020745262602180223,0.1154541761818102,0.10573882358304587,0.0032656163712728305,154029.11512350946,13105478.672691304
225,SPINE_LONGERON,1,2.5,-4.310221513729175,0.00401061145284487,-0.0114743079572861,0.15630620094297443,0.002939803038402689,171099.89799632964,226397.34784168744
226,SPINE_DIAGONAL,3,2.6633686064020505,-2.5633637775683837,-0.0018308989462096914,0.0004005113210645561,0.01737703593316997,0.0031539128379866254,159484.43277877706,38967.257746669646
227,SPINE_LONGERON,1,2.5,-3.422081845480079,-0.0274542726131628,0.05145927671041761,0.0800851306446475,0.002074265029513174,242495.5311125566,285154.6992095894
228,SPINE_DIAGONAL,3,2.6633686064020505,-0.002960943343140343,6.968609561952555e-05,0.005259184804480732,0.007105628327328528,0.00040005071729451436,1257340.5777190374,33734943.71325751
229,SPINE_LONGERON,1,2.5,4.309226752428913,-0.0043554664642186935,0.11397054838642874,0.014371850361186489,0.0025510234717408707,197175.76320720502,226449.61042452505
230,SPINE_DIAGONAL,3,2.6633686064020505,2.5570766227776858,0.0014246986215389335,0.012985239875583643,0.0001589341586942794,0.002950268516819291,170492.95585551937,39063.067617613684
231,SPINE_LONGERON,1,2.5,3.4256629485826124,0.027236567288234426,0.047502303245664734,-0.08108850998022632,0.0020640901990777783,243690.90082629965,284856.60555782955
232,SPINE_DIAGONAL,3,2.6633686064020505,0.0056549140226707095,-0.0004760316069518655,0.003696229644762905,-0.008908859161755878,0.00043910461428524057,1145512.8997420492,17663797.64900636
233,SPINE_LONGERON,1,2.5,-4.310221513771921,0.004010611452898161,0.011474307957456631,-0.15630620094621317,0.002939803038447515,171099.8979937207,226397.34783944217
234,SPINE_DIAGONAL,3,2.6633686064020505,-2.5633637775860905,-0.001830898946178161,-0.00040051132113383403,-0.017377035933678453,0.0031539128380258905,159484.43277679157,38967.25774640048
235,SPINE_LONGERON,1,2.5,-3.4220818456578854,-0.027454272613891106,-0.05145927670989181,-0.08008513064937262,0.0020742650296087686,242495.53110138094,285154.6991947732
236,SPINE_DIAGONAL,3,2.6633686064020505,-0.002960943350871048,6.968609563462458e-05,-0.005259184804364381,-0.007105628327754632,0.0004000507173139531,1257340.5776579424,33734943.625179194
237,SPINE_LONGERON,1,2.5,4.309226752217455,-0.0043554664638101315,-0.11397054838726896,-0.014371850365890282,0.002551023471681187,197175.76321181815,226449.61043563715
238,SPINE_DIAGONAL,3,2.6633686064020505,2.5570766227989736,0.001424698621397491,-0.012985239875661359,-0.00015893415910905873,0.002950268516842602,170492.95585417227,39063.06761728848
239,SPINE_LONGERON,1,2.5,3.4256629484530094,0.027236567287879154,-0.04750230324506788,0.08108850997618333,0.002064090198998097,243690.90083570706,284856.6055686065
240,SPINE_DIAGONAL,3,2.6633686064020505,0.0056549140496713335,-0.0004760316069263304,-0.0036962296446994003,0.008908859161383731,0.00043910461429363305,1145512.8997201554,17663797.564666696
241,SPINE_FRAME,2,0.9184401633029775,-0.3229022741816152,-0.0055501493538986655,0.06816907479527146,-0.029640659880008968,0.0016722567022770499,300791.1400893676,7773017.970835474
242,SPINE_FRAME,2,0.9184401633029775,0.14435292702364677,0.0010449763946316758,-0.06303123929207644,-0.058435998642906384,0.001803705220638153,278870.4020172642,17387421.45232831
243,SPINE_FRAME,2,0.9184401633029775,0.37821800090569013,0.005584499462133773,-0.06886258003817503,0.0313154737872523,0.0017291775954401908,290889.7277679295,6636186.469250564
244,SPINE_FRAME,2,0.9184401633029775,-0.1975910769579059,-0.0010712155776484503,-0.06242003131506024,-0.05738293981802656,0.0018098498279909977,277923.6112414637,12702624.119873816
245,SPINE_FRAME,2,0.9184401633029775,-0.32290227419434814,-0.005550149354331672,-0.06816907479504764,0.02964065987855946,0.001672256702268839,300791.1400908445,7773017.970528963
246,SPINE_FRAME,2,0.9184401633029775,0.14435292704183667,0.0010449763943962348,0.06303123928938703,0.05843599864378746,0.0018037052206206431,278870.4020199714,17387421.45013732
247,SPINE_FRAME,2,0.9184401633029775,0.3782180008765863,0.005584499462335496,0.06886258003428836,-0.03131547378691124,0.0017291775953506335,290889.7277829952,6636186.469761219
248,SPINE_FRAME,2,0.9184401633029775,-0.19759107694699196,-0.001071215577811222,0.062420031312051094,0.057382939817301803,0.0018098498279307256,277923.61125071923,12702624.120575445
249,SPINE_LONGERON,1,1.0,-3.5557349361042725,-0.00795806947625266,-0.020840632366628142,-0.04898583939042861,0.001720253320087659,292398.7962275048,1715226.8392712323
250,SPINE_DIAGONAL,3,1.357767407757308,0.741735338378021,0.00536650662102911,0.0010086173385861485,-0.01223791364066562,0.00125570491062708,400571.8188589462,518170.7694095399
251,SPINE_LONGERON,1,1.0,0.13747187197259336,0.0177670911437815,-0.010097374288875471,0.03509721891487061,0.0004119111899290448,1221137.0127785215,44364653.71589844
252,SPINE_DIAGONAL,3,1.357767407757308,-1.1196615040553297,-0.0011229072580354327,-0.014278322565889567,0.002371310914636382,0.0016871059310951434,298143.6972801642,343269.4341937396
253,SPINE_LONGERON,1,1.0,3.5578889377875385,0.00782628883089842,-0.03535775249285866,0.021001633999958358,0.0016086257601416677,312689.2608978872,1714188.4140804587
254,SPINE_DIAGONAL,3,1.357767407757308,-0.7418805531970065,-0.005130786637287166,-0.011967368494989472,0.0012969768923571934,0.0012436095438554558,404467.7869233717,518069.343278124
255,SPINE_LONGERON,1,1.0,0.13658403663248464,0.01766800444305261,0.04345943622303139,0.010186554593133224,0.0004827564978379256,1041933.1531584493,44653036.66599857
256,SPINE_DIAGONAL,3,1.357767407757308,1.1191421620069377,0.0008911778636302436,0.00626803194191794,0.0137857873289855,0.001716519211766531,293034.8792789478,343428.7296408746
257,SPINE_LONGERON,1,1.0,-3.5557349361370143,-0.007958069476075025,0.020840632367026046,0.04898583939310086,0.0017202533201231315,292398.7962214754,1715226.8392554382
258,SPINE_DIAGONAL,3,1.357767407757308,0.7417353383871159,0.005366506621668599,-0.0010086173375114527,0.012237913641163445,0.001255704910657594,400571.8188492122,518170.7694031862
259,SPINE_LONGERON,1,1.0,0.13747187212811696,0.017767091147284475,0.010097374304848472,-0.03509721892447715,0.0004119111901078905,1221137.012248322,44364653.66570817
260,SPINE_DIAGONAL,3,1.357767407757308,-1.1196615040644247,-0.0011229072580496435,0.01427832256570305,-0.0023713109137588617,0.0016871059310888455,298143.69728127716,343269.43419095123
261,SPINE_LONGERON,1,1.0,3.5578889375856306,0.007826288831232375,0.03535775249642281,-0.021001633996775126,0.0016086257600856151,312689.26090878283,1714188.414177738
262,SPINE_DIAGONAL,3,1.357767407757308,-0.7418805532006445,-0.0051307866368972554,0.011967368494346431,-0.0012969768921102798,0.0012436095438268025,404467.7869326908,518069.3432755835
263,SPINE_LONGERON,1,1.0,0.13658403649424145,0.01766800444166705,-0.04345943622070081,-0.010186554589267871,0.00048275649776117693,1041933.153324096,44653036.71119403
264,SPINE_DIAGONAL,3,1.357767407757308,1.1191421620214896,0.0008911778636946366,-0.00626803194172787,-0.01378578732857072,0.0017165192117595432,293034.8792801407,343428.7296364091
265,SPINE_FRAME,2,0.9184401633029775,0.4103170742000657,0.007713581204036386,-0.060362643497693824,-0.011393192378605477,0.0014651863699310878,343301.03686649614,6117038.109931368
266,SPINE_FRAME,2,0.9184401633029775,-0.015973667770595057,0.00365297644851461,-0.06313401099629701,-0.031479058278918615,0.001425020493911366,352977.37972832675,157128920.92683345
267,SPINE_FRAME,2,0.9184401633029775,-0.3881605587903323,-0.00773272605654147,0.06022907357359486,0.011811739139467647,0.001451963561220164,346427.4265790126,6466203.54180058
268,SPINE_FRAME,2,0.9184401633029775,0.03797098926042963,-0.0036582452011732908,-0.06288375898871834,-0.03186211431524555,0.001436156781365798,350240.3125664612,66101126.910933144
269,SPINE_FRAME,2,0.9184401633029775,0.4103170741836948,0.007713581202880579,0.060362643497551716,0.011393192380694472,0.0014651863699251767,343301.03686788114,6117038.110175427
270,SPINE_FRAME,2,0.9184401633029775,-0.015973667774233036,0.0036529764490010816,0.06313401098675087,0.031479058277582794,0.0014250204937306563,352977.3797730885,157128920.89104757
271,SPINE_FRAME,2,0.9184401633029775,-0.38816055879578926,-0.007732726056102594,-0.06022907357611018,-0.011811739142792987,0.0014519635612845337,346427.4265636545,6466203.5417096745
272,SPINE_FRAME,2,0.9184401633029775,0.03797098925861064,-0.003658245200233193,0.06288375898761345,0.031862114319025636,0.0014361567813785533,350240.31256335054,66101126.9140997
273,SPINE_LONGERON,1,1.5,-1.8427756232031243,-0.006940670950143613,0.0019210910765821154,0.03270229479920342,0.0009405537487497186,534791.340387128,1470943.4131008903
274,SPINE_DIAGONAL,3,1.7588440333264348,-0.9306835546426555,0.0002556898975694111,0.0038794055192266086,0.007481643979913244,0.0012399790924377836,405652.00096326484,246102.4517843062
275,SPINE_LONGERON,1,1.5,-0.8874128223505977,-0.01278530467305572,0.02903000690187696,0.011200340035202316,0.0006033513144768968,833676.8113882357,3054518.2540788404
276,SPINE_DIAGONAL,3,1.7588440333264348,-0.28997487762808305,-0.004479238995307,0.0035874664981321303,-0.006038356848881321,0.0006094486510190956,825336.1446594453,789873.6142468804
277,SPINE_LONGERON,1,1.5,1.843461049123107,0.006921164025932569,0.030789341325884678,-0.0018588855979828622,0.0009230522230127804,544931.2481565147,1470396.4947146045
278,SPINE_DIAGONAL,3,1.7588440333264348,0.9312552258102187,-0.00028657735487058744,0.007709346045783327,-0.0030548884913059737,0.0012344480402191388,407469.56016934314,245951.3764699859
279,SPINE_LONGERON,1,1.5,0.886521509256454,0.012769908198801971,0.00975485441017554,-0.030424122632950912,0.0006106574249875422,823702.4220417223,3057589.2817840166
280,SPINE_DIAGONAL,3,1.7588440333264348,0.2904121632764145,0.00450955467925418,-0.006409856338800424,-0.0029531654429693077,0.000611629253619507,822393.6265692664,788684.2687607649
281,SPINE_LONGERON,1,1.5,-1.84277562324678,-0.006940670950651651,-0.0019210910762694766,-0.03270229480654632,0.0009405537488327259,534791.3403399307,1470943.4130660433
282,SPINE_DIAGONAL,3,1.7588440333264348,-0.930683554649022,0.00025568989757429605,-0.0038794055192870047,-0.007481643980863595,0.001239979092482841,405652.0009485245,246102.4517826227
283,SPINE_LONGERON,1,1.5,-0.8874128225324966,-0.012785304670011044,-0.02903000689090618,-0.011200340046940482,0.0006033513144795014,833676.8113846368,3054518.2534527355
284,SPINE_DIAGONAL,3,1.7588440333264348,-0.2899748776344495,-0.004479238995405588,-0.0035874664976169868,0.006038356848312887,0.0006094486509934616,825336.1446941596,789873.6142295386
285,SPINE_LONGERON,1,1.5,1.8434610489157421,0.006921164025399662,-0.030789341316293142,0.0018588855941459315,0.0009230522228503655,544931.2482523976,1470396.4948800046
286,SPINE_DIAGONAL,3,1.7588440333264348,0.9312552258129472,-0.00028657735522807926,-0.007709346045134957,0.0030548884913148555,0.0012344480401948472,407469.5601773613,245951.3764692653
287,SPINE_LONGERON,1,1.5,0.8865215091263963,0.01276990819972923,-0.009754854403411173,0.030424122633206707,0.00061065742492796,823702.4221220916,3057589.2822325826
288,SPINE_DIAGONAL,3,1.7588440333264348,0.29041216328982955,0.00450955467918579,0.006409856338919884,0.002953165443045691,0.0006116292536366814,822393.6265461738,788684.2687243331
289,SPINE_FRAME,2,0.9184401633029775,0.2307258139608166,0.000994723982460784,-0.06348788100754277,-0.022025562136803956,0.0014754757218818693,340906.9986990078,10878389.101548867
290,SPINE_FRAME,2,0.9184401633029775,0.19785026515273785,0.0013824617552712713,-0.07867926049969753,-0.025359163130296736,0.0017674800514315256,284585.95591650833,12685983.403154446
291,SPINE_FRAME,2,0.9184401633029775,-0.2329619502706919,-0.0009947780601838243,0.06348680590232902,0.022004416978482766,0.0014765542448022544,340657.9892141813,10773970.5008518
292,SPINE_FRAME,2,0.9184401633029775,-0.1954042383513297,-0.001376953937457821,-0.07861649433597862,-0.025432868066559422,0.0017653812363384457,284924.29263792664,12844783.722268013
293,SPINE_FRAME,2,0.9184401633029775,0.23072581395535963,0.000994723982567327,0.06348788100836344,0.022025562136917642,0.0014754757218951651,340906.9986959358,10878389.101806156
294,SPINE_FRAME,2,0.9184401633029775,0.1978502651600138,0.001382461755416412,0.07867926050035834,0.02535916313120623,0.0017674800514537942,284585.9559129228,12685983.402687918
295,SPINE_FRAME,2,0.9184401633029775,-0.23296195025795896,-0.0009947780601743358,-0.06348680590211941,-0.022004416977011942,0.0014765542447815738,340657.98921895254,10773970.50144067
296,SPINE_FRAME,2,0.9184401633029775,-0.19540423836224363,-0.0013769539367523265,0.07861649433402462,0.025432868064442005,0.001765381236293972,284924.2926451045,12844783.721550591
297,SPINE_LONGERON,1,2.5,-1.0829008307182448,-0.009583499498209136,-0.005869952599184103,0.02033805877354314,0.0005747272628984566,875197.7372071708,901119.1898996369
298,SPINE_DIAGONAL,3,2.6633686064020505,-0.44503741686003195,-0.0031123020113363875,-0.0022794762060112106,0.0056175421816884175,0.0006949020921333569,723842.9783047345,224446.87398138337
299,SPINE_LONGERON,1,2.5,0.3229162106295007,0.007886176630268693,0.002606821627153977,0.024035441360886978,0.00034158975226832413,1472526.610238839,3021906.882333891
300,SPINE_DIAGONAL,3,2.6633686064020505,0.4372613781031305,-0.0017939361263783482,-0.0029353808934651227,0.002774001912866808,0.000590263064929076,852162.4168716008,228438.32549835907
301,SPINE_LONGERON,1,2.5,1.083078215579917,0.009580752262223768,0.020617271268658484,0.005884384535320919,0.000577290291281582,871312.0722736254,900971.6060035238
302,SPINE_DIAGONAL,3,2.6633686064020505,0.4451746033601012,0.0031093437818141556,0.005743290422199898,0.0020229843090469046,0.0006961909281989532,722502.9508805316,224377.70767930645
303,SPINE_LONGERON,1,2.5,-0.3231035975359191,-0.007887387593964235,0.024224565581285162,-0.0023935567922208634,0.00034317045243394795,1465743.9078232278,3020154.2996127964
304,SPINE_DIAGONAL,3,2.6633686064020505,-0.4371409918517202,0.0017968139541104655,0.0029134796516210315,0.0028111206131611333,0.000590602828103746,851672.1831742438,228501.2361706543
305,SPINE_LONGERON,1,2.5,-1.0829008307473487,-0.009583499498173609,0.0058699525999941216,-0.020338058770500017,0.0005747272628835254,875197.7372299081,901119.1898754186
306,SPINE_DIAGONAL,3,2.6633686064020505,-0.4450374168632152,-0.0031123020112517885,0.0022794762061773,-0.005617542181478363,0.0006949020921298332,723842.9783084048,224446.87397977797
307,SPINE_LONGERON,1,2.5,0.32291621049625974,0.00788617663149438,-0.0026068216275945133,-0.02403544135741953,0.0003415897521940405,1472526.610559061,3021906.883580784
308,SPINE_DIAGONAL,3,2.6633686064020505,0.4372613781479231,-0.001793936126471607,0.002935380893428041,-0.002774001912642987,0.0005902630649625985,852162.4168232044,228438.32547495808
309,SPINE_LONGERON,1,2.5,1.083078215421665,0.009580752262259296,-0.020617271269122807,-0.005884384534823539,0.0005772902912304427,871312.0723508106,900971.6061351676
310,SPINE_DIAGONAL,3,2.6633686064020505,0.44517460329734604,0.0031093437817599767,-0.005743290422268066,-0.002022984308898579,0.000696190928142067,722502.9509395679,224377.7077109364
311,SPINE_LONGERON,1,2.5,-0.3231035976214116,-0.007887387593690676,-0.02422456558151964,0.0023935567914605826,0.00034317045246393276,1465743.9076951572,3020154.29881367
312,SPINE_DIAGONAL,3,2.6633686064020505,-0.43714099181488564,0.001796813954087595,-0.0029134796516911976,-0.0028111206130327915,0.0005906028280680731,851672.1832256855,228501.23618990835
313,SPINE_FRAME,2,0.9184401633029775,0.114318371986883,-0.000191697961806782,-0.048592421085746906,-0.008934822017643285,0.0010541135608642532,477178.1890250963,21955571.413537364
314,SPINE_FRAME,2,0.9184401633029775,0.04404581874041469,0.0038613627248843827,-0.03802148514493098,-0.019336528727713187,0.0008823716938559155,570054.551276365,56984414.226232365
315,SPINE_FRAME,2,0.9184401633029775,-0.11409124932106351,0.0001915991503669283,0.04859133231989432,0.008951866274969689,0.0010540282221420442,477216.82345258316,21999278.603516497
316,SPINE_FRAME,2,0.9184401633029775,-0.04430889156174089,-0.0038610761589725168,-0.03801375871994139,-0.019323415011498923,0.0008822599584274295,570126.7468791902,56646083.69947506
317,SPINE_FRAME,2,0.9184401633029775,0.11431837201598682,-0.00019169796179294585,0.04859242108924278,0.008934822017131694,0.0010541135609474592,477178.1889874304,21955571.407947786
318,SPINE_FRAME,2,0.9184401633029775,0.04404581873131974,0.0038613627248596525,0.03802148514977688,0.019336528728587155,0.0008823716939451568,570054.5512187107,56984414.23799898
319,SPINE_FRAME,2,0.9184401633029775,-0.1140912493228825,0.00019159915020377886,-0.04859133232055868,-0.008951866272738584,0.0010540282221480383,477216.82344986923,21999278.603165757
320,SPINE_FRAME,2,0.9184401633029775,-0.04430889154536999,-0.003861076159053385,0.038013758717049484,0.019323415009395717,0.0008822599583478927,570126.7469305878,56646083.720404215
321,SPINE_LONGERON,1,2.5,0.36402562927014515,0.002791606690166759,0.0011778827644519652,0.005299732141143411,0.00017722448365837731,2838208.2972779106,2680642.902190565
322,SPINE_DIAGONAL,3,2.6633686064020505,0.2673926912877107,-0.0004614709614740864,0.00035102059499081406,0.0012430612053311307,0.0003060023809530647,1643778.0596130434,373560.1617903113
323,SPINE_LONGERON,1,2.5,-0.19389359890328706,0.0075274264012925585,0.010237632599952917,-0.001817426856824511,0.00017415986852150478,2888151.0090132556,5032774.288774758
324,SPINE_DIAGONAL,3,2.6633686064020505,0.132570578437452,0.001950141939795369,0.00044405680628401,0.0011475123795468,0.00019347919230167023,2599762.765267952,753464.744563302
325,SPINE_LONGERON,1,2.5,-0.3640567661022942,-0.002791153546205294,0.005281907561028941,-0.0011768111630203748,0.0001770723162623273,2840647.316403885,2680413.6337471004
326,SPINE_DIAGONAL,3,2.6633686064020505,-0.26741622645778307,0.0004621220500538037,0.0012552968366814632,-0.0002964294265694889,0.00030594260394439094,1644099.2314082114,373527.2849448915
327,SPINE_LONGERON,1,2.5,0.19385740659845396,-0.007527702618986609,-0.0018633738429372215,-0.010281977612400794,0.0001745995510693003,2880877.9685828304,5033713.885070878
328,SPINE_DIAGONAL,3,2.6633686064020505,-0.13259020733164562,-0.0019507618952971928,0.001122084420443148,-0.0005001866241913788,0.00019342617029873682,2600475.4125211816,753353.2002792461
329,SPINE_LONGERON,1,2.5,0.36402562922421566,0.002791606689871884,-0.0011778827634287836,-0.005299732143864734,0.0001772244836647983,2838208.29717508,2680642.9025287847
330,SPINE_DIAGONAL,3,2.6633686064020505,0.2673926913294906,-0.0004614709615029522,-0.00035102059495795146,-0.0012430612058722534,0.0003060023810146869,1643778.0592820223,373560.1617319428
331,SPINE_LONGERON,1,2.5,-0.1938935990151549,0.0075274264001627955,-0.010237632597892343,0.0018174268543660332,0.00017415986853308636,2888151.0088211945,5032774.285871074
332,SPINE_DIAGONAL,3,2.6633686064020505,0.13257057840624498,0.001950141939740746,-0.0004440568061685468,-0.0011475123795545716,0.00019347919227285157,2599762.7656551856,753464.7447406672
333,SPINE_LONGERON,1,2.5,-0.3640567658967484,-0.0027911535458748915,-0.005281907560577365,0.001176811158799751,0.00017707231617924328,2840647.3177367435,2680413.635260457
334,SPINE_DIAGONAL,3,2.6633686064020505,-0.26741622646508745,0.00046212205015305763,-0.0012552968366414952,0.00029642942622576385,0.000305942603946076,1644099.2313991562,373527.28493468877
335,SPINE_LONGERON,1,2.5,0.19385740641200755,-0.0075277026190079255,0.0018633738452678017,0.010281977609309934,0.00017459955098624925,2880877.969953166,5033713.889912157
336,SPINE_DIAGONAL,3,2.6633686064020505,-0.13259020729293525,-0.0019507618953000794,-0.0011220844201256241,0.0005001866239480179,0.00019342617024975295,2600475.4131797347,753353.2004991912
337,SPINE_FRAME,2,0.9184401633029775,0.041684252026243485,-0.0012991781748792606,-0.020620471228834703,-0.00702238410696765,0.0004604803287786488,1092337.649545482,60212791.59470452
338,SPINE_FRAME,2,0.9184401633029775,0.050204943492644816,0.0013303142173789638,-0.022563622480216594,-0.005270259449837056,0.000493011469287227,1020260.2400451534,49993586.39662747
339,SPINE_FRAME,2,0.9184401633029775,-0.04173787368563353,0.001299133998246641,0.020620128773092716,0.007020307311307761,0.00046049003758228866,1092314.6190977364,60135434.75985152
340,SPINE_FRAME,2,0.9184401633029775,-0.050145631374107325,-0.001330226501105228,-0.02256208393792747,-0.0052735689569374244,0.000492963671990144,1020359.1635248462,50052718.67677266
341,SPINE_FRAME,2,0.9184401633029775,0.041684252026243485,-0.001299178174826093,0.020620471231641346,0.00702238410581657,0.00046048032882438724,1092337.6494369826,60212791.59470452
342,SPINE_FRAME,2,0.9184401633029775,0.05020494350355875,0.0013303142174460499,0.022563622480777923,0.005270259450185222,0.0004930114693058531,1020260.2400066078,49993586.38575948
343,SPINE_FRAME,2,0.9184401633029775,-0.04173787368927151,0.0012991339982049103,-0.02062012877565067,-0.007020307309765883,0.00046049003762281337,1092314.619001609,60135434.754609965
344,SPINE_FRAME,2,0.9184401633029775,-0.05014563138320227,-0.0013302265008965511,0.02256208393549386,0.0052735689550758025,0.0004929636719390444,1020359.1636306148,50052718.66769456
345,SPINE_LONGERON,1,2.5,0.12698818718081384,0.0016277899053278588,-0.0005388945427142744,0.0030687626799102315,7.383627342262986e-05,6812369.810714703,7684358.2145875525
346,SPINE_DIAGONAL,3,2.6633686064020505,-0.09322113229450224,-0.0006965739117439362,-0.00036702665033772064,0.000861077076450556,0.00013115991592206464,3835013.132357321,1071508.7294093603
347,SPINE_LONGERON,1,2.5,0.1122510985255758,0.004918959569710779,-0.00046292420178417615,0.003741869345518012,8.360929988584792e-05,6016077.1670944225,8693213.092218716
348,SPINE_DIAGONAL,3,2.6633686064020505,0.06439455533563887,-0.0008043776232244948,-0.00042012953498105077,0.0004944918343845472,9.4107756030905e-05,5344936.711006208,1551175.5069718112
349,SPINE_LONGERON,1,2.5,-0.12699598445578886,-0.0016277024563819964,0.0030730826507026233,0.0005391358419188919,7.387804448579889e-05,6808518.058388627,7683886.4118430605
350,SPINE_DIAGONAL,3,2.6633686064020505,0.09322548364661998,0.0006964270772822356,0.0008781979352261438,0.00032794325442075944,0.00013122407771667952,3833138.009062685,1071458.7161340571
351,SPINE_LONGERON,1,2.5,-0.11225812828934068,-0.00491901691961516,0.003751898626013883,0.0004736673018683746,8.370395582069303e-05,6009273.935362204,8692668.710842265
352,SPINE_DIAGONAL,3,2.6633686064020505,-0.06438972234309404,0.0008045219446242147,0.0005133870936404605,0.000397737388345476,9.412924914579676e-05,5343716.268477862,1551291.9357959793
353,SPINE_LONGERON,1,2.5,0.12698818719991323,0.0016277899055410217,0.0005388945438227211,-0.0030687626783848596,7.383627341743549e-05,6812369.811193951,7684358.2134318035
354,SPINE_DIAGONAL,3,2.6633686064020505,-0.09322113224720852,-0.0006965739117770209,0.000367026650528679,-0.0008610770761983133,0.00013115991587260323,3835013.1338035343,1071508.729952967
355,SPINE_LONGERON,1,2.5,0.11225109840916048,0.004918959570048287,0.0004629242028570957,-0.003741869341610027,8.360929982115292e-05,6016077.1717495285,8693213.101234425
356,SPINE_DIAGONAL,3,2.6633686064020505,0.06439455531699423,-0.0008043776232675715,0.00042012953490977445,-0.0004944918340861193,9.410775600359826e-05,5344936.712557119,1551175.5074209347
357,SPINE_LONGERON,1,2.5,-0.1269959843093602,-0.0016277024562221243,-0.0030730826512186827,-0.000539135839460414,7.387804443668794e-05,6808518.062914636,7683886.42070272
358,SPINE_DIAGONAL,3,2.6633686064020505,0.09322548362683847,0.0006964270772964465,-0.000878197935142877,-0.0003279432541294369,0.00013122407769097268,3833138.0098135984,1071458.7163614098
359,SPINE_LONGERON,1,2.5,-0.11225812837756166,-0.004919016919469499,-0.003751898623917782,-0.0004736672994383184,8.370395582742228e-05,6009273.934879097,8692668.704010904
360,SPINE_DIAGONAL,3,2.6633686064020505,-0.06438972228875173,0.0008045219446131124,-0.0005133870935054574,-0.00039773738811366144,9.412924908769245e-05,5343716.271776442,1551291.9371052068
361,SPINE_FRAME,2,0.9184401633029775,0.02162103597947862,-0.000317991674794411,-0.010398255746132179,-0.001818777229026125,0.00022373286333675035,2248216.88015905,116087183.90828303
362,SPINE_FRAME,2,0.9184401633029775,0.009547349107378977,0.001096160102059597,-0.00832515871760009,-0.002712535698194074,0.00018187822312529025,2765586.728068588,262892364.3419996
363,SPINE_FRAME,2,0.9184401633029775,-0.021608389899483882,0.0003179811329125748,0.010398168566261745,0.001819690079969405,0.00022372729262790694,2248272.859747008,116155122.69598988
364,SPINE_FRAME,2,0.9184401633029775,-0.009561199445670354,-0.00109614480799884,-0.008324827413108693,-0.002711878815070179,0.0001818754796934716,2765628.444514586,262511538.88165367
365,SPINE_FRAME,2,0.9184401633029775,0.0216210359831166,-0.00031799167473538616,0.01039825574559572,0.0018187772264539603,0.00022373286331925932,2248216.8803348118,116087183.88875008
366,SPINE_FRAME,2,0.9184401633029775,0.00954734910010302,0.0010961601019265797,0.00832515871811168,0.0027125356963040304,0.00018187822311906615,2765586.7281632293,262892364.54234776
367,SPINE_FRAME,2,0.9184401633029775,-0.02160838991039782,0.0003179811330205314,-0.010398168566261745,-0.0018196900796496607,0.0002237272926328881,2248272.859696951,116155122.63732241
368,SPINE_FRAME,2,0.9184401633029775,-0.009561199454765301,-0.0010961448077781747,0.008324827413769498,0.002711878813208557,0.00018187547969910855,2765628.4444288695,262511538.63194352
369,SPINE_LONGERON,1,2.5,0.02785097863761621,0.0006460611155922891,0.0001690541269709911,0.0012781559320150264,2.2178682562452475e-05,22679435.470687363,35037286.55338878
370,SPINE_DIAGONAL,3,2.6633686064020505,0.031119731052740462,-0.00010222650198676853,7.819771610240167e-05,0.00026104654991754295,4.1235295036127345e-05,12198287.888065508,3209772.5025225664
371,SPINE_LONGERON,1,2.5,-0.0015433681378453912,0.0025343131432755683,0.0014491000563126022,-0.0009192020792312405,2.6191604662116754e-05,19204627.073786497,632268280.9046191
372,SPINE_DIAGONAL,3,2.6633686064020505,0.030586449673336347,0.000427086187256176,-3.190086615223464e-05,0.0003162322621907965,4.5715906296318576e-05,11002734.950493712,3265735.5817945884
373,SPINE_LONGERON,1,2.5,-0.0278526837996651,-0.0006460433365731433,0.0012769365541957234,-0.00016899244243973044,2.216823836233935e-05,22690120.51289221,35035141.5446077
374,SPINE_DIAGONAL,3,2.6633686064020505,-0.03112079560852976,0.00010225807415542576,0.00026414522684392594,-6.648973792167112e-05,4.123092673877048e-05,12199580.2613628,3209662.705140042
375,SPINE_LONGERON,1,2.5,0.0015414912245432788,-0.0025343283506806813,-0.0009217291763050639,-0.001451509303194598,2.621107060210652e-05,19190364.546176724,633038128.1330943
376,SPINE_DIAGONAL,3,2.6633686064020505,-0.03058740326082443,-0.000427117174943481,0.0003170964638852247,1.7447203594755933e-05,4.5706233803636064e-05,11005063.38284177,3265633.7697982043
377,SPINE_LONGERON,1,2.5,0.027850978564401885,0.0006460611156384743,-0.00016905412451251323,-0.0012781559332457728,2.2178682546120612e-05,22679435.48738797,35037286.64549439
378,SPINE_DIAGONAL,3,2.6633686064020505,0.03111973109707833,-0.0001022265019756663,-7.819771586170532e-05,-0.00026104655005743105,4.123529507982567e-05,12198287.875138605,3209772.49794944
379,SPINE_LONGERON,1,2.5,-0.0015433681592185167,0.002534313143328859,-0.0014491000539251786,0.0009192020780872667,2.619160465174169e-05,19204627.081393864,632268272.1487372
380,SPINE_DIAGONAL,3,2.6633686064020505,0.030586449618937195,0.00042708618725550984,3.190086640181278e-05,-0.00031623226234489543,4.57159062568858e-05,11002734.959984249,3265735.587602822
381,SPINE_LONGERON,1,2.5,-0.0278526837055324,-0.000646043336502089,-0.0012769365526520277,0.00016899244099022326,2.2168238315154e-05,22690120.56118839,35035141.663014695
382,SPINE_DIAGONAL,3,2.6633686064020505,-0.03112079557993752,0.0001022580741476542,-0.000264145226714696,6.648973779554979e-05,4.1230926705424776e-05,12199580.271229265,3209662.7080889205
383,SPINE_LONGERON,1,2.5,0.0015414911122206831,-0.002534328350694892,0.0009217291776622005,0.0014515093007858582,2.6211070570223046e-05,19190364.569520123,633038174.2601755
384,SPINE_DIAGONAL,3,2.6633686064020505,-0.03058740324732412,-0.0004271171749523628,-0.00031709646377642287,-1.7447203850551318e-05,4.570623378816554e-05,11005063.386566736,3265633.7712395517
385,SPINE_FRAME,2,0.9184401633029775,0.00515401972370455,-0.0003361497428035329,-0.00311023199939342,-0.0008279633859586966,6.765134397466339e-05,7435181.187063811,486984007.5492148
386,SPINE_FRAME,2,0.9184401633029775,0.007136362877645297,0.00035753277644615165,-0.0034428035529643353,-0.0002512837870227713,7.34402420058472e-05,6849105.97053795,351709298.2897066
387,SPINE_FRAME,2,0.9184401633029775,-0.005158418034625356,0.00033614727163530465,0.0031101946841047834,0.0008279009741301024,6.765272479714375e-05,7435029.4316783575,486568781.97728866
388,SPINE_FRAME,2,0.9184401633029775,-0.007131830756406998,-0.0003575286626679813,-0.0034427352352395246,-0.00025140876272189416,7.343655635061265e-05,6849449.715459101,351932801.7960193
389,SPINE_FRAME,2,0.9184401633029775,0.005154019727342529,-0.00033614974276984866,0.00311023199876459,0.0008279633848147228,6.765134395859879e-05,7435181.188829383,486984007.2054758
390,SPINE_FRAME,2,0.9184401633029775,0.007136362872188329,0.00035753277646639257,0.003442803553067364,0.0002512837867101325,7.344024200446539e-05,6849105.970666819,351709298.5586484
391,SPINE_FRAME,2,0.9184401633029775,-0.005158418029168388,0.0003361472715880662,-0.003110194684232681,-0.0008279009731992915,6.76527247917489e-05,7435029.432271251,486568782.4920182
392,SPINE_FRAME,2,0.9184401633029775,-0.007131830756406998,-0.0003575286626031507,0.00344273523595362,0.0002514087613079141,7.343655636269107e-05,6849449.714332541,351932801.7960193
393,SPINE_LONGERON,1,1.0,-0.011575768844522827,0.0001182270374826544,0.000282385251409778,0.0008009683573545999,1.190913107482216e-05,42236498.77054623,526867120.2454229
394,SPINE_DIAGONAL,3,1.357767407757308,-0.011366017488398938,-0.00021085936579900988,-0.00023420132676221783,0.0003381313341108694,3.014175486246709e-05,16687814.040526956,33815324.6181328
395,SPINE_LONGERON,1,1.0,0.027762514261667093,0.0013437344785884875,-0.00048236392166245423,0.00022165054838296783,1.807444353078343e-05,27829349.166037515,219680823.51105472
396,SPINE_DIAGONAL,3,1.357767407757308,0.0021715090369980317,-0.00019046778570519507,-0.0003257868054845625,0.0001369748846453689,1.9367511823813803e-05,25971327.890530776,176994690.99005777
397,SPINE_LONGERON,1,1.0,0.011575185543733824,-0.00011821766056385741,0.000801181846715359,-0.00028237610240466893,1.1910759621156825e-05,42230723.816013545,526893670.3171931
398,SPINE_DIAGONAL,3,1.357767407757308,0.01136633220994554,0.00021084007979377262,0.000380576919950637,0.00015617879171081483,3.0144329991172173e-05,16686388.456711581,33814388.30806671
399,SPINE_LONGERON,1,1.0,-0.027763032099755947,-0.00134374178253438,0.00022242476615019768,0.00048318948552150687,1.8082612256830593e-05,27816777.40228019,219676726.00839737
400,SPINE_DIAGONAL,3,1.357767407757308,-0.0021712152984036948,0.00019048712993763317,0.00020371006071329134,0.0002888048752502925,1.936795324447596e-05,25970735.97043422,177018636.1841501
401,SPINE_LONGERON,1,1.0,-0.011575768853617774,0.0001182270375110761,-0.0002823852511824043,-0.000800968356776531,1.1909131072219607e-05,42236498.77977635,526867119.83146954
402,SPINE_DIAGONAL,3,1.357767407757308,-0.011366017463842581,-0.00021085936581233256,0.00023420132664675464,-0.00033813133397941897,3.0141754833228175e-05,16687814.05671492,33815324.69119103
403,SPINE_LONGERON,1,1.0,0.027762514218920842,0.0013437344785742766,0.0004823639206961161,-0.00022165054690503894,1.807444350778114e-05,27829349.201454304,219680823.84929973
404,SPINE_DIAGONAL,3,1.357767407757308,0.002171509033360053,-0.00019046778566433886,0.0003257868054993285,-0.00013697488460273632,1.9367511819974304e-05,25971327.895679444,176994691.286581
405,SPINE_LONGERON,1,1.0,0.011575185615583905,-0.00011821766063491168,-0.0008011818470596913,0.00028237610280257286,1.1910759650103886e-05,42230723.713379,526893667.0466319
406,SPINE_DIAGONAL,3,1.357767407757308,0.01136633219266514,0.00021084007979643715,-0.00038057692007326116,-0.0001561787915687063,3.014432997838717e-05,16686388.463788716,33814388.35947522
407,SPINE_LONGERON,1,1.0,-0.027763032146140176,-0.001343741782633856,-0.00022242476637757136,-0.0004831894850099161,1.808261226737121e-05,27816777.386065386,219676725.64137927
408,SPINE_DIAGONAL,3,1.357767407757308,-0.002171215270209359,0.00019048712993718908,-0.00020371006083230725,-0.0002888048752893724,1.936795322454189e-05,25970735.997164067,177018638.48282722
409,SPINE_FRAME,2,0.9184401633029775,0.004548679306026315,-0.0001168943337646717,-0.002337514689514819,-0.00020056898173237414,4.96091096043873e-05,10139266.840530353,551792072.1982018
410,SPINE_FRAME,2,0.9184401633029775,0.002397188140093931,0.00029330013226862615,-0.0020034245521323157,-1.2083965920339779e-05,4.181647931971493e-05,12028750.583094977,1047028866.0526204
411,SPINE_FRAME,2,0.9184401633029775,-0.004546780528471572,0.0001168933797702697,0.0023375112311860846,0.00020060748667560802,4.9608055600363963e-05,10139482.265785672,552022505.6653582
412,SPINE_FRAME,2,0.9184401633029775,-0.0023992205588001525,-0.00029329930969719336,-0.0020033974348905303,-1.2063151430652397e-05,4.1817052057130074e-05,12028585.834142635,1046141910.8931566
413,SPINE_FRAME,2,0.9184401633029775,0.004548679300569347,-0.00011689433373753935,0.0023375146890245446,0.00020056898105735854,4.960910959040545e-05,10139266.843388008,551792072.8601767
414,SPINE_FRAME,2,0.9184401633029775,0.002397188136455952,0.0002933001322485267,0.0020034245523206096,1.2083965557962983e-05,4.181647932137789e-05,12028750.582616616,1047028867.641594
415,SPINE_FRAME,2,0.9184401633029775,-0.004546780528471572,0.00011689337976454508,-0.0023375112312606916,-0.00020060748664008088,4.960805560178848e-05,10139482.26549451,552022505.6653582
416,SPINE_FRAME,2,0.9184401633029775,-0.00239922056607611,-0.0002932993097357525,0.0020033974354980444,1.2063151032748465e-05,4.181705207325414e-05,12028585.829504583,1046141907.7205913
417,SPINE_LONGERON,1,1.5,-0.011214922010367445,0.0002583116846928135,-4.2659054884097714e-05,0.00030637589388976105,7.047618453917935e-06,71371627.63406561,241697504.65208212
418,SPINE_DIAGONAL,3,1.7588440333264348,0.0028826617128743237,7.973392387894407e-05,3.210565186684278e-05,4.419736793437323e-05,5.989224547325365e-06,83984161.22578456,79455561.36883986
419,SPINE_LONGERON,1,1.5,-0.01415103736326273,-0.0007375407775995768,-0.00025958095912415047,0.00018227096876444193,9.812767996704425e-06,51259746.50261071,191549113.6932841
420,SPINE_DIAGONAL,3,1.7588440333264348,0.005671936257613197,0.00011999645184657126,-6.960631891317348e-05,0.00010762380129047955,1.1958465336952888e-05,42062253.46037324,40381889.75157391
421,SPINE_LONGERON,1,1.5,0.011214742185984505,-0.0002583105728604096,0.00030634782081223264,4.2658220934299607e-05,7.047308965923574e-06,71374761.97399558,241701380.1851895
422,SPINE_DIAGONAL,3,1.7588440333264348,-0.0028825268334458087,-7.973643866598934e-05,4.751082507548077e-05,-2.6941578699535285e-05,5.988798007550932e-06,83990142.82428564,79459279.25988787
423,SPINE_LONGERON,1,1.5,0.014151241049148666,0.0007375422471156412,0.00018224913108610963,0.0002595558570419598,9.812586279715077e-06,51260695.76986235,191546356.63114464
424,SPINE_DIAGONAL,3,1.7588440333264348,-0.005672051946476131,-0.00011999894620995377,0.00011475189061815882,5.706518010306638e-05,1.1958038324177255e-05,42063755.472585656,40381066.11050846
425,SPINE_LONGERON,1,1.5,-0.011214922046747233,0.0002583116845897848,4.265905522515823e-05,-0.0003063758947087717,7.04761847326275e-06,71371627.43815958,241697503.86804602
426,SPINE_DIAGONAL,3,1.7588440333264348,0.0028826616962760454,7.97339238816086e-05,-3.210565183131564e-05,-4.419736800720386e-05,5.989224535705426e-06,83984161.38872565,79455561.82634255
427,SPINE_LONGERON,1,1.5,-0.014151037346891826,-0.0007375407775249698,0.00025958095878308995,-0.0001822709686791768,9.812767989421298e-06,51259746.54065617,191549113.91488144
428,SPINE_DIAGONAL,3,1.7588440333264348,0.005671936233966335,0.00011999645184745944,6.960631898778047e-05,-0.00010762380135087568,1.1958465320597798e-05,42062253.51790001,40381889.919929996
429,SPINE_LONGERON,1,1.5,0.011214742239644693,-0.000258310572942122,-0.00030634782136557993,-4.2658221587998923e-05,7.047308989443057e-06,71374761.73579153,241701379.0286991
430,SPINE_DIAGONAL,3,1.7588440333264348,-0.0028825268477703503,-7.973643867620339e-05,-4.7510825049279504e-05,2.694157865690272e-05,5.9887980174087544e-06,83990142.6860342,79459278.86501983
431,SPINE_LONGERON,1,1.5,0.014151241107356327,0.0007375422470659032,-0.00018224913142717014,-0.0002595558584630453,9.81258630550309e-06,51260695.63514645,191546355.84326565
432,SPINE_DIAGONAL,3,1.7588440333264348,-0.0056720519439750205,-0.00011999894623437868,-0.00011475189058796076,-5.706518016701523e-05,1.1958038322477447e-05,42063755.47856492,40381066.12831463
433,SPINE_FRAME,2,0.9184401633029775,-0.0009982443752960535,-0.00010718348005009209,-0.001202274581380891,-5.209884307078028e-06,2.47337695186887e-05,20336568.577625662,2514339416.4309316
434,SPINE_FRAME,2,0.9184401633029775,0.002531180773075903,0.00012182533346583843,-0.0010285438627590793,0.0002197980550207035,2.259296256613739e-05,22263569.840721227,991602499.0136385
435,SPINE_FRAME,2,0.9184401633029775,0.0009980781596823363,0.00010718343294003486,0.0012022779814166995,5.209905793890357e-06,2.47337456972475e-05,20336588.16407967,2514758143.626934
436,SPINE_FRAME,2,0.9184401633029775,-0.0025309609482064843,-0.00012182485852526897,-0.0010285355064958424,0.00021979326114518472,2.259265747611025e-05,22263870.486766696,991688623.9655131
437,SPINE_FRAME,2,0.9184401633029775,-0.0009982443843910005,-0.00010718347991798164,0.0012022745813347058,5.209883148893368e-06,2.4733769522512594e-05,20336568.574481584,2514339393.52293
438,SPINE_FRAME,2,0.9184401633029775,0.0025311807657999452,0.00012182533346292293,0.0010285438632813282,-0.00021979805558913768,2.2592962574691395e-05,22263569.83229193,991602501.8640307
439,SPINE_FRAME,2,0.9184401633029775,0.0009980781596823363,0.00010718343289689645,-0.0012022779816120988,-5.209905282299587e-06,2.4733745701054225e-05,20336588.160949703,2514758143.626934
440,SPINE_FRAME,2,0.9184401633029775,-0.0025309609536634525,-0.00012182485848634509,0.0010285355067587432,-0.00021979326221099882,2.259265748863486e-05,22263870.47442436,991688621.8273476
441,SPINE_LONGERON,1,2.5,0.014472401024704595,6.104319776767397e-05,0.00023984715549829616,-0.0001695880852803199,7.727864182679634e-06,65089135.64078515,67426456.58123523
442,SPINE_DIAGONAL,3,2.6633686064020505,-0.0012858201293965976,1.137107259663317e-05,8.46918156938159e-07,2.7853059871629782e-05,2.4819424095931754e-06,202663848.30518636,77683693.64839427
443,SPINE_LONGERON,1,2.5,0.005057568556821934,0.00035898133140932487,5.6921836119272484e-05,-0.00033911005225206736,5.715994836823608e-06,87998679.90775134,192943053.23893708
444,SPINE_DIAGONAL,3,2.6633686064020505,0.006455474083850277,5.115572588731965e-05,7.129006997930176e-05,-5.5268930660545834e-05,1.022318665683098e-05,49201879.69608312,15473264.35232277
445,SPINE_LONGERON,1,2.5,-0.01447235581554196,-6.104338682533239e-05,-0.00016956489313260203,-0.00023984595857484692,7.727715653206215e-06,65090386.67737552,67426667.2099456
446,SPINE_DIAGONAL,3,2.6633686064020505,0.001285788901441265,-1.1370844305913508e-05,2.7788212280999147e-05,-2.092761625327455e-06,2.4819553814299594e-06,202662789.09099504,77685580.35227904
447,SPINE_LONGERON,1,2.5,-0.005057615252098913,-0.00035898143031332097,-0.00033909538690579666,-5.69046488578806e-05,5.715870443909341e-06,88000594.99878651,192941271.85999405
448,SPINE_DIAGONAL,3,2.6633686064020505,-0.006455503187680733,-5.115595705640352e-05,-5.8401709615907293e-05,-6.874409860779807e-05,1.0223112688082873e-05,49202235.69347419,15473194.593041545
449,SPINE_LONGERON,1,2.5,0.014472401004695712,6.104319778899026e-05,-0.00023984715386404787,0.00016958808582451712,7.727864166360778e-06,65089135.77823325,67426456.67445599
450,SPINE_DIAGONAL,3,2.6633686064020505,-0.001285820166231133,1.137107261639514e-05,-8.469180023951139e-07,-2.7853059899607402e-05,2.4819424442967213e-06,202663845.4714566,77683691.42301095
451,SPINE_LONGERON,1,2.5,0.005057568509073462,0.00035898133132405974,-5.692183469818701e-05,0.00033911005287734497,5.715994825334818e-06,87998680.08462316,192943055.0605112
452,SPINE_DIAGONAL,3,2.6633686064020505,0.0064554741043139074,5.115572589220463e-05,-7.129006984918362e-05,5.5268930766239066e-05,1.0223186673762372e-05,49201879.61459616,15473264.303273054
453,SPINE_LONGERON,1,2.5,-0.01447235585328599,-6.104338673651455e-05,0.0001695648939711407,0.00023984595925696794,7.727715675781047e-06,65090386.48722818,67426667.03409627
454,SPINE_DIAGONAL,3,2.6633686064020505,0.0012857889100814646,-1.1370844306135552e-05,-2.778821222859662e-05,2.092761657301878e-06,2.48195538709368e-06,202662788.62852687,77685579.83025017
455,SPINE_LONGERON,1,2.5,-0.005057615268924565,-0.0003589814303772698,0.00033909538800003247,5.690464918473026e-05,5.715870458252284e-06,88000594.77796493,192941271.21811786
456,SPINE_DIAGONAL,3,2.6633686064020505,-0.00645550322087729,-5.115595706683962e-05,5.8401709733146845e-05,6.874409865487152e-05,1.0223112723218753e-05,49202235.524370715,15473194.513472723
457,SPINE_FRAME,2,0.9184401633029775,0.00012686791342275683,-5.403825939582645e-05,-0.0002452656627482952,1.4659509730563514e-06,5.0764603747667936e-06,99084787.99523914,19783766535.779747
458,SPINE_FRAME,2,0.9184401633029775,-2.001611574087292e-05,3.4499339102455835e-05,-0.00024593904496228447,0.0002834539459968255,7.560761030690174e-06,66527694.49507179,125395217160.5438
459,SPINE_FRAME,2,0.9184401633029775,-0.00012684993453149218,5.40383082429829e-05,0.00024526606723185296,-1.4643403787317766e-06,5.076458532425381e-06,99084823.95495538,19786570559.20054
460,SPINE_FRAME,2,0.9184401633029775,1.9991028239019215e-05,-3.4499266207827534e-05,-0.0002459379521546623,0.0002834552921768818,7.560753095911671e-06,66527764.3138469,125552580388.95546
461,SPINE_FRAME,2,0.9184401633029775,0.00012686792069871444,-5.403825947787278e-05,0.00024526566351923407,-1.4659522449278484e-06,5.076460394332324e-06,99084787.61334974,19783765401.167892
462,SPINE_FRAME,2,0.9184401633029775,-2.001611028390471e-05,3.44993390207201e-05,0.0002459390448628085,-0.00028345394746054353,7.56076104836488e-06,66527694.33955075,125395251346.8919
463,SPINE_FRAME,2,0.9184401633029775,-0.00012684992543654516,5.403830832321032e-05,-0.00024526606700092657,1.4643401513581011e-06,5.076458523157055e-06,99084824.13585913,19786571977.8676
464,SPINE_FRAME,2,0.9184401633029775,1.99910209630616e-05,-3.449926620142738e-05,0.00024593795224348014,-0.00028345529283058113,7.560753102922085e-06,66527764.25216163,125552626085.23355
465,SPINE_LONGERON,1,2.0,0.002214640772308485,1.3274614509839466e-05,3.959257017527307e-05,-0.0001496072514627609,2.202025183961011e-06,228426088.70403638,688474184.1656672
466,SPINE_DIAGONAL,3,2.2008026566614283,-0.006218034584833276,-7.927574376509483e-06,1.041943419721747e-05,6.580090325059018e-06,6.3150491298097494e-06,79651003.44597852,23526498.953469854
467,SPINE_LONGERON,1,2.0,0.006345834906824166,0.00014450419589451258,-0.00014336277297388733,-0.00011010695583024699,4.034852929509665e-06,124663775.55454718,240271456.99858263
468,SPINE_DIAGONAL,3,2.2008026566614283,-0.0008147337459263326,1.293933701429495e-05,-2.3263754622249166e-05,1.4321240237702426e-05,2.044648341309802e-06,246008073.7784856,179553854.10775253
469,SPINE_LONGERON,1,2.0,-0.002214632369032188,-1.3274659210082973e-05,-0.0001496129609941672,-3.9592396333887336e-05,2.2020730715693784e-06,228421121.21262208,688476796.5355005
470,SPINE_DIAGONAL,3,2.2008026566614283,0.006218026954059042,7.92764269919033e-06,7.2692151382725e-06,-9.950902576605358e-06,6.315041757659444e-06,79651096.43018858,23526527.825233098
471,SPINE_LONGERON,1,2.0,-0.006345843768485793,-0.0001445042331731372,-0.00011011106005298643,0.00014335874128335035,4.0348497394686184e-06,124663874.11647308,240271121.47119996
472,SPINE_DIAGONAL,3,2.2008026566614283,0.0008147264528588494,-1.2939401992539956e-05,1.5860761700459136e-05,2.2241972077452488e-05,2.0446176158638037e-06,246011770.65937296,179555461.3936953
473,SPINE_LONGERON,1,2.0,0.0022146407914078736,1.3274615145775215e-05,-3.959257003316452e-05,0.00014960725135905906,2.2020251895140423e-06,228426088.12799522,688474178.2281643
474,SPINE_DIAGONAL,3,2.2008026566614283,-0.006218034574828835,-7.927574421806582e-06,-1.0419434110175985e-05,-6.580090210484002e-06,6.315049114599831e-06,79651003.63781951,23526498.99132257
475,SPINE_LONGERON,1,2.0,0.006345834916828608,0.00014450419602596298,0.00014336277303073075,0.00011010695813240545,4.03485294598044e-06,124663775.04565403,240271456.61978585
476,SPINE_DIAGONAL,3,2.2008026566614283,-0.000814733764570974,1.2939337084016955e-05,2.3263754590274743e-05,-1.4321240222159304e-05,2.044648357157988e-06,246008071.871663,179553849.99878177
477,SPINE_LONGERON,1,2.0,-0.0022146323558445147,-1.3274658293482844e-05,0.00014961296061634448,3.959239683126725e-05,2.202073064467942e-06,228421121.94925433,688476800.635236
478,SPINE_DIAGONAL,3,2.2008026566614283,0.00621802698628926,7.927642718730255e-06,-7.269215146266106e-06,9.950903152144974e-06,6.315041808557749e-06,79651095.78821251,23526527.703286838
479,SPINE_LONGERON,1,2.0,-0.006345843783947203,-0.00014450423374867682,0.00011011105985403447,-0.00014335874132598292,4.0348497451246886e-06,124663873.9417187,240271120.88578838
480,SPINE_DIAGONAL,3,2.2008026566614283,0.0008147264448439273,-1.2939401901501668e-05,-1.5860761874542106e-05,-2.2241972107650554e-05,2.0446176132766267e-06,246011770.9706664,179555463.16008332
481,SPINE_FRAME,2,0.9184401633029775,-0.0005367288922570879,-2.6020416610273547e-05,1.2196904901173866e-05,0.00010697715587326684,2.4975993145045245e-06,201393392.87886757,4676337004.111024
482,SPINE_FRAME,2,0.9184401633029775,0.001443291828763904,-3.6110858577076566e-05,0.00014944478580503073,0.00019628497593515704,5.780526771794052e-06,87016291.05056256,1739028192.369761
483,SPINE_FRAME,2,0.9184401633029775,0.0005367202065826859,2.6020404632836875e-05,-1.2196950027743014e-05,-0.0001069771638100292,2.4975948043486216e-06,201393756.55499232,4676412680.674181
484,SPINE_FRAME,2,0.9184401633029775,-0.0014433035084948642,3.611085871940448e-05,0.00014944486775902988,0.00019628526322179596,5.7805387461953975e-06,87016110.79608482,1739014119.528325
485,SPINE_FRAME,2,0.9184401633029775,-0.0005367289104469819,-2.6020416017007208e-05,-1.2196902474670424e-05,-0.00010697715585905598,2.4975993168436983e-06,201393392.6902488,4676336845.628645
486,SPINE_FRAME,2,0.9184401633029775,0.0014432918414968299,-3.611085863192185e-05,-0.0001494447828633838,-0.00019628497393853195,5.780526711709296e-06,87016291.95503941,1739028177.027807
487,SPINE_FRAME,2,0.9184401633029775,0.0005367201829358237,2.6020404391508474e-05,1.2196952262399918e-05,0.00010697716398055945,2.4975947990504293e-06,201393756.98221248,4676412886.707958
488,SPINE_FRAME,2,0.9184401633029775,-0.0014433035084948642,3.611085866549984e-05,-0.0001494448639185464,-0.0001962852637760193,5.780538708504732e-06,87016111.36345325,1739014119.528325
489,RING1_SPOKE,5,10.8,0.06621012222510814,-0.00039115664337504587,0.003775871231099792,0.023653175995799136,0.0005170513702628001,972824.0343785217,274151.4891153148
490,RING1_HUB_LINK,6,0.31326254099077994,0.015547563598374836,-0.005827150050653798,0.04432585953590262,-0.002516987684543892,0.0006538549887173271,769283.7229654534,2243707056.1409206
491,RING1_SPOKE,5,10.800000553501143,0.07067806942003196,0.0017348623548926825,0.04432585953504642,0.00610582978201718,0.0009369289978327821,536860.3182989248,256820.84826205936
492,RING1_HUB_LINK,6,0.31326254099077994,-0.004281070927390829,-0.0020993854738703827,0.0674615131701728,0.0006346373891119583,0.0009785905180181847,514004.5716145524,8148470030.776645
493,RING1_SPOKE,5,10.800000553501143,0.07919802334161696,0.0010552728406934987,0.04261421675114718,0.0019785721460722216,0.0008995485476570458,559169.3759165175,229192.61082667738
494,RING1_SPOKE,5,10.8,0.08339994276721896,0.0005396910704764254,0.0038093493526503153,0.027586745756277564,0.0006047239902950562,831784.4307029672,217645.27648638905
495,RING1_HUB_LINK,6,0.31326254099077994,-0.003972952654294204,-0.008645914253868597,0.06725806532757872,-0.0021271826735755894,0.000981588889053608,512434.48821528937,8780416276.486065
496,RING1_SPOKE,5,10.800000553501143,0.07755706251108907,-0.0006627411336851904,0.04291654886661167,0.008807769971294677,0.0009216060543970823,545786.3450442111,234041.89321097638
497,RING1_HUB_LINK,6,0.31326254099077994,0.01537730574636953,-0.005446278677262606,0.04395984673188025,0.001036017349292706,0.0006471404668395391,777265.5640845912,2268549427.7636538
498,RING1_SPOKE,5,10.800000553501143,0.07008926162115658,-0.0017380330286311727,0.043959846731745245,0.005264458620831969,0.0009271750191715065,542508.145279264,258978.3559154835
499,RING1_SPOKE,5,10.8,0.06621012222029865,-0.00039115664450283097,-0.0037758712310029807,-0.023653176001578013,0.0005170513703745217,972824.0341683194,274151.4891352291
500,RING1_HUB_LINK,6,0.31326254099077994,0.015547563605650794,-0.005827150058078606,-0.04432585953634316,0.0025169876847712658,0.0006538549887376378,769283.7229415573,2243707055.0909095
501,RING1_SPOKE,5,10.800000553501143,0.07067806942888999,0.0017348623542358024,-0.044325859535189416,-0.006105829789443629,0.0009369289978604685,536860.3182830604,256820.8482298722
502,RING1_HUB_LINK,6,0.31326254099077994,-0.004281070920114871,-0.0020993854815138796,-0.06746151317376814,-0.0006346373883161505,0.0009785905180692254,514004.5715877433,8148470044.625498
503,RING1_SPOKE,5,10.800000553501143,0.0791980233523435,0.0010552728410459288,-0.04261421675098642,-0.0019785721538657097,0.0008995485476671349,559169.375910246,229192.61079563567
504,RING1_SPOKE,5,10.8,0.08339994277803431,0.0005396910718280222,-0.003809349352614788,-0.02758674575014436,0.0006047239901794827,831784.430861936,217645.2764581647
505,RING1_HUB_LINK,6,0.31326254099077994,-0.003972952639742289,-0.008645914252193049,-0.067258065330293,0.0021271826720976605,0.0009815888890828141,512434.4882000424,8780416308.646498
506,RING1_SPOKE,5,10.800000553501143,0.07755706251547756,-0.0006627411322036403,-0.042916548866531734,-0.008807769969341017,0.000921606054389744,545786.345048557,234041.89319773336
507,RING1_HUB_LINK,6,0.31326254099077994,0.015377305709989741,-0.00544627867909242,-0.04395984673108444,-0.0010360173477010903,0.0006471404668129099,777265.5641165749,2268549433.1306114
508,RING1_SPOKE,5,10.800000553501143,0.07008926163017692,-0.0017380330273312277,-0.043959846731779884,-0.00526445862275432,0.0009271750191810332,542508.1452736896,258978.35588215353
509,RING1_CIRCUMFERENCE,4,6.211657042450509,-0.14030965317215305,-0.0012280050244121558,0.018090469854559643,-0.021983465741628905,0.00020379428258851282,2468175.228525044,2250857.258491664
510,RING1_CIRCUMFERENCE,4,6.211657301079158,-0.1441165502401418,0.0008610263406812284,0.019681706720493963,-0.014350751586793109,0.00018091474378939028,2780315.1333291074,2191399.76952002
511,RING1_CIRCUMFERENCE,4,6.211657042450509,0.1478391974233091,0.001953485137408277,0.017266223815397552,-0.015112751895797416,0.00017395843840422846,2891495.2595238597,2136219.668283963
512,RING1_CIRCUMFERENCE,4,6.211657042450509,-0.14757452693447703,0.001450987759336891,-0.01968425701364751,0.015536837448537177,0.00018612771054462893,2702445.533382267,2140050.914201549
513,RING1_CIRCUMFERENCE,4,6.211657301079158,0.14399115597916534,0.0009417623413677445,-0.02204532440272189,0.004303895253308987,0.000169881196395358,2960892.7337042494,2193308.143355443
514,RING1_CIRCUMFERENCE,4,6.211657042450509,0.13996254022640642,-0.0017928705560109814,0.01590503391053133,-0.021729865842469387,0.00019486436584310678,2581282.6158528426,2256439.4785070084
515,RING1_CIRCUMFERENCE,4,6.211657042450509,-0.14030965315032518,-0.0012280050224660914,-0.01809046985434648,0.021983465747732467,0.00020379428260882025,2468175.2282790984,2250857.2588418284
516,RING1_CIRCUMFERENCE,4,6.211657301079158,-0.14411655026196968,0.0008610263422232207,-0.019681706720678704,0.014350751591260646,0.00018091474381169064,2780315.1329863938,2191399.769188111
517,RING1_CIRCUMFERENCE,4,6.211657042450509,0.14783919745241292,0.001953485139964439,-0.01726622381555387,0.01511275189229444,0.00017395843840020586,2891495.2595907226,2136219.667863424
518,RING1_CIRCUMFERENCE,4,6.211657042450509,-0.14757452694902895,0.0014509877563276177,0.019684257013810935,-0.015536837444941831,0.00018612771053583044,2702445.5335100153,2140050.913990524
519,RING1_CIRCUMFERENCE,4,6.211657301079158,0.14399115600099321,0.0009417623426939874,0.022045324402771627,-0.004303895252587786,0.0001698811964009919,2960892.7336060554,2193308.143022956
520,RING1_CIRCUMFERENCE,4,6.211657042450509,0.13996254023368238,-0.0017928705547538544,-0.015905033910645017,0.02172986583667491,0.00019486436581806702,2581282.616184533,2256439.4783897074
521,RING2_SPOKE,5,10.8,0.0019265045920557888,-3.824396591312954e-06,0.008488615896878215,0.003290787247929028,0.00018364426984298062,2738990.987467644,9422040.143257935
522,RING2_HUB_LINK,6,0.31326254099077994,0.0009018028285936452,-0.0005378898680688006,0.006765075094691042,0.00010777557019991946,9.855975883350935e-05,5103502.747502512,38682710948.9942
523,RING2_SPOKE,5,10.800000553501143,0.00016359231132434537,0.00019771800057475148,-0.006676193748881509,-0.0005165013055012935,0.00013442093961929598,3741976.5211029286,110956325.48395967
524,RING2_HUB_LINK,6,0.31326254099077994,0.0011705562355928123,-0.0010140718987781561,0.007161983517363524,-0.00029561668031874433,0.00010504634254495083,4788362.810297361,29801368862.732788
525,RING2_SPOKE,5,10.800000553501143,0.000845303625469862,0.00016072530314258307,-0.007161983498215285,-0.0010439819991381882,0.00014564120244715383,3453692.9903645534,21473469.64457624
526,RING2_SPOKE,5,10.8,-0.002943237976573032,5.296954490012959e-06,0.008487904718335493,0.003266173778114889,0.00018401597776588547,2733458.2904531383,6167222.544354116
527,RING2_HUB_LINK,6,0.31326254099077994,-0.000768003570556175,0.0005611355057410679,-0.007070700456807799,-0.00010951059152830567,0.00010292865740297135,4886880.026334428,45421895794.32661
528,RING2_SPOKE,5,10.800000553501143,-0.0011790217446574491,-0.00020249888517633917,-0.006666496384891474,-0.0005393181144947579,0.00013482730004942797,3730698.455102187,15395476.651917951
529,RING2_HUB_LINK,6,0.31326254099077994,-0.0013033673167228699,0.0010341566812163434,-0.0071711746243749985,0.0002910865334797563,0.00010526845175863242,4778259.693163503,26764656213.09625
530,RING2_SPOKE,5,10.800000553501143,-0.001854186665105173,-0.0001536123335386668,-0.007171174616237508,-0.0010633036548136632,0.0001464359772987516,3434948.222961655,9789522.319182321
531,RING2_SPOKE,5,10.8,0.0019265045787149049,-3.824391910588356e-06,-0.008488615897008778,-0.003290787239629278,0.0001836442697778439,2738990.9884391357,9422040.20850478
532,RING2_HUB_LINK,6,0.31326254099077994,0.0009018028722493909,-0.0005378898868226966,-0.0067650751066850034,-0.00010777557076835365,9.855975904337683e-05,5103502.736635407,38682709076.386955
533,RING2_SPOKE,5,10.800000553501143,0.00016359227946849408,0.00019771800429207418,0.006676193748669235,0.0005165013239276095,0.00013442093962756703,3741976.520872681,110956347.09016393
534,RING2_HUB_LINK,6,0.31326254099077994,0.001170556221040897,-0.001014071923054671,-0.007161983502655289,0.00029561668486621784,0.00010504634236654859,4788362.818429531,29801369233.21221
535,RING2_SPOKE,5,10.800000553501143,0.0008453036192124785,0.00016072530416761608,0.0071619835002030285,0.0010439820237768682,0.00014564120255472932,3453692.9878135393,21473469.8035342
536,RING2_SPOKE,5,10.8,-0.00294323797454088,5.296951897335835e-06,-0.008487904717974892,-0.003266173803117167,0.00018401597793805876,2733458.2878955966,6167222.548612261
537,RING2_HUB_LINK,6,0.31326254099077994,-0.0007680035778321326,0.0005611354919177886,0.007070700453922996,0.00010951059778108174,0.00010292865735431707,4886880.028644452,45421895364.005974
538,RING2_SPOKE,5,10.800000553501143,-0.00117902173937523,-0.00020249888910785452,0.006666496384446496,0.0005393181000347136,0.0001348273000160188,3730698.456026626,15395476.720892321
539,RING2_HUB_LINK,6,0.31326254099077994,-0.0013033673094469123,0.0010341566769923854,0.0071711746396943,-0.00029108653654930094,0.00010526845197030326,4778259.683555514,26764656362.508083
540,RING2_SPOKE,5,10.800000553501143,-0.0018541866837961107,-0.0001536123372673432,0.007171174614986953,0.0010633036510440674,0.00014643597727438697,3434948.2235331754,9789522.22050005
541,RING2_CIRCUMFERENCE,4,6.211657042450509,-9.060822776518762e-07,-0.00023120988808069992,-0.002456635988426825,-0.0023937696500517802,1.9953179791255648e-05,25209014.566211473,inf
542,RING2_CIRCUMFERENCE,4,6.211657301079158,0.0007411800470435992,9.960271036289488e-05,-0.004406771114322083,-0.00014278308038040421,2.5812074911581854e-05,19487003.72686058,426100211.7366626
543,RING2_CIRCUMFERENCE,4,6.211657042450509,-0.0011570847418624908,0.00021356998871193387,-0.00722931545716321,-0.002429039072069372,4.4618027727374696e-05,11273470.06625737,272941980.69765985
544,RING2_CIRCUMFERENCE,4,6.211657042450509,0.001958298045792617,0.00023043443569833766,0.002464443787921766,0.0024390416973609774,2.0703562706199038e-05,24295335.403765667,161271161.94468877
545,RING2_CIRCUMFERENCE,4,6.211657301079158,0.0012182429418317042,-0.00010012556593507203,0.004407670964400978,0.0001819577845569853,2.5956155094936243e-05,19378833.196220566,259239733.00876808
546,RING2_CIRCUMFERENCE,4,6.211657042450509,-0.0008009497832972556,-0.00021473837618606766,-0.007220409530845018,-0.0023853967967548684,4.4391667595030746e-05,11330955.272703169,394303123.44785273
547,RING2_CIRCUMFERENCE,4,6.211657042450509,-9.060531738214195e-07,-0.00023120989858791644,0.002456635988639988,0.002393769629281728,1.9953179703241908e-05,25209014.67740877,inf
548,RING2_CIRCUMFERENCE,4,6.211657301079158,0.0007411800470435992,9.96027053531587e-05,0.00440677111550869,0.00014278307835713377,2.5812074917598454e-05,19487003.722318303,426100211.7366626
549,RING2_CIRCUMFERENCE,4,6.211657042450509,-0.0011570847345865332,0.00021356998857164158,0.00722931545691452,0.002429039063575722,4.461802770829465e-05,11273470.071078254,272941982.41396827
550,RING2_CIRCUMFERENCE,4,6.211657042450509,0.001958298023964744,0.0002304344489454351,-0.0024644437879892678,-0.002439041689772381,2.070356267329592e-05,24295335.442377005,161271163.7422734
551,RING2_CIRCUMFERENCE,4,6.211657301079158,0.0012182429418317042,-0.00010012556573822423,-0.0044076709640989975,-0.00018195782179297737,2.5956155102082657e-05,19378833.19088506,259239733.00876808
552,RING2_CIRCUMFERENCE,4,6.211657042450509,-0.000800949776021298,-0.0002147383801246618,0.007220409530841465,0.002385396816551477,4.439166762955647e-05,11330955.26389049,394303127.0297662
553,PROP_BOOM,6,2.0,0.7970389998700966,2.833632016380939,-0.8380174155293858,2630.625066575594,38.06580039484091,13.213960951368096,1073756.6455590683
554,PROP_BOOM,6,2.49988406402537,-0.4881132263899417,-123.09965247600375,1.785218344931863,1600.9293521907555,23.217156268524135,21.66501332817943,1122238.3777369387
555,PROP_BOOM,6,2.0643859294698266,0.7333775533829794,105.47064472661864,-0.5292150148457182,-2265.790890002349,32.81319563242387,15.329198827040427,1095307.4318971168
556,PROP_BOOM,6,2.2425262497819287,-0.7867432971247581,-160.19113545164436,0.14952231993490983,1953.3766202075844,28.33711851524879,17.750569795207838,865241.4295495343
557,PROP_BOOM,6,2.0643859294698266,2.1808699391824575,-27.716847679090726,-0.1650045161126812,-2980.795128242475,43.13482854940673,11.661110451009737,368327.2762739923
558,PROP_BOOM,6,2.7999997108858783,-2.101218210465049,-98.12689747926143,-1.288436276022523,-1352.7263034239547,19.61366878456386,25.64538055194782,207806.10362961687
559,PROP_BOOM,6,2.0,0.797038999871603,2.8336320163808253,0.8380174155299827,-2630.625066575588,38.06580039484082,13.213960951368126,1073756.645557039
560,PROP_BOOM,6,2.49988406402537,-0.4881132263949439,-123.09965247600319,-1.7852183449315042,-1600.9293521907525,23.2171562685241,21.665013328179462,1122238.377725438
561,PROP_BOOM,6,2.0643859294698266,0.7333775533807056,105.47064472661886,0.5292150148461587,2265.7908900023476,32.81319563242384,15.329198827040438,1095307.4319005127
562,PROP_BOOM,6,2.2425262497819287,-0.7867432971297603,-160.1911354516436,-0.14952231993478904,-1953.3766202075824,28.337118515248765,17.750569795207856,865241.429544033
563,PROP_BOOM,6,2.0643859294698266,2.1808699391874597,-27.716847679091202,0.16500451611224065,2980.795128242476,43.134828549406755,11.661110451009732,368327.2762731475
564,PROP_BOOM,6,2.7999997108858783,-2.101218210466868,-98.1268974792617,1.2884362760220966,1352.726303423954,19.61366878456385,25.64538055194783,207806.10362943698
565,DOCK_LINK,7,0.5656854249492369,-0.0010843870140888612,1.1975688142484842e-05,0.0002111929218244768,9.015558276814772e-06,3.5732832274943064e-06,140766899.22861746,9865319205.239735
566,DOCK_LINK,7,0.5656857124746911,-0.0006533716414196533,-6.63657876458501e-05,-0.0002749498438561204,-0.00021914842517389843,5.459531902981113e-06,92132440.82800263,16373243775.671446
567,DOCK_LINK,7,0.5656854249492369,0.001084382534827455,-1.1975667344898966e-05,9.015617933982867e-06,-0.00021119293876381562,3.5732813875856836e-06,140766971.71051955,9865359955.936243
568,DOCK_LINK,7,0.5656857124746911,0.0006533706036861986,6.636582061858576e-05,-0.0002982651668048675,0.00018617558538380763,5.459531674040233e-06,92132444.69149925,16373269780.916758
569,DOCK_LINK,7,0.5656854249492369,-0.0010843870195458294,1.1975688686050034e-05,-0.0002111929172770033,-9.015558731562123e-06,3.573283164947347e-06,140766901.69260955,9865319155.594421
570,DOCK_LINK,7,0.5656857124746911,-0.0006533716132253176,-6.636578803664861e-05,0.000274949846243544,0.00021914842426440373,5.459531909179326e-06,92132440.72340457,16373244482.210762
571,DOCK_LINK,7,0.5656854249492369,0.001084382525732508,-1.1975665561436699e-05,-9.015617422392097e-06,0.00021119294137861289,3.5732814198150615e-06,140766970.4408653,9865360038.679117
572,DOCK_LINK,7,0.5656857124746911,0.0006533706091431668,6.636581942132125e-05,0.00029826516919229107,-0.00018617558703226678,5.45953171574492e-06,92132443.98771091,16373269644.166786
573,DOCK_RING,7,0.612293261803525,-0.0012820651827496476,-5.723119632797559e-05,0.0002067264098002397,9.786735768102517e-05,3.979378288202965e-06,126401654.62307636,7122236029.954766
574,DOCK_RING,7,0.612293261803525,-0.0002209157137258444,9.097144464647289e-05,0.00036453024328864103,0.00023636574880470107,6.491665472811386e-06,77483968.03665896,41333279029.04106
575,DOCK_RING,7,0.612293261803525,0.0012820702941098716,5.723113403141186e-05,-0.00020672620763662053,-9.786711765968903e-05,3.979376455917388e-06,126401712.82413656,7122207635.010966
576,DOCK_RING,7,0.612293261803525,0.0002209106896771118,-9.097150456528171e-05,0.0003645304475057287,0.0002363659553736852,6.491667314138568e-06,77483946.05874026,41334219048.77674
577,DOCK_RING,7,0.612293261803525,-0.00128206517547369,-5.723119670462251e-05,-0.00020672640752650295,-9.786735935790603e-05,3.979378266640995e-06,126401655.30797449,7122236070.374777
578,DOCK_RING,7,0.612293261803525,-0.00022091573191573843,9.097144454280206e-05,-0.00036453024260652,-0.00023636574761098927,6.4916654636232805e-06,77483968.1463274,41333275625.71637
579,DOCK_RING,7,0.612293261803525,0.0012820703013858292,5.723113435988796e-05,0.00020672620735950886,9.786711842707518e-05,3.979376461142844e-06,126401712.65815412,7122207594.591279
580,DOCK_RING,7,0.612293261803525,0.00022091067876317538,-9.097150454047566e-05,-0.0003645304445711872,-0.00023636595730636145,6.49166728892071e-06,77483946.35973829,41334221090.86471
