element_id,group,section_id,length_m,axial_force_N,torsion_Nm,bending_My_Nm,bending_Mz_Nm,screening_von_mises_MPa,yield_factor,member_euler_factor
1,SPINE_FRAME,2,0.9184401633029775,0.0,0.0,0.0,0.0,0.0,inf,inf
2,SPINE_FRAME,2,0.9184401633029775,0.0,0.0,0.0,0.0,0.0,inf,inf
3,SPINE_FRAME,2,0.9184401633029775,0.0,0.0,0.0,0.0,0.0,inf,inf
4,SPINE_FRAME,2,0.9184401633029775,0.0,0.0,0.0,0.0,0.0,inf,inf
5,SPINE_FRAME,2,0.9184401633029775,0.0,0.0,0.0,0.0,0.0,inf,inf
6,SPINE_FRAME,2,0.9184401633029775,0.0,0.0,0.0,0.0,0.0,inf,inf
7,SPINE_FRAME,2,0.9184401633029775,0.0,0.0,0.0,0.0,0.0,inf,inf
8,SPINE_FRAME,2,0.9184401633029775,0.0,0.0,0.0,0.0,0.0,inf,inf
9,SPINE_LONGERON,1,2.5,0.02679290919536968,-3.0008387905957988e-06,0.00011317524403364208,0.001697593707163693,2.5022571126095153e-05,20101851.143323924,36420931.82949723
10,SPINE_DIAGONAL,3,2.6633686064020505,-0.010618431880483567,1.3720884936098596e-05,-0.00016580289845625706,0.00016554452156066995,2.036242338305089e-05,24702364.278442565,9406968.763681052
11,SPINE_LONGERON,1,2.5,-0.027242938625237863,-1.13500896569789e-07,-0.001604260360556649,0.0016445612488531147,3.071059930174857e-05,16378710.003596729,35819290.00913529
12,SPINE_DIAGONAL,3,2.6633686064020505,0.01099427633382874,1.6418531137509047e-05,-0.0001817216682618657,-8.274759109988489e-06,1.835985872644695e-05,27396724.969100125,9085387.158374107
13,SPINE_LONGERON,1,2.5,0.026971655190479234,2.122052097704787e-05,-0.0017684903468581886,8.604060899522795e-05,2.5727225960966754e-05,19551272.28886432,36179563.783794984
14,SPINE_DIAGONAL,3,2.6633686064020505,-0.01138226608995247,1.4283234483062924e-05,-0.00016232070184251767,-0.0001593537882076094,2.076268662350138e-05,24226151.900335092,8775691.609174205
15,SPINE_LONGERON,1,2.5,-0.026694102164534068,1.4612190006345406e-05,-0.001567638749099549,-0.0016262962887094406,3.0163398971394834e-05,16675839.499289028,36555742.28733387
16,SPINE_DIAGONAL,3,2.6633686064020505,0.01112483907142981,1.306850232821445e-05,-4.6597565282045946e-06,-0.00017892387374385108,1.8345122843067686e-05,27418731.63253716,8978759.7265572
17,SPINE_LONGERON,1,2.5,0.026792909072301266,-3.0008387866518046e-06,-0.00011317524550469211,-0.0016975937063179974,2.5022571076774833e-05,20101851.182945337,36420931.99679024
18,SPINE_DIAGONAL,3,2.6633686064020505,-0.010618431906042522,1.372088494733319e-05,0.00016580289830149043,-0.00016554452145036458,2.0362423398282427e-05,24702364.25996466,9406968.741038134
19,SPINE_LONGERON,1,2.5,-0.027242938654117685,-1.1350089917931752e-07,0.0016042603592875666,-0.0016445612476454607,3.071059929544732e-05,16378710.006957335,35819289.97116382
20,SPINE_DIAGONAL,3,2.6633686064020505,0.010994276310560333,1.6418531133633698e-05,0.00018172166808860086,8.2747592380122e-06,1.83598586974114e-05,27396725.0124272,9085387.177602518
21,SPINE_LONGERON,1,2.5,0.026971655272713453,2.1220520969812957e-05,0.0017684903452298735,-8.604060758253136e-05,2.572722597356109e-05,19551272.279293317,36179563.67348666
22,SPINE_DIAGONAL,3,2.6633686064020505,-0.011382266097313383,1.4283234466302832e-05,0.00016232070165620564,0.00015935378832507185,2.0762686628016548e-05,24226151.89506674,8775691.603498964
23,SPINE_LONGERON,1,2.5,-0.026694102019376262,1.4612189998708463e-05,0.001567638747261743,0.0016262962897609827,3.0163398916577796e-05,16675839.529594636,36555742.486117534
24,SPINE_DIAGONAL,3,2.6633686064020505,0.011124839084304053,1.3068502308396001e-05,4.659756360634058e-06,0.00017892387384309223,1.834512285921545e-05,27418731.608402614,8978759.716166513
25,SPINE_FRAME,2,0.9184401633029775,-0.00029631231273716946,-2.159818344857204e-05,-0.0012670641181559282,0.0014422701427302302,3.8665914530316605e-05,13008873.735693362,8470539603.474579
26,SPINE_FRAME,2,0.9184401633029775,0.014863105182242774,1.9363674704265437e-05,0.0015305944586798972,-0.0012806284675862618,4.825105214144025e-05,10424643.1461336,168869502.6552051
27,SPINE_FRAME,2,0.9184401633029775,-0.0003496583728646585,2.2768638583179008e-05,-0.001394483836907995,0.0014932266697939714,4.116867918128836e-05,12218026.179198368,7178221300.620335
28,SPINE_FRAME,2,0.9184401633029775,0.01496012272662173,1.5031772624414953e-05,-0.001501529115384729,0.001271192644767816,4.773649022157597e-05,10537012.62211049,167774370.9662819
29,SPINE_FRAME,2,0.9184401633029775,-0.00029631231173924896,-2.159818339977427e-05,0.001267064118187974,-0.0014422701436621695,3.866591454422013e-05,13008873.731015619,8470539632.001659
30,SPINE_FRAME,2,0.9184401633029775,0.014863105178582924,1.936367462980883e-05,-0.0015305944586142327,0.0012806284663612764,4.825105212263151e-05,10424643.150197227,168869502.69678706
31,SPINE_FRAME,2,0.9184401633029775,-0.0003496583686896648,2.2768638641511036e-05,0.001394483836954966,-0.0014932266706182988,4.1168679191711386e-05,12218026.176105026,7178221386.32979
32,SPINE_FRAME,2,0.9184401633029775,0.014960122724367371,1.5031772618400233e-05,0.0015015291153867645,-0.0012711926446454498,4.773649021877302e-05,10537012.622729195,167774370.99156404
33,SPINE_LONGERON,1,2.5,0.09271471603361181,8.092560782959239e-05,-0.0001145171036665181,-0.00831410059230469,0.00010912305337750738,4609475.124013339,10525003.592360722
34,SPINE_DIAGONAL,3,2.6633686064020505,-0.0543765583881853,6.841573324403194e-05,-0.0006278557660690607,-0.00047460992698825707,8.572944456689615e-05,5867295.682844423,1836954.3785008474
35,SPINE_LONGERON,1,2.5,-0.09082508398462158,-2.4401919287438665e-05,0.005702921189719665,-0.005474297818797697,0.00010466690560195987,4805721.513473132,10743978.166688995
36,SPINE_DIAGONAL,3,2.6633686064020505,0.052650436172429566,7.88522132627243e-05,-4.4473114299470834e-05,-0.0009047578695468801,8.948243193294947e-05,5621215.127198437,1897178.148569451
37,SPINE_LONGERON,1,2.5,0.0925055122144205,4.948875060026343e-06,0.008732951052305427,1.0716952054627013e-05,0.0001129297096786994,4454098.052949081,10548806.184182715
38,SPINE_DIAGONAL,3,2.6633686064020505,-0.05403919380504543,7.427366111594934e-05,0.0004850648438233321,-0.0006683476934870158,8.71659504134915e-05,5770601.910653244,1848422.4131718613
39,SPINE_LONGERON,1,2.5,-0.09240241512258138,-0.0001032192933719008,0.004909250155721787,0.005716210160945195,0.00010177744246775476,4942156.020076462,10560575.911613768
40,SPINE_DIAGONAL,3,2.6633686064020505,0.05401529010987305,7.411979362602026e-05,0.0009765815493436424,-6.302796803026836e-05,9.400715321314356e-05,5350656.655451974,1849240.406110979
41,SPINE_LONGERON,1,2.5,0.09271471590552437,8.092560782136731e-05,0.00011451710555436206,0.008314100591462833,0.0001091230533258106,4609475.126197066,10525003.606901249
42,SPINE_DIAGONAL,3,2.6633686064020505,-0.05437655839366971,6.841573323559728e-05,0.0006278557662472057,0.0004746099268891081,8.572944457565635e-05,5867295.682244877,1836954.3783155726
43,SPINE_LONGERON,1,2.5,-0.09082508405070781,-2.4401919287790858e-05,-0.005702921187750161,0.005474297818468178,0.00010466690560941912,4805721.513130644,10743978.158871451
44,SPINE_DIAGONAL,3,2.6633686064020505,0.052650436187422496,7.885221325662255e-05,4.447311450155345e-05,0.0009047578694867644,8.948243194455514e-05,5621215.126469378,1897178.1480292035
45,SPINE_LONGERON,1,2.5,0.09250551224904677,4.948875067022479e-06,-0.008732951050867313,-1.0716952321557594e-05,0.00011292970967728184,4454098.053004992,10548806.18023413
46,SPINE_DIAGONAL,3,2.6633686064020505,-0.05403919377834662,7.427366111564735e-05,-0.00048506484364932195,0.0006683476934502974,8.716595038287393e-05,5770601.912680203,1848422.4140851
47,SPINE_LONGERON,1,2.5,-0.09240241500756557,-0.00010321929336102214,-0.004909250154314392,-0.00571621016172847,0.00010177744242513769,4942156.022145881,10560575.924758803
48,SPINE_DIAGONAL,3,2.6633686064020505,0.054015290132643806,7.411979363180983e-05,-0.0009765815491988618,6.302796795666726e-05,9.400715322750754e-05,5350656.654634411,1849240.4053314107
49,SPINE_FRAME,2,0.9184401633029775,-0.002576056205386437,-0.00018393617173397513,-0.00470842879911923,0.006341985082445712,0.00015986170937379193,3146469.545273503,974328578.2310103
50,SPINE_FRAME,2,0.9184401633029775,0.061540953241447524,-0.0001263051811457496,0.0051373754586461155,-0.006191592861646976,0.00019542519648759165,2573874.858720879,40784632.79874769
51,SPINE_FRAME,2,0.9184401633029775,-0.0011096932768297624,-2.0622963271790546e-05,-0.005851438336542648,0.0066629536406232264,0.0001784481774959815,2818745.515130448,2261818857.917065
52,SPINE_FRAME,2,0.9184401633029775,0.058046995706843144,-0.00015488632963169251,-0.005036021331173159,0.005822580705277451,0.00018653742858166665,2696509.777284643,43239536.33558066
53,SPINE_FRAME,2,0.9184401633029775,-0.002576056201517171,-0.00018393617178514622,0.004708428799147429,-0.006341985083411662,0.00015986170938755563,3146469.5450025997,974328579.694463
54,SPINE_FRAME,2,0.9184401633029775,0.0615409532388423,-0.00012630518109102082,-0.005137375458600613,0.006191592860618137,0.00019542519646967863,2573874.858956805,40784632.800474234
55,SPINE_FRAME,2,0.9184401633029775,-0.0011096932770353202,-2.0622963286323192e-05,0.005851438336569917,-0.006662953641208536,0.00017844817750527634,2818745.514983628,2261818857.4980893
56,SPINE_FRAME,2,0.9184401633029775,0.05804699570971032,-0.00015488632965299947,0.005036021331172575,-0.005822580705676829,0.0001865374285893085,2696509.7771741757,43239536.333444886
57,SPINE_LONGERON,1,2.5,0.38132223940272936,0.0002525776459490846,0.0014292546084989832,0.032360125384104134,0.0004320377668339852,1164250.0693539663,2559050.11165075
58,SPINE_DIAGONAL,3,2.6633686064020505,-0.23409637017223228,0.00033015834481492113,-0.0032861072691579155,0.0028457057498088244,0.000412180688337239,1220338.5899255287,426692.8912460013
59,SPINE_LONGERON,1,2.5,-0.3840417946047337,0.0001477954142207118,-0.02779076199744897,0.02781755930779446,0.0004972919546039242,1011478.258080049,2540928.4432774093
60,SPINE_DIAGONAL,3,2.6633686064020505,0.2355758270450366,0.0003797643707985043,-0.0032679270524370303,-0.0006620021907331466,0.00036813228915093976,1366356.6463026623,424013.1862081412
61,SPINE_LONGERON,1,2.5,0.38159779096662766,0.0003162741769762642,-0.03230088991711956,0.0015419101302033625,0.00043163414426200894,1165338.7635957522,2557202.222912785
62,SPINE_DIAGONAL,3,2.6633686064020505,-0.2327072865062976,0.00033902766810720204,-0.0029859123444527613,-0.003150686370549294,0.00041062747523423716,1224954.564263071,429239.9198951632
63,SPINE_LONGERON,1,2.5,-0.38458747369178903,0.00021873978848334802,-0.027978753192600212,-0.027664908015341615,0.0004977193474816703,1010609.6991106502,2537323.1997163263
64,SPINE_DIAGONAL,3,2.6633686064020505,0.2356511261279006,0.0003842119781860894,0.00048304568033576107,-0.0032780934821026514,0.00036727425696561356,1369548.7512676225,423877.6986143905
65,SPINE_LONGERON,1,2.5,0.3813222393144965,0.0002525776459565168,-0.0014292546095503158,-0.03236012538360074,0.0004320377667993529,1164250.0694472932,2559050.11224288
66,SPINE_DIAGONAL,3,2.6633686064020505,-0.23409637019814244,0.00033015834482046146,0.003286107269046618,-0.002845705749742522,0.00041218068835548004,1220338.5898715225,426692.8911987743
67,SPINE_LONGERON,1,2.5,-0.3840417946214493,0.00014779541422303458,0.027790761996604865,-0.027817559306864692,0.0004972919545980394,1011478.2580920184,2540928.4431668143
68,SPINE_DIAGONAL,3,2.6633686064020505,0.23557582701927557,0.0003797643707977025,0.003267927052317237,0.0006620021908302177,0.0003681322891227136,1366356.6464074263,424013.18625450856
69,SPINE_LONGERON,1,2.5,0.3815977910312111,0.0003162741769718556,0.03230088991584253,-0.0015419101290737463,0.0004316341442719167,1165338.763569003,2557202.222479992
70,SPINE_DIAGONAL,3,2.6633686064020505,-0.23270728651680994,0.00033902766810072556,0.002985912344304676,0.003150686370642931,0.0004106274752424286,1224954.564238635,429239.91987577267
71,SPINE_LONGERON,1,2.5,-0.38458747358368034,0.00021873978847430093,0.027978753191134208,0.027664908016042877,0.000497719347439328,1010609.6991966253,2537323.2004295755
72,SPINE_DIAGONAL,3,2.6633686064020505,0.23565112613880063,0.00038421197817755303,-0.00048304568047279143,0.003278093482164966,0.0003672742569793431,1369548.7512164258,423877.6985947841
73,SPINE_FRAME,2,0.9184401633029775,-0.00993747679516399,5.265846191794023e-05,-0.022870899968114457,0.027520145554148875,0.0007231087802260003,695607.650957844,252571677.07388034
74,SPINE_FRAME,2,0.9184401633029775,0.2630062227706534,0.00029885452981523106,0.02761417562191995,-0.024859934975108147,0.0008907460214584392,564695.1969276567,9543215.949783983
75,SPINE_FRAME,2,0.9184401633029775,-0.009593323772779105,6.313067884753092e-05,-0.022964370100177885,0.027475108522044198,0.0007234248077723727,695303.7753140893,261632489.3734129
76,SPINE_FRAME,2,0.9184401633029775,0.26359817891098425,0.00029136689482817633,-0.02759035370346293,0.024866260974634312,0.0008908029149623466,564659.1311628806,9521784.9774483
77,SPINE_FRAME,2,0.9184401633029775,-0.009937476795023104,5.265846195051226e-05,0.022870899968135718,-0.027520145554979343,0.0007231087802390041,695607.6509453348,252571677.07746112
78,SPINE_FRAME,2,0.9184401633029775,0.2630062227682462,0.0002988545297582931,-0.027614175621869658,0.024859934973982548,0.0008907460214412486,564695.1969385548,9543215.949871328
79,SPINE_FRAME,2,0.9184401633029775,-0.009593323769515605,6.31306788971631e-05,0.022964370100212034,-0.02747510852284843,0.0007234248077833815,695303.7753035083,261632489.46241623
80,SPINE_FRAME,2,0.9184401633029775,0.26359817890878107,0.0002913668948168278,0.0275903537034568,-0.024866260974500846,0.0008908029149592428,564659.131164848,9521784.977527883
81,SPINE_LONGERON,1,2.5,1.6001861184003505,0.0023520328936650074,0.004143736502445012,-0.16351198958366925,0.0020695991934200964,243042.2284658761,609818.2630742755
82,SPINE_DIAGONAL,3,2.6633686064020505,-0.9738673148584089,0.0014037940041401545,-0.012394841990529312,-0.008873319016023985,0.0015871677277637126,316916.72606569243,102567.62445457638
83,SPINE_LONGERON,1,2.5,-1.5975921515449505,-0.0009132865665548593,0.10900943475814416,-0.09678732045051212,0.0019035207933883298,264247.17909418966,610808.4083755668
84,SPINE_DIAGONAL,3,2.6633686064020505,0.9741519566642226,0.0016688415462401893,-0.0003072172056380239,-0.017712150412758934,0.001698794739638955,296092.2754604848,102537.65476284293
85,SPINE_LONGERON,1,2.5,1.6000770264108164,0.0023441862794867196,0.16348670863868747,0.004129369813649899,0.0020693230839468565,243074.65755449806,609859.8400024326
86,SPINE_DIAGONAL,3,2.6633686064020505,-0.973731256721249,0.0014023136903239452,0.009415627863743267,-0.011988367346270606,0.0015870503848247665,316940.15817622485,102581.95608850502
87,SPINE_LONGERON,1,2.5,-1.5968656417997784,-0.0009165632590757538,0.09681093813448564,0.10900202460686954,0.0019033647556032842,264268.8420699325,611086.3016744782
88,SPINE_DIAGONAL,3,2.6633686064020505,0.9742272283512977,0.0016684973960799934,0.01768655576516705,-0.0010998316404147437,0.001699128997893532,296034.0272125225,102529.73239931405
89,SPINE_LONGERON,1,2.5,1.6001861183063824,0.0023520328936571934,-0.004143736500963314,0.16351198958321062,0.002069599193383122,243042.2284702182,609818.263110086
90,SPINE_DIAGONAL,3,2.6633686064020505,-0.9738673148612987,0.0014037940041332687,0.012394841990656422,0.008873319015966833,0.0015871677277695237,316916.7260645321,102567.62445427202
91,SPINE_LONGERON,1,2.5,-1.5975921516005556,-0.0009132865665578444,-0.10900943475660985,0.09678732045052824,0.0019035207933969344,264247.1790929952,610808.4083543073
92,SPINE_DIAGONAL,3,2.6633686064020505,0.9741519566806403,0.0016688415462351605,0.0003072172057952614,0.017712150412730363,0.0016987947396529673,296092.2754580425,102537.65476111483
93,SPINE_LONGERON,1,2.5,1.6000770264261028,0.002344186279490812,-0.16348670863762632,-0.004129369813580448,0.0020693230839422595,243074.65755503805,609859.8399966062
94,SPINE_DIAGONAL,3,2.6633686064020505,-0.9737312566951392,0.0014023136903238377,-0.00941562786360851,0.011988367346269882,0.0015870503847968565,316940.1581817986,102581.95609125568
95,SPINE_LONGERON,1,2.5,-1.5968656417224647,-0.000916563259067497,-0.09681093813347966,-0.10900202460727404,0.0019033647555732568,264268.8420741016,611086.3017040645
96,SPINE_DIAGONAL,3,2.6633686064020505,0.974227228371787,0.001668497396084813,-0.017686555765061514,0.0010998316403867908,0.001699128997907676,296034.0272100583,102529.73239715771
97,SPINE_FRAME,2,0.9184401633029775,-0.11656564413643578,-0.0014763640671019984,-0.09917103255942727,0.12301544055863523,0.0032334450441748363,155561.63569446525,21532289.369066276
98,SPINE_FRAME,2,0.9184401633029775,1.080479307015913,-0.003371674947637706,0.10947637432077698,-0.10380861529890457,0.0036241705218816337,138790.3789192699,2322973.8540475103
99,SPINE_FRAME,2,0.9184401633029775,-0.11655586401784346,-0.0014703265871228062,-0.09917883641210462,0.12302591147796925,0.0032337004944493165,155549.34690562877,21534096.127957113
100,SPINE_FRAME,2,0.9184401633029775,1.080506326701228,-0.003371390304654911,-0.10948500157941003,0.10380958201393149,0.003624324266742457,138784.49139212823,2322915.7645935384
101,SPINE_FRAME,2,0.9184401633029775,-0.11656564413380366,-0.0014763640671574575,0.09917103255945522,-0.12301544055962119,0.003233445044189132,155561.63569377747,21532289.369552486
102,SPINE_FRAME,2,0.9184401633029775,1.0804793070140049,-0.0033716749475851716,-0.1094763743207359,0.10380861529785075,0.0036241705218654245,138790.37891989062,2322973.854051613
103,SPINE_FRAME,2,0.9184401633029775,-0.11655586401779416,-0.0014703265871414302,0.09917883641212133,-0.12302591147856955,0.003233700494458874,155549.34690516902,21534096.12796622
104,SPINE_FRAME,2,0.9184401633029775,1.080506326703063,-0.003371390304680963,0.10948500157941388,-0.10380958201434257,0.003624324266749208,138784.49139186973,2322915.7645895937
105,SPINE_LONGERON,1,2.5,6.35718927518386,0.010500776580981567,0.008690284038531499,0.5645255111280073,0.007431219334990403,67687.41135544072,153499.08223241416
106,SPINE_DIAGONAL,3,2.6633686064020505,-3.7281415043353094,0.006014415241019488,-0.06649100798021003,0.05527476822059901,0.0073394636082101125,68533.61864718987,26792.775140865495
107,SPINE_LONGERON,1,2.5,-6.470474828113073,-0.0023529713772534704,-0.5570949670204819,0.5366187455907601,0.009409011676350847,53459.3873726684,150811.60892222173
108,SPINE_DIAGONAL,3,2.6633686064020505,3.832297870312037,0.007291813769566583,-0.05496479561415275,-0.01456378578102541,0.0061082042377542285,82348.2615219388,26064.585895785513
109,SPINE_LONGERON,1,2.5,6.357230751944453,0.010495690158478272,-0.5645201434042717,0.008689110263604556,0.007431183174436942,67687.74072617476,153498.08075159122
110,SPINE_DIAGONAL,3,2.6633686064020505,-3.7282181063384483,0.006014292777258832,-0.058193557293326065,-0.06395099129955453,0.007339499300572658,68533.28536467793,26792.22464189068
111,SPINE_LONGERON,1,2.5,-6.470049376773708,-0.00235459876480002,-0.5366199421019093,-0.5570946817061695,0.009408870936356922,53460.18703013049,150821.52584824056
112,SPINE_DIAGONAL,3,2.6633686064020505,3.832453670330464,0.007291446263052596,0.01208923073140651,-0.055561218935689084,0.006108334134910673,82346.51033990232,26063.52629707613
113,SPINE_LONGERON,1,2.5,6.357189275129505,0.01050077658098874,-0.008690284039063256,-0.5645255111276738,0.007431219334968659,67687.41135563877,153499.0822337266
114,SPINE_DIAGONAL,3,2.6633686064020505,-3.728141504359581,0.006014415241023189,0.06649100798015559,-0.05527476822054767,0.007339463608229209,68533.61864701155,26792.775140691065
115,SPINE_LONGERON,1,2.5,-6.470474828119471,-0.002352971377250518,0.5570949670201328,-0.5366187455900011,0.00940901167634583,53459.3873726969,150811.6089220726
116,SPINE_DIAGONAL,3,2.6633686064020505,3.83229787028587,0.007291813769566563,0.05496479561408425,0.014563785781105412,0.006108204237727989,82348.26152229254,26064.585895963482
117,SPINE_LONGERON,1,2.5,6.35723075198959,0.01049569015847611,0.5645201434035013,-0.008689110262663384,0.007431183174445206,67687.74072609948,153498.08075050137
118,SPINE_DIAGONAL,3,2.6633686064020505,-3.7282181063510733,0.006014292777255078,0.058193557293231384,0.06395099129962399,0.007339499300583777,68533.2853645741,26792.224641799952
119,SPINE_LONGERON,1,2.5,-6.470049376703258,-0.0023545987648056588,0.5366199421009537,0.5570946817066836,0.009408870936329935,53460.18703028382,150821.5258498828
120,SPINE_DIAGONAL,3,2.6633686064020505,3.8324536703386762,0.00729144626304729,-0.012089230731487755,0.055561218935729614,0.006108334134920808,82346.5103397657,26063.52629702028
121,SPINE_FRAME,2,0.9184401633029775,-0.8673210863611178,-0.021491835326954298,-0.2336237976627703,0.40983437185087396,0.00994767769581598,50564.56545747991,2893882.3458885746
122,SPINE_FRAME,2,0.9184401633029775,4.091024667268545,-0.02329300640375076,0.3541671745466365,-0.4207709238953776,0.013300423079911158,37818.34585094716,613519.9330668276
123,SPINE_FRAME,2,0.9184401633029775,-0.8672897476179386,-0.02149206331244509,-0.23362710473224596,0.40983924342638434,0.009947778143920453,50564.054879672454,2893986.913751711
124,SPINE_FRAME,2,0.9184401633029775,4.09101227834574,-0.023293210161471456,-0.35415957826800304,0.42077307291331806,0.013300351235879467,37818.55013295368,613521.7910057858
125,SPINE_FRAME,2,0.9184401633029775,-0.8673210863611187,-0.021491835326923017,0.23362379766278138,-0.4098343718516993,0.009947677695830439,50564.56545740642,2893882.345888572
126,SPINE_FRAME,2,0.9184401633029775,4.091024667267137,-0.023293006403805647,-0.35416717454660573,0.42077092389425624,0.013300423079892812,37818.34585099933,613519.9330670389
127,SPINE_FRAME,2,0.9184401633029775,-0.8672897476159518,-0.02149206331239699,0.23362710473226697,-0.40983924342718375,0.009947778143933451,50564.054879606396,2893986.9137583408
128,SPINE_FRAME,2,0.9184401633029775,4.091012278344323,-0.023293210161482905,0.3541595782679968,-0.42077307291318605,0.013300351235876586,37818.55013296187,613521.7910059984
129,SPINE_LONGERON,1,2.5,23.21367936584025,0.07349892895572034,0.30730039683173765,-2.8692981217125393,0.03478806867956182,14458.9803082548,42036.53819542396
130,SPINE_DIAGONAL,3,2.6633686064020505,-12.811059661007132,0.021466883666181654,-0.2343803062211543,-0.21447072870179384,0.026145853869306866,19238.231901482537,7796.9551045812095
131,SPINE_LONGERON,1,2.5,-23.89615827312226,-0.04678984892238081,2.295802906789792,-1.7898747113820896,0.03525564711278377,14267.217912378386,40835.96652504797
132,SPINE_DIAGONAL,3,2.6633686064020505,13.594848347406318,0.037171744380607045,0.007389461619871928,-0.29381370569375376,0.025829072514923074,19474.179713939993,7347.434444757222
133,SPINE_LONGERON,1,2.5,23.213538897767826,0.07349852323685342,2.869294820475342,0.30729745679757686,0.03478798687079771,14459.014310547422,42036.792563856005
134,SPINE_DIAGONAL,3,2.6633686064020505,-12.811017590743809,0.02146696449503002,0.2247427647257318,-0.2245490570081739,0.02614579865180277,19238.27253084571,7796.9807091010725
135,SPINE_LONGERON,1,2.5,-23.895925438839697,-0.04679178690708022,1.7898735100292278,2.295802348113268,0.035255556128629455,14267.254731844558,40836.36441769259
136,SPINE_DIAGONAL,3,2.6633686064020505,13.594957833360452,0.03717142301925654,0.29384982624164185,-0.005764954514856396,0.025829162070341548,19474.112192651115,7347.375272755331
137,SPINE_LONGERON,1,2.5,23.21367936578024,0.07349892895571944,-0.30730039683067983,2.869298121712367,0.03478806867953852,14458.980308264487,42036.53819553262
138,SPINE_DIAGONAL,3,2.6633686064020505,-12.811059661007405,0.021466883666176845,0.2343803062212296,0.21447072870177292,0.026145853869308976,19238.231901480987,7796.955104581043
139,SPINE_LONGERON,1,2.5,-23.896158273167615,-0.04678984892238496,-2.295802906788641,1.789874711382418,0.035255647112792846,14267.217912374716,40835.966524970456
140,SPINE_DIAGONAL,3,2.6633686064020505,13.594848347424467,0.0371717443806038,-0.007389461619760972,0.2938137056937501,0.025829072514939544,19474.179713927577,7347.434444747413
141,SPINE_LONGERON,1,2.5,23.213538897763456,0.07349852323685656,-2.869294820474703,-0.3072974567971684,0.03478798687078991,14459.014310550665,42036.79256386391
142,SPINE_DIAGONAL,3,2.6633686064020505,-12.811017590717876,0.021466964495029,-0.2247427647256356,0.22454905700820532,0.026145798651776717,19238.27253086488,7796.980709116856
143,SPINE_LONGERON,1,2.5,-23.895925438799985,-0.04679178690707335,-1.7898735100286738,-2.295802348113356,0.03525555612861325,14267.254731851115,40836.36441776046
144,SPINE_DIAGONAL,3,2.6633686064020505,13.594957833378803,0.03717142301925929,-0.2938498262415802,0.0057649545148695976,0.025829162070355748,19474.112192640405,7347.375272745413
145,SPINE_FRAME,2,0.9184401633029775,-14.256926826136851,0.03696279462473473,-0.24202404215628937,2.330440312062691,0.05488285770077369,9164.974658251243,176049.52390131922
146,SPINE_FRAME,2,0.9184401633029775,9.59449685071242,-0.06896106685109227,0.39117909966381004,-1.2834462988854438,0.03224118184273544,15601.165070607844,261600.50069232855
147,SPINE_FRAME,2,0.9184401633029775,-14.256938422221767,0.036963002553015545,-0.24201872461080595,2.330443367127193,0.054882914082486044,9164.965242990163,176049.38070891929
148,SPINE_FRAME,2,0.9184401633029775,9.594512930949069,-0.06896141307717474,-0.3911761850202139,1.2834494396960667,0.032241234141131524,15601.139764011124,261600.06225444342
149,SPINE_FRAME,2,0.9184401633029775,-14.256926826135377,0.036962794624675666,0.24202404215631323,-2.3304403120636845,0.05488285770079273,9164.974658248064,176049.52390133744
150,SPINE_FRAME,2,0.9184401633029775,9.594496850711435,-0.06896106685103165,-0.3911790996637907,1.2834462988843438,0.03224118184271366,15601.165070618381,261600.50069235542
151,SPINE_FRAME,2,0.9184401633029775,-14.256938422221776,0.036963002552989344,0.24201872461082077,-2.3304433671278204,0.0548829140824986,9164.965242988066,176049.38070891917
152,SPINE_FRAME,2,0.9184401633029775,9.594512930950149,-0.06896141307719972,0.3911761850202282,-1.2834494396964842,0.03224123414114022,15601.139764006915,261600.06225441396
153,SPINE_LONGERON,1,2.5,36.03986942944755,0.5600045810882843,-1.932477676255051,5.444989281792856,0.06619974348196497,7598.2167534687505,27076.200185152193
154,SPINE_DIAGONAL,3,2.6633686064020505,5.223847630538506,0.16389237261414105,-1.8945937929052978,1.124674768612873,0.10405005979525793,4834.211541922864,19121.395584941092
155,SPINE_LONGERON,1,2.5,-45.62515905464941,-0.11376994914789604,-16.164583919233543,12.042753949792232,0.20282778289806253,2479.936391420294,21387.820657230735
156,SPINE_DIAGONAL,3,2.6633686064020505,4.5903314955379635,0.10395426917985656,-0.464448758588051,-0.4271373607121447,0.03285634380359481,15309.06795371939,21760.35807350286
157,SPINE_LONGERON,1,2.5,36.039876050127944,0.5600050683419239,-5.444987420864224,-1.9324789061438217,0.06619973359210402,7598.217888598805,27076.195211137645
158,SPINE_DIAGONAL,3,2.6633686064020505,5.223799787491268,0.16389252461814072,-1.2083228198974472,-1.8423720270102018,0.10405001340299679,4834.2136973286815,19121.570711452336
159,SPINE_LONGERON,1,2.5,-45.62502724884505,-0.11376993690879114,-12.042754180439115,-16.164585415180607,0.2028277499064397,2479.936794802603,21387.88244434792
160,SPINE_DIAGONAL,3,2.6633686064020505,4.590383723552696,0.10395436133573231,0.4059274506212087,-0.48309628889163836,0.03285639733797344,15309.043009979152,21760.110490649116
161,SPINE_LONGERON,1,2.5,36.039869429426815,0.5600045810883081,1.9324776762550886,-5.444989281792385,0.06619974348195386,7598.216753470027,27076.20018516777
162,SPINE_DIAGONAL,3,2.6633686064020505,5.2238476305166195,0.1638923726141382,1.8945937929052938,-1.1246747686128113,0.10405005979523617,4834.211541923874,19121.395585021204
163,SPINE_LONGERON,1,2.5,-45.62515905464585,-0.11376994914790421,16.16458391923365,-12.042753949791368,0.2028277828980573,2479.9363914203577,21387.820657232405
164,SPINE_DIAGONAL,3,2.6633686064020505,4.590331495512209,0.1039542691798575,0.4644487585880509,0.42713736071222985,0.03285634380357373,15309.06795372921,21760.358073624946
165,SPINE_LONGERON,1,2.5,36.03987605015278,0.5600050683419221,5.444987420864102,1.9324789061447816,0.06619973359211448,7598.2178885976045,27076.19521111899
166,SPINE_DIAGONAL,3,2.6633686064020505,5.223799787477233,0.16389252461814283,1.2083228198974183,1.8423720270102724,0.10405001340298577,4834.213697329194,19121.57071150371
167,SPINE_LONGERON,1,2.5,-45.625027248812025,-0.11376993690878054,12.042754180438806,16.16458541518117,0.20282774990643085,2479.936794802711,21387.882444363404
168,SPINE_DIAGONAL,3,2.6633686064020505,4.590383723558297,0.1039543613357307,-0.40592745062122715,0.48309628889169415,0.03285639733798102,15309.043009975623,21760.110490622566
169,SPINE_FRAME,2,0.9184401633029775,-110.06616103139754,-3.649658129937597,26.062020266674498,-4.9296888925479365,0.5962330212413467,843.629893146077,22803.78598215446
170,SPINE_FRAME,2,0.9184401633029775,5.686467837938153,4.449368614194384,-23.476386346559828,2.5494665924381055,0.48294096904065564,1041.5351611174983,441385.6284022189
171,SPINE_FRAME,2,0.9184401633029775,-110.06615218647374,-3.6496580612426217,26.062019803425386,-4.929687223833283,0.5962330009848922,843.629921807608,22803.787814668318
172,SPINE_FRAME,2,0.9184401633029775,5.686472613976832,4.4493685539777035,23.476388896404856,-2.549465950475049,0.48294102029266195,1041.5350505848153,441385.25768473255
173,SPINE_FRAME,2,0.9184401633029775,-110.066161031398,-3.649658129937565,-26.062020266674573,4.929688892547382,0.5962330212413464,843.6298931460775,22803.785982154364
174,SPINE_FRAME,2,0.9184401633029775,5.686467837938778,4.44936861419439,23.4763863465598,-2.5494665924388173,0.4829409690406569,1041.5351611174954,441385.6284021704
175,SPINE_FRAME,2,0.9184401633029775,-110.06615218647295,-3.6496580612425684,-26.062019803425258,4.9296872238327705,0.5962330009848873,843.6299218076149,22803.787814668485
176,SPINE_FRAME,2,0.9184401633029775,5.686472613977855,4.4493685539777,-23.476388896404742,2.549465950475034,0.4829410202926602,1041.5350505848191,441385.2576846531
177,SPINE_LONGERON,1,1.0,-129.73307677317226,-0.9745408272874982,14.804890918964968,7.3017817723672,0.19807619307285523,2539.4268346776507,47011.07957536416
178,SPINE_DIAGONAL,3,1.357767407757308,-209.37342261911448,0.10267497206032847,-6.089149945266585,-7.14961719244195,0.6158160761687254,816.802320474311,1835.6941687139245
179,SPINE_LONGERON,1,1.0,69.8846369244841,4.168475616187298,53.2092122111195,-33.822778309983285,0.6102400367812059,824.2658129301741,87270.85471347252
180,SPINE_DIAGONAL,3,1.357767407757308,124.26481427892807,-0.6544029122385733,-5.169511048947166,5.030836140258482,0.4399120414170508,1143.410392631512,3092.955743070378
181,SPINE_LONGERON,1,1.0,-129.73312364175115,-0.9745405903963217,-7.301782536076711,14.804890309841465,0.19807620719701152,2539.4266535995594,47011.0625917101
182,SPINE_DIAGONAL,3,1.357767407757308,-209.37343207060772,0.10267482628298184,8.289487259732049,-4.413521693827987,0.6158160841996198,816.8023098223432,1835.6940858473884
183,SPINE_LONGERON,1,1.0,69.88469590634269,4.168475510592181,33.82277815983092,53.209212128835304,0.6102400556324932,824.2657874672902,87270.78105790108
184,SPINE_DIAGONAL,3,1.357767407757308,124.26478294648524,-0.6544027832827816,-6.0227445787153435,-3.969849993880204,0.43991202611235025,1143.4104324111784,3092.9565229362156
185,SPINE_LONGERON,1,1.0,-129.73307677319696,-0.9745408272874608,-14.804890918964443,-7.3017817723667555,0.19807619307285762,2539.4268346776203,47011.07957535521
186,SPINE_DIAGONAL,3,1.357767407757308,-209.3734226191141,0.10267497206032412,6.089149945266628,7.149617192441931,0.6158160761687257,816.8023204743106,1835.6941687139276
187,SPINE_LONGERON,1,1.0,69.88463692446051,4.16847561618731,-53.20921221111919,33.82277830998396,0.6102400367811985,824.265812930184,87270.85471350198
188,SPINE_DIAGONAL,3,1.357767407757308,124.2648142789181,-0.6544029122385905,5.169511048947177,-5.030836140258478,0.43991204141704177,1143.4103926315354,3092.9557430706263
189,SPINE_LONGERON,1,1.0,-129.7331236417594,-0.9745405903963457,7.301782536076935,-14.804890309841166,0.19807620719701285,2539.426653599543,47011.062591707116
190,SPINE_DIAGONAL,3,1.357767407757308,-209.3734320706205,0.10267482628297486,-8.289487259732018,4.413521693827963,0.6158160841996299,816.8023098223298,1835.6940858472763
191,SPINE_LONGERON,1,1.0,69.8846959063541,4.168475510592241,-33.82277815983055,-53.209212128834935,0.6102400556324924,824.2657874672913,87270.78105788684
192,SPINE_DIAGONAL,3,1.357767407757308,124.26478294647623,-0.6544027832827671,6.022744578715312,3.9698499938801293,0.4399120261123388,1143.4104324112081,3092.95652293644
193,SPINE_FRAME,2,0.9184401633029775,1907.5379707393686,1.2232586862850268,70.7674276027002,-4.097748125501742,2.4776393155968153,203.0158291538238,1315.7930371705695
194,SPINE_FRAME,2,0.9184401633029775,1712.7313572712346,-1.6053641530063716,-72.05863151215121,-1.733491139699832,2.3938041641134347,210.12579372226563,1465.4517589005977
195,SPINE_FRAME,2,0.9184401633029775,1907.5379631325231,1.2232587694611017,70.76743011002014,-4.0977474444692925,2.477639360805486,203.01582544946075,1315.7930424176652
196,SPINE_FRAME,2,0.9184401633029775,1712.7313500839282,-1.6053640562899054,72.05863142981431,1.7334915650558562,2.39380415866989,210.12579420009465,1465.45176505022
197,SPINE_FRAME,2,0.9184401633029775,1907.5379707393638,1.223258686284992,-70.76742760270008,4.097748125501466,2.477639315596809,203.0158291538243,1315.793037170573
198,SPINE_FRAME,2,0.9184401633029775,1712.7313572712344,-1.6053641530063254,72.05863151215095,1.733491139699602,2.393804164113429,210.1257937222661,1465.451758900598
199,SPINE_FRAME,2,0.9184401633029775,1907.5379631325181,1.223258769461117,-70.76743011002002,4.09774744446921,2.4776393608054805,203.01582544946115,1315.7930424176686
200,SPINE_FRAME,2,0.9184401633029775,1712.731350083927,-1.6053640562898925,-72.05863142981427,-1.733491565055924,2.3938041586698886,210.12579420009476,1465.451765050221
201,SPINE_LONGERON,1,1.5,-108.34143804758912,0.13555067171788088,-8.70949628335352,-10.464475183766568,0.16370288177124603,3072.639861666446,25019.223610294714
202,SPINE_DIAGONAL,3,1.7588440333264348,-139.20381636851607,-0.401168415640099,2.9065088912744965,-3.3942213207093226,0.33000907851445205,1524.200492496367,1645.382365283298
203,SPINE_LONGERON,1,1.5,-66.42464588624932,2.3919641416615938,-47.24279616244702,32.61765000902433,0.5561056384939296,904.5044056058258,40807.423639343084
204,SPINE_DIAGONAL,3,1.7588440333264348,-189.9095191556252,0.3883352075165727,-5.8673759030225625,3.754650578965753,0.4890258134743473,1028.575560104632,1206.066476558221
205,SPINE_LONGERON,1,1.5,-108.34144569838833,0.13555084428920927,10.46447528331329,-8.709496525007182,0.16370288656117465,3072.639771761339,25019.221843500345
206,SPINE_DIAGONAL,3,1.7588440333264348,-139.2038346242126,-0.4011683178176341,3.6992179420600917,2.5068547734923743,0.330009104898369,1524.2003706379737,1645.3821495018778
207,SPINE_LONGERON,1,1.5,-66.42468544153012,2.391964324169256,-32.617650014865816,-47.242796647671724,0.5561056558979638,904.5043772982093,40807.39933890282
208,SPINE_DIAGONAL,3,1.7588440333264348,-189.90953099445684,0.3883351070976666,-4.389948998155546,-5.408498064421864,0.4890258325630943,1028.5755199549765,1206.0664013728529
209,SPINE_LONGERON,1,1.5,-108.34143804760399,0.13555067171789997,8.709496283353326,10.46447518376638,0.16370288177124864,3072.639861666397,25019.223610291283
210,SPINE_DIAGONAL,3,1.7588440333264348,-139.20381636851857,-0.4011684156401007,-2.9065088912744867,3.3942213207092906,0.33000907851445305,1524.2004924963624,1645.3823652832684
211,SPINE_LONGERON,1,1.5,-66.42464588624144,2.391964141661642,47.24279616244637,-32.61765000902385,0.556105638493919,904.5044056058429,40807.42363934793
212,SPINE_DIAGONAL,3,1.7588440333264348,-189.90951915561777,0.388335207516561,5.867375903022482,-3.7546505789657063,0.48902581347433616,1028.5755601046553,1206.066476558268
213,SPINE_LONGERON,1,1.5,-108.34144569838487,0.13555084428922576,-10.464475283313309,8.709496525007179,0.16370288656117357,3072.639771761359,25019.221843501142
214,SPINE_DIAGONAL,3,1.7588440333264348,-139.20383462421896,-0.4011683178176277,-3.6992179420601166,-2.5068547734923943,0.3300091048983763,1524.2003706379398,1645.3821495018026
215,SPINE_LONGERON,1,1.5,-66.42468544154436,2.391964324169259,32.61765001486539,47.24279664767186,0.5561056558979676,904.5043772982033,40807.39933889407
216,SPINE_DIAGONAL,3,1.7588440333264348,-189.90953099445355,0.3883351070976845,4.389948998155512,5.408498064421858,0.48902583256309,1028.5755199549856,1206.0664013728738
217,SPINE_FRAME,2,0.9184401633029775,66.53927575267369,-2.9812169771906176,15.808202405155182,9.182753263906456,0.40677135973204853,1236.5669016897843,37720.9573089843
218,SPINE_FRAME,2,0.9184401633029775,22.705603065475685,-3.360002467938738,-14.974124515545226,-4.949406022233715,0.33398127164360397,1506.0724738384679,110542.10596386797
219,SPINE_FRAME,2,0.9184401633029775,66.53927469575035,-2.981217059183071,15.808204403109679,9.182753930111955,0.4067714003537187,1236.5667782017201,37720.95790815164
220,SPINE_FRAME,2,0.9184401633029775,22.70560988157061,-3.3600025275715666,14.97412654020189,4.9494061839659205,0.33398131450074936,1506.072280576258,110542.07277975659
221,SPINE_FRAME,2,0.9184401633029775,66.53927575267357,-2.9812169771906096,-15.808202405155013,-9.182753263906424,0.4067713597320452,1236.5669016897946,37720.95730898437
222,SPINE_FRAME,2,0.9184401633029775,22.705603065476367,-3.3600024679387266,14.97412451554515,4.94940602223335,0.3339812716436006,1506.0724738384831,110542.10596386465
223,SPINE_FRAME,2,0.9184401633029775,66.5392746957495,-2.9812170591831197,-15.80820440310959,-9.182753930112384,0.40677140035372106,1236.566778201713,37720.95790815213
224,SPINE_FRAME,2,0.9184401633029775,22.705609881570723,-3.360002527571565,-14.97412654020171,-4.9494061839656585,0.33398131450074436,1506.0722805762805,110542.07277975604
225,SPINE_LONGERON,1,2.5,62.78352961022813,-0.8975350253261968,2.2128278414622327,3.491783124637008,0.060432956551849645,8323.273073168963,15542.654663994812
226,SPINE_DIAGONAL,3,2.6633686064020505,9.90990918881792,-0.22150017205838532,2.084534291917902,0.9346337583641936,0.11217197297362566,4484.186082010588,10079.533032622954
227,SPINE_LONGERON,1,2.5,-78.25479610852607,0.12741708619879022,-8.237976409702018,13.270268229834947,0.17194546606057065,2925.3461084156174,12469.813581332048
228,SPINE_DIAGONAL,3,2.6633686064020505,-5.907892501144843,0.23370557558352292,1.810835832810666,-0.6251278958401383,0.09201410794762499,5466.5530234375665,16907.426294508172
229,SPINE_LONGERON,1,2.5,62.78351171435688,-0.8975345955482901,-3.4917830868121604,2.2128275118158576,0.060432948097845614,8323.274237516995,15542.659094287721
230,SPINE_DIAGONAL,3,2.6633686064020505,9.909910654467742,-0.22150009253873001,-1.0269714079224608,2.040625667664787,0.11217197322259556,4484.186072057769,10079.531541886427
231,SPINE_LONGERON,1,2.5,-78.25478591656682,0.12741712414283235,-13.270268566177508,-8.23797686855031,0.1719454674502155,2925.346084773284,12469.81520540948
232,SPINE_DIAGONAL,3,2.6633686064020505,-5.907905376633053,0.23370559452994782,0.7055286613806575,1.7810503349080058,0.09201411623374232,5466.552531159841,16907.38944703787
233,SPINE_LONGERON,1,2.5,62.78352961022361,-0.8975350253260775,-2.2128278414623024,-3.4917831246367204,0.06043295655184609,8323.273073169452,15542.65466399593
234,SPINE_DIAGONAL,3,2.6633686064020505,9.90990918881115,-0.22150017205840422,-2.0845342919179024,-0.9346337583641358,0.1121719729736184,4484.186082010878,10079.53303262984
235,SPINE_LONGERON,1,2.5,-78.25479610853695,0.12741708619862258,8.23797640970222,-13.27026822983456,0.1719454660605723,2925.34610841559,12469.813581330312
236,SPINE_DIAGONAL,3,2.6633686064020505,-5.907892501146165,0.23370557558350052,-1.8108358328106533,0.6251278958401597,0.09201410794762589,5466.553023437513,16907.42629450439
237,SPINE_LONGERON,1,2.5,62.783511714344655,-0.8975345955482097,3.4917830868122954,-2.2128275118152363,0.06043294809783934,8323.274237517857,15542.659094290746
238,SPINE_DIAGONAL,3,2.6633686064020505,9.909910654477898,-0.22150009253875144,1.0269714079224501,-2.0406256676647327,0.11217197322260264,4484.186072057486,10079.531541876098
239,SPINE_LONGERON,1,2.5,-78.25478591657111,0.12741712414291145,13.270268566177318,8.237976868550714,0.17194546745021747,2925.3460847732504,12469.815205408797
240,SPINE_DIAGONAL,3,2.6633686064020505,-5.90790537664671,0.23370559452994655,-0.7055286613806709,-1.7810503349079574,0.09201411623375312,5466.5525311592,16907.389446998786
241,SPINE_FRAME,2,0.9184401633029775,-22.806292440289155,4.470315586384344,23.818518133284783,-4.074811006241347,0.5032534310539855,999.4964146524452,110054.06453542416
242,SPINE_FRAME,2,0.9184401633029775,-104.31261558946699,3.732163523563637,-24.144703836252148,11.695252895948563,0.5992797915028544,839.3408340010816,24061.56883186025
243,SPINE_FRAME,2,0.9184401633029775,-22.806292714913354,4.470315518793336,23.818518813465,-4.074810709532144,0.5032534433159667,999.496390299296,110054.0632101974
244,SPINE_FRAME,2,0.9184401633029775,-104.31261403287169,3.7321634597683127,24.144704387740465,-11.695252727530555,0.5992797989577557,839.3408235598765,24061.56919091678
245,SPINE_FRAME,2,0.9184401633029775,-22.80629244028654,4.470315586384364,-23.8185181332844,4.074811006241327,0.5032534310539767,999.4964146524627,110054.06453543677
246,SPINE_FRAME,2,0.9184401633029775,-104.31261558946682,3.7321635235636244,24.144703836252212,-11.695252895948851,0.5992797915028578,839.3408340010766,24061.56883186029
247,SPINE_FRAME,2,0.9184401633029775,-22.806292714912274,4.470315518793218,-23.818518813464436,4.074810709531693,0.5032534433159531,999.4963902993228,110054.06321020261
248,SPINE_FRAME,2,0.9184401633029775,-104.3126140328697,3.732163459768257,-24.144704387739235,11.695252727530558,0.5992797989577326,839.340823559909,24061.56919091724
249,SPINE_LONGERON,1,1.0,118.71511919954501,-0.863814456242659,-13.834127172116343,10.739252973559509,0.20357907791271174,2470.784351502321,51374.180785591154
250,SPINE_DIAGONAL,3,1.357767407757308,-227.49054965022236,-0.028069249318653247,6.097873811417868,-7.039243613851295,0.6290606966177259,799.6048754984739,1689.501263136136
251,SPINE_LONGERON,1,1.0,58.42424729201852,-4.139244957829208,34.02992423982824,-53.41416247064134,0.6089184387781518,826.054801377527,104389.74019223031
252,SPINE_DIAGONAL,3,1.357767407757308,141.4342101649948,0.7195072060522792,-6.198085020995281,4.2426866435614325,0.46927702560169443,1071.8615499130112,2717.4866005700696
253,SPINE_LONGERON,1,1.0,118.71512101050719,-0.8638146860033747,-10.739252890404323,-13.83412714474158,0.20357907792556124,2470.7843513463704,51374.180001894034
254,SPINE_DIAGONAL,3,1.357767407757308,-227.4905445915051,-0.028069276559420903,8.18355522020496,4.4457214832853245,0.6290606916345447,799.6048818326417,1689.5013007056498
255,SPINE_LONGERON,1,1.0,58.424253544639356,-4.139244950563791,53.41416245920361,34.029924179706,0.6089184405368929,826.0547989916302,104389.72902033807
256,SPINE_DIAGONAL,3,1.357767407757308,141.4342080162408,0.7195071525706638,-5.473611888782435,-5.143561182444126,0.46927702607188176,1071.8615488390703,2717.486641855769
257,SPINE_LONGERON,1,1.0,118.7151191995473,-0.8638144562429351,13.834127172116482,-10.73925297355973,0.20357907791271487,2470.7843515022832,51374.18078559016
258,SPINE_DIAGONAL,3,1.357767407757308,-227.49054965022154,-0.0280692493185312,-6.097873811417918,7.039243613851257,0.6290606966177253,799.6048754984747,1689.501263136142
259,SPINE_LONGERON,1,1.0,58.42424729201838,-4.139244957829875,-34.02992423982902,53.41416247064201,0.6089184387781611,826.0548013775144,104389.74019223056
260,SPINE_DIAGONAL,3,1.357767407757308,141.4342101649961,0.7195072060522452,6.198085020995249,-4.242686643561474,0.46927702560169543,1071.861549913009,2717.4866005700446
261,SPINE_LONGERON,1,1.0,118.7151210105006,-0.8638146860033721,10.739252890404,13.83412714474149,0.20357907792555646,2470.784351346428,51374.180001896886
262,SPINE_DIAGONAL,3,1.357767407757308,-227.49054459149716,-0.028069276559478905,-8.18355522020489,-4.445721483285305,0.6290606916345343,799.604881832655,1689.501300705709
263,SPINE_LONGERON,1,1.0,58.4242535446387,-4.139244950562824,-53.41416245920328,-34.02992417970493,0.6089184405368845,826.0547989916416,104389.72902033925
264,SPINE_DIAGONAL,3,1.357767407757308,141.43420801623867,0.7195071525706991,5.473611888782322,5.143561182443955,0.46927702607187094,1071.8615488390951,2717.48664185581
265,SPINE_FRAME,2,0.9184401633029775,-1712.0487402014253,-1.5366122446040933,72.03673396640619,1.056642229341419,2.392710906407399,210.22180266451122,1466.0360544069802
266,SPINE_FRAME,2,0.9184401633029775,-1908.2098320753412,1.153446628789561,-70.76677460545055,4.484244327131855,2.4784571648078804,202.94883734211743,1315.3297597820156
267,SPINE_FRAME,2,0.9184401633029775,-1712.0487404553244,-1.5366122096044226,72.03673422453608,1.056642347088118,2.3927109117515326,210.22180219497963,1466.0360541895652
268,SPINE_FRAME,2,0.9184401633029775,-1908.2098299432103,1.1534466162302814,70.76677510702505,-4.484244321685191,2.4784571736572043,202.94883661748918,1315.3297612516942
269,SPINE_FRAME,2,0.9184401633029775,-1712.048740201432,-1.5366122446040684,-72.0367339664067,-1.0566422293413675,2.3927109064074137,210.22180266450994,1466.0360544069745
270,SPINE_FRAME,2,0.9184401633029775,-1908.2098320753412,1.1534466287894747,70.76677460545149,-4.484244327131728,2.4784571648078986,202.94883734211592,1315.3297597820156
271,SPINE_FRAME,2,0.9184401633029775,-1712.0487404553207,-1.5366122096044235,-72.03673422453546,-1.0566423470880322,2.3927109117515184,210.22180219498085,1466.0360541895684
272,SPINE_FRAME,2,0.9184401633029775,-1908.2098299432014,1.1534466162302146,-70.76677510702146,4.484244321684944,2.4784571736571275,202.94883661749546,1315.3297612517003
273,SPINE_LONGERON,1,1.5,129.15164903445446,0.26213344537514977,10.187835331522932,-4.73125685405328,0.1487737162431369,3380.9735530028743,20987.874990666187
274,SPINE_DIAGONAL,3,1.7588440333264348,-119.71363905097634,0.356151142649683,-2.6078837896759723,-3.1761690624393673,0.2957963017408228,1700.4945533116552,1913.2615669243817
275,SPINE_LONGERON,1,1.5,-88.15058759355766,-2.4571810228714317,-32.960435652242055,47.4423219006159,0.5669359075111207,887.2255105664364,30749.864961440428
276,SPINE_DIAGONAL,3,1.7588440333264348,-169.17164585866902,-0.321912684914623,-4.310624195301184,5.434214089570051,0.4684408529111272,1073.7748359779146,1353.9119009591036
277,SPINE_LONGERON,1,1.5,129.15165228875003,0.26213334118932086,4.7312568644459105,10.187835306713458,0.148773717184021,3380.973531620709,20987.874461824726
278,SPINE_DIAGONAL,3,1.7588440333264348,-119.71363895387543,0.3561511772381197,3.4490019933521925,-2.2346124614008724,0.295796300780952,1700.4945588298278,1913.2615684762468
279,SPINE_LONGERON,1,1.5,-88.15058778362965,-2.4571810644728544,-47.442321914685245,-32.96043573617325,0.5669359081396427,887.2255095828318,30749.86489513698
280,SPINE_DIAGONAL,3,1.7588440333264348,-169.17164830005686,-0.3219126764735683,-5.884019153236772,-3.6729392578955813,0.4684408566614852,1073.7748273812263,1353.9118814202266
281,SPINE_LONGERON,1,1.5,129.1516490344551,0.26213344537541844,-10.187835331523088,4.731256854054209,0.1487737162431421,3380.9735530027565,20987.874990666085
282,SPINE_DIAGONAL,3,1.7588440333264348,-119.71363905098036,0.3561511426496297,2.6078837896760256,3.1761690624394916,0.2957963017408322,1700.4945533116008,1913.2615669243173
283,SPINE_LONGERON,1,1.5,-88.15058759355581,-2.4571810228719793,32.960435652241365,-47.44232190061513,0.5669359075111107,887.225510566452,30749.86496144107
284,SPINE_DIAGONAL,3,1.7588440333264348,-169.17164585866902,-0.3219126849146939,4.310624195301029,-5.434214089569837,0.4684408529111154,1073.7748359779414,1353.9119009591036
285,SPINE_LONGERON,1,1.5,129.15165228874736,0.2621333411893597,-4.731256864445486,-10.187835306713534,0.14877371718401905,3380.9735316207534,20987.874461825162
286,SPINE_DIAGONAL,3,1.7588440333264348,-119.71363895387267,0.35615117723808365,-3.449001993352122,2.234612461400844,0.29579630078094604,1700.494558829862,1913.261568476291
287,SPINE_LONGERON,1,1.5,-88.15058778362584,-2.4571810644721612,47.44232191468447,32.96043573617294,0.5669359081396336,887.225509582846,30749.864895138307
288,SPINE_DIAGONAL,3,1.7588440333264348,-169.17164830005294,-0.3219126764735038,5.884019153236833,3.6729392578956093,0.46844085666148444,1073.7748273812279,1353.911881420258
289,SPINE_FRAME,2,0.9184401633029775,-3.7269422407384525,-3.402289710188261,14.56868684228101,2.886326786464319,0.305672413284544,1645.5524873674747,673454.2737480216
290,SPINE_FRAME,2,0.9184401633029775,-74.60937730813117,-2.926469816980125,-15.613605985692672,-8.08914485484941,0.39721495139665597,1266.3168851811618,33640.88095349643
291,SPINE_FRAME,2,0.9184401633029775,-3.7269427743077017,-3.402289738390615,14.568687171739894,2.88632685214058,0.3056724202790196,1645.5524497135157,673454.1773326718
292,SPINE_FRAME,2,0.9184401633029775,-74.60937658636982,-2.926469835235388,15.613606271376995,8.089144873661878,0.39721495625829023,1266.3168696823257,33640.88127893391
293,SPINE_FRAME,2,0.9184401633029775,-3.726942240738083,-3.4022897101882656,-14.568686842280718,-2.886326786464243,0.3056724132845379,1645.5524873675072,673454.2737480884
294,SPINE_FRAME,2,0.9184401633029775,-74.60937730813015,-2.926469816980077,15.613605985692733,8.08914485484938,0.3972149513966561,1266.3168851811615,33640.88095349689
295,SPINE_FRAME,2,0.9184401633029775,-3.726942774306252,-3.4022897383905444,-14.56868717173962,-2.8863268521405456,0.30567242027901304,1645.552449713551,673454.1773329338
296,SPINE_FRAME,2,0.9184401633029775,-74.60937658636942,-2.9264698352352965,-15.613606271376177,-8.089144873661663,0.3972149562582735,1266.3168696823789,33640.881278934095
297,SPINE_LONGERON,1,2.5,-25.575937039658072,-0.3120598305985641,-0.8332495669816764,-3.6873842701122403,0.04397290523347096,11438.862120420697,38153.938125721725
298,SPINE_DIAGONAL,3,2.6633686064020505,-3.672311128113435,-0.06933301095128465,-0.24431237949647613,-0.3117532117971949,0.021369973232413714,23537.699113120823,27200.107380416524
299,SPINE_LONGERON,1,2.5,31.517816590989092,-0.0078055190523321286,9.981026986544723,-12.840770598023715,0.16182250898719455,3108.3438462803947,30960.987303843096
300,SPINE_DIAGONAL,3,2.6633686064020505,-2.3648522465256825,-0.1394939041741097,1.015581368551745,-1.4658024540074326,0.08251108550011642,6096.150559057793,42238.26548391474
301,SPINE_LONGERON,1,2.5,-25.57593689495185,-0.3120599087446423,3.6873842923650764,-0.8332495669607025,0.04397290542064715,11438.862071729745,38153.938341593086
302,SPINE_DIAGONAL,3,2.6633686064020505,-3.6723101322801863,-0.06933301999149477,0.30050905274374423,-0.25801726980977024,0.021369972276082654,23537.700166460174,27200.114756365267
303,SPINE_LONGERON,1,2.5,31.517816668931403,-0.007805548150357137,12.840770606947252,9.981026988918341,0.16182250909305573,3108.3438442469756,30960.987227277805
304,SPINE_DIAGONAL,3,2.6633686064020505,-2.3648522546134174,-0.13949391642890854,1.5097771297509002,0.9489759422522396,0.08251108516387051,6096.150583900584,42238.265339460944
305,SPINE_LONGERON,1,2.5,-25.57593703965763,-0.312059830598466,0.833249566981685,3.68738427011211,0.0439729052334696,11438.862120421052,38153.93812572239
306,SPINE_DIAGONAL,3,2.6633686064020505,-3.6723111281135115,-0.06933301095126851,0.244312379496466,0.3117532117972006,0.021369973232413627,23537.699113120918,27200.107380415957
307,SPINE_LONGERON,1,2.5,31.517816590989405,-0.007805519052453127,-9.981026986544588,12.840770598023614,0.16182250898719308,3108.3438462804224,30960.98730384279
308,SPINE_DIAGONAL,3,2.6633686064020505,-2.364852246525423,-0.1394939041741232,-1.0155813685517099,1.4658024540074135,0.08251108550011461,6096.150559057925,42238.26548391938
309,SPINE_LONGERON,1,2.5,-25.5759368949508,-0.3120599087445953,-3.687384292365019,0.8332495669607103,0.043972905420646254,11438.862071729978,38153.93834159465
310,SPINE_DIAGONAL,3,2.6633686064020505,-3.6723101322803817,-0.06933301999149091,-0.3005090527437429,0.2580172698097687,0.021369972276082724,23537.700166460098,27200.11475636382
311,SPINE_LONGERON,1,2.5,31.51781666893074,-0.007805548150284275,-12.840770606947084,-9.981026988918238,0.16182250909305368,3108.343844247015,30960.987227278452
312,SPINE_DIAGONAL,3,2.6633686064020505,-2.3648522546128454,-0.13949391642889528,-1.5097771297508877,-0.9489759422522467,0.08251108516386967,6096.150583900647,42238.26533947116
313,SPINE_FRAME,2,0.9184401633029775,-7.71873531169069,0.13208089687733615,-0.5242444402128187,-1.0556626986743844,0.028004413927562713,17961.454265783923,325173.1117448529
314,SPINE_FRAME,2,0.9184401633029775,10.678714697553414,0.06326876230010414,0.35554690490608354,1.7577861639063919,0.041891031494861154,12007.343387132969,235040.0072597112
315,SPINE_FRAME,2,0.9184401633029775,-7.718735191058224,0.13208087899378618,-0.5242443353011279,-1.0556626827137017,0.028004412617215493,17961.455106213678,325173.11682682985
316,SPINE_FRAME,2,0.9184401633029775,10.678714975884866,0.06326875961935752,-0.35554678555907926,-1.757786177040566,0.041891031431402055,12007.343405322426,235040.00113359708
317,SPINE_FRAME,2,0.9184401633029775,-7.718735311690509,0.13208089687733549,0.5242444402128739,1.0556626986743831,0.02800441392756308,17961.454265783686,325173.11174486054
318,SPINE_FRAME,2,0.9184401633029775,10.678714697553259,0.06326876230011097,-0.3555469049060678,-1.7577861639063856,0.04189103149486088,12007.343387133047,235040.0072597146
319,SPINE_FRAME,2,0.9184401633029775,-7.718735191058221,0.13208087899379772,0.5242443353011379,1.0556626827136926,0.028004412617215438,17961.455106213714,325173.11682682997
320,SPINE_FRAME,2,0.9184401633029775,10.67871497588469,0.06326875961935824,0.35554678555915886,1.7577861770405419,0.0418910314314018,12007.343405322501,235040.00113360095
321,SPINE_LONGERON,1,2.5,-15.331595940655049,-0.046548299482109305,0.17869398472408052,2.05531081368989,0.024434549449742802,20585.605682420086,63647.82395098629
322,SPINE_DIAGONAL,3,2.6633686064020505,-9.181028268044734,-0.02606868288845383,-0.0030769276038207167,0.20999609393096985,0.017962857667159826,28002.225999908573,10879.746157263142
323,SPINE_LONGERON,1,2.5,15.721005538785072,0.02387215401383054,-1.5665976030820568,1.9290600036285364,0.0284835487688263,17659.316403386725,62071.26617384811
324,SPINE_DIAGONAL,3,2.6633686064020505,8.719836145031575,-0.019908162011103136,-0.20023954313373823,0.18192716069129555,0.020242378429437973,24848.858633553653,11455.175918173434
325,SPINE_LONGERON,1,2.5,-15.33159599826162,-0.04654833382683258,-2.0553108144137213,0.17869399914616185,0.024434549492100235,20585.605646734817,63647.82371183748
326,SPINE_DIAGONAL,3,2.6633686064020505,-9.181028118727053,-0.02606868925039948,-0.20964807907876715,-0.012470250409684594,0.017962857250171757,28002.2266499496,10879.7463342083
327,SPINE_LONGERON,1,2.5,15.721006587883274,0.02387213058302185,-1.9290599911298405,-1.5665975998993076,0.028483549020272184,17659.31624749455,62071.26203169262
328,SPINE_DIAGONAL,3,2.6633686064020505,8.719836120572017,-0.019908163381938977,-0.1907047822395724,-0.1918985432599781,0.020242378279612498,24848.858817474335,11455.175950305751
329,SPINE_LONGERON,1,2.5,-15.33159594065529,-0.04654829948208951,-0.1786939847240691,-2.055310813689875,0.024434549449742732,20585.605682420144,63647.82395098529
330,SPINE_DIAGONAL,3,2.6633686064020505,-9.18102826804482,-0.026068682888451416,0.0030769276038204937,-0.2099960939309714,0.017962857667159975,28002.22599990834,10879.74615726304
331,SPINE_LONGERON,1,2.5,15.7210055387851,0.023872154013811403,1.5665976030820277,-1.9290600036285293,0.028483548768826087,17659.316403386856,62071.266173847995
332,SPINE_DIAGONAL,3,2.6633686064020505,8.719836145031723,-0.019908162011105453,0.20023954313373352,-0.18192716069129147,0.02024237842943784,24848.858633553813,11455.175918173241
333,SPINE_LONGERON,1,2.5,-15.331595998260667,-0.046548333826826216,2.0553108144136822,-0.1786939991461542,0.024434549492099538,20585.605646735406,63647.82371184144
334,SPINE_DIAGONAL,3,2.6633686064020505,-9.181028118726747,-0.026068689250397986,0.20964807907876426,0.012470250409684639,0.017962857250171344,28002.226649950248,10879.746334208661
335,SPINE_LONGERON,1,2.5,15.721006587882727,0.02387213058303487,1.9290599911298307,1.5665975998993187,0.02848354902027199,17659.31624749467,62071.26203169478
336,SPINE_DIAGONAL,3,2.6633686064020505,8.719836120571705,-0.019908163381937745,0.19070478223957404,0.19189854325998,0.020242378279612314,24848.85881747456,11455.175950306162
337,SPINE_FRAME,2,0.9184401633029775,-3.0705522150587923,0.02265576632691378,-0.22402807629363664,-0.2695721330820702,0.008737915065583243,57565.21964618405,817418.1724472909
338,SPINE_FRAME,2,0.9184401633029775,0.8554449185557184,0.02250635645985652,0.13332979892163752,0.27745442597293835,0.006658310248128977,75544.69246027486,2934058.202455566
339,SPINE_FRAME,2,0.9184401633029775,-3.0705521896291597,0.022655772991517192,-0.22402806626065633,-0.2695721340645165,0.008737914943400756,57565.220451119974,817418.179216967
340,SPINE_FRAME,2,0.9184401633029775,0.8554448898270235,0.0225063591367672,-0.1333298303822475,-0.2774544323167527,0.006658310622252605,75544.68821549627,2934058.300991034
341,SPINE_FRAME,2,0.9184401633029775,-3.0705522150587408,0.022655766326914115,0.2240280762936273,0.26957213308207506,0.008737915065583168,57565.21964618454,817418.1724473046
342,SPINE_FRAME,2,0.9184401633029775,0.8554449185557386,0.022506356459855922,-0.1333297989216359,-0.27745442597293013,0.006658310248128827,75544.69246027656,2934058.2024554964
343,SPINE_FRAME,2,0.9184401633029775,-3.07055218962915,0.022655772991516193,0.22402806626064603,0.26957213406450364,0.008737914943400421,57565.22045112218,817418.1792169695
344,SPINE_FRAME,2,0.9184401633029775,0.8554448898270245,0.02250635913676438,0.13332983038224036,0.27745443231675004,0.006658310622252492,75544.68821549755,2934058.3009910304
345,SPINE_LONGERON,1,2.5,-4.111594759979553,-0.007361540520964461,0.014746147691657647,-0.4384586524942636,0.005488954929008899,91638.57355462438,237334.36203798483
346,SPINE_DIAGONAL,3,2.6633686064020505,-2.443745270515425,-0.0055272564134601415,-0.007888883217170205,-0.043254180085796,0.004242727702360311,118555.80543624598,40874.659983655394
347,SPINE_LONGERON,1,2.5,4.18755755151421,0.0011907539290252163,0.42558489141484185,-0.44208135320109354,0.007138637431619371,70461.62588003807,233029.08851141963
348,SPINE_DIAGONAL,3,2.6633686064020505,2.3753810997715945,-0.004884256570281439,0.04563459733191186,-0.050949282729366815,0.005275419989110763,95347.85875594085,42051.044789650245
349,SPINE_LONGERON,1,2.5,-4.111594767207521,-0.007361553937942672,0.4384586439466868,0.014746156664993829,0.0054889548561689525,91638.57477069355,237334.3616207635
350,SPINE_DIAGONAL,3,2.6633686064020505,-2.4437453631355943,-0.005527257352292162,0.04285786190663608,-0.009816416268253417,0.00424272767866068,118555.80609849186,40874.65843446865
351,SPINE_LONGERON,1,2.5,4.187558236749133,0.0011907485917489178,0.4420813554736746,0.4255849024256155,0.007138637753699731,70461.62270095733,233029.05037949156
352,SPINE_DIAGONAL,3,2.6633686064020505,2.3753813177082996,-0.004884258038415033,0.05294020033696159,0.04330913373915707,0.0052754201902937385,95347.85511976301,42051.04093154709
353,SPINE_LONGERON,1,2.5,-4.1115947599796385,-0.007361540520962058,-0.014746147691660496,0.4384586524942551,0.005488954929008849,91638.57355462521,237334.3620379799
354,SPINE_DIAGONAL,3,2.6633686064020505,-2.4437452705155565,-0.005527256413459883,0.007888883217169787,0.043254180085795416,0.004242727702360403,118555.80543624342,40874.6599836532
355,SPINE_LONGERON,1,2.5,4.187557551514402,0.0011907539290226176,-0.4255848914148422,0.442081353201085,0.007138637431619383,70461.62588003796,233029.08851140895
356,SPINE_DIAGONAL,3,2.6633686064020505,2.3753810997715163,-0.004884256570281636,-0.045634597331911324,0.0509492827293658,0.00527541998911064,95347.85875594306,42051.04478965163
357,SPINE_LONGERON,1,2.5,-4.111594767207151,-0.007361553937941027,-0.4384586439466878,-0.014746156664994254,0.005488954856168834,91638.57477069553,237334.3616207848
358,SPINE_DIAGONAL,3,2.6633686064020505,-2.443745363135406,-0.005527257352292026,-0.042857861906636575,0.00981641626825307,0.0042427276786605244,118555.80609849619,40874.6584344718
359,SPINE_LONGERON,1,2.5,4.187558236748927,0.0011907485917496477,-0.4420813554736727,-0.4255849024256119,0.007138637753699625,70461.62270095837,233029.05037950302
360,SPINE_DIAGONAL,3,2.6633686064020505,2.3753813177082606,-0.004884258038414904,-0.05294020033696141,-0.04330913373915669,0.005275420190293686,95347.85511976396,42051.04093154778
361,SPINE_FRAME,2,0.9184401633029775,-0.7854313749095883,0.0034402709627567724,-0.07415779961038307,-0.07115448336153585,0.0024965621255667206,201477.06113494723,3195600.863698956
362,SPINE_FRAME,2,0.9184401633029775,0.16938264912691214,0.0020877529457528667,0.06510552121784784,0.08539610210800985,0.002247561991001124,223798.05407545195,14818077.25274591
363,SPINE_FRAME,2,0.9184401633029775,-0.7854313280243934,0.0034402690507309673,-0.07415779953774324,-0.07115449215650771,0.002496562219852474,201477.05352591738,3195601.054455759
364,SPINE_FRAME,2,0.9184401633029775,0.16938263503135165,0.002087752879270533,-0.0651055206796648,-0.08539610756761284,0.0022475620636964694,223798.04683690798,14818078.485865848
365,SPINE_FRAME,2,0.9184401633029775,-0.7854313749095927,0.003440270962756887,0.07415779961038493,0.07115448336153896,0.002496562125566793,201477.0611349414,3195600.863698938
366,SPINE_FRAME,2,0.9184401633029775,0.16938264912689305,0.002087752945752794,-0.06510552121784739,-0.08539610210800586,0.0022475619910010446,223798.05407545986,14818077.25274758
367,SPINE_FRAME,2,0.9184401633029775,-0.785431328024377,0.003440269050731002,0.07415779953773863,0.07115449215650282,0.00249656221985233,201477.05352592902,3195601.054455826
368,SPINE_FRAME,2,0.9184401633029775,0.16938263503137074,0.0020877528792705956,0.06510552067966038,0.08539610756761307,0.0022475620636964295,223798.04683691193,14818078.485864177
369,SPINE_LONGERON,1,2.5,-1.0864496576275542,-0.0017271565422067965,0.002568880543034939,0.12811635532479268,0.001563793857905489,321653.64856574323,898175.7345750763
370,SPINE_DIAGONAL,3,2.6633686064020505,-0.6084439395942063,-0.0011799249156220818,-0.00021193787607601787,0.013400602101751247,0.0011662435195414682,431299.2883319638,164168.38186539005
371,SPINE_LONGERON,1,2.5,1.084796189857883,0.0005985918257339043,-0.08013116666420582,0.08956124669566753,0.0014892242551489202,337759.7418662113,899544.7517623648
372,SPINE_DIAGONAL,3,2.6633686064020505,0.607681474444913,-0.001055808898175059,-0.009806358235508957,0.00793597938090398,0.0011300095735228145,445128.9721660439,164374.36588012832
373,SPINE_LONGERON,1,2.5,-1.0864499092630382,-0.0017271589998306977,-0.1281163520130592,0.0025688878232662526,0.0015637939153850871,321653.63674287946,898175.5265462627
374,SPINE_DIAGONAL,3,2.6633686064020505,-0.6084438881934453,-0.001179925214933469,-0.013377696176374418,-0.0008113431558367037,0.0011662434362049092,431299.3191514287,164168.3957341788
375,SPINE_LONGERON,1,2.5,1.0847965981034164,0.0005985872387299679,-0.0895612413144286,-0.08013116184832189,0.0014892243286336205,337759.72519970045,899544.4132333469
376,SPINE_DIAGONAL,3,2.6633686064020505,0.607681647828624,-0.0010558094187798257,-0.00836682099414389,-0.009441435402743888,0.0011300096730594562,445128.9329569609,164374.31898083878
377,SPINE_LONGERON,1,2.5,-1.0864496576276252,-0.0017271565422068056,-0.002568880543036941,-0.12811635532479085,0.0015637938579054968,321653.6485657416,898175.7345750175
378,SPINE_DIAGONAL,3,2.6633686064020505,-0.6084439395941743,-0.0011799249156220842,0.0002119378760758045,-0.013400602101751069,0.0011662435195414307,431299.28833197773,164168.38186539867
379,SPINE_LONGERON,1,2.5,1.084796189857876,0.0005985918257339915,0.08013116666420272,-0.08956124669566619,0.0014892242551488891,337759.7418662183,899544.7517623707
380,SPINE_DIAGONAL,3,2.6633686064020505,0.6076814744449877,-0.0010558088981750242,0.009806358235508648,-0.007935979380903832,0.001130009573522868,445128.97216602275,164374.36588010812
381,SPINE_LONGERON,1,2.5,-1.086449909262825,-0.001727158999830752,0.1281163520130569,-0.0025688878232631735,0.0015637939153849917,321653.6367428991,898175.5265464388
382,SPINE_DIAGONAL,3,2.6633686064020505,-0.608443888193392,-0.001179925214933504,0.013377696176374153,0.0008113431558370576,0.0011662434362048491,431299.31915145094,164168.39573419318
383,SPINE_LONGERON,1,2.5,1.0847965981034235,0.0005985872387300945,0.0895612413144271,0.0801311618483258,0.0014892243286336365,337759.7251996968,899544.4132333411
384,SPINE_DIAGONAL,3,2.6633686064020505,0.6076816478285281,-0.0010558094187797958,0.00836682099414386,0.009441435402744265,0.001130009673059379,445128.93295699125,164374.31898086471
385,SPINE_FRAME,2,0.9184401633029775,-0.20040878167464315,-0.00034771323663606527,-0.010453755365467226,-0.01210618922500517,0.000431754123121921,1165014.9310976244,12524027.934624726
386,SPINE_FRAME,2,0.9184401633029775,0.11736094032071209,-0.00014318808131346186,0.00658500951697461,0.014313577335357985,0.00038094590687934326,1320397.4394173366,21386375.851952698
387,SPINE_FRAME,2,0.9184401633029775,-0.2004087751616188,-0.00034771227771499946,-0.010453755361577888,-0.012106192533877458,0.0004317541694518285,1165014.8060842769,12524028.341639332
388,SPINE_FRAME,2,0.9184401633029775,0.11736096024470433,-0.0001431880598180735,-0.006585009782049668,-0.014313580532659742,0.00038094597837763546,1320397.1915969965,21386372.221256547
389,SPINE_FRAME,2,0.9184401633029775,-0.20040878167463205,-0.0003477132366361403,0.010453755365467998,0.012106189225007835,0.00043175412312196544,1165014.9310975045,12524027.93462542
390,SPINE_FRAME,2,0.9184401633029775,0.11736094032071698,-0.00014318808131344582,-0.006585009516974107,-0.014313577335357541,0.0003809459068793336,1320397.4394173701,21386375.851951808
391,SPINE_FRAME,2,0.9184401633029775,-0.20040877516161792,-0.00034771227771484897,0.01045375536157754,0.012106192533875237,0.00043175416945178974,1165014.8060843814,12524028.341639388
392,SPINE_FRAME,2,0.9184401633029775,0.11736096024471543,-0.00014318805981809648,0.006585009782048991,0.014313580532660408,0.00038094597837764804,1320397.191596953,21386372.221254524
393,SPINE_LONGERON,1,1.0,-0.3368274305470891,-0.00012604569262492267,0.002403106883824127,-0.040218666788310764,0.0004900246944512174,1026478.8809537727,18106874.44853988
394,SPINE_DIAGONAL,3,1.357767407757308,-0.18393968767350088,-0.0007310337398457256,-0.0015138723771668389,-0.002169007238589926,0.00029047636458540886,1731638.30633147,2089519.5367940974
395,SPINE_LONGERON,1,1.0,0.339801630740169,-0.00047477857215629665,0.02828148965315286,-0.028952272486280413,0.0004927594914717612,1020781.960988012,17948389.424899425
396,SPINE_DIAGONAL,3,1.357767407757308,0.18385202834041792,-0.0006462374595756287,0.0027274981740625717,-0.0020680585077167274,0.00032493017794815103,1548024.8808415188,2090515.804774998
397,SPINE_LONGERON,1,1.0,-0.3368274636845854,-0.00012604786786436437,0.04021866249541774,0.0024031085503422034,0.000490024667048471,1026478.9383556596,18106872.66716351
398,SPINE_DIAGONAL,3,1.357767407757308,-0.18393976301563697,-0.0007310335287593912,0.0017937236822967578,-0.0019439536030815552,0.00029047641865235027,1731637.9840182601,2089518.6809222472
399,SPINE_LONGERON,1,1.0,0.33980192174925605,-0.00047478028167526054,0.028952269224813733,0.028281489824384318,0.0004927595712801139,1020781.7956600682,17948374.053754985
400,SPINE_DIAGONAL,3,1.357767407757308,0.18385210124179707,-0.0006462373979845268,0.0026050517575223198,0.0022203189523897077,0.00032493023604263744,1548024.6040691524,2090514.97583976
401,SPINE_LONGERON,1,1.0,-0.3368274305470891,-0.00012604569262491226,-0.0024031068838249042,0.04021866678830954,0.0004900246944512064,1026478.8809537955,18106874.44853988
402,SPINE_DIAGONAL,3,1.357767407757308,-0.18393968767355062,-0.0007310337398457459,0.0015138723771669776,0.002169007238589829,0.0002904763645854547,1731638.3063311966,2089519.5367935323
403,SPINE_LONGERON,1,1.0,0.3398016307402827,-0.00047477857215618216,-0.028281489653152816,0.028952272486278404,0.0004927594914717867,1020781.960987959,17948389.42489342
404,SPINE_DIAGONAL,3,1.357767407757308,0.1838520283404108,-0.0006462374595755851,-0.002727498174062565,0.002068058507716547,0.0003249301779481392,1548024.880841575,2090515.8047750788
405,SPINE_LONGERON,1,1.0,-0.3368274636845001,-0.00012604786786456906,-0.04021866249541589,-0.002403108550343369,0.000490024667048425,1026478.9383557556,18106872.667168092
406,SPINE_DIAGONAL,3,1.357767407757308,-0.18393976301560855,-0.0007310335287594017,-0.0017937236822966399,0.0019439536030812915,0.00029047641865231183,1731637.9840184893,2089518.6809225702
407,SPINE_LONGERON,1,1.0,0.33980192174922763,-0.0004747802816751773,-0.028952269224814343,-0.028281489824385234,0.0004927595712801141,1020781.7956600678,17948374.053756487
408,SPINE_DIAGONAL,3,1.357767407757308,0.1838521012418184,-0.0006462373979845462,-0.0026050517575222643,-0.0022203189523897007,0.0003249302360426551,1548024.604069068,2090514.9758395175
409,SPINE_FRAME,2,0.9184401633029775,-0.11077766576862258,-3.172309873471029e-05,-0.007476410472621537,-0.0042024290418598564,0.00023332186886138652,2155820.2086013025,22657321.42505811
410,SPINE_FRAME,2,0.9184401633029775,0.02985381526434816,-9.87721556424951e-05,0.006905369906740519,0.005132749276650639,0.00018908208145662563,2660220.345180542,84073849.78477864
411,SPINE_FRAME,2,0.9184401633029775,-0.11077765332136158,-3.172372227848452e-05,-0.0074764148819921215,-0.004202431662537975,0.00023332196483214775,2155819.3218622133,22657323.970892806
412,SPINE_FRAME,2,0.9184401633029775,0.029853787031223433,-9.877242477065356e-05,-0.006905374421749675,-0.005132750490572935,0.00018908215305881126,2660219.3378004804,84073929.29454015
413,SPINE_FRAME,2,0.9184401633029775,-0.11077766576862125,-3.172309873473837e-05,0.007476410472621974,0.004202429041860967,0.00023332186886140438,2155820.208601137,22657321.425058383
414,SPINE_FRAME,2,0.9184401633029775,0.029853815264347272,-9.877215564261035e-05,-0.006905369906740677,-0.005132749276649751,0.0001890820814566171,2660220.3451806623,84073849.78478114
415,SPINE_FRAME,2,0.9184401633029775,-0.11077765332135847,-3.1723722278526804e-05,0.007476414881991385,0.004202431662536643,0.00023332196483212003,2155819.32186247,22657323.970893443
416,SPINE_FRAME,2,0.9184401633029775,0.02985378703123054,-9.877242477063155e-05,0.0069053744217485846,0.005132750490574489,0.00018908215305881622,2660219.3378004106,84073929.29452014
417,SPINE_LONGERON,1,1.5,-0.11978989062080814,-0.0002466024013661229,-0.0006942615787253748,0.007820913121187538,0.00011416569816558332,4405876.792085661,22628108.68868658
418,SPINE_DIAGONAL,3,1.7588440333264348,-0.07733604155446017,-9.646559187748572e-05,0.00014004974118098784,0.0009289210767397353,0.00011384245950575738,4418386.621158353,2961665.7386271576
419,SPINE_LONGERON,1,1.5,0.11899133602511824,0.00015544256329913346,-0.001970445889425382,0.0032300687822533966,7.612287813325185e-05,6607737.546648024,22779966.637246016
420,SPINE_DIAGONAL,3,1.7588440333264348,-0.07795684046340412,8.246789390534034e-05,1.1690739474108647e-05,-0.0004973080278859246,9.454599229578707e-05,5320162.047973063,2938080.9082483593
421,SPINE_LONGERON,1,1.5,-0.11978999522131062,-0.0002466031129315536,-0.007820912123888196,-0.0006942587919970197,0.00011416572278689105,4405875.841901615,22628088.929844998
422,SPINE_DIAGONAL,3,1.7588440333264348,-0.07733601724239136,-9.646536711281422e-05,-0.0009387733496650577,3.482139795096123e-05,0.00011384242800636547,4418387.843694575,2961666.6696839123
423,SPINE_LONGERON,1,1.5,0.11899149753047311,0.00015544193230955863,-0.0032300667106271164,-0.0019704436314434935,7.612290635202569e-05,6607735.097158634,22779935.718342803
424,SPINE_DIAGONAL,3,1.7588440333264348,-0.07795691795133308,8.24680842609006e-05,0.0004954742792129437,-4.4243961861707704e-05,9.454607962641526e-05,5320157.133828601,2938077.9878429524
425,SPINE_LONGERON,1,1.5,-0.11978989062086498,-0.00024660240136636317,0.0006942615787236539,-0.00782091312118669,0.00011416569816559366,4405876.792085262,22628108.688675843
426,SPINE_DIAGONAL,3,1.7588440333264348,-0.07733604155441753,-9.6465591877488e-05,-0.00014004974118104335,-0.0009289210767396971,0.00011384245950571662,4418386.621159935,2961665.7386287902
427,SPINE_LONGERON,1,1.5,0.11899133602514667,0.0001554425632992783,0.0019704458894240044,-0.0032300687822525848,7.612287813324857e-05,6607737.546648307,22779966.637240577
428,SPINE_DIAGONAL,3,1.7588440333264348,-0.07795684046344675,8.246789390531752e-05,-1.1690739474157219e-05,0.0004973080278860217,9.45459922958309e-05,5320162.047970597,2938080.908246753
429,SPINE_LONGERON,1,1.5,-0.11978999522119693,-0.0002466031129314903,0.007820912123887977,0.0006942587919978871,0.00011416572278685058,4405875.841903177,22628088.92986647
430,SPINE_DIAGONAL,3,1.7588440333264348,-0.0773360172423736,-9.646536711280246e-05,0.0009387733496649918,-3.4821397950864086e-05,0.00011384242800634591,4418387.843695334,2961666.669684592
431,SPINE_LONGERON,1,1.5,0.11899149753055838,0.0001554419323093843,0.003230066710625961,0.0019704436314449195,7.612290635205278e-05,6607735.097156282,22779935.71832648
432,SPINE_DIAGONAL,3,1.7588440333264348,-0.07795691795129756,8.246808426085685e-05,-0.0004954742792128049,4.424396186171464e-05,9.454607962637616e-05,5320157.133830801,2938077.987844291
433,SPINE_FRAME,2,0.9184401633029775,-0.023526280836642766,-0.00013991746427641216,-0.0036920438596010287,-0.001554124820473124,9.338903949576267e-05,5386071.028418946,106686016.26688346
434,SPINE_FRAME,2,0.9184401633029775,-0.009758975966419392,-0.00012168053018098038,0.0035976163409572617,0.0018468263965154552,8.652701620041761e-05,5813213.283986699,257191450.07365364
435,SPINE_FRAME,2,0.9184401633029775,-0.0235262962459184,-0.00013991741930515528,-0.003692046750248448,-0.0015541268498058258,9.33891171978063e-05,5386066.54707531,106685946.38957623
436,SPINE_FRAME,2,0.9184401633029775,-0.009758959408930235,-0.0001216806753163842,-0.0035976151797475443,-0.00184682801946634,8.652700124744528e-05,5813214.288584295,257191886.4362275
437,SPINE_FRAME,2,0.9184401633029775,-0.023526280836651203,-0.00013991746427658363,0.0036920438596011493,0.0015541248204749003,9.338903949578346e-05,5386071.028417747,106686016.2668452
438,SPINE_FRAME,2,0.9184401633029775,-0.009758975966410066,-0.0001216805301809431,-0.003597616340956713,-0.001846826396514789,8.652701620039657e-05,5813213.283988113,257191450.07389942
439,SPINE_FRAME,2,0.9184401633029775,-0.02352629624592817,-0.0001399174193049795,0.003692046750248331,0.0015541268498033833,9.338911719779046e-05,5386066.5470762225,106685946.38953193
440,SPINE_FRAME,2,0.9184401633029775,-0.009758959408930235,-0.00012168067531640353,0.0035976151797467095,0.0018468280194685605,8.652700124745073e-05,5813214.288583929,257191886.4362275
441,SPINE_LONGERON,1,2.5,-0.02882052982215555,1.072800888972077e-05,0.00021813338237566988,-0.0006029652778509065,1.5880581016124956e-05,31673904.090112302,33858597.51156666
442,SPINE_DIAGONAL,3,2.6633686064020505,0.018837809606871758,1.0584398989351492e-05,-2.9466505669616117e-05,3.737510989639502e-05,1.957431872289274e-05,25696935.20989452,5302487.8743092595
443,SPINE_LONGERON,1,2.5,0.02876841888468107,-2.105521036808132e-05,0.0006467178168745695,-0.00080832560677072,1.952026741783605e-05,25768089.608260136,33919928.767377816
444,SPINE_DIAGONAL,3,2.6633686064020505,0.0189102669616652,-5.814372191127238e-06,9.160083462116369e-05,-8.867889414334446e-05,2.3229046685482104e-05,21653923.504074294,5282170.644204808
445,SPINE_LONGERON,1,2.5,-0.028820523003076914,1.0728896969445113e-05,0.000602963455011441,0.00021813495503523843,1.5880567761053877e-05,31673930.527444795,33858605.5226787
446,SPINE_DIAGONAL,3,2.6633686064020505,0.01883785696728424,1.0584233912082526e-05,-3.865647519161845e-05,-2.7764600325785177e-05,1.957437293242186e-05,25696864.044459876,5302474.543280505
447,SPINE_LONGERON,1,2.5,0.028768516892938578,-2.105487784888121e-05,0.0008083261866481777,0.0006467197206101952,1.9520316398451495e-05,25768024.950656123,33919813.20934868
448,SPINE_DIAGONAL,3,2.6633686064020505,0.018910303520137006,-5.81423693629202e-06,9.268896609577852e-05,8.754148645478705e-05,2.3229097577278737e-05,21653876.063270036,5282160.432412789
449,SPINE_LONGERON,1,2.5,-0.028820529822056073,1.0728008889491353e-05,-0.0002181333823787785,0.0006029652778506561,1.5880581016098308e-05,31673904.09016545,33858597.51168352
450,SPINE_DIAGONAL,3,2.6633686064020505,0.018837809606903733,1.0584398989334416e-05,2.9466505669409684e-05,-3.7375109896546806e-05,1.9574318722921918e-05,25696935.209856216,5302487.874300259
451,SPINE_LONGERON,1,2.5,0.028768418884808966,-2.1055210367840627e-05,-0.0006467178168762834,0.0008083256067696488,1.952026741788226e-05,25768089.60819913,33919928.76722702
452,SPINE_DIAGONAL,3,2.6633686064020505,0.018910266961647437,-5.8143721910958505e-06,-9.160083462141956e-05,8.867889414329935e-05,2.3229046685472505e-05,21653923.504083242,5282170.6442097705
453,SPINE_LONGERON,1,2.5,-0.028820523003062704,1.0728896969574783e-05,-0.0006029634550137037,-0.00021813495503508057,1.5880567761068236e-05,31673930.52741615,33858605.5226954
454,SPINE_DIAGONAL,3,2.6633686064020505,0.0188378569672345,1.0584233912117058e-05,3.865647519139814e-05,2.776460032580079e-05,1.9574372932368244e-05,25696864.044530265,5302474.543294505
455,SPINE_LONGERON,1,2.5,0.028768516892881735,-2.1054877849062056e-05,-0.0008083261866505959,-0.0006467197206094719,1.952031639844526e-05,25768024.950664353,33919813.209415704
456,SPINE_DIAGONAL,3,2.6633686064020505,0.018910303520190297,-5.8142369362493024e-06,-9.268896609601791e-05,-8.754148645478358e-05,2.3229097577335742e-05,21653876.063216895,5282160.432397904
457,SPINE_FRAME,2,0.9184401633029775,-0.002989170568304278,3.796013908052634e-05,-0.00047625302941655496,-0.0003392962483625972,1.33978465725363e-05,37543346.78164469,839672786.3747134
458,SPINE_FRAME,2,0.9184401633029775,-0.0014510854374636395,3.70678988452255e-05,0.0004577524818519911,0.0003667417837822651,1.2582559679871947e-05,39975967.75198598,1729688077.1020977
459,SPINE_FRAME,2,0.9184401633029775,-0.0029891662102023986,3.7960503663270415e-05,-0.0004762552236247642,-0.00033929822678691046,1.33979032630047e-05,37543187.924704716,839674010.5888557
460,SPINE_FRAME,2,0.9184401633029775,-0.0014510926059729812,3.706804236418095e-05,-0.0004577552080835632,-0.0003667423663744618,1.2582613677945543e-05,39975796.1957971,1729679532.309651
461,SPINE_FRAME,2,0.9184401633029775,-0.002989170568308719,3.796013908056263e-05,0.00047625302941792973,0.0003392962483641515,1.3397846572579276e-05,37543346.78152426,839672786.373466
462,SPINE_FRAME,2,0.9184401633029775,-0.0014510854374623072,3.706789884531548e-05,-0.0004577524818526616,-0.0003667417837809328,1.2582559679865084e-05,39975967.75200778,1729688077.1036856
463,SPINE_FRAME,2,0.9184401633029775,-0.0029891662101966254,3.796050366327646e-05,0.00047625522362623436,0.0003392982267855782,1.339790326301001e-05,37543187.92468984,839674010.5904775
464,SPINE_FRAME,2,0.9184401633029775,-0.0014510926059738694,3.706804236431497e-05,0.00045775520808514483,0.00036674236637668223,1.2582613677998679e-05,39975796.19562828,1729679532.3085923
465,SPINE_LONGERON,1,2.0,-0.005443821140858063,-1.3912732420521406e-06,-3.116985813123724e-05,0.00021953332709794012,3.9335867924620195e-06,127873115.94697875,280083228.2110536
466,SPINE_DIAGONAL,3,2.2008026566614283,-0.004681086827773129,-1.5745915589117278e-06,-9.31495409826899e-07,1.8924746282509772e-05,5.183420538357457e-06,97040168.02761534,31250987.117944866
467,SPINE_LONGERON,1,2.0,0.005428113321912065,-1.4859750138871905e-06,-0.00010615937484119778,0.0001619034126047001,3.6670571496484638e-06,137167210.51053685,280893730.199063
468,SPINE_DIAGONAL,3,2.2008026566614283,0.004691423596149491,-3.179155191326171e-06,-1.8314054755032283e-05,1.213779773946537e-05,5.329942652157225e-06,94372497.57207374,31182130.78707847
469,SPINE_LONGERON,1,2.0,-0.005443854088355238,-1.3903237804906848e-06,-0.0002195327197699874,-3.116933101558403e-05,3.933591851617382e-06,127872951.48406935,280081533.0808719
470,SPINE_DIAGONAL,3,2.2008026566614283,-0.004681077044594417,-1.5744739771718645e-06,-1.8818603157303923e-05,-2.2085469982037476e-06,5.183415937581636e-06,97040254.16001607,31251052.430689983
471,SPINE_LONGERON,1,2.0,0.005428130866661718,-1.4858811247034365e-06,-0.00016190311757783953,-0.00010615882611180599,3.66705810813321e-06,137167174.65817916,280892822.29719096
472,SPINE_DIAGONAL,3,2.2008026566614283,0.004691457515455966,-3.1791727513713858e-06,-1.3348008220023452e-05,-1.745162633597433e-05,5.329971847068687e-06,94371980.6468835,31181905.339816675
473,SPINE_LONGERON,1,2.0,-0.0054438211408864845,-1.3912732419315774e-06,3.116985813065784e-05,-0.000219533327097322,3.9335867924653695e-06,127873115.94686982,280083228.2095913
474,SPINE_DIAGONAL,3,2.2008026566614283,-0.004681086827716285,-1.5745915588269432e-06,9.314954099344519e-07,-1.8924746282449056e-05,5.1834205383023365e-06,97040168.02864726,31250987.118324354
475,SPINE_LONGERON,1,2.0,0.005428113321869432,-1.4859750129521745e-06,0.0001061593748413834,-0.0001619034126056889,3.6670571496423723e-06,137167210.5107647,280893730.20126915
476,SPINE_DIAGONAL,3,2.2008026566614283,0.004691423596156596,-3.179155191407703e-06,1.831405475499065e-05,-1.2137797739323122e-05,5.329942652158782e-06,94372497.57204618,31182130.787031244
477,SPINE_LONGERON,1,2.0,-0.00544385408839787,-1.3903237781583491e-06,0.0002195327197690663,3.11693310143038e-05,3.93359185162188e-06,127872951.48392312,280081533.0786785
478,SPINE_DIAGONAL,3,2.2008026566614283,-0.004681077044573101,-1.5744739771021503e-06,1.8818603157231065e-05,2.208546998245381e-06,5.183415937558848e-06,97040254.16044271,31251052.430832293
479,SPINE_LONGERON,1,2.0,0.005428130866604874,-1.4858811253166612e-06,0.00016190311757812055,0.00010615882611285203,3.667058108121149e-06,137167174.65863028,280892822.3001325
480,SPINE_DIAGONAL,3,2.2008026566614283,0.0046914575154204385,-3.179172751130747e-06,1.3348008219610588e-05,1.745162633571412e-05,5.329971847015049e-06,94371980.64783321,31181905.340052806
481,SPINE_FRAME,2,0.9184401633029775,-0.0013043643646666325,3.485603562313748e-06,-1.3622265293148153e-05,-9.414885271197271e-05,2.6305206722777625e-06,191216896.8299547,1924251572.6645305
482,SPINE_FRAME,2,0.9184401633029775,-0.0005760685857527648,3.895790501077449e-06,2.746360761611208e-06,0.0001022028878494563,2.3702151811699395e-06,212217018.94244003,4356990195.46006
483,SPINE_FRAME,2,0.9184401633029775,-0.0013043711245543932,3.4855955313490328e-06,-1.36226304629063e-05,-9.41498382556194e-05,2.6305450141508075e-06,191215127.39533123,1924241600.2537575
484,SPINE_FRAME,2,0.9184401633029775,-0.0005760677242858669,3.895692250484247e-06,-2.746258117837519e-06,-0.00010220360493762293,2.3702289701502815e-06,212215784.3544153,4356996711.018334
485,SPINE_FRAME,2,0.9184401633029775,-0.0013043643646510894,3.485603561941306e-06,1.3622265296018253e-05,9.414885271175066e-05,2.630520672272845e-06,191216896.83031216,1924251572.6874604
486,SPINE_FRAME,2,0.9184401633029775,-0.0005760685857545411,3.895790500804949e-06,-2.746360749816823e-06,-0.00010220288785056653,2.370215181186684e-06,212217018.94094083,4356990195.446625
487,SPINE_FRAME,2,0.9184401633029775,-0.001304371124602799,3.485595530299349e-06,1.3622630470957152e-05,9.41498382556194e-05,2.6305450142002908e-06,191215127.39173424,1924241600.182348
488,SPINE_FRAME,2,0.9184401633029775,-0.0005760677242623302,3.895692250112417e-06,2.7462581172511824e-06,0.00010220360493828906,2.370228970150106e-06,212215784.354431,4356996711.19635
489,RING1_SPOKE,5,10.8,-1006.9747222480086,-0.019394664268401286,0.3564963155978871,-0.310056561770531,0.566918515197311,887.252729477243,18.025878109430657
490,RING1_HUB_LINK,6,0.31326254099077994,132.21607185512585,0.27932449199881226,-301.28992076291524,-0.015510355277981999,4.422045635783979,113.7482607437686,263842.19151282345
491,RING1_SPOKE,5,10.800000553501143,-1002.862562076918,-0.059025332843457484,-10.127393684351887,0.2739639529110609,0.7583398524485513,663.291001225767,18.09978996961014
492,RING1_HUB_LINK,6,0.31326254099077994,132.1958164136331,-0.3384258210095119,-301.7187803598383,-0.0391199442143364,4.428242401244644,113.58908443192315,263882.61820875446
493,RING1_SPOKE,5,10.800000553501143,-1003.0870520516601,0.015444762724772021,9.770300574540705,0.3393127254680204,0.751346051081482,669.4651542734343,18.09573925299008
494,RING1_SPOKE,5,10.8,-1006.9747222630268,-0.019394665588464585,-0.356496682961545,0.31005660917962363,0.5669185213884586,887.2527197878213,18.025878109161816
495,RING1_HUB_LINK,6,0.31326254099077994,132.21607184333516,0.2793244931189971,-301.28992076542727,-0.015510356588741229,4.42204563581478,113.74826074297629,263842.1915363523
496,RING1_SPOKE,5,10.800000553501143,-1002.8625620206313,-0.059025334367062504,10.127393664541305,-0.27396395384032673,0.75833985202079,663.2910015999136,18.09978997062601
497,RING1_HUB_LINK,6,0.31326254099077994,132.19581640742524,-0.3384258264306297,-301.7187803523059,-0.03911994701734933,4.428242401132791,113.5890844347923,263882.6182211463
498,RING1_SPOKE,5,10.800000553501143,-1003.0870520183449,0.015444760955611977,-9.770300571802652,-0.3393127311688309,0.7513460510121197,669.4651543352376,18.095739253591084
499,RING1_SPOKE,5,10.8,-1006.9747222480089,-0.019394664268464305,-0.3564963155978639,0.3100565617700318,0.5669185151973041,887.2527294772538,18.02587810943065
500,RING1_HUB_LINK,6,0.31326254099077994,132.21607185512585,0.2793244919993647,301.28992076291433,0.0155103552779071,4.422045635783966,113.74826074376894,263842.19151282345
501,RING1_SPOKE,5,10.800000553501143,-1002.8625620769164,-0.05902533284347722,10.127393684351846,-0.2739639529116147,0.75833985244855,663.2910012257682,18.099789969610168
502,RING1_HUB_LINK,6,0.31326254099077994,132.1958164136298,-0.3384258210100164,301.7187803598381,0.039119944214382585,4.428242401244638,113.5890844319233,263882.61820876104
503,RING1_SPOKE,5,10.800000553501143,-1003.0870520516586,0.01544476272482081,-9.770300574540672,-0.3393127254685328,0.7513460510814808,669.4651542734354,18.095739252990104
504,RING1_SPOKE,5,10.8,-1006.9747222630257,-0.019394665588353233,0.3564966829615495,-0.3100566091792777,0.5669185213884536,887.2527197878292,18.025878109161834
505,RING1_HUB_LINK,6,0.31326254099077994,132.2160718433379,0.2793244931190113,301.2899207654268,0.015510356588625627,4.422045635814775,113.74826074297643,263842.1915363468
506,RING1_SPOKE,5,10.800000553501143,-1002.862562020629,-0.05902533436695162,-10.127393664541279,0.2739639538403507,0.7583398520207881,663.2910015999151,18.099789970626052
507,RING1_HUB_LINK,6,0.31326254099077994,132.19581640742854,-0.33842582643039165,301.71878035230475,0.03911994701722321,4.428242401132777,113.58908443479268,263882.6182211397
508,RING1_SPOKE,5,10.800000553501143,-1003.0870520183437,0.015444760955700196,9.770300571802586,0.3393127311685789,0.7513460510121176,669.4651543352394,18.09573925359111
509,RING1_CIRCUMFERENCE,4,6.211657042450509,-2760.9909491281596,0.061369952073764666,7.836815294155706,0.30629389763089776,0.8005712910370384,628.3013213581859,114.38538086432861
510,RING1_CIRCUMFERENCE,4,6.211657301079158,-2759.2137127329506,0.009223317889185068,-6.164740395997256,0.12255554222914533,0.790347442669799,636.4289587638351,114.45904806969672
511,RING1_CIRCUMFERENCE,4,6.211657042450509,2760.9588476996005,0.06844281812264816,-7.64810780125169,-0.3282679327019782,0.799472806643017,629.1646142563559,114.38671081321034
512,RING1_CIRCUMFERENCE,4,6.211657042450509,-2760.990949144775,0.061369956702774175,7.836815426580191,0.3062939301971461,0.8005712918174087,628.3013207457385,114.38538086364024
513,RING1_CIRCUMFERENCE,4,6.211657301079158,-2759.2137127428405,0.009223316375050195,-6.16474052566657,0.12255554988660755,0.7903474434262566,636.4289581546959,114.45904806928647
514,RING1_CIRCUMFERENCE,4,6.211657042450509,2760.95884771717,0.06844281614736633,7.648107876961756,0.32826789947979584,0.799472807078805,629.1646139134019,114.38671081248243
515,RING1_CIRCUMFERENCE,4,6.211657042450509,-2760.9909491281614,0.06136995207385687,-7.8368152941556914,-0.30629389763049275,0.8005712910370386,628.3013213581856,114.38538086432852
516,RING1_CIRCUMFERENCE,4,6.211657301079158,-2759.213712732953,0.009223317889241633,6.164740395997228,-0.12255554222881138,0.7903474426697993,636.4289587638348,114.45904806969664
517,RING1_CIRCUMFERENCE,4,6.211657042450509,2760.958847699603,0.06844281812284933,7.648107801251655,0.3282679327017757,0.7994728066430176,629.1646142563554,114.38671081321023
518,RING1_CIRCUMFERENCE,4,6.211657042450509,-2760.990949144779,0.06136995670254758,-7.836815426580156,-0.3062939301969472,0.8005712918174095,628.301320745738,114.3853808636401
519,RING1_CIRCUMFERENCE,4,6.211657301079158,-2759.2137127428423,0.009223316374950996,6.164740525666559,-0.12255554988633044,0.790347443426257,636.4289581546957,114.4590480692864
520,RING1_CIRCUMFERENCE,4,6.211657042450509,2760.9588477171696,0.06844281614745246,-7.6481078769617525,-0.3282678994801813,0.799472807078805,629.1646139134019,114.38671081248245
521,RING2_SPOKE,5,10.8,-1006.9804698526794,0.019100383002987827,-0.3563083687850693,-0.30153555853388114,0.566807562332823,887.4264096438502,18.025775222011962
522,RING2_HUB_LINK,6,0.31326254099077994,132.19668830051978,0.31553655222283705,-301.72058939368367,0.03995008606693773,4.428268725446838,113.58840919240835,263880.87780362484
523,RING2_SPOKE,5,10.800000553501143,-1003.0934856201752,-0.011200799829118752,-9.770488369313655,0.3167846736537339,0.7513381933971575,669.4721557088661,18.095623191845245
524,RING2_HUB_LINK,6,0.31326254099077994,132.21689964362577,-0.25535356640569695,-301.29186889443326,0.015678449102311198,4.422073988342407,113.74753143570696,263840.5396397837
525,RING2_SPOKE,5,10.800000553501143,-1002.8688646752955,0.05557701541751889,10.12740281808037,0.250240162558217,0.75833113709811,663.2986242986404,18.09967622023481
526,RING2_SPOKE,5,10.8,-1006.9804698610919,0.019100383337991023,0.3563082831037521,0.3015355537469428,0.5668075609638376,887.4264117872124,18.025775221861373
527,RING2_HUB_LINK,6,0.31326254099077994,132.19668829355385,0.3155365416242564,-301.7205894303354,0.03995008438997516,4.428268725973785,113.58840917889177,263880.8778175297
528,RING2_SPOKE,5,10.800000553501143,-1003.0934856120609,-0.01120079965649778,9.770488330385234,-0.31678466298642277,0.75133819260546,669.4721564143001,18.095623191991624
529,RING2_HUB_LINK,6,0.31326254099077994,132.21689964644702,-0.2553535560218867,-301.2918688565687,0.01567845059577433,4.4220739877957405,113.74753144976869,263840.5396341538
530,RING2_SPOKE,5,10.800000553501143,-1002.8688646627005,0.05557701510040168,-10.127402851846142,-0.25024015212655504,0.7583311377629048,663.2986237171563,18.099676220462122
531,RING2_SPOKE,5,10.8,-1006.9804698526774,0.019100383002841347,0.3563083687852011,0.3015355585325044,0.566807562332806,887.4264096438768,18.025775222012
532,RING2_HUB_LINK,6,0.31326254099077994,132.1966883005215,0.3155365522242901,301.72058939368526,-0.03995008606718642,4.428268725446861,113.58840919240775,263880.87780362146
533,RING2_SPOKE,5,10.800000553501143,-1003.093485620176,-0.011200799829109508,9.770488369313497,-0.3167846736551988,0.7513381933971558,669.4721557088676,18.09562319184523
534,RING2_HUB_LINK,6,0.31326254099077994,132.2168996436294,-0.2553535664070461,301.2918688944342,-0.015678449102161984,4.422073988342421,113.74753143570659,263840.5396397764
535,RING2_SPOKE,5,10.800000553501143,-1002.8688646753055,0.05557701541759234,-10.127402818080464,-0.25024016255956955,0.758331137098118,663.2986242986334,18.099676220234628
536,RING2_SPOKE,5,10.8,-1006.980469861093,0.01910038333819916,-0.3563082831037911,-0.3015355537458734,0.5668075609638249,887.4264117872323,18.025775221861355
537,RING2_HUB_LINK,6,0.31326254099077994,132.1966882935522,0.315536541624442,301.7205894303356,-0.03995008439035175,4.428268725973788,113.5884091788917,263880.877817533
538,RING2_SPOKE,5,10.800000553501143,-1003.0934856120653,-0.011200799656160876,-9.770488330385408,0.316784662986656,0.7513381926054661,669.4721564142945,18.095623191991546
539,RING2_HUB_LINK,6,0.31326254099077994,132.21689964644065,-0.25535355602128895,301.2918688565701,-0.015678450596209537,4.422073987795758,113.74753144976823,263840.5396341665
540,RING2_SPOKE,5,10.800000553501143,-1002.86886466269,0.055577015100724686,10.127402851846222,0.25024015212590833,0.7583311377629004,663.2986237171601,18.09967622046231
541,RING2_CIRCUMFERENCE,4,6.211657042450509,-2760.9469499345846,0.06477680169296662,7.647251532824988,0.29670856492645203,0.7994570946037098,629.1769794717209,114.38720374053958
542,RING2_CIRCUMFERENCE,4,6.211657301079158,2759.2018359752055,0.009348005332493109,6.164493944391797,-0.10340487016052347,0.7903407260422254,636.4343673884348,114.45954074927091
543,RING2_CIRCUMFERENCE,4,6.211657042450509,2760.9790157029556,0.05759637082651356,-7.835939175827299,-0.2750104001319462,0.8005562027724842,628.3131630958723,114.38587525757796
544,RING2_CIRCUMFERENCE,4,6.211657042450509,-2760.9469499354677,0.06477680107259376,7.647251574302135,0.2967085622118475,0.7994570948440249,629.1769792825917,114.387203740503
545,RING2_CIRCUMFERENCE,4,6.211657301079158,2759.201835977554,0.009348005146152638,6.16449398650591,-0.10340488032216655,0.790340726288389,636.4343671902077,114.4595407491735
546,RING2_CIRCUMFERENCE,4,6.211657042450509,2760.9790157100942,0.057596370878827324,7.835939182759198,0.27501040304197577,0.8005562028152594,628.3131630623002,114.38587525728221
547,RING2_CIRCUMFERENCE,4,6.211657042450509,-2760.9469499345846,0.064776801692642,-7.647251532825113,-0.2967085649270276,0.7994570946037108,629.1769794717202,114.38720374053958
548,RING2_CIRCUMFERENCE,4,6.211657301079158,2759.201835975202,0.009348005332508985,-6.164493944392056,0.10340487015921962,0.7903407260422258,636.4343673884345,114.45954074927107
549,RING2_CIRCUMFERENCE,4,6.211657042450509,2760.979015702956,0.057596370826410725,7.83593917582737,0.2750104001322651,0.8005562027724847,628.3131630958718,114.38587525757795
550,RING2_CIRCUMFERENCE,4,6.211657042450509,-2760.9469499354614,0.0647768010721412,-7.647251574302203,-0.2967085622122889,0.7994570948440237,629.1769792825927,114.38720374050325
551,RING2_CIRCUMFERENCE,4,6.211657301079158,2759.2018359775493,0.009348005146971483,-6.164493986505466,0.10340488032189832,0.7903407262883851,636.4343671902109,114.4595407491737
552,RING2_CIRCUMFERENCE,4,6.211657042450509,2760.9790157100933,0.05759637087930078,-7.835939182759006,-0.27501040304128743,0.800556202815258,628.3131630623014,114.38587525728225
553,PROP_BOOM,6,2.0,0.0036726747003536786,-0.00020480110996046216,0.0014140747515985089,-0.001067878992452028,2.749294617752898e-05,18295601.961026676,233025245.27910233
554,PROP_BOOM,6,2.49988406402537,-0.003676912258422614,0.0005027777328239432,0.0014721294390644957,0.0016869187478792474,3.470828608640765e-05,14492216.606367761,148978098.15314636
555,PROP_BOOM,6,2.0643859294698266,-0.003867566761124555,-0.0004903125226411048,0.001867383692473528,-4.7769452128155684e-05,2.9500851490435925e-05,17050355.314763404,207694898.16727495
556,PROP_BOOM,6,2.2425262497819287,0.003909418332216905,0.0003693500327247062,-0.0017012181798621569,0.00011575039649626938,2.6918189794476622e-05,18686249.106662113,174123830.51540145
557,PROP_BOOM,6,2.0643859294698266,-0.00629017187494213,-0.00013566955714556183,0.001800158942171223,0.0007954999729553203,3.149069519382558e-05,15972972.235259635,127703010.43869205
558,PROP_BOOM,6,2.7999997108858783,0.00631794224921314,0.00017924276029492026,0.0016412942800041461,-0.0011891135717974437,3.23850537748934e-05,15531856.253700344,69112054.52166323
559,PROP_BOOM,6,2.0,0.0036726747004054983,-0.00020480110994805585,-0.0014140747516283047,0.0010678789924702331,2.749294617803941e-05,18295601.960687004,233025245.27581444
560,PROP_BOOM,6,2.49988406402537,-0.003676912258478479,0.0005027777328377068,-0.0014721294390724286,-0.0016869187479209356,3.4708286086986045e-05,14492216.606126256,148978098.15088287
561,PROP_BOOM,6,2.0643859294698266,-0.0038675667610911374,-0.0004903125226317367,-0.0018673836924476513,4.77694520785929e-05,2.9500851490012016e-05,17050355.315008406,207694898.16906956
562,PROP_BOOM,6,2.2425262497819287,0.003909418332180878,0.00036935003275515477,0.0017012181798556178,-0.00011575039656282031,2.6918189794496897e-05,18686249.10664804,174123830.51700607
563,PROP_BOOM,6,2.0643859294698266,-0.006290171874988121,-0.00013566955714875329,-0.001800158942189707,-0.0007954999729858983,3.149069519427227e-05,15972972.235033061,127703010.43775834
564,PROP_BOOM,6,2.7999997108858783,0.006317942249260628,0.00017924276029732187,-0.0016412942800106021,0.0011891135718383767,3.238505377533997e-05,15531856.25348617,69112054.52114375
565,DOCK_LINK,7,0.5656854249492369,-0.000997003953273179,-4.139843148168697e-06,1.3953469729571788e-05,-8.048900474122433e-05,1.6530272400956667e-06,304290206.3555163,10729971532.091017
566,DOCK_LINK,7,0.5656857124746911,0.0011935463081726994,2.1852337483930714e-06,4.7366675399729274e-06,-3.191342969488531e-05,1.0300541846847352e-06,488323825.5606439,8963048260.316568
567,DOCK_LINK,7,0.5656854249492369,-0.000997006370539566,-4.139739567312999e-06,8.048881297462174e-05,1.3955133370616157e-05,1.653029716117621e-06,304289750.5686517,10729945517.011992
568,DOCK_LINK,7,0.5656857124746911,0.0011935530010021012,2.185160481650572e-06,2.8508575198760155e-05,1.510322537834341e-05,1.0300445961052162e-06,488328371.3170608,8962998000.166515
569,DOCK_LINK,7,0.5656854249492369,-0.0009970039532447572,-4.139843145236147e-06,-1.3953469732291834e-05,8.048900473944798e-05,1.6530272400625231e-06,304290206.3616174,10729971532.396898
570,DOCK_LINK,7,0.5656857124746911,0.0011935463082295428,2.1852337454943485e-06,-4.736667537752481e-06,3.191342969444122e-05,1.0300541846994962e-06,488323825.55364615,8963048259.889696
571,DOCK_LINK,7,0.5656854249492369,-0.0009970063705111443,-4.139739569759826e-06,-8.04888129803949e-05,-1.3955133363871552e-05,1.6530297161707924e-06,304289750.5588639,10729945517.317871
572,DOCK_LINK,7,0.5656857124746911,0.0011935530010021012,2.185160483228303e-06,-2.8508575195429486e-05,-1.5103225385892927e-05,1.030044596114292e-06,488328371.3127582,8962998000.166515
573,DOCK_RING,7,0.612293261803525,0.00015832716167185623,3.8521499728687704e-05,-0.0001321426187682103,-0.00012060486589682284,2.706836245815042e-06,185825795.99252564,57672800679.993576
574,DOCK_RING,7,0.612293261803525,0.00020484462788550317,-3.860549913782469e-05,0.0001315396861446133,0.000123898910809217,2.754212939270827e-06,182629306.84407005,44576081548.17661
575,DOCK_RING,7,0.612293261803525,0.00015832330431519992,3.852168446012216e-05,-0.00013214427333200184,-0.00012060594724516704,2.7068626481640325e-06,185823983.47443554,57674205808.332405
576,DOCK_RING,7,0.612293261803525,0.0002048369695346608,-3.860557459608053e-05,-0.00013154145401243073,-0.00012389941527946036,2.7542328092162176e-06,182627989.295916,44577748138.30656
577,DOCK_RING,7,0.612293261803525,0.00015832716168340255,3.852149972877448e-05,0.00013214261878621326,0.00012060486589415831,2.7068362459843477e-06,185825795.98090273,57672800675.787674
578,DOCK_RING,7,0.612293261803525,0.00020484462787262459,-3.8605499138413165e-05,-0.00013153968614673488,-0.0001238989108012234,2.754212939210069e-06,182629306.84809887,44576081550.97911
579,DOCK_RING,7,0.612293261803525,0.0001583233043120913,3.852168445922242e-05,0.00013214427333100784,0.0001206059472469434,2.7068626481671754e-06,185823983.47421977,57674205809.46482
580,DOCK_RING,7,0.612293261803525,0.00020483696950801544,-3.860557459562256e-05,0.0001315414540085276,0.00012389941528390125,2.754232809205741e-06,182627989.29661065,44577748144.10526
