load_case_id,node_id,x_m,ux_mm,uy_mm,uz_mm,translation_mm
LC-STR-01,1,-21.0,0.0,0.0,0.0,0.0
LC-STR-01,2,-21.0,0.0,0.0,0.0,0.0
LC-STR-01,3,-21.0,0.0,0.0,0.0,0.0
LC-STR-01,4,-21.0,0.0,0.0,0.0,0.0
LC-STR-01,5,-21.0,0.0,0.0,0.0,0.0
LC-STR-01,6,-21.0,0.0,0.0,0.0,0.0
LC-STR-01,7,-21.0,0.0,0.0,0.0,0.0
LC-STR-01,8,-21.0,0.0,0.0,0.0,0.0
LC-STR-01,9,-18.5,-0.03556987661602463,0.0006383366098387699,0.0859020919132124,0.09297737892182521
LC-STR-01,10,-18.5,-0.03556234683153154,-0.060412088134372065,0.06103764492816734,0.09295103551493288
LC-STR-01,11,-18.5,-0.03556408363644075,-0.08597217531542203,0.0003572640125318977,0.0930384147056476
LC-STR-01,12,-18.5,-0.035585801046854396,-0.06124129352697198,-0.06037842192779213,0.09307201031187375
LC-STR-01,13,-18.5,-0.03556987661602624,-0.0006383366098387052,-0.08590209191321617,0.0929773789218293
LC-STR-01,14,-18.5,-0.035562346831533385,0.06041208813437172,-0.06103764492817127,0.09295103551493593
LC-STR-01,15,-18.5,-0.03556408363644171,0.08597217531542178,-0.00035726401253562265,0.09303841470564776
LC-STR-01,16,-18.5,-0.03558580104685389,0.06124129352697167,0.06037842192778854,0.09307201031187103
LC-STR-01,17,-16.0,-0.0711780261375986,0.0007951794444373849,-0.000343559006113837,0.07118329683278381
LC-STR-01,18,-16.0,-0.07117862450061317,0.0006190415725290198,3.3670198546617306e-05,0.07118132432000741
LC-STR-01,19,-16.0,-0.07117842373660568,0.00013539291328930493,-0.0001179504869214003,0.0711786502343654
LC-STR-01,20,-16.0,-0.071177426583549,-0.000655225035194501,0.0007658426812107451,0.0711845621600331
LC-STR-01,21,-16.0,-0.071178026137602,-0.0007951794444459538,0.00034355900611175797,0.07118329683278728
LC-STR-01,22,-16.0,-0.07117862450061713,-0.0006190415725377358,-3.367019854874408e-05,0.07118132432001145
LC-STR-01,23,-16.0,-0.07117842373660782,-0.00013539291329825364,0.00011795048691875376,0.07117865023436755
LC-STR-01,24,-16.0,-0.07117742658354809,0.0006552250351851887,-0.00076584268121249,0.07118456216003212
LC-STR-01,25,-13.5,-0.10678090065933231,0.0006582803903411932,0.08585735399449439,0.13701853638696637
LC-STR-01,26,-13.5,-0.10679136326633071,-0.06040074906452416,0.06098553831923569,0.13701051653038898
LC-STR-01,27,-13.5,-0.10679269525604462,-0.08594799369964096,0.00032786144479405124,0.1370833500982921
LC-STR-01,28,-13.5,-0.10676633764126042,-0.06123845376134483,-0.060347333048012146,0.13708026728313485
LC-STR-01,29,-13.5,-0.10678090065933717,-0.0006582803903577327,-0.0858573539945041,0.1370185363869763
LC-STR-01,30,-13.5,-0.10679136326633652,0.06040074906450832,-0.06098553831924523,0.13701051653039076
LC-STR-01,31,-13.5,-0.10679269525604788,0.08594799369962512,-0.00032786144480367164,0.13708335009828473
LC-STR-01,32,-13.5,-0.10676633764125931,0.06123845376132895,0.06034733304800231,0.13708026728312256
LC-STR-01,33,-11.0,-0.1423888487144392,0.0005582204539249858,-0.00034721472826631296,0.14239036626951332
LC-STR-01,34,-11.0,-0.14239919202390927,0.0005858724038775637,8.378295240681146e-05,0.1424004218923488
LC-STR-01,35,-11.0,-0.1424015515880893,0.0003204672907097826,0.0004568354796946185,0.1424026449636213
LC-STR-01,36,-11.0,-0.14238565254601748,-0.0001580580647774708,0.0006001414312754547,0.14238700503572857
LC-STR-01,37,-11.0,-0.14238884871444557,-0.0005582204539567432,0.00034721472825097427,0.14239036626951979
LC-STR-01,38,-11.0,-0.14239919202391707,-0.0005858724039094453,-8.378295242222166e-05,0.14240042189235672
LC-STR-01,39,-11.0,-0.14240155158809384,-0.00032046729074159893,-0.0004568354797099741,0.14240264496362595
LC-STR-01,40,-11.0,-0.14238565254601618,0.0001580580647456626,-0.000600141431290785,0.1423870050357273
LC-STR-01,41,-8.5,-0.1780005461952755,0.0005243925638708604,0.08589747133274409,0.19764322658451275
LC-STR-01,42,-8.5,-0.17800733803703206,-0.060378128634749825,0.0610894304625083,0.19764627324262463
LC-STR-01,43,-8.5,-0.17800958394046912,-0.08589941083480356,0.00048663386225244635,0.1976521124828702
LC-STR-01,44,-8.5,-0.17799995839336974,-0.06110428371576978,-0.06038559596086597,0.19764649978182663
LC-STR-01,45,-8.5,-0.17800054619528322,-0.0005243925639167961,-0.08589747133277281,0.19764322658453232
LC-STR-01,46,-8.5,-0.17800733803704155,0.06037812863470381,-0.06108943046253713,0.19764627324262804
LC-STR-01,47,-8.5,-0.17800958394047484,0.08589941083475763,-0.00048663386228110263,0.19765211248285547
LC-STR-01,48,-8.5,-0.17799995839336816,0.061104283715723864,0.06038559596083731,0.19764649978180227
LC-STR-01,49,-6.0,-0.21361745833709983,0.000506981908731797,-0.00037181954170544164,0.21361838354137494
LC-STR-01,50,-6.0,-0.21361845493942505,0.0006214103260840518,9.475974244173123e-05,0.21361937978776485
LC-STR-01,51,-6.0,-0.21362151234226018,0.00037206331451618746,0.000504193380977343,0.2136224313537084
LC-STR-01,52,-6.0,-0.21361440032033158,-9.521785596269368e-05,0.0006203541400869226,0.21361532232008568
LC-STR-01,53,-6.0,-0.2136174583371088,-0.0005069819087996447,0.0003718195416653924,0.21361838354138396
LC-STR-01,54,-6.0,-0.2136184549394366,-0.0006214103261515514,-9.475974248164198e-05,0.21361937978777662
LC-STR-01,55,-6.0,-0.21362151234226753,-0.0003720633145838434,-0.0005041933810177386,0.21362243135371595
LC-STR-01,56,-6.0,-0.21361440032032997,9.521785589495347e-05,-0.0006203541401269859,0.21361532232008415
LC-STR-01,57,-3.5,-0.24923467781563427,0.0007663808918536286,0.08581509312689432,0.2635957931642915
LC-STR-01,58,-3.5,-0.2492297702953251,-0.06018025193057256,0.06117682884611744,0.26359010890311274
LC-STR-01,59,-3.5,-0.2492369309137776,-0.0858131922079017,0.0007660717702508148,0.2635973037688106
LC-STR-01,60,-3.5,-0.2492285928764993,-0.06117384811274443,-0.06018341180822639,0.26358902529695644
LC-STR-01,61,-3.5,-0.24923467781564446,-0.0007663808919400142,-0.08581509312695168,0.2635957931643201
LC-STR-01,62,-3.5,-0.2492297702953385,0.06018025193048677,-0.06117682884617453,0.26359010890311907
LC-STR-01,63,-3.5,-0.24923693091378618,0.08581319220781523,-0.0007660717703091704,0.2635973037687907
LC-STR-01,64,-3.5,-0.24922859287649798,0.061173848112657234,0.06018341180816936,0.26358902529692196
LC-STR-01,65,-2.5,-0.26365644752127715,0.0008576911134307337,0.07395082963366276,0.27383239975775886
LC-STR-01,66,-2.5,-0.26365459000217006,-0.05181190269210544,0.0527657967546878,0.27382922670333354
LC-STR-01,67,-2.5,-0.26365789334397915,-0.07394885585891396,0.0008601395984193626,0.2738332665063839
LC-STR-01,68,-2.5,-0.26365377599360124,-0.05276181815128848,-0.05181436772445572,0.2738281427337205
LC-STR-01,69,-2.5,-0.26365644752128764,-0.0008576911135277638,-0.07395082963372825,0.27383239975778695
LC-STR-01,70,-2.5,-0.26365459000218433,0.05181190269200878,-0.05276579675475317,0.27382922670334153
LC-STR-01,71,-2.5,-0.2636578933439885,0.07394885585881701,-0.0008601395984854757,0.27383326650636697
LC-STR-01,72,-2.5,-0.26365377599360046,0.05276181815119131,0.05181436772439031,0.27382814273368866
LC-STR-01,73,-1.0,-0.28520294969034776,0.000626436426800311,0.1041860051662408,0.3036376765277521
LC-STR-01,74,-1.0,-0.2852052763571041,-0.07325269596649664,0.0740863933776425,0.30363926098579364
LC-STR-01,75,-1.0,-0.2852038544203098,-0.10418397245970067,0.0006301056735082274,0.3036378364546236
LC-STR-01,76,-1.0,-0.2852050534489517,-0.07408185822320695,-0.07325497871171108,0.30363849580821595
LC-STR-01,77,-1.0,-0.28520294969035886,-0.0006264364269118703,-0.10418600516632051,0.3036376765277901
LC-STR-01,78,-1.0,-0.28520527635711895,0.07325269596638463,-0.07408639337772248,0.30363926098580013
LC-STR-01,79,-1.0,-0.2852038544203199,0.10418397245958905,-0.000630105673587583,0.3036378364545949
LC-STR-01,80,-1.0,-0.28520505344895086,0.07408185822309551,0.0732549787116314,0.3036384958081687
LC-STR-01,81,1.5,-0.3208197396354199,0.0007644639294435719,0.018057601700334568,0.32132844057755916
LC-STR-01,82,1.5,-0.3208152689667903,-0.012273762855947288,0.013266299591106041,0.321323943648336
LC-STR-01,83,1.5,-0.32081992511310764,-0.018057002287360697,0.0007665133541171572,0.3213285969594175
LC-STR-01,84,1.5,-0.32081514528794675,-0.013264669444039593,-0.012274161706871137,0.32132376810188257
LC-STR-01,85,1.5,-0.32081973963543153,-0.0007644639295827116,-0.01805760170043903,0.321328440577577
LC-STR-01,86,1.5,-0.3208152689668061,0.01227376285580954,-0.013266299591210357,0.3213239436483509
LC-STR-01,87,1.5,-0.3208199251131189,0.018057002287223338,-0.0007665133542212578,0.32132859695942123
LC-STR-01,88,1.5,-0.32081514528794625,0.013264669443902019,0.012274161706766479,0.32132376810187246
LC-STR-01,89,2.5,-0.3352420514230696,0.0008591934443277035,0.029928102172877696,0.3365763844291412
LC-STR-01,90,2.5,-0.33524070904392955,-0.020687989839037916,0.021640859645181025,0.3365748842828877
LC-STR-01,91,2.5,-0.33524215377713856,-0.02992759820548518,0.000860962323033767,0.33657644608558884
LC-STR-01,92,2.5,-0.3352406816723825,-0.02163947120750784,-0.020688299701319905,0.3365747867960937
LC-STR-01,93,2.5,-0.33524205142308144,-0.0008591934444743413,-0.029928102172991758,0.3365763844291635
LC-STR-01,94,2.5,-0.3352407090439463,0.020687989838891915,-0.021640859645294955,0.33657488428290266
LC-STR-01,95,2.5,-0.33524215377715083,0.029927598205340175,-0.0008609623231462877,0.3365764460855884
LC-STR-01,96,2.5,-0.3352406816723823,0.021639471207363797,0.020688299701204862,0.33657478679607716
LC-STR-01,97,4.0,-0.3567853634289044,0.0006276357801563301,-0.0002842789514030466,0.35678602873191395
LC-STR-01,98,4.0,-0.35678987710468785,0.000616158058451492,0.00021589809477041345,0.35679047446241974
LC-STR-01,99,4.0,-0.3567853715964633,0.00028465136703209186,0.0006290386647249749,0.3567860396670094
LC-STR-01,100,4.0,-0.35678985956417925,-0.0002148659317652711,0.0006159611037788822,0.3567904559587837
LC-STR-01,101,4.0,-0.3567853634289172,-0.0006276357803167442,0.0002842789512768779,0.35678602873192694
LC-STR-01,102,4.0,-0.35678987710470567,-0.0006161580586115298,-0.0002158980948963962,0.3567904744624379
LC-STR-01,103,4.0,-0.3567853715964764,-0.00028465136719188657,-0.0006290386648506093,0.35678603966702294
LC-STR-01,104,4.0,-0.3567898595641792,0.00021486593160581453,-0.0006159611039054171,0.3567904559587838
LC-STR-01,105,6.5,-0.39239556459249386,0.0005051950491038184,0.08588428567376649,0.4016847580623303
LC-STR-01,106,6.5,-0.3923974484464856,-0.06037091029284154,0.061087795090265296,0.4016865980660656
LC-STR-01,107,6.5,-0.3923955498022509,-0.08588411159469583,0.0005058245661468996,0.40168470718651045
LC-STR-01,108,6.5,-0.39239747848026935,-0.06108731156327398,-0.06037101741386642,0.4016865699712741
LC-STR-01,109,6.5,-0.3923955645925075,-0.0005051950492936797,-0.0858842856739257,0.40168475806237786
LC-STR-01,110,6.5,-0.3923974484465048,0.06037091029265264,-0.06108779509042408,0.40168659806608004
LC-STR-01,111,6.5,-0.3923955498022651,0.085884111594507,-0.0005058245663056263,0.40168470718648414
LC-STR-01,112,6.5,-0.3923974784802697,0.06108731156308565,0.060371017413706554,0.4016865699712218
LC-STR-01,113,9.0,-0.42800828265680857,0.000504621307647166,-0.0003665465420701234,0.42800873708589426
LC-STR-01,114,9.0,-0.4280087599255808,0.0006164956809788423,9.809990445685235e-05,0.4280092151619512
LC-STR-01,115,9.0,-0.42800826020160265,0.0003666125331480986,0.0005048626018746236,0.42800871497178533
LC-STR-01,116,9.0,-0.42800877709164903,-9.791849412723574e-05,0.0006164569851570477,0.4280092322307253
LC-STR-01,117,9.0,-0.4280082826568218,-0.0005046213078687677,0.00036654654187372686,0.42800873708590764
LC-STR-01,118,9.0,-0.4280087599256012,-0.0006164956812001797,-9.80999046531363e-05,0.42800921516197193
LC-STR-01,119,9.0,-0.42800826020161864,-0.0003666125333690455,-0.0005048626020702144,0.42800871497180176
LC-STR-01,120,9.0,-0.42800877709165097,9.791849390691746e-05,-0.0006164569853539897,0.42800923223072745
LC-STR-01,121,11.5,-0.46362213650217593,0.0005070584825956401,0.0859042572024921,0.47151382160935534
LC-STR-01,122,11.5,-0.4636222433286277,-0.06038476588920501,0.06110220905443128,0.47151392812078713
LC-STR-01,123,11.5,-0.4636221207533484,-0.08590424229058076,0.0005071488882810287,0.4715138035045698
LC-STR-01,124,11.5,-0.4636222549039728,-0.06110215638377953,-0.06038476492040316,0.4715139325528828
LC-STR-01,125,11.5,-0.4636221365021899,-0.0005070584828439286,-0.08590425720272882,0.47151382160941246
LC-STR-01,126,11.5,-0.4636222433286495,0.06038476588895613,-0.06110220905466828,0.4715139281208074
LC-STR-01,127,11.5,-0.46362212075336534,0.08590424229033225,-0.0005071488885172977,0.4715138035045415
LC-STR-01,128,11.5,-0.463622254903975,0.06110215638353119,0.060384764920166534,0.47151393255282253
LC-STR-01,129,14.0,-0.499237000170774,0.0007029164595740998,-0.00029713039273005767,0.49923758343851965
LC-STR-01,130,14.0,-0.4992370146191345,0.0007071671618221391,0.000286960914633649,0.49923759794088746
LC-STR-01,131,14.0,-0.49923699228997365,0.0002971355647863908,0.0007029342144468054,0.4992375755858055
LC-STR-01,132,14.0,-0.4992370212321933,-0.0002869472325107665,0.0007071637190332179,0.49923760454119764
LC-STR-01,133,14.0,-0.499237000170788,-0.0007029164598524495,0.00029713039245277877,0.49923758343853386
LC-STR-01,134,14.0,-0.49923701461915615,-0.0007071671621004718,-0.0002869609149108751,0.4992375979409097
LC-STR-01,135,14.0,-0.4992369922899911,-0.00029713556506465877,-0.0007029342147238653,0.4992375755858235
LC-STR-01,136,14.0,-0.49923702123219593,0.00028694723223264253,-0.0007071637193107036,0.4992376045412004
LC-STR-01,137,15.0,-0.5136615817733536,0.0009569878106029671,0.01151119460421523,0.5137914401941605
LC-STR-01,138,15.0,-0.5136615855374216,-0.007462935165195922,0.008816352916195792,0.5137914440089877
LC-STR-01,139,15.0,-0.5136615757702332,-0.011511194603275375,0.0009569925041261868,0.5137914342012783
LC-STR-01,140,15.0,-0.513661590084745,-0.008816351365797538,-0.007462934145066295,0.5137914485137403
LC-STR-01,141,15.0,-0.5136615817733673,-0.0009569878108928383,-0.011511194604507597,0.5137914401941811
LC-STR-01,142,15.0,-0.5136615855374435,0.007462935164906248,-0.008816352916488114,0.5137914440090102
LC-STR-01,143,15.0,-0.5136615757702505,0.011511194602985764,-0.000956992504418448,0.5137914342012896
LC-STR-01,144,15.0,-0.5136615900847474,0.008816351365508054,0.0074629341447737816,0.5137914485137334
LC-STR-01,145,16.5,-0.5352113495922917,0.00028866808350377785,-0.01879914751433086,0.5355414829954168
LC-STR-01,146,16.5,-0.5352113472388574,0.013497125911950958,-0.013088880938484653,0.5355414805832855
LC-STR-01,147,16.5,-0.5352113462548352,0.018799145297500295,0.0002886608096054287,0.5355414795782794
LC-STR-01,148,16.5,-0.5352113504037262,0.013088875190249549,0.013497127218944825,0.535541483638654
LC-STR-01,149,16.5,-0.535211349592305,-0.00028866808381087,0.01879914751401508,0.5355414829954193
LC-STR-01,150,16.5,-0.5352113472388795,-0.013497125912257877,0.013088880938168939,0.5355414805833077
LC-STR-01,151,16.5,-0.535211346254853,-0.0187991452978073,-0.00028866080992134775,0.5355414795783081
LC-STR-01,152,16.5,-0.5352113504037289,-0.013088875190556553,-0.013497127219260652,0.5355414836386719
LC-STR-01,153,19.0,-0.5708794601105454,0.0016670304394330192,0.06771942253098248,0.5748843859025251
LC-STR-01,154,19.0,-0.5708794469082844,-0.04670607060598494,0.04906364131898359,0.5748843717072484
LC-STR-01,155,19.0,-0.5708794581508504,-0.0677194246281069,0.001667027851595632,0.5748843841960125
LC-STR-01,156,19.0,-0.5708794476442366,-0.04906364557788036,-0.04670606793214532,0.574884372584316
LC-STR-01,157,19.0,-0.5708794601105595,-0.0016670304397692023,-0.0677194225313403,0.5748843859025823
LC-STR-01,158,19.0,-0.570879446908307,0.0467060706056498,-0.04906364131934094,0.5748843717072742
LC-STR-01,159,19.0,-0.5708794581508683,0.06771942462777145,-0.0016670278519537623,0.5748843841959916
LC-STR-01,160,19.0,-0.5708794476442391,0.04906364557754494,0.04670606793178709,0.5748843725842607
LC-STR-01,161,21.0,-0.5997951756453117,0.031193387294593047,0.022279400711268015,0.6010188448246477
LC-STR-01,162,21.0,-0.5997951392758896,0.0063031220177773096,0.03781094865660942,0.6010188069307545
LC-STR-01,163,21.0,-0.5997951745886593,-0.022279401224639797,0.03119338598976339,0.6010188437214553
LC-STR-01,164,21.0,-0.5997951400545676,-0.037810949740967034,0.006303122348264042,0.6010188077795314
LC-STR-01,165,21.0,-0.5997951756453257,-0.031193387294952676,-0.022279400711656648,0.6010188448246948
LC-STR-01,166,21.0,-0.5997951392759123,-0.006303122018136308,-0.03781094865699782,0.6010188069308053
LC-STR-01,167,21.0,-0.5997951745886767,0.02227940122428058,-0.031193385990152218,0.6010188437214795
LC-STR-01,168,21.0,-0.5997951400545699,0.0378109497406081,-0.006303122348653098,0.6010188077795153
LC-STR-01,169,-2.5,-0.2627224944217802,0.0005414968831272484,0.7656987823700036,0.8095171570862366
LC-STR-01,170,-2.5,-0.2634328938558074,-0.035955140833185704,0.06493441627336778,0.2736898612194875
LC-STR-01,171,-2.5,-0.2627144734409116,-0.38185748909882744,0.6634141963098426,0.809291314917954
LC-STR-01,172,-2.5,-0.2638887210901743,-0.06410739439546238,0.036740327841174814,0.2740380755016722
LC-STR-01,173,-2.5,-0.26272567205540276,-0.6632295530227587,0.38228691313055624,0.809346342866032
LC-STR-01,174,-2.5,-0.26272632705489096,-0.765696426774318,0.0005439387628241318,0.8095161744968966
LC-STR-01,175,-2.5,-0.26343246500245504,-0.06493084013047219,-0.03595708123664115,0.27368885492174694
LC-STR-01,176,-2.5,-0.26271554722430973,-0.6634106619417478,-0.38185944578531666,0.8092896894603475
LC-STR-01,177,-2.5,-0.26388755522457547,-0.03673582406934982,-0.06411026235968063,0.2740370199668006
LC-STR-01,178,-2.5,-0.26272291520627683,-0.38228243223711034,-0.6632324558245906,0.8093457102071542
LC-STR-01,179,-2.5,-0.26272249442395196,-0.0005414968832243975,-0.7656987823700673,0.8095171570870019
LC-STR-01,180,-2.5,-0.2634328938558216,0.035955140833089365,-0.0649344162734329,0.2736898612195039
LC-STR-01,181,-2.5,-0.262714473444305,0.3818574890987309,-0.6634141963099064,0.8092913149190623
LC-STR-01,182,-2.5,-0.26388872109018746,0.06410739439536584,-0.03674032784124002,0.274038075501671
LC-STR-01,183,-2.5,-0.26272567205915787,0.663229553022662,-0.3822869131306206,0.8093463428672022
LC-STR-01,184,-2.5,-0.2627263270576835,0.7656964267742213,-0.0005439387628896148,0.8095161744977114
LC-STR-01,185,-2.5,-0.26343246500245954,0.06493084013037492,0.035957081236575865,0.27368885492171957
LC-STR-01,186,-2.5,-0.26271554722543927,0.6634106619416512,0.3818594457852521,0.8092896894606045
LC-STR-01,187,-2.5,-0.2638875552245696,0.03673582406925263,0.06411026235961524,0.2740370199667666
LC-STR-01,188,-2.5,-0.26272291520568275,0.3822824322370135,0.6632324558245265,0.8093457102068632
LC-STR-01,189,2.5,-0.3343854449226139,0.0005425575379172244,0.27305397796780395,0.4317086923248342
LC-STR-01,190,2.5,-0.33547925906558923,-0.015200940816244861,0.025852484444266747,0.3368170910402808
LC-STR-01,191,2.5,-0.3343856354215019,-0.13709152827058613,0.2363544501692078,0.4318231888338039
LC-STR-01,192,2.5,-0.3350136421769573,-0.025026663671882218,0.015984868434941193,0.33632720728198345
LC-STR-01,193,2.5,-0.33437604410217164,-0.23617190012753325,0.13751919976284882,0.4318518676382925
LC-STR-01,194,2.5,-0.3343852206143569,-0.27305335710417,0.0005443230166586057,0.43170812811286746
LC-STR-01,195,2.5,-0.33547922013235326,-0.025851480249894317,-0.015200749837873015,0.33681696656694154
LC-STR-01,196,2.5,-0.33438565293389655,-0.2363534129357642,-0.1370913174716528,0.431822567752689
LC-STR-01,197,2.5,-0.33501362011574926,-0.015982979007794516,-0.025027357906619998,0.33632714717193024
LC-STR-01,198,2.5,-0.3343762848534746,-0.13751729223055495,-0.23617255952404634,0.43185180722902505
LC-STR-01,199,2.5,-0.33438544491402256,-0.0005425575380652039,-0.27305397796792225,0.43170869231825465
LC-STR-01,200,2.5,-0.3354792590656042,0.015200940816095307,-0.025852484444383355,0.33681709104029783
LC-STR-01,201,2.5,-0.33438563541693256,0.13709152827043478,-0.23635445016932619,0.43182318883028226
LC-STR-01,202,2.5,-0.33501364217697377,0.025026663671737386,-0.015984868435053638,0.33632720728199444
LC-STR-01,203,2.5,-0.33437604409811605,0.2361719001273877,-0.13751919976296034,0.4318518676351082
LC-STR-01,204,2.5,-0.33438522061225007,0.2730533571040234,-0.0005443230167720953,0.431708128111143
LC-STR-01,205,2.5,-0.3354792201323522,0.025851480249748662,0.0152007498377601,0.33681696656692417
LC-STR-01,206,2.5,-0.33438565293942574,0.23635341293561737,0.1370913174715376,0.4318225677568537
LC-STR-01,207,2.5,-0.3350136201157485,0.015982979007652585,0.02502735790650333,0.33632714717191403
LC-STR-01,208,2.5,-0.3343762848640377,0.13751729223041248,0.23617255952392577,0.4318518072370926
LC-STR-01,209,-16.0,-0.07116363770001059,0.0008890949487132438,0.0011304645532543298,0.07117816919977894
LC-STR-01,210,-16.0,-0.07115256825391815,-0.0007681292792685508,0.0006685482081569528,0.0711598548932246
LC-STR-01,211,-16.0,-0.07116841897428826,-0.0034680981396971746,-0.0002059114251780148,0.07125316809462875
LC-STR-01,212,-16.0,-0.0711636377000201,-0.0008890949487218264,-0.0011304645532560899,0.07117816919978859
LC-STR-01,213,-16.0,-0.07115256825392664,0.0007681292792582411,-0.0006685482081583799,0.07115985489323298
LC-STR-01,214,-16.0,-0.07116841897428718,0.0034680981396849387,0.00020591142517525546,0.07125316809462708
LC-STR-01,215,21.4,-0.6706126101500666,-0.01816602653715805,0.012581047228871335,0.6709765719917565
LC-STR-01,216,21.4,-0.6706127304501249,-0.021741554048881444,-0.003949279974700696,0.670976695740285
LC-STR-01,217,21.4,-0.6706126095518175,-0.012581047758335682,-0.01816602822735701,0.67097657144952
LC-STR-01,218,21.4,-0.6706127309902725,0.003949278610728664,-0.02174155374371835,0.6709766962622232
LC-STR-01,219,21.4,-0.6706126101500764,0.01816602653679403,-0.012581047229266182,0.6709765719917641
LC-STR-01,220,21.4,-0.6706127304501404,0.021741554048518234,0.003949279974306249,0.6709766957402862
LC-STR-01,221,21.4,-0.6706126095518291,0.012581047757972452,0.018166028226962522,0.6709765714495144
LC-STR-01,222,21.4,-0.670612730990273,-0.003949278611091515,0.02174155374332293,0.670976696262213
LC-STR-02,1,-21.0,0.0,0.0,0.0,0.0
LC-STR-02,2,-21.0,0.0,0.0,0.0,0.0
LC-STR-02,3,-21.0,0.0,0.0,0.0,0.0
LC-STR-02,4,-21.0,0.0,0.0,0.0,0.0
LC-STR-02,5,-21.0,0.0,0.0,0.0,0.0
LC-STR-02,6,-21.0,0.0,0.0,0.0,0.0
LC-STR-02,7,-21.0,0.0,0.0,0.0,0.0
LC-STR-02,8,-21.0,0.0,0.0,0.0,0.0
LC-STR-02,9,-18.5,0.018849527034514934,0.0458844327799734,-0.048998126646394385,0.06972447386550085
LC-STR-02,10,-18.5,0.01922047131183484,0.05960926737321148,-0.034420928441980636,0.07146671665207541
LC-STR-02,11,-18.5,0.015161818096644228,0.05103365934677015,-0.03610461233649797,0.06432618554124525
LC-STR-02,12,-18.5,0.016461851371702363,0.015684216320632525,0.031127395743356944,0.03854739884791152
LC-STR-02,13,-18.5,0.018849527034517935,-0.0458844327799854,0.04899812664642188,0.06972447386552888
LC-STR-02,14,-18.5,0.019220471311843235,-0.05960926737322387,0.03442092844200811,0.07146671665210122
LC-STR-02,15,-18.5,0.015161818096653136,-0.05103365934678261,0.03610461233652554,0.06432618554127272
LC-STR-02,16,-18.5,0.01646185137170652,-0.015684216320644925,-0.03112739574332941,0.03854739884789611
LC-STR-02,17,-16.0,0.04306347991829559,-0.0027326565824922207,0.05615311571740142,0.07081739277496144
LC-STR-02,18,-16.0,0.04386542435762471,-0.042023100243925623,0.03970415157053384,0.07257090367441653
LC-STR-02,19,-16.0,0.031480508479534666,-0.05728304336395519,0.002341315521841035,0.06540528441601365
LC-STR-02,20,-16.0,0.039768936858662944,-0.040100510597395715,-0.03860195544513223,0.06840855394779324
LC-STR-02,21,-16.0,0.04306347991829883,0.0027326565825056695,-0.056153115717334265,0.07081739277491067
LC-STR-02,22,-16.0,0.043865424357639154,0.04202310024393834,-0.03970415157046697,0.07257090367439603
LC-STR-02,23,-16.0,0.031480508479551826,0.05728304336396806,-0.0023413155217734886,0.06540528441603077
LC-STR-02,24,-16.0,0.03976893685867274,0.04010051059740838,0.03860195544519989,0.06840855394784456
LC-STR-02,25,-13.5,0.036401111443896676,-0.05555603607476602,0.11917262366190619,0.13643177155323466
LC-STR-02,26,-13.5,0.03590305560656796,-0.11620183259915041,0.08550125833860654,0.14866862641046502
LC-STR-02,27,-13.5,0.03177202158866907,-0.12484480593254123,0.0461942753842839,0.13685612153807294
LC-STR-02,28,-13.5,0.03396463407692684,-0.0669237347503999,-0.07585683425295203,0.10670820935523778
LC-STR-02,29,-13.5,0.03640111144390252,0.05555603607477983,-0.11917262366177828,0.13643177155313013
LC-STR-02,30,-13.5,0.035903055606588866,0.11620183259916457,-0.08550125833847821,0.14866862641040735
LC-STR-02,31,-13.5,0.03177202158869272,0.12484480593255524,-0.04619427538415571,0.13685612153804794
LC-STR-02,32,-13.5,0.03396463407693941,0.0669237347504141,0.07585683425307962,0.10670820935534141
LC-STR-02,33,-11.0,0.034380069987052474,-0.01669006429276416,0.11256024004605976,0.11887117017022178
LC-STR-02,34,-11.0,0.0335388126500639,-0.08930661498600778,0.08439795392137732,0.1273716532841984
LC-STR-02,35,-11.0,0.03395392253362213,-0.11710175578573756,0.020292305050309392,0.12360205381698375
LC-STR-02,36,-11.0,0.03497986791646432,-0.08114337484350558,-0.07013548708920386,0.11281323056134339
LC-STR-02,37,-11.0,0.034380069987058205,0.01669006429280375,-0.11256024004586405,0.11887117017004367
LC-STR-02,38,-11.0,0.03353881265008898,0.08930661498604811,-0.08439795392118128,0.12737165328410335
LC-STR-02,39,-11.0,0.033953922533651815,0.11710175578577764,-0.02029230505011393,0.12360205381699776
LC-STR-02,40,-11.0,0.034979867916481264,0.08114337484354553,0.07013548708939951,0.11281323056149903
LC-STR-02,41,-8.5,0.03384449409616311,-0.009113564162625307,0.11412696319025002,0.11938789955183982
LC-STR-02,42,-8.5,0.033955583406891754,-0.08542166057436279,0.08218346203539427,0.12330435179630574
LC-STR-02,43,-8.5,0.03444538555448309,-0.11562495310875708,0.00827577105125622,0.12093015651148424
LC-STR-02,44,-8.5,0.03438162491218866,-0.07951441800908154,-0.07778497307836929,0.11642654697159072
LC-STR-02,45,-8.5,0.03384449409617099,0.009113564162671414,-0.11412696318997095,0.11938789955157879
LC-STR-02,46,-8.5,0.03395558340692169,0.08542166057440898,-0.08218346203511512,0.12330435179615988
LC-STR-02,47,-8.5,0.03444538555451753,0.11562495310880307,-0.008275771050977598,0.12093015651151896
LC-STR-02,48,-8.5,0.034381624912207434,0.07951441800912734,0.07778497307864848,0.11642654697181407
LC-STR-02,49,-6.0,0.03381814151297751,-0.0033290487153917335,0.11459762453297674,0.11952976536972845
LC-STR-02,50,-6.0,0.033949228569007714,-0.08231481599965396,0.0819854668767853,0.12103675405632817
LC-STR-02,51,-6.0,0.03449461362258334,-0.11485933282136229,0.003550127977207482,0.11997978210429595
LC-STR-02,52,-6.0,0.03437252187967512,-0.08042313656301521,-0.07978156950423267,0.11838264225620598
LC-STR-02,53,-6.0,0.0338181415129851,0.0033290487154630406,-0.11459762453260981,0.11952976536938081
LC-STR-02,54,-6.0,0.033949228569040285,0.08231481599972588,-0.08198546687641804,0.12103675405613748
LC-STR-02,55,-6.0,0.03449461362262173,0.11485933282143371,-0.0035501279768412187,0.11997978210436454
LC-STR-02,56,-6.0,0.034372521879696916,0.08042313656308622,0.07978156950459975,0.11838264225650794
LC-STR-02,57,-3.5,0.03394913748309346,-0.0009416651953608425,0.11465832902331843,0.11958245307571543
LC-STR-02,58,-3.5,0.0340623348908306,-0.08148874758088258,0.08126809734097427,0.12002150759733841
LC-STR-02,59,-3.5,0.03436491744500444,-0.11476140244278268,0.0008698018972943545,0.11979934723101304
LC-STR-02,60,-3.5,0.03425352000533283,-0.08090076984992524,-0.08079025792823073,0.11935369274210313
LC-STR-02,61,-3.5,0.03394913748310259,0.000941665195445372,-0.11465832902285612,0.1195824530752754
LC-STR-02,62,-3.5,0.03406233489086634,0.08148874758096687,-0.08126809734051203,0.12002150759709279
LC-STR-02,63,-3.5,0.03436491744504569,0.11476140244286674,-0.00086980189683258,0.11979934723110207
LC-STR-02,64,-3.5,0.034253520005355434,0.0809007698500089,0.08079025792869328,0.1193536927424794
LC-STR-02,65,-2.5,0.03399239510746141,-0.0004178345893507756,0.1147292702248162,0.1196597800315742
LC-STR-02,66,-2.5,0.03409252844804015,-0.08118264221596633,0.08128358203891331,0.11983297794106085
LC-STR-02,67,-2.5,0.034322494442794796,-0.11467156411183904,0.0004525701095045823,0.1196988139470701
LC-STR-02,68,-2.5,0.0342230517350103,-0.08094579634918121,-0.0810098808960241,0.11952422356764474
LC-STR-02,69,-2.5,0.033992395107470715,0.0004178345894427585,-0.11472927022431816,0.11965978003109963
LC-STR-02,70,-2.5,0.034092528448076684,0.08118264221605964,-0.08128358203841446,0.11983297794079607
LC-STR-02,71,-2.5,0.03432249444283706,0.11467156411193145,-0.0004525701090071481,0.11969881394716889
LC-STR-02,72,-2.5,0.034223051735033455,0.08094579634927314,0.08100988089652206,0.11952422356805112
LC-STR-02,73,-1.0,0.03405671474477786,-2.2513330293718028e-05,0.11473249915893895,0.11968043569988011
LC-STR-02,74,-1.0,0.03411265656293725,-0.08104803140633675,0.08116504133161337,0.11966712442014289
LC-STR-02,75,-1.0,0.03425837119628581,-0.11465812549266621,2.03457707504244e-05,0.11966671280044791
LC-STR-02,76,-1.0,0.03420245294227032,-0.0810354281206254,-0.08115865186921879,0.11967988624322098
LC-STR-02,77,-1.0,0.034056714744787664,2.2513330396264177e-05,-0.1147324991583866,0.1196804356993534
LC-STR-02,78,-1.0,0.034112656562975074,0.08104803140643943,-0.08116504133106084,0.11966712441984846
LC-STR-02,79,-1.0,0.034258371196329525,0.11465812549276903,-2.0345770197597136e-05,0.11966671280055886
LC-STR-02,80,-1.0,0.03420245294229406,0.0810354281207285,0.08115865186977096,0.11967988624367201
LC-STR-02,81,1.5,0.03410848717379153,3.940016605961178e-05,0.11473997016948315,0.11970234418820573
LC-STR-02,82,1.5,0.0341537610604346,-0.08101514233224837,0.081163582419536,0.11965558822245007
LC-STR-02,83,1.5,0.03420661071589442,-0.11464921531960386,-3.8882696335543546e-05,0.11964337132467351
LC-STR-02,84,1.5,0.03416130543018414,-0.0810393908047939,-0.08118714035969231,0.11969013915310996
LC-STR-02,85,1.5,0.03410848717380185,-3.9400165929008464e-05,-0.11473997016883716,0.11970234418758943
LC-STR-02,86,1.5,0.03415376106047456,0.08101514233238143,-0.08116358241888892,0.11965558822211265
LC-STR-02,87,1.5,0.03420661071594067,0.11464921531973682,3.88826969827198e-05,0.11964337132481435
LC-STR-02,88,1.5,0.03416130543020945,0.08103939080492764,0.0811871403603371,0.1196901391536451
LC-STR-02,89,2.5,0.03412557112495131,8.696629268573109e-05,0.11472948509858599,0.11969718843284013
LC-STR-02,90,2.5,0.03415442156038435,-0.0810174541030325,0.08113176629577862,0.11963576339763234
LC-STR-02,91,2.5,0.03418951641557752,-0.11465958993889956,-8.719340495453265e-05,0.11964845256156684
LC-STR-02,92,2.5,0.03416064919594482,-0.081070648818513,-0.08118521835717124,0.11970981468970975
LC-STR-02,93,2.5,0.03412557112496178,-8.696629254764101e-05,-0.11472948509790126,0.11969718843218671
LC-STR-02,94,2.5,0.03415442156042506,0.08101745410317326,-0.0811317662950929,0.11963576339727426
LC-STR-02,95,2.5,0.03418951641562474,0.11465958993904031,8.719340564017506e-05,0.11964845256171572
LC-STR-02,96,2.5,0.03416064919597078,0.08107064881865482,0.08118521835785443,0.1197098146902765
LC-STR-02,97,4.0,0.03413885187674141,0.00011407352951531371,0.11472368374274179,0.11969543780669697
LC-STR-02,98,4.0,0.034160817080967874,-0.0810170768369493,0.08111627144458543,0.11962682665654539
LC-STR-02,99,4.0,0.03417623072397195,-0.11466532012518937,-0.00011406277943068902,0.11965017089928445
LC-STR-02,100,4.0,0.03415426009899086,-0.08108624495422144,-0.08118539341461427,0.11971867317829418
LC-STR-02,101,4.0,0.03413885187675221,-0.0001140735293605671,-0.11472368374199769,0.11969543780598672
LC-STR-02,102,4.0,0.03416081708100988,0.08101707683710542,-0.08111627144384079,0.11962682665615819
LC-STR-02,103,4.0,0.03417623072402066,0.11466532012534544,0.00011406278017500631,0.11965017089944865
LC-STR-02,104,4.0,0.03415426009901777,0.0810862449543777,0.08118539341535783,0.11971867317891192
LC-STR-02,105,6.5,0.0341518591911471,7.280063631558568e-05,0.11470219128405727,0.11967851716790717
LC-STR-02,106,6.5,0.03415693835767281,-0.08106681490332501,0.08109216606319126,0.1196430704778175
LC-STR-02,107,6.5,0.03416322127889963,-0.11468680298522732,-7.280408376319755e-05,0.11966701202736708
LC-STR-02,108,6.5,0.034158141073092584,-0.08111032036888331,-0.0811356730746049,0.11970238141817124
LC-STR-02,109,6.5,0.03415185919115824,-7.280063613676981e-05,-0.11470219128320701,0.11967851716709532
LC-STR-02,110,6.5,0.034156938357716424,0.08106681490350476,-0.08109216606234039,0.11964307047737505
LC-STR-02,111,6.5,0.034163221278950245,0.11468680298540712,7.280408461437585e-05,0.11966701202755438
LC-STR-02,112,6.5,0.034158141073120526,0.08111032036906383,0.08113567307545431,0.11970238141887729
LC-STR-02,113,9.0,0.034156231702163184,3.788077821854408e-05,0.11469907019203027,0.1196767575678816
LC-STR-02,114,9.0,0.03415926731978147,-0.08108203639016051,0.08109776180106758,0.11965784194168931
LC-STR-02,115,9.0,0.034158848393882016,-0.1146899237334688,-3.788046658399314e-05,0.1196687384596113
LC-STR-02,116,9.0,0.0341558125457095,-0.08110472556820303,-0.08112044993830207,0.11968760770582619
LC-STR-02,117,9.0,0.03415623170217377,-3.78807780091659e-05,-0.11469907019106647,0.11967675756696083
LC-STR-02,118,9.0,0.03415926731982643,0.08108203639037127,-0.08109776180010322,0.11965784194119136
LC-STR-02,119,9.0,0.0341588483939351,0.11468992373367982,3.7880467548723645e-05,0.119668738459829
LC-STR-02,120,9.0,0.034155812545739676,0.08110472556841486,0.08112044993926493,0.11968760770663095
LC-STR-02,121,11.5,0.03415775702676319,1.670461451226068e-05,0.11469555074392108,0.11967381503317638
LC-STR-02,122,11.5,0.034157919010416954,-0.08109454611204177,0.08109798610504639,0.11966608621716751
LC-STR-02,123,11.5,0.03415732297562467,-0.11469344304209834,-1.6704779894471416e-05,0.119671671120453
LC-STR-02,124,11.5,0.03415716093951236,-0.0811045006082193,-0.08110794071250184,0.11967936208460966
LC-STR-02,125,11.5,0.03415775702677402,-1.670461428325055e-05,-0.1146955507428387,0.11967381503214208
LC-STR-02,126,11.5,0.034157919010463306,0.08109454611227027,-0.0810979861039642,0.11966608621660219
LC-STR-02,127,11.5,0.03415732297567951,0.11469344304232695,1.6704780977050616e-05,0.1196716711206879
LC-STR-02,128,11.5,0.0341571609395436,0.08110450060844801,0.08110794071358442,0.11967936208550725
LC-STR-02,129,14.0,0.034158091560106754,6.003314854272225e-06,0.11469476042659994,0.11967315206170338
LC-STR-02,130,14.0,0.03415793754865614,-0.08109898882487693,0.08109991457094352,0.1196704091637099
LC-STR-02,131,14.0,0.034156988421799477,-0.1146942333373538,-6.003278253264206e-06,0.1196723320359792
LC-STR-02,132,14.0,0.03415714242381781,-0.08110257221242383,-0.08110349789100355,0.11967503903566698
LC-STR-02,133,14.0,0.03415809156011669,-6.0033146017216396e-06,-0.11469476042539462,0.11967315206055103
LC-STR-02,134,14.0,0.03415793754870275,0.08109898882512898,-0.08109991456973838,0.1196704091630773
LC-STR-02,135,14.0,0.034156988421855446,0.11469423333760595,6.003279458667009e-06,0.1196723320362369
LC-STR-02,136,14.0,0.034157142423850394,0.08110257221267589,0.08110349789220905,0.11967503903666406
LC-STR-02,137,15.0,0.03415803594294936,3.88911011641419e-06,0.1146945769982464,0.11967296030186463
LC-STR-02,138,15.0,0.034157804160356325,-0.08109996273707465,0.0811002081136906,0.11967123003084776
LC-STR-02,139,15.0,0.03415704403615433,-0.1146944167555122,-3.8891317666667615e-06,0.11967252361047731
LC-STR-02,140,15.0,0.034157275814605634,-0.08110227862014799,-0.08110252401533202,0.11967421815124869
LC-STR-02,141,15.0,0.03415803594295926,-3.889109855837231e-06,-0.11469457699699355,0.11967296030066674
LC-STR-02,142,15.0,0.034157804160403135,0.08109996273733487,-0.08110020811243797,0.11967123003018858
LC-STR-02,143,15.0,0.03415704403621064,0.11469441675577248,3.889133019547596e-06,0.11967252361074289
LC-STR-02,144,15.0,0.03415727581463845,0.0811022786204082,0.08110252401658503,0.11967421815228356
LC-STR-02,145,16.5,0.034157955117810536,2.022866865662166e-06,0.11469430278487411,0.1196726743798714
LC-STR-02,146,16.5,0.03415770217484468,-0.08110095493426649,0.08110033851687415,0.1196719616980807
LC-STR-02,147,16.5,0.03415712485999717,-0.11469469096307401,-2.0228663633763e-06,0.1196728094343426
LC-STR-02,148,16.5,0.03415737780158524,-0.08110214822500561,-0.08110153180081106,0.11967348647644965
LC-STR-02,149,16.5,0.034157955117820174,-2.022866592784414e-06,-0.11469430278354938,0.11967267437860453
LC-STR-02,150,16.5,0.0341577021748916,0.08110095493453917,-0.08110033851554958,0.11967196169738124
LC-STR-02,151,16.5,0.03415712486005387,0.11469469096334678,2.0228676883014673e-06,0.11967280943462022
LC-STR-02,152,16.5,0.034157377801618476,0.08110214822527846,0.08110153180213583,0.11967348647754182
LC-STR-02,153,19.0,0.03415778128188301,5.02697746429264e-07,0.11469445958504962,0.11967277502364622
LC-STR-02,154,19.0,0.0341576414256214,-0.08110116046043425,0.08110103122465158,0.11967255308337138
LC-STR-02,155,19.0,0.03415729869538167,-0.11469453416203373,-5.026973419087313e-07,0.11967270875627471
LC-STR-02,156,19.0,0.034157438551369386,-0.0811014555141047,-0.08110132627678096,0.11967289508802635
LC-STR-02,157,19.0,0.034157781281892875,-5.026974552328821e-07,-0.11469445958360183,0.11967277502226148
LC-STR-02,158,19.0,0.034157641425668905,0.08110116046072577,-0.08110103122320358,0.11967255308260122
LC-STR-02,159,19.0,0.034157298695438834,0.11469453416232521,5.026987897199177e-07,0.11967270875657039
LC-STR-02,160,19.0,0.034157438551402824,0.08110145551439615,0.0811013262782287,0.11967289508921453
LC-STR-02,161,21.0,0.03415776000087333,3.6188319259190905e-09,0.11469447135214628,0.11967278022602124
LC-STR-02,162,21.0,0.034157580446985164,-0.08110129718991364,0.08110119817522449,0.1196727414799878
LC-STR-02,163,21.0,0.03415731997631059,-0.1146945223949701,-3.617816400482145e-09,0.11967270355170548
LC-STR-02,164,21.0,0.03415749953009078,-0.08110128856356287,-0.08110118954718942,0.11967270669115658
LC-STR-02,165,21.0,0.03415776000088302,-3.618525463380361e-09,-0.11469447135060161,0.11967278022454358
LC-STR-02,166,21.0,0.034157580447032564,0.08110129719021975,-0.0811011981736801,0.11967274147916215
LC-STR-02,167,21.0,0.03415731997636763,0.11469452239527632,3.619361332817833e-09,0.11967270355201523
LC-STR-02,168,21.0,0.03415749953012437,0.08110128856386938,0.08110118954873405,0.11967270669242067
LC-STR-02,169,-2.5,0.034351000144959384,-0.0004233555063509472,1.1469335198609851,1.1474478939897674
LC-STR-02,170,-2.5,0.034033865378981336,-0.05756716390004552,0.09940439329780963,0.11980615910309014
LC-STR-02,171,-2.5,0.034479779107884745,-0.5736834995206272,0.9933323833420671,1.1476109256126805
LC-STR-02,172,-2.5,0.03414904123977574,-0.09930594546183802,0.05766478898907773,0.11980423911874034
LC-STR-02,173,-2.5,0.03506592156226056,-0.993246666990057,0.5737740443957717,1.1475997622708665
LC-STR-02,174,-2.5,0.03552399939140434,-1.1468731676813255,0.0004456158229640529,1.1474232941044993
LC-STR-02,175,-2.5,0.0342678467700107,-0.09927479622028425,-0.05712304638074771,0.11955255294074213
LC-STR-02,176,-2.5,0.035400501321707974,-0.9931641670597748,-0.5732177475347394,1.1472605825679556
LC-STR-02,177,-2.5,0.034161187603193185,-0.05705562392851938,-0.0993413917765086,0.11954515080264429
LC-STR-02,178,-2.5,0.03481479322438548,-0.5731433809588483,-0.9932433579575543,1.14727406189236
LC-STR-02,179,-2.5,0.03435100014588811,0.00042335550644252907,-1.1469335198604842,1.1474478939892947
LC-STR-02,180,-2.5,0.03403386537901053,0.057567163900139225,-0.09940439329731052,0.11980615910272933
LC-STR-02,181,-2.5,0.03447977910941778,0.5736834995207204,-0.9933323833415655,1.147610925612339
LC-STR-02,182,-2.5,0.034149041239817,0.0993059454619316,-0.057664788988578554,0.1198042391185894
LC-STR-02,183,-2.5,0.03506592156400751,0.9932466669901499,-0.5737740443952711,1.14759976227075
LC-STR-02,184,-2.5,0.035523999392758465,1.1468731676814183,-0.00044561582246571685,1.1474232941046336
LC-STR-02,185,-2.5,0.034267846770042965,0.09927479622037604,0.057123046381245844,0.1195525529410656
LC-STR-02,186,-2.5,0.03540050132232202,0.9931641670598681,0.5732177475352388,1.1472605825683049
LC-STR-02,187,-2.5,0.03416118760320564,0.057055623928611264,0.09934139177700668,0.11954515080310561
LC-STR-02,188,-2.5,0.03481479322420628,0.5731433809589408,0.9932433579580546,1.1472740618928339
LC-STR-02,189,2.5,0.03407670004753188,8.680565150888763e-05,1.1469865206800287,1.147492617685634
LC-STR-02,190,2.5,0.034146446657829,-0.057241921236472475,0.09937534885659607,0.11965816865792595
LC-STR-02,191,2.5,0.03413721168745392,-0.5733669046078891,0.993330076916338,1.1474404551993294
LC-STR-02,192,2.5,0.03416127030265434,-0.09926101205488877,0.057356264590697724,0.11962224705567903
LC-STR-02,193,2.5,0.034212781264961016,-0.9932157818021207,0.5734811748893929,1.147400872221736
LC-STR-02,194,2.5,0.03422788431413408,-1.1469028539728883,-8.694798368004584e-05,1.1474134878393796
LC-STR-02,195,2.5,0.034168663891928144,-0.099281188794511,-0.05745275313148928,0.1196873881534673
LC-STR-02,196,2.5,0.034167334052127706,-0.9932363887095799,-0.5735778796558143,1.1474656921248396
LC-STR-02,197,2.5,0.034153891070555456,-0.057338197678986944,-0.09939574891482496,0.11972331473306642
LC-STR-02,198,2.5,0.034091764460107976,-0.5734634927077666,-0.993350734841259,1.147505254141463
LC-STR-02,199,2.5,0.0340767000464812,-8.680565137191e-05,-1.146986520679344,1.147492617684918
LC-STR-02,200,2.5,0.034146446657862546,0.05724192123661187,-0.0993753488559113,0.1196581686574335
LC-STR-02,201,2.5,0.03413721168468313,0.5733669046080253,-0.993330076915653,1.147440455198722
LC-STR-02,202,2.5,0.03416127030269972,0.09926101205503303,-0.05735626459000747,0.11962224705548076
LC-STR-02,203,2.5,0.034212781261265285,0.9932157818022627,-0.573481174888702,1.1474008722214033
LC-STR-02,204,2.5,0.034227884310754755,1.146902853973029,8.69479843658577e-05,1.1474134878394193
LC-STR-02,205,2.5,0.03416866389196255,0.0992811887946537,0.05745275313217133,0.11968738815392287
LC-STR-02,206,2.5,0.03416733405024331,0.993236388709722,0.5735778796564963,1.1474656921252473
LC-STR-02,207,2.5,0.034153891070571124,0.05733819767912635,0.09939574891550995,0.11972331473370634
LC-STR-02,208,2.5,0.034091764459589495,0.573463492707907,0.9933507348419426,1.1475052541421096
LC-STR-02,209,-16.0,12.32799640057315,-0.002743140818176239,0.14853457571293743,12.328891486972717
LC-STR-02,210,-16.0,11.501978067480813,-0.126292385157854,0.07262853248054857,11.502900683527125
LC-STR-02,211,-16.0,13.78677598767334,-0.13609772748177357,-0.07615246160214162,13.787658028944579
LC-STR-02,212,-16.0,12.32799640057314,0.002743140818189708,-0.1485345757128683,12.328891486972704
LC-STR-02,213,-16.0,11.501978067480858,0.12629238515786795,-0.07262853248048223,11.50290068352717
LC-STR-02,214,-16.0,13.786775987673378,0.13609772748178323,0.07615246160220818,13.787658028944621
LC-STR-02,215,21.4,0.03415764931496911,-1.0136146991418024e-07,0.07646296103968374,0.08374562327483674
LC-STR-02,216,21.4,0.034157563579044745,-0.054067554728390546,0.054067436720603844,0.0837456108551397
LC-STR-02,217,21.4,0.034157430662066196,-0.07646303479193739,1.0136236038793998e-07,0.0837456014309836
LC-STR-02,218,21.4,0.03415751639793353,-0.05406749071958794,-0.05406737271024736,0.08374550896004292
LC-STR-02,219,21.4,0.03415764931497551,1.0136177964091889e-07,-0.07646296103811989,0.08374562327341149
LC-STR-02,220,21.4,0.03415756357907604,0.054067554728700194,-0.05406743671904001,0.08374561085434275
LC-STR-02,221,21.4,0.034157430662104034,0.07646303479224707,-1.0136079630558253e-07,0.08374560143128179
LC-STR-02,222,21.4,0.03415751639795581,0.05406749071989768,0.05406737271181122,0.08374550896126161
LC-STR-03,1,-21.0,0.0,0.0,0.0,0.0
LC-STR-03,2,-21.0,0.0,0.0,0.0,0.0
LC-STR-03,3,-21.0,0.0,0.0,0.0,0.0
LC-STR-03,4,-21.0,0.0,0.0,0.0,0.0
LC-STR-03,5,-21.0,0.0,0.0,0.0,0.0
LC-STR-03,6,-21.0,0.0,0.0,0.0,0.0
LC-STR-03,7,-21.0,0.0,0.0,0.0,0.0
LC-STR-03,8,-21.0,0.0,0.0,0.0,0.0
LC-STR-03,9,-18.5,3.218242925493924e-07,5.260505160146003e-07,3.414333696855278e-08,6.17629167165454e-07
LC-STR-03,10,-18.5,-3.2722984227292763e-07,-2.3263458213803152e-07,-2.7784019100795227e-07,4.882554559038097e-07
LC-STR-03,11,-18.5,3.2397130850061695e-07,2.71826020418874e-08,6.248261182055593e-07,7.04346491847015e-07
LC-STR-03,12,-18.5,-3.206374672380495e-07,4.105943025726102e-07,-3.072902469440711e-07,6.048333345384228e-07
LC-STR-03,13,-18.5,3.2182429107115035e-07,-5.260505216809132e-07,-3.4143337587838266e-08,6.176291712555735e-07
LC-STR-03,14,-18.5,-3.2722984261981896e-07,2.3263457649644727e-07,2.7784019040656915e-07,4.882554531060882e-07
LC-STR-03,15,-18.5,3.2397130948837717e-07,-2.7182607701746474e-08,-6.248261187832451e-07,7.043464930322396e-07
LC-STR-03,16,-18.5,-3.206374654944797e-07,-4.1059430825766555e-07,3.072902463498519e-07,6.048333371715444e-07
LC-STR-03,17,-16.0,1.4354714772900281e-06,1.422525824109273e-06,-7.913466735669961e-08,2.0224787707040677e-06
LC-STR-03,18,-16.0,-1.4181796225282735e-06,-1.465337915388388e-06,-1.2950998090406363e-06,2.415726011659086e-06
LC-STR-03,19,-16.0,1.4351056316994563e-06,2.4070253709600274e-07,1.6832935791348901e-06,2.225071495268567e-06
LC-STR-03,20,-16.0,-1.4305334348554519e-06,1.6202961406286574e-06,-1.626775614648719e-06,2.7052142968702456e-06
LC-STR-03,21,-16.0,1.4354714742732576e-06,-1.42252583611657e-06,7.913467360230024e-08,2.0224787772526882e-06
LC-STR-03,22,-16.0,-1.4181796236689628e-06,1.4653379033931352e-06,1.2950998152615277e-06,2.415726008387721e-06
LC-STR-03,23,-16.0,1.4351056331031318e-06,-2.4070254906666076e-07,-1.6832935729028956e-06,2.2250714927542723e-06
LC-STR-03,24,-16.0,-1.4305334317303645e-06,-1.620296152611438e-06,1.626775620906171e-06,2.7052143061577095e-06
LC-STR-03,25,-13.5,6.0157415418167105e-06,1.0190912906751323e-05,2.192859299842319e-07,1.1836044038867843e-05
LC-STR-03,26,-13.5,-6.03111575263791e-06,-4.877630401880061e-06,-5.946038835023347e-06,9.773485222103095e-06
LC-STR-03,27,-13.5,6.018685496832927e-06,-1.8449518188206145e-07,1.0257675816277593e-05,1.189447463042277e-05
LC-STR-03,28,-13.5,-6.050024015057463e-06,6.025901622543986e-06,-4.913303825273843e-06,9.851641255486358e-06
LC-STR-03,29,-13.5,6.015741537740127e-06,-1.0190912930027672e-05,-2.1928592067623142e-07,1.183604405666454e-05
LC-STR-03,30,-13.5,-6.031115753979379e-06,4.877630378624819e-06,5.9460388443411715e-06,9.773485216993786e-06
LC-STR-03,31,-13.5,6.01868549901235e-06,1.8449515861740115e-07,-1.0257675806937902e-05,1.189447462311026e-05
LC-STR-03,32,-13.5,-6.050024010633823e-06,-6.025901645829073e-06,4.913303834602373e-06,9.851641271664821e-06
LC-STR-03,33,-11.0,2.5236452579442632e-05,3.145063282386639e-05,-3.873667833761596e-06,4.0509580919856945e-05
LC-STR-03,34,-11.0,-2.5220669235029782e-05,-2.995749755329138e-05,-3.0204445365598812e-05,4.9455458102839164e-05
LC-STR-03,35,-11.0,2.523808617088099e-05,3.8801522054607765e-06,3.146560286208819e-05,4.052284217797425e-05
LC-STR-03,36,-11.0,-2.523085099137769e-05,3.0219912588039686e-05,-2.9964395248203768e-05,4.947427554970806e-05
LC-STR-03,37,-11.0,2.5236452574237344e-05,-3.145063285888002e-05,3.87366785136409e-06,4.05095809454811e-05
LC-STR-03,38,-11.0,-2.522066923703915e-05,2.995749751828369e-05,3.0204445383183568e-05,4.945545809339779e-05
LC-STR-03,39,-11.0,2.5238086173244025e-05,-3.880152240450582e-06,-3.1465602844495614e-05,4.052284216913586e-05
LC-STR-03,40,-11.0,-2.5230850986025398e-05,-3.0219912623036105e-05,2.9964395265813213e-05,4.9474275579020305e-05
LC-STR-03,41,-8.5,0.00010159613140977287,0.00012720471206367212,4.560981375228489e-06,0.0001628607234410395
LC-STR-03,42,-8.5,-0.00010294108282774301,-5.194848830974677e-05,-6.29897453388009e-05,0.0001313895733658616
LC-STR-03,43,-8.5,0.00010159826320127744,-4.5637131470068664e-06,0.00012721361061875227,0.00016286908021433572
LC-STR-03,44,-8.5,-0.00010294615425526076,6.298802613458315e-05,-5.19414536025395e-05,0.00013138994145148113
LC-STR-03,45,-8.5,0.0001015961314039147,-0.00012720471211365224,-4.560981352017095e-06,0.0001628607234757727
LC-STR-03,46,-8.5,-0.00010294108282982925,5.1948488259780024e-05,6.298974536201782e-05,0.0001313895733588709
LC-STR-03,47,-8.5,0.00010159826320418264,4.56371309703475e-06,-0.0001272136105955222,0.00016286908019660327
LC-STR-03,48,-8.5,-0.00010294615424906224,-6.298802618456812e-05,5.194145362576379e-05,0.00013138994147976826
LC-STR-03,49,-6.0,0.0003804283360391623,1.80192288982661e-06,-8.32910567528929e-05,0.00038944366206505437
LC-STR-03,50,-6.0,-0.00038997091504263824,-8.598777443647177e-05,-0.00022908177450199965,0.0004603799206532743
LC-STR-03,51,-6.0,0.00038042878059178943,8.328822264382686e-05,1.8009312921192563e-06,0.00038944348561407787
LC-STR-03,52,-6.0,-0.00038997318977018877,0.00022907681508681633,-8.598342021937563e-05,0.00046037856651073237
LC-STR-03,53,-6.0,0.00038042833603258325,-1.8019229552876e-06,8.329105678488711e-05,0.00038944366206577325
LC-STR-03,54,-6.0,-0.0003899709150452692,8.598777437101699e-05,0.00022908177453398508,0.0004603799206591933
LC-STR-03,55,-6.0,0.00038042878059464213,-8.328822270927613e-05,-1.8009312601388284e-06,0.0003894434856307139
LC-STR-03,56,-6.0,-0.0003899731897635132,-0.00022907681515227425,8.598342025137684e-05,0.00046037856654362533
LC-STR-03,57,-3.5,0.0008133229275943367,-0.00794048086411114,0.0002301499970559618,0.00798534279533513
LC-STR-03,58,-3.5,-0.0009379996650431645,0.005821744277938981,0.006775450617880329,0.008982164599063596
LC-STR-03,59,-3.5,0.0008133234516715786,-0.00023015165777667232,-0.007940480472051687,0.00798534250672133
LC-STR-03,60,-3.5,-0.000938000356579079,-0.006775453237802999,0.005821747149611464,0.008982168508807148
LC-STR-03,61,-3.5,0.0008133229275875085,0.007940480864028827,-0.00023014999701682389,0.007985342795251458
LC-STR-03,62,-3.5,-0.0009379996650457528,-0.005821744278021284,-0.006775450617841192,0.008982164599087688
LC-STR-03,63,-3.5,0.0008133234516747295,0.00023015165769434123,0.007940480472090766,0.007985342506758138
LC-STR-03,64,-3.5,-0.0009380003565720069,0.006775453237720625,-0.005821747149572293,0.008982168508718885
LC-STR-03,65,-2.5,0.00019000493926632665,-0.008002464719173765,0.00586285629752157,0.009922128170103165
LC-STR-03,66,-2.5,-0.0006022306199679094,0.02470187909127432,0.03405048296583694,0.042071140970578805
LC-STR-03,67,-2.5,0.00019000523815791028,-0.0058628578954181155,-0.008002465011898567,0.009922129356093616
LC-STR-03,68,-2.5,-0.0006022310281184733,-0.034050485681298,0.024701881637541865,0.042071144669222356
LC-STR-03,69,-2.5,0.00019000493925938004,0.008002464719085322,-0.005862856297479561,0.009922128170006877
LC-STR-03,70,-2.5,-0.000602230619970611,-0.02470187909136266,-0.034050482965794854,0.042071140970596645
LC-STR-03,71,-2.5,0.00019000523816102146,0.005862857895329694,0.008002465011940458,0.009922129356075214
LC-STR-03,72,-2.5,-0.0006022310281113463,0.034050485681209476,-0.024701881637499812,0.04207114466912592
LC-STR-03,73,-1.0,-0.0005908040367027672,-0.005255947777606449,0.0004944557682666655,0.0053121109699894855
LC-STR-03,74,-1.0,-0.0001235129596875441,0.00341187510727176,0.004595500297178745,0.005724925342762244
LC-STR-03,75,-1.0,-0.0005908037929499448,-0.0004944571529355059,-0.005255948331915222,0.0053121116202142745
LC-STR-03,76,-1.0,-0.00012351308276603552,-0.0045955027873628845,0.003411877241496266,0.005724928616263663
LC-STR-03,77,-1.0,-0.0005908040367098208,0.005255947777508909,-0.0004944557682209051,0.005312110969889502
LC-STR-03,78,-1.0,-0.00012351295969030262,-0.003411875107369231,-0.004595500297132955,0.005724925342783636
LC-STR-03,79,-1.0,-0.0005908037929468088,0.0004944571528379631,0.005255948331960853,0.005312111620249996
LC-STR-03,80,-1.0,-0.00012351308275880578,0.004595502787265267,-0.003411877241450473,0.005724928616157857
LC-STR-03,81,1.5,0.00016332329054011946,-0.008128327785289519,2.3104236415177736e-05,0.008130001284629837
LC-STR-03,82,1.5,-0.0010634741342126185,0.006610194460424401,0.005952956961299199,0.008958981226782724
LC-STR-03,83,1.5,0.00016332331933584026,-2.310471499860874e-05,-0.008128328234193677,0.008130001735380145
LC-STR-03,84,1.5,-0.0010634741348699106,-0.00595295790125796,0.006610195130466974,0.008958982345810051
LC-STR-03,85,1.5,0.00016332329053301152,0.00812832778517588,-2.3104236363127277e-05,0.008130001284515931
LC-STR-03,86,1.5,-0.0010634741342155076,-0.006610194460538161,-0.005952956961247219,0.008958981226832466
LC-STR-03,87,1.5,0.00016332331933882952,2.3104714884654103e-05,0.008128328234245195,0.008130001735431385
LC-STR-03,88,1.5,-0.0010634741348627323,0.005952957901143674,-0.006610195130414641,0.008958982345694649
LC-STR-03,89,2.5,-0.00040705761095471315,-0.00799889576898043,-0.005570363230478907,0.00975586879478812
LC-STR-03,90,2.5,-0.0007827678933877659,0.03384474115049678,0.024902434898943553,0.042026307154152516
LC-STR-03,91,2.5,-0.0004070575908599753,0.005570362871692084,-0.00799889615828918,0.00975586890828776
LC-STR-03,92,2.5,-0.0007827678640035979,-0.02490243561962964,0.03384474163018492,0.04202630796694718
LC-STR-03,93,2.5,-0.000407057610961832,0.007998895768860877,0.0055703632305335515,0.009755868794721593
LC-STR-03,94,2.5,-0.0007827678933906558,-0.03384474115061649,-0.024902434898889023,0.04202630715421666
LC-STR-03,95,2.5,-0.0004070575908569544,-0.005570362871812103,0.007998896158342957,0.009755868908400253
LC-STR-03,96,2.5,-0.0007827678639964228,0.024902435619509024,-0.03384474163012977,0.04202630796683117
LC-STR-03,97,4.0,-0.0013378442854219364,-0.005024233131982983,-0.00013842651690592803,0.0052011448544656376
LC-STR-03,98,4.0,-0.00014747292896458253,0.004327506315500341,0.003706587320782336,0.005699811290039093
LC-STR-03,99,4.0,-0.0013378442887806736,0.00013842628798456442,-0.00502423342246534,0.005201145129838816
LC-STR-03,100,4.0,-0.00014747289821057935,-0.0037065877889451396,0.0043275066124846,0.005699811819171032
LC-STR-03,101,4.0,-0.00133784428542906,0.00502423313185429,0.00013842651696421645,0.005201144854344705
LC-STR-03,102,4.0,-0.0001474729289674857,-0.004327506315629106,-0.00370658732072408,0.005699811290099048
LC-STR-03,103,4.0,-0.0013378442887776332,-0.0001384262881134664,0.005024233422523285,0.005201145129897438
LC-STR-03,104,4.0,-0.0001474728982034317,0.003706587788816035,-0.004327506612426139,0.005699811819042504
LC-STR-03,105,6.5,-0.001030637711322166,7.079824307524158e-05,3.567392595037818e-05,0.0010336823071982252
LC-STR-03,106,6.5,-0.0005260506695575864,-0.00020384738143816556,-0.00013733213467572602,0.0005806403164401983
LC-STR-03,107,6.5,-0.0010306377164190485,-3.5674010803255464e-05,7.079810237572673e-05,0.0010336823055718163
LC-STR-03,108,6.5,-0.0005260506397397909,0.0001373319485607986,-0.00020384727990491343,0.0005806402097605548
LC-STR-03,109,6.5,-0.0010306377113292948,-7.079824321892777e-05,-3.567392588588329e-05,0.0010336823072129486
LC-STR-03,110,6.5,-0.0005260506695604932,0.0002038473812944815,0.0001373321347402204,0.0005806403164076424
LC-STR-03,111,6.5,-0.0010306377164160207,3.567401065955419e-05,-7.079810231127685e-05,0.001033682305559424
LC-STR-03,112,6.5,-0.0005260506397326353,-0.0001373319487045248,0.00020384727996942351,0.0005806402098107136
LC-STR-03,113,9.0,-0.000846481523530989,8.156180164240094e-05,-2.2433935022574757e-05,0.0008506977010707716
LC-STR-03,114,9.0,-0.0007148842691041017,-2.2100299639182395e-05,-4.180462015762467e-05,0.0007164464862941059
LC-STR-03,115,9.0,-0.0008464815279359277,2.24339111405144e-05,8.156176130619429e-05,0.000850697700956792
LC-STR-03,116,9.0,-0.0007148842518875987,4.180456791748955e-05,-2.2100271041768536e-05,0.0007164464651847892
LC-STR-03,117,9.0,-0.000846481523538115,-8.156180180094206e-05,2.2433935093329842e-05,0.0008506977010949284
LC-STR-03,118,9.0,-0.0007148842691070089,2.210029948063889e-05,4.1804620228379176e-05,0.0007164464862962447
LC-STR-03,119,9.0,-0.0008464815279329115,-2.2433911299057036e-05,-8.156176123543808e-05,0.000850697700951188
LC-STR-03,120,9.0,-0.0007148842518804365,-4.180456807603202e-05,2.2100271112524166e-05,0.0007164464651890761
LC-STR-03,121,11.5,-0.0007970949091386675,2.0274114965269156e-05,-1.7670672878541933e-05,0.0007975484854178998
LC-STR-03,122,11.5,-0.0007651833141499015,-6.424480368014574e-06,-3.475806609865008e-05,0.0007659992828719516
LC-STR-03,123,11.5,-0.0007970949134567869,1.7670671272200042e-05,2.0274092842844343e-05,0.0007975484891356092
LC-STR-03,124,11.5,-0.0007651833051641302,3.475805638585687e-05,-6.424483788525434e-06,0.0007659992734837114
LC-STR-03,125,11.5,-0.0007970949091457924,-2.027411513865098e-05,1.7670672955558414e-05,0.0007975484854311346
LC-STR-03,126,11.5,-0.0007651833141528111,6.424480194634451e-06,3.475806617566731e-05,0.0007659992828768986
LC-STR-03,127,11.5,-0.0007970949134537753,-1.767067144557975e-05,-2.0274092765826473e-05,0.000797548489134483
LC-STR-03,128,11.5,-0.0007651833051569656,-3.4758056559235365e-05,6.42448386554068e-06,0.0007659992734850677
LC-STR-03,129,14.0,-0.0007840449678311761,4.49375778973182e-06,-2.0246379010876373e-05,0.0007843192088069212
LC-STR-03,130,14.0,-0.0007782133947512877,1.2995233516639266e-05,-1.5186741413872724e-05,0.0007784700385880291
LC-STR-03,131,14.0,-0.0007840449691267643,2.0246379984168563e-05,4.49375654159945e-06,0.0007843192101200297
LC-STR-03,132,14.0,-0.0007782133906691768,1.5186742691042665e-05,1.2995231655567479e-05,0.0007784700345011121
LC-STR-03,133,14.0,-0.0007840449678383003,-4.493757977958053e-06,2.0246379094153952e-05,0.0007843192088172711
LC-STR-03,134,14.0,-0.0007782133947541971,-1.299523370486511e-05,1.5186741497150542e-05,0.0007784700385957043
LC-STR-03,135,14.0,-0.0007840449691237551,-2.0246380172394354e-05,-4.493756458321583e-06,0.0007843192101214033
LC-STR-03,136,14.0,-0.0007782133906620123,-1.5186742879268185e-05,-1.2995231572290276e-05,0.0007784700344962318
LC-STR-03,137,15.0,-0.0007824266404034733,1.899024039266175e-06,-2.0261992864254362e-05,0.0007826912560264098
LC-STR-03,138,15.0,-0.0007798460120773523,1.2282855137940024e-05,-1.681112503536678e-05,0.0007801238908072513
LC-STR-03,139,15.0,-0.0007824266415398484,2.0261995815542136e-05,1.899024468888759e-06,0.0007826912572398447
LC-STR-03,140,15.0,-0.0007798460093934292,1.6811129973013074e-05,1.2282850541424555e-05,0.0007801238881583162
LC-STR-03,141,15.0,-0.0007824266404105974,-1.899024233429038e-06,2.026199295003786e-05,0.0007826912560362232
LC-STR-03,142,15.0,-0.0007798460120802623,-1.2282855332102422e-05,1.6811125121150463e-05,0.0007801238908150659
LC-STR-03,143,15.0,-0.0007824266415368396,-2.026199600970448e-05,-1.8990243831049404e-06,0.0007826912572416553
LC-STR-03,144,15.0,-0.0007798460093862645,-1.6811130167175143e-05,-1.2282850455641329e-05,0.0007801238881539873
LC-STR-03,145,16.5,-0.0007815633232506588,1.3565402831699986e-06,-2.0704881176480138e-05,0.0007818387049492278
LC-STR-03,146,16.5,-0.0007807035741044518,1.3681212406909381e-05,-1.541925938530236e-05,0.0007809756716776646
LC-STR-03,147,16.5,-0.0007815633236331856,2.070488480445577e-05,1.3565431335860658e-06,0.0007818387054326426
LC-STR-03,148,16.5,-0.0007807035725844862,1.5419266204491775e-05,1.3681207267525117e-05,0.0007809756702028318
LC-STR-03,149,16.5,-0.0007815633232577824,-1.356540486238609e-06,2.070488126602132e-05,0.0007818387049590726
LC-STR-03,150,16.5,-0.000780703574107362,-1.3681212609977719e-05,1.541925947484359e-05,0.0007809756716858991
LC-STR-03,151,16.5,-0.0007815633236301774,-2.0704885007524036e-05,-1.3565430440448376e-06,0.0007818387054348581
LC-STR-03,152,16.5,-0.0007807035725773221,-1.5419266407559864e-05,-1.3681207177984144e-05,0.0007809756701981108
LC-STR-03,153,19.0,-0.0007812171440973134,1.5851367732574672e-07,-2.0660788356996087e-05,0.000781490319539328
LC-STR-03,154,19.0,-0.0007810491273248138,1.4499269592692084e-05,-1.4743592431171578e-05,0.000781322815250746
LC-STR-03,155,19.0,-0.0007812171445617477,2.0660790045184993e-05,1.5851411471096756e-07,0.0007814903200483206
LC-STR-03,156,19.0,-0.000781049126982079,1.4743595370542129e-05,1.4499266928703892e-05,0.0007813228149141607
LC-STR-03,157,19.0,-0.0007812171441044382,-1.5851389523739584e-07,2.066078845279477e-05,0.0007814903195490272
LC-STR-03,158,19.0,-0.0007810491273277255,-1.4499269810603147e-05,1.4743592526970542e-05,0.0007813228152595082
LC-STR-03,159,19.0,-0.0007812171445587398,-2.0660790263096656e-05,-1.5851401891342736e-07,0.0007814903200510553
LC-STR-03,160,19.0,-0.0007810491269749142,-1.4743595588454319e-05,-1.4499266832904992e-05,0.0007813228149093326
LC-STR-03,161,21.0,-0.0007811648331257904,6.276456994610182e-09,-2.0673911762921758e-05,0.0007814383578884638
LC-STR-03,162,21.0,-0.0007811012873561703,1.4613891328181299e-05,-1.4613224760441162e-05,0.0007813746433479381
LC-STR-03,163,21.0,-0.0007811648332736245,2.0673912072467258e-05,6.276901063358301e-09,0.0007814383580444391
LC-STR-03,164,21.0,-0.000781101287182027,1.4613225350183132e-05,1.4613890970535962e-05,0.0007813746431781962
LC-STR-03,165,21.0,-0.0007811648331329149,-6.276686781184353e-09,2.0673911863730483e-05,0.0007814383578982547
LC-STR-03,166,21.0,-0.0007811012873590817,-1.4613891557967102e-05,1.4613224861250324e-05,0.0007813746433570314
LC-STR-03,167,21.0,-0.000781164833270616,-2.0673912302253382e-05,-6.276800254936889e-09,0.0007814383580475102
LC-STR-03,168,21.0,-0.0007811012871748619,-1.4613225579968788e-05,-1.4613890869727796e-05,0.0007813746431734455
LC-STR-03,169,-2.5,-0.04764902970320911,0.07596390894043965,0.06830181741497392,0.11272126576363994
LC-STR-03,170,-2.5,0.00029937760620162864,0.04904213389481822,0.05238403104213706,0.07175867356725563
LC-STR-03,171,-2.5,-0.04820049371883324,0.09445436621529545,0.1409747132576148,0.17640517189113006
LC-STR-03,172,-2.5,-0.0006529921412789704,0.039984422055148315,0.054414516901745,0.0675286609927303
LC-STR-03,173,-2.5,-0.04823668186621077,0.02226225828422963,0.16122811017311378,0.16975538027223025
LC-STR-03,174,-2.5,-0.04764902869259283,-0.06830181933850385,0.07596390864896715,0.11272126630554583
LC-STR-03,175,-2.5,0.0002993772810292407,-0.05238403373845178,0.04904213641609383,0.07175867725733528
LC-STR-03,176,-2.5,-0.04820049331164191,-0.14097471593647398,0.09445436874122945,0.17640517527317418
LC-STR-03,177,-2.5,-0.0006529926319409731,-0.054414519642643384,0.0399844246209507,0.06752866472532594
LC-STR-03,178,-2.5,-0.04823668246865167,-0.16122811290398478,0.022262260861844043,0.16975538337514479
LC-STR-03,179,-2.5,-0.047649029703206086,-0.07596390894052812,-0.06830181741493144,0.11272126576367254
LC-STR-03,180,-2.5,0.00029937760619712606,-0.049042133894906484,-0.0523840310420949,0.07175867356728517
LC-STR-03,181,-2.5,-0.048200493718785715,-0.09445436621538376,-0.1409747132575723,0.17640517189113036
LC-STR-03,182,-2.5,-0.0006529921412796955,-0.03998442205523663,-0.054414516901702875,0.06752866099274867
LC-STR-03,183,-2.5,-0.04823668186613013,-0.02226225828431804,-0.16122811017307148,0.16975538027217874
LC-STR-03,184,-2.5,-0.047649028692509234,0.06830181933841542,-0.07596390864892516,0.1127212663054286
LC-STR-03,185,-2.5,0.0002993772810354299,0.05238403373836323,-0.049042136416051756,0.0717586772572419
LC-STR-03,186,-2.5,-0.04820049331157676,0.14097471593638553,-0.09445436874118712,0.17640517527306304
LC-STR-03,187,-2.5,-0.0006529926319334058,0.05441451964255471,-0.039984424620908524,0.06752866472522945
LC-STR-03,188,-2.5,-0.0482366824686153,0.1612281129038962,-0.02226226086180153,0.16975538337504473
LC-STR-03,189,2.5,-0.04205349695945506,0.07596795715342954,-0.06547463356872509,0.10874996442088165
LC-STR-03,190,2.5,-0.0008853632380100913,0.05426763101623008,0.0402301372846697,0.06755903781227414
LC-STR-03,191,2.5,-0.0426039203367247,0.15981139281737874,0.02470845921111813,0.16722823702615539
LC-STR-03,192,2.5,8.460231662967548e-05,0.052133337077207596,0.04918410964795337,0.07167264913633113
LC-STR-03,193,2.5,-0.04256416140177153,0.13852460680046683,0.09586678011839898,0.17375619141581533
LC-STR-03,194,2.5,-0.04205349704118718,0.06547463312992484,0.07596795676482226,0.10874996391683674
LC-STR-03,195,2.5,-0.0008853632184238286,-0.04023013791826307,0.05426763138239308,0.06755903848343536
LC-STR-03,196,2.5,-0.042603920067882356,-0.02470845985099821,0.15981139317913082,0.16722823739791565
LC-STR-03,197,2.5,8.460234064126976e-05,-0.049184110482261574,0.052133337644073616,0.07167265012121665
LC-STR-03,198,2.5,-0.042564161051455156,-0.09586678095587844,0.13852460735973962,0.17375619223793615
LC-STR-03,199,2.5,-0.04205349695931133,-0.07596795715354893,0.06547463356877958,0.10874996442094227
LC-STR-03,200,2.5,-0.0008853632380147435,-0.05426763101634927,-0.04023013728461476,0.06755903781233724
LC-STR-03,201,2.5,-0.04260392033653374,-0.1598113928174978,-0.02470845921106357,0.16722823702621245
LC-STR-03,202,2.5,8.460231662874913e-05,-0.05213333707732771,-0.049184109647899384,0.07167264913638145
LC-STR-03,203,2.5,-0.04256416140156015,-0.1385246068005873,-0.09586678011834575,0.17375619141583024
LC-STR-03,204,2.5,-0.04205349704099278,-0.06547463313004519,-0.07596795676476858,0.10874996391679653
LC-STR-03,205,2.5,-0.0008853632184175378,0.04023013791814293,-0.054267631382338546,0.06755903848331993
LC-STR-03,206,2.5,-0.042603920067777225,0.024708459850877662,-0.15981139317907694,0.16722823739781958
LC-STR-03,207,2.5,8.460234064882925e-05,0.04918411048214065,-0.05213333764401825,0.0716726501210934
LC-STR-03,208,2.5,-0.04256416105148705,0.0958667809557564,-0.13852460735968442,0.1737561922378326
LC-STR-03,209,-16.0,1.6861447534816616e-05,1.374215531695081e-06,6.395866885920539e-06,1.8086016546474246e-05
LC-STR-03,210,-16.0,1.7340249599732362e-05,5.829221798424513e-06,-4.089662086655262e-06,1.8745383936832858e-05
LC-STR-03,211,-16.0,1.3567884216645106e-05,9.473860813521178e-06,1.5343385489147983e-06,1.661913702973008e-05
LC-STR-03,212,-16.0,1.686144752510619e-05,-1.3742155437016961e-06,-6.395866879728429e-06,1.808601653614383e-05
LC-STR-03,213,-16.0,1.734024959943474e-05,-5.829221810364142e-06,4.089662092854901e-06,1.8745383941622958e-05
LC-STR-03,214,-16.0,1.3567884225914599e-05,-9.473860825531382e-06,-1.5343385426687335e-06,1.661913704356755e-05
LC-STR-03,215,21.4,-0.0007811544212886535,1.1442465796515447e-08,-1.3780258292439339e-05,0.0007812759599196353
LC-STR-03,216,21.4,-0.0007811213919533035,9.734592904666504e-06,-9.753477305726408e-06,0.000781242933782853
LC-STR-03,217,21.4,-0.0007811544213578449,1.3780258580902643e-05,1.1442975789215447e-08,0.0007812759599939114
LC-STR-03,218,21.4,-0.0007811213917734778,9.753477907728766e-06,9.734592617119333e-06,0.0007812429336069881
LC-STR-03,219,21.4,-0.0007811544212934041,-1.1442697957270675e-08,1.3780258394250026e-05,0.0007812759599261842
LC-STR-03,220,21.4,-0.0007811213919552448,-9.734593136826217e-06,9.753477407537578e-06,0.000781242933788958
LC-STR-03,221,21.4,-0.0007811544213558392,-1.378025881306236e-05,-1.1442873978196062e-08,0.0007812759599959993
LC-STR-03,222,21.4,-0.0007811213917686992,-9.75347813988803e-06,-9.734592515309376e-06,0.00078124293360384
LC-STR-04,1,-21.0,0.0,0.0,0.0,0.0
LC-STR-04,2,-21.0,0.0,0.0,0.0,0.0
LC-STR-04,3,-21.0,0.0,0.0,0.0,0.0
LC-STR-04,4,-21.0,0.0,0.0,0.0,0.0
LC-STR-04,5,-21.0,0.0,0.0,0.0,0.0
LC-STR-04,6,-21.0,0.0,0.0,0.0,0.0
LC-STR-04,7,-21.0,0.0,0.0,0.0,0.0
LC-STR-04,8,-21.0,0.0,0.0,0.0,0.0
LC-STR-04,9,-18.5,-0.04934427155999951,0.14310512700992356,0.08892280652704157,0.17555967655745722
LC-STR-04,10,-18.5,-0.029492083423898363,0.14255460128085753,0.08887246204595124,0.17055764961189956
LC-STR-04,11,-18.5,0.007667894622707447,0.142813662639999,0.08824175809713684,0.1680510241464479
LC-STR-04,12,-18.5,0.04022616991772774,0.14378587463961226,0.08807822475844522,0.17335021248538288
LC-STR-04,13,-18.5,0.049200547502058746,0.1437467707106741,0.0888480333498851,0.1760051163869725
LC-STR-04,14,-18.5,0.029451036818792114,0.1426224307161629,0.08854870386743127,0.1704388285271011
LC-STR-04,15,-18.5,-0.007524738255927756,0.14273919278654912,0.08760043942031377,0.16764526784197614
LC-STR-04,16,-18.5,-0.04018460866961275,0.14346258475095827,0.08801045281145706,0.17303801837004928
LC-STR-04,17,-16.0,-0.09169891178372788,0.39149883136317903,-6.250442912877362e-06,0.4020945478617223
LC-STR-04,18,-16.0,-0.06525121620796966,0.3916168630494812,0.0008064215808299684,0.39701654746005405
LC-STR-04,19,-16.0,-0.00061085450808991,0.3910776202349166,0.0012800897493912273,0.39108019231559427
LC-STR-04,20,-16.0,0.06405486119577684,0.39119316249474806,0.00030581991951342014,0.39640283696168943
LC-STR-04,21,-16.0,0.09126755284348786,0.3923182189178219,0.00015556445304037924,0.4027944578779479
LC-STR-04,22,-16.0,0.06529065198000202,0.39214250951106644,0.0008225280993049258,0.3975415620461396
LC-STR-04,23,-16.0,0.0010403221821398828,0.3912386474043638,0.00045740415577909943,0.3912402979136997
LC-STR-04,24,-16.0,-0.06409250244168974,0.39120820331145695,-0.00021707558044139455,0.39642370555912
LC-STR-04,25,-13.5,-0.1269696436265429,0.7193599026864775,0.06089219430214914,0.7330128370790517
LC-STR-04,26,-13.5,-0.08420080096266044,0.7189132502537048,0.060953788495315415,0.7263892899850818
LC-STR-04,27,-13.5,0.007967261613351265,0.7188404684882719,0.060099393767226374,0.7213924268560364
LC-STR-04,28,-13.5,0.09479452674636321,0.71949134976459,0.060028730757392894,0.7281876497191379
LC-STR-04,29,-13.5,0.12603524226893148,0.7192691755720962,0.06070770149805577,0.7327471966804979
LC-STR-04,30,-13.5,0.08406393000953631,0.7185832472750521,0.06065419755706477,0.7260217347120528
LC-STR-04,31,-13.5,-0.007040857850266049,0.7186517863737715,0.06020193081305328,0.7212033251525538
LC-STR-04,32,-13.5,-0.09464920261031336,0.7191986620773528,0.06034771754910045,0.727905923936609
LC-STR-04,33,-11.0,-0.15532186163693054,1.1149325430568386,-0.00020138193337426976,1.1256995588629473
LC-STR-04,34,-11.0,-0.10970896751777523,1.112910417377387,-0.0005572775515401912,1.1183049517994614
LC-STR-04,35,-11.0,3.551687349473432e-05,1.1118531244388592,-0.0019323315662379368,1.1118548041408929
LC-STR-04,36,-11.0,0.10851978779323206,1.1109929247623151,-0.00031834980243535443,1.1162803969259731
LC-STR-04,37,-11.0,0.15349525087518875,1.1100400643197348,0.00028308731709066325,1.1206024346638852
LC-STR-04,38,-11.0,0.10971536094844314,1.1122299930638904,0.0016468677156732177,1.1176295137800458
LC-STR-04,39,-11.0,0.0017562194879660483,1.1123361952572097,0.0030131063589102867,1.112341662618148
LC-STR-04,40,-11.0,-0.10849083785415699,1.113227743528597,0.0003221565636035745,1.1185018438272332
LC-STR-04,41,-8.5,-0.17675139719186478,1.5655624197980984,0.033506350038246834,1.575864658587862
LC-STR-04,42,-8.5,-0.11848658158306356,1.559304741905877,0.030975518049654614,1.5641067197809229
LC-STR-04,43,-8.5,0.008954390284750199,1.5562971754085166,0.023329509946719635,1.5564977819850088
LC-STR-04,44,-8.5,0.12911210359729952,1.5539662425983638,0.029572578567784006,1.559601088687022
LC-STR-04,45,-8.5,0.1737265742277159,1.546924633770831,0.03282598863680004,1.5569952763865087
LC-STR-04,46,-8.5,0.11833126351578015,1.5526571702736065,0.0353970518267593,1.5575620461494657
LC-STR-04,47,-8.5,-0.006071873132883682,1.5556044312639936,0.04210410777527828,1.556185968996979
LC-STR-04,48,-8.5,-0.12881437553798245,1.558496630531809,0.03611781836989076,1.5642280484405215
LC-STR-04,49,-6.0,-0.19115058429732842,2.0643990249491306,0.0003843308652836287,2.0732298540678857
LC-STR-04,50,-6.0,-0.13399778738625756,2.044313058357797,-0.007756214235266141,2.0487145839418157
LC-STR-04,51,-6.0,0.0009005584844061554,2.0359613073029554,-0.026863166105672475,2.0361387196194576
LC-STR-04,52,-6.0,0.13303599283009993,2.0279247531308084,-0.007719306122720985,2.032298444480032
LC-STR-04,53,-6.0,0.18698940254205734,2.010115744317447,1.656358633716228e-05,2.018794279388138
LC-STR-04,54,-6.0,0.13339629162651434,2.0271877219280103,0.007446675859218634,2.0315856082224872
LC-STR-04,55,-6.0,0.0027256148002375914,2.0355507007464118,0.027576583800613872,2.0357393134336625
LC-STR-04,56,-6.0,-0.13190159884229827,2.0431858066212607,0.009327995034907385,2.047460203190064
LC-STR-04,57,-3.5,-0.19720726076090525,2.6130062624072563,0.00612734969293026,2.6204446140856743
LC-STR-04,58,-3.5,-0.13144640888710782,2.5461032852603647,-0.022731172391307914,2.5495954196345
LC-STR-04,59,-3.5,0.007901924137151425,2.5313042006548625,-0.05684339441805077,2.531954693146579
LC-STR-04,60,-3.5,0.14242011714687497,2.51143031678888,-0.009328252060612965,2.5154826062091797
LC-STR-04,61,-3.5,0.19427031765175348,2.477345342569902,0.005216846743207814,2.4849563614203047
LC-STR-04,62,-3.5,0.13307876065874896,2.5111252121942385,0.019560162861343683,2.5147251117820395
LC-STR-04,63,-3.5,-0.0061574312980397,2.530837616803619,0.06646560860878263,2.5317177239408317
LC-STR-04,64,-3.5,-0.14289323126746592,2.5450293140465976,0.03404575426347445,2.5492649525465025
LC-STR-04,65,-2.5,-0.1959070462845318,2.8222771217401936,0.002650625878705572,2.829069590607412
LC-STR-04,66,-2.5,-0.13392911242733435,2.716290182147996,-0.039154773074183885,2.7198717721693533
LC-STR-04,67,-2.5,0.005582992651494784,2.7042202147788186,-0.06716026636962405,2.7050598221119224
LC-STR-04,68,-2.5,0.14237578066749443,2.6834869875239167,-0.015603558957980594,2.687306596982008
LC-STR-04,69,-2.5,0.19586115652264907,2.647895679028989,0.00033829989534882527,2.6551296077784228
LC-STR-04,70,-2.5,0.134289416520194,2.683107609511117,0.016151556633864802,2.6865146499484216
LC-STR-04,71,-2.5,-0.006008796738193017,2.704113690701721,0.06714258447042595,2.7049538045090706
LC-STR-04,72,-2.5,-0.14237517598684699,2.717671608148869,0.040332866082693264,2.7216973381627483
LC-STR-04,73,-1.0,-0.19325104358910472,3.018781251999807,-0.007291585345711303,3.0249693189337727
LC-STR-04,74,-1.0,-0.1356177522117867,2.9656746622763794,-0.030043173364732677,2.9689258949069304
LC-STR-04,75,-1.0,0.004530690886448757,2.9526626655325647,-0.05982756196461164,2.953272198894035
LC-STR-04,76,-1.0,0.14337635511100685,2.9357883342907707,-0.019907586158970127,2.9393547310505705
LC-STR-04,77,-1.0,0.19718905885713156,2.9066781817360527,-0.007524508769681147,2.9133688738890564
LC-STR-04,78,-1.0,0.1337261930511231,2.9365554224698633,0.005281539860786725,2.939603432201086
LC-STR-04,79,-1.0,-0.007784352619240709,2.952802000099774,0.0443986886654835,2.953146032876488
LC-STR-04,80,-1.0,-0.14235980371496132,2.965625416905986,0.014601959254754155,2.969076227436177
LC-STR-04,81,1.5,-0.1933076344903938,3.379272215155501,-0.01992820347665946,3.384855340921978
LC-STR-04,82,1.5,-0.13429996797284968,3.366603752839383,-0.025229413723539512,3.369375881872867
LC-STR-04,83,1.5,0.003986250897068543,3.361531597644507,-0.03715998500819377,3.3617393469221337
LC-STR-04,84,1.5,0.14256707974489727,3.356410529756008,-0.024952387326880383,3.3595296751356885
LC-STR-04,85,1.5,0.19760635282381295,3.3450451130043306,-0.020138450531267445,3.3509372772256247
LC-STR-04,86,1.5,0.13442857330409017,3.3559755692378506,-0.015531306082360393,3.358702768050563
LC-STR-04,87,1.5,-0.008116652482866362,3.3613596279005162,-0.002837184317624198,3.3613706248704376
LC-STR-04,88,1.5,-0.14307377790583492,3.3661857688353165,-0.014285214346221396,3.3692552298071123
LC-STR-04,89,2.5,-0.19373696919251207,3.5350086438067865,-0.02473769259254762,3.5403999884837023
LC-STR-04,90,2.5,-0.1342592011109229,3.528095525815829,-0.027698479605385976,3.530757819241793
LC-STR-04,91,2.5,0.004212347460300231,3.524919621575149,-0.03535349379787749,3.525099424407818
LC-STR-04,92,2.5,0.14263778382774264,3.521876145557805,-0.028325072073866656,3.5248772222209923
LC-STR-04,93,2.5,0.19739390818341318,3.51458802304028,-0.025281745897188936,3.520217676985575
LC-STR-04,94,2.5,0.13427843694593528,3.521296634574983,-0.022377194717037554,3.5239269893318097
LC-STR-04,95,2.5,-0.007844326796210112,3.524438308058179,-0.014834119400318906,3.524478255269745
LC-STR-04,96,2.5,-0.1428925644271617,3.5273431419954813,-0.02154853467151866,3.530302007717982
LC-STR-04,97,4.0,-0.19433261990964587,3.7732832597899044,-0.032676355435725696,3.7784255279118892
LC-STR-04,98,4.0,-0.1342199815087626,3.7703625374429244,-0.033881839757181884,3.7729029468374344
LC-STR-04,99,4.0,0.004681229576542808,3.7691896424350677,-0.036665148643651495,3.769370876907074
LC-STR-04,100,4.0,0.14263518735444053,3.767907006038827,-0.03354940692447883,3.770755039184208
LC-STR-04,101,4.0,0.19697669451606536,3.7651686326421996,-0.03238878680669549,3.770456694344336
LC-STR-04,102,4.0,0.13419567381977143,3.768457967192515,-0.03104328450827271,3.7709743588205087
LC-STR-04,103,4.0,-0.007382877081609838,3.769560378577062,-0.028438013914941548,3.7696748765971146
LC-STR-04,104,4.0,-0.14276409656460132,3.770874138265773,-0.03167113860103133,3.773708575781897
LC-STR-04,105,6.5,-0.19502133647722023,4.1772287342257375,-0.04485667643373186,4.1820192899056785
LC-STR-04,106,6.5,-0.13407186717253616,4.177507261597843,-0.04472967449654703,4.179897478413844
LC-STR-04,107,6.5,0.005282283252828165,4.17730986729511,-0.04526082203010597,4.1775583983863465
LC-STR-04,108,6.5,0.1425297229986941,4.177406385460409,-0.04547877040228976,4.180084586438507
LC-STR-04,109,6.5,0.19639227644443355,4.176914736895844,-0.04529440547915986,4.181774531070801
LC-STR-04,110,6.5,0.13424605236681755,4.176789751258442,-0.04535248285286686,4.179192682384309
LC-STR-04,111,6.5,-0.006748054843725278,4.176949541699209,-0.044926691991063715,4.177196597934872
LC-STR-04,112,6.5,-0.14281988249343552,4.176854211807262,-0.0447195531883276,4.179534479336768
LC-STR-04,113,9.0,-0.19540770762972517,4.584189630839956,-0.057711580561614094,4.5887154379229695
LC-STR-04,114,9.0,-0.1341979575566775,4.584476864122608,-0.05757858396171387,4.586801990801312
LC-STR-04,115,9.0,0.005652778111413009,4.584756078429926,-0.056932288985152714,4.585113034389624
LC-STR-04,116,9.0,0.14265409298537796,4.584895086824119,-0.05723471235865084,4.587470867452806
LC-STR-04,117,9.0,0.19603774884893369,4.585557330433079,-0.05751951806776875,4.590106243282507
LC-STR-04,118,9.0,0.13410321537468456,4.585310862364239,-0.05763635239127393,4.587633521327339
LC-STR-04,119,9.0,-0.006385788029456157,4.585026803413911,-0.05829607960099646,4.585401836176366
LC-STR-04,120,9.0,-0.14266719294654254,4.584895347285616,-0.05801610424030626,4.587481350573074
LC-STR-04,121,11.5,-0.19561782424994525,4.992018466779535,-0.07010132440247378,4.99634155172714
LC-STR-04,122,11.5,-0.13413728261061722,4.9925121042343426,-0.06988732457396295,4.994802714787511
LC-STR-04,123,11.5,0.005856237304489308,4.992671495103023,-0.0695212517420492,4.993158935781376
LC-STR-04,124,11.5,0.14259605614493448,4.992894048824169,-0.0700365536578327,4.995420876849134
LC-STR-04,125,11.5,0.19583667906325636,4.993286381879152,-0.07020660551637325,4.997618419185727
LC-STR-04,126,11.5,0.13415579162323615,4.992806758197876,-0.07041430466334474,4.995105131569671
LC-STR-04,127,11.5,-0.006179932803717184,4.992644622280395,-0.07078825661737212,4.99315025742564
LC-STR-04,128,11.5,-0.1427205347152131,4.992423235375041,-0.07027635297029322,4.994957224834742
LC-STR-04,129,14.0,-0.19571241990622773,5.400127674492328,-0.08269769321623012,5.404305798211899
LC-STR-04,130,14.0,-0.1341801309124756,5.400282930269571,-0.0826287572241755,5.402581563106013
LC-STR-04,131,14.0,0.00594964979207315,5.40038132273581,-0.08239501766504137,5.401013124240899
LC-STR-04,132,14.0,0.14263860863267036,5.400461502596497,-0.08257752427889349,5.402975963412711
LC-STR-04,133,14.0,0.19574473441977175,5.40072216824931,-0.08268700876594741,5.404900839154336
LC-STR-04,134,14.0,0.1341115950604083,5.4005690392681736,-0.08275505659319446,5.402867781763992
LC-STR-04,135,14.0,-0.0060872676404969935,5.400470470687849,-0.0829893938058345,5.401111515149731
LC-STR-04,136,14.0,-0.14267557984128917,5.400390756272459,-0.08280823822461955,5.402909757328354
LC-STR-04,137,15.0,-0.19573274292031048,5.563254912138274,-0.0877046805373332,5.5673879544244
LC-STR-04,138,15.0,-0.13417420821661233,5.5634096233879085,-0.08763565337196451,5.565717326948762
LC-STR-04,139,15.0,0.005969710609125003,5.563497084646585,-0.08743002696213518,5.564187223479311
LC-STR-04,140,15.0,0.14263277787907783,5.5635773388121645,-0.08761198943392054,5.566094930466271
LC-STR-04,141,15.0,0.19572478926441875,5.5638102179684905,-0.08771071500216264,5.567942663518489
LC-STR-04,142,15.0,0.13411718717435334,5.563657152137895,-0.0877789778811609,5.5659656372806126
LC-STR-04,143,15.0,-0.006067117339703885,5.563569503165955,-0.08798524388724466,5.564268490072435
LC-STR-04,144,15.0,-0.14268120682382235,5.563489561470376,-0.08780410041885628,5.566011461308798
LC-STR-04,145,16.5,-0.19574874957780974,5.807965530239037,-0.09522213768993164,5.812043395305332
LC-STR-04,146,16.5,-0.13417891805906207,5.808092103407826,-0.09516810942814256,5.810421226793456
LC-STR-04,147,16.5,0.005985607572014017,5.808163703270427,-0.09500224045274681,5.808943695473135
LC-STR-04,148,16.5,0.14263748432861326,5.808229087192341,-0.09515623920538856,5.810759441854609
LC-STR-04,149,16.5,0.195708998032455,5.808422446472569,-0.0952392047033497,5.812498932017948
LC-STR-04,150,16.5,0.13411234334697078,5.808296851447026,-0.09529284759115476,5.810626400137036
LC-STR-04,151,16.5,-0.006051246347610015,5.808225097454314,-0.0954591114505162,5.809012639187443
LC-STR-04,152,16.5,-0.14267632968134894,5.808159858119018,-0.0953055417673807,5.81069364351693
LC-STR-04,153,19.0,-0.19575934623991462,6.215876612014062,-0.10774929485630957,6.219891774618407
LC-STR-04,154,19.0,-0.1341719714371224,6.215923763697862,-0.1077289229434209,6.218304903658365
LC-STR-04,155,19.0,0.0059961319597240026,6.2159434440251315,-0.10768277363892982,6.216878994532229
LC-STR-04,156,19.0,0.14263057548482644,6.215975269394821,-0.1077575871875505,6.218545145641997
LC-STR-04,157,19.0,0.1956984889893058,6.216049138067379,-0.10778874667468069,6.220062957830137
LC-STR-04,158,19.0,0.1341191962216715,6.2160021697342245,-0.10780903754909416,6.218383529625122
LC-STR-04,159,19.0,-0.006040677004171936,6.215982450936956,-0.10785529395477007,6.216921029301316
LC-STR-04,160,19.0,-0.14268320836147536,6.215950637975408,-0.10778051819190072,6.218522129235927
LC-STR-04,161,21.0,-0.19576187701152922,6.5421640444522,-0.11777983855822022,6.546151937389251
LC-STR-04,162,21.0,-0.13417366589249186,6.542159801749021,-0.11778183907175285,6.544595480689004
LC-STR-04,163,21.0,0.005998655686772976,6.542158444644095,-0.1177859280512464,6.543221425532302
LC-STR-04,164,21.0,0.14263226848833843,6.542167933252576,-0.11780942128919408,6.5447829826998
LC-STR-04,165,21.0,0.1956959738323807,6.542191581107726,-0.11781955245931088,6.546178201441871
LC-STR-04,166,21.0,0.13411749307824622,6.542195835154401,-0.11781754918741698,6.544630992069584
LC-STR-04,167,21.0,-0.006038156606416653,6.542197189895263,-0.11781346459900224,6.5432606965678435
LC-STR-04,168,21.0,-0.14268150196274587,6.542187702017221,-0.11778997594765704,6.544803466710171
LC-STR-04,169,-2.5,-2.014515663087863,2.919736700420625,0.00015513024956931035,3.5472715966887627
LC-STR-04,170,-2.5,-0.16724907700204178,2.7400839725062656,-0.020890723674953978,2.74526298421106
LC-STR-04,171,-2.5,-1.7081488566965524,2.75035509293237,-0.04352530487181136,3.237919101215617
LC-STR-04,172,-2.5,-0.09145827308359365,2.696827936193935,-0.06453870052205882,2.6991500100988364
LC-STR-04,173,-2.5,-0.9442762037791304,2.7136910430850048,-0.07785952040874708,2.874341443054667
LC-STR-04,174,-2.5,0.07135241024842859,2.7141225022010773,-0.07000057649897005,2.715962482088566
LC-STR-04,175,-2.5,0.10161433309374515,2.695677654144844,-0.03150916186878909,2.6977761795648667
LC-STR-04,176,-2.5,1.0677923785132932,2.7020661466000035,-0.03127938531634935,2.905567143288662
LC-STR-04,177,-2.5,0.1730614194304043,2.669172324301427,-0.00460907011005572,2.6747808125600177
LC-STR-04,178,-2.5,1.7787515204828934,2.6727872062956566,-0.004311698295751018,3.2105711349384767
LC-STR-04,179,-2.5,2.0135293358191513,2.6509727036005057,-0.00016836129623836433,3.328957297681184
LC-STR-04,180,-2.5,0.16762028681170865,2.6686845191838366,0.005073873538610807,2.673948273186112
LC-STR-04,181,-2.5,1.7088949657172379,2.672766760951481,0.003969979151406146,3.172383949498429
LC-STR-04,182,-2.5,0.09157312997041347,2.6953805882811053,0.03216439177928006,2.69712749085276
LC-STR-04,183,-2.5,0.9464560983556185,2.7025697734962146,0.03146222936874154,2.8636781241275657
LC-STR-04,184,-2.5,-0.06948339072917031,2.714574607298003,0.06999354969526997,2.7163656486513874
LC-STR-04,185,-2.5,-0.10175938268295497,2.6974979405110426,0.06664398490258994,2.700239161953813
LC-STR-04,186,-2.5,-1.0670973541686029,2.713686966755739,0.07955722871903025,2.917040121331047
LC-STR-04,187,-2.5,-0.17306688635226083,2.7423909851228196,0.02135858911204951,2.747929520887214
LC-STR-04,188,-2.5,-1.779467190979695,2.752249236426699,0.043326228969319786,3.2776907275246723
LC-STR-04,189,2.5,-1.9494683646211648,3.534985757447726,-0.024470789755026506,4.036972879469
LC-STR-04,190,2.5,-0.16587583885616494,3.5312414841804634,-0.025284826793570206,3.535225669738675
LC-STR-04,191,2.5,-1.6603283036376093,3.531321803864484,-0.025447606239526927,3.902252085523458
LC-STR-04,192,2.5,-0.09353085711518144,3.5256799535489853,-0.03084700168087092,3.527055243911353
LC-STR-04,193,2.5,-0.9298649757554105,3.5258318606787835,-0.030933765176608452,3.6465183505286554
LC-STR-04,194,2.5,0.052167211885571926,3.524650780324377,-0.03533910641648218,3.525213950057424
LC-STR-04,195,2.5,0.10236295999337612,3.524148372187553,-0.03128676004413077,3.525773501818408
LC-STR-04,196,2.5,1.0261240066824855,3.5236426820479245,-0.0315791287351925,3.6701478811093815
LC-STR-04,197,2.5,0.17322221865755197,3.518917007478752,-0.02605476483829591,3.5232742858498316
LC-STR-04,198,2.5,1.728606926052413,3.5186298308711854,-0.026569867768231156,3.920400967932512
LC-STR-04,199,2.5,1.9656539228238972,3.5146109833402965,-0.025497660250359214,4.027025681468578
LC-STR-04,200,2.5,0.16731479205191882,3.518351348536307,-0.024636881696530798,3.5224135798236915
LC-STR-04,201,2.5,1.6702568971211005,3.5182928808445113,-0.024515873107553668,3.894707168172724
LC-STR-04,202,2.5,0.09203540805936403,3.523558193650893,-0.019429407200646454,3.5248135216270895
LC-STR-04,203,2.5,0.9237549780289875,3.523447923163059,-0.019364576442192347,3.642579239151318
LC-STR-04,204,2.5,-0.06809610539136703,3.524659042469921,-0.014847507972545457,3.525348052849172
LC-STR-04,205,2.5,-0.10402836792590824,3.524962864178506,-0.0184460258505051,3.5265458101434812
LC-STR-04,206,2.5,-1.0358070928704142,3.525535857161951,-0.018117787937825685,3.6745921771014363
LC-STR-04,207,2.5,-0.17196636540162175,3.5304430122207364,-0.02392681826471462,3.5347097173601036
LC-STR-04,208,2.5,-1.7222543793183962,3.530766869981184,-0.02334511494448476,3.928488237430512
LC-STR-04,209,-16.0,-0.3105780978883428,0.3914868057214374,0.00040050987628038306,0.4997207563730733
LC-STR-04,210,-16.0,-0.14448976223878623,0.3915436538136065,0.0008238423051574776,0.41735404987812696
LC-STR-04,211,-16.0,0.16164628312565887,0.3899146829230397,-0.00019289946236031682,0.4220936128603676
LC-STR-04,212,-16.0,0.3098413077220549,0.39230264148480487,0.0012041392976887804,0.49990443930647055
LC-STR-04,213,-16.0,0.14484744497090984,0.3901622628461771,0.0015795622975052004,0.4161848972282654
LC-STR-04,214,-16.0,-0.16152470178775652,0.3918244396589566,3.125555888778296e-05,0.423812012310398
LC-STR-04,215,21.4,-0.13051412467975987,6.607412123147517,-0.11979257059401902,6.609786619992149
LC-STR-04,216,21.4,-0.08945789759806738,6.607409073899762,-0.11979360469082594,6.609100384547083
LC-STR-04,217,21.4,0.003987743537605005,6.607407900678681,-0.11979716537757355,6.608495019963477
LC-STR-04,218,21.4,0.09507939507604427,6.607414524802273,-0.11981260529029268,6.609184658815528
LC-STR-04,219,21.4,0.13045777469905573,6.607429455631496,-0.11981909120232098,6.609803314527801
LC-STR-04,220,21.4,0.08940277061738422,6.607432514617992,-0.1198180530095156,6.609123516507473
LC-STR-04,221,21.4,-0.004036798171556592,6.607433686090739,-0.11981449743568588,6.608521145129362
LC-STR-04,222,21.4,-0.09512967384884179,6.607427062698752,-0.11979906040100226,6.609197671321641
LC-STR-05,1,-21.0,0.0,0.0,0.0,0.0
LC-STR-05,2,-21.0,0.0,0.0,0.0,0.0
LC-STR-05,3,-21.0,0.0,0.0,0.0,0.0
LC-STR-05,4,-21.0,0.0,0.0,0.0,0.0
LC-STR-05,5,-21.0,0.0,0.0,0.0,0.0
LC-STR-05,6,-21.0,0.0,0.0,0.0,0.0
LC-STR-05,7,-21.0,0.0,0.0,0.0,0.0
LC-STR-05,8,-21.0,0.0,0.0,0.0,0.0
LC-STR-05,9,-18.5,-0.03921692426332657,0.0010559615341933053,0.4914285121444834,0.4929919520154238
LC-STR-05,10,-18.5,-0.039212106260241006,-0.3470252353785352,0.3475471171693909,0.49269980913295114
LC-STR-05,11,-18.5,-0.039304109327626006,-0.49154333822081,-0.0007317698372844078,0.4931127678801172
LC-STR-05,12,-18.5,-0.03923330467831749,-0.3482071961198489,-0.34735119473262566,0.49339675324003807
LC-STR-05,13,-18.5,-0.039216924263335465,-0.0010559615351381634,-0.4914285121434517,0.492991952014398
LC-STR-05,14,-18.5,-0.03921210625992844,0.3470252353775874,-0.34754711716835235,0.49269980913152606
LC-STR-05,15,-18.5,-0.03930410932717506,0.49154333821985563,0.0007317698383259261,0.49311276787913155
LC-STR-05,16,-18.5,-0.039233304677992784,0.34820719611889595,0.3473511947336571,0.49339675324006593
LC-STR-05,17,-16.0,0.001933809211610194,-4.010843634353092e-05,1.0070832666612097,1.007085124116014
LC-STR-05,18,-16.0,0.0020135448289169415,-0.7121448824729731,0.7121327204751435,1.00711836422863
LC-STR-05,19,-16.0,0.0017229581230454377,-1.0071023119780291,7.242539768687212e-05,1.0071037884059535
LC-STR-05,20,-16.0,0.0020192687661575604,-0.712131283762343,-0.7120794434854005,1.0070710881530809
LC-STR-05,21,-16.0,0.001933809211476344,4.010843590495248e-05,-1.007083266657946,1.0070851241127496
LC-STR-05,22,-16.0,0.0020135448294128057,0.7121448824725379,-0.7121327204718816,1.0071183642260169
LC-STR-05,23,-16.0,0.001722958123880331,1.0071023119776015,-7.242539440334883e-05,1.007103788405527
LC-STR-05,24,-16.0,0.002019268766842302,0.7121312837619155,0.7120794434886675,1.00707108815509
LC-STR-05,25,-13.5,-0.03902461849102109,-0.0009560828125411414,1.5202863649335185,1.5207874494305527
LC-STR-05,26,-13.5,-0.0390396043565773,-1.075361572312022,1.0752214069960349,1.521192846412392
LC-STR-05,27,-13.5,-0.039126276339501144,-1.5202171617096192,0.0012652725438599367,1.5207211069657893
LC-STR-05,28,-13.5,-0.03903400334072359,-1.07450600398791,-1.0748327019976884,1.5203131727728079
LC-STR-05,29,-13.5,-0.03902461849114563,0.0009560828111251189,-1.5202863649274894,1.5207874494245277
LC-STR-05,30,-13.5,-0.039039604355833285,1.075361572310612,-1.0752214069899968,1.5211928464071083
LC-STR-05,31,-13.5,-0.03912627633832504,1.5202171617082034,-0.0012652725378187615,1.520721106964339
LC-STR-05,32,-13.5,-0.03903400333980332,1.074506003986495,1.0748327020037165,1.5203131727760462
LC-STR-05,33,-11.0,0.002051766588462882,-0.0003790012988902475,2.035060744046945,2.035061813643267
LC-STR-05,34,-11.0,0.00203522508791296,-1.439150156466206,1.4391156325513212,2.0352422752221546
LC-STR-05,35,-11.0,0.0020554055316992113,-2.035082451157885,0.0004019520333891785,2.0350835288184417
LC-STR-05,36,-11.0,0.002079860127681171,-1.4389240367549458,-1.4388642905433333,2.0349047043952866
LC-STR-05,37,-11.0,0.0020517665882259775,0.0003790012975430754,-2.0350607440373247,2.0350618136336465
LC-STR-05,38,-11.0,0.0020352250887711787,1.4391501564648628,-1.4391156325417003,2.035242275214403
LC-STR-05,39,-11.0,0.0020554055331488876,2.035082451156542,-0.00040195202376520266,2.0350835288170983
LC-STR-05,40,-11.0,0.00207986012887443,1.438924036753598,1.43886429055296,2.0349047044011424
LC-STR-05,41,-8.5,-0.039041901658193795,-0.00019219460566384714,2.5496641015725023,2.549963007157431
LC-STR-05,42,-8.5,-0.03904774447544179,-1.8029268198167243,1.8029434753250504,2.5500343172554047
LC-STR-05,43,-8.5,-0.03902716666961489,-2.549658262207198,0.00016908381860456645,2.5499569412774457
LC-STR-05,44,-8.5,-0.03903429907843588,-1.8028266037078513,-1.8028303340216696,2.5498832625847827
LC-STR-05,45,-8.5,-0.03904190165840955,0.0001921946032972642,-2.5496641015589283,2.549963007143862
LC-STR-05,46,-8.5,-0.039047744474400466,1.8029268198143698,-1.802943475311468,2.5500343172441204
LC-STR-05,47,-8.5,-0.03902716666792905,2.5496582622048356,-0.00016908380502852184,2.5499569412750565
LC-STR-05,48,-8.5,-0.03903429907709067,1.802826603705489,1.8028303340352396,2.549883262592686
LC-STR-05,49,-6.0,0.0021262514642621994,0.0001285620755436413,3.065121256650013,3.065121996828389
LC-STR-05,50,-6.0,0.0021011908365231725,-2.167304039168282,2.167459296646912,3.0651412717555466
LC-STR-05,51,-6.0,0.002143016594706701,-3.065108948066887,0.0002690624969399425,3.065109709037256
LC-STR-05,52,-6.0,0.0021097734609656672,-2.1673979603057263,-2.1672818313585753,3.065082202163338
LC-STR-05,53,-6.0,0.0021262514639501795,-0.0001285620782448025,-3.065121256631943,3.0651219968103187
LC-STR-05,54,-6.0,0.0021011908376141917,2.1673040391656095,-2.167459296628831,3.065141271740872
LC-STR-05,55,-6.0,0.002143016596556732,3.065108948064202,-0.00026906247888467663,3.065109709034571
LC-STR-05,56,-6.0,0.002109773462495547,2.167397960303033,2.1672818313766458,3.0650822021742123
LC-STR-05,57,-3.5,-0.03826806740402533,-0.0007907778433915346,3.571094566536597,3.5712996896731646
LC-STR-05,58,-3.5,-0.03830628711191305,-2.5245744507004626,2.5257127626585323,3.5712978716732713
LC-STR-05,59,-3.5,-0.038258867936743504,-3.5710911032289094,-0.0007554161830906751,3.5712961203448366
LC-STR-05,60,-3.5,-0.03830313507250945,-2.5256963928208194,-2.5245700662757837,3.57128316133014
LC-STR-05,61,-3.5,-0.038268067404311226,0.0007907778397215151,-3.571094566513917,3.5712996896504885
LC-STR-05,62,-3.5,-0.038306287110705994,2.524574450696804,-2.5257127626358438,3.571297871654626
LC-STR-05,63,-3.5,-0.038258867934757565,3.571091103225237,0.0007554162057474315,3.5712961203411475
LC-STR-05,64,-3.5,-0.038303135070905686,2.525696392817134,2.524570066298464,3.571283161343549
LC-STR-05,65,-2.5,-0.03150742164516064,0.0014621839514482422,3.6336923615079755,3.6338292521363798
LC-STR-05,66,-2.5,-0.03148386313997555,-2.566927415397059,2.5721017522964114,3.6339806017260896
LC-STR-05,67,-2.5,-0.031500159540284275,-3.6336873525415743,0.0014775165764469294,3.633824186601065
LC-STR-05,68,-2.5,-0.03148204679779453,-2.5720892077813198,-2.566931072427988,3.63397429031247
LC-STR-05,69,-2.5,-0.031507421645463544,-0.0014621839554179975,-3.6336923614835386,3.6338292521119477
LC-STR-05,70,-2.5,-0.03148386313875675,2.5669274153931956,-2.5721017522719163,3.6339806017060123
LC-STR-05,71,-2.5,-0.031500159538262365,3.633687352537657,-0.0014775165520380007,3.6338241865971206
LC-STR-05,72,-2.5,-0.03148204679615583,2.5720892077773825,2.566931072452413,3.633974290326922
LC-STR-05,73,-1.0,-0.039965603575660605,-0.0009816047264874096,3.712300673504421,3.712515926365621
LC-STR-05,74,-1.0,-0.039871602385622956,-2.6250175011814694,2.6249545094315345,3.712504922928823
LC-STR-05,75,-1.0,-0.03996127675672244,-3.7122971573185706,-0.0009828616547640809,3.712512364140031
LC-STR-05,76,-1.0,-0.03987040868059971,-2.6249491394392863,-2.6250237477887537,3.7125055300411773
LC-STR-05,77,-1.0,-0.03996560357596686,0.0009816047220625804,-3.7123006734774036,3.712515926338607
LC-STR-05,78,-1.0,-0.03987160238437084,2.6250175011770778,-2.6249545094045,3.71250492290659
LC-STR-05,79,-1.0,-0.039961276754645426,3.712297157314176,0.000982861681796038,3.712512364135621
LC-STR-05,80,-1.0,-0.03987040867892291,2.624949139434898,2.6250237478157614,3.7125055300571526
LC-STR-05,81,1.5,-0.019908255253219407,0.0010508884669989988,3.9632057559864955,3.9632558972741454
LC-STR-05,82,1.5,-0.019845730692226112,-2.802829658377469,2.80197132665962,3.963242518737623
LC-STR-05,83,1.5,-0.019906243924043457,-3.9632033277215766,0.001048176366383383,3.963253458218921
LC-STR-05,84,1.5,-0.01984602341499385,-2.8019681573997026,-2.8028344803965806,3.963243689735372
LC-STR-05,85,1.5,-0.01990825525353324,-0.0010508884720838796,-3.963205755955038,3.9632558972426906
LC-STR-05,86,1.5,-0.01984573069093116,2.802829658372531,-2.801971326628098,3.9632425187118385
LC-STR-05,87,1.5,-0.01990624392189733,3.963203327716635,-0.0010481763348679641,3.9632534582139605
LC-STR-05,88,1.5,-0.019846023413260912,2.8019681573948128,2.802834480427959,3.963243689754097
LC-STR-05,89,2.5,-0.023039273375221013,-0.00133402286990402,3.992780541335762,3.9928472346189476
LC-STR-05,90,2.5,-0.023046645269273913,-2.8259332855699095,2.820919203974194,3.992995772311875
LC-STR-05,91,2.5,-0.023037976507200797,-3.992778904118446,-0.0013383654647045784,3.9928455913993166
LC-STR-05,92,2.5,-0.023046846150732613,-2.820917832667356,-2.8259373050397,3.9929976493598427
LC-STR-05,93,2.5,-0.023039273375531914,0.0013340228644460037,-3.9927805413025075,3.992847234585694
LC-STR-05,94,2.5,-0.02304664526795329,2.82593328556463,-2.820919203940876,3.9929957722845932
LC-STR-05,95,2.5,-0.02303797650501863,3.992778904113173,0.0013383654980235191,3.992845591394042
LC-STR-05,96,2.5,-0.02304684614897181,2.820917832662147,2.8259373050728596,3.99299764937962
LC-STR-05,97,4.0,-0.022354648960328165,0.0007417559715645209,3.9981182205811203,3.998180784591263
LC-STR-05,98,4.0,-0.022423426523338,-2.8271758430348695,2.827011000557794,3.9981767413124385
LC-STR-05,99,4.0,-0.022353927998809912,-3.9981171222060836,0.000736468847422945,3.9981796812250443
LC-STR-05,100,4.0,-0.022423779482303712,-2.827010718129553,-2.8271793225741395,3.998179004033764
LC-STR-05,101,4.0,-0.022354648960626583,-0.0007417559772799994,-3.9981182205451344,3.99818078455528
LC-STR-05,102,4.0,-0.02242342652197502,2.8271758430292455,-2.827011000521776,3.9981767412829874
LC-STR-05,103,4.0,-0.02235392799658161,3.9981171222004708,-0.0007364688113855168,3.998179681219413
LC-STR-05,104,4.0,-0.02242377948051274,2.827010718123978,2.8271793226100743,3.9981790040552205
LC-STR-05,105,6.5,-0.022445828671237074,-8.253078379779148e-05,3.9988705883538915,3.998933583399188
LC-STR-05,106,6.5,-0.02247152374457217,-2.8275994036581658,2.827654247503449,3.9989313447934705
LC-STR-05,107,6.5,-0.022445601300569173,-3.9988704201530365,-8.5623981775555e-05,3.998933413989802
LC-STR-05,108,6.5,-0.02247159424603389,-2.827654896495239,-2.827600603152806,3.9989326522425412
LC-STR-05,109,6.5,-0.02244582867152146,8.253077754969444e-05,-3.9988705883130926,3.9989335833583906
LC-STR-05,110,6.5,-0.022471523743157584,2.8275994036519934,-2.827654247462617,3.9989313447602255
LC-STR-05,111,6.5,-0.022445601298281048,3.9988704201468765,8.562402264418754e-05,3.99893341398363
LC-STR-05,112,6.5,-0.022471594244211864,2.8276548964891286,2.827600603193549,3.99893265226702
LC-STR-05,113,9.0,-0.02244849446134756,1.2877352773995123e-05,3.998950369268079,3.9990133771892675
LC-STR-05,114,9.0,-0.022454655286998956,-2.827685751843235,2.8276813750293806,3.9990114880316794
LC-STR-05,115,9.0,-0.0224484617763076,-3.9989502933161996,1.123773625502328e-05,3.999013301050163
LC-STR-05,116,9.0,-0.022454763198457288,-2.8276817281934594,-2.8276863792682785,3.9990121820080518
LC-STR-05,117,9.0,-0.022448494461647664,-1.2877359265828862e-05,-3.998950369222296,3.9990133771434877
LC-STR-05,118,9.0,-0.022454655285536668,2.8276857518367655,-2.827681374983589,3.999011487994718
LC-STR-05,119,9.0,-0.022448461773935526,3.99895029330975,-1.1237690422664818e-05,3.9990133010437003
LC-STR-05,120,9.0,-0.022454763196562703,2.8276817281870428,2.82768637931403,3.999012182035854
LC-STR-05,121,11.5,-0.022450955023862223,-3.5549082528973182e-06,3.998950635234988,3.999013656945977
LC-STR-05,122,11.5,-0.02245259170334253,-2.8276830810350644,2.827686118691988,3.9990129421507894
LC-STR-05,123,11.5,-0.02245096730373814,-3.9989506511903796,-4.236504843621026e-06,3.9990136729707215
LC-STR-05,124,11.5,-0.022452619282333327,-2.8276863500699743,-2.8276832560213383,3.999013229644049
LC-STR-05,125,11.5,-0.02245095502415484,3.55490103150975e-06,-3.9989506351839674,3.9990136568949586
LC-STR-05,126,11.5,-0.02245259170183362,2.8276830810278257,-2.8276861186409747,3.9990129421095904
LC-STR-05,127,11.5,-0.02245096730130758,3.998950651183145,4.236555870318532e-06,3.999013672963473
LC-STR-05,128,11.5,-0.0224526192804033,2.827686350062741,2.827683256072365,3.999013229675005
LC-STR-05,129,14.0,-0.022451580538397103,5.354466691713307e-07,3.99895089661934,3.999013921836429
LC-STR-05,130,14.0,-0.022451887837078625,-2.827684669160481,2.827684888037332,3.999013190964412
LC-STR-05,131,14.0,-0.022451607677453328,-3.9989509108438996,2.864260714108934e-07,3.9990139362131063
LC-STR-05,132,14.0,-0.022451904916254355,-2.827684985160134,-2.8276847206459736,3.9990132961405784
LC-STR-05,133,14.0,-0.022451580538723166,-5.354544501593877e-07,-3.998950896562958,3.9990139217800498
LC-STR-05,134,14.0,-0.022451887835563216,2.8276846691526614,-2.827684887980965,3.9990131909190167
LC-STR-05,135,14.0,-0.022451607674985066,3.9989509108360872,-2.8636968948829435e-07,3.9990139362052792
LC-STR-05,136,14.0,-0.022451904914278453,2.8276849851523176,2.827684720702368,3.9990132961749163
LC-STR-05,137,15.0,-0.022451661011869233,-2.430813911372506e-07,3.9989508010239394,3.9990138266943087
LC-STR-05,138,15.0,-0.022451814323529704,-2.8276847213649163,2.8276847929990376,3.9990131602640435
LC-STR-05,139,15.0,-0.022451683983081294,-3.998950817200183,-4.0036579335709667e-07,3.9990138429992763
LC-STR-05,140,15.0,-0.022451824573535544,-2.8276848672683417,-2.8276847408262866,3.999013226598142
LC-STR-05,141,15.0,-0.022451661012197015,2.430733156801036e-07,-3.9989508009654746,3.9990138266358466
LC-STR-05,142,15.0,-0.022451814322007185,2.8276847213568206,-2.8276847929405795,3.9990131602169745
LC-STR-05,143,15.0,-0.02245168398060228,3.9989508171920902,4.004242613732766e-07,3.999013842991171
LC-STR-05,144,15.0,-0.022451824571551343,2.8276848672602464,2.8276847408847576,3.999013226633752
LC-STR-05,145,16.5,-0.02245171213795125,-1.8109938573052512e-08,3.9989507637839443,3.9990137897419307
LC-STR-05,146,16.5,-0.02245176638968472,-2.827684695092111,2.827684775363361,3.999013128947432
LC-STR-05,147,16.5,-0.022451731108273986,-3.9989507851056993,-9.521678159360697e-08,3.9990138111698563
LC-STR-05,148,16.5,-0.022451771284546115,-2.8276848330912223,-2.8276846825558972,3.9990131609297306
LC-STR-05,149,16.5,-0.022451712138288935,1.8101432307836284e-08,-3.9989507637223296,3.9990137896803186
LC-STR-05,150,16.5,-0.022451766388161164,2.8276846950836076,-2.827684775301745,3.9990131288978414
LC-STR-05,151,16.5,-0.022451731105783447,3.9989507850971986,9.52784038696184e-08,3.9990138111613414
LC-STR-05,152,16.5,-0.022451771282547602,2.827684833082724,2.8276846826175106,3.999013160967277
LC-STR-05,153,19.0,-0.022451735361165365,-2.530439231615335e-09,3.9989507614210558,3.9990137875094613
LC-STR-05,154,19.0,-0.022451748437312378,-2.827684742053688,2.82768474435053,3.999013140123929
LC-STR-05,155,19.0,-0.02245174582864707,-3.9989507672189326,-2.0146990139022358e-08,3.9990137933660153
LC-STR-05,156,19.0,-0.022451751026866286,-2.8276847593712784,-2.8276847373216567,3.9990131474135744
LC-STR-05,157,19.0,-0.02245173536149685,2.5211791011866624e-09,-3.9989507613540947,3.999013787442504
LC-STR-05,158,19.0,-0.022451748435775694,2.8276847420444517,-2.8276847442835567,3.999013140070034
LC-STR-05,159,19.0,-0.022451745826141428,3.998950767209685,2.0213935408524243e-08,3.9990137933567538
LC-STR-05,160,19.0,-0.022451751024862063,2.827684759362026,2.8276847373886143,3.9990131474543666
LC-STR-05,161,21.0,-0.02245173876431518,2.5565061597994323e-10,3.998950764054197,3.999013790161668
LC-STR-05,162,21.0,-0.022451746923707567,-2.827684746351067,2.8276847444840754,3.999013143248518
LC-STR-05,163,21.0,-0.022451748088395115,-3.9989507655469714,9.469652281483024e-10,3.999013791706767
LC-STR-05,164,21.0,-0.022451746811759824,-2.8276847469589175,-2.827684742964399,3.999013142603141
LC-STR-05,165,21.0,-0.022451738764655872,-2.6550168828062884e-10,-3.9989507639829873,3.999013790090461
LC-STR-05,166,21.0,-0.02245174692217986,2.827684746341211,-2.8276847444128705,3.9990131431911924
LC-STR-05,167,21.0,-0.022451748085890844,3.9989507655371175,-8.757605386128425e-10,3.999013791696899
LC-STR-05,168,21.0,-0.02245174680975122,2.827684746949069,2.827684743035596,3.9990131426465103
LC-STR-05,169,-2.5,-0.01954637672874081,0.00022659574805262249,101.56994524634293,101.56994712737271
LC-STR-05,170,-2.5,-0.02104424870003453,-1.6908371535378957,3.2445249128070444,3.6587313443341314
LC-STR-05,171,-2.5,-0.01923938518148046,-50.630082395635945,88.00432813913544,101.52914549410652
LC-STR-05,172,-2.5,-0.0421026814588422,-3.2398521512221463,1.6953444260171238,3.656857574529274
LC-STR-05,173,-2.5,-0.01964968867056763,-88.00220414534755,50.633173336829785,101.52884596363312
LC-STR-05,174,-2.5,-0.0195219080432312,-101.56993932324929,0.00024190370284903057,101.56994119960862
LC-STR-05,175,-2.5,-0.021040062253605853,-3.2445160903877803,-1.6908359590594766,3.658722944615159
LC-STR-05,176,-2.5,-0.019225455432312882,-88.0043185539673,-50.630080762560056,101.52913636877663
LC-STR-05,177,-2.5,-0.04210329117647112,-1.6953270285234354,-3.2398595316178063,3.656856054780491
LC-STR-05,178,-2.5,-0.01966020587174675,-50.633155516926955,-88.00221074605172,101.52884280005118
LC-STR-05,179,-2.5,-0.019546376722596896,-0.00022659575204233485,-101.56994524631826,101.56994712734804
LC-STR-05,180,-2.5,-0.02104424869931165,1.6908371535340536,-3.2445249127825346,3.658731344310617
LC-STR-05,181,-2.5,-0.019239385131463237,50.63008239563208,-88.00432813911074,101.5291454940832
LC-STR-05,182,-2.5,-0.042102681457216816,3.2398521512183125,-1.6953444259925923,3.656857574514486
LC-STR-05,183,-2.5,-0.01964968858944131,88.00220414534373,-50.63317333680512,101.52884596361748
LC-STR-05,184,-2.5,-0.019521907954698044,101.56993932324542,-0.0002419036783558115,101.56994119960473
LC-STR-05,185,-2.5,-0.021040062251686985,3.244516090383838,1.6908359590839042,3.6587229446229417
LC-STR-05,186,-2.5,-0.019225455358905984,88.0043185539635,50.63008076258457,101.52913636878554
LC-STR-05,187,-2.5,-0.04210329117522988,1.6953270285194846,3.239859531642241,3.656856054800294
LC-STR-05,188,-2.5,-0.019660205833119473,50.63315551692307,88.00221074607633,101.52884280007056
LC-STR-05,189,2.5,-0.026728002239271756,-0.00014792999855366666,105.1472735860135,105.14727698319135
LC-STR-05,190,2.5,-0.019910781393308985,-1.8751411980080452,3.550652928128087,4.015431130987967
LC-STR-05,191,2.5,-0.0267148171016994,-52.42219635794352,91.10017410145812,105.10627529309666
LC-STR-05,192,2.5,-0.026113623649200883,-3.555185298802025,1.870767766167328,4.017436553959357
LC-STR-05,193,2.5,-0.026833544193552775,-91.10225830046673,52.41918353867276,105.10657919628586
LC-STR-05,194,2.5,-0.0267251562034969,-105.1472716154753,-0.00015226281046135608,105.14727501193599
LC-STR-05,195,2.5,-0.019910649993166357,-3.550650708489281,-1.8751463231913181,4.01543156099771
LC-STR-05,196,2.5,-0.026715555360239947,-91.10017191347512,-52.42220149776151,105.10627596037037
LC-STR-05,197,2.5,-0.026114049245429864,-1.8707675001918234,-3.555188470282751,4.01743923943765
LC-STR-05,198,2.5,-0.02683712811419704,-52.41918329309222,-91.10226149749211,105.10658184578013
LC-STR-05,199,2.5,-0.026728002358743945,0.00014792999303718028,-105.1472735859802,105.14727698315805
LC-STR-05,200,2.5,-0.019910781392483774,1.875141198002683,-3.550652928094833,4.0154311309560535
LC-STR-05,201,2.5,-0.026714817268456877,52.42219635793781,-91.10017410142487,105.10627529306504
LC-STR-05,202,2.5,-0.026113623647458686,3.555185298796961,-1.8707677661337316,4.01743655393922
LC-STR-05,203,2.5,-0.0268335443494734,91.10225830046156,-52.419183538638954,105.10657919626458
LC-STR-05,204,2.5,-0.026725156308714162,105.14727161547003,0.00015226284378926772,105.14727501193074
LC-STR-05,205,2.5,-0.019910649991187104,3.5506507084840746,1.8751463232244765,4.0154315610085805
LC-STR-05,206,2.5,-0.026715555394585276,91.10017191346994,52.42220149779462,105.10627596038239
LC-STR-05,207,2.5,-0.026114049244006073,1.8707675001865256,3.555188470315977,4.017439239464577
LC-STR-05,208,2.5,-0.02683712807150718,52.41918329308687,91.10226149752539,105.10658184580629
LC-STR-05,209,-16.0,0.10119734209618833,-4.034619662286625e-05,2.6855423647174486,2.6874483616187557
LC-STR-05,210,-16.0,0.04334312891261082,-2.325683111085525,1.3427537798895322,2.6858272977650683
LC-STR-05,211,-16.0,0.16533218712272663,-2.3259450768502155,-1.342809231900415,2.6908162081233864
LC-STR-05,212,-16.0,0.10119734209588448,4.0346196184381806e-05,-2.6855423647141925,2.6874483616154903
LC-STR-05,213,-16.0,0.04334312891485446,2.325683111085129,-1.3427537798862839,2.685827297763137
LC-STR-05,214,-16.0,0.16533218712524742,2.325945076849787,1.3428092319036808,2.690816208124801
LC-STR-05,215,21.4,-0.022451742887430695,-3.33365791049644e-09,2.665967175629109,2.6660617138938347
LC-STR-05,216,21.4,-0.022451746824860327,-1.8851220544738985,1.885122052566478,2.6660597131857027
LC-STR-05,217,21.4,-0.022451747616349084,-2.6659671772236764,1.6818704580711324e-09,2.666061715528169
LC-STR-05,218,21.4,-0.02245174702999357,-1.8851220535678834,-1.8851220502596049,2.6660597109156554
LC-STR-05,219,21.4,-0.022451742887655304,3.3236907738118204e-09,-2.6659671755570775,2.6660617138218075
LC-STR-05,220,21.4,-0.022451746823837156,1.8851220544639287,-1.885122052494444,2.666059713127711
LC-STR-05,221,21.4,-0.022451747614683572,2.665967177213709,-1.6098278635072386e-09,2.6660617155181883
LC-STR-05,222,21.4,-0.022451747028655152,1.8851220535579225,1.8851220503316348,2.6660597109595323
LC-STR-06,1,-21.0,0.0,0.0,0.0,0.0
LC-STR-06,2,-21.0,0.0,0.0,0.0,0.0
LC-STR-06,3,-21.0,0.0,0.0,0.0,0.0
LC-STR-06,4,-21.0,0.0,0.0,0.0,0.0
LC-STR-06,5,-21.0,0.0,0.0,0.0,0.0
LC-STR-06,6,-21.0,0.0,0.0,0.0,0.0
LC-STR-06,7,-21.0,0.0,0.0,0.0,0.0
LC-STR-06,8,-21.0,0.0,0.0,0.0,0.0
LC-STR-06,9,-18.5,0.018849848858807385,0.04588495883048958,-0.048998092503056284,0.06972488306059513
LC-STR-06,10,-18.5,0.0192201440819925,0.059609034738628636,-0.03442120628217085,0.07146656842834519
LC-STR-06,11,-18.5,0.015162142067952715,0.05103368652937115,-0.03610398751037979,0.06432593277222307
LC-STR-06,12,-18.5,0.016461530734235102,0.015684626914934403,0.031127088453109124,0.038547180845588835
LC-STR-06,13,-18.5,0.018849848858808953,-0.045884958830506875,0.048998092503083034,0.06972488306062574
LC-STR-06,14,-18.5,0.019220144082000505,-0.05960903473864602,0.034421206282197726,0.07146656842837479
LC-STR-06,15,-18.5,0.015162142067962459,-0.051033686529388694,0.03610398751040668,0.06432593277225436
LC-STR-06,16,-18.5,0.016461530734240868,-0.015684626914951903,-0.031127088453082378,0.038547180845576824
LC-STR-06,17,-16.0,0.043064915389772876,-0.0027312340566680786,0.056153036582736335,0.07081814805869133
LC-STR-06,18,-16.0,0.043864006178002235,-0.04202456558184218,0.039702856470726605,0.07257018645601987
LC-STR-06,19,-16.0,0.0314819435851665,-0.05728280266142015,0.002342998815419868,0.06540582463432341
LC-STR-06,20,-16.0,0.039767506325228255,-0.04009889030125626,-0.03860358222074935,0.06840769052521367
LC-STR-06,21,-16.0,0.043064915389773216,0.00273123405666991,-0.05615303658266375,0.07081814805863404
LC-STR-06,22,-16.0,0.043864006178015495,0.04202456558184438,-0.03970285647065386,0.07257018645598937
LC-STR-06,23,-16.0,0.03148194358518486,0.0572828026614223,-0.0023429988153470314,0.06540582463433153
LC-STR-06,24,-16.0,0.039767506325240926,0.040098890301258384,0.038603582220821935,0.06840769052526324
LC-STR-06,25,-13.5,0.03640712718543837,-0.055545845161859064,0.11917284294783939,0.13642941882494516
LC-STR-06,26,-13.5,0.03589702449081535,-0.11620671022955448,0.08549531229977371,0.14866756302201795
LC-STR-06,27,-13.5,0.031778040274165975,-0.12484499042772644,0.04620453306009962,0.13686114990700415
LC-STR-06,28,-13.5,0.03395858405291186,-0.0669177088487795,-0.07586174755678092,0.1067059976328297
LC-STR-06,29,-13.5,0.03640712718544027,0.05554584516185018,-0.11917284294770379,0.1364294188248236
LC-STR-06,30,-13.5,0.035897024490834796,0.11620671022954669,-0.08549531229963753,0.14866756302193823
LC-STR-06,31,-13.5,0.03177804027419155,0.12484499042771839,-0.04620453305996373,0.13686114990695686
LC-STR-06,32,-13.5,0.03395858405292859,0.06691770884877167,0.07586174755691612,0.10670599763292624
LC-STR-06,33,-11.0,0.03440530643963188,-0.016658613659939755,0.11255636637823001,0.11887039216115362
LC-STR-06,34,-11.0,0.033513591980829024,-0.08933657248356494,0.08436774947601397,0.1273660126651384
LC-STR-06,35,-11.0,0.033979160619793274,-0.11709787563353731,0.020323770653170578,0.1236104829206478
LC-STR-06,36,-11.0,0.03495463706547319,-0.08111315493092108,-0.07016545148445706,0.11280230998186276
LC-STR-06,37,-11.0,0.03440530643963259,0.01665861365994524,-0.11255636637801941,0.11887039216095517
LC-STR-06,38,-11.0,0.03351359198085196,0.08933657248357074,-0.08436774947580321,0.12736601266500888
LC-STR-06,39,-11.0,0.033979160619824963,0.11709787563354312,-0.02032377065295982,0.12361048292062736
LC-STR-06,40,-11.0,0.03495463706549512,0.08111315493092687,0.0701654514846677,0.11280230998200476
LC-STR-06,41,-8.5,0.03394609022757278,-0.008986359450561032,0.11413152417163004,0.11941145886242481
LC-STR-06,42,-8.5,0.03385264232406406,-0.08547360906267684,0.08212047229005826,0.1232700742583639
LC-STR-06,43,-8.5,0.0345469838176846,-0.11562951682191012,0.008402984661873749,0.12097226708049844
LC-STR-06,44,-8.5,0.03427867875793358,-0.07945142998295086,-0.07783691453197829,0.11638789802889235
LC-STR-06,45,-8.5,0.03394609022757499,0.00898635945055864,-0.11413152417133139,0.11941145886213982
LC-STR-06,46,-8.5,0.03385264232409178,0.08547360906267416,-0.08212047228975962,0.12327007425817071
LC-STR-06,47,-8.5,0.03454698381772151,0.11562951682190745,-0.008402984661574972,0.12097226708048565
LC-STR-06,48,-8.5,0.03427867875795813,0.07945142998294816,0.07783691453227706,0.11638789802909755
LC-STR-06,49,-6.0,0.03419856984901662,-0.0033272467925010924,0.11451433347622927,0.11955812528825183
LC-STR-06,50,-6.0,0.03355925765396521,-0.08240080377409548,0.08175638510228629,0.12083138144495226
LC-STR-06,51,-6.0,0.034875042403175474,-0.11477604459872574,0.0035519289084971826,0.12001010455508732
LC-STR-06,52,-6.0,0.03398254868990529,-0.08019405974793328,-0.07986755292446014,0.11817244536886896
LC-STR-06,53,-6.0,0.034198569849017944,0.0033272467925085365,-0.11451433347583537,0.11955812528787514
LC-STR-06,54,-6.0,0.03355925765399509,0.08240080377410344,-0.08175638510189215,0.12083138144469928
LC-STR-06,55,-6.0,0.034875042403216296,0.11477604459873329,-0.003551928908103856,0.12001010455509475
LC-STR-06,56,-6.0,0.03398254868993327,0.08019405974794047,0.0798675529248542,0.11817244536914821
LC-STR-06,57,-3.5,0.034762460410687666,-0.008882146059470587,0.11488847902038007,0.12036064051027108
LC-STR-06,58,-3.5,0.033124335225787435,-0.07566700330294877,0.08804354795885767,0.12072441058121788
LC-STR-06,59,-3.5,0.035178240896676115,-0.11499155410056712,-0.007070678574760623,0.12045978848792575
LC-STR-06,60,-3.5,0.0333155196487539,-0.08767622308773307,-0.07496851077862939,0.12007215144554508
LC-STR-06,61,-3.5,0.03476246041069022,0.008882146059475186,-0.11488847901988536,0.12036064050979993
LC-STR-06,62,-3.5,0.033124335225820645,0.07566700330295303,-0.08804354795836289,0.12072441058086883
LC-STR-06,63,-3.5,0.035178240896720295,0.11499155410057135,0.007070678575255259,0.12045978848797174
LC-STR-06,64,-3.5,0.033315519648783355,0.08767622308773762,0.07496851077912371,0.12007215144586522
LC-STR-06,65,-2.5,0.034182400046727714,-0.00842029930852312,0.12059212652234423,0.12562562991914003
LC-STR-06,66,-2.5,0.03349029782807225,-0.05648076312469701,0.1153340650047541,0.1327163260578063
LC-STR-06,67,-2.5,0.03451249968095282,-0.12053442200726504,-0.00754989490239695,0.12560517678778396
LC-STR-06,68,-2.5,0.033620820706891964,-0.11499628203048429,-0.056307999258491996,0.13238238268868707
LC-STR-06,69,-2.5,0.03418240004673019,0.008420299308528688,-0.12059212652180995,0.1256256299186282
LC-STR-06,70,-2.5,0.03349029782810611,0.05648076312470459,-0.11533406500421867,0.13271632605735278
LC-STR-06,71,-2.5,0.03451249968099802,0.12053442200727153,0.007549894902930836,0.1256051767878347
LC-STR-06,72,-2.5,0.033620820706922176,0.11499628203049016,0.05630799925902628,0.1323823826889271
LC-STR-06,73,-1.0,0.033465910708074954,-0.005278461107898789,0.11522695492721306,0.1201044565076019
LC-STR-06,74,-1.0,0.033989143603249665,-0.07763615629907021,0.08576054162879672,0.12057157686718942
LC-STR-06,75,-1.0,0.03366756740333594,-0.11515258264560987,-0.0052356025611672566,0.1200876093483032
LC-STR-06,76,-1.0,0.03407893985950442,-0.08563093090799367,-0.07774677462773179,0.12057608152172067
LC-STR-06,77,-1.0,0.03346591070807801,0.005278461107906569,-0.1152269549266196,0.12010445650703375
LC-STR-06,78,-1.0,0.03398914360328481,0.07763615629907863,-0.08576054162820289,0.12057157686678235
LC-STR-06,79,-1.0,0.03366756740338262,0.11515258264561813,0.005235602561760997,0.12008760934835011
LC-STR-06,80,-1.0,0.034078939859535154,0.08563093090800183,0.0777467746283253,0.12057608152211782
LC-STR-06,81,1.5,0.03427181046433147,-0.00808892761922728,0.1147630744059054,0.12004395440682357
LC-STR-06,82,1.5,0.03309028692622194,-0.07440494787183013,0.0871165393808387,0.11924912909687298
LC-STR-06,83,1.5,0.03436993403523049,-0.1146723200346119,-0.008167210930533514,0.11999056913812176
LC-STR-06,84,1.5,0.03309783129531473,-0.08699234870605857,-0.07457694522923662,0.11926800044259217
LC-STR-06,85,1.5,0.0342718104643352,0.008088927619248485,-0.11476307440521516,0.12004395440616619
LC-STR-06,86,1.5,0.03309028692625925,0.07440494787185266,-0.08711653938014792,0.11924912909639272
LC-STR-06,87,1.5,0.03436993403527955,0.1146723200346345,0.00816721093122446,0.11999056913820443
LC-STR-06,88,1.5,0.03309783129534662,0.08699234870608147,0.0745769452299263,0.11926800044304897
LC-STR-06,89,2.5,0.03371851351399634,-0.007911929476291903,0.10915912186811458,0.11452183489906742
LC-STR-06,90,2.5,0.03337165366699649,-0.04717271295254134,0.10603420119472616,0.12075671384555182
LC-STR-06,91,2.5,0.033782458824717795,-0.10908922706721637,-0.0080860895632478,0.11448623860880097
LC-STR-06,92,2.5,0.033377881331941764,-0.10597308443814812,-0.047340476726998544,0.12077043646639497
LC-STR-06,93,2.5,0.03371851351400029,0.007911929476314842,-0.10915912186738275,0.11452183489837263
LC-STR-06,94,2.5,0.03337165366703463,0.047172712952566684,-0.10603420119399345,0.12075671384492889
LC-STR-06,95,2.5,0.033782458824767825,0.10908922706724164,0.008086089563980136,0.11448623860889152
LC-STR-06,96,2.5,0.03337788133197423,0.10597308443817412,0.047340476727729106,0.12077043646671314
LC-STR-06,97,4.0,0.032801007591319334,-0.004910159602464529,0.11458525722584396,0.11928871254163274
LC-STR-06,98,4.0,0.0340133441520033,-0.07668957052145396,0.08482285876537242,0.11930262015688503
LC-STR-06,99,4.0,0.03283838643519155,-0.11452689383721328,-0.0051382962018998255,0.11925255185330731
LC-STR-06,100,4.0,0.03400678720078073,-0.0847928327431715,-0.07685788680214191,0.1193876912584438
LC-STR-06,101,4.0,0.03280100759132348,0.004910159602495523,-0.11458525722504843,0.119288712540871
LC-STR-06,102,4.0,0.0340133441520426,0.07668957052148676,-0.0848228587645762,0.11930262015635122
LC-STR-06,103,4.0,0.032838386435243054,0.11452689383724586,0.005138296202695641,0.11925255185338707
LC-STR-06,104,4.0,0.034006787200814195,0.0847928327432044,0.07685788680293672,0.11938769125898839
LC-STR-06,105,6.5,0.03312122147982482,0.0001435988793941794,0.11473786521001514,0.11942283552949734
LC-STR-06,106,6.5,0.03363088768811534,-0.08127066228476724,0.08095483392851992,0.11953929183029971
LC-STR-06,107,6.5,0.03313258356248091,-0.11472247699603827,-2.0059813919379783e-06,0.1194111168428437
LC-STR-06,108,6.5,0.03363209043335322,-0.08097298842032687,-0.08133952035452229,0.11959874552912077
LC-STR-06,109,6.5,0.03312122147982931,-0.0001435988793531682,-0.11473786520910827,0.11942283552862726
LC-STR-06,110,6.5,0.03363088768815605,0.0812706622848103,-0.0809548339276121,0.11953929182972563
LC-STR-06,111,6.5,0.03313258356253415,0.11472247699608121,2.0059822996035243e-06,0.11941111684289975
LC-STR-06,112,6.5,0.03363209043338768,0.08097298842037072,0.0813395203554279,0.11959874552977606
LC-STR-06,113,9.0,0.033309750178631914,0.00011944257986521895,0.11467663625701255,0.11941643365431712
LC-STR-06,114,9.0,0.03344438305067733,-0.08110413668980215,0.08105595718091203,0.11944235404726579
LC-STR-06,115,9.0,0.03331236686594632,-0.11466748982233356,4.368129471765037e-05,0.1194083285052675
LC-STR-06,116,9.0,0.03344092829382222,-0.08106292100028785,-0.08114255020935555,0.1194721988611964
LC-STR-06,117,9.0,0.03330975017863592,-0.00011944257980517522,-0.11467663625598778,0.11941643365333407
LC-STR-06,118,9.0,0.03344438305071942,0.08110413668986281,-0.08105595717988699,0.11944235404662315
LC-STR-06,119,9.0,0.03331236686600194,0.11466748982239465,-4.368129369196157e-05,0.11940832850534129
LC-STR-06,120,9.0,0.033440928293858876,0.08106292100034969,0.08114255021037957,0.11947219886194409
LC-STR-06,121,11.5,0.03336066211762423,3.697872948218205e-05,0.11467788007104703,0.11943178522463009
LC-STR-06,122,11.5,0.03339273569626701,-0.08110097059241173,0.08106322803894951,0.11943068771637676
LC-STR-06,123,11.5,0.03336022806216808,-0.11467577237083092,3.5693129433089103e-06,0.11942963450478482
LC-STR-06,124,11.5,0.033391977634348556,-0.0810697425518354,-0.08111436519630227,0.11944399344024295
LC-STR-06,125,11.5,0.033360662117628496,-3.6978729417042694e-05,-0.11467788006989783,0.11943178522352779
LC-STR-06,126,11.5,0.0333927356963105,0.0811009705924765,-0.08106322803780038,0.11943068771565293
LC-STR-06,127,11.5,0.03336022806222548,0.11467577237089575,-3.5693117938760986e-06,0.11942963450486306
LC-STR-06,128,11.5,0.033391977634386276,0.08106974255190028,0.0811143651974516,0.11944399344107803
LC-STR-06,129,14.0,0.033374046592275296,1.049707264952044e-05,0.11467451404759323,0.11943228737734012
LC-STR-06,130,14.0,0.03337972415390482,-0.0810859935913617,0.08108472782953091,0.11943147586996584
LC-STR-06,131,14.0,0.0333729434526729,-0.11467398695737384,-1.5095217171912592e-06,0.11943147257600864
LC-STR-06,132,14.0,0.03337892903314898,-0.08108738546973408,-0.08109050265936041,0.11943611935785999
LC-STR-06,133,14.0,0.033374046592278654,-1.0497072574320514e-05,-0.11467451404631566,0.11943228737611437
LC-STR-06,134,14.0,0.03337972415394858,0.08108599359143619,-0.08108472782825366,0.11943147586916149
LC-STR-06,135,14.0,0.03337294345273146,0.11467398695744851,1.5095229948380236e-06,0.11943147257609672
LC-STR-06,136,14.0,0.03337892903318801,0.08108738546980872,0.08109050266063819,0.1194361193587891
LC-STR-06,137,15.0,0.03337560930254559,5.788134161449485e-06,0.11467431500538602,0.11943253263568167
LC-STR-06,138,15.0,0.0333779581482789,-0.08108767988193796,0.08108339698865627,0.11943122366451721
LC-STR-06,139,15.0,0.03337461739461468,-0.11467415475970065,-1.9901073034345797e-06,0.11943210146375731
LC-STR-06,140,15.0,0.03337742980521257,-0.08108546749017607,-0.0810902411648032,0.11943422068514634
LC-STR-06,141,15.0,0.03337560930254892,-5.78813408356654e-06,-0.11467431500405892,0.11943253263440835
LC-STR-06,142,15.0,0.03337795814832291,0.08108767988201504,-0.08108339698732944,0.11943122366368104
LC-STR-06,143,15.0,0.03337461739467355,0.11467415475977785,1.990108630615797e-06,0.1194321014638479
LC-STR-06,144,15.0,0.033377429805251796,0.08108546749025317,0.08109024116613057,0.11943422068611086
LC-STR-06,145,16.5,0.033376391794559535,3.3794071546830365e-06,0.11467359790370107,0.11943206268345218
LC-STR-06,146,16.5,0.03337699860074015,-0.08108727372186046,0.08108491925748959,0.11943171323493329
LC-STR-06,147,16.5,0.03337556153636422,-0.11467398607827317,-6.663232356164839e-07,0.11943220332637093
LC-STR-06,148,16.5,0.03337667422900111,-0.08108672895880195,-0.08108785059355617,0.11943324290041682
LC-STR-06,149,16.5,0.0333763917945626,-3.3794070731150545e-06,-0.11467359790229878,0.1194320626821066
LC-STR-06,150,16.5,0.03337699860078425,0.0810872737219419,-0.08108491925608727,0.11943171323404883
LC-STR-06,151,16.5,0.03337556153642345,0.1146739860783547,6.663246382113951e-07,0.11943220332646579
LC-STR-06,152,16.5,0.03337667422904076,0.0810867289588835,0.08108785059495849,0.11943324290143535
LC-STR-06,153,19.0,0.03337656413778532,6.612114300037268e-07,0.11467379879669565,0.11943230368935338
LC-STR-06,154,19.0,0.03337659229829649,-0.08108666119084193,0.08108628763222067,0.11943211284449555
LC-STR-06,155,19.0,0.03337608155082018,-0.11467387337199163,-3.44183233351709e-07,0.1194322404292117
LC-STR-06,156,19.0,0.03337638942438769,-0.08108671191873441,-0.08108682700986515,0.11943245679181183
LC-STR-06,157,19.0,0.03337656413778868,-6.612113439244184e-07,-0.11467379879516476,0.11943230368788443
LC-STR-06,158,19.0,0.03337659229834118,0.08108666119092847,-0.08108628763068951,0.11943211284352724
LC-STR-06,159,19.0,0.03337608155087984,0.11467387337207804,3.4418476433713237e-07,0.11943224042931136
LC-STR-06,160,19.0,0.03337638942442753,0.0810867119188209,0.08108682701139593,0.11943245679292099
LC-STR-06,161,21.0,0.03337659516774708,9.895295828295791e-09,0.11467379744038578,0.11943231105689282
LC-STR-06,162,21.0,0.03337647915962888,-0.08108668329858514,0.08108658495046382,0.1194322980955611
LC-STR-06,163,21.0,0.03337615514303728,-0.11467384848289998,2.659077829663388e-09,0.11943223709707192
LC-STR-06,164,21.0,0.03337639824290917,-0.0810866753382122,-0.08108657565623253,0.11943226376791083
LC-STR-06,165,21.0,0.03337659516775037,-9.895205230710349e-09,-0.11467379743875429,0.11943231105532726
LC-STR-06,166,21.0,0.03337647915967351,0.08108668329867552,-0.08108658494883245,0.11943229809452736
LC-STR-06,167,21.0,0.03337615514309675,0.11467384848299059,-2.6574458505772824e-09,0.11943223709717554
LC-STR-06,168,21.0,0.03337639824294912,0.08108667533830315,0.08108657565786394,0.11943226376909134
LC-STR-06,169,-2.5,-0.013298029556824877,0.07554055343409015,1.2152353372760063,1.2176535376565665
LC-STR-06,170,-2.5,0.03433324298518418,-0.008525030005230376,0.15178842433995204,0.15585625901475733
LC-STR-06,171,-2.5,-0.013720714611848251,-0.47922913330535544,1.1343070965997222,1.231463117439801
LC-STR-06,172,-2.5,0.033496049098496065,-0.059321523406696094,0.11207930589082478,0.13115944210566435
LC-STR-06,173,-2.5,-0.013170760306125328,-0.9709844087058688,0.7350021545689079,1.217872061465351
LC-STR-06,174,-2.5,-0.012125029303184388,-1.2151749870198774,0.0764095244719282,1.2176352823585512
LC-STR-06,175,-2.5,0.034567224051039645,-0.1516588299587424,-0.008080909964661933,0.15575812912624012
LC-STR-06,176,-2.5,-0.012799991991213427,-1.1341388829962902,-0.47876337879353814,1.2311170612873712
LC-STR-06,177,-2.5,0.03350819497125259,-0.11147014357116612,-0.059356967155569026,0.1306584922150687
LC-STR-06,178,-2.5,-0.013421889245189729,-0.7343714938628566,-0.9709810970957564,1.217491654602426
LC-STR-06,179,-2.5,-0.01329802955819004,-0.075540553434085,-1.2152353372754683,1.2176535376560442
LC-STR-06,180,-2.5,0.034333242985206874,0.008525030005238339,-0.15178842433941628,0.155856259014241
LC-STR-06,181,-2.5,-0.013720714609889679,0.47922913330536204,-1.1343070965991837,1.2314631174392858
LC-STR-06,182,-2.5,0.03349604909853852,0.05932152340670408,-0.11207930589028886,0.13115944210522087
LC-STR-06,183,-2.5,-0.013170760301342729,0.9709844087058754,-0.7350021545683701,1.21787206146498
LC-STR-06,184,-2.5,-0.01212502929675799,1.2151749870198836,-0.0764095244713933,1.2176352823584597
LC-STR-06,185,-2.5,0.03456722405107888,0.15165882995874816,0.008080909965196371,0.15575812912628215
LC-STR-06,186,-2.5,-0.012799991984762867,1.1341388829962973,0.478763378794074,1.2311170612875189
LC-STR-06,187,-2.5,0.03350819497127135,0.11147014357117169,0.05935696715610353,0.13065849221532108
LC-STR-06,188,-2.5,-0.0134218892407163,0.7343714938628627,0.9709810970962934,1.2174916546028085
LC-STR-06,189,2.5,-0.007976796911310495,0.07605476280494186,1.0815118871114817,1.0842121186362559
LC-STR-06,190,2.5,0.03326108341981871,-0.0029742902202463447,0.13960548614127097,0.14354385334564135
LC-STR-06,191,2.5,-0.008466708649541807,-0.41355551179059935,1.0180385361276096,1.0988640987531566
LC-STR-06,192,2.5,0.03424587261928453,-0.047127674977691096,0.10654037423864948,0.12142754581712767
LC-STR-06,193,2.5,-0.008351380136653591,-0.8546911750018088,0.6693479550078792,1.085630432075939
LC-STR-06,194,2.5,-0.007825612725533471,-1.0814282208431434,0.07588100878113811,1.0841153834090447
LC-STR-06,195,2.5,0.03328330067350453,-0.1395113267127824,-0.0031851217491046806,0.1434619579729771
LC-STR-06,196,2.5,-0.008436586013017678,-1.0179448485607347,-0.41376648647677666,1.0988564947372466
LC-STR-06,197,2.5,0.034238493411197314,-0.10652230816125255,-0.047262411270764706,0.12146197794452533
LC-STR-06,198,2.5,-0.00847239658849454,-0.6693302736637337,-0.8548261274816803,1.0857267174441492
LC-STR-06,199,2.5,-0.007976796910375578,-0.0760547628049187,-1.0815118871107494,1.084212118635517
LC-STR-06,200,2.5,0.03326108341984794,0.0029742902202645537,-0.13960548614054374,0.1435438533449412
LC-STR-06,201,2.5,-0.00846670864957988,0.41355551179061795,-1.0180385361268787,1.098864098752487
LC-STR-06,202,2.5,0.03424587261932903,0.04712767497771734,-0.10654037423791544,0.12142754581650636
LC-STR-06,203,2.5,-0.008351380137615735,0.8546911750018344,-0.6693479550071413,1.0856304320755112
LC-STR-06,204,2.5,-0.007825612727007538,1.0814282208431678,-0.07588100878040538,1.084115383409028
LC-STR-06,205,2.5,0.03328330067354564,0.1395113267128091,0.003185121749834275,0.1434619579730288
LC-STR-06,206,2.5,-0.008436586014490132,1.0179448485607594,0.41376648647750736,1.098856494737556
LC-STR-06,207,2.5,0.03423849341121893,0.10652230816127317,0.04726241127149933,0.12146197794483536
LC-STR-06,208,2.5,-0.008472396589820191,0.6693302736637573,0.8548261274824126,1.0857267174447507
LC-STR-06,209,-16.0,12.328013262020672,-0.0027417666026445,0.1485409715798285,12.328908423947333
LC-STR-06,210,-16.0,11.50199540773041,-0.1262865559360617,0.07262444281846575,11.50291793256634
LC-STR-06,211,-16.0,13.78678955555757,-0.13608825362096458,-0.0761509272635965,13.78767149397345
LC-STR-06,212,-16.0,12.328013262020676,0.0027417666026463695,-0.14854097157975646,12.328908423947338
LC-STR-06,213,-16.0,11.501995407730455,0.12628655593606347,-0.07262444281839274,11.502917932566387
LC-STR-06,214,-16.0,13.786789555557606,0.13608825362096713,0.07615092726366923,13.787671493973484
LC-STR-06,215,21.4,0.033376494893680254,-8.991899689242606e-08,0.07644918078139054,0.08341743015426502
LC-STR-06,216,21.4,0.033376442187091425,-0.054057820135483096,0.0540576832432955,0.08341743180235751
LC-STR-06,217,21.4,0.03337627624070848,-0.07644925453335552,1.1280532915398263e-07,0.08341741025957702
LC-STR-06,218,21.4,0.03337639500616027,-0.054057737241677346,-0.054057638117641804,0.08341732996299624
LC-STR-06,219,21.4,0.03337649489368228,8.991908877929768e-08,-0.07644918077973895,0.0834174301527522
LC-STR-06,220,21.4,0.03337644218712078,0.05405782013557499,-0.054057683241643895,0.08341743180135852
LC-STR-06,221,21.4,0.03337627624074802,0.07644925453344747,-1.1280367730046975e-07,0.08341741025967711
LC-STR-06,222,21.4,0.033376395006186915,0.05405773724176945,0.05405763811929329,0.08341732996413681
LC-STR-07,1,-21.0,0.0,0.0,0.0,0.0
LC-STR-07,2,-21.0,0.0,0.0,0.0,0.0
LC-STR-07,3,-21.0,0.0,0.0,0.0,0.0
LC-STR-07,4,-21.0,0.0,0.0,0.0,0.0
LC-STR-07,5,-21.0,0.0,0.0,0.0,0.0
LC-STR-07,6,-21.0,0.0,0.0,0.0,0.0
LC-STR-07,7,-21.0,0.0,0.0,0.0,0.0
LC-STR-07,8,-21.0,0.0,0.0,0.0,0.0
LC-STR-07,9,-18.5,-0.27716582094494696,0.4429096583759946,0.5398487378804563,0.751283247233657
LC-STR-07,10,-18.5,-0.19536245478342046,0.37735740025476094,0.5145489203935121,0.6673272718420585
LC-STR-07,11,-18.5,-0.019953454722632442,0.3522622407448308,0.4495509669426367,0.5714743200608379
LC-STR-07,12,-18.5,0.14628273916091986,0.38148969308847697,0.38910155078611725,0.5642101049549922
LC-STR-07,13,-18.5,0.20602606771297896,0.44163298515630395,0.36804455405497716,0.6106907793023144
LC-STR-07,14,-18.5,0.12423776112044098,0.4981815765228376,0.3924736305378524,0.6462626827711486
LC-STR-07,15,-18.5,-0.05117471255016523,0.5242065913747312,0.4488364389175823,0.6920011203354537
LC-STR-07,16,-18.5,-0.21745434125454588,0.503972280141759,0.5098583946410288,0.7491528764328808
LC-STR-07,17,-16.0,-0.539879752206396,1.3923092133089006,4.0717986841722905e-05,1.4933168096439695
LC-STR-07,18,-16.0,-0.40381145677008257,1.3920068188529886,0.004597276496594677,1.4494025704762563
LC-STR-07,19,-16.0,-0.07287394950519907,1.387430693007939,0.004878534983742033,1.3893517698986688
LC-STR-07,20,-16.0,0.2589933780032388,1.3867736995578843,0.0011052370924597916,1.4107516029351235
LC-STR-07,21,-16.0,0.39752369993121095,1.3907188544199913,0.0007278360009689414,1.446417835133229
LC-STR-07,22,-16.0,0.26145420776887124,1.390768735706598,0.004529936100863559,1.4151383322135171
LC-STR-07,23,-16.0,-0.06948289796799602,1.3871599071794698,0.005114435957599503,1.3889084342214035
LC-STR-07,24,-16.0,-0.4013482311703219,1.3880841496269454,-0.00042644827130685037,1.4449422794586757
LC-STR-07,25,-13.5,-0.7878027520088581,2.7960893267807485,0.48219068233390844,2.94469973911426
LC-STR-07,26,-13.5,-0.5774588630926988,2.731015950104979,0.4572230992571396,2.828596793603927
LC-STR-07,27,-13.5,-0.09137564373058288,2.7055501008155236,0.3925884103790897,2.7354115807779364
LC-STR-07,28,-13.5,0.38566476802827837,2.7342261466266575,0.33203185847990013,2.7811823185905635
LC-STR-07,29,-13.5,0.5742409506902917,2.794772766000009,0.3104759743477972,2.87000049018676
LC-STR-07,30,-13.5,0.36387613656013607,2.851817448232035,0.3352520226207449,2.8944192024428506
LC-STR-07,31,-13.5,-0.12220974678140803,2.8774460882119675,0.39193268748953364,2.906586046257275
LC-STR-07,32,-13.5,-0.5991974433106992,2.8567030541473803,0.452726524573854,2.9537689858378853
LC-STR-07,33,-11.0,-1.0210618003395777,4.627521841547626,-2.2425488816654725e-05,4.738831669791187
LC-STR-07,34,-11.0,-0.7649604901734107,4.627605138779676,0.004105609735876854,4.690406243388488
LC-STR-07,35,-11.0,-0.14416025283126832,4.623638844954751,0.004535973470578837,4.625887906351192
LC-STR-07,36,-11.0,0.47767804570224004,4.623097505734957,0.0009877683047792077,4.647709956372592
LC-STR-07,37,-11.0,0.7362841029107303,4.626405400639732,0.0006720039715241417,4.684628231018645
LC-STR-07,38,-11.0,0.4801621061256217,4.626433393969263,0.0039380438337871335,4.651285532536374
LC-STR-07,39,-11.0,-0.14064285034488067,4.622997910369549,0.0036223025111970374,4.625138182985436
LC-STR-07,40,-11.0,-0.76244935079424,4.623413621861878,-0.00021251456052944644,4.685859854552519
LC-STR-07,41,-8.5,-1.239644872942718,6.855228896834862,0.42551170381249936,6.979394160605511
LC-STR-07,42,-8.5,-0.9178250003848042,6.7909305329934755,0.4006198203538756,6.8643744416905745
LC-STR-07,43,-8.5,-0.16262323749344046,6.765491442491472,0.33662046900394976,6.77581243217008
LC-STR-07,44,-8.5,0.583573346821216,6.793678971231186,0.27583600117181994,6.824274123656771
LC-STR-07,45,-8.5,0.8836437805522833,6.854180111707087,0.2537167611517909,6.915560969980603
LC-STR-07,46,-8.5,0.5618103243108532,6.911686790259608,0.278440959432256,6.940070208221312
LC-STR-07,47,-8.5,-0.19339593038738226,6.9372902641562915,0.3356472012794085,6.948097382649064
LC-STR-07,48,-8.5,-0.9395732636078314,6.915887538659364,0.3966071930900805,6.990679196664752
LC-STR-07,49,-6.0,-1.4435490349532354,9.450252614067479,-9.167401905388777e-05,9.55986967978161
LC-STR-07,50,-6.0,-1.0846265847911185,9.450254419502068,0.003490700260266383,9.512293919278479
LC-STR-07,51,-6.0,-0.21548069260091107,9.446888224219443,0.0037837889051595876,9.449346187268102
LC-STR-07,52,-6.0,0.6547628748913623,9.446532977981846,0.0007878436903172696,9.469197450002413
LC-STR-07,53,-6.0,1.0163141182790782,9.44923865025001,0.000651965070093282,9.503736416875757
LC-STR-07,54,-6.0,0.6573896749123133,9.44901159884594,0.003301180779481297,9.471852631750611
LC-STR-07,55,-6.0,-0.21176233208355458,9.446144097584705,0.0027754021430972716,9.448517836173082
LC-STR-07,56,-6.0,-1.0819916755319676,9.446723413689762,-0.0004528645940646649,9.508485128860494
LC-STR-07,57,-3.5,-1.6330885932947208,12.372618741152278,0.3716615534533366,12.48546375501436
LC-STR-07,58,-3.5,-1.2173521357221282,12.307355513058189,0.34652718576457553,12.372268467731573
LC-STR-07,59,-3.5,-0.2345143511447704,12.282216157926396,0.28177893485677846,12.287686116557914
LC-STR-07,60,-3.5,0.7397138465697616,12.311174301657546,0.2213404550813866,12.33536302091089
LC-STR-07,61,-3.5,1.1346192376635784,12.37108597936855,0.2000313672062591,12.424618371252768
LC-STR-07,62,-3.5,0.7188925951315953,12.427716016914676,0.22417352807714208,12.450509456689039
LC-STR-07,63,-3.5,-0.2639595106826398,12.453842542335494,0.28024679131613633,12.459791609678238
LC-STR-07,64,-3.5,-1.2381710323226023,12.43352199787829,0.34170727869293427,12.499692021858696
LC-STR-07,65,-2.5,-1.705376652302288,13.578561451747918,0.3155814944931852,13.688872572450181
LC-STR-07,66,-2.5,-1.2749210154556485,13.525680188433494,0.2992096791912685,13.588928382604514
LC-STR-07,67,-2.5,-0.25208469868503003,13.49872744067673,0.24706028782058423,13.503341364225673
LC-STR-07,68,-2.5,0.7639798274233054,13.520132308281134,0.18959333095442366,13.543027299731751
LC-STR-07,69,-2.5,1.1780637572598498,13.576846069520995,0.167679835232676,13.628892102397046
LC-STR-07,70,-2.5,0.7476118354514127,13.629303993812947,0.19367808568676573,13.651167056817812
LC-STR-07,71,-2.5,-0.2752310880027842,13.64662515238773,0.24534000862363717,13.651605104214525
LC-STR-07,72,-2.5,-1.2912873794103528,13.625655944578924,0.29322206639831516,13.68984668272389
LC-STR-07,73,-1.0,-1.808990991962744,15.48997534157768,0.41659422209291247,15.600812005712013
LC-STR-07,74,-1.0,-1.349977539492745,15.413030823315358,0.38690873763962386,15.476874907062667
LC-STR-07,75,-1.0,-0.26723235978710036,15.381683973478243,0.310375395949379,15.387135791968742
LC-STR-07,76,-1.0,0.804984175940506,15.41485247316101,0.2360847820017401,15.437662138974462
LC-STR-07,77,-1.0,1.2385850925821953,15.488722468723868,0.20822221176739894,15.539561552186463
LC-STR-07,78,-1.0,0.7795669867786678,15.55953621524324,0.23873595088927674,15.580882092313905
LC-STR-07,79,-1.0,-0.30317534905334204,15.590051918390515,0.3091151846024229,15.596063166957782
LC-STR-07,80,-1.0,-1.3753942828382162,15.56301618960242,0.38259473942010735,15.628357593993139
LC-STR-07,81,1.5,-1.9692893369459428,18.987672910473982,0.06514005946439416,19.089632429020302
LC-STR-07,82,1.5,-1.4851189056696763,18.975241784534738,0.06365999173816557,19.033376777127035
LC-STR-07,83,1.5,-0.31892538747944504,18.966150056810253,0.051776519399217305,18.968901976344956
LC-STR-07,84,1.5,0.8461689495156591,18.97033770573404,0.03541446271061113,18.989232968840213
LC-STR-07,85,1.5,1.3276498576752227,18.986143982615065,0.029024856071136477,19.032528994210026
LC-STR-07,86,1.5,0.8434883677362024,18.999789310240914,0.037127392561007576,19.018539505002206
LC-STR-07,87,1.5,-0.32271446274663723,19.002264061377115,0.050243492690851224,19.005070599482863
LC-STR-07,88,1.5,-1.4877992400913942,18.996867044616412,0.0599627861189926,19.055133156852218
LC-STR-07,89,2.5,-2.0297516886306854,20.40975513502247,0.10072473757953916,20.510683607862404
LC-STR-07,90,2.5,-1.5298599341137515,20.384388813792228,0.09277358110887307,20.441927151499584
LC-STR-07,91,2.5,-0.33017978089711925,20.374817243304445,0.06818666893876003,20.377606478867687
LC-STR-07,92,2.5,0.8665381720700308,20.38693018858374,0.04628531319489604,20.405390298841603
LC-STR-07,93,2.5,1.3592675857846797,20.408036748133707,0.04086853324125866,20.453294172820918
LC-STR-07,94,2.5,0.8593785160260261,20.42576479346437,0.04949186182357122,20.44389513463915
LC-STR-07,95,2.5,-0.3403045266570005,20.43467243970735,0.06646474429259042,20.43761391286253
LC-STR-07,96,2.5,-1.5370195354146252,20.43020913099288,0.0876619125921787,20.48813214520226
LC-STR-07,97,4.0,-2.1156388001358932,22.625255830983672,-0.0019042034551951484,22.72395503815504
LC-STR-07,98,4.0,-1.6013933058311567,22.62503790540893,0.0009581081644579102,22.681640188908805
LC-STR-07,99,4.0,-0.3580669345220777,22.622346285754976,0.0011733476973073077,22.62517988390269
LC-STR-07,100,4.0,0.8860006043081373,22.62205425670717,-0.0012100666925355598,22.639397901192044
LC-STR-07,101,4.0,1.4020680732782227,22.624000559423152,-0.0013356455448890903,22.66740386499597
LC-STR-07,102,4.0,0.8878135516219342,22.623805589286054,0.0005263119800391667,22.641218883294663
LC-STR-07,103,4.0,-0.3555038086706889,22.62177698301278,-8.472963220647511e-05,22.624570202201085
LC-STR-07,104,4.0,-1.5995803234363428,22.622483988564728,-0.0024419889054163413,22.678964812956124
LC-STR-07,105,6.5,-2.246251668176474,26.58963613729199,0.2552893640716067,26.685568555490395
LC-STR-07,106,6.5,-1.6923653905759108,26.52714284278316,0.23039190203277857,26.58207080806842
LC-STR-07,107,6.5,-0.3769718052892336,26.50173083932598,0.16819447565952303,26.50494547445263
LC-STR-07,108,6.5,0.9293824846812954,26.52814467398614,0.1074173484669422,26.544636937308507
LC-STR-07,109,6.5,1.4614605389916588,26.5886257471936,0.08352079273188766,26.62889148564346
LC-STR-07,110,6.5,0.9075704936831323,26.6478846633629,0.10821631185767418,26.66355475181522
LC-STR-07,111,6.5,-0.40781929431509467,26.67349906250719,0.1671828265272358,26.677140381080452
LC-STR-07,112,6.5,-1.7141774416416784,26.650319297106915,0.22815938328886265,26.706365901098657
LC-STR-07,113,9.0,-2.3620894160305634,30.74273248593392,-0.0005528905342158454,30.833343435584606
LC-STR-07,114,9.0,-1.7968578548226537,30.742874673678617,0.0013142229778966676,30.79534125609148
LC-STR-07,115,9.0,-0.4297723184221175,30.74122234415264,0.0017514105921796516,30.74422642587955
LC-STR-07,116,9.0,0.9383453859917403,30.740727508844703,0.0004604369262326901,30.75504544052009
LC-STR-07,117,9.0,1.5060728507171106,30.74172324331807,0.00018020255809979519,30.778593265984437
LC-STR-07,118,9.0,0.9408403349716657,30.741641682310938,0.001118023175021557,30.756035425741768
LC-STR-07,119,9.0,-0.426244201980905,30.740489119078212,0.0007416853886063138,30.743444113338793
LC-STR-07,120,9.0,-1.7943629401748613,30.740923345827508,-0.0007724770503450925,30.793247751931535
LC-STR-07,121,11.5,-2.4631714192123257,35.04809306916516,0.19779982176985,35.13509877593601
LC-STR-07,122,11.5,-1.866583886323023,34.98602766356371,0.173122619733255,35.03621324461006
LC-STR-07,123,11.5,-0.44816051414321906,34.96038332942231,0.11135398850277098,34.96343304221343
LC-STR-07,124,11.5,0.9612053403213291,34.98635896558906,0.05033724751718224,34.99959661501549
LC-STR-07,125,11.5,1.5359271462081743,35.047078952199406,0.025991307373183642,35.08072819694906
LC-STR-07,126,11.5,0.9393393996659548,35.106797195335986,0.05091820163040914,35.119398635020396
LC-STR-07,127,11.5,-0.4790837273632597,35.13219181399491,0.11033969072633223,35.135631454700004
LC-STR-07,128,11.5,-1.888449850129039,35.108563278350736,0.17110677735166865,35.15973173725399
LC-STR-07,129,14.0,-2.5496889363842667,39.46580749417985,-0.0012826592739045605,39.548083094951615
LC-STR-07,130,14.0,-1.94988226128824,39.46632652081605,0.0005872240107813706,39.5144653288563
LC-STR-07,131,14.0,-0.5003075695356759,39.46463069640063,0.0015179603497022214,39.46780188928217
LC-STR-07,132,14.0,0.9498941833845149,39.463531840003945,0.00023640542177492632,39.474962245739015
LC-STR-07,133,14.0,1.5512149360429492,39.46440166126007,-0.0006883984803142338,39.49487646180149
LC-STR-07,134,14.0,0.9514082320501713,39.46491218648595,1.3302187223951583e-05,39.47637865244527
LC-STR-07,135,14.0,-0.498166415044067,39.46403642526234,0.00011209192098517783,39.46718055250559
LC-STR-07,136,14.0,-1.9483682258486474,39.46410573446287,-0.0011779220224203755,39.5121725744341
LC-STR-07,137,15.0,-2.5804937401449344,41.209990093060725,0.01937047588863055,41.2907084781604
LC-STR-07,138,15.0,-1.9736755418989145,41.20023916985605,0.016936988934823035,41.247489495236245
LC-STR-07,139,15.0,-0.5116012925588209,41.195929553196585,0.007746622072901445,41.19910687921084
LC-STR-07,140,15.0,0.9492660372405416,41.199955393620144,-0.0009346525548643863,41.210889717638025
LC-STR-07,141,15.0,1.5531705765984671,41.20807611743886,-0.0036519133117460913,41.23733611033958
LC-STR-07,142,15.0,0.9463523708242768,41.21516504018003,-0.0006957168918805084,41.226028338697205
LC-STR-07,143,15.0,-0.5157218589814474,41.218951942394426,0.005832637064754237,41.222178524247205
LC-STR-07,144,15.0,-1.9765892174097819,41.217588096345565,0.013991215729229166,41.264956914657084
LC-STR-07,145,16.5,-2.6220533378451316,43.86351520789761,-0.03159545827974933,43.94182663901165
LC-STR-07,146,16.5,-2.0138987738003613,43.87647431375675,-0.02521908680198547,43.92267549318017
LC-STR-07,147,16.5,-0.5395495155686512,43.88111022604276,-0.01209090091890318,43.884428839165146
LC-STR-07,148,16.5,0.9373409741332144,43.875649304328775,0.00045146786441335485,43.88566064424755
LC-STR-07,149,16.5,1.5516306386608045,43.86293787173008,0.006002836756878022,43.89037380123497
LC-STR-07,150,16.5,0.9434760793228709,43.84948006192658,0.0009586750806086133,43.8596289283506
LC-STR-07,151,16.5,-0.530873176940808,43.8435119354391,-0.012668222538183328,43.84672765038286
LC-STR-07,152,16.5,-2.0077636749404077,43.84947155394208,-0.026542786579523896,43.895420889358206
LC-STR-07,153,19.0,-2.679199568438667,48.433546621469354,0.08906588288926288,48.50767445871903
LC-STR-07,154,19.0,-2.0530879944835285,48.38486382311665,0.07019456496878272,48.428453875501596
LC-STR-07,155,19.0,-0.5587191299660013,48.36406600625365,0.022488248284639183,48.367298388940036
LC-STR-07,156,19.0,0.9285264010605226,48.3830314855921,-0.02566930918273237,48.391947221895265
LC-STR-07,157,19.0,1.5374406482177705,48.430212560589936,-0.046372962165677295,48.45463200626268
LC-STR-07,158,19.0,0.9113291006671438,48.47827596432262,-0.027932717664405936,48.48684915974082
LC-STR-07,159,19.0,-0.5830397863355294,48.49950485550183,0.019154192581262396,48.50301303531967
LC-STR-07,160,19.0,-2.070285296348803,48.48115877674197,0.0677428266762234,48.525389505232305
LC-STR-07,161,21.0,-2.714655523738122,52.104047011007886,0.025344721535872933,52.17472292109265
LC-STR-07,162,21.0,-2.0945863259471778,52.07599854390392,0.04152782015921917,52.11812199975528
LC-STR-07,163,21.0,-0.5988891445379494,52.046764474047166,0.031752033284136956,52.05021967884479
LC-STR-07,164,21.0,0.8962773659697082,52.0343911476153,0.006210216843582167,52.042110005134965
LC-STR-07,165,21.0,1.515065172447764,52.04166023641814,-0.019214079880193,52.0637128124802
LC-STR-07,166,21.0,0.8949960473956667,52.063392299862535,-0.034094077149798875,52.071095610716085
LC-STR-07,167,21.0,-0.6007012046391749,52.09132327648884,-0.030634738695767043,52.09479572011141
LC-STR-07,168,21.0,-2.095867646078624,52.110013047091606,-0.006396027857970139,52.15214436499336
LC-STR-07,169,-2.5,-14.925815551985446,13.578233318517091,1.0119098120845458,20.203275759434934
LC-STR-07,170,-2.5,-1.5096281729476526,13.540951565793522,0.3109291515876077,13.628390347543995
LC-STR-07,171,-2.5,-12.914241580941727,13.19505363546902,0.9094166783370806,18.485510940968503
LC-STR-07,172,-2.5,-0.9698040910840839,13.513833335210592,0.2837689252959988,13.55155844137109
LC-STR-07,173,-2.5,-7.512655193891189,12.9147012109168,0.6293105096001308,14.954114054234351
LC-STR-07,174,-2.5,-0.16815676354447673,12.81201072354306,0.24673810144859865,12.815489657754577
LC-STR-07,175,-2.5,0.4622877833875396,13.507541364611695,0.20600062749388084,13.517019640804447
LC-STR-07,176,-2.5,7.150908811380497,12.914575007279321,-0.1367105694566586,14.762805770825683
LC-STR-07,177,-2.5,0.9943837834918262,13.536709566238505,0.1768745810549655,13.574335696710463
LC-STR-07,178,-2.5,12.483205491434942,13.194358224172476,-0.41673958779972514,18.168521683758943
LC-STR-07,179,-2.5,14.400370563092949,13.577150324750766,-0.5194877525923535,19.798473446717228
LC-STR-07,180,-2.5,0.9827623852361248,13.612861847456553,0.1810603190468338,13.649491288062958
LC-STR-07,181,-2.5,12.388812634074283,13.95876861363519,-0.4174117142279118,18.668265378186057
LC-STR-07,182,-2.5,0.44202664890382704,13.64204812399568,0.21028826961710992,13.650827291123926
LC-STR-07,183,-2.5,6.98720384977907,14.241160316907745,-0.1352633166293802,15.863478842141184
LC-STR-07,184,-2.5,-0.3572958906584846,14.34340357702863,0.2456502239228434,14.34995576855596
LC-STR-07,185,-2.5,-0.9891527133923084,13.63740304486678,0.2779147899635391,13.67605284901435
LC-STR-07,186,-2.5,-7.676339905996066,14.241396331108227,0.6270083220822137,16.19063628298934
LC-STR-07,187,-2.5,-1.5221588939407829,13.610181214373801,0.30509510576825166,13.698433611550639
LC-STR-07,188,-2.5,-13.008651321982128,13.958923088615158,0.909725323794641,19.10246432205892
LC-STR-07,189,2.5,-17.527301377106987,20.409428823694295,0.34037140327373955,26.904775248374523
LC-STR-07,190,2.5,-1.8041285174740551,20.390334963047582,0.09733737007732486,20.47022506413785
LC-STR-07,191,2.5,-15.194657136279107,20.270987150309153,0.30345539240364244,25.335402319920938
LC-STR-07,192,2.5,-1.1728577877161521,20.379698695387827,0.08665945655942149,20.413603899517838
LC-STR-07,193,2.5,-8.880293838690946,20.172941619533916,0.20565422654174562,22.04199369175825
LC-STR-07,194,2.5,-0.2757881751715023,20.135845699020454,0.06787441329121126,20.13784864548109
LC-STR-07,195,2.5,0.5110779965904018,20.383058097234212,0.05132985004103761,20.389529000625036
LC-STR-07,196,2.5,8.31309635110141,20.172731432929414,-0.07045052439724951,21.81860737270328
LC-STR-07,197,2.5,1.138645700150485,20.39214309137722,0.04228660993990825,20.423951675595372
LC-STR-07,198,2.5,14.584604128462342,20.270718365361684,-0.16868136873383938,24.97280829293995
LC-STR-07,199,2.5,16.858530487268826,20.408343708618304,-0.2057365524786747,26.471737204956888
LC-STR-07,200,2.5,1.1331699993429951,20.420736844676046,0.04563240119530294,20.452204033867833
LC-STR-07,201,2.5,14.52588586543856,20.545170206758407,-0.16925350777613685,25.162154632509427
LC-STR-07,202,2.5,0.5028305033623929,20.429752022724198,0.05468971969269928,20.436012262438954
LC-STR-07,203,2.5,8.211541750501949,20.645285419629683,-0.06938417289270957,22.218506748691702
LC-STR-07,204,2.5,-0.39298226602620734,20.681952413045035,0.06678576725782406,20.685793458689922
LC-STR-07,205,2.5,-1.1820364368549423,20.434761057726725,0.08173134971325065,20.469082774710824
LC-STR-07,206,2.5,-8.98186765693954,20.645438258641654,0.20373211045462788,22.51554072792815
LC-STR-07,207,2.5,-1.808672940381819,20.42410904938881,0.09234132574635144,20.50424480899104
LC-STR-07,208,2.5,-15.253356698162998,20.545752949730986,0.30366375015541563,25.590722274018212
LC-STR-07,209,-16.0,-1.4570512820409394,1.3923254290531444,0.005525769437880679,2.0153409322030473
LC-STR-07,210,-16.0,-0.7424539992751695,1.3849956445738658,0.007350392926578418,1.5714658458918052
LC-STR-07,211,-16.0,0.6352195050968045,1.3815818813714786,-0.0007782591824335522,1.5206159673884587
LC-STR-07,212,-16.0,1.3147240066407349,1.3905472391556846,0.0032648403363367,1.9136696415900487
LC-STR-07,213,-16.0,0.6001488627672895,1.3865319031280061,0.0060132965128264415,1.5108558950500846
LC-STR-07,214,-16.0,-0.7775563430456991,1.3885180776464834,-0.0003664363346184446,1.5914070669810643
LC-STR-07,215,21.4,-2.0605589080428577,52.78135605552202,0.012706526978172617,52.821563887574676
LC-STR-07,216,21.4,-1.6532902529461189,52.77732345478,-0.003566002662713097,52.80321251995312
LC-STR-07,217,21.4,-0.6703832641086285,52.786226164340654,-0.018239834139416357,52.790486066006885
LC-STR-07,218,21.4,0.31238913432870496,52.80321357474358,-0.022073158738314787,52.80414224296772
LC-STR-07,219,21.4,0.7193336877428618,52.8176881085959,-0.012455567475443364,52.8225877180624
LC-STR-07,220,21.4,0.31206479204590126,52.820806562873784,0.004332557289376951,52.821728570333796
LC-STR-07,221,21.4,-0.6708419549949417,52.81138825985206,0.018092222315018693,52.815651905376775
LC-STR-07,222,21.4,-1.6536145963090993,52.7953150175181,0.02140994874574916,52.821209636073306
