element_id,group,section_id,length_m,axial_force_N,torsion_Nm,bending_My_Nm,bending_Mz_Nm,screening_von_mises_MPa,yield_factor,member_euler_factor
1,SPINE_FRAME,2,1.3776603565143233,0.0,0.0,0.0,0.0,0.0,inf,inf
2,SPINE_FRAME,2,1.3776603565143233,0.0,0.0,0.0,0.0,0.0,inf,inf
3,SPINE_FRAME,2,1.3776603565143233,0.0,0.0,0.0,0.0,0.0,inf,inf
4,SPINE_FRAME,2,1.3776603565143233,0.0,0.0,0.0,0.0,0.0,inf,inf
5,SPINE_FRAME,2,1.3776603565143233,0.0,0.0,0.0,0.0,0.0,inf,inf
6,SPINE_FRAME,2,1.3776603565143233,0.0,0.0,0.0,0.0,0.0,inf,inf
7,SPINE_FRAME,2,1.3776603565143233,0.0,0.0,0.0,0.0,0.0,inf,inf
8,SPINE_FRAME,2,1.3776603565143233,0.0,0.0,0.0,0.0,0.0,inf,inf
9,SPINE_LONGERON,1,2.5,539.8328110766845,-6.369302570505993,26.275309030919782,0.08886988586096797,0.432904222817982,1161.9198277294013,1807.6387712474723
10,SPINE_DIAGONAL,3,2.854461080118482,-619.2950957013867,-0.7132673641419901,2.3614496042129085,1.1685633368645127,0.6083873026694384,826.7759662191708,195.2360059143266
11,SPINE_LONGERON,1,2.5,542.9593207925183,-6.506263881267307,18.81543928880185,18.52501204989926,0.4352939726828986,1155.5409253654511,1797.2298879949042
12,SPINE_DIAGONAL,3,2.854461080118482,-620.5048631539955,-0.6498810694566227,0.6894743892378292,2.613422940725966,0.6117645578795213,822.2117373773376,194.85536398940766
13,SPINE_LONGERON,1,2.5,549.6594005381896,-5.856565039654184,-0.21880500468593572,27.031962487322392,0.44279115682429204,1135.9757128112656,1775.322533078242
14,SPINE_DIAGONAL,3,2.854461080118482,-625.3262996487815,-0.7222536815714624,-1.0143575438083718,2.4186726418922913,0.6129629680605858,820.6042227828077,193.35297593428987
15,SPINE_LONGERON,1,2.5,541.4902574803672,-6.381055405414173,-18.948373935876305,18.588951966999147,0.43595869500025886,1153.779029455305,1802.1057734895762
16,SPINE_DIAGONAL,3,2.854461080118482,-620.2747661062612,-0.7080249412334064,-2.3931191306891244,1.0220327598961574,0.6080249799403414,827.2686428925234,194.92764751025862
17,SPINE_LONGERON,1,2.5,539.8328110755672,-6.369302570506006,-26.275309030913483,-0.08886988587104402,0.4329042228175421,1161.919827730582,1807.6387712512137
18,SPINE_DIAGONAL,3,2.854461080118482,-619.2950957015654,-0.713267364141877,-2.361449604212022,-1.1685633368659603,0.6083873026695807,826.7759662189773,195.23600591427027
19,SPINE_LONGERON,1,2.5,542.9593207924459,-6.506263881267387,-18.815439288796963,-18.5250120499121,0.43529397268292475,1155.5409253653816,1797.2298879951438
20,SPINE_DIAGONAL,3,2.854461080118482,-620.5048631541257,-0.6498810694566923,-0.6894743892370792,-2.613422940727694,0.6117645578796823,822.2117373771213,194.8553639893668
21,SPINE_LONGERON,1,2.5,549.6594005391828,-5.8565650396543445,0.21880500469163328,-27.03196248733656,0.44279115682476355,1135.9757128100557,1775.3225330750342
22,SPINE_DIAGONAL,3,2.854461080118482,-625.3262996487799,-0.7222536815717291,1.014357543809327,-2.4186726418941418,0.6129629680606593,820.6042227827093,193.35297593429038
23,SPINE_LONGERON,1,2.5,541.4902574818548,-6.3810554054146165,18.948373935884476,-18.58895196701155,0.435958695000902,1153.779029453603,1802.1057734846254
24,SPINE_DIAGONAL,3,2.854461080118482,-620.2747661061265,-0.7080249412336498,2.3931191306901596,-1.0220327598975902,0.6080249799402846,827.2686428926006,194.92764751030094
25,SPINE_FRAME,2,1.3776603565143233,-1.824726574867782,2.118761449174363,1.9865982364570263,-18.82067167771189,0.3226849267538506,1558.7960834120297,784857.8859053206
26,SPINE_FRAME,2,1.3776603565143233,3.406223232874254,1.7682599472906029,1.4710099288430971,-18.813800808285357,0.3221230859158957,1561.5149053034036,420451.316309501
27,SPINE_FRAME,2,1.3776603565143233,-0.25088092530859285,-1.763397516943988,1.404783939782142,-18.843432908224457,0.3209288662565796,1567.3255131804074,5708489.157333843
28,SPINE_FRAME,2,1.3776603565143233,3.6731837164770695,-2.0959342857046233,-1.5743877054960977,18.85981977522201,0.323593279689561,1554.4204146716295,389893.6596832005
29,SPINE_FRAME,2,1.3776603565143233,-1.8247265750451334,2.1187614491739146,-1.9865982364564623,18.820671677717453,0.322684926754032,1558.7960834111536,784857.8858290375
30,SPINE_FRAME,2,1.3776603565143233,3.406223232778757,1.7682599472902574,-1.4710099288436105,18.813800808292296,0.32212308591596417,1561.5149053030716,420451.3163212888
31,SPINE_FRAME,2,1.3776603565143233,-0.2508809252803985,-1.7633975169434477,-1.4047839397826616,18.843432908229733,0.32092886625665407,1567.3255131800438,5708489.157975371
32,SPINE_FRAME,2,1.3776603565143233,3.6731837163524688,-2.095934285704478,1.574387705495596,-18.85981977522267,0.323593279689508,1554.420414671884,389893.65969642636
33,SPINE_LONGERON,1,2.5,547.8414597183354,5.817372545494675,14.620058601930495,0.8405166888229827,0.32800987819789057,1533.4904020681251,1781.213710615169
34,SPINE_DIAGONAL,3,2.854461080118482,-628.1062251019686,0.5820918623225785,1.0211806295173798,0.43336035467369205,0.56079190700457,896.9458968955859,192.49721804212453
35,SPINE_LONGERON,1,2.5,541.2080915947984,5.679328822480539,8.918438216151173,12.162422569512785,0.3296138349149369,1526.0281781855688,1803.045324799622
36,SPINE_DIAGONAL,3,2.854461080118482,-629.5804990487289,0.5432477673825555,0.6752082338500909,1.226866432093252,0.5724249006345039,878.7178884818778,192.04645180363374
37,SPINE_LONGERON,1,2.5,541.0387621939444,6.3538683829021565,-3.5934384221313005,17.195520166274562,0.353159090844799,1424.2872774328519,1803.6096255593732
38,SPINE_DIAGONAL,3,2.854461080118482,-626.1429028586399,0.6149752316619262,-0.5100516006773423,1.5918927906133247,0.5793825465533754,868.1656066311298,193.10080880109592
39,SPINE_LONGERON,1,2.5,552.7767109174132,5.834635247534351,-8.924061383513646,8.693054697881614,0.3096415514448625,1624.458983792324,1765.3108389356842
40,SPINE_DIAGONAL,3,2.854461080118482,-627.3500827650506,0.5613884751420354,-1.65272055920688,1.0113590288963934,0.5898794729538076,852.7165684902365,192.7292341050842
41,SPINE_LONGERON,1,2.5,547.8414597192892,5.817372545494228,-14.620058601940883,-0.8405166888240797,0.3280098781983112,1533.4904020661588,1781.2137106120679
42,SPINE_DIAGONAL,3,2.854461080118482,-628.1062251019473,0.5820918623225809,-1.0211806295188124,-0.4333603546732524,0.5607919070045937,896.945896895548,192.49721804213104
43,SPINE_LONGERON,1,2.5,541.2080915950576,5.679328822480027,-8.918438216160006,-12.16242256951346,0.32961383491507784,1526.0281781849164,1803.0453247987587
44,SPINE_DIAGONAL,3,2.854461080118482,-629.5804990489444,0.543247767382488,-0.6752082338513166,-1.2268664320933955,0.572424900634708,878.7178884815645,192.046451803568
45,SPINE_LONGERON,1,2.5,541.0387621933319,6.3538683829018145,3.593438422123716,-17.19552016627415,0.35315909084457175,1424.2872774337684,1803.6096255614152
46,SPINE_DIAGONAL,3,2.854461080118482,-626.1429028589416,0.6149752316618012,0.510051600676376,-1.591892790613116,0.5793825465536077,868.1656066307818,193.10080880100287
47,SPINE_LONGERON,1,2.5,552.776710916303,5.83463524753403,8.924061383504608,-8.693054697879614,0.30964155144441186,1624.4589837946883,1765.3108389392294
48,SPINE_DIAGONAL,3,2.854461080118482,-627.3500827652803,0.5613884751419119,1.6527205592058527,-1.011359028895793,0.589879472953955,852.7165684900232,192.72923410501366
49,SPINE_FRAME,2,1.3776603565143233,0.2596752779354574,-1.0760711376835261,0.06251761702175784,-14.141778429194222,0.23996459878876983,2096.1425249345575,5515161.294106507
50,SPINE_FRAME,2,1.3776603565143233,0.2744721291055612,-1.1666301869802052,0.039473707299702454,-12.466250524795516,0.2117895680683899,2374.998941579474,5217837.769441366
51,SPINE_FRAME,2,1.3776603565143233,0.6332378328224877,-2.0407312843466197,-0.03845968694159829,-13.82370374935952,0.23615354510353323,2129.9701420085703,2261632.1509448593
52,SPINE_FRAME,2,1.3776603565143233,-0.7205363767625386,1.3421101445844756,-0.018994051833105985,15.587943325667139,0.2648821084320967,1898.9580042887098,1987617.958083977
53,SPINE_FRAME,2,1.3776603565143233,0.2596752776444191,-1.0760711376832401,-0.06251761702279701,14.141778429198467,0.23996459878869336,2096.142524935225,5515161.300287778
54,SPINE_FRAME,2,1.3776603565143233,0.2744721290873713,-1.1666301869800524,-0.0394737072998943,12.466250524798458,0.21178956806843013,2374.998941579023,5217837.769787164
55,SPINE_FRAME,2,1.3776603565143233,0.6332378329771018,-2.0407312843466734,0.038459686940031546,13.82370374935979,0.2361535451036159,2129.970142007825,2261632.150392649
56,SPINE_FRAME,2,1.3776603565143233,-0.7205363771045086,1.342110144584641,0.018994051837239567,-15.587943325664137,0.26488210843222,1898.9580042878258,1987617.957140644
57,SPINE_LONGERON,1,2.5,546.0079409584534,-5.771021397551337,15.241354307360865,0.8155210390856122,0.333020073459038,1510.4194614318642,1787.1951048565036
58,SPINE_DIAGONAL,3,2.854461080118482,-627.9193897640573,-0.5446049358552434,0.7428661381077655,1.2824326638584722,0.573981332796016,876.3351197324711,192.5544949527697
59,SPINE_LONGERON,1,2.5,540.1010179684217,-5.6283932462684,9.384668157986454,12.556493131640366,0.33464312649196415,1503.0937741734213,1806.7411221779637
60,SPINE_DIAGONAL,3,2.854461080118482,-623.6152899890174,-0.6303776657626561,-0.5065840108538746,1.6865851860683891,0.5805140239115277,866.4734688246892,193.8834773746467
61,SPINE_LONGERON,1,2.5,539.5878036031224,-6.357852827706067,-3.564105124058092,17.844171628984625,0.35845309324772584,1403.2519441877942,1808.4595551968107
62,SPINE_DIAGONAL,3,2.854461080118482,-624.6094313333615,-0.5664331511040341,-1.7206076888696873,1.0738308685102451,0.5908655568453877,851.2934866020977,193.5748884050055
63,SPINE_LONGERON,1,2.5,549.9706509730034,-5.8117399045967915,-9.356145173175562,9.104538163093764,0.3141336374831787,1601.2293494896253,1774.3178068998945
64,SPINE_DIAGONAL,3,2.854461080118482,-626.3978974490353,-0.576046242987615,-1.112547271675509,-0.42533671377793647,0.562305156062583,894.5320784930122,193.02220115913897
65,SPINE_LONGERON,1,2.5,546.0079409577797,-5.771021397551678,-15.241354307356445,-0.8155210390852188,0.3330200734587678,1510.4194614330897,1787.1951048587089
66,SPINE_DIAGONAL,3,2.854461080118482,-627.9193897641615,-0.5446049358552971,-0.7428661381070336,-1.2824326638584118,0.5739813327960873,876.335119732362,192.55449495273774
67,SPINE_LONGERON,1,2.5,540.1010179684017,-5.628393246268839,-9.38466815798219,-12.556493131644366,0.33464312649196376,1503.093774173423,1806.7411221780308
68,SPINE_DIAGONAL,3,2.854461080118482,-623.615289988991,-0.6303776657627671,0.5065840108545938,-1.6865851860689975,0.5805140239115344,866.4734688246793,193.88347737465492
69,SPINE_LONGERON,1,2.5,539.587803603796,-6.357852827706422,3.564105124065494,-17.84417162898876,0.35845309324800656,1403.2519441866955,1808.459555194553
70,SPINE_DIAGONAL,3,2.854461080118482,-624.6094313332103,-0.5664331511041425,1.7206076888706883,-1.073830868511088,0.5908655568453091,851.2934866022109,193.57488840505235
71,SPINE_LONGERON,1,2.5,549.9706509739669,-5.811739904597053,9.35614517318249,-9.104538163094965,0.3141336374835605,1601.2293494876792,1774.3178068967861
72,SPINE_DIAGONAL,3,2.854461080118482,-626.3978974488466,-0.5760462429876225,1.1125472716766511,0.42533671377751103,0.5623051560624596,894.5320784932086,193.02220115919712
73,SPINE_FRAME,2,1.3776603565143233,-2.9867616970550444,1.9351871325311127,-1.9351070048815515,-17.183923377698694,0.29551448727769997,1702.116213095578,479499.6009618341
74,SPINE_FRAME,2,1.3776603565143233,-7.878301683020254,1.5878153117093672,-1.5738941824202008,-17.10730366931137,0.2956468912221512,1701.3539290762985,181784.23466476717
75,SPINE_FRAME,2,1.3776603565143233,4.613322220928239,-1.6007703563743265,-1.5454823351264864,-17.109498396216342,0.2939976840700282,1710.8978310189304,310438.1123453855
76,SPINE_FRAME,2,1.3776603565143233,0.9365251961899048,-1.9188868649122093,1.6856298930882652,17.19468383088829,0.2941923438042539,1709.7657726085488,1529217.844573162
77,SPINE_FRAME,2,1.3776603565143233,-2.9867616972260294,1.9351871325313303,1.9351070048822727,17.18392337770167,0.29551448727783824,1702.1162130947816,479499.60093438387
78,SPINE_FRAME,2,1.3776603565143233,-7.878301683114842,1.5878153117093166,1.5738941824205313,17.107303669312785,0.2956468912222235,1701.3539290758827,181784.23466258467
79,SPINE_FRAME,2,1.3776603565143233,4.613322220946429,-1.6007703563746145,1.5454823351259677,17.109498396215084,0.29399768407001586,1710.8978310190023,310438.11234416143
80,SPINE_FRAME,2,1.3776603565143233,0.9365251960662135,-1.9188868649125053,-1.6856298930881408,-17.194683830884646,0.29419234380413034,1709.765772609267,1529217.844775133
81,SPINE_LONGERON,1,2.5,555.3063069719469,6.515943895112457,14.002870979386174,-0.8333332702424162,0.32574660041728426,1544.1450481928364,1757.269289115104
82,SPINE_DIAGONAL,3,2.854461080118482,636.7560067090253,-0.687905995075702,0.27091741320692186,-1.3708014204439039,0.5784087617997885,869.6272138666347,189.88230922542414
83,SPINE_LONGERON,1,2.5,558.6380661170299,6.619542477250718,10.79603819965925,9.15511219435021,0.32818251260801756,1532.6837374811166,1746.7888038429883
84,SPINE_DIAGONAL,3,2.854461080118482,636.5710981097081,-0.6835425342408046,1.3450697810780436,-0.7328927272772887,0.5830766262638212,862.6653467882464,189.93746547103166
85,SPINE_LONGERON,1,2.5,563.6740515052096,6.068490599236188,0.8698097846546399,14.553327071761387,0.3331024198683808,1510.046069910723,1731.1826164215545
86,SPINE_DIAGONAL,3,2.854461080118482,636.9305468139178,-0.602402708098944,1.137868942938269,0.6659113099461997,0.5756283329187594,873.8277309066897,189.8302751718916
87,SPINE_LONGERON,1,2.5,555.4709436893048,6.53331601498288,-9.504050309545448,10.549676639377822,0.3273984970291302,1536.3540290022945,1756.7484499054915
88,SPINE_DIAGONAL,3,2.854461080118482,640.8671101328227,-0.7001384620695092,0.6983731995044367,1.1352807973794814,0.5795159946080896,867.9656897824965,188.66423171882
89,SPINE_LONGERON,1,2.5,555.3063069730633,6.515943895112585,-14.002870979397827,0.8333332702489654,0.32574660041777403,1544.1450481905144,1757.269289111571
90,SPINE_DIAGONAL,3,2.854461080118482,636.756006709058,-0.6879059950758739,-0.2709174132087071,1.3708014204438754,0.5784087617998273,869.6272138665764,189.8823092254144
91,SPINE_LONGERON,1,2.5,558.6380661173888,6.619542477251031,-10.796038199668672,-9.155112194346046,0.32818251260818115,1532.6837374803524,1746.788803841866
92,SPINE_DIAGONAL,3,2.854461080118482,636.5710981098091,-0.6835425342409258,-1.345069781079566,0.732892727277497,0.5830766262639566,862.6653467880459,189.93746547100153
93,SPINE_LONGERON,1,2.5,563.6740515046333,6.068490599235737,-0.869809784663298,-14.553327071755476,0.3331024198681345,1510.0460699118398,1731.1826164233244
94,SPINE_DIAGONAL,3,2.854461080118482,636.9305468140487,-0.6024027080989782,-1.1378689429393987,-0.6659113099460381,0.5756283329189,873.8277309064761,189.83027517185258
95,SPINE_LONGERON,1,2.5,555.4709436881095,6.53331601498267,9.504050309534122,-10.549676639371029,0.32739849702860774,1536.3540290047463,1756.7484499092718
96,SPINE_DIAGONAL,3,2.854461080118482,640.8671101329014,-0.7001384620693232,-0.6983731995060509,-1.1352807973790568,0.5795159946081719,867.9656897823731,188.66423171879683
97,SPINE_FRAME,2,1.3776603565143233,0.9054910095183004,1.6215653189073143,0.0006274926992020369,-15.835220512703955,0.2694792239958662,1866.5631900725527,1581629.223097261
98,SPINE_FRAME,2,1.3776603565143233,1.4434415199211799,1.6554952217480134,-0.17508957610525755,-15.88438767437178,0.2706413177342492,1858.548444158518,992178.0842109818
99,SPINE_FRAME,2,1.3776603565143233,0.0745731780443748,1.6430499210680956,-0.12020816074543106,-16.021869567574928,0.2722392901100347,1847.639258083194,19204640.05240305
100,SPINE_FRAME,2,1.3776603565143233,0.5496459497517208,1.6183922080158406,-0.004628948428727853,15.882597906743086,0.2700932393093002,1862.3198466066901,2605588.2746937326
101,SPINE_FRAME,2,1.3776603565143233,0.9054910095692321,1.621565318907042,-0.0006274926968465877,15.83522051270812,0.26947922399596197,1866.5631900718895,1581629.223008298
102,SPINE_FRAME,2,1.3776603565143233,1.4434415199575596,1.65549522174785,0.175089576103435,15.884387674374807,0.27064131773431815,1858.5484441580447,992178.0841859755
103,SPINE_FRAME,2,1.3776603565143233,0.07457317804073682,1.6430499210678775,0.12020816074388563,16.02186956757549,0.27223929011004183,1847.6392580831457,19204640.05333993
104,SPINE_FRAME,2,1.3776603565143233,0.5496459497408068,1.6183922080159747,0.004628948426102397,-15.882597906740443,0.27009323930925033,1862.3198466070342,2605588.27474547
105,SPINE_LONGERON,1,2.5,558.2987443546971,-6.264112779081113,14.69760133760974,-0.4122053824243619,0.33264444308019225,1512.1250646557148,1747.850463861637
106,SPINE_DIAGONAL,3,2.854461080118482,-635.7041362880209,-0.6590612088022962,0.5242930331649873,1.1819989147835805,0.5737628426270248,876.6688300988073,190.19649875659897
107,SPINE_LONGERON,1,2.5,556.1044704723697,-6.259480936803108,10.593479698012757,10.150446223188268,0.3315992600552375,1516.8912014948728,1754.7471223614466
108,SPINE_DIAGONAL,3,2.854461080118482,-636.5060336634542,-0.6804910313245331,-0.49879850945975246,1.2256567139421897,0.5755354544939397,873.9687469684745,189.95688111732588
109,SPINE_LONGERON,1,2.5,-556.0232597291472,6.191184413497396,-0.7983880645327813,14.569402002266713,0.33075224596336844,1520.7757653615704,1755.0034143698854
110,SPINE_DIAGONAL,3,2.854461080118482,-638.1893781471249,-0.6509023019612941,-1.1337902439849508,0.6053528190326087,0.5755332211363754,873.9721384055633,189.45583412576906
111,SPINE_LONGERON,1,2.5,559.0551069585366,-6.221047999045577,-10.043693160084388,10.750835597843533,0.33293306109533444,1510.81421095626,1745.485743977115
112,SPINE_DIAGONAL,3,2.854461080118482,-636.6809820072849,-0.6562347783261329,-1.2349862463612098,-0.3348114563411473,0.5740845983252668,876.1774858049902,189.9046844243354
113,SPINE_LONGERON,1,2.5,558.2987443538216,-6.264112779080776,-14.697601337603288,0.4122053824161478,0.3326444430798324,1512.125064657351,1747.850463864378
114,SPINE_DIAGONAL,3,2.854461080118482,-635.7041362881996,-0.6590612088022945,-0.5242930331639535,-1.1819989147843266,0.5737628426271824,876.6688300985667,190.1964987565455
115,SPINE_LONGERON,1,2.5,556.1044704722196,-6.259480936803133,-10.593479698007826,-10.150446223196212,0.33159926005520407,1516.8912014950256,1754.7471223619202
116,SPINE_DIAGONAL,3,2.854461080118482,-636.5060336635634,-0.6804910313245016,0.4987985094605172,-1.2256567139431631,0.575535454494073,873.9687469682723,189.9568811172933
117,SPINE_LONGERON,1,2.5,-556.0232597297951,6.191184413497638,0.7983880645423725,-14.569402002272653,0.33075224596364866,1520.7757653602819,1755.0034143678404
118,SPINE_DIAGONAL,3,2.854461080118482,-638.1893781471372,-0.6509023019613802,1.1337902439859073,-0.6053528190339801,0.575533221136439,873.9721384054668,189.45583412576542
119,SPINE_LONGERON,1,2.5,559.0551069596078,-6.221047999045275,10.04369316009327,-10.750835597850639,0.3329330610958021,1510.8142109541377,1745.4857439737705
120,SPINE_DIAGONAL,3,2.854461080118482,-636.680982007183,-0.656234778326223,1.2349862463625616,0.3348114563401028,0.5740845983252195,876.1774858050625,189.90468442436577
121,SPINE_FRAME,2,1.3776603565143233,0.625533646580152,-1.6615512116979136,0.02029080709801434,-15.997005132329644,0.2721164230961161,1848.4735109954458,2289486.8241471597
122,SPINE_FRAME,2,1.3776603565143233,0.35629731252629426,-1.6373964525932674,0.15063535171773168,-16.01087344310218,0.2721938848022048,1847.947467172215,4019539.276767049
123,SPINE_FRAME,2,1.3776603565143233,0.36032842331769643,-1.631488272024178,-0.1735476112532055,-16.04329618460958,0.2727387385915989,1844.2557980485349,3974571.388844551
124,SPINE_FRAME,2,1.3776603565143233,0.7003062567600864,-1.6406827357908114,0.023184163706325478,16.047006134989566,0.27297005658877666,1842.6929542596622,2045035.3371562348
125,SPINE_FRAME,2,1.3776603565143233,0.625533646580152,-1.6615512116977433,-0.020290807100288077,15.997005132332557,0.272116423096165,1848.4735109951139,2289486.8241471597
126,SPINE_FRAME,2,1.3776603565143233,0.35629731256267405,-1.637396452593189,-0.1506353517160406,16.010873443105645,0.27219388480228135,1847.9474671716953,4019539.2763566333
127,SPINE_FRAME,2,1.3776603565143233,0.3603284233759041,-1.6314882720241202,0.17354761125099571,16.043296184611727,0.27273873859166414,1844.255798048094,3974571.3882024963
128,SPINE_FRAME,2,1.3776603565143233,0.7003062568001042,-1.6406827357907778,-0.02318416370686549,-16.047006134989193,0.2729700565887906,1842.6929542595678,2045035.337039375
129,SPINE_LONGERON,1,2.5,-556.9712996843717,-6.343959944376394,14.442792654902263,0.528014127537532,0.329988814845007,1524.2940892898293,1752.0161628556314
130,SPINE_DIAGONAL,3,2.854461080118482,637.3628313511381,-0.6501504089301933,0.4679154212246033,-1.1693105441817888,0.5739209708003159,876.4272880612489,189.70152481398458
131,SPINE_LONGERON,1,2.5,-557.7123016658811,-6.117442383935369,9.802639303260463,10.593183220836465,0.3297849418692407,1525.2364075477979,1749.6883543342221
132,SPINE_DIAGONAL,3,2.854461080118482,636.796200735007,-0.684340464506207,1.188111628819943,-0.3503576016177359,0.5727448030862465,878.2270869845955,189.87032401812917
133,SPINE_LONGERON,1,2.5,-558.7078415463541,-6.301144851661135,-0.5337998063661077,14.477663324546427,0.33084853734986586,1520.3331531373444,1746.570652369779
134,SPINE_DIAGONAL,3,2.854461080118482,637.0422701421312,-0.633133649397069,1.0973596795693528,0.589309260982553,0.573139094392324,877.6229102523714,189.79698307946398
135,SPINE_LONGERON,1,2.5,-558.2508402953914,-6.075485357489324,-10.603420849251165,9.81932114993424,0.33009129353015293,1523.820863678891,1748.0004486466737
136,SPINE_DIAGONAL,3,2.854461080118482,638.26039656591,-0.6812219459345679,0.4603139712864701,1.1512080949305847,0.5739947777877887,876.3145928584803,189.43475361718413
137,SPINE_LONGERON,1,2.5,-556.9712996853217,-6.343959944376483,-14.442792654913433,-0.5280141275335518,0.3299888148454314,1524.2940892878687,1752.016162852643
138,SPINE_DIAGONAL,3,2.854461080118482,637.3628313511335,-0.6501504089303474,-0.46791542122608476,1.1693105441823572,0.5739209708003509,876.4272880611953,189.70152481398594
139,SPINE_LONGERON,1,2.5,-557.712301666253,-6.117442383935337,-9.802639303271434,-10.593183220835044,0.32978494186942603,1525.2364075469404,1749.6883543330555
140,SPINE_DIAGONAL,3,2.854461080118482,636.7962007350907,-0.6843404645062132,-1.1881116288213072,0.3503576016177954,0.5727448030863634,878.2270869844161,189.8703240181042
141,SPINE_LONGERON,1,2.5,-558.7078415459247,-6.301144851661199,0.5337998063563851,-14.47766332454512,0.33084853734970443,1520.3331531380861,1746.5706523711215
142,SPINE_DIAGONAL,3,2.854461080118482,637.0422701422685,-0.633133649397112,-1.0973596795707437,-0.5893092609822546,0.5731390943924766,877.6229102521378,189.79698307942306
143,SPINE_LONGERON,1,2.5,-558.2508402944256,-6.075485357489239,10.60342084924136,-9.819321149931,0.3300912935297375,1523.8208636808088,1748.0004486496978
144,SPINE_DIAGONAL,3,2.854461080118482,638.2603965660064,-0.6812219459345101,-0.46031397128757323,-1.1512080949299168,0.5739947777878609,876.3145928583701,189.4347536171555
145,SPINE_FRAME,2,1.3776603565143233,-0.21586554517125478,1.6676301837877678,0.22857173832260003,-16.455200642416244,0.2796663583686858,1798.5717085674357,6634458.68941151
146,SPINE_FRAME,2,1.3776603565143233,0.23134647317783674,1.7048402258492872,-0.49690648255507597,-16.40628721866101,0.2789980291307925,1802.8801191430523,6190503.0244618645
147,SPINE_FRAME,2,1.3776603565143233,-0.3157864720997168,1.648538766007496,0.12944730432918305,-16.487756157565506,0.28022340944751717,1794.996360195976,4535188.073077905
148,SPINE_FRAME,2,1.3776603565143233,-0.018659276276594028,1.707957272527799,0.410285161306966,16.40073144254443,0.2787602846451673,1804.4177298795144,76752764.72016533
149,SPINE_FRAME,2,1.3776603565143233,-0.21586554516397882,1.667630183787539,-0.22857173832298372,16.455200642419843,0.27966635836874265,1798.5717085670703,6634458.689635131
150,SPINE_FRAME,2,1.3776603565143233,0.23134647317783674,1.704840225849028,0.49690648255572256,16.406287218664477,0.278998029130851,1802.8801191426746,6190503.0244618645
151,SPINE_FRAME,2,1.3776603565143233,-0.31578647210699273,1.6485387660074533,-0.12944730433137863,16.487756157566363,0.2802234094475356,1794.9963601958582,4535188.072973411
152,SPINE_FRAME,2,1.3776603565143233,-0.018659276291145943,1.7079572725277685,-0.41028516130868553,-16.400731442542604,0.27876028464514446,1804.417729879662,76752764.66030772
153,SPINE_LONGERON,1,2.5,-554.5971388819139,6.687914097055305,17.151996519239447,1.2429478974930903,0.35477935648057135,1417.7826043481919,1759.51632433773
154,SPINE_DIAGONAL,3,2.854461080118482,-633.0570245688268,-0.5069416060003871,0.4847178443991673,1.4311133537912575,0.5792433411048581,868.3742467208508,190.99180054027508
155,SPINE_LONGERON,1,2.5,-555.1482409417911,5.082065568317837,11.402083858972503,12.750484345552707,0.35239475810448634,1427.37651009797,1757.769632194592
156,SPINE_DIAGONAL,3,2.854461080118482,634.5033168568416,0.779784302211616,1.1574538080368093,0.9018735149497843,0.5791684325961343,868.4865605421419,190.5564521963707
157,SPINE_LONGERON,1,2.5,-554.9697056276577,6.6537115960906235,-1.2576881822410604,17.159292953034395,0.3549412843765472,1417.1357972164813,1758.3351116257675
158,SPINE_DIAGONAL,3,2.854461080118482,-633.9575401416832,-0.5044991188839676,-1.3776287074000564,0.6168194853023508,0.5799314879171037,867.3438336769525,190.7205030482759
159,SPINE_LONGERON,1,2.5,-554.9860085585673,5.053359376146105,-12.741468036450868,11.420018125618213,0.3523609251580876,1427.5135637537785,1758.2834598446439
160,SPINE_DIAGONAL,3,2.854461080118482,634.6770388976029,0.7719842654731517,-0.7875637620546954,1.2396089683570146,0.5793487942600624,868.2161851090513,190.50429361219807
161,SPINE_LONGERON,1,2.5,-554.5971388811662,6.687914097055206,-17.15199651923257,-1.2429478975018258,0.3547793564802594,1417.7826043494385,1759.5163243401025
162,SPINE_DIAGONAL,3,2.854461080118482,-633.0570245689723,-0.5069416060004137,-0.4847178443981228,-1.4311133537918916,0.5792433411049882,868.3742467206557,190.99180054023117
163,SPINE_LONGERON,1,2.5,-555.148240941642,5.082065568317617,-11.40208385896409,-12.750484345558476,0.3523947581044231,1427.376510098226,1757.7696321950639
164,SPINE_DIAGONAL,3,2.854461080118482,634.5033168569653,0.7797843022116107,-1.1574538080360548,-0.9018735149502319,0.5791684325962253,868.4865605420055,190.55645219633357
165,SPINE_LONGERON,1,2.5,-554.9697056282207,6.653711596090901,1.2576881822473913,-17.159292953039397,0.3549412843767893,1417.1357972155147,1758.3351116239837
166,SPINE_DIAGONAL,3,2.854461080118482,-633.9575401417178,-0.5044991188839463,1.377628707400735,-0.6168194853035907,0.5799314879171727,867.3438336768493,190.7205030482655
167,SPINE_LONGERON,1,2.5,-554.9860085594802,5.053359376146041,12.741468036457121,-11.420018125623187,0.35236092515847345,1427.5135637522153,1758.2834598417517
168,SPINE_DIAGONAL,3,2.854461080118482,634.6770388975274,0.7719842654732219,0.7875637620558678,-1.239608968358283,0.579348794260061,868.2161851090534,190.50429361222072
169,SPINE_FRAME,2,1.3776603565143233,1.8094566332438262,-1.3900212891160542,-4.402800780575866,-12.781452276232665,0.2305873095595144,2181.3863085564826,791481.2743196593
170,SPINE_FRAME,2,1.3776603565143233,-0.05226461029087659,1.237061380264336,-4.130344243396202,-12.455431104140423,0.22282647642323378,2257.361908127148,27401927.11541146
171,SPINE_FRAME,2,1.3776603565143233,1.7260798243951285,-1.375260802793439,-4.42739190412847,-12.795896396119101,0.23089144303739645,2178.5129556253473,829713.0999766212
172,SPINE_FRAME,2,1.3776603565143233,-0.1378690426427056,1.2352895761177816,4.096892128090779,12.46375528566582,0.2228242514912614,2257.3844482081718,10387763.739082992
173,SPINE_FRAME,2,1.3776603565143233,1.80945663327293,-1.3900212891164039,4.402800780574523,12.781452276235239,0.23058730955956322,2181.3863085560206,791481.274306929
174,SPINE_FRAME,2,1.3776603565143233,-0.05226461034908425,1.2370613802647656,4.130344243396834,12.45543110414335,0.2228264764233141,2257.3619081263346,27401927.084893636
175,SPINE_FRAME,2,1.3776603565143233,1.7260798244460602,-1.3752608027936435,4.427391904128108,12.795896396122101,0.2308914430374683,2178.5129556246693,829713.0999521387
176,SPINE_FRAME,2,1.3776603565143233,-0.13786904263542965,1.235289576118202,-4.096892128091767,-12.463755285666387,0.22282425149127244,2257.38444820806,10387763.7396312
177,SPINE_LONGERON,1,1.0,217.86774178203382,5.86385736539448,17.267766443774008,-1.9715113492420095,0.24103452461183855,2086.837978127947,27993.552169313072
178,SPINE_DIAGONAL,3,1.7023360590409793,-366.69276238852035,-0.6502307315939397,-2.818979507415861,-2.5774951535559225,0.44161361870953736,1139.0047287713703,927.0707348503996
179,SPINE_LONGERON,1,1.0,216.88354835269274,-4.19254958472159,13.403196190204426,10.399327197589173,0.23461752962003457,2143.9148251821316,28120.583796738087
180,SPINE_DIAGONAL,3,1.7023360590409793,369.66144804163923,-0.41148650805174825,-0.6327491551198889,-2.031827743603813,0.38306909350041335,1313.0790464030406,919.6255938854517
181,SPINE_LONGERON,1,1.0,217.2692110982755,5.845348987994413,1.9275847836668034,17.266211307472986,0.24074430891554432,2089.3536477178272,28070.66847970067
182,SPINE_DIAGONAL,3,1.7023360590409793,-366.62705508661384,-0.6543498416952325,3.4294057844244143,-1.676486786215989,0.4414772703091849,1139.3565055970564,927.2368854817247
183,SPINE_LONGERON,1,1.0,218.03797454202527,-4.2160266749516495,-10.393565905658079,13.431831530819181,0.23521374475878734,2138.480472371326,27971.69625335276
184,SPINE_DIAGONAL,3,1.7023360590409793,369.9908748916896,-0.41223538197609955,1.6545285197458597,-1.3363393937336596,0.3832970006479391,1312.298293881013,918.8067916306446
185,SPINE_LONGERON,1,1.0,217.86774178283645,5.8638573653951624,-17.26776644378151,1.9715113492847731,0.24103452461222277,2086.8379781246203,27993.552169209943
186,SPINE_DIAGONAL,3,1.7023360590409793,-366.6927623884567,-0.6502307315931182,2.818979507416511,2.577495153557745,0.44161361870954474,1139.0047287713514,927.0707348505606
187,SPINE_LONGERON,1,1.0,216.88354835301084,-4.192549584720723,-13.403196190225117,-10.399327197556431,0.23461752962010787,2143.9148251814618,28120.583796696843
188,SPINE_DIAGONAL,3,1.7023360590409793,369.6614480416829,-0.4114865080525174,0.63274915512023,2.031827743604726,0.38306909350048524,1313.0790464027943,919.6255938853432
189,SPINE_LONGERON,1,1.0,217.26921109791851,5.845348987993418,-1.927584783666272,-17.266211307466392,0.240744308915362,2089.3536477194098,28070.66847974679
190,SPINE_DIAGONAL,3,1.7023360590409793,-366.6270550867848,-0.654349841694736,-3.4294057844253416,1.6764867862196269,0.44147727030941286,1139.3565055964682,927.2368854812923
191,SPINE_LONGERON,1,1.0,218.03797454122378,-4.216026674950982,10.393565905666264,-13.431831530783484,0.23521374475829998,2138.4804723757566,27971.696253455582
192,SPINE_DIAGONAL,3,1.7023360590409793,369.99087489184967,-0.4122353819759006,-1.6545285197466022,1.336339393734697,0.38329700064811556,1312.2982938804087,918.8067916302471
193,SPINE_FRAME,2,1.3776603565143233,104.98719874061499,-0.4780413274492356,-14.133356493235926,-4.637615185415509,0.3052653614924479,1647.7467261297645,13641.1968229032
194,SPINE_FRAME,2,1.3776603565143233,-132.17756912230834,0.47656548788914666,-13.651369384224825,-4.4856305431372245,0.31055982164531853,1619.655747273264,10835.053567831668
195,SPINE_FRAME,2,1.3776603565143233,105.18082671952288,-0.46933145713132896,-14.138653047452749,-4.639835724212351,0.30545790097345515,1646.7081008446778,13616.084666504707
196,SPINE_FRAME,2,1.3776603565143233,-132.50640029069473,0.47732678340352236,13.63925439720709,4.487421747597849,0.31054226104663596,1619.7473358528214,10808.165030248407
197,SPINE_FRAME,2,1.3776603565143233,104.98719874063681,-0.4780413274491824,14.13335649323409,4.637615185418904,0.3052653614924474,1647.746726129767,13641.196822900365
198,SPINE_FRAME,2,1.3776603565143233,-132.1775691222283,0.4765654878869133,13.651369384223923,4.485630543150992,0.3105598216453353,1619.6557472731768,10835.05356783823
199,SPINE_FRAME,2,1.3776603565143233,105.18082671950833,-0.4693314571300433,14.138653047451818,4.639835724224314,0.30545790097349546,1646.7081008444607,13616.084666506591
200,SPINE_FRAME,2,1.3776603565143233,-132.50640029072383,0.4773267834031706,-13.639254397207104,-4.487421747600973,0.3105422610466675,1619.747335852657,10808.165030246033
201,SPINE_LONGERON,1,1.5,6.11066375787675,2.024363884482426,-6.85195083046267,2.150574031620256,0.07066572360905694,7118.01951937463,443588.2536018715
202,SPINE_DIAGONAL,3,2.036651187098854,-7.355947456257127,0.44261581194181243,-0.24928015961162941,-0.7218119904103553,0.03624103256113542,13879.295496106062,32287.45985362486
203,SPINE_LONGERON,1,1.5,6.822780543079148,-5.53016948168063,-6.179335825350336,-2.8238404921632423,0.07909089588492055,6359.771176847952,397289.4405132785
204,SPINE_DIAGONAL,3,2.036651187098854,-9.415080730270347,-0.606077275573,-3.1208863393671002,0.39144030627026893,0.12223359801543134,4115.071536522217,25226.003364546414
205,SPINE_LONGERON,1,1.5,6.734584207195326,2.03383768817514,-2.1261696593343107,-6.856208117608958,0.07086348387202923,7098.155107761232,402492.3560698422
206,SPINE_DIAGONAL,3,2.036651187098854,-7.121652557429115,0.442063041729047,0.655684770718401,-0.3978811556869104,0.0361650875121015,13908.441389273205,33349.68341463348
207,SPINE_LONGERON,1,1.5,5.7940245916142885,-5.522097351496782,2.8250354727383638,-6.200148059850449,0.07891049028683748,6374.3109207864345,467830.02416453057
208,SPINE_DIAGONAL,3,2.036651187098854,-9.531599369160176,-0.604047318978151,-1.0505562860671063,-2.9636173076250287,0.12228285919798279,4113.413795678549,24917.629138686963
209,SPINE_LONGERON,1,1.5,6.110663757269094,2.024363884481801,6.851950830463807,-2.1505740316066078,0.07066572360882498,7118.019519397996,443588.2536459827
210,SPINE_DIAGONAL,3,2.036651187098854,-7.355947456444483,0.44261581194143673,0.24928015961229022,0.7218119904120535,0.03624103256133514,13879.295496029576,32287.459852802498
211,SPINE_LONGERON,1,1.5,6.822780543081649,-5.530169481679408,6.179335825339194,2.8238404921740425,0.07909089588487242,6359.771176851823,397289.44051313284
212,SPINE_DIAGONAL,3,2.036651187098854,-9.415080730530462,-0.6060772755733446,3.1208863393657644,-0.391440306267981,0.12223359801558888,4115.071536516913,25226.003363849482
213,SPINE_LONGERON,1,1.5,6.734584207755347,2.033837688174785,2.126169659335908,6.85620811760009,0.07086348387214408,7098.155107749727,402492.35603637254
214,SPINE_DIAGONAL,3,2.036651187098854,-7.1216525575764535,0.4420630417289759,-0.6556847707178162,0.39788115568632776,0.03616508751218697,13908.441389240335,33349.683413943516
215,SPINE_LONGERON,1,1.5,5.794024592458527,-5.522097351497038,-2.8250354727210265,6.200148059862329,0.0789104902871069,6374.310920764671,467830.02409636375
216,SPINE_DIAGONAL,3,2.036651187098854,-9.531599369192918,-0.6040473189778242,1.0505562860686624,2.9636173076252437,0.12228285919803367,4113.413795676838,24917.62913860137
217,SPINE_FRAME,2,1.3776603565143233,2.355311623912712,0.1650951245372122,-2.1965926407148615,0.936612577802352,0.0416792641786699,12068.351251206088,608051.6171897684
218,SPINE_FRAME,2,1.3776603565143233,-1.264983041328378,-0.011860131460776718,-1.9324670985015615,0.8162786823947927,0.03614414639308448,13916.49963259998,1132150.3886740333
219,SPINE_FRAME,2,1.3776603565143233,2.314769304364745,0.16734261695889402,-2.192672461310835,0.9467810458464889,0.04166745437317815,12071.771783682261,618701.4140914648
220,SPINE_FRAME,2,1.3776603565143233,-1.2329814517288469,-0.012167884594682016,1.9353364750355908,-0.8150641968129442,0.03616462266284863,13908.620164222652,1161534.944339891
221,SPINE_FRAME,2,1.3776603565143233,2.3553116238399525,0.16509512453723693,2.196592640713817,-0.9366125777998775,0.0416792641786003,12068.351251226242,608051.6172085521
222,SPINE_FRAME,2,1.3776603565143233,-1.2649830412701704,-0.011860131460893486,1.9324670985002186,-0.816278682389779,0.03614414639300089,13916.499632632163,1132150.3887261287
223,SPINE_FRAME,2,1.3776603565143233,2.314769304342917,0.16734261695871794,2.192672461313748,-0.9467810458433119,0.041667454373190804,12071.771783678594,618701.4140972991
224,SPINE_FRAME,2,1.3776603565143233,-1.2329814517725026,-0.012167884594782796,-1.935336475031022,0.8150641968135517,0.03616462266280362,13908.620164239965,1161534.944298765
225,SPINE_LONGERON,1,2.5,0.6239522965123001,0.5241616362712023,0.6125714982121622,-1.2842340734587387,0.014068174139879583,35754.46216393689,1563938.0201792242
226,SPINE_DIAGONAL,3,2.854461080118482,-1.505853183994077,0.10050851400120742,0.18329733031177398,0.0021714898162894514,0.008432821663476428,59647.88775014108,80292.48950178198
227,SPINE_LONGERON,1,2.5,1.258226210726889,-0.6860992712643323,1.1587224303534072,-0.13682907616558282,0.012541676692188726,40106.280232313846,775554.2771041028
228,SPINE_DIAGONAL,3,2.854461080118482,-0.4681031372274447,-0.09363087199892206,0.278354882623141,-0.2247078093482191,0.013552923368278257,37113.76404424401,258295.0024287523
229,SPINE_LONGERON,1,2.5,1.324165856094055,0.5249444505905743,1.2825044912195522,0.602113894249328,0.014246826440293674,35306.10849426699,736933.9080922613
230,SPINE_DIAGONAL,3,2.854461080118482,-1.511538551670128,0.10062793530242597,-0.019735256780360366,0.1810293254364268,0.008398289699483965,59893.14705718082,79990.4844196498
231,SPINE_LONGERON,1,2.5,0.7426489809888039,-0.6818632071968338,0.12979890726788312,1.1482972379088494,0.012274474687594723,40979.350465267584,1313975.7062542017
232,SPINE_DIAGONAL,3,2.854461080118482,-0.8409228459831866,-0.09320469857376779,0.24741257045839582,0.25466237538579506,0.013758074474747028,36560.34868275044,143780.96818823597
233,SPINE_LONGERON,1,2.5,0.6239522959682517,0.5241616362713799,-0.6125714982190686,1.2842340734537572,0.014068174139687705,35754.46216442455,1563938.0215428828
234,SPINE_DIAGONAL,3,2.854461080118482,-1.5058531840377327,0.1005085140012012,-0.18329733031287532,-0.0021714898164653107,0.00843282166354677,59647.887749643545,80292.48949945424
235,SPINE_LONGERON,1,2.5,1.2582262104755841,-0.6860992712641618,-1.1587224303606831,0.1368290761621438,0.01254167669216725,40106.28023238252,775554.2772590038
236,SPINE_DIAGONAL,3,2.854461080118482,-0.46810313706191664,-0.09363087199896558,-0.2783548826239901,0.22470780934747125,0.013552923368151237,37113.76404459185,258295.00252008915
237,SPINE_LONGERON,1,2.5,1.3241658562646421,0.5249444505897074,-1.2825044912258459,-0.6021138942507775,0.01424682644040371,35306.108493994296,736933.907997325
238,SPINE_DIAGONAL,3,2.854461080118482,-1.5115385514318405,0.10062793530255298,0.019735256779872756,-0.1810293254365476,0.008398289699304385,59893.14705846151,79990.48443225995
239,SPINE_LONGERON,1,2.5,0.7426489815232458,-0.6818632071962085,-0.12979890727510224,-1.1482972379136527,0.012274474687803584,40979.350464570285,1313975.7053086087
240,SPINE_DIAGONAL,3,2.854461080118482,-0.8409228457767313,-0.09320469857386282,-0.24741257045940657,-0.25466237538599046,0.013758074474610003,36560.34868311457,143780.9682235357
241,SPINE_FRAME,2,1.3776603565143233,-1.5124252230671118,-0.027698867857260487,-0.16112117798474657,-0.09066963557392427,0.003919957764654823,128317.70906702417,946923.5371529071
242,SPINE_FRAME,2,1.3776603565143233,1.8919186912025907,-0.00824351681343331,-0.20265767378635502,-0.08702456067012054,0.004697353312697536,107081.57690423835,756983.3992155566
243,SPINE_FRAME,2,1.3776603565143233,1.5001432984499843,0.026938247656035984,0.17746658473683397,-0.02857760663992792,0.0038262663608344617,131459.74497455056,954676.1588614548
244,SPINE_FRAME,2,1.3776603565143233,1.9195412529879832,-0.008682665914268882,0.2024223627822863,0.09042933314480717,0.004731050281280923,106318.88694782878,746090.2648883836
245,SPINE_FRAME,2,1.3776603565143233,-1.5124252231034916,-0.02769886785719445,0.16112117798198256,0.09066963557902064,0.003919957764674677,128317.70906637429,946923.5371301299
246,SPINE_FRAME,2,1.3776603565143233,1.8919186912316945,-0.008243516812465178,0.2026576737876411,0.08702456067377984,0.0046973533127564054,107081.57690289637,756983.3992039118
247,SPINE_FRAME,2,1.3776603565143233,1.5001432985663996,0.02693824765641374,-0.17746658473588184,0.02857760664289888,0.0038262663608861344,131459.74497277522,954676.1587873693
248,SPINE_FRAME,2,1.3776603565143233,1.9195412530680187,-0.0086826659145493,-0.2024223627775683,-0.09042933314488177,0.004731050281249426,106318.8869485366,746090.2648572752
249,SPINE_LONGERON,1,1.0,0.13658437032404436,0.14024695546615362,-0.16180137140486295,0.4377209427237281,0.004521638262057025,111242.86615780066,44652927.57228564
250,SPINE_DIAGONAL,3,1.7023360590409793,-0.09462914119285415,0.02277711709568475,0.028973045982702672,-0.030363908761586345,0.0017368437568290678,289605.78521946055,3592446.5170726883
251,SPINE_LONGERON,1,1.0,0.22303699191320447,-0.17573412144157885,-0.27302892482407515,0.09594538510327766,0.0031032997414320216,162085.5353688426,27344755.429445513
252,SPINE_DIAGONAL,3,1.7023360590409793,-0.42250055961631006,-0.006966538012522783,-0.0854817290028933,0.021280593250992297,0.0035207324594757256,142867.99857405297,804614.6234707264
253,SPINE_LONGERON,1,1.0,0.38094947968693305,0.14115134766223036,-0.4311932701063852,-0.16389544019284585,0.0045566362131511115,110388.44807234539,16009713.41553716
254,SPINE_DIAGONAL,3,1.7023360590409793,0.11430929693960934,0.02256509266967921,0.03957648400371783,0.01681471996370476,0.001783083052978087,282095.66523550014,2973949.9567690226
255,SPINE_LONGERON,1,1.0,-0.23682242813697485,-0.17376652426888484,-0.09046427149291958,-0.27370154679738334,0.0030909922711446595,162730.9148248787,25753016.906229325
256,SPINE_DIAGONAL,3,1.7023360590409793,-0.483457974407429,-0.007209981935067056,-0.05018156695894049,-0.0720813108092635,0.0035622450362790474,141203.08818660324,703163.7633209443
257,SPINE_LONGERON,1,1.0,0.13658437004801272,0.14024695546645205,0.16180137140577244,-0.43772094272125683,0.004521638261947534,111242.8661604944,44652927.66252745
258,SPINE_DIAGONAL,3,1.7023360590409793,-0.09462914140567591,0.022777117096595134,-0.028973045982773726,0.030363908762389258,0.0017368437570223468,289605.7851872327,3592446.5089932447
259,SPINE_LONGERON,1,1.0,0.22303699202052485,-0.1757341214402004,0.2730289248211193,-0.09594538510532402,0.0031032997414424546,162085.5353682977,27344755.416287832
260,SPINE_DIAGONAL,3,1.7023360590409793,-0.4225005598527787,-0.006966538012692425,0.08548172900486506,-0.02128059325061571,0.003520732459737023,142867.99856344977,804614.6230203931
261,SPINE_LONGERON,1,1.0,0.380949480145091,0.14115134766262827,0.43119327011392206,0.16389544018443303,0.004556636213341232,110388.44806773955,16009713.396282697
262,SPINE_DIAGONAL,3,1.7023360590409793,0.11430929675407242,0.022565092668564546,-0.0395764840031706,-0.01681471996143813,0.0017830830527771656,282095.66526728723,2973949.9615960796
263,SPINE_LONGERON,1,1.0,-0.23682242756785854,-0.17376652426951011,0.09046427150360614,0.2737015468010213,0.0030909922710284097,162730.9148309989,25753016.968117308
264,SPINE_DIAGONAL,3,1.7023360590409793,-0.4834579743856011,-0.00720998193639133,0.05018156695726361,0.0720813108088727,0.0035622450362177427,141203.0881890333,703163.7633526918
265,SPINE_FRAME,2,1.3776603565143233,-0.4871283931279322,-0.0034430102189496404,0.04965958428635986,-0.004114883068924158,0.0010924921727997398,460415.1979514482,2939986.792208733
266,SPINE_FRAME,2,1.3776603565143233,0.4102179693218204,-0.0021577622759476056,0.057970264943797645,0.0177389230143028,0.001235217244352865,407215.8175410865,3491195.288869577
267,SPINE_FRAME,2,1.3776603565143233,-0.5041660720817163,-0.004329040216416721,0.052454811086896314,-3.736611053106742e-05,0.0011461825408084936,438848.0735757798,2840633.5158424904
268,SPINE_FRAME,2,1.3776603565143233,0.31251445977250114,-0.0022727018582173455,-0.059803730753387185,-0.01758054933549058,0.0012144577531595358,414176.61395910574,4582671.288069475
269,SPINE_FRAME,2,1.3776603565143233,-0.48712839295330923,-0.0034430102206281406,-0.04965958429158235,0.0041148830835116,0.0010924921728203796,460415.1979427499,2939986.7932626423
270,SPINE_FRAME,2,1.3776603565143233,0.41021796919812914,-0.002157762273666334,-0.057970264941651806,-0.017738922998915108,0.0012352172441781539,407215.8175986838,3491195.289922262
271,SPINE_FRAME,2,1.3776603565143233,-0.5041660720453365,-0.004329040220242376,-0.05245481109003691,3.736612284477303e-05,0.0011461825408463102,438848.0735613007,2840633.5160474656
272,SPINE_FRAME,2,1.3776603565143233,0.3125144598525367,-0.0022727018592072694,0.05980373076005918,0.017580549331274398,0.0012144577532888462,414176.613915006,4582671.286895845
273,SPINE_LONGERON,1,1.5,-0.10437735887455801,0.023519419563029942,0.012458747280788884,-0.05488868063287254,0.0005895518318843924,853190.4623080457,25969412.274193022
274,SPINE_DIAGONAL,3,2.036651187098854,-0.03198962421447504,0.004472544206310047,0.0077793383603221855,0.004394272926724341,0.000374227512459201,1344102.139082674,7424434.141111507
275,SPINE_LONGERON,1,1.5,0.11809062658551284,-0.015258147805525368,0.03286663318806404,-0.013253065956178034,0.00038944962093441363,1291566.2847305972,22953715.659574043
276,SPINE_DIAGONAL,3,2.036651187098854,0.05538713036730769,-0.001599599691694209,0.0073842776357579964,-0.006359311304974469,0.00039902983403921466,1260557.3746412345,4288087.442050679
277,SPINE_LONGERON,1,1.5,0.16859016020634954,0.025354858773127376,0.051467807454593076,0.01031707269942217,0.0005821696288503942,864009.345512012,16078154.628876781
278,SPINE_DIAGONAL,3,2.036651187098854,-0.028639275566092692,0.004055941412977937,-0.006131707871800174,0.0062964308730713014,0.0003620828090062062,1389184.9805865223,8292977.161072762
279,SPINE_LONGERON,1,1.5,-0.12529304237500583,-0.01396774676312873,0.01407323065154742,0.03223075946715426,0.0003862944471529127,1302115.533130845,21634231.34535942
280,SPINE_DIAGONAL,3,2.036651187098854,-0.061452082272808184,-0.0015838916719310703,0.006542391408668635,0.005715602742021986,0.0003662811444451527,1373262.0628396003,3864878.9332297198
281,SPINE_LONGERON,1,1.5,-0.10437735915149915,0.023519419564252075,-0.012458747278515148,0.05488868067446644,0.0005895518323301082,853190.4616630126,25969412.205289204
282,SPINE_DIAGONAL,3,2.036651187098854,-0.03198962418355222,0.004472544206979734,-0.007779338360442978,-0.004394272921480535,0.0003742275123606651,1344102.139436582,7424434.148288348
283,SPINE_LONGERON,1,1.5,0.11809062649979296,-0.015258147807415412,-0.032866633202047524,0.013253065983064971,0.0003894496211140117,1291566.28413498,22953715.676235735
284,SPINE_DIAGONAL,3,2.036651187098854,0.05538713046735211,-0.0015995996907696153,-0.007384277636930392,0.006359311305986992,0.0003990298341731143,1260557.3742182383,4288087.434305211
285,SPINE_LONGERON,1,1.5,0.1685901603983666,0.025354858774107925,-0.05146780744640834,-0.010317072692373586,0.0005821696288332928,864009.3455373925,16078154.610564442
286,SPINE_DIAGONAL,3,2.036651187098854,-0.028639275400564657,0.004055941413006359,0.006131707872453873,-0.006296430871664427,0.00036208280885932274,1389184.9811500628,8292977.20900415
287,SPINE_LONGERON,1,1.5,-0.12529304205509106,-0.013967746761935018,-0.014073230620851973,-0.032230759422873234,0.0003862944465751566,1302115.5350783367,21634231.400598798
288,SPINE_DIAGONAL,3,2.036651187098854,-0.06145208212910802,-0.0015838916728281305,-0.006542391405496062,-0.005715602736955816,0.0003662811441272159,1373262.0640316096,3864878.9422673914
289,SPINE_FRAME,2,1.3776603565143233,0.04070834515732713,0.0011716832574702192,0.00899025315226254,-0.001210150788819142,0.00017508439667692605,2872900.210109295,35180772.79661195
290,SPINE_FRAME,2,1.3776603565143233,-0.047521087173663545,0.00039517490770299516,0.00516998489307241,-0.004485321620161464,0.00014014620611472184,3589108.9309135545,30137169.14077021
291,SPINE_FRAME,2,1.3776603565143233,0.05043306984589435,0.0004455449099857945,0.014991504752273954,0.001011961022302721,0.0002800293867915799,1796240.0509571251,28397062.6075734
292,SPINE_FRAME,2,1.3776603565143233,-0.07474355043086689,0.0003090707276142417,-0.01054233893068357,0.004760292268635169,0.00023385481075994597,2150907.21617155,19160864.498009555
293,SPINE_FRAME,2,1.3776603565143233,0.04070834518643096,0.0011716832604014512,-0.008990253154145478,0.0012101507850976745,0.00017508439671895594,2872900.209419641,35180772.771459974
294,SPINE_FRAME,2,1.3776603565143233,-0.04752108716638759,0.0003951749077945165,-0.00516998488949838,0.004485321620756544,0.00014014620607202312,3589108.932007058,30137169.145384517
295,SPINE_FRAME,2,1.3776603565143233,0.05043306982406648,0.0004455449102451467,-0.014991504754256368,-0.0010119610223071618,0.0002800293868140215,1796240.050813174,28397062.619863898
296,SPINE_FRAME,2,1.3776603565143233,-0.0747435504454188,0.0003090707249468296,0.010542338932609141,-0.004760292260550969,0.00023385481074000264,2150907.216354981,19160864.4942791
297,SPINE_LONGERON,1,2.5,-0.03304601576724053,0.0030486240187670433,-0.0013871133874943098,0.008247955118552482,9.233141963008398e-05,5447766.340160435,29529209.39598074
298,SPINE_DIAGONAL,3,2.854461080118482,-0.0396469116813023,0.0006682730943712301,0.00024215990755749317,0.0001862525149185501,4.851518549959603e-05,10367887.802968172,3049637.306910102
299,SPINE_LONGERON,1,2.5,0.09778076253138579,-0.0026741289541973856,-0.0023521307174974027,0.002122983946748036,6.665743298102898e-05,7546045.167133215,9979700.444456097
300,SPINE_DIAGONAL,3,2.854461080118482,-0.0012061945317327627,-0.00013184144733191516,-0.0009982122292679918,0.0005641452828228921,4.237948330933456e-05,11868950.74506981,100239801.94420017
301,SPINE_LONGERON,1,2.5,0.06476714768899683,0.003468504019004115,-0.004366044483737786,-0.0027107749186257024,7.536257449219886e-05,6674400.4353522705,15066631.063938417
302,SPINE_DIAGONAL,3,2.854461080118482,0.058783991423297266,0.0006247732757040936,0.000904032549982503,0.00035701129935716835,8.586484244320347e-05,5858043.707850702,2056830.406367249
303,SPINE_LONGERON,1,2.5,-0.12199721488383375,-0.00264405381643229,-0.0016209268508475816,-0.004757740382075326,9.119421941219244e-05,5515700.482357001,7998729.481020606
304,SPINE_DIAGONAL,3,2.854461080118482,-0.02670610783752636,-0.0006257781330649692,-0.0008273622806136416,-0.0017262742999371028,9.29515765716481e-05,5411419.779548139,4527380.092323798
305,SPINE_LONGERON,1,2.5,-0.03304601578298616,0.0030486240182270308,0.001387113387181671,-0.008247955145572012,9.23314198721574e-05,5447766.325877546,29529209.381910786
306,SPINE_DIAGONAL,3,2.854461080118482,-0.03964691183864488,0.0006682730945293258,-0.00024215990754683503,-0.00018625251817638855,4.851518568373391e-05,10367887.763617177,3049637.294807323
307,SPINE_LONGERON,1,2.5,0.09778076273414626,-0.0026741289544105484,0.00235213071363205,-0.0021229839549334883,6.66574330706755e-05,7546045.156984661,9979700.423761956
308,SPINE_DIAGONAL,3,2.854461080118482,-0.0012061946981702931,-0.00013184144746425375,0.0009982122288523243,-0.0005641452837785721,4.2379483450923536e-05,11868950.705415891,100239788.11254835
309,SPINE_LONGERON,1,2.5,0.06476714803267214,0.003468504018371732,0.004366044479297694,0.0027107749121455527,7.536257453830325e-05,6674400.431269088,15066630.983990029
310,SPINE_DIAGONAL,3,2.854461080118482,0.05878399138146051,0.0006247732756934354,-0.0009040325501974422,-0.0003570112999859987,8.586484242442249e-05,5858043.709132016,2056830.407831102
311,SPINE_LONGERON,1,2.5,-0.12199721464679669,-0.002644053816908354,0.0016209268491991224,0.00475774037815313,9.119421929536444e-05,5515700.489423109,7998729.496561905
312,SPINE_DIAGONAL,3,2.854461080118482,-0.026706107795689604,-0.0006257781332772439,0.0008273622801695524,0.001726274299365116,9.295157651426433e-05,5411419.7828888865,4527380.099416217
313,SPINE_FRAME,2,1.3776603565143233,0.006081730920413975,0.00021017877605457587,-0.0037261974714297708,-0.000918245146853458,6.810927080647168e-05,7385191.385020751,235484118.03271618
314,SPINE_FRAME,2,1.3776603565143233,-0.01050007048615953,4.0588435254077394e-05,0.002297689554119131,-4.700386159406378e-06,4.4233889991360646e-05,11371371.590837732,136394421.71304917
315,SPINE_FRAME,2,1.3776603565143233,-0.0063797356488066725,-1.69519737120316e-05,0.004109069036225321,0.0010571674351380622,7.50488672496052e-05,6702299.6939723445,224484386.30429262
316,SPINE_FRAME,2,1.3776603565143233,0.007610760527313687,0.00012694122545637006,0.004549348430906264,-0.0001242610442826475,8.091162003016477e-05,6216659.607266248,188174498.03685778
317,SPINE_FRAME,2,1.3776603565143233,0.0060817309058620594,0.00021017877614929503,0.0037261974660580677,0.0009182451509470724,6.810927072751822e-05,7385191.393581795,235484118.59616515
318,SPINE_FRAME,2,1.3776603565143233,-0.010500070478883572,4.0588434994239154e-05,-0.002297689556478133,4.70039084543572e-06,4.423389002768239e-05,11371371.581500368,136394421.80756283
319,SPINE_FRAME,2,1.3776603565143233,-0.006379735677910503,-1.695197415740014e-05,-0.00410906903636743,-0.00105716743241846,7.504886725531127e-05,6702299.693462759,224484385.2802133
320,SPINE_FRAME,2,1.3776603565143233,0.00761076054914156,0.00012694122566004153,-0.0045493484277940865,0.00012426104652085712,8.091161998974957e-05,6216659.610371457,188174497.4971681
321,SPINE_LONGERON,1,2.5,-0.05422947113237342,0.0007161949972598336,0.0007331150088987215,-0.0017964098886774833,3.7140545252820284e-05,13543150.661252193,17994324.836983133
322,SPINE_DIAGONAL,3,2.854461080118482,0.00013327993110578973,0.00034852253780837117,0.0002820830711129929,0.00011736344867685489,1.550352497024523e-05,32444234.51862533,907178597.4371432
323,SPINE_LONGERON,1,2.5,0.03280067396320874,-0.000242194403803353,0.0013969606698935877,-0.0009604230977231509,2.7105568080987543e-05,18557072.793940652,29750081.366872825
324,SPINE_DIAGONAL,3,2.854461080118482,0.03261510595712025,-6.339233840702008e-05,0.00032143014825436467,-0.00041629962593425773,4.596779761560586e-05,10942442.885913545,3707138.070501152
325,SPINE_LONGERON,1,2.5,0.05969597116046543,0.00020840874395133824,0.0010560183420589495,-0.0005460358342759264,3.164430538985603e-05,15895435.017551145,16346542.326460723
326,SPINE_DIAGONAL,3,2.854461080118482,0.0027657139808070497,-0.0001584794768421105,0.00021555501820724743,-7.46964301399089e-05,1.1586847364452045e-05,43411290.76604414,43716993.80562397
327,SPINE_LONGERON,1,2.5,0.03753491706379464,0.0005550158896525659,-0.0002606370342164155,-0.00026100242129700746,1.695196061926147e-05,29672084.031889033,25997732.128599375
328,SPINE_DIAGONAL,3,2.854461080118482,0.036240293959053815,3.971617264397764e-05,-0.0002796068793733397,-6.316518108206992e-05,4.035495902619135e-05,12464391.295095623,3336305.745855108
329,SPINE_LONGERON,1,2.5,-0.05422947131847877,0.0007161949974801018,-0.0007331150123945918,0.0017964098931873913,3.714054536683502e-05,13543150.619677177,17994324.77522999
330,SPINE_DIAGONAL,3,2.854461080118482,0.00013328000204637647,0.00034852253775952136,-0.00028208307151800227,-0.0001173634481617114,1.5503525015743103e-05,32444234.423411906,907178114.5756412
331,SPINE_LONGERON,1,2.5,0.032800673898805144,-0.0002421944036967716,-0.0013969606744126395,0.0009604230993716101,2.710556810192031e-05,18557072.779609613,29750081.42528663
332,SPINE_DIAGONAL,3,2.854461080118482,0.03261510609081597,-6.339233830221502e-05,-0.0003214301485492399,0.0004162996260062002,4.596779773469841e-05,10942442.85756406,3707138.055304866
333,SPINE_LONGERON,1,2.5,0.059695971251130686,0.00020840874476846238,-0.0010560183423713133,0.0005460358345601435,3.164430542517534e-05,15895434.999809695,16346542.301633865
334,SPINE_DIAGONAL,3,2.854461080118482,0.0027657141008603503,-0.00015847947677105623,-0.00021555501827208445,7.469643028557016e-05,1.158684745711474e-05,43411290.41887403,43716991.90796962
335,SPINE_LONGERON,1,2.5,0.03753491685398558,0.0005550158897591473,0.0002606370312037143,0.0002610024220075502,1.6951960535196646e-05,29672084.179032985,25997732.273918994
336,SPINE_DIAGONAL,3,2.854461080118482,0.036240293881746766,3.971617273101913e-05,0.00027960687926142924,6.316518124549475e-05,4.035495895959603e-05,12464391.315664845,3336305.7529720464
337,SPINE_FRAME,2,1.3776603565143233,0.0011060726174036972,0.000103914322072707,-0.0024548970635436262,-0.0007186391075579834,4.3875640030723586e-05,11464220.228987612,1294807428.8898826
338,SPINE_FRAME,2,1.3776603565143233,0.005672351646353491,-5.02391613836528e-05,-0.002102558374843966,0.0001228715062397967,3.853674311466561e-05,13052478.21548722,252479241.62576416
339,SPINE_FRAME,2,1.3776603565143233,-0.003601720920414664,-0.0001738287572683445,0.0025494083939747725,0.0006901291979310997,4.659861364243676e-05,10794312.548859272,397629653.5882357
340,SPINE_FRAME,2,1.3776603565143233,-0.007137932654586621,0.0001066414563270193,-0.0021425025803836206,0.0003980238157073046,4.054183669369688e-05,12406936.661510514,200639472.4088251
341,SPINE_FRAME,2,1.3776603565143233,0.0011060726537834853,0.00010391432203094857,0.0024548970616891097,0.0007186391105484802,4.387564003332776e-05,11464220.22830717,1294807386.3024273
342,SPINE_FRAME,2,1.3776603565143233,0.005672351639077533,-5.0239161068098845e-05,0.0021025583775369228,-0.00012287150315959394,3.853674315331705e-05,13052478.202395895,252479241.9496207
343,SPINE_FRAME,2,1.3776603565143233,-0.003601720920414664,-0.00017382875737774302,-0.002549408395331909,-0.0006901291968448575,4.659861365986335e-05,10794312.544822497,397629653.5882357
344,SPINE_FRAME,2,1.3776603565143233,-0.0071379326764144935,0.00010664145621485472,0.002142502580191774,-0.0003980238143368453,4.054183669731985e-05,12406936.660401782,200639471.7952675
345,SPINE_LONGERON,1,2.5,-0.00826646242148854,0.00039717147755169435,0.00011694593487732163,0.0009107814742315657,1.181104277431234e-05,42587264.2755953,118045987.45372517
346,SPINE_DIAGONAL,3,2.854461080118482,0.019479338905512122,-6.279468564596158e-05,-7.65328895582229e-05,0.00023375699127559102,2.505732575537175e-05,20073969.78076033,6207022.812917718
347,SPINE_LONGERON,1,2.5,0.030532232569385087,0.0001814901707675176,2.043167785359401e-05,0.00035611124690149154,1.3905817670521801e-05,36171911.060381785,31960411.577376496
348,SPINE_DIAGONAL,3,2.854461080118482,0.003947783170588082,0.00018029965825849814,0.00019230635265898854,-1.166966435306449e-05,1.1632950074897821e-05,43239246.86012358,30626986.27114777
349,SPINE_LONGERON,1,2.5,0.009210573360348917,-0.0002723998791864801,0.00031177296780949366,-0.00018279082212302455,6.885161551773596e-06,73055656.89601412,105945925.52669929
350,SPINE_DIAGONAL,3,2.854461080118482,-0.020565814001201943,3.137172648415287e-05,0.00023767292496046366,7.399338940672351e-05,2.6006248487424062e-05,19341505.570987586,5879110.885667012
351,SPINE_LONGERON,1,2.5,-0.03141415669244907,-0.00029182853322140545,0.00012583650516262423,-0.0003013948079626516,1.4050827185459797e-05,35798604.122077525,31063151.840975013
352,SPINE_DIAGONAL,3,2.854461080118482,-0.005122526548802853,-0.00019312123119519242,-8.563335359568214e-05,-0.0002620029055222517,1.5368581060547916e-05,32729111.296502944,23603333.201918896
353,SPINE_LONGERON,1,2.5,-0.008266462416031573,0.00039717147723905555,-0.00011694593584365975,-0.0009107814769451963,1.1811042796976538e-05,42587264.19387465,118045987.53165127
354,SPINE_DIAGONAL,3,2.854461080118482,0.019479339013741992,-6.279468558645362e-05,7.653288953335391e-05,-0.00023375699160865793,2.5057325855726548e-05,20073969.700363915,6207022.778430651
355,SPINE_LONGERON,1,2.5,0.030532232730251962,0.0001814901707675176,-2.043167893361897e-05,-0.00035611125150580847,1.3905817768637474e-05,36171910.8051626,31960411.408984896
356,SPINE_DIAGONAL,3,2.854461080118482,0.0039477830368923605,0.0001802996583259997,-0.0001923063526358959,1.1669663827262866e-05,1.1632949977085973e-05,43239247.22368662,30626987.30836207
357,SPINE_LONGERON,1,2.5,0.00921057356174515,-0.00027239987865357307,-0.0003117729680849183,0.0001827908180587201,6.885161600188679e-06,73055656.38230132,105945923.21011063
358,SPINE_DIAGONAL,3,2.854461080118482,-0.020565813937537314,3.137172650724551e-05,-0.00023767292529441875,-7.399338987568171e-05,2.600624845116158e-05,19341505.597956914,5879110.903866701
359,SPINE_LONGERON,1,2.5,-0.03141415658268443,-0.0002918285338537885,-0.00012583650578790184,0.00030139480537627605,1.4050827129387896e-05,35798604.26493714,31063151.949513204
360,SPINE_DIAGONAL,3,2.854461080118482,-0.005122526516970538,-0.00019312123124493041,8.563335360634028e-05,0.0002620029054520856,1.536858103476935e-05,32729111.35140128,23603333.34859432
361,SPINE_FRAME,2,1.3776603565143233,-0.0005171749435248785,0.00017021035419351258,-0.0015675300980362294,-0.00040377591832907456,2.776775204278305e-05,18114538.016077243,2769181028.270545
362,SPINE_FRAME,2,1.3776603565143233,-0.004276243693311699,-2.203094593631916e-05,0.0016862021053114518,-9.313368390007071e-05,3.075745855363508e-05,16353756.898440255,334908659.2389377
363,SPINE_FRAME,2,1.3776603565143233,0.0011978864858974703,-0.0001679102146153875,0.0015836616012876448,0.0004149211233812622,2.8420532388130748e-05,17698472.11623902,1195564904.326473
364,SPINE_FRAME,2,1.3776603565143233,0.004117863245483022,2.435697987532794e-05,0.001763078758365566,-8.268962239643685e-05,3.1967328061249635e-05,15734815.216218518,347789850.3494362
365,SPINE_FRAME,2,1.3776603565143233,-0.0005171749435248785,0.0001702103541777882,0.0015675300985833474,0.0004037759202741853,2.7767752059869374e-05,18114538.004930828,2769181028.270545
366,SPINE_FRAME,2,1.3776603565143233,-0.0042762436423799954,-2.2030946188679833e-05,-0.0016862021053398735,9.313368700247793e-05,3.075745853111137e-05,16353756.910416126,334908663.2278284
367,SPINE_FRAME,2,1.3776603565143233,0.0011978864786215127,-0.00016791021460059856,-0.001583661602872155,-0.0004149211214166115,2.8420532401866394e-05,17698472.107685346,1195564911.5883293
368,SPINE_FRAME,2,1.3776603565143233,0.004117863230931107,2.4356979879461597e-05,-0.0017630787587989971,8.26896226326923e-05,3.1967328061352966e-05,15734815.216167657,347789851.57847375
369,SPINE_LONGERON,1,2.5,-0.011815474441391416,0.00029445106056158465,0.00011649531546709113,-0.00014327055290132393,6.24993073521177e-06,80480891.91870964,82588534.56406884
370,SPINE_DIAGONAL,3,2.854461080118482,-0.00017060048594430555,0.0001282687377814895,8.830418354222047e-05,0.00012408724960444317,6.885103399524977e-06,73056273.93115161,708724247.1662209
371,SPINE_LONGERON,1,2.5,0.00299966712003652,0.00025954453692378365,0.0003042418899497079,-0.00021295248978958625,4.942467557267065e-06,101771027.15837221,325310336.19551975
372,SPINE_DIAGONAL,3,2.854461080118482,-0.011417599714150128,-1.0686072055676732e-05,7.755167694867282e-05,-0.00011929693961931775,1.457858032858189e-05,34502673.694080375,10589677.690068614
373,SPINE_LONGERON,1,2.5,-0.01173592524395417,0.0002752151439793238,0.00014032499744231477,-0.0001327953456780051,6.241521303672005e-06,80589326.78865898,83148341.43958335
374,SPINE_DIAGONAL,3,2.854461080118482,0.00020229472920618718,-0.00012364483329374565,0.0001427707881704876,-7.179326430417632e-05,7.04878302880919e-06,71359835.86729524,597685868.7397348
375,SPINE_LONGERON,1,2.5,0.00290793079273044,0.0002758918468614979,-0.00015303004366273854,-0.00026346723015535645,4.425753146192819e-06,113652972.3608054,335572882.8668117
376,SPINE_DIAGONAL,3,2.854461080118482,0.011458849395239668,1.1536409724399732e-05,-0.00012448480651983118,-6.156300530335557e-05,1.4490855399048516e-05,34711546.43038032,10551556.862009052
377,SPINE_LONGERON,1,2.5,-0.011815474464185627,0.00029445106038394897,-0.0001164953162913207,0.0001432705537109391,6.249930751802097e-06,80480891.7050746,82588534.40474045
378,SPINE_DIAGONAL,3,2.854461080118482,-0.00017060048048733734,0.00012826873781168757,-8.830418359551118e-05,-0.00012408724944812377,6.885103393559017e-06,73056273.99445508,708724269.8360614
379,SPINE_LONGERON,1,2.5,0.002999667137544293,0.00025954453722931703,-0.00030424189122868484,0.00021295249098329805,4.94246757834842e-06,101771026.72428314,325310334.2968226
380,SPINE_DIAGONAL,3,2.854461080118482,-0.011417599777814758,-1.0686072087651155e-05,-7.75516770197271e-05,0.00011929693968149024,1.457858038462669e-05,34502673.561440885,10589677.631020484
381,SPINE_LONGERON,1,2.5,-0.011735925265156766,0.00027521514444117656,-0.00014032499806678638,0.0001327953453653663,6.241521313889507e-06,80589326.65673254,83148341.2893642
382,SPINE_DIAGONAL,3,2.854461080118482,0.00020229479832778452,-0.00012364483334437182,-0.0001427707883028262,7.179326446760115e-05,7.04878308345435e-06,71359835.31408349,597685664.517964
383,SPINE_LONGERON,1,2.5,0.002907930767094058,0.0002758918467051785,0.00015303004423117272,0.00026346723103642944,4.425753146333847e-06,113652972.3571838,335572885.82522964
384,SPINE_DIAGONAL,3,2.854461080118482,0.011458849365226342,1.1536409705747985e-05,0.00012448480657578642,6.156300539927884e-05,1.4490855377490384e-05,34711546.4820209,10551556.889645973
385,SPINE_FRAME,2,1.3776603565143233,0.0008504013021592982,0.00011933385433739677,-0.0008985265864538405,-0.0001719040042651443,1.6009810014919094e-05,31418236.664349444,1684088486.541042
386,SPINE_FRAME,2,1.3776603565143233,0.002221013157395646,-3.377024757070105e-05,-0.000812809341809384,8.270902075668829e-05,1.496496068856755e-05,33611849.0698252,644818801.3371881
387,SPINE_FRAME,2,1.3776603565143233,-0.0010004669893532991,-0.00012182349025489995,0.0009050348424324284,0.0001684252460476543,1.618650157935737e-05,31075275.74960827,1431482554.793462
388,SPINE_FRAME,2,1.3776603565143233,-0.0023486630743718706,3.594078199183072e-05,-0.0008112957033503676,8.822915374651075e-05,1.5015331923294818e-05,33499092.965080895,609772877.8271018
389,SPINE_FRAME,2,1.3776603565143233,0.0008504013021592982,0.00011933385449092618,0.0008985265864538405,0.000171904005314083,1.600981001848039e-05,31418236.657360625,1684088486.541042
390,SPINE_FRAME,2,1.3776603565143233,0.0022210131501196884,-3.377024758628083e-05,0.0008128093415322724,-8.270901979123835e-05,1.4964960678555767e-05,33611849.09231204,644818803.4495909
391,SPINE_FRAME,2,1.3776603565143233,-0.0010004669675254263,-0.00012182349026747264,-0.0009050348420203136,-0.00016842524536730963,1.618650155942077e-05,31075275.787883084,1431482586.0250971
392,SPINE_FRAME,2,1.3776603565143233,-0.0023486631107516587,3.594078204249833e-05,0.0008112957036843227,-8.822915359019134e-05,1.5015331947166426e-05,33499092.91182352,609772868.3819805
393,SPINE_LONGERON,1,1.0,0.0013246818489278667,0.0002790774411352004,-1.501352039667836e-05,7.528580366304542e-05,2.5297026092247684e-06,198837601.76621917,4604042850.380973
394,SPINE_DIAGONAL,3,1.7023360590409793,0.003621519130319939,1.502901845640281e-06,-0.00011146730131628146,0.00014570093755494895,9.590805777792597e-06,52446062.578463525,93869483.07016565
395,SPINE_LONGERON,1,1.0,0.0012025109513160714,8.263836311073192e-05,-0.00015875018061706214,6.367448190758296e-05,2.1092867503253177e-06,238469236.068743,5071797465.886647
396,SPINE_DIAGONAL,3,1.7023360590409793,0.0007874497350712772,9.288528937911877e-05,0.0001961180290876996,-3.490712452958178e-05,8.324560255469257e-06,60423612.12648172,431710258.51075745
397,SPINE_LONGERON,1,1.0,0.001433955441825674,0.00027481786224825555,2.7190411348745717e-05,-6.044093424861785e-05,2.4720038259907702e-06,203478649.47110242,4253194916.4479237
398,SPINE_DIAGONAL,3,1.7023360590409793,-0.0036130530897935387,-3.0405829329893663e-06,0.00017738204664397017,5.142007205449772e-05,9.628498825380324e-06,52240749.99875503,94089436.3418486
399,SPINE_LONGERON,1,1.0,0.0010951993492653855,8.566281215394156e-05,-0.00014001595809531864,-0.00010639308470672404,2.124316697608305e-06,236782020.57457367,5568750565.526429
400,SPINE_DIAGONAL,3,1.7023360590409793,-0.0007836201966711087,-9.279888736024589e-05,-0.00010750645332535669,-0.00017162790399183336,8.432526905774715e-06,59649972.733029574,433820019.10617954
401,SPINE_LONGERON,1,1.0,0.0013246819080450223,0.00027907744136257406,1.501352039667836e-05,-7.528580389554174e-05,2.5297026212341608e-06,198837600.82226676,4604042644.9143505
402,SPINE_DIAGONAL,3,1.7023360590409793,0.0036215191594237695,1.5029018580747788e-06,0.00011146730135891403,-0.00014570093754784352,9.590805802646969e-06,52446062.442550644,93869482.31579672
403,SPINE_LONGERON,1,1.0,0.0012025110384001891,8.263836311073192e-05,0.00015875017970756744,-6.367448349919869e-05,2.1092867765816293e-06,238469233.10028818,5071797098.594378
404,SPINE_DIAGONAL,3,1.7023360590409793,0.0007874496968724998,9.288528937201335e-05,-0.00019611802896690733,3.4907124536687206e-05,8.324560221732696e-06,60423612.37135771,431710279.4527987
405,SPINE_LONGERON,1,1.0,0.0014339553838453867,0.00027481786234773153,-2.7190409787663725e-05,6.0440931065386394e-05,2.4720038029850055e-06,203478651.36478153,4253195088.4208217
406,SPINE_DIAGONAL,3,1.7023360590409793,-0.003613053051594761,-3.040582915225798e-06,-0.00017738204648765077,-5.142007205449772e-05,9.628498788320187e-06,52240750.19982993,94089437.33660328
407,SPINE_LONGERON,1,1.0,0.0010951993274375127,8.566281204025472e-05,0.0001400159583226923,0.00010639308334248199,2.1243166845404855e-06,236782022.03114775,5568750676.514425
408,SPINE_DIAGONAL,3,1.7023360590409793,-0.0007836201893951511,-9.279888733004782e-05,0.00010750645314061558,0.00017162790373248527,8.4325268890598e-06,59649972.851267464,433820023.13422287
409,SPINE_FRAME,2,1.3776603565143233,-0.0005600703225354664,9.356882511766104e-05,-0.0006498148009228544,-4.96146308988088e-05,1.1396400065802046e-05,44136744.68215506,2557091465.626253
410,SPINE_FRAME,2,1.3776603565143233,-0.0017506122385384515,-2.10300223662014e-06,0.0007395548537800778,-8.542829914581773e-06,1.3407410923372456e-05,37516564.74727315,818085816.1380479
411,SPINE_FRAME,2,1.3776603565143233,0.000624523738224525,-9.410757115474452e-05,0.0006499210086303719,4.8905610516847275e-05,1.1430816898801815e-05,44003854.18234848,2293189120.3647184
412,SPINE_FRAME,2,1.3776603565143233,0.0017024693806888536,1.6117921325252996e-06,0.0007413965929998767,-8.872043826713139e-06,1.3414107136719334e-05,37497836.782822795,841219852.8507495
413,SPINE_FRAME,2,1.3776603565143233,-0.0005600703152595088,9.35688251918143e-05,0.000649814800667059,4.961463153918544e-05,1.1396400058788396e-05,44136744.70931799,2557091498.8458123
414,SPINE_FRAME,2,1.3776603565143233,-0.001750612245814409,-2.1030022216751585e-06,-0.0007395548532898033,8.542830523872169e-06,1.3407410918900661e-05,37516564.75978611,818085812.7378901
415,SPINE_FRAME,2,1.3776603565143233,0.000624523738224525,-9.410757107620272e-05,-0.0006499210084101037,-4.890561007009353e-05,1.1430816894410022e-05,44003854.19925505,2293189120.3647184
416,SPINE_FRAME,2,1.3776603565143233,0.0017024693952407688,1.6117921555134756e-06,-0.0007413965921543308,8.872044255703315e-06,1.3414107129910487e-05,37497836.801856264,841219845.6603941
417,SPINE_LONGERON,1,1.5,-0.0008882484497689802,-0.00012840643030642696,-2.4398463096986234e-05,0.00013596877176574656,1.8942200723095145e-06,265544646.7667935,3051644689.512025
418,SPINE_DIAGONAL,3,2.036651187098854,8.002300819498487e-05,6.99028104556021e-05,5.65082061996236e-05,0.00010373687635478746,4.826484873752595e-06,104216632.42651318,2967957135.5349345
419,SPINE_LONGERON,1,1.5,0.001963661892773416,-0.00017201549340484235,4.8087123616369354e-05,-1.2734591336993617e-05,1.7909872325351056e-06,280850689.97840583,1380389706.9451206
420,SPINE_DIAGONAL,3,2.036651187098854,-0.0012938769868924282,4.769115469649421e-06,5.1682227891092225e-05,-8.330953034629829e-05,4.596038685710747e-06,109442072.70575103,183560617.11067578
421,SPINE_LONGERON,1,1.5,0.00096683126582775,0.0001275074422153466,0.00013689444580882457,2.4513337848475203e-05,1.920399379711095e-06,261924683.64349884,2803610889.0046163
422,SPINE_DIAGONAL,3,2.036651187098854,-0.0001125701473938534,-6.972628640422585e-05,0.00011315677657641743,-3.2539526891639525e-05,4.835706940191874e-06,104017883.26321563,2109838742.1339045
423,SPINE_LONGERON,1,1.5,-0.0020407206486652285,0.00017275458272081323,-1.2515613093455613e-05,-4.7642153560900624e-05,1.8096258814518645e-06,277958005.10790807,1328265417.649264
424,SPINE_DIAGONAL,3,2.036651187098854,0.0012619405097211711,-4.803170067013696e-06,-9.225044375238411e-05,-3.2507329756015224e-05,4.561428400703533e-06,110272475.1576545,188206065.46005338
425,SPINE_LONGERON,1,1.5,-0.0008882484820560421,-0.00012840643059064405,2.4398462642238883e-05,-0.0001359687716731609,1.8942200815462328e-06,265544645.4719275,3051644578.587387
426,SPINE_DIAGONAL,3,2.036651187098854,8.002303911780473e-05,6.990281047247748e-05,-5.650820617120189e-05,-0.00010373687633702389,4.826484895937603e-06,104216631.9474799,2967955988.645178
427,SPINE_LONGERON,1,1.5,0.0019636618485492363,-0.0001720154932911555,-4.80871243553338e-05,1.2734591621210711e-05,1.7909872267906256e-06,280850690.87921697,1380389738.0332649
428,SPINE_DIAGONAL,3,2.036651187098854,-0.0012938770250912057,4.769115438563176e-06,-5.1682227841354234e-05,8.330953040669442e-05,4.596038718228332e-06,109442071.93143381,183560611.69146588
429,SPINE_LONGERON,1,1.5,0.0009668312327448803,0.0001275074420874489,-0.00013689444457394302,-2.4513337848475203e-05,1.920399359983164e-06,261924686.3342059,2803610984.938106
430,SPINE_DIAGONAL,3,2.036651187098854,-0.00011257013829890639,-6.972628636248146e-05,-0.00011315677673984226,3.2539527076380637e-05,4.835706939551902e-06,104017883.27698167,2109838912.5953772
431,SPINE_LONGERON,1,1.5,-0.0020407206591244176,0.00017275458257870469,1.2515612866081938e-05,4.764215293562302e-05,1.809625878942349e-06,277958005.4933689,1328265410.841581
432,SPINE_DIAGONAL,3,2.036651187098854,0.0012619405169971287,-4.803170083000907e-06,9.225044379057579e-05,3.250732971338266e-05,4.5614284075322555e-06,110272474.99257022,188206064.3749156
433,SPINE_FRAME,2,1.3776603565143233,0.0005735561790061183,7.227023389207564e-05,-0.00048277047600464584,-1.4696474281983285e-05,8.531473395236111e-06,58958163.10941908,2496967331.7575865
434,SPINE_FRAME,2,1.3776603565143233,-0.0008062686029006727,1.2644852389882008e-05,0.0004287348471905261,1.3172508701586594e-06,7.668078041399294e-06,65596619.81585819,1776270385.270622
435,SPINE_FRAME,2,1.3776603565143233,-0.0005723822105210274,-7.241509313489432e-05,0.0004809466639201787,1.3791827430331693e-05,8.500086053530455e-06,59175871.49498119,2502088666.5962715
436,SPINE_FRAME,2,1.3776603565143233,0.0008169484572135843,-1.2771004744888737e-05,0.00042750845516792424,6.130599823350735e-07,7.652786562335291e-06,65727692.246849574,1753049447.9305444
437,SPINE_FRAME,2,1.3776603565143233,0.0005735562444897369,7.227023398890182e-05,0.00048277047491751546,1.4696475222564231e-05,8.53147341073941e-06,58958163.002280965,2496967046.67577
438,SPINE_FRAME,2,1.3776603565143233,-0.0008062686101766303,1.2644852458723364e-05,-0.000428734845343115,-1.3172509589765014e-06,7.668078013879679e-06,65596620.05127491,1776270369.2411401
439,SPINE_FRAME,2,1.3776603565143233,-0.0005723821450374089,-7.241509312908598e-05,-0.00048094666423992294,-1.3791828012976737e-05,8.500086026076923e-06,59175871.6861071,2502088952.8487716
440,SPINE_FRAME,2,1.3776603565143233,0.0008169484935933724,-1.2771004669721563e-05,-0.0004275084552105568,-6.130589271791109e-07,7.65278658152651e-06,65727692.082021445,1753049369.864953
441,SPINE_LONGERON,1,2.5,0.0013603167993778698,0.00013520954204437885,-2.0765727924754174e-05,-1.2083417529269594e-05,1.2883083701927175e-06,390434473.3278078,717349605.4301555
442,SPINE_DIAGONAL,3,2.854461080118482,-0.0005490645744430367,-1.2548046125715473e-05,-1.2929335440503564e-05,3.3234028656181636e-05,1.7792387056042195e-06,282705180.825742,220208526.63772282
443,SPINE_LONGERON,1,2.5,0.0020431216767633487,-9.14003239032013e-05,2.5373078443635677e-05,-6.754956046961524e-05,1.5577903057013727e-06,322893266.2881937,477613609.7971392
444,SPINE_DIAGONAL,3,2.854461080118482,-3.60584881491377e-05,3.3410196497385414e-05,4.396168915832277e-05,-1.9332015423145776e-05,2.0393499388300065e-06,246647223.42285973,3353127298.820508
445,SPINE_LONGERON,1,2.5,-0.0013952106520491725,-0.00013503110037049737,-1.3206796391377522e-05,2.0742390631767194e-05,1.2964549884525635e-06,387981074.91597223,699408879.8422786
446,SPINE_DIAGONAL,3,2.854461080118482,0.0005698145332644344,1.251089165954511e-05,3.4176185703671536e-05,9.728592726077068e-06,1.7913356549984071e-06,280796063.315363,212189570.30525434
447,SPINE_LONGERON,1,2.5,-0.0020759819281011005,9.155755234502294e-05,-6.733613784604131e-05,-2.526009467374024e-05,1.5664110567164622e-06,321116221.5966461,470053571.31712186
448,SPINE_DIAGONAL,3,2.854461080118482,5.6566364037280437e-05,-3.342680332973913e-05,-2.3351758471790163e-05,-4.191258167995926e-05,2.052841026925841e-06,245026279.8738243,2137466372.9028742
449,SPINE_LONGERON,1,2.5,0.0013603168712279512,0.00013520954211543312,2.0765726816307506e-05,1.2083418158852623e-05,1.2883083807663132e-06,390434470.123376,717349567.5407279
450,SPINE_DIAGONAL,3,2.854461080118482,-0.000549064555343648,-1.2548046091076515e-05,1.2929335220235316e-05,-3.323402855137658e-05,1.7792386837003775e-06,282705184.3060674,220208534.29774788
451,SPINE_LONGERON,1,2.5,0.0020431216444762867,-9.140032380372531e-05,-2.5373079182600122e-05,6.75495603559284e-05,1.5577902967722227e-06,322893268.13899636,477613617.3447761
452,SPINE_DIAGONAL,3,2.854461080118482,-3.6058473597222473e-05,3.341019649294452e-05,-4.3961689049965e-05,1.933201538761864e-05,2.0393499248733964e-06,246647225.11082864,3353128652.023218
453,SPINE_LONGERON,1,2.5,-0.001395210657960888,-0.00013503110052681677,1.3206796091462156e-05,-2.074238986438104e-05,1.2964549865152412e-06,387981075.49574125,699408876.8787789
454,SPINE_DIAGONAL,3,2.854461080118482,0.0005698144996131305,1.2510891621353437e-05,-3.417618580137116e-05,-9.728592772262346e-06,1.7913356312494161e-06,280796067.03807306,212189582.8364478
455,SPINE_LONGERON,1,2.5,-0.00207598187472513,9.155755210343841e-05,6.733613633969071e-05,2.5260095014800754e-05,1.5664110289977169e-06,321116227.2790235,470053583.4027599
456,SPINE_DIAGONAL,3,2.854461080118482,5.656641224049963e-05,-3.342680332796277e-05,2.335175837231418e-05,4.191258180785695e-05,2.052841063311905e-06,245026275.5307984,2137464551.4551985
457,SPINE_FRAME,2,1.3776603565143233,-0.00020862377277808264,5.453370553222123e-05,-0.00017895399122380695,2.8901732253672208e-05,3.2728796533362516e-06,153687288.65030542,6864754782.425454
458,SPINE_FRAME,2,1.3776603565143233,-0.00035908367863157764,-9.169403119077066e-07,0.00020006756405877013,-1.0015829695397827e-05,3.5727461457498127e-06,140788060.35474297,3988349031.523042
459,SPINE_FRAME,2,1.3776603565143233,0.00020637975831050426,-5.4483228240240455e-05,0.0001781474662791993,-2.9191475716672244e-05,3.2592919376839598e-06,154327998.11035946,6939396836.347059
460,SPINE_FRAME,2,1.3776603565143233,0.0003563368081813678,9.67362440536716e-07,0.00019928497734866824,-1.0308887608445616e-05,3.558376178118918e-06,141356611.78630736,4019093759.1186194
461,SPINE_FRAME,2,1.3776603565143233,-0.00020862376550212502,5.4533705450165245e-05,0.00017895399046352622,-2.8901732294528415e-05,3.27287963723944e-06,153687289.40617657,6864755021.840483
462,SPINE_FRAME,2,1.3776603565143233,-0.0003590837150113657,-9.169403168469319e-07,-0.00020006756288637462,1.0015828946663419e-05,3.572746143829861e-06,140788060.43040082,3988348627.452107
463,SPINE_FRAME,2,1.3776603565143233,0.00020637975831050426,-5.448322827737007e-05,-0.00017814746699684747,2.919147467839167e-05,3.2592919466819086e-06,154327997.68430516,6939396836.347059
464,SPINE_FRAME,2,1.3776603565143233,0.00035633682273328304,9.67362514644252e-07,-0.00019928497890475683,1.0308888585441878e-05,3.558376212685719e-06,141356610.41314006,4019093594.988763
465,SPINE_LONGERON,1,2.0,0.001414702431020487,9.158367446815419e-05,-4.221467139586821e-05,-3.476454089158045e-06,1.147759240314442e-06,438245219.32160383,1077769406.1051402
466,SPINE_DIAGONAL,3,2.4285691379722283,-4.7100919800868724e-05,1.2866810727096833e-05,1.2148400195144404e-05,3.204981955917674e-05,1.331612801130639e-06,377737432.06201935,3546300025.764969
467,SPINE_LONGERON,1,2.0,-0.0004395013008888782,8.917381477857589e-05,-1.8760315640520275e-05,-1.5457075903668738e-05,8.09954367369192e-07,621022640.6134351,3469211571.871896
468,SPINE_DIAGONAL,3,2.4285691379722283,0.0013155648412066512,-3.4835763944585096e-06,1.4350420155295751e-05,-2.4809378327717013e-05,2.1226498002325402e-06,236967963.31872332,126967510.73870976
469,SPINE_LONGERON,1,2.0,-0.0014235147540375692,-9.1570557316345e-05,-3.4717283169838787e-06,4.218940688360817e-05,1.149840026732192e-06,437452157.0878948,1071097433.0064498
470,SPINE_DIAGONAL,3,2.4285691379722283,3.8372305425582454e-05,-1.2854736830547608e-05,3.3383718801793805e-05,-7.607599627590389e-06,1.3233877601496944e-06,380085123.30739963,4352982997.785026
471,SPINE_LONGERON,1,2.0,0.0004460862697897028,-8.918353929487921e-05,-1.5391758040550485e-05,1.8876293609082495e-05,8.112916573850384e-07,619998979.9245237,3418000288.6330576
472,SPINE_DIAGONAL,3,2.4285691379722283,-0.0013243057092040544,3.485311804496405e-06,-2.6494469765658835e-05,-1.080180415868881e-05,2.1281326688429764e-06,236357444.8925081,126129481.99382655
473,SPINE_LONGERON,1,2.0,0.0014147024431849786,9.158367421946423e-05,4.221467190745898e-05,3.4764542306656458e-06,1.1477592459605312e-06,438245217.1657757,1077769396.8378084
474,SPINE_DIAGONAL,3,2.4285691379722283,-4.7100900701479986e-05,1.2866810694234232e-05,-1.214840011343199e-05,-3.20498195236496e-05,1.3316127835932087e-06,377737437.0368468,3546301463.7876344
475,SPINE_LONGERON,1,2.0,-0.0004395012756504002,8.917381497042243e-05,1.8760316663701815e-05,1.5457076017355575e-05,8.09954368411341e-07,621022639.8143802,3469211771.0922956
476,SPINE_DIAGONAL,3,2.4285691379722283,0.00131556486030604,-3.4835764157747917e-06,-1.4350420126874042e-05,2.4809378249557312e-05,2.1226498131406362e-06,236967961.87769186,126967508.8953937
477,SPINE_LONGERON,1,2.0,-0.001423514721977881,-9.157055780661949e-05,3.471728813083893e-06,-4.2189406258330564e-05,1.149840016617239e-06,437452160.93608934,1071097457.1291717
478,SPINE_DIAGONAL,3,2.4285691379722283,3.837227177427849e-05,-1.2854736819001289e-05,-3.3383718817781016e-05,7.607599780357077e-06,1.323387735145912e-06,380085130.4886402,4352986815.217438
479,SPINE_LONGERON,1,2.0,0.0004460862803625787,-8.918353967857229e-05,1.539175826792416e-05,-1.8876292472214118e-05,8.112916586116173e-07,619998978.9871572,3418000207.6216154
480,SPINE_DIAGONAL,3,2.4285691379722283,-0.0013243056700957823,3.4853119093014584e-06,2.6494470192872654e-05,1.0801804155136097e-05,2.1281326507746384e-06,236357446.89923742,126129485.71857548
481,SPINE_FRAME,2,1.3776603565143233,0.00041626665188232437,-5.309766776578924e-05,7.805083725997974e-06,3.2551897172439226e-05,1.1006981259855e-06,456982698.63923275,3440465469.5011287
482,SPINE_FRAME,2,1.3776603565143233,0.0004841205009142868,6.709588590015065e-06,2.4438635854551194e-05,-7.4321252228060075e-06,6.859041346871319e-07,733338632.2702929,2958253243.1518435
483,SPINE_FRAME,2,1.3776603565143233,-0.00041694558603921905,5.30591885314083e-05,-7.952286651402574e-06,-3.2702557361652396e-05,1.1027138869983798e-06,456147334.2547459,3434863180.8546643
484,SPINE_FRAME,2,1.3776603565143233,-0.00047995323257055134,-6.66977657731153e-06,2.4299252402215643e-05,-7.617371433177311e-06,6.824049788808343e-07,737098959.6601945,2983938735.52141
485,SPINE_FRAME,2,1.3776603565143233,0.00041626665188232437,-5.3097667546551493e-05,-7.805082674394725e-06,-3.255189779238776e-05,1.1006981279946864e-06,456982697.8050682,3440465469.5011287
486,SPINE_FRAME,2,1.3776603565143233,0.0004841204936383292,6.709588420283716e-06,-2.4438636330614827e-05,7.432124576212118e-06,6.859041351404169e-07,733338631.7856603,2958253287.612108
487,SPINE_FRAME,2,1.3776603565143233,-0.0004169455642113462,5.305918857876574e-05,7.95228329764086e-06,3.270255615017703e-05,1.102713855972558e-06,456147347.08885133,3434863360.676116
488,SPINE_FRAME,2,1.3776603565143233,-0.0004799532252945937,-6.669776388280807e-06,-2.429925343250261e-05,7.6173714251837055e-06,6.824049912415491e-07,737098946.3087827,2983938780.7570925
489,RING1_SPOKE,5,10.2,11.466087506805795,-0.0655563910306664,4.4440983341930576,0.01094602062708365,0.0954777914333316,5268.240838511909,1774.7897601664374
490,RING1_HUB_LINK,6,0.7121802136903782,-2.72486835665768,-0.16088749042227302,24.79203199324843,0.005329511391696684,0.36003378602587605,1397.0911051215865,2476966.2869414375
491,RING1_SPOKE,5,10.800000553501143,-27.186735783150567,-0.05546864625190194,7.552747424543966,-0.06610166686208799,0.16652379374331402,3020.589362594891,667.6638889920387
492,RING1_HUB_LINK,6,0.7121802136903782,6.50030691189022,-0.16080317740807648,-23.514946134150478,0.018553550180335776,0.34333497712613004,1465.0415294425836,1038321.2896376819
493,RING1_SPOKE,5,10.800000553501143,32.86747478665282,-0.05197688328103068,7.469560783044793,0.0765080118651199,0.16800199554083695,2994.012055515934,552.2663928336997
494,RING1_SPOKE,5,10.2,11.502141078049117,-0.0655490791053256,-4.441458330147984,-0.00845991781739773,0.09544469868476249,5270.067451952706,1769.2266646848323
495,RING1_HUB_LINK,6,0.7121802136903782,-2.736714619837585,-0.15936858183719593,24.75876905566429,0.003825872914649864,0.35955795159016957,1398.9399977818546,2466244.381811044
496,RING1_SPOKE,5,10.800000553501143,-27.18041314868202,-0.055581873246295536,-7.547172008101757,0.06421881304266522,0.16640817416154258,3022.688053242548,667.819199166864
497,RING1_HUB_LINK,6,0.7121802136903782,6.473903548932867,-0.16278656994576202,23.55132846613901,-0.019998580484806183,0.34384913671307665,1462.8508444379956,1042556.0104161788
498,RING1_SPOKE,5,10.800000553501143,32.846399944377794,-0.05199164238955724,-7.4688398588117835,-0.07852676910373864,0.16797629391185145,2994.470161747694,552.6207369061849
499,RING1_SPOKE,5,10.2,11.466087506772558,-0.06555639103310199,-4.444098334192891,-0.010946020672419565,0.09547779143331261,5268.2408385129565,1774.789760171582
500,RING1_HUB_LINK,6,0.7121802136903782,-2.7248683566285763,-0.16088749039085593,-24.792031993251612,-0.005329511372110574,0.360033786025906,1397.0911051214703,2476966.2869678936
501,RING1_SPOKE,5,10.800000553501143,-27.186735783134623,-0.05546864624775962,-7.552747424541533,0.06610166683349722,0.166523793743251,3020.5893625960343,667.6638889924303
502,RING1_HUB_LINK,6,0.7121802136903782,6.50030691189022,-0.16080317740988193,23.514946134153888,-0.018553550197065505,0.34333497712617966,1465.0415294423717,1038321.2896376819
503,RING1_SPOKE,5,10.800000553501143,32.86747478660894,-0.051976883272524456,-7.469560783042697,-0.07650801187996184,0.16800199554077286,2994.012055517076,552.266392834437
504,RING1_SPOKE,5,10.2,11.502141078068039,-0.06554907909920082,4.4414583301479595,0.008459917814151008,0.09544469868477108,5270.067451952231,1769.2266646819219
505,RING1_HUB_LINK,6,0.7121802136903782,-2.736714619859413,-0.15936858184348623,-24.75876905566429,-0.0038258729281785975,0.3595579515901803,1398.939997781813,2466244.3817913732
506,RING1_SPOKE,5,10.800000553501143,-27.18041314868563,-0.055581873242594344,7.547172008104107,-0.06421881305665911,0.16640817416159376,3022.6880532416185,667.8191991667753
507,RING1_HUB_LINK,6,0.7121802136903782,6.473903548954695,-0.16278656991685536,-23.55132846613151,0.01999858047059533,0.343849136712976,1462.8508444384238,1042556.0104126637
508,RING1_SPOKE,5,10.800000553501143,32.84639994440121,-0.051991642385008585,7.468839858812622,0.07852676908018541,0.16797629391187588,2994.4701617472588,552.6207369057909
509,RING1_CIRCUMFERENCE,4,6.211657042450509,-7.475621391116874,-0.0024598803546241783,2.39310868582961,-0.027798608571834693,0.01594255573018637,31550.775704525004,42246.25415811821
510,RING1_CIRCUMFERENCE,4,6.211657301079158,18.377532216487452,-0.014371260199085342,5.874315527050925,-0.051595286583660416,0.03914039746700837,12851.1725110605,17184.950147818603
511,RING1_CIRCUMFERENCE,4,6.211657042450509,29.60255778330611,0.0029652390235922997,2.3502205969461585,-0.06612658441430286,0.021748837343988744,23127.673081753328,10668.571398147515
512,RING1_CIRCUMFERENCE,4,6.211657042450509,-7.492222345405025,-0.002423376468489568,2.3902525877370664,-0.025456901679442367,0.015930358964201273,31574.931935328157,42152.646667337496
513,RING1_CIRCUMFERENCE,4,6.211657301079158,18.3625395509589,-0.014292582554219242,5.8716481317647435,-0.04794005135372914,0.03912062737612952,12857.66700937211,17198.981333917676
514,RING1_CIRCUMFERENCE,4,6.211657042450509,29.579872354021063,0.0028960529499338084,-2.3496151747119427,0.06364034668225393,0.021738720525182966,23138.436294689265,10676.753351035228
515,RING1_CIRCUMFERENCE,4,6.211657042450509,-7.475621391029563,-0.0024598803522720737,-2.39310868583253,0.027798608575982486,0.015942555730179726,31550.775704538155,42246.25415861162
516,RING1_CIRCUMFERENCE,4,6.211657301079158,18.37753221645835,-0.014371260171590683,-5.87431552705003,0.05159528655452128,0.03914039746699348,12851.17251106539,17184.95014784582
517,RING1_CIRCUMFERENCE,4,6.211657042450509,29.6025577832188,0.0029652390462898415,-2.3502205969464924,0.06612658434551366,0.021748837343955652,23127.673081788518,10668.571398178981
518,RING1_CIRCUMFERENCE,4,6.211657042450509,-7.492222345434129,-0.002423376460275687,-2.3902525877372938,0.02545690174222237,0.015930358964214405,31574.931935302135,42152.64666717375
519,RING1_CIRCUMFERENCE,4,6.211657301079158,18.362539551017107,-0.014292582543792575,-5.871648131766321,0.047940051401612394,0.03912062737615678,12857.667009363153,17198.981333863157
520,RING1_CIRCUMFERENCE,4,6.211657042450509,29.579872354021063,0.0028960529686146846,2.349615174708731,-0.06364034668797935,0.021738720525165293,23138.436294708077,10676.753351035228
521,RING2_SPOKE,5,10.2,0.053870197085958124,0.00010796656156940091,-0.007989319825378871,-0.0016050258425659991,0.0001932521679567882,2602816.85487985,377757.94032793085
522,RING2_HUB_LINK,6,0.7121802136903782,-0.051340052668820135,0.0005943341283313741,-0.07074700192674754,0.00013826626496182826,0.0010479550070932031,479982.4387453536,131464747.40361232
523,RING2_SPOKE,5,10.800000553501143,0.03985533065956166,-0.00019801452566917298,-0.00024559757347475397,0.0006134435529460275,3.548176103029174e-05,14176297.49466424,455437.2386726791
524,RING2_HUB_LINK,6,0.7121802136903782,0.05376775047625415,7.234996126040654e-05,0.05936744844257191,-0.00018070487626786758,0.0008844125902451238,568739.0767024116,125528908.9837482
525,RING2_SPOKE,5,10.800000553501143,-0.052720455620958805,-2.3330457220717005e-05,0.00016688432445732815,0.0004513583804281046,3.883780353591932e-05,12951298.843015108,344299.03019960306
526,RING2_SPOKE,5,10.2,0.04921449030406885,9.910905195915637e-05,0.007509443436122254,0.0018880148368288358,0.00018253584933679306,2755623.0835068747,413493.9642881722
527,RING2_HUB_LINK,6,0.7121802136903782,-0.04709259280207334,0.0007778392995664179,-0.062558533081301,-4.62797194131781e-05,0.0009274871221013978,542325.5892333665,143322052.45444536
528,RING2_SPOKE,5,10.800000553501143,0.03882790861682729,-0.00018094457976272494,-0.00025297410278568577,-0.0007287945658955436,3.709870906254973e-05,13558423.263513679,467488.52535700984
529,RING2_HUB_LINK,6,0.7121802136903782,0.05875405134429457,-0.00019438775370772196,-0.06736890942079299,1.9179750871956003e-06,0.0010025444319974968,501723.39892987,114875602.64131482
530,RING2_SPOKE,5,10.800000553501143,-0.05572398553547539,-1.5422529030578512e-05,-0.00012613308614817242,-0.0005816278655306553,4.278392278513132e-05,11756752.706528522,325741.26863954356
531,RING2_SPOKE,5,10.2,0.05387019714105695,0.00010796657004094263,0.0079893198253842,0.00160502577459605,0.00019325216772035763,2602816.858064215,377757.93994155724
532,RING2_HUB_LINK,6,0.7121802136903782,-0.051340052697923966,0.0005943341688638424,0.07074700191537886,-0.00013826624821433597,0.001047955006945562,479982.43881297595,131464747.32908711
533,RING2_SPOKE,5,10.800000553501143,0.039855330663787436,-0.0001980145321278889,0.00024559757325803844,-0.0006134435640374816,3.548176124740902e-05,14176297.407917721,455437.23862439004
534,RING2_HUB_LINK,6,0.7121802136903782,0.05376775049808202,7.234996448584122e-05,-0.05936744845098474,0.0001807048592610272,0.0008844125903764436,568739.0766179638,125528908.93278775
535,RING2_SPOKE,5,10.800000553501143,-0.05272045557707571,-2.333046551357145e-05,-0.00016688432270939302,-0.0004513583821482356,3.883780353332819e-05,12951298.843879178,344299.0304861883
536,RING2_SPOKE,5,10.2,0.04921449036127257,9.910906525005471e-05,-0.0075094434364437745,-0.001888014854673617,0.00018253584946414272,2755623.081584361,413493.96380755375
537,RING2_HUB_LINK,6,0.7121802136903782,-0.047092592853005044,0.0007778392798644125,0.06255853308243786,4.627968036174934e-05,0.0009274871221388513,542325.5892114666,143322052.2994393
538,RING2_SPOKE,5,10.800000553501143,0.03882790866591134,-0.00018094459160166592,0.000252974104085979,0.0007287945553357544,3.709870891622096e-05,13558423.316992288,467488.52476603724
539,RING2_HUB_LINK,6,0.7121802136903782,0.05875405141705414,-0.00019438770344505033,0.06736890941510865,-1.9180170163224375e-06,0.0010025444319480422,501723.3989546196,114875602.49905568
540,RING2_SPOKE,5,10.800000553501143,-0.055723985601137505,-1.5422529894643442e-05,0.00012613308966180625,0.0005816278579883483,4.2783922688690555e-05,11756752.733029839,325741.26825570775
541,RING2_CIRCUMFERENCE,4,6.211657042450509,-0.0667754878377309,0.00010378698952973899,-0.00219794493575165,-0.0010742900629550078,3.2471771994761873e-05,15490377.30620739,4729534.916262177
542,RING2_CIRCUMFERENCE,4,6.211657301079158,-0.06555649449001066,-2.96839243630752e-05,0.001232859365110528,-0.0011627142296279924,2.776884035114418e-05,18113828.07634149,4817478.076537338
543,RING2_CIRCUMFERENCE,4,6.211657042450509,0.07197175931651145,9.75863582374282e-05,-0.0016704184536990851,0.0009301541089734577,3.07884746737833e-05,16337282.22425743,4388068.379572531
544,RING2_CIRCUMFERENCE,4,6.211657042450509,0.06469307492079679,-0.0001228200980446523,-0.0013996183127957806,0.0015396491522998712,2.9780790729615672e-05,16890082.085691195,4881774.466055924
545,RING2_CIRCUMFERENCE,4,6.211657301079158,0.06907152177882381,3.304833370072779e-05,0.0014872629185589403,0.0016119210662566275,3.1625430865929384e-05,15904921.647783477,4572318.183339801
546,RING2_CIRCUMFERENCE,4,6.211657042450509,-0.07543009877554141,-9.874744734801209e-05,0.0015769778389298494,0.0014622189575992373,3.311982351682168e-05,15187278.994543085,4186883.040134556
547,RING2_CIRCUMFERENCE,4,6.211657042450509,-0.06677548791049048,0.00010378696951710096,0.0021979449348918934,0.0010742901587765807,3.2471772252875554e-05,15490377.183076497,4729534.911108805
548,RING2_CIRCUMFERENCE,4,6.211657301079158,-0.0655564945191145,-2.9683923651699362e-05,-0.0012328593641512953,0.0011627143107051374,2.7768840678068706e-05,18113827.86308611,4817478.074398617
549,RING2_CIRCUMFERENCE,4,6.211657042450509,0.0719717593601672,9.758637772474404e-05,0.0016704184551059598,-0.0009301540603228187,3.078847455698847e-05,16337282.28623225,4388068.376910871
550,RING2_CIRCUMFERENCE,4,6.211657042450509,0.06469307490624487,-0.000122820064288985,0.0013996183128455186,-0.001539649105773755,2.9780790522426676e-05,16890082.20319778,4881774.4671540195
551,RING2_CIRCUMFERENCE,4,6.211657301079158,0.06907152170606423,3.30483697762304e-05,-0.0014872629204774057,-0.0016119211601033356,3.162543125507725e-05,15904921.452074958,4572318.188156256
552,RING2_CIRCUMFERENCE,4,6.211657042450509,-0.0754300987609895,-9.874741233235418e-05,-0.0015769778374377097,-0.0014622190493005505,3.3119823865887024e-05,15187278.834477236,4186883.040942286
553,PROP_BOOM,6,1.4000000000000001,0.05620684134919962,1.671683741785825,-0.006458664495710309,-2.1723475869018687,0.03779714148841613,13307.884675727575,31074215.774394404
554,PROP_BOOM,6,2.309573527890154,0.19392930862613866,1.901070806173199,-0.0037488879743285963,-10.680311936258883,0.15646096890221853,3214.859293849533,3309317.174017938
555,PROP_BOOM,6,1.533797120124469,0.09740834556760092,0.4074937269643095,-0.07573365278638278,4.473611631465033,0.06498974419935935,7739.682717584207,14938721.30806874
556,PROP_BOOM,6,1.8717336298098084,0.017752530649886467,2.2208543383749255,-0.03921664522681567,-17.398038799969854,0.2532939406372779,1985.835108153283,55042363.02391292
557,PROP_BOOM,6,1.533797120124469,0.2586208036682365,-1.8231011220604612,-0.03594522310365278,-0.9627996057191797,0.026827736755475336,18749.25211115103,5626601.212565807
558,PROP_BOOM,6,2.7784885065375025,-0.2481437650603766,-1.8419061352711472,-0.04727922345136193,6.36198571193866,0.09502408139009715,5293.395028309316,1787001.2311302968
559,PROP_BOOM,6,1.4000000000000001,0.05620684162264844,1.671683741785968,0.00645866450187782,2.1723475869021676,0.03779714148852828,13307.88467568809,31074215.623216942
560,PROP_BOOM,6,2.309573527890154,0.1939293086361431,1.9010708061731558,0.003748887975536519,10.680311936260328,0.1564609689022438,3214.8592938490133,3309317.1738472166
561,PROP_BOOM,6,1.533797120124469,0.0974083457595043,0.4074937269643435,0.07573365278618382,-4.473611631465873,0.06498974419946167,7739.682717572022,14938721.278638087
562,PROP_BOOM,6,1.8717336298098084,0.017752530653524445,2.2208543383749992,0.039216645228115965,17.39803879997187,0.25329394063730876,1985.835108153041,55042363.012633234
563,PROP_BOOM,6,1.533797120124469,0.2586208038537734,-1.8231011220604207,0.03594522310666548,0.9627996057190487,0.02682773675552063,18749.252111119375,5626601.208529232
564,PROP_BOOM,6,2.7784885065375025,-0.2481437650449152,-1.8419061352711972,0.047279223448686736,-6.36198571193793,0.09502408139007969,5293.395028310288,1787001.2312416418
565,DOCK_LINK,7,1.0770329614269003,-0.0003860658713392695,-5.87243237610835e-05,4.725009654293899e-05,0.00014056630101855205,2.441451296016932e-06,206024998.66395515,7644094158.759567
566,DOCK_LINK,7,1.0770335194126097,0.0004492035325256438,-4.714338368927429e-05,9.07819905364704e-05,-0.00016438690443010273,2.9881281634705285e-06,168332806.52051958,6569674102.056745
567,DOCK_LINK,7,1.0770329614269003,0.00038918218564276685,5.873188837668408e-05,4.719077139725414e-05,0.0001405449788371982,2.442341554330352e-06,205949900.4585024,7582885293.4953985
568,DOCK_LINK,7,1.0770335194126097,-0.00044894525996141965,4.713407927070534e-05,-3.820869341097932e-05,-0.00018301740314541348,2.976285151826909e-06,169002623.8551933,6573453552.978225
569,DOCK_LINK,7,1.0770329614269003,-0.00038606588145739806,-5.8724323913850185e-05,-4.72500959745048e-05,-0.00014056629650305297,2.441451239590731e-06,206025003.4255526,7644093958.420892
570,DOCK_LINK,7,1.0770335194126097,0.00044920355162503256,-4.714338271583074e-05,-9.078199320811109e-05,0.00016438690369113829,2.9881281790319294e-06,168332805.64388573,6569673822.725117
571,DOCK_LINK,7,1.0770329614269003,0.0003891821760930725,5.873188617044889e-05,-4.719078316384184e-05,-0.00014054497992788129,2.4423416076473404e-06,205949895.9625595,7582885479.56311
572,DOCK_LINK,7,1.0770335194126097,-0.0004489452312554931,4.713408029388688e-05,3.820869494575163e-05,0.00018301740064430305,2.976285110829369e-06,169002626.18315974,6573453973.29024
573,DOCK_RING,7,0.612293261803525,2.4406523152720183e-05,5.580632596809852e-05,5.9882597611249366e-05,-0.00022917983110559703,3.5094847063123284e-06,143325884.59362137,374128292677.869
574,DOCK_RING,7,0.612293261803525,-1.9293103832751513e-05,4.090556583059497e-06,-5.290333274388104e-05,0.00013203556574481468,2.067957134405503e-06,243235215.87143663,473286772127.83276
575,DOCK_RING,7,0.612293261803525,-2.24968753173016e-05,-5.601394552889862e-05,-6.0366676279954845e-05,0.00022802303038815808,3.495007369815372e-06,143919582.07131666,405886182349.40393
576,DOCK_RING,7,0.612293261803525,1.748627983033657e-05,-4.299613154575568e-06,-5.333239303695336e-05,0.00013079673362881294,2.0528837939553132e-06,245021175.32471946,522190593192.30444
577,DOCK_RING,7,0.612293261803525,2.4406494048889726e-05,5.58063266996906e-05,-5.988259792388817e-05,0.00022917983222470184,3.5094847111640323e-06,143325884.39547983,374128738811.8519
578,DOCK_RING,7,0.612293261803525,-1.92930965567939e-05,4.090556339874662e-06,5.290333598395591e-05,-0.0001320355659863992,2.0679571515761794e-06,243235213.85180426,473286950617.29834
579,DOCK_RING,7,0.612293261803525,-2.2496897145174444e-05,-5.6013945576344696e-05,6.036667400621809e-05,-0.00022802303280400338,3.4950074048745918e-06,143919580.62762636,405885788533.6737
580,DOCK_RING,7,0.612293261803525,1.74862434505485e-05,-4.299613787428802e-06,5.333239317906191e-05,-0.00013079673357196953,2.052883777028499e-06,245021177.34501302,522191679599.6375
581,RING1_TORQUE_BRACE,8,10.977179919856466,70.22980825766331,0.011150117043807719,-2.3860653916800922,0.0718035247837103,0.17227022374245746,2919.8313502627175,83.72778308560495
582,RING1_TORQUE_BRACE,8,10.977179919856466,-68.33868796719025,0.014522045326104894,-2.4101406561863943,-0.07458011284794167,0.17160602713687248,2931.132480555643,86.04476215236043
583,RING1_TORQUE_BRACE,8,10.479871431130489,289.9784272142392,0.016014837416931684,-1.4635994784781392,0.0675211539848021,0.3341712711018475,1505.2161675702441,22.248208230022275
584,RING1_TORQUE_BRACE,8,10.271903773099885,-321.7152457995836,0.02095971911591621,-2.425993239238954,-0.03149392147415681,0.40672996483327417,1236.692753154267,20.873684415750933
585,RING1_TORQUE_BRACE,8,10.271903773099885,315.33952118345144,0.019502696122784807,-2.4288921262196785,0.03647102985687333,0.40096368529670345,1254.4776957239708,21.295721155895073
586,RING1_TORQUE_BRACE,8,10.479871431130489,-297.077253654782,0.018794336932933354,-1.4557270561783406,-0.0654721291381588,0.34038252604718017,1477.7491836648499,21.716574902680716
587,RING1_TORQUE_BRACE,8,10.977179919856466,70.19221098250182,0.011148198453629436,2.386236763827025,-0.07112612014141712,0.1722422212268762,2920.30604585302,83.77263046190595
588,RING1_TORQUE_BRACE,8,10.977179919856466,-68.27571189717196,0.014635380842411774,2.4083468978985207,0.07415966449661512,0.17146660860516422,2933.515767832424,86.1241280178409
589,RING1_TORQUE_BRACE,8,10.479871431130489,289.7531270276154,0.01608734509035541,1.4627524255823925,-0.06679010064450913,0.33392326700840014,1506.33408838608,22.265507527247088
590,RING1_TORQUE_BRACE,8,10.271903773099885,-321.48467109424473,0.0210019521158355,2.424640849986724,0.030621301682128736,0.40645533627877894,1237.528345931232,20.88865540524513
591,RING1_TORQUE_BRACE,8,10.271903773099885,315.2766089401823,0.01951028574231979,2.4275240786963135,-0.037412049525903324,0.4008446389020531,1254.8502616319356,21.299970635723135
592,RING1_TORQUE_BRACE,8,10.479871431130489,-297.024617717052,0.018807009959949175,1.4565228329439996,0.06470465824300521,0.3403680104787199,1477.8122047737152,21.720423311923934
593,RING1_TORQUE_BRACE,8,10.977179919856466,70.22980825768695,0.011150117044447891,2.386065391679743,-0.07180352479399038,0.17227022374247764,2919.8313502623755,83.72778308557677
594,RING1_TORQUE_BRACE,8,10.977179919856466,-68.33868796722504,0.01452204532693441,2.410140656185505,0.07458011283773512,0.17160602713685064,2931.132480556016,86.04476215231664
595,RING1_TORQUE_BRACE,8,10.479871431130489,289.97842721426696,0.016014837415049516,1.4635994784781579,-0.06752115399815248,0.3341712711019016,1505.2161675700006,22.248208230020147
596,RING1_TORQUE_BRACE,8,10.271903773099885,-321.7152457995534,0.020959719114436077,2.425993239238905,0.0314939214607119,0.40672996483323615,1236.6927531543827,20.873684415752894
597,RING1_TORQUE_BRACE,8,10.271903773099885,315.33952118344644,0.01950269611962664,2.428892126219588,-0.03647102986377574,0.40096368529669923,1254.4776957239842,21.29572115589541
598,RING1_TORQUE_BRACE,8,10.479871431130489,-297.07725365477745,0.01879433693000313,1.4557270561783326,0.06547212913227268,0.3403825260471635,1477.7491836649222,21.71657490268105
599,RING1_TORQUE_BRACE,8,10.977179919856466,70.1922109825241,0.01114819845199547,-2.3862367638263287,0.07112612014035621,0.172242221226864,2920.3060458532273,83.77263046187936
600,RING1_TORQUE_BRACE,8,10.977179919856466,-68.2757118971399,0.01463538084064641,-2.408346897899298,-0.07415966449705526,0.17146660860516988,2933.515767832327,86.12412801788135
601,RING1_TORQUE_BRACE,8,10.479871431130489,289.75312702758924,0.0160873450891232,-1.462752425582388,0.06679010063861146,0.33392326700836356,1506.334088386245,22.265507527249095
602,RING1_TORQUE_BRACE,8,10.271903773099885,-321.4846710942784,0.021001952114445728,-2.4246408499867105,-0.030621301688578056,0.4064553362788131,1237.5283459311281,20.888655405242947
603,RING1_TORQUE_BRACE,8,10.271903773099885,315.2766089401715,0.019510285740630053,-2.4275240786963,0.037412049514875395,0.40084463890203464,1254.8502616319931,21.299970635723863
604,RING1_TORQUE_BRACE,8,10.479871431130489,-297.0246177170627,0.01880700995802764,-1.4565228329439774,-0.06470465825409093,0.3403680104787507,1477.8122047735815,21.720423311923152
605,RING2_TORQUE_BRACE,8,10.977179919856466,0.06008226550738982,-6.058998017025859e-05,-6.772267275767518e-05,0.00024252304544794892,6.695344318126806e-05,7512683.083948208,97868.91526615333
606,RING2_TORQUE_BRACE,8,10.977179919856466,0.07705582999983562,-0.00011631456976067814,0.00013309122838611742,0.00033456483449452804,8.760060010077204e-05,5741969.797254471,76310.7236915598
607,RING2_TORQUE_BRACE,8,10.479871431130489,-0.033636433669016697,9.784947975697154e-05,0.002598694890765252,-0.00044171685619387446,0.00014964034531106705,3361392.93821049,191800.96482164753
608,RING2_TORQUE_BRACE,8,10.271903773099885,-0.039695234796113255,-7.931799911619204e-05,-0.0018847922540414785,6.143074043111693e-05,0.00012152255008436255,4139149.480082592,169173.5178554425
609,RING2_TORQUE_BRACE,8,10.271903773099885,0.05790126067665824,-4.127668124968802e-06,-0.0018930040701388151,-7.703771101467624e-05,0.00013872431489211763,3625896.443541064,115979.90154406818
610,RING2_TORQUE_BRACE,8,10.479871431130489,-0.041634187948375256,-0.00015593918023167058,0.0024819460078129296,-0.0003200223807868635,0.00015111554185073518,3328578.8730906295,154956.79749720005
611,RING2_TORQUE_BRACE,8,10.977179919856466,0.05017210438722941,-5.7763311253631324e-05,0.00010567831671259853,-0.00019500626176104444,5.64383136556042e-05,8912385.3534921,117200.30929055426
612,RING2_TORQUE_BRACE,8,10.977179919856466,0.06399507964852091,-0.00010278991428482035,0.00018866746210521868,-0.00038593895311922477,7.862448967893519e-05,6397497.80321642,91884.9727859846
613,RING2_TORQUE_BRACE,8,10.479871431130489,0.0068842672133087035,0.00010776191673585021,-0.0024478055900365447,0.0005182145370560241,0.00011889333142126324,4230683.0331616225,937136.8412900469
614,RING2_TORQUE_BRACE,8,10.271903773099885,-0.07947981495510703,-7.306485149305467e-05,0.0020587971223378077,-0.0001680642806162029,0.00016640412134581278,3022761.671597607,84491.67271400079
615,RING2_TORQUE_BRACE,8,10.271903773099885,0.05832903374482612,-7.939733178767892e-07,0.002070681451515455,-4.3364168117617646e-05,0.0001470553293667652,3420481.271681671,115129.32893649921
616,RING2_TORQUE_BRACE,8,10.479871431130489,-0.04102068517909174,-0.00015889092781207984,-0.0026248736554412844,0.00022133104766122041,0.0001564669393536977,3214736.6215361,157274.32154558657
617,RING2_TORQUE_BRACE,8,10.977179919856466,0.06008226543121964,-6.0589977624890254e-05,6.77226715879442e-05,-0.00024252305014859157,6.69534432965592e-05,7512683.071011669,97868.9153902281
618,RING2_TORQUE_BRACE,8,10.977179919856466,0.07705582995981786,-0.00011631457219317759,-0.00013309122820359676,-0.0003345648501822153,8.760060071989576e-05,5741969.756672676,76310.72373119062
619,RING2_TORQUE_BRACE,8,10.479871431130489,-0.03363643364150448,9.784947705728478e-05,-0.0025986948907830154,0.0004417168419236818,0.00014964034517629378,3361392.941237922,191800.9649785271
620,RING2_TORQUE_BRACE,8,10.271903773099885,-0.03969523482908244,-7.931800155374054e-05,0.0018847922541942452,-6.143075472673024e-05,0.00012152255014505227,4139149.4780154545,169173.51771493416
621,RING2_TORQUE_BRACE,8,10.271903773099885,0.0579012606467586,-4.1276712694243755e-06,0.001893004070342208,7.703770505648397e-05,0.00013872431486283763,3625896.4443063675,115979.90160395905
622,RING2_TORQUE_BRACE,8,10.479871431130489,-0.041634187955651214,-0.00015593918311045742,-0.002481946007879543,0.00032002237583004384,0.00015111554183646386,3328578.87340498,154956.79747011993
623,RING2_TORQUE_BRACE,8,10.977179919856466,0.05017210436380992,-5.776330741603375e-05,-0.00010567831604024747,0.00019500626054248793,5.6438313565503895e-05,8912385.367720176,117200.30934526138
624,RING2_TORQUE_BRACE,8,10.977179919856466,0.06399507966261808,-0.00010278991801524375,-0.00018866746291346104,0.00038593894971615875,7.862448957805783e-05,6397497.811424584,91884.9727657437
625,RING2_TORQUE_BRACE,8,10.479871431130489,0.00688426721558244,0.00010776191291758361,0.002447805590116481,-0.0005182145541928682,0.00011889333158105142,4230683.027475743,937136.8409805292
626,RING2_TORQUE_BRACE,8,10.271903773099885,-0.07947981496124612,-7.306485593199728e-05,-0.0020587971224177437,0.0001680642617601577,0.00016640412128908616,3022761.6726280563,84491.67270747459
627,RING2_TORQUE_BRACE,8,10.271903773099885,0.05832903382577115,-7.93973531840757e-07,-0.0020706814515589755,4.3364142464332595e-05,0.00014705532941948317,3420481.27045546,115129.32877673063
628,RING2_TORQUE_BRACE,8,10.479871431130489,-0.041020685168177806,-0.00015889092883368438,0.0026248736554306262,-0.0002213310724140348,0.00015646693943809976,3214736.619801993,157274.32158743087
629,DOCK_LOAD_SPREADER,9,7.467261881037786,-0.0009033779505500661,2.2914026534426313e-05,-1.7417415049791884e-05,1.1120584806886824e-05,1.6526111049345282e-06,304366828.04447657,19557509.760354646
630,DOCK_LOAD_SPREADER,9,7.467261961518311,0.0011669070192041886,1.7330098397216886e-05,-1.5220042267838352e-05,4.0174620012933815e-06,1.6246722156709356e-06,309600912.20140535,15140728.792925898
631,DOCK_LOAD_SPREADER,9,7.467261881037786,0.0008959194277693427,-2.2782180681968356e-05,-1.0455545596400884e-05,-1.7400272299461506e-05,1.6334484765193923e-06,307937475.3661098,19720325.88818995
632,DOCK_LOAD_SPREADER,9,7.467261961518311,-0.0011572504202703726,-1.7425509101443026e-05,-3.982726201279263e-06,-1.544446630230567e-05,1.625168637694662e-06,309506341.88555145,15267069.594327211
633,DOCK_LOAD_SPREADER,9,7.467261881037786,-0.0009033779452636281,2.2914026550413524e-05,1.7417415121290247e-05,-1.1120584604756845e-05,1.6526110996233667e-06,304366829.02265066,19557509.874802385
634,DOCK_LOAD_SPREADER,9,7.467261961518311,0.001166907035454301,1.733009835103161e-05,1.5220042200780881e-05,-4.0174619018173985e-06,1.6246722248446404e-06,309600910.4532451,15140728.58207916
635,DOCK_LOAD_SPREADER,9,7.467261881037786,0.0008959194335460552,-2.278218054962977e-05,1.0455545621193552e-05,1.7400272166234743e-05,1.6334484757659845e-06,307937475.5081422,19720325.761037163
636,DOCK_LOAD_SPREADER,9,7.467261961518311,-0.0011572504214925061,-1.7425509137414252e-05,3.982726387796731e-06,1.5444466412439795e-05,1.6251686442107898e-06,309506340.6445831,15267069.57820417
637,PROP_LONGITUDINAL_STRUT,10,2.8653097563788807,4.637153749578147,1.4177267720342726,-6.634271819461336,1.2895752714989746,0.14028075371467547,3585.6665057779674,55611.91585729309
638,PROP_LONGITUDINAL_STRUT,10,2.8653097563788807,-4.19308024846066,1.3780172995787576,6.958243104900895,1.2766528097508927,0.14616584480355865,3441.2964306128624,61501.56659499728
639,PROP_LONGITUDINAL_STRUT,10,2.9330076040989246,9.844973659770346,1.5471615155663863,-1.5347007577747558,6.905561912931137,0.14974557912835673,3359.030716818997,24998.93879934219
640,PROP_LONGITUDINAL_STRUT,10,2.9330076040989246,-9.428354414362275,1.497026881573094,1.8017795492131885,7.058674481329458,0.15353253354904675,3276.1785946775512,26103.589575167844
641,PROP_LONGITUDINAL_STRUT,10,2.9330076040989246,0.9261648406944687,1.2472543906695206,3.544859792105301,4.979832127314138,0.1249894966265807,4024.338153011093,265734.43860942783
642,PROP_LONGITUDINAL_STRUT,10,2.9330076040989246,-1.1604085162662159,1.212842844210967,-3.8169680051084196,5.189311173866827,0.13152805649522037,3824.27911886829,212092.4575714441
643,PROP_LONGITUDINAL_STRUT,10,2.8653097563788807,4.63715374987126,1.4177267720336695,6.6342718194633505,-1.2895752715002795,0.14028075371487733,3585.666505772808,55611.91585377788
644,PROP_LONGITUDINAL_STRUT,10,2.8653097563788807,-4.193080248172436,1.378017299579282,-6.9582431049002125,-1.2766528097498995,0.14616584480338593,3441.296430616929,61501.56659922478
645,PROP_LONGITUDINAL_STRUT,10,2.9330076040989246,9.84497365995378,1.5471615155661387,1.5347007577771894,-6.905561912930953,0.14974557912846273,3359.0307168166196,24998.938798876407
646,PROP_LONGITUDINAL_STRUT,10,2.9330076040989246,-9.428354414180376,1.4970268815733863,-1.801779549211716,-7.058674481330392,0.1535325335489591,3276.178594679422,26103.589575671453
647,PROP_LONGITUDINAL_STRUT,10,2.9330076040989246,0.9261648404960852,1.2472543906698168,-3.544859792101734,-4.979832127315085,0.1249894966264478,4024.338153015372,265734.4386663479
648,PROP_LONGITUDINAL_STRUT,10,2.9330076040989246,-1.160408516462212,1.2128428442106847,3.816968005111349,-5.189311173865665,0.13152805649534252,3824.2791188647384,212092.45753562113
