element_id,group,section_id,length_m,axial_force_N,torsion_Nm,bending_My_Nm,bending_Mz_Nm,screening_von_mises_MPa,yield_factor,member_euler_factor
1,SPINE_FRAME,2,1.3776603565143233,0.0,0.0,0.0,0.0,0.0,inf,inf
2,SPINE_FRAME,2,1.3776603565143233,0.0,0.0,0.0,0.0,0.0,inf,inf
3,SPINE_FRAME,2,1.3776603565143233,0.0,0.0,0.0,0.0,0.0,inf,inf
4,SPINE_FRAME,2,1.3776603565143233,0.0,0.0,0.0,0.0,0.0,inf,inf
5,SPINE_FRAME,2,1.3776603565143233,0.0,0.0,0.0,0.0,0.0,inf,inf
6,SPINE_FRAME,2,1.3776603565143233,0.0,0.0,0.0,0.0,0.0,inf,inf
7,SPINE_FRAME,2,1.3776603565143233,0.0,0.0,0.0,0.0,0.0,inf,inf
8,SPINE_FRAME,2,1.3776603565143233,0.0,0.0,0.0,0.0,0.0,inf,inf
9,SPINE_LONGERON,1,2.5,-1815.28642195783,1.961046733922775,-21.246316471760828,-11.260705140777542,0.8486999152513736,592.6712032851071,537.5585403438861
10,SPINE_DIAGONAL,3,2.854461080118482,41.37396793008177,-0.08107154500778674,-1.4374226802768062,-3.4396602898581277,0.16820586912386495,2990.3831692673953,2922.3375715714305
11,SPINE_LONGERON,1,2.5,1687.8118141262764,-0.39737546758076936,-9.576957086834366,-27.022476826161387,0.8475614315541117,593.4673066442931,578.1584837400119
12,SPINE_DIAGONAL,3,2.854461080118482,-358.41894109952597,-0.45357477363041426,-4.7855317990341755,-1.4468993079351828,0.4768730864277965,1054.7879809446101,337.3390384898643
13,SPINE_LONGERON,1,2.5,813.0149505886286,-4.2014344103521895,-27.874682779417824,-15.012352503341935,0.5749504894302693,874.8579386347396,1200.2518755494277
14,SPINE_DIAGONAL,3,2.854461080118482,-338.36734691172165,0.7092190534719877,1.9431901661424478,-0.4330445313046472,0.35267694336645034,1426.234431995051,357.32969528709833
15,SPINE_LONGERON,1,2.5,-1539.8633848933146,6.271877382265987,22.683396189708642,4.671527424684055,0.7471465060299987,673.2280696495743,633.7073333043335
16,SPINE_DIAGONAL,3,2.854461080118482,-139.67215679727707,0.26138601626625674,2.957574373502038,0.7475838969438912,0.22548926537549108,2230.7048593306213,865.6607282334637
17,SPINE_LONGERON,1,2.5,-1815.2864219577302,1.9610467339227606,21.246316471760103,11.260705140778065,0.8486999152513357,592.6712032851335,537.5585403439156
18,SPINE_DIAGONAL,3,2.854461080118482,41.37396793007093,-0.08107154500777684,1.4374226802766965,3.439660289858125,0.16820586912385438,2990.383169267583,2922.337571572196
19,SPINE_LONGERON,1,2.5,1687.8118141262462,-0.39737546758079884,9.576957086833634,27.02247682616157,0.8475614315541006,593.4673066443008,578.1584837400223
20,SPINE_DIAGONAL,3,2.854461080118482,-358.4189410995359,-0.4535747736304113,4.78553179903405,1.4468993079352235,0.4768730864278008,1054.7879809446006,337.33903848985494
21,SPINE_LONGERON,1,2.5,813.0149505886856,-4.201434410352173,27.874682779416904,15.012352503342383,0.5749504894302832,874.8579386347184,1200.2518755493436
22,SPINE_DIAGONAL,3,2.854461080118482,-338.36734691171665,0.7092190534720068,-1.943190166142535,0.43304453130478154,0.3526769433664504,1426.2344319950507,357.3296952871036
23,SPINE_LONGERON,1,2.5,-1539.863384893422,6.2718773822660365,-22.68339618970942,-4.671527424683133,0.7471465060300411,673.2280696495361,633.7073333042893
24,SPINE_DIAGONAL,3,2.854461080118482,-139.6721567972848,0.2613860162662776,-2.9575743735021467,-0.7475838969438087,0.2254892653755006,2230.704859330527,865.6607282334157
25,SPINE_FRAME,2,1.3776603565143233,868.8952121749417,0.31185996161483265,21.68224665711151,3.119790743880145,0.8132295120388839,618.5215766935293,1648.2436798347067
26,SPINE_FRAME,2,1.3776603565143233,431.01030220636676,1.163155995354403,-39.258396131925934,9.128973291857003,0.9017397633328684,557.8106017426697,3322.776821284131
27,SPINE_FRAME,2,1.3776603565143233,-184.5554868897575,-0.2983260188405974,47.036164782999805,-2.8482806888619567,0.8914216660886825,564.267191538016,7760.002512206349
28,SPINE_FRAME,2,1.3776603565143233,-778.6324058549794,0.39500982479966174,24.983692157456723,-4.240228214778032,0.8254016329346239,609.4002966914899,1839.3159996126885
29,SPINE_FRAME,2,1.3776603565143233,868.8952121749317,0.31185996161481006,-21.682246657111612,-3.1197907438803085,0.8132295120388809,618.5215766935316,1648.2436798347255
30,SPINE_FRAME,2,1.3776603565143233,431.0103022063586,1.1631559953543704,39.258396131925835,-9.128973291857456,0.9017397633328644,557.8106017426724,3322.7768212841943
31,SPINE_FRAME,2,1.3776603565143233,-184.55548688975523,-0.29832601884055465,-47.03616478299962,2.8482806888614753,0.8914216660886777,564.2671915380191,7760.002512206444
32,SPINE_FRAME,2,1.3776603565143233,-778.6324058549885,0.3950098247996858,-24.983692157456577,4.240228214778135,0.8254016329346264,609.4002966914879,1839.315999612667
33,SPINE_LONGERON,1,2.5,-702.6239377511429,-0.6048686724707684,11.977143395034334,9.538207197685129,0.38420140947106945,1309.2091481196821,1388.8264644341596
34,SPINE_DIAGONAL,3,2.854461080118482,-109.28786679909933,-0.63210893171287,0.9027076108300237,0.4006585484248263,0.12758741050711273,3942.3952410411125,1106.332335952099
35,SPINE_LONGERON,1,2.5,-634.6519325387465,5.099278545024917,4.3601205540107895,18.080885227251578,0.39341739430124245,1278.5403169409674,1537.5714927554427
36,SPINE_DIAGONAL,3,2.854461080118482,44.18468282039794,-0.1142647267965346,-0.17658574049488562,2.923689752538003,0.14186804144188503,3545.5483482236514,2736.439264677751
37,SPINE_LONGERON,1,2.5,-567.5692784297705,0.19103799945616462,25.01447277525974,8.972910314587159,0.4422048612775278,1137.4818416668586,1719.3015132768016
38,SPINE_DIAGONAL,3,2.854461080118482,-97.18719079807579,0.02383998537568255,4.2875223660038735,-0.0843563614555205,0.23458147410017846,2144.244348064728,1244.0806239402411
39,SPINE_LONGERON,1,2.5,-622.1990180525286,-7.570131283867482,-11.826926875393,-4.024369994913844,0.33586430578132503,1497.6286296034502,1568.3450005241634
40,SPINE_DIAGONAL,3,2.854461080118482,145.80312160756716,0.05292257560446323,-1.5416491764350475,-0.8069308081256317,0.1833636668038215,2743.1824895722307,829.2600297852214
41,SPINE_LONGERON,1,2.5,-702.6239377510663,-0.6048686724707797,-11.977143395033517,-9.538207197684851,0.3842014094710356,1309.2091481197974,1388.8264644343112
42,SPINE_DIAGONAL,3,2.854461080118482,-109.28786679908887,-0.6321089317128685,-0.9027076108298893,-0.40065854842483584,0.1275874105070999,3942.395241041508,1106.3323359522046
43,SPINE_LONGERON,1,2.5,-634.651932538713,5.099278545024844,-4.36012055400991,-18.0808852272513,0.39341739430122646,1278.5403169410192,1537.5714927555236
44,SPINE_DIAGONAL,3,2.854461080118482,44.18468282038759,-0.11426472679654037,0.17658574049500675,-2.9236897525379457,0.14186804144187465,3545.548348223911,2736.4392646783917
45,SPINE_LONGERON,1,2.5,-567.5692784297993,0.19103799945617084,-25.01447277525883,-8.972910314586844,0.4422048612775287,1137.481841666856,1719.3015132767146
46,SPINE_DIAGONAL,3,2.854461080118482,-97.18719079805305,0.023839985375689543,-4.287522366003798,0.08435636145553338,0.23458147410015692,2144.244348064925,1244.0806239405322
47,SPINE_LONGERON,1,2.5,-622.1990180526034,-7.57013128386752,11.82692687539364,4.024369994913959,0.33586430578135634,1497.6286296033106,1568.3450005239747
48,SPINE_DIAGONAL,3,2.854461080118482,145.80312160758933,0.05292257560447411,1.5416491764351106,0.8069308081256048,0.18336366680384145,2743.182489571932,829.2600297850953
49,SPINE_FRAME,2,1.3776603565143233,-200.29393479926284,0.754992504146093,-8.162796722504156,-4.510472371403825,0.2600628230582502,1934.14804194191,7150.246677920149
50,SPINE_FRAME,2,1.3776603565143233,-67.39825119722798,3.801805757913745,11.65111344306519,-4.670694846899028,0.2529540417896305,1988.5035101290077,21249.08312108975
51,SPINE_FRAME,2,1.3776603565143233,102.51138783223223,5.324389925084828,-17.57473276496697,-1.0049051542619054,0.3586892932189756,1402.327890765684,13970.653136116052
52,SPINE_FRAME,2,1.3776603565143233,-192.75800344344543,-0.4489236793885314,10.362709783350216,-0.7391694551432906,0.27405614238931836,1835.390353285528,7429.787694009668
53,SPINE_FRAME,2,1.3776603565143233,-200.2939347992383,0.7549925041460517,8.162796722504165,4.510472371403555,0.2600628230582356,1934.1480419420186,7150.246677921025
54,SPINE_FRAME,2,1.3776603565143233,-67.39825119722553,3.8018057579137365,-11.651113443065052,4.670694846898797,0.2529540417896257,1988.5035101290455,21249.08312109052
55,SPINE_FRAME,2,1.3776603565143233,102.51138783224496,5.324389925084821,17.57473276496699,1.004905154261813,0.35868929321898213,1402.3278907656586,13970.653136114317
56,SPINE_FRAME,2,1.3776603565143233,-192.758003443475,-0.4489236793885465,-10.362709783350589,0.7391694551432444,0.27405614238933956,1835.390353285386,7429.787694008529
57,SPINE_LONGERON,1,2.5,-551.3037066783459,1.0240388781093557,-4.491123225574231,-5.813394579726214,0.25823995156270096,1947.8008610060904,1770.0274956849937
58,SPINE_DIAGONAL,3,2.854461080118482,105.87533060577277,-1.0178695246175065,-2.265270513767895,2.1174255932690143,0.20163149093441074,2494.650005656221,1141.9912483416315
59,SPINE_LONGERON,1,2.5,-508.4438255518867,6.417475267247229,0.7110269533541569,-7.773719043301767,0.2529309708636022,1988.684890120681,1919.2340830071585
60,SPINE_DIAGONAL,3,2.854461080118482,-34.68084350102026,-0.37610643364756996,4.670265367683774,-3.1113936524993857,0.23059565704630042,2181.3073430910476,3486.325266670992
61,SPINE_LONGERON,1,2.5,726.703745507959,0.11065719696090959,14.356603452520567,-7.73023284807714,0.40169718530895054,1252.1870164789334,1342.8067838175737
62,SPINE_DIAGONAL,3,2.854461080118482,43.97336460173904,-1.1714460938398887,-3.2581875883246147,-3.44391564616874,0.2099104976041341,2396.259385505328,2749.5894858654447
63,SPINE_LONGERON,1,2.5,699.9433549063783,5.4176297933967446,-0.5330028560110698,-10.915563711285976,0.34532439242777757,1456.6014189258271,1394.1452725474464
64,SPINE_DIAGONAL,3,2.854461080118482,3.631329437518559,-0.23891854738883023,0.5267514392716435,-2.219369562172798,0.0852589260095234,5899.675535952858,33295.98788748052
65,SPINE_LONGERON,1,2.5,-551.3037066782854,1.0240388781093512,4.491123225573819,5.813394579726122,0.25823995156267715,1947.8008610062698,1770.027495685188
66,SPINE_DIAGONAL,3,2.854461080118482,105.87533060576379,-1.0178695246175085,2.26527051376782,-2.1174255932690724,0.20163149093440283,2494.6500056563186,1141.9912483417284
67,SPINE_LONGERON,1,2.5,-508.44382555186985,6.417475267247254,-0.7110269533544198,7.7737190433018135,0.2529309708635972,1988.6848901207204,1919.234083007222
68,SPINE_DIAGONAL,3,2.854461080118482,-34.68084350102208,-0.3761064336475578,-4.670265367683839,3.111393652499406,0.23059565704630425,2181.3073430910113,3486.3252666708086
69,SPINE_LONGERON,1,2.5,726.7037455079987,0.11065719696084741,-14.356603452521345,7.730232848077174,0.40169718530897075,1252.1870164788704,1342.8067838175
70,SPINE_DIAGONAL,3,2.854461080118482,43.9733646017321,-1.1714460938398854,3.258187588324512,3.4439156461687843,0.2099104976041271,2396.259385505408,2749.5894858658785
71,SPINE_LONGERON,1,2.5,699.9433549064524,5.4176297933967685,0.5330028560103237,10.915563711285838,0.3453243924278013,1456.6014189257273,1394.1452725472989
72,SPINE_DIAGONAL,3,2.854461080118482,3.6313294375288194,-0.23891854738883417,-0.5267514392717438,2.2193695621728553,0.08525892600953469,5899.675535952076,33295.98788738644
73,SPINE_FRAME,2,1.3776603565143233,-661.4953630113437,0.8779886302719071,-20.8711120863696,1.1099745331099378,0.690702793040391,728.2437613808601,2165.02053073564
74,SPINE_FRAME,2,1.3776603565143233,-330.744842133029,0.858360513519155,52.191698883209675,7.1616369954963695,1.0600006635787875,474.52800482385084,4330.07823393345
75,SPINE_FRAME,2,1.3776603565143233,195.1923092880852,0.45299635105476543,-57.49594457898806,-1.4460581965863462,1.0727018461495454,468.9094195237143,7337.128430568778
76,SPINE_FRAME,2,1.3776603565143233,635.7189574002496,0.20404662531494236,-23.256613591460148,-3.6815212298305084,0.7222308521858387,696.4532164164208,2252.805308438049
77,SPINE_FRAME,2,1.3776603565143233,-661.4953630113563,0.877988630271922,20.871112086369937,-1.109974533110151,0.6907027930404034,728.2437613808469,2165.0205307355986
78,SPINE_FRAME,2,1.3776603565143233,-330.74484213303793,0.8583605135191688,-52.19169888320992,-7.1616369954965045,1.0600006635787962,474.52800482384697,4330.078233933334
79,SPINE_FRAME,2,1.3776603565143233,195.1923092880861,0.45299635105476066,57.49594457898817,1.446058196586307,1.0727018461495477,468.90941952371327,7337.128430568744
80,SPINE_FRAME,2,1.3776603565143233,635.7189574002405,0.20404662531491163,23.256613591459896,3.6815212298303877,0.7222308521858296,696.4532164164297,2252.8053084380813
81,SPINE_LONGERON,1,2.5,252.21665664545526,0.06606030420470121,-1.2457282081290089,-4.95397744478813,0.13430359607333478,3745.245955479429,3868.9860228599237
82,SPINE_DIAGONAL,3,2.854461080118482,48.885190302303045,-0.8057862059211844,-0.47822393984254474,-1.6214246179282616,0.10429329325050396,4822.937164251158,2473.3196336022697
83,SPINE_LONGERON,1,2.5,230.83966586114093,-0.4648637712289876,0.24676914138408712,-5.614522833162727,0.13174152900973746,3818.0822993395013,4227.274873464435
84,SPINE_DIAGONAL,3,2.854461080118482,-4.034457667357401,-1.1347908645754148,0.4594874483758195,-1.5155098976649635,0.06980299064535538,7205.994977429655,29969.009699949453
85,SPINE_LONGERON,1,2.5,-506.4952112321216,-0.422286848973493,-16.148894729749394,2.8299254004393113,0.3266847094348677,1539.7108755721697,1926.6178586760955
86,SPINE_DIAGONAL,3,2.854461080118482,-271.73432525864575,0.8125074413021839,-4.656509066940831,1.520268968442065,0.40197335235479886,1251.3267286335704,444.95188766448433
87,SPINE_LONGERON,1,2.5,25.024688750415407,1.9016993112728562,3.3580668215616143,11.449605353751508,0.12035165368913851,4179.419098795438,38994.399851527756
88,SPINE_DIAGONAL,3,2.854461080118482,-225.34912339545008,-1.156780831734252,3.708885179174737,1.7891314462757264,0.33662313722890524,1494.2526058687338,536.5394777014278
89,SPINE_LONGERON,1,2.5,252.21665664554666,0.0660603042047101,1.2457282081299539,4.953977444788173,0.1343035960733688,3745.2459554784805,3868.986022858521
90,SPINE_DIAGONAL,3,2.854461080118482,48.88519030230532,-0.8057862059211676,0.4782239398426752,1.6214246179282745,0.1042932932505074,4822.937164250999,2473.3196336021547
91,SPINE_LONGERON,1,2.5,230.83966586118368,-0.46486377122891653,-0.2467691413834352,5.614522833163102,0.1317415290097554,3818.082299338982,4227.274873463652
92,SPINE_DIAGONAL,3,2.854461080118482,-4.034457667358765,-1.1347908645754041,-0.4594874483757205,1.515509897664984,0.06980299064535589,7205.994977429601,29969.009699939317
93,SPINE_LONGERON,1,2.5,-506.49521123214663,-0.4222868489735734,16.14889472975021,-2.8299254004391514,0.3266847094348836,1539.7108755720947,1926.6178586760004
94,SPINE_DIAGONAL,3,2.854461080118482,-271.7343252586585,0.8125074413021881,4.656509066940919,-1.5202689684420425,0.40197335235481213,1251.3267286335292,444.95188766446347
95,SPINE_LONGERON,1,2.5,25.024688750332643,1.901699311272881,-3.3580668215605076,-11.449605353751299,0.12035165368910554,4179.419098796583,38994.39985165672
96,SPINE_DIAGONAL,3,2.854461080118482,-225.34912339543757,-1.1567808317342436,-3.7088851791746182,-1.7891314462757735,0.3366231372288918,1494.2526058687931,536.5394777014576
97,SPINE_FRAME,2,1.3776603565143233,-43.16528626673448,0.16562625196644054,9.765611855818634,3.3917866526307883,0.19693914917116953,2554.0884182596824,33178.30520238383
98,SPINE_FRAME,2,1.3776603565143233,-54.75553013211959,-1.6599949553436493,28.308613248796473,4.132395984948168,0.5125880565002496,981.2948109526524,26155.368023108305
99,SPINE_FRAME,2,1.3776603565143233,5.004936404772707,-1.8385340624342734,-23.977761845880664,-6.020643473959989,0.4217646918172001,1192.6081290323104,286147.70020659704
100,SPINE_FRAME,2,1.3776603565143233,5.582557747148712,0.007125684474307836,12.616611508709408,1.6873628545437285,0.21824611187512963,2304.7375079368812,256540.3004809855
101,SPINE_FRAME,2,1.3776603565143233,-43.165286266738576,0.16562625196644176,-9.765611855818896,-3.391786652630998,0.19693914917117694,2554.088418259586,33178.30520238069
102,SPINE_FRAME,2,1.3776603565143233,-54.75553013211635,-1.6599949553436786,-28.30861324879656,-4.1323959849485306,0.5125880565002504,981.294810952651,26155.368023109855
103,SPINE_FRAME,2,1.3776603565143233,5.004936404773616,-1.8385340624342466,23.977761845880988,6.020643473959783,0.42176469181720505,1192.6081290322963,286147.700206545
104,SPINE_FRAME,2,1.3776603565143233,5.582557747149622,0.007125684474322713,-12.61661150870908,-1.6873628545437391,0.2182461118751247,2304.737507936933,256540.3004809437
105,SPINE_LONGERON,1,2.5,-171.62133120793624,-0.4077563249019689,0.7252417983184039,0.184136329509073,0.06614884660998537,7604.063045357327,5685.905781207472
106,SPINE_DIAGONAL,3,2.854461080118482,80.98454633723338,0.7903160212232477,0.6658610702596541,-1.198007728862501,0.11892550320848998,4229.5385466495245,1492.9848524875977
107,SPINE_LONGERON,1,2.5,-94.86893237806407,-2.7239004463283365,-0.6895599903445113,-1.8885293261185745,0.05581777283864199,9011.466678437213,10286.00928494648
108,SPINE_DIAGONAL,3,2.854461080118482,-99.00366332009378,0.8758669791793455,1.2684047113586954,-0.7392973853557658,0.1375215227992426,3657.609294614139,1221.254819391413
109,SPINE_LONGERON,1,2.5,185.95310009632476,0.2140637661325644,-3.36200755985303,-0.8041153874279168,0.09616214498191886,5230.748545538142,5247.681908977292
110,SPINE_DIAGONAL,3,2.854461080118482,-124.48590383421241,-0.8443247650350046,-1.4940049104265625,-0.7984902336916138,0.1661203586815034,3027.9250778911683,971.26419331857
111,SPINE_LONGERON,1,2.5,109.32069205745393,2.5711378839578525,-5.115688306751466,-2.0738218508905106,0.09127018396731244,5511.109741820447,8926.239862997569
112,SPINE_DIAGONAL,3,2.854461080118482,55.637772545764676,-0.9346158297068317,-0.7585952385635899,-1.0414873444243158,0.09686140154363003,5192.987010139739,2173.140574015905
113,SPINE_LONGERON,1,2.5,-171.62133120801582,-0.4077563249019538,-0.7252417983191641,-0.18413632950873193,0.0661488466100188,7604.063045353484,5685.905781204835
114,SPINE_DIAGONAL,3,2.854461080118482,80.98454633724396,0.790316021223252,-0.6658610702597567,1.1980077288625617,0.11892550320850218,4229.53854664909,1492.9848524874028
115,SPINE_LONGERON,1,2.5,-94.86893237803906,-2.72390044632834,0.6895599903440566,1.8885293261190568,0.0558177728386366,9011.466678438082,10286.009284949192
116,SPINE_DIAGONAL,3,2.854461080118482,-99.00366332010458,0.8758669791793534,-1.2684047113587875,0.7392973853557936,0.1375215227992547,3657.609294613818,1221.2548193912799
117,SPINE_LONGERON,1,2.5,185.95310009637024,0.2140637661325524,3.3620075598522767,0.8041153874283253,0.09616214498192859,5230.748545537613,5247.681908976008
118,SPINE_DIAGONAL,3,2.854461080118482,-124.4859038342068,-0.844324765034998,1.4940049104264883,0.7984902336917146,0.16612035868149816,3027.9250778912638,971.2641933186138
119,SPINE_LONGERON,1,2.5,109.32069205736798,2.5711378839578325,5.1156883067505525,2.0738218508909902,0.09127018396727755,5511.109741822554,8926.239863004586
120,SPINE_DIAGONAL,3,2.854461080118482,55.63777254576695,-0.9346158297068403,0.7585952385634602,1.0414873444243486,0.09686140154363021,5192.987010139729,2173.140574015816
121,SPINE_FRAME,2,1.3776603565143233,-23.460327311883475,0.28830362792862896,12.208435430638652,1.32663877909296,0.21979971443714605,2288.447013173158,61045.65477142979
122,SPINE_FRAME,2,1.3776603565143233,-1.6803782331191996,-1.05237924606016,12.557918119041679,2.1275268470613007,0.2169415973065992,2318.5963699212566,852278.9772440433
123,SPINE_FRAME,2,1.3776603565143233,23.615235539483365,-0.4744215043700013,-14.391868316857757,-1.2252535271054121,0.25654573510924217,1960.6640499629152,60645.21522605637
124,SPINE_FRAME,2,1.3776603565143233,20.35253882838606,0.8425129832063607,9.886205224279752,2.4027468057096577,0.1829499324138166,2749.386093580283,70367.19369421061
125,SPINE_FRAME,2,1.3776603565143233,-23.460327311885067,0.28830362792863884,-12.208435430638657,-1.3266387790930558,0.21979971443714716,2288.447013173147,61045.654771425645
126,SPINE_FRAME,2,1.3776603565143233,-1.6803782331214734,-1.0523792460601653,-12.557918119041856,-2.12752684706156,0.21694159730660406,2318.5963699212048,852278.97724289
127,SPINE_FRAME,2,1.3776603565143233,23.615235539488822,-0.47442150436999814,14.391868316857986,1.225253527105128,0.2565457351092484,1960.6640499628677,60645.21522604235
128,SPINE_FRAME,2,1.3776603565143233,20.35253882838515,0.8425129832063454,-9.886205224279664,-2.402746805709498,0.18294993241381408,2749.386093580321,70367.19369421375
129,SPINE_LONGERON,1,2.5,-74.51244480442256,-0.38216543482303367,0.5262336055408561,-5.515097340991883,0.0771556464899109,6519.289551488287,13096.103903918725
130,SPINE_DIAGONAL,3,2.854461080118482,-49.66788643753284,0.46309417308450684,-0.6143500764244467,-0.8635585327726663,0.080532975971622,6245.888642898853,2434.3435897787986
131,SPINE_LONGERON,1,2.5,-16.03335260920585,2.427901961554806,3.2508697584046953,-3.118930523505858,0.05120660118624258,9822.952282471317,60862.05069384178
132,SPINE_DIAGONAL,3,2.854461080118482,-47.80989664444519,-0.7287822637829448,0.014185680542287825,-0.705702594634535,0.06882219888289726,7308.688303549666,2528.9471313073254
133,SPINE_LONGERON,1,2.5,45.11700333100589,0.4378558613842123,3.0285152196971232,1.0304567491675343,0.0453735883931128,11085.744324254278,21628.713062667204
134,SPINE_DIAGONAL,3,2.854461080118482,-56.0089126733244,0.30167003261906605,-0.6743401665900013,0.14168553128193517,0.0717915536780723,7006.395240525824,2158.7403717739926
135,SPINE_LONGERON,1,2.5,42.98534967477099,-2.3417153831093636,2.471824505046749,4.454672909002877,0.064887671700155,7751.85773846773,22701.28605854887
136,SPINE_DIAGONAL,3,2.854461080118482,-51.101277642982495,-0.5705295991569631,1.2145219580319697,0.34152450190178546,0.08944949588133011,5623.284905566316,2366.060234575627
137,SPINE_LONGERON,1,2.5,-74.5124448044894,-0.3821654348230452,-0.5262336055402344,5.5150973409913355,0.07715564648992831,6519.289551486815,13096.103903906976
138,SPINE_DIAGONAL,3,2.854461080118482,-49.66788643754103,0.46309417308449546,0.6143500764245319,0.8635585327726161,0.0805329759716289,6245.888642898317,2434.343589778397
139,SPINE_LONGERON,1,2.5,-16.033352609238136,2.4279019615548094,-3.2508697584040576,3.1189305235056786,0.051206601186247855,9822.952282470305,60862.050693719226
140,SPINE_DIAGONAL,3,2.854461080118482,-47.80989664444655,-0.7287822637829469,-0.014185680542194063,0.7057025946345408,0.06882219888289849,7308.688303549534,2528.9471313072536
141,SPINE_LONGERON,1,2.5,45.1170033310259,0.4378558613842234,-3.028515219696436,-1.0304567491676764,0.045373588393114075,11085.744324253965,21628.71306265761
142,SPINE_DIAGONAL,3,2.854461080118482,-56.00891267333873,0.30167003261907605,0.6743401665900934,-0.1416855312819295,0.07179155367808727,7006.395240524363,2158.74037177344
143,SPINE_LONGERON,1,2.5,42.985349674837835,-2.341715383109373,-2.4718245050462535,-4.454672909003214,0.06488767170017752,7751.857738465038,22701.286058513568
144,SPINE_DIAGONAL,3,2.854461080118482,-51.10127764296885,-0.5705295991569552,-1.21452195803189,-0.34152450190184214,0.0894494958813168,5623.284905567153,2366.0602345762586
145,SPINE_FRAME,2,1.3776603565143233,11.434730044073603,0.6867860430969142,6.046625968037345,1.5814670546875078,0.11204126501541128,4489.417358245753,125245.7238943074
146,SPINE_FRAME,2,1.3776603565143233,-34.98642535060981,-0.365181992467142,8.427695256282528,2.5176873197025174,0.1667481648160083,3016.524952793427,40934.477516749845
147,SPINE_FRAME,2,1.3776603565143233,21.491250494973883,-0.7541607341782495,-6.806590634553161,-1.3117285333045459,0.12872324566157498,3907.608120155953,66638.795273496
148,SPINE_FRAME,2,1.3776603565143233,-10.243697576883278,0.7061586957429854,5.930112027726328,-1.1780877268491636,0.10802608734028722,4656.28268489931,139808.01670071625
149,SPINE_FRAME,2,1.3776603565143233,11.434730044068601,0.6867860430969235,-6.046625968037644,-1.5814670546876854,0.1120412650154144,4489.417358245628,125245.72389436219
150,SPINE_FRAME,2,1.3776603565143233,-34.98642535061026,-0.3651819924671733,-8.42769525628238,-2.517687319702919,0.1667481648160081,3016.5249527934307,40934.47751674931
151,SPINE_FRAME,2,1.3776603565143233,21.49125049497252,-0.7541607341782328,6.8065906345531655,1.3117285333042759,0.1287232456615735,3907.608120155998,66638.79527350022
152,SPINE_FRAME,2,1.3776603565143233,-10.243697576885097,0.7061586957429749,-5.930112027726172,1.1780877268493377,0.1080260873402861,4656.282684899359,139808.01670069143
153,SPINE_LONGERON,1,2.5,1.7892149445192445,0.20455388532626007,-4.973023739809102,19.511374658256052,0.18752519202074389,2682.3062788511024,545391.5541466299
154,SPINE_DIAGONAL,3,2.854461080118482,-36.74686905488278,0.1592091750202568,-2.4317583844850446,0.4312669857014249,0.119264418229562,4217.519420015262,3290.3130001766376
155,SPINE_LONGERON,1,2.5,38.521139931166545,2.4410525317505645,-17.577623325836115,10.110558182992536,0.20245069634991478,2484.5555439859654,25332.135057203013
156,SPINE_DIAGONAL,3,2.854461080118482,-8.34210213269023,0.70562156908056,-2.382080970210207,-1.4029406336613541,0.10844836442868258,4638.152015015229,14493.79293658657
157,SPINE_LONGERON,1,2.5,-30.52492636547413,0.030276472436876478,-22.279307997503246,-4.55230529584248,0.22159296629260414,2269.927644435292,31968.06136762551
158,SPINE_DIAGONAL,3,2.854461080118482,30.97425951970706,0.5186462795928256,-1.5541869144734266,-2.5476392869972626,0.1338337691596181,3758.39373843004,3903.5219192291734
159,SPINE_LONGERON,1,2.5,-37.572812042471014,-1.6438379436641815,-10.916111307022831,-16.460013700776333,0.1967215404409877,2556.9136906534613,25971.51147991506
160,SPINE_DIAGONAL,3,2.854461080118482,43.43959279425934,0.014993346457589277,0.9132434853190161,-2.795070735290266,0.14161840286439492,3551.7982820470156,2783.3755610860103
161,SPINE_LONGERON,1,2.5,1.789214944455125,0.20455388532627472,4.973023739808376,-19.511374658255473,0.18752519202071488,2682.306278851517,545391.5541661748
162,SPINE_DIAGONAL,3,2.854461080118482,-36.746869054889316,0.15920917502024856,2.4317583844849433,-0.43126698570138494,0.11926441822956357,4217.519420015206,3290.313000176052
163,SPINE_LONGERON,1,2.5,38.521139931156085,2.4410525317505667,17.577623325835567,-10.110558182992158,0.20245069634990503,2484.5555439860846,25332.13505720989
164,SPINE_DIAGONAL,3,2.854461080118482,-8.342102132701143,0.7056215690805652,2.3820809702101453,1.4029406336613874,0.10844836442869021,4638.152015014903,14493.792936567606
165,SPINE_LONGERON,1,2.5,-30.524926365424562,0.030276472436856494,22.279307997502563,4.55230529584297,0.2215929662925818,2269.927644435521,31968.06136767742
166,SPINE_DIAGONAL,3,2.854461080118482,30.97425951969643,0.5186462795928212,1.5541869144733604,2.547639286997334,0.1338337691596103,3758.3937384302585,3903.5219192305126
167,SPINE_LONGERON,1,2.5,-37.57281204239598,-1.6438379436641666,10.91611130702222,16.460013700776848,0.19672154044096274,2556.9136906537856,25971.511479966928
168,SPINE_DIAGONAL,3,2.854461080118482,43.43959279425616,0.014993346457582456,-0.9132434853191271,2.7950707352903503,0.1416184028643964,3551.7982820469783,2783.375561086214
169,SPINE_FRAME,2,1.3776603565143233,76.3825277787355,-1.708657480777518,-3.739238876851194,-8.347727463079398,0.1953003722961485,2575.5199239316535,18749.720434163053
170,SPINE_FRAME,2,1.3776603565143233,91.76120054353305,-0.47861615664105805,9.286227437015759,-9.793701088814444,0.2752115903989407,1827.6846526371298,15607.370363757911
171,SPINE_FRAME,2,1.3776603565143233,67.40272050177236,-0.9056998924197011,-3.509572397002386,-9.201647810689046,0.20142014796304702,2497.2675528581253,21247.674147934806
172,SPINE_FRAME,2,1.3776603565143233,94.00752506243316,0.6068728115601147,-5.467603979738603,11.1611466379577,0.25834826873000183,1946.984210394234,15234.429807133529
173,SPINE_FRAME,2,1.3776603565143233,76.3825277787314,-1.7086574807774975,3.739238876851228,8.347727463079373,0.19530037229614627,2575.519923931683,18749.72043416406
174,SPINE_FRAME,2,1.3776603565143233,91.7612005435276,-0.47861615664103807,-9.286227437015835,9.793701088814192,0.2752115903989358,1827.6846526371626,15607.370363758839
175,SPINE_FRAME,2,1.3776603565143233,67.40272050176782,-0.9056998924196957,3.509572397002573,9.20164781068863,0.20142014796303928,2497.2675528582213,21247.67414793624
176,SPINE_FRAME,2,1.3776603565143233,94.00752506243407,0.6068728115601294,5.467603979738791,-11.16114663795755,0.25834826873000144,1946.9842103942367,15234.429807133381
177,SPINE_LONGERON,1,1.0,35.89563402818658,2.414278915424064,24.711272137098945,-51.87485289053909,0.546074214789558,921.120218419107,169906.23402268693
178,SPINE_DIAGONAL,3,1.7023360590409793,-18.53526005034746,-0.7497857163715562,-2.7899333930662213,2.217346151648119,0.1452433996857371,3463.1522058030882,18340.726149427606
179,SPINE_LONGERON,1,1.0,-55.097810423545525,2.50224042331622,44.12910761695548,-10.277906461867659,0.4400257742512546,1143.1148569783259,110692.09372754837
180,SPINE_DIAGONAL,3,1.7023360590409793,-105.90380921630685,-0.4685428476589164,-0.3166521848521522,-5.060326350217764,0.2702803668664135,1861.0304767294049,3209.9896236735526
181,SPINE_LONGERON,1,1.0,-56.83751675566691,2.810349663670701,47.89986060406341,23.869853519058836,0.5168459773982881,973.210631399346,107303.9841237911
182,SPINE_DIAGONAL,3,1.7023360590409793,-38.435403305355976,-0.39851524231741686,-1.4705257570978176,-3.137076695940994,0.15678552656099345,3208.2042968699698,8844.71345314273
183,SPINE_LONGERON,1,1.0,-54.66891046980254,-0.2191623213442151,8.866539829476991,43.927880194800295,0.43481365343951717,1156.8173998702816,111560.51845874333
184,SPINE_DIAGONAL,3,1.7023360590409793,-75.51567874954299,-0.25608209220793465,3.7677007439580814,-2.491143450271235,0.224961519738364,2235.9379532330768,4501.715859819454
185,SPINE_LONGERON,1,1.0,35.89563402812928,2.414278915424032,-24.711272137098476,51.87485289053472,0.5460742147895,921.1202184192048,169906.23402295815
186,SPINE_DIAGONAL,3,1.7023360590409793,-18.535260050337,-0.7497857163715125,2.7899333930662684,-2.2173461516481323,0.1452433996857299,3463.1522058032597,18340.726149437956
187,SPINE_LONGERON,1,1.0,-55.09781042356644,2.502240423316226,-44.12910761695319,10.27790646186429,0.4400257742512341,1143.114856978379,110692.09372750635
188,SPINE_DIAGONAL,3,1.7023360590409793,-105.90380921630822,-0.46854284765885346,0.3166521848521686,5.06032635021767,0.27028036686641116,1861.030476729421,3209.9896236735112
189,SPINE_LONGERON,1,1.0,-56.83751675563417,2.810349663670779,-47.89986060406213,-23.86985351905936,0.5168459773982682,973.2106313993833,107303.9841238529
190,SPINE_DIAGONAL,3,1.7023360590409793,-38.435403305374166,-0.39851524231735935,1.4705257570978958,3.1370766959408085,0.15678552656100356,3208.2042968697633,8844.713453138544
191,SPINE_LONGERON,1,1.0,-54.66891046974706,-0.2191623213442302,-8.866539829477588,-43.92788019480208,0.43481365343951534,1156.8173998702866,111560.51845885655
192,SPINE_DIAGONAL,3,1.7023360590409793,-75.51567874955845,-0.25608209220794653,-3.7677007439580006,2.4911434502710903,0.22496151973837153,2235.9379532330017,4501.7158598185315
193,SPINE_FRAME,2,1.3776603565143233,2103.130537130491,-0.7792696938608101,-10.94296529982768,-3.772083936804627,1.2670399809988773,396.98826204636214,680.9615554629382
194,SPINE_FRAME,2,1.3776603565143233,2129.5338277025403,-0.3319928265015174,11.819500728427059,-4.342511512762883,1.297656949411667,387.6217055887156,672.5185687475406
195,SPINE_FRAME,2,1.3776603565143233,2098.2143740503807,-0.19164394722044276,-10.622877379282599,-4.137278234143707,1.2615309545369753,398.721884858242,682.5570635765725
196,SPINE_FRAME,2,1.3776603565143233,2164.6809484516716,0.17776733000401745,-9.999003903496408,4.401997197149491,1.2873431740464436,390.7272047894925,661.5991344730764
197,SPINE_FRAME,2,1.3776603565143233,2103.1305371304934,-0.7792696938608019,10.942965299827613,3.7720839368044636,1.2670399809988764,396.9882620463625,680.9615554629376
198,SPINE_FRAME,2,1.3776603565143233,2129.533827702543,-0.3319928265017127,-11.81950072842703,4.342511512761973,1.2976569494116628,387.62170558871685,672.5185687475397
199,SPINE_FRAME,2,1.3776603565143233,2098.21437405038,-0.19164394722054268,10.622877379282588,4.137278234142883,1.2615309545369695,398.7218848582438,682.5570635765729
200,SPINE_FRAME,2,1.3776603565143233,2164.680948451669,0.1777673300038467,9.999003903496476,-4.401997197148749,1.287343174046438,390.7272047894942,661.5991344730772
201,SPINE_LONGERON,1,1.5,-43.94983645698085,1.7578018141547358,-18.840810978143757,47.475026302177056,0.4894584313506098,1027.6664324936105,61675.28444293565
202,SPINE_DIAGONAL,3,2.036651187098854,-73.2968009030317,0.9245187933281311,-0.9207888483825997,4.877591269935342,0.2407573566698597,2089.2404159833936,3240.3168385682193
203,SPINE_LONGERON,1,1.5,39.62293591546222,0.4543810802944934,-38.027202158004734,12.955481310442067,0.3865717916455954,1301.1813351894664,68410.34370820111
204,SPINE_DIAGONAL,3,2.036651187098854,-7.235084530802425,0.8081067115212988,-1.5890453507115043,2.0113623477979337,0.10123092199237785,4968.837486611781,32826.82561179901
205,SPINE_LONGERON,1,1.5,57.7549048007495,1.8393424656521238,-45.334308906971465,-17.947851698231645,0.47271450968437867,1064.0671900167445,46933.133628325544
206,SPINE_DIAGONAL,3,2.036651187098854,-60.622317621487724,0.7739177299595653,-4.865789871974953,0.18525858657814798,0.22641938346857826,2221.5412492270334,3917.7792518953734
207,SPINE_LONGERON,1,1.5,41.164512630713034,1.577621978999578,-11.73799870868567,-38.37492077373383,0.3868892356732991,1300.113711162407,65848.43331006407
208,SPINE_DIAGONAL,3,2.036651187098854,-5.576544125377239,-0.9401250841865381,-2.154595309455753,1.260017352679801,0.09869842344502519,5096.332671212017,42589.972004069685
209,SPINE_LONGERON,1,1.5,-43.949836456930825,1.7578018141547793,18.8408109781436,-47.475026302179494,0.4894584313506131,1027.6664324936037,61675.28444300585
210,SPINE_DIAGONAL,3,2.036651187098854,-73.29680090302575,0.9245187933281811,0.9207888483825517,-4.877591269935561,0.24075735666986234,2089.240415983371,3240.316838568482
211,SPINE_LONGERON,1,1.5,39.62293591546131,0.45438108029443924,38.027202158006205,-12.955481310444227,0.3865717916456144,1301.1813351894025,68410.34370820268
212,SPINE_DIAGONAL,3,2.036651187098854,-7.235084530788441,0.8081067115213381,1.589045350711651,-2.011362347798216,0.1012309219923778,4968.837486611783,32826.825611862456
213,SPINE_LONGERON,1,1.5,57.75490480070766,1.839342465652178,45.334308906971444,17.947851698231876,0.4727145096843649,1064.0671900167756,46933.133628359545
214,SPINE_DIAGONAL,3,2.036651187098854,-60.62231762147485,0.7739177299595763,4.865789871974942,-0.1852585865781613,0.22641938346856733,2221.5412492271403,3917.779251896205
215,SPINE_LONGERON,1,1.5,41.16451263065028,1.577621978999575,11.737998708684636,38.37492077373347,0.38688923567327155,1300.1137111624996,65848.43331016444
216,SPINE_DIAGONAL,3,2.036651187098854,-5.576544125379826,-0.9401250841865247,2.154595309455657,-1.2600173526797784,0.0986984234450239,5096.332671212083,42589.97200404993
217,SPINE_FRAME,2,1.3776603565143233,21.480198300037955,0.6771864661879063,-3.9667704401055666,5.368720722835356,0.12429643766865946,4046.777280462867,66673.0828971655
218,SPINE_FRAME,2,1.3776603565143233,47.84860029334277,-0.2572807379310711,6.49795835416464,6.625795979496392,0.1814527986986014,2772.0707732675883,29930.88686243641
219,SPINE_FRAME,2,1.3776603565143233,21.308006324268717,0.8284933677119466,-3.5111662372425982,5.660525882347471,0.12416767619626813,4050.9737752112146,67211.87426506619
220,SPINE_FRAME,2,1.3776603565143233,45.285500720411164,-0.08246748160952189,-5.956318570406683,-7.405117594470088,0.18388597867008566,2735.3907222172966,31624.935556039512
221,SPINE_FRAME,2,1.3776603565143233,21.480198300040684,0.6771864661879201,3.9667704401055204,-5.368720722835324,0.12429643766865998,4046.77728046285,66673.08289715703
222,SPINE_FRAME,2,1.3776603565143233,47.84860029334004,-0.2572807379311084,-6.4979583541645125,-6.625795979496814,0.18145279869860362,2772.070773267554,29930.886862438118
223,SPINE_FRAME,2,1.3776603565143233,21.308006324270536,0.8284933677119892,3.511166237242496,-5.660525882347759,0.12416767619627234,4050.9737752110773,67211.87426506044
224,SPINE_FRAME,2,1.3776603565143233,45.28550072040798,-0.08246748160951967,5.956318570406717,7.405117594470145,0.1838859786700852,2735.3907222173034,31624.935556041735
225,SPINE_LONGERON,1,2.5,16.57331639268432,-0.302429589853106,5.933974030001007,15.844431117766355,0.16277710432036147,3090.1151737534674,58879.14622353242
226,SPINE_DIAGONAL,3,2.854461080118482,20.893285184785782,-0.6003263814624121,3.1338891435337692,0.27004514531670165,0.13162291024840855,3821.523160752949,5786.964562907203
227,SPINE_LONGERON,1,2.5,5.447529260604824,-0.551215841785218,-5.614453750509117,13.864236829221298,0.14079095583134052,3572.672669418944,179131.2487939503
228,SPINE_DIAGONAL,3,2.854461080118482,9.68039070661257,-0.5835599482035647,1.9759048268767478,2.4444211558449362,0.12226729886745703,4113.9372887044265,12490.064154588095
229,SPINE_LONGERON,1,2.5,-50.88946539845256,-0.20589255279407848,-15.624912195282231,5.632164381098002,0.17170958122529356,2929.364782155242,19175.338385916697
230,SPINE_DIAGONAL,3,2.854461080118482,-5.689078165470619,-0.6079412762315526,-0.5444089277224949,3.0408941089289034,0.1172032908653086,4291.68836716414,21252.775484948437
231,SPINE_LONGERON,1,2.5,-16.68888107056864,-0.933508588350231,-13.983902037771013,-6.362233049694478,0.14854532845678262,3386.1717849063257,58471.428681616075
232,SPINE_DIAGONAL,3,2.854461080118482,23.085878641236377,-0.6184402369840278,-2.2804723138673726,2.125358553196911,0.13250086484832438,3796.201636689626,5237.344562277144
233,SPINE_LONGERON,1,2.5,16.573316392651577,-0.3024295898531264,-5.933974030000879,-15.844431117766147,0.16277710432034798,3090.115173753723,58879.146223648735
234,SPINE_DIAGONAL,3,2.854461080118482,20.893285184774868,-0.6003263814624193,-3.1338891435336818,-0.2700451453166621,0.13162291024839642,3821.5231607533015,5786.964562910226
235,SPINE_LONGERON,1,2.5,5.4475292605989125,-0.5512158417851665,5.614453750509591,-13.8642368292215,0.14079095583134188,3572.6726694189097,179131.2487941447
236,SPINE_DIAGONAL,3,2.854461080118482,9.680390706619619,-0.5835599482035679,-1.975904826876734,-2.4444211558449154,0.12226729886746196,4113.937288704261,12490.064154579002
237,SPINE_LONGERON,1,2.5,-50.889465398432094,-0.20589255279416419,15.624912195283036,-5.632164381097981,0.17170958122529348,2929.364782155244,19175.338385924406
238,SPINE_DIAGONAL,3,2.854461080118482,-5.689078165453111,-0.607941276231551,0.5444089277225316,-3.040894108928959,0.11720329086529642,4291.6883671645855,21252.77548501384
239,SPINE_LONGERON,1,2.5,-16.688881070523166,-0.933508588350179,13.983902037771465,6.362233049694726,0.1485453284567717,3386.1717849065744,58471.428681775404
240,SPINE_DIAGONAL,3,2.854461080118482,23.08587864125502,-0.618440236984043,2.2804723138674756,-2.1253585531969383,0.1325008648483431,3796.2016366890907,5237.344562272914
241,SPINE_FRAME,2,1.3776603565143233,-75.79424153628042,0.06730379705453471,-7.619673393878078,10.192717527275722,0.2539565492676908,1980.6537829028275,18895.24867427371
242,SPINE_FRAME,2,1.3776603565143233,-50.831211016636644,-1.1249284410710843,4.4133155429289275,8.33825751953368,0.18626716858393688,2700.422215165283,28174.639424530975
243,SPINE_FRAME,2,1.3776603565143233,-78.53833989972827,-0.01110914799498186,-7.627956420810598,10.6668585740318,0.26191213047342177,1920.491422412538,18235.056199741994
244,SPINE_FRAME,2,1.3776603565143233,-50.61402730448481,-1.175924822970995,-4.647390026844239,-8.7072187431835,0.19356660053665667,2598.5887989221796,28295.5362016625
245,SPINE_FRAME,2,1.3776603565143233,-75.79424153628725,0.06730379705450762,7.619673393878403,-10.192717527275985,0.25395654926770106,1980.653782902747,18895.24867427201
246,SPINE_FRAME,2,1.3776603565143233,-50.831211016644374,-1.1249284410711584,-4.413315542929009,-8.338257519534071,0.1862671685839473,2700.422215165132,28174.63942452669
247,SPINE_FRAME,2,1.3776603565143233,-78.53833989973691,-0.011109147994946333,7.627956420810542,-10.666858574032169,0.2619121304734307,1920.4914224124725,18235.05619973999
248,SPINE_FRAME,2,1.3776603565143233,-50.61402730448572,-1.175924822970908,4.647390026843957,8.707218743183724,0.1935666005366581,2598.5887989221605,28295.53620166199
249,SPINE_LONGERON,1,1.0,11.61723208190142,-2.6985139066586186,-24.414465164901188,-50.0988584214019,0.5217692691692514,964.0276454013183,524986.6708858564
250,SPINE_DIAGONAL,3,1.7023360590409793,-32.24869849812916,0.6958832541713518,2.554577683903247,2.705690808972495,0.16183171615126726,3108.1670018863056,10541.514681951274
251,SPINE_LONGERON,1,1.0,-58.15288522456194,-1.1227403527445183,9.801597720023096,-44.16788806884395,0.44008140112746374,1142.9703657353898,104876.85988467195
252,SPINE_DIAGONAL,3,1.7023360590409793,-100.94992155301618,0.5344111920344699,3.9997215726302118,2.549815044490403,0.2545839463601525,1975.772656491154,3367.5125593170064
253,SPINE_LONGERON,1,1.0,-35.81327726926247,-2.7341945268990067,50.20104220533461,-24.21039262459972,0.5301364423000675,948.8123431350381,170296.95299123882
254,SPINE_DIAGONAL,3,1.7023360590409793,-20.3105363524067,0.7015954539480629,-1.5455867553283453,3.4762088155171806,0.15501426846179128,3244.8625858204923,16737.624393240905
255,SPINE_LONGERON,1,1.0,-50.00898741536548,-1.3683147256091583,44.80125369849351,9.933689049104004,0.44332495342654626,1134.6079125756705,121955.91854179157
256,SPINE_DIAGONAL,3,1.7023360590409793,-88.96765893354079,0.5228877299736834,-0.8525814163897536,4.755499632769721,0.24780224544119253,2029.8443991274082,3821.052872098081
257,SPINE_LONGERON,1,1.0,11.617232081879592,-2.6985139066585475,24.41446516490106,50.09885842140184,0.5217692691692427,964.0276454013341,524986.6708868428
258,SPINE_DIAGONAL,3,1.7023360590409793,-32.24869849811313,0.6958832541713957,-2.55457768390336,-2.705690808972548,0.16183171615125844,3108.167001886475,10541.514681956514
259,SPINE_LONGERON,1,1.0,-58.15288522455103,-1.1227403527443496,-9.801597720025029,44.16788806884648,0.4400814011274867,1142.97036573533,104876.85988469164
260,SPINE_DIAGONAL,3,1.7023360590409793,-100.94992155300515,0.5344111920345775,-3.9997215726303987,-2.549815044490545,0.254583946360152,1975.772656491158,3367.5125593173743
261,SPINE_LONGERON,1,1.0,-35.813277269218815,-2.7341945268990617,-50.20104220533973,24.21039262460029,0.5301364423000976,948.8123431349844,170296.9529914464
262,SPINE_DIAGONAL,3,1.7023360590409793,-20.310536352400334,0.7015954539481715,1.545586755328353,-3.4762088155173085,0.1550142684617908,3244.862585820502,16737.62439324615
263,SPINE_LONGERON,1,1.0,-50.008987415322736,-1.3683147256091743,-44.8012536984978,-9.933689049106519,0.44332495342657546,1134.6079125755957,121955.91854189582
264,SPINE_DIAGONAL,3,1.7023360590409793,-88.96765893354655,0.5228877299737325,0.8525814163898975,-4.755499632769592,0.24780224544119372,2029.8443991273984,3821.052872097834
265,SPINE_FRAME,2,1.3776603565143233,-2143.7453297057305,-0.11819034808346562,-11.115588937128571,4.258176142857966,1.2932326550953905,388.94780302535594,668.060250469478
266,SPINE_FRAME,2,1.3776603565143233,-2101.318915588528,-0.38210661571031135,10.746874769154735,3.5602772980709645,1.2617869701189792,398.64098450197974,681.5486365642283
267,SPINE_FRAME,2,1.3776603565143233,-2150.4676908845895,-0.21043719477210687,-10.78020935401501,4.485964560008238,1.2928181917583281,389.07249542635446,665.9718943821343
268,SPINE_FRAME,2,1.3776603565143233,-2100.006853835885,-0.4354377634623521,-10.804015587879501,-3.8069005998451892,1.2633872866743143,398.13603105353013,681.9744608404532
269,SPINE_FRAME,2,1.3776603565143233,-2143.7453297057405,-0.1181903480831561,11.115588937129044,-4.258176142858794,1.2932326550954083,388.9478030253506,668.0602504694749
270,SPINE_FRAME,2,1.3776603565143233,-2101.3189155885316,-0.3821066157102423,-10.746874769155445,-3.5602772980711848,1.2617869701189937,398.6409845019752,681.5486365642272
271,SPINE_FRAME,2,1.3776603565143233,-2150.467690884592,-0.2104371947720265,10.78020935401534,-4.485964560008,1.292818191758333,389.07249542635304,665.9718943821335
272,SPINE_FRAME,2,1.3776603565143233,-2100.0068538358787,-0.43543776346261875,10.804015587879094,3.8069005998440097,1.2633872866742981,398.13603105353525,681.9744608404552
273,SPINE_LONGERON,1,1.5,-14.533183195528181,-1.7517533736572783,18.162824766370363,47.31348529582873,0.47564379762068404,1057.5140525665636,186512.38536226848
274,SPINE_DIAGONAL,3,2.036651187098854,-66.0725035304929,-0.6873707882747777,1.069555210033431,4.7605972842155735,0.23100286602070735,2177.462161681191,3594.609640751176
275,SPINE_LONGERON,1,1.5,41.753893208063346,-1.0283859770638655,-12.962896421878106,38.47629154222331,0.39134621605205583,1285.306921002891,64918.94423347648
276,SPINE_DIAGONAL,3,2.036651187098854,-0.25272448829809946,-0.7388915345722857,-2.0419534160728916,1.145731194733938,0.0873797247637704,5756.484142744234,939777.7784760162
277,SPINE_LONGERON,1,1.5,18.904328468406675,-1.7117029947265818,-47.418340544878475,18.05524620402054,0.4776918565545174,1052.9800604683205,143386.13874779217
278,SPINE_DIAGONAL,3,2.036651187098854,-57.63525093401495,-0.7051572013190567,-4.8122035822413585,-0.03718472965867936,0.22170162591612666,2268.8151154574443,4120.826305609197
279,SPINE_LONGERON,1,1.5,45.286542703644955,-0.817801838300678,-38.597148985388145,-13.363650735006171,0.3947946289738306,1274.080149741201,59854.837726144826
280,SPINE_DIAGONAL,3,2.036651187098854,-6.578204766347881,-0.7706887490717294,-1.6331013065684008,-1.7917104223650098,0.09557806138381288,5262.71398182165,36104.81379270517
281,SPINE_LONGERON,1,1.5,-14.533183195503625,-1.7517533736573094,-18.1628247663704,-47.31348529582898,0.4756437976206778,1057.5140525665774,186512.38536258365
282,SPINE_DIAGONAL,3,2.036651187098854,-66.07250353049608,-0.6873707882747953,-1.0695552100334051,-4.760597284215736,0.23100286602071549,2177.4621616811146,3594.609640751003
283,SPINE_LONGERON,1,1.5,41.75389320807062,-1.0283859770637722,12.962896421877204,-38.47629154222213,0.3913462160520454,1285.306921002925,64918.94423346517
284,SPINE_DIAGONAL,3,2.036651187098854,-0.2527244883090134,-0.7388915345722543,2.041953416072653,-1.1457311947337114,0.08737972476376782,5756.484142744404,939777.7784354319
285,SPINE_LONGERON,1,1.5,18.904328468383937,-1.711702994726612,47.41834054487522,-18.055246204020975,0.4776918565544827,1052.980060468397,143386.13874796464
286,SPINE_DIAGONAL,3,2.036651187098854,-57.6352509340245,-0.7051572013190082,4.81220358224114,0.03718472965849906,0.2217016259161265,2268.8151154574457,4120.826305608515
287,SPINE_LONGERON,1,1.5,45.2865427036113,-0.8178018383007739,38.59714898538539,13.363650735003414,0.3947946289737865,1274.0801497413433,59854.837726189304
288,SPINE_DIAGONAL,3,2.036651187098854,-6.5782047663497,-0.7706887490716442,1.633101306568125,1.7917104223647198,0.09557806138379976,5262.713981822372,36104.81379269519
289,SPINE_FRAME,2,1.3776603565143233,-64.23508124228738,-0.17004311194960975,-6.068425682751207,-7.276716632554724,0.1930701189316159,2605.271094167395,22295.465565055863
290,SPINE_FRAME,2,1.3776603565143233,-47.85649221879112,0.9861170330800078,2.2786632053422746,-5.951549947141007,0.1330038315046975,3781.845938643014,29925.95101534922
291,SPINE_FRAME,2,1.3776603565143233,-65.75772747396195,-0.21976048673384252,-5.497019868784452,-7.094168507936029,0.18538983986483526,2713.201545277396,21779.205226839265
292,SPINE_FRAME,2,1.3776603565143233,-45.686209498150674,0.9429335292602277,-2.5273376401776453,5.8409926641581364,0.13169376176681843,3819.467173324651,31347.55668368495
293,SPINE_FRAME,2,1.3776603565143233,-64.23508124229193,-0.1700431119498309,6.068425682751995,7.276716632554933,0.19307011893162954,2605.271094167211,22295.465565054285
294,SPINE_FRAME,2,1.3776603565143233,-47.85649221879294,0.9861170330801339,-2.2786632053428444,5.951549947140709,0.13300383150469736,3781.845938643018,29925.95101534808
295,SPINE_FRAME,2,1.3776603565143233,-65.75772747396059,-0.21976048673399173,5.497019868784377,7.094168507936072,0.1853898398648344,2713.2015452774085,21779.205226839716
296,SPINE_FRAME,2,1.3776603565143233,-45.68620949814613,0.9429335292602405,2.527337640177176,-5.84099266415793,0.13169376176680983,3819.4671733249006,31347.55668368807
297,SPINE_LONGERON,1,2.5,0.21511318502052745,-0.1563791375789192,-3.0317109252166397,-16.32960562373749,0.15424654168794918,3261.0131449015034,4536322.211958359
298,SPINE_DIAGONAL,3,2.854461080118482,-13.104182917768242,-0.3095330468440172,-0.7386270121047613,-2.0264941556619154,0.088852232574291,5661.084538077671,9226.72567422168
299,SPINE_LONGERON,1,2.5,1.5489018910006962,-0.3343015873250441,8.658366895251653,-12.392667148947082,0.14088720362743773,3570.231980259426,630009.3795245346
300,SPINE_DIAGONAL,3,2.854461080118482,-2.7031463869293475,-0.25227284253687715,0.8984547628655684,-1.796694780223819,0.07480117028663416,6724.493722124003,44728.87652392967
301,SPINE_LONGERON,1,2.5,21.69184154992263,-0.12116023170842771,16.649065399046563,-2.969459073730622,0.16445680561556825,3058.553874479389,44985.70197684334
302,SPINE_DIAGONAL,3,2.854461080118482,-5.266873388208296,-0.2763925028154175,2.059984260620646,-0.8879644037779895,0.08536628581388003,5892.255885381572,22956.447223084007
303,SPINE_LONGERON,1,2.5,-5.647036631582978,-0.3002446906619767,12.703645710213646,8.644503342163164,0.14459691248633985,3478.6358252809764,172802.6189587837
304,SPINE_DIAGONAL,3,2.854461080118482,2.512522006892084,-0.283210582954606,1.9149189053330091,0.73848519392926,0.07630543207245602,6591.929124028484,48122.44455388071
305,SPINE_LONGERON,1,2.5,0.2151131850209822,-0.15637913757890276,3.03171092521675,16.329605623738207,0.1542465416879561,3261.013144901357,4536322.211948769
306,SPINE_DIAGONAL,3,2.854461080118482,-13.104182917759601,-0.30953304684402794,0.7386270121047702,2.0264941556620086,0.08885223257428713,5661.084538077918,9226.725674227762
307,SPINE_LONGERON,1,2.5,1.548901890986599,-0.3343015873250157,-8.658366895250946,12.392667148947133,0.14088720362742949,3570.231980259635,630009.3795302685
308,SPINE_DIAGONAL,3,2.854461080118482,-2.703146386918206,-0.25227284253685145,-0.8984547628655216,1.7966947802238302,0.07480117028662452,6724.493722124871,44728.87652411402
309,SPINE_LONGERON,1,2.5,21.691841549898072,-0.1211602317084588,-16.649065399046457,2.969459073731075,0.16445680561555956,3058.5538744795504,44985.70197689426
310,SPINE_DIAGONAL,3,2.854461080118482,-5.266873388205511,-0.27639250281542527,-2.0599842606206096,0.8879644037780441,0.08536628581387734,5892.255885381757,22956.447223096147
311,SPINE_LONGERON,1,2.5,-5.64703663160617,-0.3002446906619123,-12.70364571021255,-8.644503342162237,0.1445969124863346,3478.6358252811033,172802.61895807402
312,SPINE_DIAGONAL,3,2.854461080118482,2.5125220068827616,-0.283210582954576,-1.9149189053328661,-0.7384851939291797,0.07630543207244242,6591.929124029659,48122.44455405926
313,SPINE_FRAME,2,1.3776603565143233,17.367593111967835,-0.13277583978596585,-1.1664421920979735,1.3630270603069121,0.039252062258977614,12814.613323531945,82461.11206503928
314,SPINE_FRAME,2,1.3776603565143233,12.470550904227366,-0.013242023565931516,0.06386439178463155,1.0488379896926396,0.02413359219741227,20842.31787317324,114842.64431497587
315,SPINE_FRAME,2,1.3776603565143233,16.106425478229994,-0.1318998536481386,-0.39833990246309714,1.5028309403324585,0.034566562705982934,14551.634892900083,88917.99386783426
316,SPINE_FRAME,2,1.3776603565143233,13.551197469982526,0.0060467308720977275,-0.011502334710038031,-1.2264542813001036,0.027657036876914416,18187.053162584412,105684.46405407085
317,SPINE_FRAME,2,1.3776603565143233,17.367593111967835,-0.1327758397859512,1.166442192098061,-1.3630270603073313,0.03925206225898396,12814.613323529877,82461.11206503928
318,SPINE_FRAME,2,1.3776603565143233,12.470550904222364,-0.013242023565925631,-0.06386439178493619,-1.0488379896929736,0.024133592197415676,20842.317873170297,114842.64431502193
319,SPINE_FRAME,2,1.3776603565143233,16.10642547822863,-0.13189985364808343,0.3983399024634524,-1.5028309403326006,0.034566562705986056,14551.63489289877,88917.99386784178
320,SPINE_FRAME,2,1.3776603565143233,13.55119746998298,0.006046730872066974,0.011502334710193463,1.2264542812998975,0.02765703687691118,18187.05316258654,105684.4640540673
321,SPINE_LONGERON,1,2.5,1.723770785583838,-0.022855532948300894,0.5647844089531873,3.461054343153599,0.03314598602979606,15175.291498277837,566097.7245087824
322,SPINE_DIAGONAL,3,2.854461080118482,0.10657753006580606,-0.046186778066702405,0.03523317750452415,0.4634384481614441,0.016842426315903034,29865.055697174404,1134467.0953850646
323,SPINE_LONGERON,1,2.5,-8.638753779131093,-0.01848800677722151,-2.0581581308134282,2.826507295330911,0.03543155399340386,14196.385518220326,112958.73736453193
324,SPINE_DIAGONAL,3,2.854461080118482,-1.4850276511267566,-0.05382630731563359,-0.32363174379208404,0.2946427810501238,0.01703251940538103,29531.74383826557,81418.48461564374
325,SPINE_LONGERON,1,2.5,13.867875094626925,-0.026348562230526618,-3.378323601176376,0.5058347180112293,0.03648632519774398,13785.986866967394,70365.69861173663
326,SPINE_DIAGONAL,3,2.854461080118482,5.041209299539105,-0.07738711896030981,-0.4027808280281144,-0.03891751818876754,0.0188664814362719,26661.03913965396,23984.066874216773
327,SPINE_LONGERON,1,2.5,-5.456550806193718,-0.06768372950575863,-2.8711752357985727,-2.2569741558148557,0.0357836175815653,14056.711813819833,178835.08354509826
328,SPINE_DIAGONAL,3,2.854461080118482,-5.602819390030618,-0.08739768088202654,-0.3247016548895215,-0.31487733925997397,0.021065261290645464,23878.175212731363,21579.974750249563
329,SPINE_LONGERON,1,2.5,1.7237707855988447,-0.022855532948323987,-0.564784408952935,-3.461054343153882,0.03314598602980345,15175.291498274451,566097.724503854
330,SPINE_DIAGONAL,3,2.854461080118482,0.10657753006057646,-0.04618677806669813,-0.03523317750448862,-0.46343844816147334,0.01684242631589965,29865.055697180404,1134467.0954407312
331,SPINE_LONGERON,1,2.5,-8.63875377912791,-0.018488006777166444,2.058158130813732,-2.82650729533103,0.03543155399340529,14196.385518219748,112958.73736457355
332,SPINE_DIAGONAL,3,2.854461080118482,-1.485027651137898,-0.05382630731563659,0.3236317437921118,-0.2946427810501457,0.017032519405391487,29531.743838247443,81418.48461503291
333,SPINE_LONGERON,1,2.5,13.86787509461783,-0.026348562230575023,3.3783236011765734,-0.5058347180113252,0.03648632519774279,13785.986866967845,70365.69861178278
334,SPINE_DIAGONAL,3,2.854461080118482,5.041209299529328,-0.07738711896031275,0.40278082802814663,0.038917518188748335,0.018866481436264952,26661.03913966378,23984.06687426329
335,SPINE_LONGERON,1,2.5,-5.456550806212363,-0.06768372950574264,2.8711752357985993,2.2569741558145306,0.03578361758157005,14056.711813817965,178835.0835444872
336,SPINE_DIAGONAL,3,2.854461080118482,-5.602819390031755,-0.08739768088201777,0.3247016548895065,0.31487733925992534,0.021065261290644777,23878.17521273214,21579.974750245186
337,SPINE_FRAME,2,1.3776603565143233,-2.3390138911004215,-0.023439238134239468,-0.2461187664284772,-0.1587403345720979,0.006156873737035348,81697.30637390073,612288.3867236072
338,SPINE_FRAME,2,1.3776603565143233,3.8400296061563495,-0.009077376496143846,-0.46758581646528885,0.022103638140691828,0.009878065167927831,50920.90317779476,372953.12505142
339,SPINE_FRAME,2,1.3776603565143233,-2.950962432704273,0.002633782112176117,0.25723913549941857,-0.034558421010206786,0.005895221123884577,85323.3474079688,485316.59570927016
340,SPINE_FRAME,2,1.3776603565143233,-2.7232637690253796,0.019307601601720265,0.1369590602865185,0.20062023226407177,0.005504851641340808,91373.94298195564,525895.0888986167
341,SPINE_FRAME,2,1.3776603565143233,-2.339013891100876,-0.023439238134254053,0.2461187664284572,0.15874033457186343,0.00615687373703316,81697.30637392976,612288.3867234881
342,SPINE_FRAME,2,1.3776603565143233,3.8400296061563495,-0.009077376496167966,0.467585816465077,-0.02210363814092986,0.009878065167924445,50920.90317781221,372953.12505142
343,SPINE_FRAME,2,1.3776603565143233,-2.9509624327033634,0.002633782112167374,-0.2572391354991055,0.03455842101027429,0.005895221123879011,85323.34740804935,485316.59570941975
344,SPINE_FRAME,2,1.3776603565143233,-2.723263769024925,0.01930760160169398,-0.13695906028624272,-0.20062023226420322,0.005504851641339766,91373.94298197296,525895.0888987045
345,SPINE_LONGERON,1,2.5,0.3729118616170126,-0.007045335346802073,-0.031728494772007565,-0.7973408173671642,0.007535731805805701,66748.65997917777,2616765.0314537724
346,SPINE_DIAGONAL,3,2.854461080118482,0.059308041389044774,-0.02477453147448705,-0.02172773824905283,-0.09016406145343114,0.003466881097205899,145087.17948400025,2038656.1102893432
347,SPINE_LONGERON,1,2.5,-1.5133137989960233,0.028116562873167883,0.5127391550383447,-0.47773540624302946,0.007030107526962915,71549.40348647862,644825.098364342
348,SPINE_DIAGONAL,3,2.854461080118482,-2.8549690423685092,0.0002491982214708477,0.05604114743168975,-0.07330803342686609,0.0056806927082835535,88545.5393963712,42350.26691104237
349,SPINE_LONGERON,1,2.5,5.870120764970125,-0.01182919242352476,0.8686659328227158,-0.012492714733344457,0.010086748436271128,49867.40803322237,166235.54409935436
350,SPINE_DIAGONAL,3,2.854461080118482,3.2361922440452986,-0.00439396088541727,0.13230400581393786,-0.012028046474484189,0.007455209929982169,67469.59572219626,37361.40867080608
351,SPINE_LONGERON,1,2.5,-4.455267238795386,-0.0461522800950398,0.584512250514793,0.5358325173898422,0.008902981589082733,56497.92656168165,219026.75350122646
352,SPINE_DIAGONAL,3,2.854461080118482,-0.6835247870770331,-0.02882433837420245,0.08310291518490853,0.03454540288553232,0.0039032554908500564,128866.78855102461,176890.00202042857
353,SPINE_LONGERON,1,2.5,0.3729118616188316,-0.0070453353467900826,0.03172849477210349,0.7973408173673316,0.007535731805807915,66748.65997915815,2616765.031441008
354,SPINE_DIAGONAL,3,2.854461080118482,0.05930804139779866,-0.024774531474478056,0.02172773824904084,0.09016406145348022,0.003466881097214484,145087.17948364097,2038656.1099884368
355,SPINE_LONGERON,1,2.5,-1.5133137990064824,0.028116562873193196,-0.5127391550382914,0.47773540624341493,0.0070301075269686,71549.40348642076,644825.0983598854
356,SPINE_DIAGONAL,3,2.854461080118482,-2.8549690423590732,0.0002491982214633537,-0.056041147431691085,0.07330803342690828,0.005680692708276964,88545.5393964739,42350.26691118234
357,SPINE_LONGERON,1,2.5,5.870120764954663,-0.011829192423571389,-0.8686659328227209,0.012492714733621568,0.01008674843626589,49867.40803324827,166235.5440997922
358,SPINE_DIAGONAL,3,2.854461080118482,3.2361922440467197,-0.004393960885416992,-0.13230400581390422,0.012028046474527265,0.007455209929982285,67469.59572219521,37361.40867078967
359,SPINE_LONGERON,1,2.5,-4.455267238802207,-0.04615228009499983,-0.5845122505146954,-0.5358325173896556,0.00890298158908323,56497.9265616785,219026.7535008911
360,SPINE_DIAGONAL,3,2.854461080118482,-0.683524787081808,-0.028824338374196012,-0.08310291518491875,-0.03454540288555352,0.003903255490854477,128866.78855087867,176890.00201919288
361,SPINE_FRAME,2,1.3776603565143233,0.7970155102725585,-0.007932545310878756,-0.13928265491101977,0.04885805826549472,0.002906030524651177,173088.3401716426,1796892.3106856802
362,SPINE_FRAME,2,1.3776603565143233,-0.779203929680989,0.016587542505948086,-0.2634329725595048,-0.07897208323402083,0.005056583640659443,99474.27665497933,1837966.9138633783
363,SPINE_FRAME,2,1.3776603565143233,0.11861021185995924,0.008838202897388882,0.2620063016862435,0.09524421574675301,0.0047797731470961774,105235.11985199217,12074432.879328273
364,SPINE_FRAME,2,1.3776603565143233,1.1861080503763333,0.009880585285265468,0.1131990981046136,-0.055667236762356964,0.002742588459761135,183403.3823812591,1207437.249457657
365,SPINE_FRAME,2,1.3776603565143233,0.7970155102725585,-0.007932545310874707,0.1392826549106707,-0.04885805826568301,0.002906030524646659,173088.34017191172,1796892.3106856802
366,SPINE_FRAME,2,1.3776603565143233,-0.7792039296782605,0.016587542505933885,0.26343297255943554,0.07897208323382543,0.005056583640655975,99474.27665504754,1837966.913869814
367,SPINE_FRAME,2,1.3776603565143233,0.11861021185904974,0.0088382028973897,-0.26200630168603656,-0.0952442157467921,0.004779773147092652,105235.11985206978,12074432.879420858
368,SPINE_FRAME,2,1.3776603565143233,1.1861080503758785,0.009880585285264892,-0.1131990981041966,0.055667236762293015,0.002742588459754103,183403.38238172937,1207437.24945812
369,SPINE_LONGERON,1,2.5,-0.0703265056431519,-0.001987705678539342,0.017357664274754825,0.18611857507429452,0.0017594140625709275,285890.6329673163,13875603.662795499
370,SPINE_DIAGONAL,3,2.854461080118482,-0.19209911897337406,0.0038005535180017924,0.004470486015839659,0.03167560416310844,0.0013134899365181624,382949.26060367626,629407.8890795328
371,SPINE_LONGERON,1,2.5,-1.47966593683077,0.032228708767809255,-0.10154261657363506,0.13133689623303546,0.0020670223938032755,243345.21072821622,659488.5338671765
372,SPINE_DIAGONAL,3,2.854461080118482,0.1131919320198449,0.00633155370805788,-0.019742648125282036,0.023609022514855957,0.0012152279708527829,413914.10670626775,1068174.1958947356
373,SPINE_LONGERON,1,2.5,1.9596313625238508,0.0009326022095041964,-0.15285468194699942,0.009315184619868688,0.0020965721398277506,239915.4269222166,497962.3912718686
374,SPINE_DIAGONAL,3,2.854461080118482,1.4093902671675096,-0.010115050311461704,-0.006798484615992249,-0.009130502234183546,0.0016082107798873941,312769.94675736455,85787.94943011983
375,SPINE_LONGERON,1,2.5,-0.3986581104013567,-0.03900046584955552,-0.1522795578816325,-0.15657547542195793,0.002187320245433738,229961.75390872263,2447768.3855755464
376,SPINE_DIAGONAL,3,2.854461080118482,1.3557258484802333,0.012387674526712744,-0.016732947757548508,-0.014888932698814639,0.001966362434683054,255802.28300134078,89183.739546316
377,SPINE_LONGERON,1,2.5,-0.07032650563814968,-0.0019877056785118086,-0.017357664274641138,-0.18611857507429064,0.0017594140625690681,285890.63296761847,13875603.66378245
378,SPINE_DIAGONAL,3,2.854461080118482,-0.19209911897542042,0.0038005535180011263,-0.004470486015826669,-0.031675604163106774,0.0013134899365197263,382949.2606032203,629407.889072828
379,SPINE_LONGERON,1,2.5,-1.4796659368266774,0.03222870876776085,0.10154261657383401,-0.13133689623315803,0.002067022393803841,243345.21072814963,659488.5338690007
380,SPINE_DIAGONAL,3,2.854461080118482,0.11319193201347844,0.006331553708051496,0.019742648125296247,-0.02360902251486266,0.0012152279708480484,413914.10670788033,1068174.1959548148
381,SPINE_LONGERON,1,2.5,1.9596313625188486,0.0009326022095401676,0.15285468194708107,-0.0093151846199504,0.002096572139826831,239915.42692232184,497962.39127313974
382,SPINE_DIAGONAL,3,2.854461080118482,1.4093902671636442,-0.010115050311454765,0.0067984846160201815,0.009130502234165894,0.0016082107798842987,312769.94675796654,85787.94943035512
383,SPINE_LONGERON,1,2.5,-0.3986581104036304,-0.03900046584955419,0.15227955788157743,0.15657547542175365,0.0021873202454328134,229961.7539088198,2447768.385561586
384,SPINE_DIAGONAL,3,2.854461080118482,1.3557258484797785,0.012387674526714132,0.016732947757533673,0.014888932698790658,0.001966362434681741,255802.2830015116,89183.73954634591
385,SPINE_FRAME,2,1.3776603565143233,-0.0429888332473638,-0.007951965758229075,-0.07759821132033462,-0.012596254147375419,0.001357233884889798,370606.7212143334,33314489.687709954
386,SPINE_FRAME,2,1.3776603565143233,0.5118876492065283,0.008184781261136661,-0.1381769731890632,-0.006355578895831826,0.0026042089549269164,193148.86351510763,2797783.935842067
387,SPINE_FRAME,2,1.3776603565143233,-0.24654644242173163,0.011350810656347224,0.10938953315019484,0.018386808142693667,0.0020095507462278427,250304.70165741708,5808848.944801275
388,SPINE_FRAME,2,1.3776603565143233,0.09147999359038295,-0.004238762505978941,-0.08779525137016897,-0.005938293302264697,0.0015369374665649379,327274.2131299637,15655346.985688271
389,SPINE_FRAME,2,1.3776603565143233,-0.042988833244635316,-0.007951965758222952,0.07759821132028843,0.012596254147261732,0.0013572338848873303,370606.7212150072,33314489.68982441
390,SPINE_FRAME,2,1.3776603565143233,0.5118876492078925,0.008184781261132076,0.13817697318901656,0.006355578895778535,0.002604208954926778,193148.86351511788,2797783.9358346104
391,SPINE_FRAME,2,1.3776603565143233,-0.24654644242309587,0.011350810656331246,-0.10938953315015443,-0.01838680814272564,0.0020095507462279333,250304.70165740576,5808848.944769132
392,SPINE_FRAME,2,1.3776603565143233,0.09147999359356618,-0.004238762505989101,0.08779525137025379,0.005938293302239828,0.0015369374665679663,327274.21312931884,15655346.985143512
393,SPINE_LONGERON,1,1.0,0.22729325058662653,0.0084606269710914,0.0033236652964916402,-0.061595000082844686,0.0006544224705532523,768616.6393014608,26832701.718352914
394,SPINE_DIAGONAL,3,1.7023360590409793,-0.12703862408204714,-0.007544609611371045,-0.0111611394261244,0.00912189930793783,0.0006657442428558344,755545.3996001339,2675958.8365211966
395,SPINE_LONGERON,1,1.0,-0.0035845466754835797,0.02453400253237703,0.02923248132033507,-0.03168144687154495,0.00044721058486961256,1124749.764468686,1701440251.0920048
396,SPINE_DIAGONAL,3,1.7023360590409793,0.3620638829740983,-0.003977461148123085,-0.02193014736869281,0.0028578249252362298,0.0011013905127478703,456695.41745466855,938923.0593767018
397,SPINE_LONGERON,1,1.0,0.27728302662126225,-0.013410286522342219,0.050329582161331654,-0.004691357600691504,0.0005749208106061097,874903.1009500469,21995186.903077915
398,SPINE_DIAGONAL,3,1.7023360590409793,0.4687467647706569,0.00552591591504642,0.02312724175049241,0.005640646748716449,0.001255358089635953,400682.4858601638,725231.9466315154
399,SPINE_LONGERON,1,1.0,-0.48616587599735794,-0.02358185948351199,0.04407520375124818,0.054253697463977346,0.0008380433889989387,600207.5866272802,12544878.809262494
400,SPINE_DIAGONAL,3,1.7023360590409793,-0.02169013559628752,0.007231841413659679,0.010746654335585859,0.011220571151733694,0.0006183564001832588,813446.7434167879,15673029.206421115
401,SPINE_LONGERON,1,1.0,0.22729325058116956,0.008460626971089624,-0.0033236652964490077,0.06159500008305541,0.0006544224705533026,768616.6393014018,26832701.718997125
402,SPINE_DIAGONAL,3,1.7023360590409793,-0.12703862407880706,-0.007544609611370823,0.011161139426111966,-0.009121899307922732,0.0006657442428526737,755545.3996037209,2675958.8365894463
403,SPINE_LONGERON,1,1.0,-0.003584546686397516,0.024534002532369925,-0.029232481320406123,0.0316814468717439,0.0004472105848745813,1124749.7644561895,1701440245.9115977
404,SPINE_DIAGONAL,3,1.7023360590409793,0.362063882972393,-0.003977461148121475,0.021930147368681485,-0.0028578249252309007,0.0011013905127460345,456695.4174554297,938923.0593811241
405,SPINE_LONGERON,1,1.0,0.27728302662035276,-0.013410286522342219,-0.05032958216135586,0.0046913576008051905,0.0005749208106061179,874903.1009500346,21995186.90315006
406,SPINE_DIAGONAL,3,1.7023360590409793,0.4687467647715948,0.0055259159150472525,-0.02312724175050218,-0.0056406467487235545,0.0012553580896371242,400682.48585979006,725231.9466300643
407,SPINE_LONGERON,1,1.0,-0.4861658760000864,-0.023581859483524426,-0.044075203751319236,-0.0542536974639205,0.0008380433889998831,600207.5866266039,12544878.809192088
408,SPINE_DIAGONAL,3,1.7023360590409793,-0.02169013559566224,0.007231841413659845,-0.01074665433558497,-0.011220571151737246,0.0006183564001828434,813446.7434173345,15673029.206872933
409,SPINE_FRAME,2,1.3776603565143233,0.2055866870373393,-0.004785373604408357,-0.07748565909388416,0.0003838143708598807,0.0014176909182425027,354802.3010710713,6966166.255920416
410,SPINE_FRAME,2,1.3776603565143233,-0.06630984865978462,0.007510769949634789,-0.08794939566252369,-0.0062318628677751065,0.0015297730758859819,328806.93740062264,21597863.226229172
411,SPINE_FRAME,2,1.3776603565143233,-0.10378144936339595,0.00623883649362427,0.10082345927446168,0.007976361332534765,0.0017667175227522795,284708.7853730017,13799682.416182447
412,SPINE_FRAME,2,1.3776603565143233,-0.20734174431663632,-0.005831638269501461,-0.0632318740788893,-0.0006484883022892518,0.001178784798406567,426710.6266384965,6907200.702039592
413,SPINE_FRAME,2,1.3776603565143233,0.20558668703779404,-0.0047853736044050675,0.07748565909384775,-0.0003838143709167241,0.0014176909182421209,354802.3010711669,6966166.255905007
414,SPINE_FRAME,2,1.3776603565143233,-0.06630984865796563,0.0075107699496247664,0.08794939566252769,0.006231862867732474,0.0015297730758850635,328806.93740082,21597863.22682164
415,SPINE_FRAME,2,1.3776603565143233,-0.10378144936703393,0.006238836493627945,-0.10082345927450298,-0.007976361332548976,0.0017667175227548473,284708.7853725879,13799682.415698709
416,SPINE_FRAME,2,1.3776603565143233,-0.20734174431436259,-0.005831638269503885,0.06323187407889552,0.0006484883022785937,0.0011787847984055175,426710.62663887645,6907200.702115337
417,SPINE_LONGERON,1,1.5,-0.24570632849645335,0.003806887261326608,-0.0024816794921420637,0.010142094750391628,0.00018412448920687225,2731847.361351572,11031944.847704332
418,SPINE_DIAGONAL,3,2.036651187098854,-0.006777197148949199,0.004460210098205908,0.004325568568880334,0.00868549488227105,0.000380312741015564,1322595.710721706,35044702.54581585
419,SPINE_LONGERON,1,1.5,0.09832052295314497,-0.018764312111630765,-0.007764412624268857,0.006301773290395829,0.00019698832522625743,2553450.8170586396,27569205.11902233
420,SPINE_DIAGONAL,3,2.036651187098854,-0.03452943229740413,-0.004432172212148644,0.003980513313560308,-0.006959941733266528,0.00034529987814393824,1456704.8291581627,6878330.814524603
421,SPINE_LONGERON,1,1.5,0.06944623369327019,-0.004672386824925212,0.011668300211990335,0.0034040026933226386,0.00014181219150007264,3546944.69269056,39031903.10761913
422,SPINE_DIAGONAL,3,2.036651187098854,0.15222280542457156,-0.0049472146748560375,0.010030571403790267,-0.0035245666144010646,0.0005308220882610799,947586.7924934656,1560244.9154503508
423,SPINE_LONGERON,1,1.5,-0.07238619042436767,-0.020129702706642938,-0.006019195505217567,-0.003651761939998721,0.0001853016972715885,2714492.135831736,37446626.88854959
424,SPINE_DIAGONAL,3,2.036651187098854,0.17906061967983078,0.004640932521613128,-0.010081314663340946,-0.0035031302254713292,0.0005509876092095943,912906.191704685,1326393.5900810924
425,SPINE_LONGERON,1,1.5,-0.24570632849736285,0.003806887261331937,0.002481679492127853,-0.010142094750466624,0.0001841244892078242,2731847.361337448,11031944.847663498
426,SPINE_DIAGONAL,3,2.036651187098854,-0.006777197151677683,0.004460210098203854,-0.00432556856888161,-0.008685494882279154,0.0003803127410179082,1322595.7107135537,35044702.53170693
427,SPINE_LONGERON,1,1.5,0.09832052295678295,-0.018764312111627213,0.007764412624197803,-0.006301773290346091,0.00019698832522652512,2553450.8170551695,27569205.118002236
428,SPINE_DIAGONAL,3,2.036651187098854,-0.03452943229558514,-0.004432172212145702,-0.003980513313561029,0.006959941733251984,0.00034529987814211526,1456704.8291658536,6878330.81488695
429,SPINE_LONGERON,1,1.5,0.0694462336914512,-0.004672386824918107,-0.011668300212042848,-0.0034040026933368495,0.00014181219149994007,3546944.6926938756,39031903.10864148
430,SPINE_DIAGONAL,3,2.036651187098854,0.15222280542388944,-0.004947214674857536,-0.010030571403795818,0.0035245666143964016,0.0005308220882606792,947586.792494181,1560244.9154573425
431,SPINE_LONGERON,1,1.5,-0.07238619042254868,-0.020129702706655372,0.00601919550518204,0.0036517619398850343,0.00018530169727096638,2714492.1358408495,37446626.88949058
432,SPINE_DIAGONAL,3,2.036651187098854,0.17906061967846654,0.004640932521615182,0.0100813146633415,0.0035031302254836527,0.0005509876092086781,912906.191706203,1326393.5900911982
433,SPINE_FRAME,2,1.3776603565143233,0.031139496431933367,-0.0049901440072925175,-0.048307588782292576,-0.0001336302315912974,0.0008365400642229796,601286.2043460066,45991464.41036605
434,SPINE_FRAME,2,1.3776603565143233,0.12093734234304065,0.004592450822108216,-0.06580625712239119,-0.0002861790343224868,0.0011771215530451413,427313.5588238698,11842091.236333484
435,SPINE_FRAME,2,1.3776603565143233,-0.0072227855380333494,0.005679998896337849,0.059391507500208274,0.001569107658891511,0.0010124970795060957,496791.5564214441,198282371.02772072
436,SPINE_FRAME,2,1.3776603565143233,-0.06615725050005494,-0.0038507145842938775,-0.05362333510196793,0.0008777490214271211,0.0009429349588147096,533440.8225062334,21647680.807182197
437,SPINE_FRAME,2,1.3776603565143233,0.03113949643147862,-0.004990144007284092,0.04830758878223529,0.00013363023152024311,0.0008365400642217688,601286.2043468768,45991464.41103769
438,SPINE_FRAME,2,1.3776603565143233,0.12093734234485964,0.004592450822113213,0.06580625712238719,0.00028617903432603953,0.0011771215530460032,427313.55882355693,11842091.23615537
439,SPINE_FRAME,2,1.3776603565143233,-0.0072227855393975915,0.005679998896337143,-0.05939150750027977,-0.0015691076588062458,0.001012497079507955,496791.55642053194,198282370.9902691
440,SPINE_FRAME,2,1.3776603565143233,-0.0661572504996002,-0.003850714584290275,0.05362333510200168,-0.0008777490215443606,0.0009429349588150778,533440.8225060251,21647680.807330996
441,SPINE_LONGERON,1,2.5,-0.2403151913590591,-0.0020335368774886398,0.0017484740073996363,0.004227228318605808,0.00012631144154902,3982220.4056217,4060595.2281881887
442,SPINE_DIAGONAL,3,2.854461080118482,-0.03529821793040355,0.0015181091393078328,-0.0009508800050839206,0.002507251668422139,0.00013415252327318738,3749463.57867376,3425348.5885735503
443,SPINE_LONGERON,1,2.5,-0.009251951290025318,0.01518247168616993,-0.0011730048109139801,-0.004058207380706946,0.0001292029882676643,3893098.810980722,105472098.66374648
444,SPINE_DIAGONAL,3,2.854461080118482,0.02605354425384121,0.0029565628974618785,0.003631585043874619,-0.001635175176283088,0.00018858084412931851,2667291.061944075,4640777.461563341
445,SPINE_LONGERON,1,2.5,0.20677330444095787,0.0022247736407123853,0.005890655271912626,-0.0019145335953609788,0.00012996261610715904,3870343.7578176917,4719287.733646312
446,SPINE_DIAGONAL,3,2.854461080118482,-0.0012413689661343597,-0.0015129523392664601,0.0031189845567423102,0.0007796151658050476,0.0001256413406746282,4003459.3494398696,97399487.39300354
447,SPINE_LONGERON,1,2.5,0.01775982510571339,0.015061182870237388,-0.0047906671027604375,-0.0016549903059441817,0.0001322318653479498,3803924.255900235,54945514.0174664
448,SPINE_DIAGONAL,3,2.854461080118482,-0.06196516419282716,-0.0030182795633116877,-0.001969118755849486,-0.0035866943861508904,0.00021941792939415722,2292428.8885090267,1951236.6753490393
449,SPINE_LONGERON,1,2.5,-0.24031519135178314,-0.0020335368774775375,-0.0017484740072468696,-0.0042272283185179615,0.0001263114415452384,3982220.4057409214,4060595.2283111303
450,SPINE_DIAGONAL,3,2.854461080118482,-0.03529821793370047,0.0015181091393078328,0.0009508800051079014,-0.0025072516684239154,0.00013415252327608716,3749463.5785927135,3425348.5882536164
451,SPINE_LONGERON,1,2.5,-0.009251951292753802,0.015182471686164156,0.0011730048110702995,0.004058207380630563,0.0001292029882678376,3893098.8109754995,105472098.6326418
452,SPINE_DIAGONAL,3,2.854461080118482,0.026053544252420124,0.0029565628974624336,-0.003631585043865515,0.0016351751762755384,0.000188580844127941,2667291.061963558,4640777.461816472
453,SPINE_LONGERON,1,2.5,0.20677330443913888,0.0022247736406888485,-0.005890655271841877,0.00191453359529703,0.00012996261610571198,3870343.757860786,4719287.733687827
454,SPINE_DIAGONAL,3,2.854461080118482,-0.0012413689625532243,-0.0015129523392647948,-0.003118984556732096,-0.000779615165806824,0.0001256413406715407,4003459.3495382494,97399487.67398426
455,SPINE_LONGERON,1,2.5,0.017759825099346926,0.015061182870250711,0.004790667102927415,0.0016549903059299709,0.00013223186534773776,3803924.2559063346,54945514.03716303
456,SPINE_DIAGONAL,3,2.854461080118482,-0.061965164197374634,-0.0030182795633120763,0.001969118755863697,0.0035866943861513345,0.00021941792939780415,2292428.8884709245,1951236.6752058426
457,SPINE_FRAME,2,1.3776603565143233,0.03338848555313234,-0.0032913846156954647,-0.02324096390445174,0.0015836031642990633,0.00041402628584323435,1214898.7086062802,42893561.00404581
458,SPINE_FRAME,2,1.3776603565143233,0.004932582430228649,0.003933360187630098,-0.02348039990305706,0.002333045808306622,0.00040592460971284895,1239146.3536931702,290345080.3232896
459,SPINE_FRAME,2,1.3776603565143233,-0.04042393863073812,0.003488578992703133,0.02593138477435719,-0.0013921057609316279,0.00046287017738638937,1086697.7925434837,35428290.52330356
460,SPINE_FRAME,2,1.3776603565143233,-0.013667981976595911,-0.003735469471758055,-0.020845977283760586,0.002492072216366381,0.0003663478074025139,1373012.1754143422,104781455.25493804
461,SPINE_FRAME,2,1.3776603565143233,0.03338848555131335,-0.003291384615697901,0.023240963904566314,-0.0015836031643239323,0.000414026285844268,1214898.7086032468,42893561.00638262
462,SPINE_FRAME,2,1.3776603565143233,0.004932582431592891,0.003933360187630998,0.023480399902944704,-0.0023330458082710948,0.000405924609711607,1239146.3536969614,290345080.2429866
463,SPINE_FRAME,2,1.3776603565143233,-0.040423938631647616,0.0034885789926974425,-0.02593138477425372,0.001392105761016893,0.00046287017738517967,1086697.7925463237,35428290.52250646
464,SPINE_FRAME,2,1.3776603565143233,-0.013667981977960153,-0.00373546947175564,0.0208459772836882,-0.0024920722164765152,0.0003663478074022117,1373012.1754154747,104781455.24447949
465,SPINE_LONGERON,1,2.0,0.10442617431499457,-0.00021767631925762032,-0.0006583716674342099,-0.00016132146903174993,4.2302129295267834e-05,11890654.403920716,14600965.791365901
466,SPINE_DIAGONAL,3,2.4285691379722283,-0.09386309890442135,-0.0005614243653730422,0.0008575239930551648,0.0022749005585526727,0.0001660433480819406,3029329.423975328,1779549.0991988385
467,SPINE_LONGERON,1,2.0,0.07804269257985652,0.011973668613364019,-0.0027647474290724006,-0.003418394297479921,0.00011767457980537863,4274500.073269087,19537037.338073496
468,SPINE_DIAGONAL,3,2.4285691379722283,-0.06915025561011134,0.0011177679742945812,-0.0015828049403914801,0.0026477883609386105,0.0001716710188657811,2930022.803635041,2415522.4247493646
469,SPINE_LONGERON,1,2.0,-0.10495186958632985,0.0002616782744979673,-0.0009912179444822797,0.0007361438331479064,4.766212014865474e-05,10553454.156700939,14527830.756194988
470,SPINE_DIAGONAL,3,2.4285691379722283,0.09110111572385904,0.0006066834784027031,0.0026620463844579945,-0.00073918396592354,0.0001757589973036335,2861873.4045861633,1833501.0694016004
471,SPINE_LONGERON,1,2.0,-0.0705351456090284,-0.0120278934897593,-0.003073306351300431,0.002965284793692291,0.00011591867705298752,4339248.969948769,21616500.337971736
472,SPINE_DIAGONAL,3,2.4285691379722283,0.06639380132537553,-0.0011058650249696766,0.002664310355988131,0.0011211690728891721,0.00016253488345629812,3094720.2797560995,2515807.0447690203
473,SPINE_LONGERON,1,2.0,0.1044261743181778,-0.0002176763192416331,0.0006583716674022355,0.0001613214688770473,4.230212929572868e-05,11890654.403791176,14600965.790920818
474,SPINE_DIAGONAL,3,2.4285691379722283,-0.09386309890101074,-0.0005614243653758733,-0.0008575239930653233,-0.002274900558580595,0.00016604334808019956,3029329.4240070917,1779549.0992635002
475,SPINE_LONGERON,1,2.0,0.07804269257940177,0.011973668613364019,0.0027647474289018703,0.00341839429746571,0.00011767457980465687,4274500.073295305,19537037.338187337
476,SPINE_DIAGONAL,3,2.4285691379722283,-0.06915025560761023,0.0011177679742952473,0.0015828049403890931,-0.002647788360939332,0.00017167101886373369,2930022.803669986,2415522.424836732
477,SPINE_LONGERON,1,2.0,-0.10495186958769409,0.00026167827453793535,0.0009912179444535318,-0.0007361438332011971,4.766212014921905e-05,10553454.156575989,14527830.756006144
478,SPINE_DIAGONAL,3,2.4285691379722283,0.09110111572181268,0.0006066834784048125,-0.0026620463844633235,0.0007391839659030008,0.00017575899730194123,2861873.404613719,1833501.0694427853
479,SPINE_LONGERON,1,2.0,-0.0705351456099379,-0.01202789348973532,0.0030733063513075365,-0.0029652847938130833,0.00011591867705345515,4339248.969931263,21616500.33769301
480,SPINE_DIAGONAL,3,2.4285691379722283,0.06639380132901351,-0.0011058650249621271,-0.0026643103560021197,-0.0011211690728871737,0.00016253488345962115,3094720.279692828,2515807.044631169
481,SPINE_FRAME,2,1.3776603565143233,-0.015319756154440256,-0.0036987325409965797,-0.0013263418271294292,0.0023267949117347086,7.589779186018115e-05,6627333.782340152,93483931.95481062
482,SPINE_FRAME,2,1.3776603565143233,-0.053299501930723636,0.003373352952772947,-0.0015377290433855606,0.0021321802800216005,8.703471425378931e-05,5779303.170149724,26869876.64101311
483,SPINE_FRAME,2,1.3776603565143233,0.01069052646835189,0.004034487407911097,0.002202854983631042,-0.0019816902573630557,8.11523677966076e-05,6198217.176616095,133964500.82656895
484,SPINE_FRAME,2,1.3776603565143233,-0.05937096860634483,0.003033625763673193,0.002659830697104848,0.002258553363990501,9.974196329085972e-05,5043012.824333432,24122076.42091481
485,SPINE_FRAME,2,1.3776603565143233,-0.015319756158078235,-0.0036987325410167532,0.0013263418270277327,-0.002326794911716945,7.589779186090985e-05,6627333.782276523,93483931.932611
486,SPINE_FRAME,2,1.3776603565143233,-0.05329950193163313,0.003373352952766095,0.0015377290435694135,-0.002132180280003837,8.703471425541064e-05,5779303.170042064,26869876.640554603
487,SPINE_FRAME,2,1.3776603565143233,0.010690526466532901,0.004034487407911889,-0.002202854983382352,0.001981690257448321,8.115236779449944e-05,6198217.17677711,133964500.84936295
488,SPINE_FRAME,2,1.3776603565143233,-0.05937096861134705,0.003033625763648043,-0.0026598306970218033,-0.0022585533640580024,9.974196329267892e-05,5043012.824241453,24122076.418882437
489,RING1_SPOKE,5,10.2,-1023.4235323414325,-0.040765030377429935,-0.05996834571090537,0.43506105813065515,0.5753569733877472,874.2398602354576,19.884137947946023
490,RING1_HUB_LINK,6,0.7121802136903782,-209.12721501344276,-0.10204037946375932,-182.26778098475086,-0.09433441761956374,2.736051714366739,183.84155436784928,32274.168885004932
491,RING1_SPOKE,5,10.800000553501143,-230.36100716510316,-0.05888696909315226,-12.524817760753026,0.03382453971090735,0.3787026132476669,1328.2189834561402,78.79632914162336
492,RING1_HUB_LINK,6,0.7121802136903782,-206.88457691451185,-0.06141227296403273,-180.82475095645054,0.11261218028749909,2.7141133296461253,185.3275596511597,32624.022324213944
493,RING1_SPOKE,5,10.800000553501143,-227.19208469392026,0.002545437517423782,12.913303661972307,0.11091127396983477,0.38474642632193023,1307.354573266713,79.8953967363418
494,RING1_SPOKE,5,10.2,-1019.339025992884,-0.037500325240066516,0.06455426149881482,-0.0972022132096185,0.5666285078613198,887.7068361747647,19.963813978798164
495,RING1_HUB_LINK,6,0.7121802136903782,-208.34375372245336,-0.12012497591245996,-182.27164418492816,-0.10588696290994903,2.7357383654066862,183.86261141065862,32395.53351230228
496,RING1_SPOKE,5,10.800000553501143,-228.7370875033339,-0.06611708844511195,12.907045290325845,-0.03626644232141382,0.3854693831249551,1304.9025993251084,79.35574392461723
497,RING1_HUB_LINK,6,0.7121802136903782,-207.6212740876972,-0.09399244541081542,181.1636419265211,-0.1156443407161305,2.719364692762893,184.96967373984273,32508.263353319504
498,RING1_SPOKE,5,10.800000553501143,-228.47518633837944,-0.0036285657402784395,-12.55529353359511,-0.12658572197702117,0.37828033197233957,1329.701698677742,79.4467094343199
499,RING1_SPOKE,5,10.2,-1023.4235323414277,-0.04076503037739546,0.05996834571091658,-0.43506105812572254,0.5753569733876466,874.2398602356104,19.884137947946115
500,RING1_HUB_LINK,6,0.7121802136903782,-209.12721501344822,-0.10204037946706135,182.2677809847512,0.09433441761765948,2.736051714366746,183.84155436784877,32274.168885004092
501,RING1_SPOKE,5,10.800000553501143,-230.36100716510828,-0.05888696909360926,12.52481776075253,-0.033824539708003226,0.3787026132476597,1328.2189834561657,78.79632914162161
502,RING1_HUB_LINK,6,0.7121802136903782,-206.88457691451185,-0.06141227296300422,180.82475095645012,-0.11261218028579378,2.714113329646119,185.32755965116016,32624.022324213944
503,RING1_SPOKE,5,10.800000553501143,-227.19208469392083,0.00254543751695651,-12.913303661972318,-0.11091127396794312,0.3847464263219305,1307.3545732667124,79.8953967363416
504,RING1_SPOKE,5,10.2,-1019.339025992884,-0.037500325240590764,-0.06455426149883436,0.09720221320861186,0.566628507861303,887.706836174791,19.963813978798164
505,RING1_HUB_LINK,6,0.7121802136903782,-208.34375372245427,-0.12012497591275684,182.2716441849284,0.1058869629110859,2.7357383654066902,183.86261141065836,32395.53351230214
506,RING1_SPOKE,5,10.800000553501143,-228.7370875033347,-0.06611708844587132,-12.907045290325742,0.036266442322280185,0.38546938312495355,1304.9025993251137,79.35574392461695
507,RING1_HUB_LINK,6,0.7121802136903782,-207.62127408769084,-0.09399244541410923,-181.16364192652122,0.11564434071755159,2.7193646927628916,184.96967373984282,32508.2633533205
508,RING1_SPOKE,5,10.800000553501143,-228.4751863383774,-0.0036285657410133846,12.55529353359532,0.12658572197953194,0.3782803319723432,1329.7016986777292,79.44670943432061
509,RING1_CIRCUMFERENCE,4,6.211657042450509,2207.13934803953,0.009715108342296497,-5.029539120412924,-0.31283310769553374,0.6328330373221446,794.8384018136321,143.08883648851173
510,RING1_CIRCUMFERENCE,4,6.211657301079158,2224.199927465821,-0.013438729611681577,0.9352539218218752,-0.4258665395598813,0.6142021504903413,818.9486142281261,141.9912711444508
511,RING1_CIRCUMFERENCE,4,6.211657042450509,-2209.5177318362475,-0.0009540035680788428,5.023999063130718,0.4025127426297299,0.6334883044795804,794.0162374634866,142.93481184988045
512,RING1_CIRCUMFERENCE,4,6.211657042450509,2209.451163232591,0.002752513730503392,-5.04453648526199,-0.4599600623416813,0.6336174013831963,793.8544599658144,142.9391183360328
513,RING1_CIRCUMFERENCE,4,6.211657301079158,-2224.15483360947,0.003164754547905546,-0.9092104125836578,0.37981343894930664,0.6139441977692268,819.2927009126499,141.99414996110838
514,RING1_CIRCUMFERENCE,4,6.211657042450509,-2207.1610955438273,0.0073944388893743,-5.0268557583512266,-0.242095968721582,0.6328007919155181,794.8789041135601,143.08742661177337
515,RING1_CIRCUMFERENCE,4,6.211657042450509,2207.139348039528,0.00971510833994449,5.02953912041286,0.31283310770136374,0.6328330373221459,794.8384018136305,143.08883648851184
516,RING1_CIRCUMFERENCE,4,6.211657301079158,2224.1999274658247,-0.013438729612890221,-0.9352539218219711,0.425866539564832,0.6142021504903548,818.9486142281082,141.99127114445056
517,RING1_CIRCUMFERENCE,4,6.211657042450509,-2209.5177318362503,-0.0009540035679128089,-5.023999063130649,-0.4025127426342383,0.6334883044795828,794.0162374634835,142.93481184988028
518,RING1_CIRCUMFERENCE,4,6.211657042450509,2209.4511632325903,0.00275251373009916,5.04453648526199,0.45996006233488895,0.6336174013831927,793.854459965819,142.93911833603286
519,RING1_CIRCUMFERENCE,4,6.211657301079158,-2224.15483360947,0.0031647545510168906,0.9092104125836045,-0.37981343894210084,0.6139441977692104,819.2927009126719,141.99414996110838
520,RING1_CIRCUMFERENCE,4,6.211657042450509,-2207.161095543828,0.007394438891196509,5.026855758351303,0.24209596872148964,0.6328007919155189,794.8789041135592,143.0874266117733
521,RING2_SPOKE,5,10.2,-1021.0140604628107,0.03999967850623145,0.07506865158594977,0.2365279252783124,0.5701923486632107,882.158452633151,19.931062151119576
522,RING2_HUB_LINK,6,0.7121802136903782,-207.19630908326286,0.08892710086406996,-180.9205367688209,-0.10601328344546346,2.715646425050135,185.22293453232368,32574.9386446952
523,RING2_SPOKE,5,10.800000553501143,-227.77481672614704,0.005052220440559486,-12.75248252678454,0.11724044105398651,0.3818451235568045,1317.288002304872,79.69099482934034
524,RING2_HUB_LINK,6,0.7121802136903782,-208.6898633696337,0.1076308811515932,-182.12736621905586,0.09238387375359025,2.733813676466571,183.99205634603558,32341.805906691163
525,RING2_SPOKE,5,10.800000553501143,-229.5909440254087,0.06034779600402172,12.682701702578052,0.030810534281980426,0.3814424663313884,1318.6785541676034,79.06061721654187
526,RING2_SPOKE,5,10.2,-1021.6679163300983,0.04017711984641081,-0.05417380265798477,-0.18662093513778233,0.5694747968521453,883.2699932998011,19.918306497623483
527,RING2_HUB_LINK,6,0.7121802136903782,-207.3544368710866,0.09022018256625963,-181.12230110942988,-0.11231721497566127,2.718640604373209,185.0189389472347,32550.097107354086
528,RING2_SPOKE,5,10.800000553501143,-227.9313632842642,0.0032815699647991757,12.71837708536103,-0.12311190365176655,0.3812489597147219,1319.34786229025,79.63626190108637
529,RING2_HUB_LINK,6,0.7121802136903782,-208.7892218604593,0.09557372657381513,182.4205488758054,-0.09751774975200078,2.73810288048097,183.70383508440122,32326.41510731546
530,RING2_SPOKE,5,10.800000553501143,-229.51401218368733,0.058998267591382936,-12.751319455718235,-0.039972129781309235,0.3827763970784257,1314.08311442187,79.0871179030674
531,RING2_SPOKE,5,10.2,-1021.0140604628164,0.039999678505780796,-0.07506865158594422,-0.23652792527798505,0.5701923486632074,882.1584526331558,19.931062151119466
532,RING2_HUB_LINK,6,0.7121802136903782,-207.19630908326653,0.08892710086406108,180.92053676882205,0.10601328344608874,2.7156464250501533,185.22293453232243,32574.938644694626
533,RING2_SPOKE,5,10.800000553501143,-227.77481672614738,0.005052220440401899,12.752482526784465,-0.11724044105443804,0.38184512355680333,1317.288002304876,79.69099482934023
534,RING2_HUB_LINK,6,0.7121802136903782,-208.68986336963007,0.10763088114873232,182.127366219057,-0.09238387375415869,2.7338136764665855,183.9920563460346,32341.805906691727
535,RING2_SPOKE,5,10.800000553501143,-229.5909440254061,0.06034779600318405,-12.682701702578374,-0.03081053428364558,0.38144246633139345,1318.6785541675858,79.06061721654277
536,RING2_SPOKE,5,10.2,-1021.667916330102,0.04017711984567033,0.05417380265802274,0.18662093514267203,0.5694747968522414,883.2699932996519,19.918306497623412
537,RING2_HUB_LINK,6,0.7121802136903782,-207.3544368710844,0.09022018256992848,181.12230110942977,0.11231721497841818,2.7186406043732063,185.0189389472349,32550.097107354428
538,RING2_SPOKE,5,10.800000553501143,-227.93136328426135,0.0032815699651178773,-12.718377085361169,0.12311190365550058,0.3812489597147239,1319.3478622902433,79.63626190108737
539,RING2_HUB_LINK,6,0.7121802136903782,-208.78922186046384,0.09557372657327246,-182.42054887580485,0.09751774975421768,2.7381028804809637,183.70383508440162,32326.41510731476
540,RING2_SPOKE,5,10.800000553501143,-229.5140121836895,0.058998267592564727,12.751319455717752,0.03997212978348537,0.3827763970784175,1314.0831144218982,79.08711790306666
541,RING2_CIRCUMFERENCE,4,6.211657042450509,2208.5239719880756,0.0006690725059532721,-5.0197148312152855,-0.268401880894769,0.6331398229033013,794.4532657785808,142.99912760045598
542,RING2_CIRCUMFERENCE,4,6.211657301079158,-2224.2331449269604,-0.007956428017062644,-0.8086574078948416,0.305810807841401,0.61326408154372,820.2013050133946,141.98915059807635
543,RING2_CIRCUMFERENCE,4,6.211657042450509,-2208.1539712823123,0.0020909092862950174,5.031234158127823,0.35737207336933574,0.6331375098330508,794.4561681910676,143.02308869140515
544,RING2_CIRCUMFERENCE,4,6.211657042450509,2208.1748941486585,-0.000672296986582166,-5.032126346287789,-0.28322726135131404,0.6331210490300963,794.476823619379,143.02173352113442
545,RING2_CIRCUMFERENCE,4,6.211657301079158,-2224.128130677722,-0.00872020237998311,-0.7674607899511194,0.3166318622813362,0.6130359542343204,820.5065241699324,141.99585474602736
546,RING2_CIRCUMFERENCE,4,6.211657042450509,-2208.458595921831,0.003827018044355812,-5.044755502804579,-0.3235701556278068,0.6332859201269472,794.2699877160851,143.00336074318102
547,RING2_CIRCUMFERENCE,4,6.211657042450509,2208.5239719880665,0.0006690725107105777,5.019714831215303,0.2684018808796935,0.6331398229032944,794.4532657785895,142.99912760045655
548,RING2_CIRCUMFERENCE,4,6.211657301079158,-2224.233144926955,-0.007956428014834871,0.8086574078947919,-0.30581080782537695,0.6132640815436853,820.201305013441,141.9891505980767
549,RING2_CIRCUMFERENCE,4,6.211657042450509,-2208.153971282318,0.002090909289688081,-5.031234158127658,-0.3573720733639605,0.6331375098330493,794.4561681910697,143.0230886914048
550,RING2_CIRCUMFERENCE,4,6.211657042450509,2208.1748941486567,-0.0006722969884372931,5.032126346287736,0.28322726136056575,0.6331210490300985,794.4768236193762,143.02173352113456
551,RING2_CIRCUMFERENCE,4,6.211657301079158,-2224.1281306777255,-0.00872020238414889,0.7674607899512313,-0.3166318622905977,0.6130359542343424,820.506524169903,141.99585474602713
552,RING2_CIRCUMFERENCE,4,6.211657042450509,-2208.458595921833,0.0038270180398538023,5.04475550280447,0.32357015562556546,0.6332859201269461,794.2699877160866,143.0033607431809
553,PROP_BOOM,6,1.4000000000000001,153.4789591822555,0.08506944278817558,-11.634369083554056,11.148592068307892,0.30554405092317327,1646.2438017700943,11379.95413435221
554,PROP_BOOM,6,2.309573527890154,12.474118406381649,-0.5994605779658566,7.963777656387006,4.061088352858146,0.13544597739123318,3713.65772308685,51448.41267929444
555,PROP_BOOM,6,1.533797120124469,174.27671138649544,0.6279989178125849,5.169337688259137,-12.972768710576574,0.28436422199661965,1768.858249706179,8349.687780642858
556,PROP_BOOM,6,1.8717336298098084,6.463431660118204,-3.3591873948685844,-8.417766239808511,20.34761603166817,0.3244234681180627,1550.4427066199494,151179.94403089606
557,PROP_BOOM,6,1.533797120124469,113.67025829174577,1.3164932922884163,6.986078043122209,-11.861165961763277,0.2533312825624216,1985.54238904964,12801.555564162116
558,PROP_BOOM,6,2.7784885065375025,10.89539505042103,0.9057692089583536,-5.532315108287306,-3.753503453019082,0.10250749464816686,4906.958283649703,40699.140472475534
559,PROP_BOOM,6,1.4000000000000001,153.47895918223367,0.08506944278816941,11.63436908355353,-11.148592068307941,0.30554405092315795,1646.2438017701766,11379.95413435383
560,PROP_BOOM,6,2.309573527890154,12.474118406381251,-0.5994605779658384,-7.963777656387057,-4.061088352858192,0.1354459773912339,3713.6577230868306,51448.412679296074
561,PROP_BOOM,6,1.533797120124469,174.27671138647952,0.6279989178125911,-5.169337688259034,12.97276871057662,0.2843642219966122,1768.8582497062255,8349.68778064362
562,PROP_BOOM,6,1.8717336298098084,6.463431660118658,-3.3591873948685937,8.417766239808296,-20.347616031668327,0.3244234681180639,1550.442706619944,151179.94403088544
563,PROP_BOOM,6,1.533797120124469,113.67025829176009,1.3164932922884176,-6.986078043122841,11.86116596176332,0.25333128256243354,1985.5423890495467,12801.555564160502
564,PROP_BOOM,6,2.7784885065375025,10.895395050417164,0.9057692089583667,5.532315108287397,3.7535034530190874,0.10250749464816622,4906.958283649734,40699.14047248997
565,DOCK_LINK,7,1.0770329614269003,-0.053663034760802475,-0.0006390061822458826,0.002514782065411225,0.020762163177302284,0.00032802996949740746,1533396.478287254,54993607.520619504
566,DOCK_LINK,7,1.0770335194126097,0.006821232997936022,0.007124839980430231,0.007059195321637901,0.003174515395635069,0.0001457627953129993,3450811.977911773,432637444.73749554
567,DOCK_LINK,7,1.0770329614269003,0.05377094960113027,0.0006425089691144414,0.0025780100814145612,0.023691964021175238,0.00037029302129187717,1358383.6882616235,54883238.88441985
568,DOCK_LINK,7,1.0770335194126097,-0.0036948067968296527,0.007124206210867179,0.0034590921987245338,-0.007416891542618487,0.0001496985378764857,3360086.2582573695,798721280.0188498
569,DOCK_LINK,7,1.0770329614269003,-0.05366303475989298,-0.0006390061823218218,-0.0025147820655178066,-0.02076216317816204,0.00032802996950953404,1533396.4782305676,54993607.52155155
570,DOCK_LINK,7,1.0770335194126097,0.006821232996344406,0.007124839980386488,-0.0070591953215952685,-0.003174515395464539,0.00014576279531082557,3450811.9779632343,432637444.838444
571,DOCK_LINK,7,1.0770329614269003,0.053770949602721885,0.000642508969251887,-0.0025780100804553285,-0.02369196402106155,0.0003702930212895289,1358383.688270238,54883238.88279531
572,DOCK_LINK,7,1.0770335194126097,-0.003694806795920158,0.007124206210813444,-0.0034590921988737477,0.007416891542995074,0.00014969853788043664,3360086.258168688,798721280.215459
573,DOCK_RING,7,0.612293261803525,0.0015104218032320205,-0.00461656787529943,0.006251042330609025,-0.017748822513226514,0.000279065048376018,1802447.1460225557,6045444271.124187
574,DOCK_RING,7,0.612293261803525,0.00395978543383535,0.002790867806498844,0.0070835648238034565,-0.025730497366481586,0.0003896144228688626,1291019.9686557832,2305976167.1192007
575,DOCK_RING,7,0.612293261803525,0.004267895992143167,0.0029441660812254368,-0.005150985705661526,0.027749864761119625,0.00041207003397549934,1220666.2909875829,2139501725.0044963
576,DOCK_RING,7,0.612293261803525,-0.009641678142088494,-0.004462963781498595,0.008215906356536351,-0.0157690809098483,0.00026774628300256346,1878644.1938959958,947052027.9524877
577,DOCK_RING,7,0.612293261803525,0.0015104217982297996,-0.004616567874992523,-0.006251042330921663,0.01774882251251597,0.00027906504836489607,1802447.1460943904,6045444291.145514
578,DOCK_RING,7,0.612293261803525,0.003959785436109087,0.0027908678064969376,-0.007083564825290267,0.025730497366822647,0.00038961442288035464,1291019.968617703,2305976165.795093
579,DOCK_RING,7,0.612293261803525,0.004267895993507409,0.0029441660811474982,0.005150985704336364,-0.02774986476021013,0.0004120700339596797,1220666.291034445,2139501724.3206
580,DOCK_RING,7,0.612293261803525,-0.009641678144816979,-0.00446296378188383,-0.008215906356118907,0.015769080909336708,0.00026774628299568035,1878644.1939442912,947052027.6844828
581,RING1_TORQUE_BRACE,8,10.977179919856466,132.29702324751622,-0.019293333597220023,-4.319385110557892,0.01431873915841568,0.3165436215048313,1589.0384952594056,44.44685154359025
582,RING1_TORQUE_BRACE,8,10.977179919856466,132.56992975935282,0.03385851054270036,4.308499562237365,-0.0731244259898228,0.31633559600208616,1590.0834631227615,44.35535390729446
583,RING1_TORQUE_BRACE,8,10.479871431130489,501.7294242296565,-0.021014156851572516,-0.044994198780526795,0.13447963329547516,0.47063388653440014,1068.7713196853158,12.858525171774076
584,RING1_TORQUE_BRACE,8,10.271903773099885,558.0908346382624,0.023463386004774107,-0.11428606082398074,0.01674311824849027,0.5216042429563649,964.3326464314802,12.03277691687762
585,RING1_TORQUE_BRACE,8,10.271903773099885,576.8309601180741,-0.002351290493716696,-0.0904347940618401,0.05324038711628771,0.538469315291522,934.1293658073735,11.641855199973397
586,RING1_TORQUE_BRACE,8,10.479871431130489,-485.432924757367,-0.03583879350043028,0.09554596571269186,-0.0717034655081653,0.4545514595457219,1106.585380899882,13.290199534984968
587,RING1_TORQUE_BRACE,8,10.977179919856466,133.31641164035761,-0.025952555505814188,4.43062148815042,0.0021398530686304387,0.3224857879818498,1559.7586583515113,44.10699387712299
588,RING1_TORQUE_BRACE,8,10.977179919856466,134.3663743321656,0.04153806812874952,-4.427958906797458,0.08570770918364598,0.32337738717592557,1555.458173475671,43.76233400035726
589,RING1_TORQUE_BRACE,8,10.479871431130489,-485.058611306868,0.015815240373976424,0.07445140333952083,0.03275718809599695,0.45249017393788493,1111.6263489713895,13.300455409903584
590,RING1_TORQUE_BRACE,8,10.271903773099885,575.7009571427393,0.026298411686164435,-0.045185015803712036,-0.0175673956395438,0.5348870795715478,940.3853994807843,11.66470617989825
591,RING1_TORQUE_BRACE,8,10.271903773099885,559.7827279370205,7.312126510632816e-05,-0.06897135547953659,-0.060849557641375965,0.5221115167831702,963.3957187902693,11.99640892334173
592,RING1_TORQUE_BRACE,8,10.479871431130489,-501.9213640549133,-0.04262661356297369,-0.10519451641611066,0.02174285459096534,0.46926817968200996,1071.8817549931634,12.853607941205144
593,RING1_TORQUE_BRACE,8,10.977179919856466,132.29702324751656,-0.01929333359721274,4.319385110557825,-0.014318739157281407,0.31654362150482845,1589.03849525942,44.446851543590135
594,RING1_TORQUE_BRACE,8,10.977179919856466,132.5699297593594,0.03385851054267892,-4.3084995622371975,0.07312442599092826,0.3163355960020856,1590.0834631227644,44.35535390729225
595,RING1_TORQUE_BRACE,8,10.479871431130489,501.7294242296537,-0.021014156851372857,0.04499419878052169,-0.13447963329411675,0.4706338865343396,1068.7713196854534,12.858525171774147
596,RING1_TORQUE_BRACE,8,10.271903773099885,558.0908346382578,0.023463386004941696,0.1142860608239856,-0.016743118247132385,0.5216042429563519,964.332646431504,12.03277691687772
597,RING1_TORQUE_BRACE,8,10.271903773099885,576.8309601180746,-0.0023512904935425226,0.09043479406184843,-0.053240387115410286,0.5384693152915029,934.1293658074065,11.641855199973389
598,RING1_TORQUE_BRACE,8,10.479871431130489,-485.4329247573679,-0.03583879350058134,-0.09554596571269197,0.0717034655084545,0.45455145954573056,1106.585380899861,13.290199534984943
599,RING1_TORQUE_BRACE,8,10.977179919856466,133.31641164035682,-0.025952555505668305,-4.430621488150422,-0.002139853068823999,0.3224857879818491,1559.7586583515147,44.10699387712325
600,RING1_TORQUE_BRACE,8,10.977179919856466,134.366374332168,0.041538068128893255,4.427958906797423,-0.08570770918390228,0.32337738717592646,1555.4581734756664,43.76233400035648
601,RING1_TORQUE_BRACE,8,10.479871431130489,-485.05861130686685,0.01581524037370811,-0.07445140333951844,-0.03275718809588701,0.45249017393788177,1111.6263489713972,13.300455409903615
602,RING1_TORQUE_BRACE,8,10.271903773099885,575.7009571427384,0.02629841168644499,0.0451850158037122,0.01756739563993935,0.5348870795715535,940.3853994807743,11.66470617989827
603,RING1_TORQUE_BRACE,8,10.271903773099885,559.7827279370223,7.312126537534821e-05,0.06897135547953681,0.060849557642553634,0.522111516783207,963.3957187902015,11.996408923341692
604,RING1_TORQUE_BRACE,8,10.479871431130489,-501.9213640549137,-0.04262661356327019,0.105194516416108,-0.021742854590502257,0.46926817968200607,1071.8817549931723,12.853607941205135
605,RING2_TORQUE_BRACE,8,10.977179919856466,133.77606500932802,-0.034096879452045925,-4.379441147072947,-0.07042456469347858,0.320637521349445,1568.7496518905793,43.95544263864574
606,RING2_TORQUE_BRACE,8,10.977179919856466,132.7714455013696,0.018603527684917538,4.3804846792551695,0.014090714799564051,0.319728471878984,1573.2099085325863,44.28803294064162
607,RING2_TORQUE_BRACE,8,10.479871431130489,-492.7390086069144,0.03563665415377149,-0.10166091930125931,-0.04322589902556376,0.46090784383695693,1091.3244517876612,13.093139203889328
608,RING2_TORQUE_BRACE,8,10.271903773099885,569.2338628643166,-0.0007386743566676404,0.020476525434123594,0.0561956951053116,0.5294111816127821,950.1121575628157,11.797229488009108
609,RING2_TORQUE_BRACE,8,10.271903773099885,-565.4672885732346,0.023905658239318135,0.05644991061141447,-0.03693199433260946,0.5262704316347453,955.7823692232513,11.8758107644038
610,RING2_TORQUE_BRACE,8,10.479871431130489,-494.8090944811029,-0.013583981061546593,0.0816214105754236,-0.010080063769872801,0.4615529265855729,1089.7991780076877,13.038362679332563
611,RING2_TORQUE_BRACE,8,10.977179919856466,133.1718558751794,-0.03509533004446898,4.357694961141104,0.07538493728681181,0.31910513675433905,1576.2829928595954,44.154871262383686
612,RING2_TORQUE_BRACE,8,10.977179919856466,132.89915743093036,0.02007244268165605,-4.370264532420145,-0.01325496919535199,0.31938734610112335,1574.8901956834,44.245473527529924
613,RING2_TORQUE_BRACE,8,10.479871431130489,-494.4997486668205,0.03484515359335694,0.09986799488246845,0.05160246506999799,0.46262430570787466,1087.2753415546235,13.046519130232328
614,RING2_TORQUE_BRACE,8,10.271903773099885,567.4496913202423,-6.013881947370889e-05,-0.0003307082003897732,-0.0588681064133836,0.5277179597148359,953.1606623200908,11.834322258475595
615,RING2_TORQUE_BRACE,8,10.271903773099885,-568.4269505546663,0.02337900251437585,-0.04507726001986534,0.034884838437966505,0.5285389855874416,951.6800344272496,11.813976283150252
616,RING2_TORQUE_BRACE,8,10.479871431130489,491.86245711922555,0.014228298920992933,-0.038512963734602224,-0.079282930985284,0.4590915665914394,1095.64199520057,13.116472577846968
617,RING2_TORQUE_BRACE,8,10.977179919856466,133.77606500932427,-0.0340968794519419,4.379441147073106,0.07042456469352354,0.32063752134944873,1568.7496518905612,43.95544263864697
618,RING2_TORQUE_BRACE,8,10.977179919856466,132.77144550137632,0.01860352768505083,-4.380484679255142,-0.014090714799429326,0.31972847187898895,1573.209908532562,44.28803294063938
619,RING2_TORQUE_BRACE,8,10.479871431130489,-492.73900860691015,0.035636654153711055,0.10166091930125387,0.04322589902529704,0.4609078438369481,1091.3244517876822,13.093139203889441
620,RING2_TORQUE_BRACE,8,10.271903773099885,569.2338628643186,-0.0007386743566096455,-0.020476525434143467,-0.056195695105505115,0.5294111816127923,950.1121575627973,11.797229488009068
621,RING2_TORQUE_BRACE,8,10.271903773099885,-565.4672885732374,0.023905658239004056,-0.05644991061141469,0.03693199433226702,0.5262704316347395,955.7823692232619,11.87581076440374
622,RING2_TORQUE_BRACE,8,10.479871431130489,-494.80909448110253,-0.013583981061864467,-0.0816214105754085,0.010080063769342232,0.461552926585569,1089.799178007697,13.038362679332572
623,RING2_TORQUE_BRACE,8,10.977179919856466,133.17185587517815,-0.03509533004425891,-4.357694961141205,-0.07538493728568513,0.31910513675434155,1576.282992859583,44.154871262384106
624,RING2_TORQUE_BRACE,8,10.977179919856466,132.89915743092968,0.020072442681884402,4.37026453242019,0.013254969196442645,0.319387346101125,1574.890195683392,44.24547352753015
625,RING2_TORQUE_BRACE,8,10.479871431130489,-494.49974866682084,0.03484515359352133,-0.09986799488247211,-0.05160246506959577,0.46262430570786683,1087.275341554642,13.04651913023232
626,RING2_TORQUE_BRACE,8,10.271903773099885,567.4496913202431,-6.013881958117696e-05,0.00033070820040187465,0.0588681064151405,0.5277179597149158,953.1606623199467,11.834322258475577
627,RING2_TORQUE_BRACE,8,10.271903773099885,-568.4269505546592,0.02337900251481188,0.04507726001987011,-0.034884838437473,0.5285389855874219,951.6800344272852,11.8139762831504
628,RING2_TORQUE_BRACE,8,10.479871431130489,491.8624571192245,0.01422829892058923,0.03851296373460211,0.07928293098615388,0.4590915665914736,1095.6419952004883,13.116472577846997
629,DOCK_LOAD_SPREADER,9,7.467261881037786,0.10668666109262404,-0.00016407685241393022,-0.0001899699004963562,-0.0019327499119837846,0.00015826866155979375,3178140.2271476663,165604.79917759457
630,DOCK_LOAD_SPREADER,9,7.467261961518311,0.02005677520668314,-0.002646491872680984,-0.002312501085205171,0.00049651119190397,0.000130740491153424,3847316.1264915965,880890.4982115509
631,DOCK_LOAD_SPREADER,9,7.467261881037786,0.1743075502801048,-0.0002542968072793972,-0.002072607762869487,-0.0002209181987334885,0.00021949228120212675,2291652.3407800193,101360.05615809903
632,DOCK_LOAD_SPREADER,9,7.467261961518311,0.054483930572189365,0.002668109799572216,-0.0030546706648479083,0.0003780561897841206,0.00017644529214237288,2850741.9715915774,324275.846452064
633,DOCK_LOAD_SPREADER,9,7.467261881037786,0.10668666109319247,-0.0001640768524145686,0.0001899699005002975,0.0019327499119571254,0.00015826866155932678,3178140.2271570433,165604.7991767122
634,DOCK_LOAD_SPREADER,9,7.467261961518311,0.02005677520884319,-0.002646491872682538,0.0023125010852017014,-0.0004965111919031651,0.00013074049115474617,3847316.1264526886,880890.4981166818
635,DOCK_LOAD_SPREADER,9,7.467261881037786,0.17430755028016165,-0.0002542968072888341,0.0020726077628656636,0.00022091819873376606,0.00021949228120204904,2291652.3407808305,101360.05615806599
636,DOCK_LOAD_SPREADER,9,7.467261961518311,0.05448393057190515,0.0026681097995691905,0.0030546706648355293,-0.00037805618978650757,0.00017644529214174063,2850741.971601793,324275.84645375557
637,PROP_LONGITUDINAL_STRUT,10,2.8653097563788807,1304.8937563347129,-0.5526225580981717,-1.8639626413708141,4.035255379860866,0.8115635140821943,619.791293314668,197.6260541419305
638,PROP_LONGITUDINAL_STRUT,10,2.8653097563788807,972.092746808728,-0.13917619994515873,-0.7833950259160796,-3.4107827538536837,0.6083201454982065,826.8672404200084,265.28436199680084
639,PROP_LONGITUDINAL_STRUT,10,2.9330076040989246,-1334.0269865225814,2.234709216701976,-2.8380526850239445,-0.8060843890399427,0.7986039039827938,629.8491623838058,184.48944173407003
640,PROP_LONGITUDINAL_STRUT,10,2.9330076040989246,983.1487735183091,1.693415180859105,2.75506402082889,-6.2034271012387645,0.6810118657047751,738.6068075031972,250.33230028959747
641,PROP_LONGITUDINAL_STRUT,10,2.9330076040989246,1285.772427314051,1.7471477895754974,5.3636067451701015,2.475879381371828,0.8308056125101597,605.4364491836518,191.41326161104658
642,PROP_LONGITUDINAL_STRUT,10,2.9330076040989246,1046.1619823580704,-1.7060238912409458,3.687268969222325,0.5706837055671228,0.654633779337721,768.3685380685279,235.25409845900637
643,PROP_LONGITUDINAL_STRUT,10,2.8653097563788807,1304.893756334691,-0.5526225580981333,1.863962641370689,-4.035255379860697,0.811563514082178,619.7912933146805,197.62605414193382
644,PROP_LONGITUDINAL_STRUT,10,2.8653097563788807,972.0927468087489,-0.1391761999451272,0.7833950259160005,3.4107827538535904,0.6083201454982159,826.8672404199956,265.2843619967951
645,PROP_LONGITUDINAL_STRUT,10,2.9330076040989246,-1334.0269865225664,2.234709216701947,2.838052685023893,0.8060843890400031,0.7986039039827847,629.849162383813,184.4894417340721
646,PROP_LONGITUDINAL_STRUT,10,2.9330076040989246,983.1487735183252,1.6934151808591293,-2.7550640208289563,6.203427101238805,0.6810118657047852,738.6068075031862,250.33230028959335
647,PROP_LONGITUDINAL_STRUT,10,2.9330076040989246,1285.7724273140652,1.747147789575458,-5.3636067451703235,-2.475879381371699,0.8308056125101706,605.4364491836438,191.41326161104445
648,PROP_LONGITUDINAL_STRUT,10,2.9330076040989246,1046.16198235806,-1.7060238912409986,-3.6872689692225418,-0.5706837055671707,0.6546337793377197,768.3685380685295,235.25409845900873
