element_id,group,section_id,length_m,axial_force_N,torsion_Nm,bending_My_Nm,bending_Mz_Nm,screening_von_mises_MPa,yield_factor,member_euler_factor
1,SPINE_FRAME,2,1.3776603565143233,0.0,0.0,0.0,0.0,0.0,inf,inf
2,SPINE_FRAME,2,1.3776603565143233,0.0,0.0,0.0,0.0,0.0,inf,inf
3,SPINE_FRAME,2,1.3776603565143233,0.0,0.0,0.0,0.0,0.0,inf,inf
4,SPINE_FRAME,2,1.3776603565143233,0.0,0.0,0.0,0.0,0.0,inf,inf
5,SPINE_FRAME,2,1.3776603565143233,0.0,0.0,0.0,0.0,0.0,inf,inf
6,SPINE_FRAME,2,1.3776603565143233,0.0,0.0,0.0,0.0,0.0,inf,inf
7,SPINE_FRAME,2,1.3776603565143233,0.0,0.0,0.0,0.0,0.0,inf,inf
8,SPINE_FRAME,2,1.3776603565143233,0.0,0.0,0.0,0.0,0.0,inf,inf
9,SPINE_LONGERON,1,2.5,0.008154272260594994,-0.00012924808613845804,0.00015204167130075828,0.0007916830310806324,1.0344357542426375e-05,48625542.75961504,119670117.46827838
10,SPINE_DIAGONAL,3,2.854461080118482,0.00043024519980334243,5.409029781897024e-05,-0.00019456762803020004,9.895740563390088e-05,8.367429250042078e-06,60114042.79247065,281022777.29614335
11,SPINE_LONGERON,1,2.5,-0.007640158884873555,0.00019131993802392027,-0.001616441815239275,0.0014456989457702029,2.281379353237663e-05,22048064.881719824,127722830.63716374
12,SPINE_DIAGONAL,3,2.854461080118482,-0.003821508029016982,1.684579903415439e-05,-0.0002348290525119375,-2.9474642209618058e-05,1.1679730555021481e-05,43066061.98066313,31639002.207767468
13,SPINE_LONGERON,1,2.5,0.0077119309078336005,1.4556252078089924e-05,-0.0019158813339498703,-7.02025235231103e-05,2.045284344663309e-05,24593157.48993341,126534162.57950506
14,SPINE_DIAGONAL,3,2.854461080118482,0.004457134036196674,5.663464581199221e-05,-0.0001473652105609892,-0.00023246766860362161,1.369388747744158e-05,36731717.04007423,27127005.825977415
15,SPINE_LONGERON,1,2.5,-0.008632553221242886,0.0001849253375043876,-0.0016858711477062108,-0.0019401935803764082,2.6873538621147922e-05,18717296.85811336,113039872.94192797
16,SPINE_DIAGONAL,3,2.854461080118482,-0.0007265114056990266,-9.063345173640895e-06,-4.199708034142305e-05,-0.00014029776212741543,5.868795026506726e-06,85707542.64345129,166423678.9933598
17,SPINE_LONGERON,1,2.5,0.008154272209276489,-0.00012924808612358065,-0.00015204167177412215,-0.0007916830314228185,1.0344357528753017e-05,48625542.82388915,119670118.2214163
18,SPINE_DIAGONAL,3,2.854461080118482,0.00043024519827416683,5.409029783091292e-05,0.00019456762799866618,-9.895740569865125e-05,8.36742924891892e-06,60114042.80053973,281022778.2949533
19,SPINE_LONGERON,1,2.5,-0.007640158939257434,0.00019131993802019897,0.001616441815020648,-0.0014456989462425152,2.281379355247358e-05,22048064.862297412,127722829.7280121
20,SPINE_DIAGONAL,3,2.854461080118482,-0.003821508035874834,1.684579904248255e-05,0.00023482905245105667,2.9474642172045235e-05,1.1679730558376816e-05,43066061.96829117,31639002.150989987
21,SPINE_LONGERON,1,2.5,0.007711930885988405,1.4556252078141871e-05,0.0019158813334919076,7.020252335385628e-05,2.045284343480216e-05,24593157.504159298,126534162.93793197
22,SPINE_DIAGONAL,3,2.854461080118482,0.004457134024277308,5.663464581421367e-05,0.00014736521051110393,0.00023246766858155718,1.369388746603718e-05,36731717.070664756,27127005.898521047
23,SPINE_LONGERON,1,2.5,-0.008632553203196782,0.00018492533750449425,0.0016858711472677174,0.0019401935802881448,2.6873538611657677e-05,18717296.864723273,113039873.17823458
24,SPINE_DIAGONAL,3,2.854461080118482,-0.0007265114127065415,-9.06334518219112e-06,4.199708028667466e-05,0.00014029776209112675,5.868795030511168e-06,85707542.58497064,166423677.3881319
25,SPINE_FRAME,2,1.3776603565143233,0.006247830377041876,0.00029872145662287666,0.0015489525362918633,-0.0005422220271572432,3.126146545019867e-05,16090096.633547401,229223739.35895106
26,SPINE_FRAME,2,1.3776603565143233,-0.007707246498656353,-0.00018987733849062894,-0.0009134932477973753,-0.00022506822968908452,2.004008224738476e-05,25099697.38600458,185818767.07273588
27,SPINE_FRAME,2,1.3776603565143233,0.011829072864279533,0.00021503793375860655,0.0021645768174967505,-0.0008137262023854419,4.5266708878889294e-05,11111918.945681965,121070438.7687624
28,SPINE_FRAME,2,1.3776603565143233,-0.01897766214252133,-0.00035487393899840774,0.0011654989161923822,-0.00014173571276525983,2.9987875604356767e-05,16773445.596357016,75465093.17905433
29,SPINE_FRAME,2,1.3776603565143233,0.0062478303751214315,0.00029872145664467135,-0.0015489525361987544,0.0005422220273682084,3.1261465448970386e-05,16090096.63417959,229223739.42940938
30,SPINE_FRAME,2,1.3776603565143233,-0.0077072465012584315,-0.00018987733852373134,0.0009134932476300008,0.00022506822956219627,2.0040082245532333e-05,25099697.388324697,185818767.01000077
31,SPINE_FRAME,2,1.3776603565143233,0.011829072862899727,0.00021503793375025,-0.00216457681734476,0.0008137262020136386,4.526670887356946e-05,11111918.946987862,121070438.7828847
32,SPINE_FRAME,2,1.3776603565143233,-0.018977662144061852,-0.0003548739390285611,-0.0011654989161833836,0.00014173571316558132,2.9987875605862623e-05,16773445.59551473,75465093.17292841
33,SPINE_LONGERON,1,2.5,-0.03716671454722834,-0.00011477018082913407,0.0006672725121157443,-0.005674721259067364,6.584772800069e-05,7638836.073352891,26255285.97782656
34,SPINE_DIAGONAL,3,2.854461080118482,0.053036828495947826,0.0001736972466095054,-0.0006785519240552938,-0.000843446070873715,8.30189999882692e-05,6058853.998133863,2279712.1244967952
35,SPINE_LONGERON,1,2.5,0.057642344972555874,0.00015688291185064838,0.0054742414822146,-0.006025858648906195,9.543460183878372e-05,5270625.017639939,16928921.260200746
36,SPINE_DIAGONAL,3,2.854461080118482,-0.04618702045103272,9.867292416684148e-05,-0.0001241128509536011,-0.0006434878741089553,6.189923777893364e-05,8126109.755929621,2617806.9030293105
37,SPINE_LONGERON,1,2.5,-0.03756042941519927,0.0003953029659419261,0.008847072285295148,0.0017100246294287445,9.663308528295135e-05,5205256.548801744,25980073.563771576
38,SPINE_DIAGONAL,3,2.854461080118482,0.04724295193370945,0.0001242094060392895,0.0007398686054764609,-0.0008276917989571523,7.912801353993409e-05,6356787.912363647,2559296.064664345
39,SPINE_LONGERON,1,2.5,0.06223033398412267,0.00038003748528982054,0.00491797160830829,0.006739440199073625,9.892810628611523e-05,5084500.440605292,15680820.860493798
40,SPINE_DIAGONAL,3,2.854461080118482,-0.0451090737974131,0.00022799034924398542,0.0008246493107249209,-0.00018886088154139568,6.814689580241758e-05,7381113.902214686,2680363.1905650706
41,SPINE_LONGERON,1,2.5,-0.03716671457468114,-0.00011477018087798274,-0.0006672725120836539,0.005674721259367739,6.584772801288586e-05,7638836.071938078,26255285.958433375
42,SPINE_DIAGONAL,3,2.854461080118482,0.053036828480422,0.0001736972466097877,0.0006785519240678625,0.0008434460708847478,8.301899997601768e-05,6058853.999027998,2279712.1251641507
43,SPINE_LONGERON,1,2.5,0.05764234493144265,0.000156882911890736,-0.005474241482176158,0.006025858649449558,9.543460182811902e-05,5270625.018228925,16928921.27227525
44,SPINE_DIAGONAL,3,2.854461080118482,-0.04618702045835304,9.867292416347972e-05,0.0001241128509709098,0.0006434878741682568,6.189923778719535e-05,8126109.754845026,2617806.902614407
45,SPINE_LONGERON,1,2.5,-0.03756042944992606,0.00039530296597354355,-0.008847072284899317,-0.0017100246289151817,9.663308529040662e-05,5205256.548400157,25980073.539751496
46,SPINE_DIAGONAL,3,2.854461080118482,0.04724295194194125,0.0001242094060424012,-0.0007398686054582686,0.0008276917990273759,7.91280135481975e-05,6356787.911699802,2559296.064218403
47,SPINE_LONGERON,1,2.5,0.062230333982013594,0.00038003748526838706,-0.0049179716083441755,-0.006739440198779744,9.892810628337742e-05,5084500.440746004,15680820.861025242
48,SPINE_DIAGONAL,3,2.854461080118482,-0.045109073784843995,0.00022799034924833882,-0.00082464931067481,0.00018886088159357213,6.814689579074053e-05,7381113.9034794485,2680363.1913119215
49,SPINE_FRAME,2,1.3776603565143233,-0.046723158694197214,0.0006086293105209425,0.012470621641880179,-0.0006089806312391953,0.0002352480017465945,2138169.065265106,30651845.507265545
50,SPINE_FRAME,2,1.3776603565143233,0.003691107131579441,-0.0009828769786682484,-0.009051938466757285,0.005141215044686487,0.0001786239041741386,2815972.488820032,388000399.5693185
51,SPINE_FRAME,2,1.3776603565143233,-0.07518846594638168,0.0012184235797980715,0.014948040980968132,0.000841330910595598,0.00029219469817281867,1721454.9173732798,19047483.199448146
52,SPINE_FRAME,2,1.3776603565143233,0.002521632253807693,-0.00042978321812776475,0.011284431179509887,-0.004095473223442359,0.00020452718651490845,2459330.754854613,567946035.6455307
53,SPINE_FRAME,2,1.3776603565143233,-0.04672315868364005,0.0006086293105173618,-0.012470621642251,0.0006089806312208589,0.0002352480017474677,2138169.06525717,30651845.514191378
54,SPINE_FRAME,2,1.3776603565143233,0.0036911071346493185,-0.0009828769786808865,0.009051938467150756,-0.0051412150448827635,0.00017862390418311785,2815972.488678476,388000399.24662024
55,SPINE_FRAME,2,1.3776603565143233,-0.07518846594557796,0.001218423579788337,-0.014948040981366383,-0.0008413309108700005,0.0002921946981793779,1721454.9173346364,19047483.19965175
56,SPINE_FRAME,2,1.3776603565143233,0.002521632248215333,-0.0004297832181350067,-0.011284431179599274,0.0040954732236321316,0.00020452718651458113,2459330.7548585488,567946036.9050953
57,SPINE_LONGERON,1,2.5,-0.2600336014771621,0.0009918867088760453,-0.00030092895944940827,0.047614336711802076,0.0005316208623623492,946163.0188191498,3752679.322019967
58,SPINE_DIAGONAL,3,2.854461080118482,0.2108836919377348,0.0008983477709956333,-0.004261742567656342,0.0022183383444440916,0.00034848769502034854,1443379.5143631378,573343.0587073026
59,SPINE_LONGERON,1,2.5,0.30557815377916725,3.4973429529799632e-06,-0.03025760158146599,0.03227718908797874,0.0005159371334578242,974924.9809349461,3193365.45242343
60,SPINE_DIAGONAL,3,2.854461080118482,-0.21858032680340214,0.0007659713588085471,-0.007716261657576834,-0.0005864955030948761,0.00045973948482512923,1094097.8893542844,553154.5438479392
61,SPINE_LONGERON,1,2.5,-0.2684192743863725,0.0005872749615944926,-0.05316639142987255,0.00034071552365618624,0.0005860062932719407,858352.5565766902,3635442.0580434627
62,SPINE_DIAGONAL,3,2.854461080118482,0.21561656473208787,0.0008905317726731971,-0.0020985308708311784,-0.0040550829823508055,0.0003438363475240735,1462905.2560092784,560757.941382209
63,SPINE_LONGERON,1,2.5,0.30281517647258915,7.634834498900227e-05,-0.032364641005168775,-0.03030635961256019,0.0005158874991749076,975018.7798783274,3222502.6851719185
64,SPINE_DIAGONAL,3,2.854461080118482,-0.20673969280831248,0.0006432320757046644,-0.0002145227137008591,-0.0067611792730092705,0.0004148099058308377,1212603.6358570636,584835.4485037136
65,SPINE_LONGERON,1,2.5,-0.26003360150641625,0.000991886708928556,0.0003009289592862188,-0.04761433671205097,0.0005316208623747326,946163.0187971101,3752679.3215977848
66,SPINE_DIAGONAL,3,2.854461080118482,0.21088369193289383,0.0008983477709994377,0.004261742567632381,-0.0022183383444870875,0.00034848769501630793,1443379.5143798734,573343.058720464
67,SPINE_LONGERON,1,2.5,0.305578153750031,3.4973429140432275e-06,0.030257601581479124,-0.03227718908836053,0.0005159371334504559,974924.9809488694,3193365.4527279106
68,SPINE_DIAGONAL,3,2.854461080118482,-0.21858032680855363,0.000765971358805879,0.0077162616575761935,0.0005864955030400188,0.00045973948482921743,1094097.8893445553,553154.5438349025
69,SPINE_LONGERON,1,2.5,-0.2684192744024834,0.000587274961560023,0.053166391429524076,-0.00034071552380604813,0.0005860062932742629,858352.5565732889,3635442.0578252575
70,SPINE_DIAGONAL,3,2.854461080118482,0.21561656472336724,0.00089053177266998,0.0020985308707777393,0.0040550829823194755,0.0003438363475149847,1462905.2560479483,560757.9414048889
71,SPINE_LONGERON,1,2.5,0.30281517648532663,7.634834501965288e-05,0.03236464100502619,0.030306359612479843,0.0005158874991778199,975018.7798728232,3222502.685036368
72,SPINE_DIAGONAL,3,2.854461080118482,-0.20673969280985777,0.0006432320757041396,0.00021452271368562948,0.0067611792730091075,0.0004148099058320933,1212603.6358533932,584835.4484993422
73,SPINE_FRAME,2,1.3776603565143233,0.32432854285420887,0.0020015831837244006,0.04085182693111139,-0.016015069172308653,0.0009081837433038237,553852.6798224426,4415741.609734793
74,SPINE_FRAME,2,1.3776603565143233,-0.06564279354758584,0.0007615180095555587,-0.033127874517651305,0.018788214364413466,0.0006780056934705143,741881.6756910831,21817338.423718784
75,SPINE_FRAME,2,1.3776603565143233,0.3284124515387131,0.0010277445824316825,0.04333605236369738,-0.016109792044625895,0.000949755602973718,529609.9316762012,4360830.520267782
76,SPINE_FRAME,2,1.3776603565143233,-0.05251358565371822,0.0017712131383774664,0.03137758980491735,-0.01853080067003471,0.0006439328386185744,781137.3637646484,27272010.16799318
77,SPINE_FRAME,2,1.3776603565143233,0.32432854285219204,0.002001583183711011,-0.04085182693100187,0.01601506917228522,0.0009081837433009214,553852.6798242124,4415741.609762252
78,SPINE_FRAME,2,1.3776603565143233,-0.06564279354516911,0.0007615180095278066,0.03312787451744886,-0.018788214364555644,0.0006780056934674843,741881.6756943987,21817338.42452202
79,SPINE_FRAME,2,1.3776603565143233,0.32841245153758125,0.0010277445824072341,-0.04333605236355213,0.016109792044416763,0.0009497556029695993,529609.9316784978,4360830.5202828115
80,SPINE_FRAME,2,1.3776603565143233,-0.052513585652492645,0.0017712131383719708,-0.031377589804848574,0.01853080067018851,0.0006439328386182684,781137.3637650196,27272010.16862966
81,SPINE_LONGERON,1,2.5,-1.159817929893327,0.0008718196322045796,0.01813242276408198,-0.21405598105513893,0.002393615902551349,210142.3204382347,841358.5392523437
82,SPINE_DIAGONAL,3,2.854461080118482,0.7787715177471362,0.004142140562712621,-0.0246998629167086,-0.021504083089257876,0.001826305056486107,275419.4860347124,155255.6792483106
83,SPINE_LONGERON,1,2.5,1.153381171830214,0.004050697413106837,0.1789092122097593,-0.160006751131113,0.002625501913140945,191582.4161020131,846053.9699510328
84,SPINE_DIAGONAL,3,2.854461080118482,-0.7627666421419287,0.0040913576744130474,-0.003094949997206499,-0.024373233346365097,0.0015200264859095286,330915.2864524088,158513.3568866424
85,SPINE_LONGERON,1,2.5,-1.158872491454967,0.0006751124963967085,0.21262394140104124,0.01826234224845086,0.0023801440308916086,211331.7486133706,842044.9415177499
86,SPINE_DIAGONAL,3,2.854461080118482,0.774222593172182,0.004179354483210247,0.023386156825320074,-0.022633369258025265,0.0018153139922486752,277087.050586175,156167.87992672296
87,SPINE_LONGERON,1,2.5,1.150363581439536,0.003834435014072082,0.16053543445600924,0.17829403745149475,0.0026234691401101923,191730.86212817917,848273.3068380058
88,SPINE_DIAGONAL,3,2.854461080118482,-0.7561859793526601,0.004065378425135094,0.024141825213815315,-0.005501933486619356,0.0015213909112535688,330618.5124936411,159892.80979604303
89,SPINE_LONGERON,1,2.5,-1.1598179299168572,0.000871819632202275,-0.01813242276388901,0.21405598105535434,0.0023936159025612965,210142.3204373614,841358.5392352744
90,SPINE_DIAGONAL,3,2.854461080118482,0.7787715177380092,0.004142140562707483,0.02469986291674096,0.02150408308929311,0.0018263050564802524,275419.4860355953,155255.67925013014
91,SPINE_LONGERON,1,2.5,1.1533811717918476,0.004050697413097776,-0.17890921220950473,0.16000675113143045,0.002625501913127932,191582.41610296268,846053.9699791762
92,SPINE_DIAGONAL,3,2.854461080118482,-0.7627666421447463,0.0040913576744093134,0.0030949499972299224,0.024373233346406276,0.0015200264859134142,330915.2864515629,158513.35688605686
93,SPINE_LONGERON,1,2.5,-1.1588724914814403,0.0006751124963962712,-0.212623941400757,-0.018262342248084044,0.002380144030897808,211331.74861282014,842044.9414985143
94,SPINE_DIAGONAL,3,2.854461080118482,0.7742225931789782,0.004179354483205162,-0.02338615682526776,0.022633369258054533,0.0018153139922536658,277087.0505854133,156167.87992535208
95,SPINE_LONGERON,1,2.5,1.150363581435277,0.00383443501407205,-0.16053543445588497,-0.1782940374512173,0.002623469140106039,191730.8621284827,848273.3068411463
96,SPINE_DIAGONAL,3,2.854461080118482,-0.756185979343484,0.004065378425131452,-0.024141825213798117,0.005501933486646302,0.0015213909112455934,330618.51249537425,159892.80979798327
97,SPINE_FRAME,2,1.3776603565143233,1.2120363234016271,-0.0029738724220426047,0.10955336628108432,-0.052580509366332,0.002674004744276912,188107.37006976336,1181607.3613095987
98,SPINE_FRAME,2,1.3776603565143233,-0.6067593519447145,0.0010101803346479823,-0.06845241842474674,0.09357914862743112,0.0022710900560959624,221479.5484000597,2360327.9245978165
99,SPINE_FRAME,2,1.3776603565143233,1.2119969918721578,-0.003126648767134768,0.10965346916290185,-0.05279314910141681,0.0026771073991993227,187889.361536425,1181645.7066397143
100,SPINE_FRAME,2,1.3776603565143233,-0.6108934213353856,0.0011395597453049758,0.06855320919913345,-0.0933408654051524,0.0022709647442249524,221491.7696450927,2344354.992030142
101,SPINE_FRAME,2,1.3776603565143233,1.2120363234012046,-0.0029738724220465113,-0.10955336628106768,0.05258050936630411,0.00267400474427624,188107.37006981065,1181607.3613100105
102,SPINE_FRAME,2,1.3776603565143233,-0.6067593519442753,0.0010101803346257016,0.06845241842465974,-0.09357914862765879,0.0022710900560979777,221479.54839986318,2360327.924599525
103,SPINE_FRAME,2,1.3776603565143233,1.2119969918714217,-0.003126648767126594,-0.10965346916279875,0.052793149101154124,0.002677107399195447,187889.36153669702,1181645.706640432
104,SPINE_FRAME,2,1.3776603565143233,-0.6108934213349846,0.0011395597452927841,-0.0685532091991603,0.09334086540538353,0.002270964744228168,221491.76964477907,2344354.992031681
105,SPINE_LONGERON,1,2.5,-3.800307755940559,0.011391128555316335,-0.039191153810972865,1.0564118172193222,0.011122279581095471,45224.5419954151,256774.65667572364
106,SPINE_DIAGONAL,3,2.854461080118482,2.1171092035764163,0.018068036411212567,-0.10480251591609328,0.05295827093192981,0.005998637393879886,83852.3762935206,57110.28073696872
107,SPINE_LONGERON,1,2.5,3.592380443815067,0.012114571799011438,-0.6884220945692536,0.6587229201449988,0.01008230050321341,49889.40766441992,271636.79753734946
108,SPINE_DIAGONAL,3,2.854461080118482,-1.9297095829157311,0.01862594501287503,-0.13851029510882812,-0.029098204886418278,0.006707932290608686,74985.84932114113,62656.42355591151
109,SPINE_LONGERON,1,2.5,-3.795660449403429,0.011361989472609833,-1.0561693104136383,-0.03920975484635601,0.01111843374715476,45240.185033140944,257089.04479248103
110,SPINE_DIAGONAL,3,2.854461080118482,2.1190476003737895,0.018075263530478176,-0.062485624506692684,-0.09939752291295274,0.0059996757565043924,83837.86398034687,57058.03916143352
111,SPINE_LONGERON,1,2.5,3.591885270727835,0.012067498608708342,-0.6588659196921042,-0.6883598251648073,0.01008262641869503,49887.7950161226,271674.24506740796
112,SPINE_DIAGONAL,3,2.854461080118482,-1.9279539912932255,0.018612970858877642,0.015985705868724963,-0.14058889394639057,0.006705053480526066,75018.04444377609,62713.478388541174
113,SPINE_LONGERON,1,2.5,-3.800307755966466,0.011391128555310303,0.03919115381067518,-1.05641181721948,0.011122279581105756,45224.54199537328,256774.6566739732
114,SPINE_DIAGONAL,3,2.854461080118482,2.1171092035766867,0.018068036411211703,0.10480251591606327,-0.05295827093195493,0.005998637393879554,83852.37629352525,57110.280736961424
115,SPINE_LONGERON,1,2.5,3.5923804437900944,0.012114571799017107,0.6884220945690794,-0.6587229201451323,0.010082300503204498,49889.40766446402,271636.7975392377
116,SPINE_DIAGONAL,3,2.854461080118482,-1.9297095829238564,0.01862594501287767,0.13851029510880042,0.02909820488639863,0.006707932290614288,74985.84932107851,62656.42355564769
117,SPINE_LONGERON,1,2.5,-3.795660449412595,0.011361989472614334,1.0561693104134606,0.03920975484633725,0.011118433747156264,45240.185033134825,257089.0447918602
118,SPINE_DIAGONAL,3,2.854461080118482,2.1190476003632264,0.018075263530479696,0.062485624506669724,0.09939752291294254,0.005999675756494933,83837.86398047906,57058.03916171794
119,SPINE_LONGERON,1,2.5,3.59188527073867,0.012067498608702019,0.6588659196917945,0.688359825164772,0.01008262641869654,49887.79501611513,271674.24506658845
120,SPINE_DIAGONAL,3,2.854461080118482,-1.9279539913014283,0.018612970858874086,-0.015985705868758884,0.1405888939463766,0.0067050534805324705,75018.04444370444,62713.47838827435
121,SPINE_FRAME,2,1.3776603565143233,3.961376525702764,-0.021974200403565264,0.16898443079522896,-0.2968110570207131,0.0078038720888702695,64455.182539110145,361528.6334469089
122,SPINE_FRAME,2,1.3776603565143233,-3.4986609718433153,-0.013697383420416653,0.04445128574514032,0.22299513700092885,0.005633261519464416,89291.07911322797,409342.6180563693
123,SPINE_FRAME,2,1.3776603565143233,3.9607107820764798,-0.021993214743183692,0.16894062978111335,-0.29683294518714215,0.007803500077806021,64458.255268118104,361589.401676825
124,SPINE_FRAME,2,1.3776603565143233,-3.4989146660705166,-0.013671361209671468,-0.04451142269534464,-0.2229476938163428,0.005632789198162553,89298.5663592881,409312.93803583167
125,SPINE_FRAME,2,1.3776603565143233,3.9613765257033364,-0.02197420040355791,-0.16898443079521697,0.2968110570208089,0.007803872088871864,64455.182539096975,361528.63344685663
126,SPINE_FRAME,2,1.3776603565143233,-3.498660971843541,-0.013697383420411463,-0.04445128574515511,-0.2229951370010828,0.0056332615194671296,89291.07911318495,409342.61805634294
127,SPINE_FRAME,2,1.3776603565143233,3.960710782076106,-0.021993214743193934,-0.16894062978107022,0.2968329451868826,0.007803500077801663,64458.255268154106,361589.4016768592
128,SPINE_FRAME,2,1.3776603565143233,-3.498914666070063,-0.01367136120966203,0.044511422695367925,0.22294769381658716,0.005632789198166447,89298.56635922637,409312.9380358847
129,SPINE_LONGERON,1,2.5,-8.944628839337838,0.026629457562179232,0.7895590395533887,-4.328966596714286,0.04392774724436129,11450.62133967197,109095.94314323344
130,SPINE_DIAGONAL,3,2.854461080118482,3.7768823139845873,0.09084162006562636,-0.41279658096148114,-0.3849344110316233,0.023572392074902197,21338.521708009008,32012.832520458247
131,SPINE_LONGERON,1,2.5,7.7176566217585405,0.05047733584183586,3.7210259298432344,-2.660912508352526,0.04512304558084863,11147.297207560077,126440.28713878909
132,SPINE_DIAGONAL,3,2.854461080118482,-2.239566247754074,0.07761945140228446,0.04119909580530974,-0.5542323813028078,0.02195013075699053,22915.58103086962,53987.552763094835
133,SPINE_LONGERON,1,2.5,-8.942359475070056,0.026612640882559706,4.328921607363088,0.7895699820793821,0.04392657221964083,11450.927640902839,109123.62917350537
134,SPINE_DIAGONAL,3,2.854461080118482,3.777799469542818,0.09083811716961192,0.421878755622744,-0.37494550993266346,0.023572827457815953,21338.12759203912,32005.0606025686
135,SPINE_LONGERON,1,2.5,7.719224612689878,0.05047245959726591,2.6609333741802423,3.7210437314973897,0.045123832427686715,11147.10282656252,126414.6035716516
136,SPINE_DIAGONAL,3,2.854461080118482,-2.2400082088705204,0.07761765933681282,0.5556685221365553,-0.01086560643798571,0.021950959893385105,22914.715458597253,53976.9008382497
137,SPINE_LONGERON,1,2.5,-8.944628839348733,0.026629457562178223,-0.7895590395533172,4.328966596714421,0.04392774724436616,11450.6213396707,109095.94314310055
138,SPINE_DIAGONAL,3,2.854461080118482,3.7768823139758876,0.09084162006562374,0.4127965809614939,0.38493441103164633,0.023572392074895917,21338.52170801469,32012.832520531985
139,SPINE_LONGERON,1,2.5,7.717656621735844,0.050477335841829285,-3.721025929843038,2.660912508352715,0.04512304558084035,11147.297207562122,126440.28713916094
140,SPINE_DIAGONAL,3,2.854461080118482,-2.239566247756011,0.07761945140228453,-0.041199095805290756,0.554232381302825,0.02195013075699269,22915.581030867364,53987.55276304814
141,SPINE_LONGERON,1,2.5,-8.942359475091589,0.026612640882564383,-4.3289216073629495,-0.7895699820790754,0.04392657221964648,11450.927640901367,109123.62917324259
142,SPINE_DIAGONAL,3,2.854461080118482,3.7777994695490245,0.09083811716960818,-0.4218787556227234,0.3749455099326902,0.02357282745782113,21338.127592034438,32005.06060251602
143,SPINE_LONGERON,1,2.5,7.719224612682296,0.05047245959726366,-2.660933374180231,-3.7210437314971423,0.04512383242768218,11147.102826563638,126414.60357177578
144,SPINE_DIAGONAL,3,2.854461080118482,-2.2400082088601083,0.07761765933681243,-0.5556685221365399,0.010865606438013473,0.021950959893375997,22914.71545860676,53976.900838500595
145,SPINE_FRAME,2,1.3776603565143233,-16.526793660276006,0.004086807105475154,-0.23847548808562125,1.6544175592865928,0.036702964388329914,13704.615100788264,86656.3152747722
146,SPINE_FRAME,2,1.3776603565143233,-22.14666679913561,0.20040487208329327,1.1472201134902025,1.9189855921323509,0.049201106456158474,10223.347323463287,64666.66315501172
147,SPINE_FRAME,2,1.3776603565143233,-16.526879458958422,0.004096346991641742,-0.23848298505905527,1.6543983504543294,0.03670270468232728,13704.712073772576,86655.86540172194
148,SPINE_FRAME,2,1.3776603565143233,-22.146651803210176,0.2004068267369834,-1.147159758332687,-1.9189628539904555,0.04920024773123137,10223.52575840193,64666.7069420576
149,SPINE_FRAME,2,1.3776603565143233,-16.526793660275715,0.004086807105474488,0.2384754880856303,-1.6544175592865855,0.036702964388329665,13704.615100788356,86656.31527477373
150,SPINE_FRAME,2,1.3776603565143233,-22.146666799135325,0.20040487208328106,-1.1472201134902387,-1.9189855921325636,0.04920110645616172,10223.347323462613,64666.66315501255
151,SPINE_FRAME,2,1.3776603565143233,-16.52687945895785,0.004096346991623978,0.23848298505911514,-1.6543983504546271,0.03670270468233212,13704.712073770772,86655.86540172494
152,SPINE_FRAME,2,1.3776603565143233,-22.146651803210162,0.20040682673697918,1.1471597583327129,1.9189628539906607,0.04920024773123456,10223.525758401267,64666.706942057644
153,SPINE_LONGERON,1,2.5,-10.75702871730982,0.11907662195819971,-4.75854914991541,20.889276568912873,0.2025769079409993,2483.0075901173254,90714.8939486857
154,SPINE_DIAGONAL,3,2.854461080118482,-1.2261274508108766,0.3389379417550367,-2.5597220432410412,0.8697842900426014,0.09867755592759163,5097.410401703658,98610.22268697163
155,SPINE_LONGERON,1,2.5,-3.1403132414591717,0.398236125168321,-16.9989226543174,10.490089613371909,0.18652532621854137,2696.684735512339,310740.56766397704
156,SPINE_DIAGONAL,3,2.854461080118482,15.889274935284494,0.3620881082746907,-2.535638843281406,-1.2895886240949506,0.1158899387579339,4340.325013465108,7609.453638351595
157,SPINE_LONGERON,1,2.5,-10.755751754747292,0.1190712895233364,-20.88927909793312,-4.758556592933118,0.2025765060746385,2483.012515847576,90725.66395584814
158,SPINE_DIAGONAL,3,2.854461080118482,-1.2255062885312036,0.338938822768278,-1.1056050150011558,-2.4670539001391543,0.09867715089221873,5097.431324799878,98660.2044384294
159,SPINE_LONGERON,1,2.5,-3.1401912480330285,0.398224943019509,-10.49010779262721,-16.99892318225811,0.18652537543146006,2696.684024018118,310752.6396377827
160,SPINE_DIAGONAL,3,2.854461080118482,15.890018540621483,0.36208526128432134,1.0465386352457087,-2.645233982217337,0.11589056105385429,4340.301707282754,7609.097538682951
161,SPINE_LONGERON,1,2.5,-10.757028717322692,0.11907662195821471,4.758549149915202,-20.889276568912848,0.2025769079410031,2483.007590117279,90714.89394857714
162,SPINE_DIAGONAL,3,2.854461080118482,-1.2261274508101465,0.33893794175503167,2.559722043241021,-0.8697842900426073,0.0986775559275904,5097.410401703722,98610.22268703034
163,SPINE_LONGERON,1,2.5,-3.1403132414699364,0.39823612516830786,16.998922654317276,-10.49008961337188,0.18652532621854398,2696.6847355123014,310740.56766291184
164,SPINE_DIAGONAL,3,2.854461080118482,15.88927493527747,0.36208810827469384,2.535638843281382,1.2895886240949515,0.11588993875792737,4340.325013465353,7609.4536383549585
165,SPINE_LONGERON,1,2.5,-10.755751754749559,0.11907128952334395,20.88927909793297,4.7585565929332265,0.20257650607463815,2483.0125158475807,90725.66395582902
166,SPINE_DIAGONAL,3,2.854461080118482,-1.2255062885425545,0.3389388227682784,1.1056050150011447,2.4670539001391587,0.09867715089222809,5097.431324799394,98660.20443751558
167,SPINE_LONGERON,1,2.5,-3.1401912480264382,0.3982249430195174,10.490107792627015,16.998923182258203,0.18652537543145756,2696.6840240181546,310752.63963843486
168,SPINE_DIAGONAL,3,2.854461080118482,15.890018540613966,0.3620852612843195,-1.0465386352457315,2.6452339822173454,0.11589056105384865,4340.301707282965,7609.097538686551
169,SPINE_FRAME,2,1.3776603565143233,71.76311897613388,-1.307088627428573,-3.6420589979503113,-8.80497312585926,0.19871795198893466,2531.2257647865094,19956.644336797453
170,SPINE_FRAME,2,1.3776603565143233,92.88159543924864,0.06416568827691282,7.392319945167358,-10.448692228517192,0.26389899733222894,1906.0322512963585,15419.104669048407
171,SPINE_FRAME,2,1.3776603565143233,71.76303025869674,-1.3070851753965012,-3.6420640403011526,-8.804977864224695,0.19871800835262268,2531.2250468383954,19956.66900830774
172,SPINE_FRAME,2,1.3776603565143233,92.88166166311335,0.06416806240811646,-7.39230100720488,10.448709572368719,0.26389908568847065,1906.0316131363365,15419.093675352955
173,SPINE_FRAME,2,1.3776603565143233,71.7631189761344,-1.3070886274285636,3.642058997950305,8.80497312585932,0.1987179519889358,2531.225764786495,19956.64433679731
174,SPINE_FRAME,2,1.3776603565143233,92.88159543924874,0.06416568827691727,-7.392319945167457,10.448692228517102,0.2638989973322287,1906.03225129636,15419.10466904839
175,SPINE_FRAME,2,1.3776603565143233,71.76303025869676,-1.3070851753965131,3.6420640403012854,8.80497786422446,0.1987180083526199,2531.2250468384304,19956.669008307737
176,SPINE_FRAME,2,1.3776603565143233,92.88166166311372,0.06416806240812134,7.3923010072049795,-10.448709572368564,0.2638990856884697,1906.0316131363434,15419.093675352893
177,SPINE_LONGERON,1,1.0,-8.88568212424996,2.6148010696978585,24.288652145591737,-49.86904584167263,0.5183742783837426,970.3413556095439,686372.9661160482
178,SPINE_DIAGONAL,3,1.7023360590409793,-29.308844106480883,-0.5746440773631497,-2.5801539230204766,2.3689381269658676,0.15115784777205013,3327.6472734550757,11598.892384045861
179,SPINE_LONGERON,1,1.0,-56.468662675974926,1.139889989405207,44.03854240493322,-9.579466256896046,0.4378893801732878,1148.6919363080824,108004.89522094913
180,SPINE_DIAGONAL,3,1.7023360590409793,-89.88727655412424,-0.3626085982419527,-0.6289013774293097,-4.743782804880209,0.24663497529493011,2039.4512148915799,3781.9604923412357
181,SPINE_LONGERON,1,1.0,-8.885334526455665,2.6147989216473966,49.869021085690036,24.28864869848106,0.518373937615453,970.3419934918528,686399.8172974387
182,SPINE_DIAGONAL,3,1.7023360590409793,-29.30925877520069,-0.5746425346807685,-1.2577150894211848,-3.269128955435832,0.15115812873087547,3327.641088330419,11598.7282823914
183,SPINE_LONGERON,1,1.0,-56.467903235826675,1.1398812117434562,9.579462150189624,44.038554442530014,0.4378892181927996,1148.6923612230448,108006.34778513052
184,SPINE_DIAGONAL,3,1.7023360590409793,-89.88708815005887,-0.3626076991813798,4.182662335464244,-2.324717541737831,0.24663475659639977,2039.4530233349217,3781.9684193610838
185,SPINE_LONGERON,1,1.0,-8.88568212425372,2.614801069697838,-24.288652145591776,49.8690458416726,0.5183742783837438,970.3413556095418,686372.9661157578
186,SPINE_DIAGONAL,3,1.7023360590409793,-29.308844106475618,-0.5746440773631327,2.5801539230204846,-2.368938126965842,0.1511578477720453,3327.647273455182,11598.892384047946
187,SPINE_LONGERON,1,1.0,-56.46866267598493,1.139889989405268,-44.03854240493328,9.579466256895756,0.43788938017329126,1148.6919363080733,108004.89522092999
188,SPINE_DIAGONAL,3,1.7023360590409793,-89.88727655412694,-0.3626085982419487,0.6289013774293075,4.743782804880228,0.246634975294933,2039.4512148915558,3781.960492341122
189,SPINE_LONGERON,1,1.0,-8.885334526466877,2.6147989216474024,-49.86902108569075,-24.28864869848084,0.5183739376154618,970.3419934918364,686399.8172965725
190,SPINE_DIAGONAL,3,1.7023360590409793,-29.309258775204242,-0.5746425346807746,1.2577150894212346,3.269128955435798,0.1511581287308779,3327.6410883303656,11598.728282389993
191,SPINE_LONGERON,1,1.0,-56.467903235833866,1.139881211743484,-9.57946215019039,-44.03855444253021,0.4378892181928054,1148.6923612230294,108006.34778511676
192,SPINE_DIAGONAL,3,1.7023360590409793,-89.88708815006666,-0.3626076991813909,-4.182662335464287,2.3247175417378068,0.24663475659640718,2039.4530233348603,3781.968419360756
193,SPINE_FRAME,2,1.3776603565143233,2100.8824966363504,-0.4859297622759471,-10.796306770991661,-3.970959911417067,1.2646549863770793,397.7369364912476,681.6902155160753
194,SPINE_FRAME,2,1.3776603565143233,2146.9344151025894,-0.07661116426595282,10.922885994190947,-4.3551426794376065,1.2924162937201769,389.19348389838956,667.0679047443328
195,SPINE_FRAME,2,1.3776603565143233,2100.882404834748,-0.48592671808984056,-10.796304476526684,-3.9709629679537173,1.26465492078676,397.7369571195568,681.6902453036798
196,SPINE_FRAME,2,1.3776603565143233,2146.9346442591614,-0.07661089610529892,-10.922871637765137,4.3551499099662845,1.2924162300748028,389.1935030643241,667.0678335437517
197,SPINE_FRAME,2,1.3776603565143233,2100.882496636352,-0.48592976227599394,10.79630677099178,3.9709599114168324,1.2646549863770806,397.7369364912472,681.6902155160749
198,SPINE_FRAME,2,1.3776603565143233,2146.934415102587,-0.07661116426597148,-10.922885994191233,4.35514267943733,1.2924162937201786,389.1934838983891,667.0679047443335
199,SPINE_FRAME,2,1.3776603565143233,2100.8824048347474,-0.4859267180898532,10.796304476526783,3.9709629679535547,1.2646549207867606,397.73695711955656,681.69024530368
200,SPINE_FRAME,2,1.3776603565143233,2146.934644259157,-0.07661089610530758,10.922871637765178,-4.355149909966191,1.2924162300748006,389.19350306432483,667.0678335437532
201,SPINE_LONGERON,1,1.5,6.141585834816823,1.799239180295357,-18.38953203040995,46.39957718979694,0.4656306505995193,1080.2553469200666,441354.8450854865
202,SPINE_DIAGONAL,3,2.036651187098854,-67.35331488572662,0.8492065778055464,-0.8938336200468425,4.836563534958906,0.23397657387759574,2149.787868349347,3526.2534380413613
203,SPINE_LONGERON,1,1.5,41.15515994443356,1.0154288068876527,-38.20487915717283,12.344056246677397,0.38694612817062757,1299.9225560882144,65863.3976484259
204,SPINE_DIAGONAL,3,2.036651187098854,0.43550490684337717,-0.8740361003682207,0.7414168283270239,2.3522423938639894,0.09300252862046982,5408.455097523982,545355.1830236691
205,SPINE_LONGERON,1,1.5,6.141371648421341,1.7992420836937733,-46.39956318935279,-18.389533499024758,0.46563046183904255,1080.2557848414033,441370.2377711614
206,SPINE_DIAGONAL,3,2.036651187098854,-67.35332574226335,0.8492056157114558,-4.915708545250541,0.16459353993804604,0.23397656553678417,2149.787944985122,3526.252869652205
207,SPINE_LONGERON,1,1.5,41.15479540719066,1.0154317493781528,-12.344057956535083,-38.20488419559931,0.38694605248956176,1299.9228103343137,65863.98104730199
208,SPINE_DIAGONAL,3,2.036651187098854,0.43569987103319363,-0.8740370749066064,-2.1384131053319644,1.2287925083358053,0.09300268120501715,5408.446224159665,545111.1509766356
209,SPINE_LONGERON,1,1.5,6.141585834821392,1.7992391802953576,18.389532030409814,-46.39957718979787,0.4656306505995284,1080.2553469200454,441354.84508515813
210,SPINE_DIAGONAL,3,2.036651187098854,-67.35331488573048,0.8492065778055586,0.8938336200468318,-4.836563534958977,0.2339765738776014,2149.787868349295,3526.253438041159
211,SPINE_LONGERON,1,1.5,41.15515994443929,1.015428806887668,38.204879157172314,-12.344056246677525,0.3869461281706253,1299.9225560882219,65863.39764841672
212,SPINE_DIAGONAL,3,2.036651187098854,0.4355049068406558,-0.874036100368216,-0.7414168283270735,-2.352242393864002,0.09300252862046852,5408.455097524057,545355.1830270768
213,SPINE_LONGERON,1,1.5,6.141371648425881,1.79924208369379,46.39956318935233,18.3895334990246,0.46563046183903956,1080.25578484141,441370.2377708351
214,SPINE_DIAGONAL,3,2.036651187098854,-67.35332574225994,0.8492056157114433,4.915708545250521,-0.16459353993805426,0.2339765655367806,2149.787944985155,3526.2528696523837
215,SPINE_LONGERON,1,1.5,41.15479540719247,1.0154317493781737,12.344057956534554,38.20488419559889,0.38694605248955727,1299.922810334329,65863.9810472991
216,SPINE_DIAGONAL,3,2.036651187098854,0.4356998710293851,-0.8740370749066027,2.1384131053319337,-1.2287925083358466,0.09300268120501388,5408.446224159855,545111.1509814005
217,SPINE_FRAME,2,1.3776603565143233,21.306112906655983,0.7521940637436044,-3.759263296537521,5.508905393132302,0.1242017797406079,4049.8614516676175,67217.84720565258
218,SPINE_FRAME,2,1.3776603565143233,46.64991590463076,-0.16922355755831298,6.247413870212421,7.021115410550545,0.18281455774798971,2751.422021288844,30699.97049584863
219,SPINE_FRAME,2,1.3776603565143233,21.3060624146503,0.7521946509593498,-3.7592614024751856,5.5089075456174115,0.12420176686382359,4049.8618715424204,67218.00650134303
220,SPINE_FRAME,2,1.3776603565143233,46.64990762001926,-0.16922328484787696,-6.247401228255814,-7.0211126603783205,0.18281437651357302,2751.4247489319027,30699.97594789219
221,SPINE_FRAME,2,1.3776603565143233,21.306112906656324,0.7521940637436031,3.7592632965374992,-5.508905393132176,0.12420177974060612,4049.8614516676757,67217.8472056515
222,SPINE_FRAME,2,1.3776603565143233,46.64991590463083,-0.16922355755832363,-6.247413870212474,-7.021115410550559,0.18281455774799055,2751.4220212888317,30699.97049584858
223,SPINE_FRAME,2,1.3776603565143233,21.306062414649972,0.7521946509593835,3.759261402475254,-5.508907545617467,0.12420176686382489,4049.861871542378,67218.00650134406
224,SPINE_FRAME,2,1.3776603565143233,46.649907620018865,-0.1692232848479036,6.247401228255867,7.0211126603784795,0.18281437651357543,2751.4247489318664,30699.975947892453
225,SPINE_LONGERON,1,2.5,-16.868902325597197,-0.2537791935400673,5.782187225953985,15.738845452959856,0.16146474485070697,3115.2311327471657,57847.4343178213
226,SPINE_DIAGONAL,3,2.854461080118482,7.788993972839123,-0.6041175755648801,3.106729471424159,0.2650329012883088,0.11992312632069384,4194.353628297654,15523.01894040337
227,SPINE_LONGERON,1,2.5,-5.909955657453082,-0.7427442533417072,-5.984893175277167,13.921882149689528,0.14282369171692635,3521.8246633544227,165115.06614488905
228,SPINE_DIAGONAL,3,2.854461080118482,16.19613051381426,-0.6010062123617538,1.9398897563036896,2.45567067136204,0.12720284189998263,3954.3141685112673,7465.283196127743
229,SPINE_LONGERON,1,2.5,-16.868967825810756,-0.2537786927081344,-15.73885086380193,5.782184725609319,0.16146480650002243,3115.2299433123226,57847.20970305288
230,SPINE_DIAGONAL,3,2.854461080118482,7.789147081124568,-0.6041176835268747,-0.5547189634693994,3.068273002697917,0.1199232630040048,4194.348847756106,15522.713810356376
231,SPINE_LONGERON,1,2.5,-5.909648495793583,-0.7427475241053736,-13.921885346696536,-5.9848931368688945,0.142823614192859,3521.826574986291,165123.64821500058
232,SPINE_DIAGONAL,3,2.854461080118482,16.19619670328012,-0.6010068307546715,-2.2632754646088826,2.161267278811965,0.12720290675300236,3954.3121524471594,7465.252687538827
233,SPINE_LONGERON,1,2.5,-16.868902325592238,-0.25377919354009665,-5.782187225954167,-15.738845452959994,0.16146474485070708,3115.2311327471634,57847.434317838306
234,SPINE_DIAGONAL,3,2.854461080118482,7.7889939728319675,-0.6041175755648858,-3.106729471424181,-0.2650329012883006,0.11992312632068876,4194.353628297831,15523.01894041763
235,SPINE_LONGERON,1,2.5,-5.90995565745483,-0.7427442533416635,5.984893175277278,-13.921882149689706,0.14282369171692885,3521.8246633543613,165115.0661448402
236,SPINE_DIAGONAL,3,2.854461080118482,16.196130513811298,-0.6010062123617592,-1.9398897563037125,-2.4556706713620544,0.12720284189998113,3954.314168511314,7465.2831961291095
237,SPINE_LONGERON,1,2.5,-16.86896782581836,-0.253778692708165,15.738850863801993,-5.782184725609139,0.161464806500025,3115.229943312273,57847.20970302681
238,SPINE_DIAGONAL,3,2.854461080118482,7.789147081126394,-0.6041176835268764,0.5547189634694247,-3.0682730026979486,0.11992326300400756,4194.3488477560095,15522.713810352738
239,SPINE_LONGERON,1,2.5,-5.909648495802372,-0.7427475241053583,13.92188534669633,5.9848931368689335,0.14282361419286044,3521.8265749862553,165123.64821475497
240,SPINE_DIAGONAL,3,2.854461080118482,16.19619670328475,-0.6010068307546755,2.263275464608889,-2.1612672788119456,0.12720290675300586,3954.31215244705,7465.252687536693
241,SPINE_FRAME,2,1.3776603565143233,-77.18473319493998,0.027295206815877826,-7.62883713616228,10.427307587581348,0.2579471299436721,1950.0120048237795,18554.848642009325
242,SPINE_FRAME,2,1.3776603565143233,-50.70487608104999,-1.1496239720525936,4.535357466034292,8.525205226883008,0.18998291088612962,2647.6065539467595,28244.838615062192
243,SPINE_FRAME,2,1.3776603565143233,-77.18472561564792,0.027294514547191007,-7.628839669724339,10.427307635641304,0.25794715203957097,1950.0118377846486,18554.850464035844
244,SPINE_FRAME,2,1.3776603565143233,-50.70487104693268,-1.1496249594670713,-4.535355963901299,-8.525201587677056,0.18998284356941506,2647.6074920744945,28244.84141928648
245,SPINE_FRAME,2,1.3776603565143233,-77.18473319494439,0.027295206815877826,7.62883713616245,-10.42730758758141,0.2579471299436769,1950.012004823743,18554.848642008266
246,SPINE_FRAME,2,1.3776603565143233,-50.70487608105135,-1.1496239720525585,-4.535357466034312,-8.525205226883198,0.18998291088613323,2647.6065539467095,28244.83861506143
247,SPINE_FRAME,2,1.3776603565143233,-77.18472561564525,0.02729451454722387,7.628839669724219,-10.427307635641474,0.2579471520395708,1950.0118377846502,18554.850464036484
248,SPINE_FRAME,2,1.3776603565143233,-50.70487104692893,-1.149624959467022,4.535355963901151,8.525201587677213,0.18998284356941425,2647.607492074506,28244.841419288572
249,SPINE_LONGERON,1,1.0,-12.01840071875263,-2.7166392626961677,-24.31200514665668,-50.14710983185087,0.5219004862032941,963.7852680674993,507462.85951919784
250,SPINE_DIAGONAL,3,1.7023360590409793,-26.344883203681945,0.6986203929629963,2.6104259833206545,2.7092985538177845,0.15845903034014247,3174.3220876732507,12903.838899704719
251,SPINE_LONGERON,1,1.0,-54.160615741825865,-1.2452658572551625,9.869374571942823,-44.48688187291863,0.44175396312189696,1138.642869087748,112607.50846441885
252,SPINE_DIAGONAL,3,1.7023360590409793,-94.89347697032449,0.5287657021738732,4.056057002678349,2.543690047450168,0.25115200007424643,2002.7712295793042,3582.439378822206
253,SPINE_LONGERON,1,1.0,-12.018397501027692,-2.7166390627719337,50.14710770724228,-24.31200634447404,0.5219004721444827,963.7852940296818,507462.9953838918
254,SPINE_DIAGONAL,3,1.7023360590409793,-26.344856399154295,0.6986199624750139,-1.5632582114304077,3.4221113155059437,0.15845900471324093,3174.3226010428743,12903.852028692834
255,SPINE_LONGERON,1,1.0,-54.16050302463934,-1.245268045977836,44.48687991266769,9.86937377126121,0.44175390533192904,1138.6430180442917,112607.74281972995
256,SPINE_DIAGONAL,3,1.7023360590409793,-94.89356972734015,0.5287657223884258,-0.8790474752185554,4.706296999398064,0.25115207101497294,2002.7706638740506,3582.4358770424064
257,SPINE_LONGERON,1,1.0,-12.01840071875074,-2.716639262696169,24.312005146656706,50.147109831853676,0.5219004862033169,963.7852680674572,507462.85951927764
258,SPINE_DIAGONAL,3,1.7023360590409793,-26.34488320368331,0.6986203929630704,-2.6104259833207055,-2.7092985538178413,0.15845903034014663,3174.3220876731675,12903.83889970405
259,SPINE_LONGERON,1,1.0,-54.16061574182778,-1.2452658572551605,-9.869374571944554,44.48688187292137,0.44175396312192594,1138.6428690876733,112607.50846441486
260,SPINE_DIAGONAL,3,1.7023360590409793,-94.89347697032821,0.5287657021739107,-4.056057002678333,-2.5436900474502417,0.2511520000742505,2002.771229579272,3582.4393788220655
261,SPINE_LONGERON,1,1.0,-12.018397501032482,-2.7166390627719763,-50.14710770724293,24.312006344474256,0.5219004721444906,963.785294029667,507462.9953836896
262,SPINE_DIAGONAL,3,1.7023360590409793,-26.344856399156285,0.6986199624749924,1.5632582114304134,-3.422111315505906,0.1584590047132413,3174.3226010428666,12903.85202869186
263,SPINE_LONGERON,1,1.0,-54.160503024640676,-1.245268045977862,-44.48687991266715,-9.869373771259943,0.44175390533192205,1138.6430180443097,112607.74281972717
264,SPINE_DIAGONAL,3,1.7023360590409793,-94.89356972733782,0.5287657223883797,0.8790474752185827,-4.706296999397947,0.251152071014967,2002.7706638740979,3582.435877042494
265,SPINE_FRAME,2,1.3776603565143233,-2147.0862509128388,-0.1645755232356494,-10.949392160634625,4.371085727753776,1.2930119717294535,389.01418625476305,667.0207316064278
266,SPINE_FRAME,2,1.3776603565143233,-2100.6817386800985,-0.40850996117567207,10.776854787420614,3.684574349942884,1.262616041301904,398.3792249949149,681.755363287841
267,SPINE_FRAME,2,1.3776603565143233,-2147.086205946858,-0.16457580308365394,-10.94939374491125,4.371086460194863,1.293011978330348,389.01418426882503,667.0207455757045
268,SPINE_FRAME,2,1.3776603565143233,-2100.6817013783166,-0.4085103560600861,-10.776853480912864,-3.684572905689214,1.26261599350543,398.37924007560645,681.7553753937635
269,SPINE_FRAME,2,1.3776603565143233,-2147.0862509128438,-0.16457552323556346,10.949392160634993,-4.37108572775351,1.2930119717294601,389.014186254761,667.0207316064264
270,SPINE_FRAME,2,1.3776603565143233,-2100.6817386801004,-0.4085099611758457,-10.776854787420737,-3.684574349942033,1.2626160413019023,398.37922499491543,681.7553632878404
271,SPINE_FRAME,2,1.3776603565143233,-2147.0862059468627,-0.1645758030837745,10.949393744911164,-4.371086460194384,1.293011978330346,389.0141842688256,667.0207455757031
272,SPINE_FRAME,2,1.3776603565143233,-2100.681701378314,-0.40851035606013086,10.776853480912463,3.68457290568901,1.2626159935054209,398.3792400756093,681.7553753937644
273,SPINE_LONGERON,1,1.5,2.1601392227706953,-1.7317749417134545,18.108647055471877,47.364921684803434,0.47164433367337116,1066.4815923524773,1254835.168090708
274,SPINE_DIAGONAL,3,2.036651187098854,-61.87141583718989,-0.696243527989888,1.032872433832975,4.734370410967746,0.22636272046131528,2222.097344363562,3838.6847135396506
275,SPINE_LONGERON,1,1.5,43.54565378255198,-0.9230663963295296,-13.163706564392974,38.537685879578575,0.39308467894791793,1279.6225010505825,62247.74298350061
276,SPINE_DIAGONAL,3,2.036651187098854,-3.3979010816044237,-0.7548124259122548,-2.071174564780643,1.1781484118146262,0.09146139283275326,5499.588235221699,69897.51981453522
277,SPINE_LONGERON,1,1.5,2.1602028250405567,-1.731774743705508,-47.364920888270134,18.10864626846677,0.4716443460164437,1066.4815644423375,1254798.2223168819
278,SPINE_DIAGONAL,3,2.036651187098854,-61.87143104679071,-0.696243541053448,-4.845724139841158,-0.00686875450947344,0.22636273661507392,2222.097185789652,3838.6837698914887
279,SPINE_LONGERON,1,1.5,43.54557832584891,-0.9230656464656122,-38.537684313626784,-13.163706109597591,0.39308463772731117,1279.6226352375002,62247.85084771185
280,SPINE_DIAGONAL,3,2.036651187098854,-3.3979261362034947,-0.7548121895685911,-1.595058126399025,-1.7701946378281108,0.09146142357820772,5499.586386493207,69897.00442536407
281,SPINE_LONGERON,1,1.5,2.1601392227688194,-1.7317749417134867,-18.10864705547201,-47.36492168480177,0.4716443336733567,1066.48159235251,1254835.1680917977
282,SPINE_DIAGONAL,3,2.036651187098854,-61.871415837190206,-0.6962435279898462,-1.0328724338330286,-4.7343704109676255,0.22636272046131156,2222.0973443635985,3838.684713539631
283,SPINE_LONGERON,1,1.5,43.545653782553174,-0.9230663963295149,13.163706564391468,-38.53768587957644,0.39308467894789506,1279.6225010506569,62247.7429834989
284,SPINE_DIAGONAL,3,2.036651187098854,-3.3979010816021997,-0.7548124259122015,2.0711745647804483,-1.1781484118144392,0.09146139283274195,5499.588235222379,69897.51981458097
285,SPINE_LONGERON,1,1.5,2.160202825040912,-1.731774743705492,47.36492088826945,-18.10864626846655,0.47164434601643723,1066.481564442352,1254798.2223166756
286,SPINE_DIAGONAL,3,2.036651187098854,-61.871431046788054,-0.696243541053443,4.845724139841121,0.006868754509478325,0.22636273661507036,2222.097185789687,3838.683769891654
287,SPINE_LONGERON,1,1.5,43.545578325848425,-0.9230656464656414,38.53768431362715,13.163706109598618,0.3930846377273172,1279.6226352374804,62247.85084771254
288,SPINE_DIAGONAL,3,2.036651187098854,-3.39792613620369,-0.7548121895686011,1.5950581263990806,1.7701946378282585,0.09146142357821306,5499.586386492886,69897.00442536004
289,SPINE_FRAME,2,1.3776603565143233,-65.00079747975539,-0.19487998176049937,-5.783641811250908,-7.185548049592663,0.1892177856359768,2658.3124747463617,22032.82263347661
290,SPINE_FRAME,2,1.3776603565143233,-46.76694135358174,0.9645033422756013,2.403913236057521,-5.896162128666777,0.13232595635955421,3801.2194571506097,30623.14961070893
291,SPINE_FRAME,2,1.3776603565143233,-65.00079113721345,-0.19488023371993357,-5.783641897224031,-7.185547432679164,0.18921777524242003,2658.3126207649984,22032.824783359698
292,SPINE_FRAME,2,1.3776603565143233,-46.766939375842355,0.9645033174098145,-2.4039115221143037,5.896162287242213,0.13232594690245755,3801.2197288169054,30623.15090573935
293,SPINE_FRAME,2,1.3776603565143233,-65.00079747975532,-0.19487998176051535,5.783641811251147,7.185548049592633,0.18921778563597894,2658.312474746331,22032.822633476637
294,SPINE_FRAME,2,1.3776603565143233,-46.7669413535817,0.9645033422756617,-2.4039132360576323,5.896162128666629,0.1323259563595527,3801.2194571506543,30623.149610708955
295,SPINE_FRAME,2,1.3776603565143233,-65.00079113721466,-0.1948802337199078,5.78364189722401,7.185547432679094,0.18921777524241948,2658.312620765006,22032.82478335929
296,SPINE_FRAME,2,1.3776603565143233,-46.766939375842995,0.9645033174097835,2.4039115221140657,-5.896162287242218,0.13232594690245647,3801.2197288169373,30623.15090573893
297,SPINE_LONGERON,1,2.5,10.946149242967095,-0.13875812554712436,-3.0004821777236206,-16.489080328317613,0.15934557741818495,3156.661189785844,89147.58036217104
298,SPINE_DIAGONAL,3,2.854461080118482,-9.190944088751426,-0.2929629608343831,-0.7149259337737162,-2.080217645999342,0.0870980992605454,5775.097324401132,13155.199270012601
299,SPINE_LONGERON,1,2.5,-2.041729184604833,-0.3172859011643787,8.651538821145015,-12.548402468760656,0.14220567127218658,3537.1303795419,477939.3499645707
300,SPINE_DIAGONAL,3,2.854461080118482,-0.0898972806700229,-0.2677414410335243,0.9065331374833033,-1.8170724638308413,0.07348009697050961,6845.391075108043,1344965.0541808608
301,SPINE_LONGERON,1,2.5,10.946173728136152,-0.13875810378743525,16.489080899566314,-3.0004824069360994,0.15934559144931043,3156.660911827045,89147.38095061132
302,SPINE_DIAGONAL,3,2.854461080118482,-9.19092127200081,-0.2929630728732707,2.0041510466765597,-0.9065337829414315,0.08709808383571604,5775.09834715487,13155.23192820781
303,SPINE_LONGERON,1,2.5,-2.0417819771391237,-0.317285546687375,12.548402345845776,8.651538080217431,0.14220568456233434,3537.1300489715322,477926.9923133599
304,SPINE_DIAGONAL,3,2.854461080118482,-0.08990917752171157,-0.26774150024449644,1.8939606586556956,0.7324391936717853,0.07348010241543973,6845.390567859484,1344787.0873679381
305,SPINE_LONGERON,1,2.5,10.94614924296657,-0.13875812554711764,3.0004821777236192,16.489080328317364,0.15934557741818253,3156.6611897858916,89147.58036217533
306,SPINE_DIAGONAL,3,2.854461080118482,-9.190944088752168,-0.2929629608343812,0.7149259337737166,2.080217645999305,0.08709809926054476,5775.097324401175,13155.199270011539
307,SPINE_LONGERON,1,2.5,-2.041729184604577,-0.3172859011643654,-8.651538821144895,12.548402468760491,0.14220567127218461,3537.130379541949,477939.3499646306
308,SPINE_DIAGONAL,3,2.854461080118482,-0.0898972806694367,-0.2677414410335164,-0.9065331374832921,1.8170724638308189,0.07348009697050822,6845.391075108171,1344965.054189631
309,SPINE_LONGERON,1,2.5,10.946173728136046,-0.13875810378747266,-16.489080899566442,3.0004824069361025,0.15934559144931165,3156.6609118270208,89147.38095061218
310,SPINE_DIAGONAL,3,2.854461080118482,-9.190921272000086,-0.29296307287328033,-2.0041510466765655,0.9065337829414408,0.08709808383571582,5775.098347154884,13155.231928208847
311,SPINE_LONGERON,1,2.5,-2.04178197713928,-0.31728554668735304,-12.548402345845895,-8.651538080217682,0.14220568456233662,3537.130048971476,477926.99231332337
312,SPINE_DIAGONAL,3,2.854461080118482,-0.08990917752225158,-0.26774150024449905,-1.8939606586557152,-0.7324391936718143,0.07348010241544124,6845.390567859343,1344787.087359861
313,SPINE_FRAME,2,1.3776603565143233,16.737980944730836,-0.13236542931668505,-0.7827297372002409,1.432854546657474,0.036205757502437444,13892.818012884747,85562.95090996799
314,SPINE_FRAME,2,1.3776603565143233,13.009891045270114,-0.003569975671291137,0.03802275548308623,1.137719614269411,0.025889505052502614,19428.72213972192,110081.70913365627
315,SPINE_FRAME,2,1.3776603565143233,16.737982582011078,-0.13236540950250142,-0.7827295712271711,1.432855149642776,0.03620576591700328,13892.814784061138,85562.94254034947
316,SPINE_FRAME,2,1.3776603565143233,13.00989581582875,-0.003570089062525428,-0.03802052094335537,-1.137719490217641,0.025889504124428177,19428.722836193363,110081.66876813331
317,SPINE_FRAME,2,1.3776603565143233,16.737980944730825,-0.13236542931669304,0.7827297372002987,-1.4328545466574565,0.036205757502437666,13892.818012884663,85562.95090996804
318,SPINE_FRAME,2,1.3776603565143233,13.009891045269825,-0.003569975671301573,-0.0380227554831242,-1.137719614269386,0.025889505052502065,19428.72213972233,110081.70913365872
319,SPINE_FRAME,2,1.3776603565143233,16.737982582011163,-0.13236540950250053,0.782729571227163,-1.4328551496427842,0.03620576591700338,13892.814784061098,85562.94254034903
320,SPINE_FRAME,2,1.3776603565143233,13.009895815829054,-0.0035700890625328663,0.03802052094330027,1.1377194902176384,0.025889504124428264,19428.7228361933,110081.66876813074
321,SPINE_LONGERON,1,2.5,7.794530828591178,-0.02460627517297971,0.5352952453305679,3.419673713300356,0.03481485748017255,14447.85463466177,125193.25931899635
322,SPINE_DIAGONAL,3,2.854461080118482,2.5726300355600884,-0.06178587073933764,0.01709988669898824,0.4340508258492145,0.017837648585967307,28198.78402558647,46998.091173551235
323,SPINE_LONGERON,1,2.5,-7.046369390679899,-0.04308163821573454,-2.157565326921457,2.848860617701476,0.03560112408499528,14128.767361365373,138485.88758125983
324,SPINE_DIAGONAL,3,2.854461080118482,-3.5426508813384707,-0.07061302648123745,-0.33376055951512384,0.2942151588037333,0.019043459424691017,26413.26813487625,34129.44289937713
325,SPINE_LONGERON,1,2.5,7.794566038201012,-0.024606539925432575,-3.419673850103062,0.535294876604145,0.034814870346716896,14447.849295162858,125192.69379606757
326,SPINE_DIAGONAL,3,2.854461080118482,2.572628789724938,-0.061785988431711965,-0.43374531646734144,-0.023610666099712393,0.017837645387607917,28198.78908173843,46998.1139331014
327,SPINE_LONGERON,1,2.5,-7.046386494618815,-0.0430814950728649,-2.848860831952301,-2.1575657526507888,0.03560113393672753,14128.763451578867,138485.55142965025
328,SPINE_DIAGONAL,3,2.854461080118482,-3.542667738549607,-0.07061294710391933,-0.32416951616905954,-0.3047507157379026,0.019043481166807416,26413.23797860675,34129.28049994614
329,SPINE_LONGERON,1,2.5,7.794530828591405,-0.024606275172980946,-0.5352952453305666,-3.4196737133002966,0.03481485748017208,14447.854634661964,125193.2593189927
330,SPINE_DIAGONAL,3,2.854461080118482,2.5726300355601133,-0.061785870739336196,-0.017099886698989313,-0.4340508258492082,0.017837648585967102,28198.784025586796,46998.09117355078
331,SPINE_LONGERON,1,2.5,-7.046369390680212,-0.043081638215724985,2.157565326921429,-2.848860617701445,0.035601124084995,14128.767361365482,138485.8875812537
332,SPINE_DIAGONAL,3,2.854461080118482,-3.5426508813384068,-0.07061302648123541,0.3337605595151204,-0.2942151588037323,0.019043459424690847,26413.268134876485,34129.44289937775
333,SPINE_LONGERON,1,2.5,7.794566038201211,-0.02460653992544301,3.419673850103088,-0.535294876604154,0.0348148703467172,14447.849295162732,125192.69379606438
334,SPINE_DIAGONAL,3,2.854461080118482,2.572628789725041,-0.061785988431714386,0.43374531646734205,0.02361066609971254,0.01783764538760803,28198.78908173825,46998.11393309952
335,SPINE_LONGERON,1,2.5,-7.046386494618531,-0.043081495072858716,2.8488608319523236,2.1575657526508336,0.035601133936727855,14128.763451578738,138485.55142965584
336,SPINE_DIAGONAL,3,2.854461080118482,-3.5426677385496745,-0.07061294710391824,0.32416951616906564,0.30475071573791024,0.01904348116680781,26413.2379786062,34129.28049994549
337,SPINE_FRAME,2,1.3776603565143233,2.645253591757237,0.010408403939989624,0.0016084130779972297,0.19333859716008905,0.004621579393094571,108837.2517740511,541404.062872705
338,SPINE_FRAME,2,1.3776603565143233,-3.2813817144700437,0.014198200290333474,-0.1696733844314302,-0.22436029586851358,0.006434706095175807,78169.84840645736,436447.55975526065
339,SPINE_FRAME,2,1.3776603565143233,2.6452519038909585,0.010408371940758832,0.0016099439629414097,0.19333892562965305,0.004621584289191975,108837.13647207832,541404.4083285233
340,SPINE_FRAME,2,1.3776603565143233,-3.2813792577371244,0.01419809461505081,0.16967452365242497,0.22436046549752675,0.006434718705195365,78169.69521820433,436447.88651879615
341,SPINE_FRAME,2,1.3776603565143233,2.645253591757214,0.010408403939991206,-0.001608413077992893,-0.19333859716008817,0.0046215793930945446,108837.25177405169,541404.0628727097
342,SPINE_FRAME,2,1.3776603565143233,-3.2813817144700774,0.014198200290336777,0.16967338443142124,0.22436029586851047,0.006434706095175691,78169.84840645877,436447.55975525617
343,SPINE_FRAME,2,1.3776603565143233,2.6452519038909865,0.01040837194075718,-0.001609943962951839,-0.1933389256296586,0.004621584289192084,108837.13647207574,541404.4083285176
344,SPINE_FRAME,2,1.3776603565143233,-3.2813792577372016,0.014198094615048576,-0.16967452365243374,-0.22436046549752342,0.006434718705195447,78169.69521820333,436447.8865187859
345,SPINE_LONGERON,1,2.5,3.12149176114049,-0.009436708082764249,-0.02210826999619782,-0.8330029910787232,0.008810601287917162,57090.31467464236,312614.2222900481
346,SPINE_DIAGONAL,3,2.854461080118482,1.6475977569673539,-0.014584508306497108,-0.010658946178854826,-0.11150513954267068,0.0054078359403269055,93013.17672177636,73384.8419347327
347,SPINE_LONGERON,1,2.5,-2.984264741380187,-0.009018325867619189,0.5242840910940946,-0.5311252324160901,0.007955826891334155,63224.1006334477,326989.32697318954
348,SPINE_DIAGONAL,3,2.854461080118482,-1.7690987299954557,-0.01428723672542926,0.049108781038782384,-0.07640648040298204,0.004749419742990296,105907.67445694422,68344.80117872222
349,SPINE_LONGERON,1,2.5,3.121502636648799,-0.009436915809198877,0.833003308306142,-0.022108285331381428,0.008810607995919859,57090.27120863128,312613.1331227566
350,SPINE_DIAGONAL,3,2.854461080118482,1.6476084212359936,-0.014584562334883037,0.11001757255765904,-0.02105112410826128,0.005407845979548143,93013.00405046457,73384.36694585888
351,SPINE_LONGERON,1,2.5,-2.9842781626579864,-0.009018295276190327,0.5311254125788715,0.524284017817773,0.007955832224713277,63224.058249685855,326987.8563949272
352,SPINE_DIAGONAL,3,2.854461080118482,-1.7691009030830003,-0.014287310732929274,0.0806684109695498,0.04173991981844885,0.004749419943214136,105907.66999213769,68344.7172269047
353,SPINE_LONGERON,1,2.5,3.1214917611406605,-0.009436708082764044,0.02210826999619717,0.8330029910787156,0.00881060128791715,57090.31467464243,312614.22229003103
354,SPINE_DIAGONAL,3,2.854461080118482,1.6475977569673823,-0.014584508306497166,0.010658946178854656,0.11150513954266958,0.005407835940326889,93013.17672177663,73384.84193473143
355,SPINE_LONGERON,1,2.5,-2.984264741380372,-0.009018325867617104,-0.5242840910940869,0.5311252324160849,0.007955826891334134,63224.100633447866,326989.3269731693
356,SPINE_DIAGONAL,3,2.854461080118482,-1.7690987299954557,-0.014287236725428705,-0.04910878103878195,0.07640648040298152,0.00474941974299027,105907.67445694479,68344.80117872222
357,SPINE_LONGERON,1,2.5,3.1215026366488132,-0.009436915809202338,-0.8330033083061477,0.022108285331382205,0.008810607995919916,57090.271208630904,312613.1331227552
358,SPINE_DIAGONAL,3,2.854461080118482,1.647608421236093,-0.014584562334883595,-0.11001757255765882,0.021051124108261914,0.005407845979548224,93013.00405046318,73384.36694585446
359,SPINE_LONGERON,1,2.5,-2.9842781626578017,-0.009018295276188176,-0.5311254125788809,-0.5242840178177823,0.007955832224713336,63224.05824968538,326987.85639494745
360,SPINE_DIAGONAL,3,2.854461080118482,-1.7691009030828475,-0.014287310732929352,-0.08066841096955121,-0.04173991981845041,0.00474941994321408,105907.66999213892,68344.71722691061
361,SPINE_FRAME,2,1.3776603565143233,0.4578526742755776,0.00045117570020253295,0.06134899740352566,0.07205134967165638,0.0018345737994082175,274178.12254936475,3127973.521552447
362,SPINE_FRAME,2,1.3776603565143233,-0.9826146746423987,0.00335184748475003,-0.09396967637223397,-0.04332179807345238,0.0022520114263483767,223355.88270775854,1457489.979403355
363,SPINE_FRAME,2,1.3776603565143233,0.4578525035750329,0.0004512507877946492,0.06134944997376841,0.07205159851010423,0.0018345818875154147,274176.91378236376,3127974.687750688
364,SPINE_FRAME,2,1.3776603565143233,-0.9826170593218788,0.003351876948111225,0.09396937698776033,0.043321713986403276,0.0022520074546012905,223356.27662877974,1457486.4422711493
365,SPINE_FRAME,2,1.3776603565143233,0.4578526742755563,0.0004511757002019952,-0.0613489974035263,-0.07205134967165627,0.001834573799408212,274178.12254936557,3127973.5215525925
366,SPINE_FRAME,2,1.3776603565143233,-0.9826146746424023,0.003351847484750377,0.09396967637223727,0.04332179807345249,0.00225201142634843,223355.88270775322,1457489.9794033498
367,SPINE_FRAME,2,1.3776603565143233,0.45785250357503066,0.00045125078779482963,-0.06134944997377024,-0.07205159851010601,0.0018345818875154568,274176.9137823575,3127974.6877507027
368,SPINE_FRAME,2,1.3776603565143233,-0.9826170593218913,0.003351876948111638,-0.09396937698776053,-0.04332171398640028,0.0022520074546012792,223356.27662878088,1457486.4422711309
369,SPINE_LONGERON,1,2.5,0.9447373894610394,-0.0005275873550515666,0.013336268763067994,0.16948464207861363,0.0019035371498412011,264244.9085072817,1032903.6726813801
370,SPINE_DIAGONAL,3,2.854461080118482,0.6086655097254123,-0.0031571543289605304,-0.0019916942465071884,0.019649410914491967,0.0012178442943569774,413024.88530817017,198645.55989317517
371,SPINE_LONGERON,1,2.5,-0.9392533067958198,-0.0033857105265640078,-0.1290601553306799,0.14180966339413786,0.002103593514164209,239114.63722108398,1038934.5581573307
372,SPINE_DIAGONAL,3,2.854461080118482,-0.6212845186343401,-0.0030281258084000036,-0.019142910893423976,0.016691201615317106,0.0014302836009446953,351678.50604437536,194610.83825626562
373,SPINE_LONGERON,1,2.5,0.9447486243548866,-0.0005277829744329433,-0.16948462371206402,0.01333619597227443,0.0019035408006967706,264244.40170438285,1032891.3894529975
374,SPINE_DIAGONAL,3,2.854461080118482,0.6086667744553154,-0.003157218512795952,-0.019376573499457546,-0.0038225442735022423,0.0012178430080315571,413025.3215584961,198645.14713369784
375,SPINE_LONGERON,1,2.5,-0.9392519005603361,-0.0033857782556738457,-0.14180973617473094,-0.12906035728785895,0.0021035947980804714,239114.4912789227,1038936.1136363668
376,SPINE_DIAGONAL,3,2.854461080118482,-0.6212905267526487,-0.0030281156700016,-0.018410082187043018,-0.01749625819732324,0.001430290615615444,351676.7812837552,194608.9562946228
377,SPINE_LONGERON,1,2.5,0.9447373894610536,-0.0005275873550518811,-0.013336268763069732,-0.1694846420786095,0.001903537149841169,264244.90850728616,1032903.6726813645
378,SPINE_DIAGONAL,3,2.854461080118482,0.6086655097255296,-0.0031571543289605425,0.0019916942465071433,-0.019649410914491305,0.0012178442943570503,413024.8853081454,198645.5598931369
379,SPINE_LONGERON,1,2.5,-0.939253306795905,-0.0033857105265632896,0.12906015533067855,-0.14180966339413673,0.002103593514164221,239114.63722108258,1038934.5581572364
380,SPINE_DIAGONAL,3,2.854461080118482,-0.6212845186343401,-0.0030281258083999165,0.019142910893423928,-0.01669120161531735,0.0014302836009446997,351678.5060443743,194610.83825626562
381,SPINE_LONGERON,1,2.5,0.9447486243548866,-0.0005277829744334654,0.16948462371206344,-0.01333619597227438,0.0019035408006967654,264244.40170438355,1032891.3894529975
382,SPINE_DIAGONAL,3,2.854461080118482,0.6086667744553047,-0.0031572185127960155,0.019376573499457202,0.003822544273502284,0.0012178430080315365,413025.321558503,198645.1471337013
383,SPINE_LONGERON,1,2.5,-0.9392519005601514,-0.003385778255673778,0.1418097361747293,0.12906035728786197,0.002103594798080415,239114.4912789291,1038936.1136365711
384,SPINE_DIAGONAL,3,2.854461080118482,-0.6212905267527127,-0.0030281156700016193,0.018410082187042955,0.017496258197323658,0.0014302906156155057,351676.78128374,194608.95629460277
385,SPINE_FRAME,2,1.3776603565143233,0.14477026394417192,-0.0016991329467281303,0.01726600650679338,0.012554047552220782,0.000435692941310194,1154482.784337528,9892577.4042815
386,SPINE_FRAME,2,1.3776603565143233,-0.301681768964043,-0.0019727258698594118,-0.023818651475983058,-0.009969920854477232,0.0005913040016827145,850662.2626746619,4747224.357719409
387,SPINE_FRAME,2,1.3776603565143233,0.14476988402187008,-0.0016991852726264676,0.017266501527169457,0.012554146736991512,0.0004357005415932299,1154462.645744427,9892603.365556555
388,SPINE_FRAME,2,1.3776603565143233,-0.30168075791272164,-0.0019727660665747066,0.023819049390393154,0.009969940811022204,0.0005913098504258006,850653.8486341655,4747240.267542404
389,SPINE_FRAME,2,1.3776603565143233,0.14477026394417436,-0.0016991329467280648,-0.01726600650679519,-0.012554047552220338,0.00043569294131021554,1154482.784337471,9892577.404281335
390,SPINE_FRAME,2,1.3776603565143233,-0.3016817689640403,-0.001972725869859409,0.023818651475984495,0.009969920854477343,0.0005913040016827363,850662.2626746306,4747224.357719451
391,SPINE_FRAME,2,1.3776603565143233,0.14476988402187452,-0.001699185272626766,-0.017266501527169277,-0.012554146736993177,0.00043570054159324656,1154462.6457443829,9892603.365556251
392,SPINE_FRAME,2,1.3776603565143233,-0.30168075791271187,-0.001972766066574869,-0.023819049390391894,-0.009969940811020428,0.0005913098504257645,850653.8486342174,4747240.267542558
393,SPINE_LONGERON,1,1.0,0.2523400907956841,-0.0024747839800833265,-0.0006839220789568584,-0.055962462220427764,0.0006067571338657454,828997.2575935081,24169334.23600918
394,SPINE_DIAGONAL,3,1.7023360590409793,0.17087158138819092,-0.0010093887522127365,0.001283948060324308,-0.005162781364564051,0.0003341913867301579,1505125.565687144,1989506.5401164643
395,SPINE_LONGERON,1,1.0,-0.2449293647189279,0.000476100729092971,0.04174293371342606,-0.03787810314287943,0.0006076050241761971,827840.422619904,24900615.74521561
396,SPINE_DIAGONAL,3,1.7023360590409793,0.17020574137066902,0.0016271206497692702,-0.0037751574130845816,-0.0015127887524100936,0.0002915827936790446,1725067.49679362,1997289.4330956512
397,SPINE_LONGERON,1,1.0,0.25234375897045425,-0.0024749409277443467,0.05596247784717555,-0.0006838769935891692,0.0006067585780615065,828995.2844292732,24168982.900424667
398,SPINE_DIAGONAL,3,1.7023360590409793,0.17087397140219096,-0.0010093953500058337,0.005273963705513106,-0.0006987670285844294,0.0003341938303604216,1505114.5601865966,1989478.7128912583
399,SPINE_LONGERON,1,1.0,-0.24492863477755122,0.0004761086741599382,0.03787817630599208,0.04174302351484921,0.0006076058467767318,827839.3018571959,24900689.954545006
400,SPINE_DIAGONAL,3,1.7023360590409793,0.1702054181376873,0.001627167776149892,2.2997892676138165e-05,-0.004066888518527434,0.0002915817746050794,1725073.525878862,1997293.2260995747
401,SPINE_LONGERON,1,1.0,0.2523400907957125,-0.002474783980083826,0.0006839220789568445,0.05596246222042618,0.0006067571338657407,828997.2575935145,24169334.236006457
402,SPINE_DIAGONAL,3,1.7023360590409793,0.17087158138819447,-0.0010093887522126962,-0.0012839480603246411,0.0051627813645642034,0.00033419138673016884,1505125.5656870946,1989506.5401164228
403,SPINE_LONGERON,1,1.0,-0.24492936471875737,0.00047610072909343853,-0.041742933713425696,0.03787810314287814,0.0006076050241761278,827840.4226199985,24900615.745232947
404,SPINE_DIAGONAL,3,1.7023360590409793,0.17020574137066546,0.0016271206497693034,0.003775157413084637,0.0015127887524101213,0.0002915827936790441,1725067.4967936226,1997289.433095693
405,SPINE_LONGERON,1,1.0,0.25234375897059635,-0.0024749409277446182,-0.05596247784717588,0.0006838769935898076,0.0006067585780615588,828995.2844292019,24168982.90041106
406,SPINE_DIAGONAL,3,1.7023360590409793,0.17087397140226557,-0.0010093953500058227,-0.00527396370551305,0.0006987670285840686,0.0003341938303604795,1505114.5601863358,1989478.7128903896
407,SPINE_LONGERON,1,1.0,-0.2449286347773807,0.00047610867415906824,-0.03787817630599223,-0.04174302351484922,0.0006076058467766742,827839.3018572744,24900689.954562344
408,SPINE_DIAGONAL,3,1.7023360590409793,0.17020541813762335,0.0016271677761499621,-2.2997892676124287e-05,0.0040668885185270315,0.00029158177460501334,1725073.5258792532,1997293.2261003251
409,SPINE_FRAME,2,1.3776603565143233,0.05090031712251886,0.0007265792991016358,0.011669261074286653,0.0041805536122268006,0.0002359241495235819,2132041.170926092,28136387.411079306
410,SPINE_FRAME,2,1.3776603565143233,0.13682773328228492,-0.0008394259117513115,-0.013527087665429509,-0.0012949708472614896,0.0002998940380059806,1677259.0857240348,10466818.440610712
411,SPINE_FRAME,2,1.3776603565143233,0.05089993476245791,0.0007266202565862774,0.011669526046701427,0.004180596746297893,0.00023592844493290857,2132002.3541164743,28136598.771483902
412,SPINE_FRAME,2,1.3776603565143233,0.13682874279904755,-0.0008394423718958135,0.013527472700072301,0.0012949474874212052,0.0002999010045297035,1677220.123983215,10466741.216860417
413,SPINE_FRAME,2,1.3776603565143233,0.050900317122504424,0.0007265792991015947,-0.011669261074289186,-0.0041805536122268006,0.00023592414952361486,2132041.170925794,28136387.411087286
414,SPINE_FRAME,2,1.3776603565143233,0.1368277332822876,-0.0008394259117513957,0.013527087665431033,0.0012949708472622667,0.000299894038006009,1677259.085723876,10466818.44061051
415,SPINE_FRAME,2,1.3776603565143233,0.05089993476245436,0.0007266202565863314,-0.01166952604670188,-0.0041805967462988924,0.0002359284449329197,2132002.354116373,28136598.77148587
416,SPINE_FRAME,2,1.3776603565143233,0.13682874279906487,-0.0008394423718958658,-0.013527472700068918,-0.001294947487420095,0.0002999010045296536,1677220.1239834938,10466741.216859093
417,SPINE_LONGERON,1,1.5,0.08815902032361578,0.00043282583294314975,0.0012359362302658758,0.006123677920164158,8.842678525451282e-05,5688321.6838907935,30746923.624543548
418,SPINE_DIAGONAL,3,2.036651187098854,-0.07273726057409391,0.0002434752342667823,-0.0008698251013289499,-0.0009738394994527819,0.00010745788750309002,4680903.484032625,3265243.3746434706
419,SPINE_LONGERON,1,1.5,-0.08538508675201228,-0.0006827018068049379,-0.005905227199115137,0.004564563820892903,9.88476399425002e-05,5088639.448474397,31745809.108063187
420,SPINE_DIAGONAL,3,2.036651187098854,-0.07228007961696647,-0.00010439306081764453,-0.0009431750635403163,0.001081691265713905,0.00011150657229441762,4510944.867643302,3285896.4660510113
421,SPINE_LONGERON,1,1.5,0.08816167534038755,0.0004327455957231093,-0.006123633639805344,0.0012359610352280712,8.842731672744909e-05,5688287.495484545,30745997.67120171
422,SPINE_DIAGONAL,3,2.036651187098854,-0.07273825997432581,0.0002435090311365058,0.001137748296483037,-0.0006406455491637097,0.00010745794875783034,4680900.815756052,3265198.5112526366
423,SPINE_LONGERON,1,1.5,-0.08538222900912729,-0.0006827605246692253,-0.004564547903168601,-0.005905274078374063,9.884693673653133e-05,5088675.649511593,31746871.640175078
424,SPINE_DIAGONAL,3,2.036651187098854,-0.07228102028874517,-0.0001043873704063827,-0.0012588797453041735,-0.0006891644921865892,0.00011150848118454336,4510867.645731353,3285853.7030952456
425,SPINE_LONGERON,1,1.5,0.08815902032361578,0.00043282583294331585,-0.001235936230266882,-0.006123677920162619,8.842678525450073e-05,5688321.683891572,30746923.624543548
426,SPINE_DIAGONAL,3,2.036651187098854,-0.07273726057416852,0.00024347523426678273,0.0008698251013291441,0.0009738394994530178,0.00010745788750316263,4680903.484029463,3265243.3746401216
427,SPINE_LONGERON,1,1.5,-0.0853850867520407,-0.0006827018068049518,0.005905227199115057,-0.004564563820892726,9.884763994250839e-05,5088639.448473975,31745809.10805262
428,SPINE_DIAGONAL,3,2.036651187098854,-0.07228007961696647,-0.00010439306081765776,0.0009431750635403441,-0.0010816912657140576,0.00011150657229442242,4510944.867643108,3285896.4660510113
429,SPINE_LONGERON,1,1.5,0.08816167534047281,0.00043274559572282914,0.006123633639804737,-0.0012359610352275854,8.842731672747195e-05,5688287.495483074,30745997.671171974
430,SPINE_DIAGONAL,3,2.036651187098854,-0.07273825997432581,0.0002435090311364291,-0.001137748296483193,0.0006406455491638208,0.00010745794875783701,4680900.815755761,3265198.5112526366
431,SPINE_LONGERON,1,1.5,-0.08538222900909886,-0.00068276052466858,0.004564547903167213,0.005905274078374502,9.884693673651662e-05,5088675.649512351,31746871.640185647
432,SPINE_DIAGONAL,3,2.036651187098854,-0.0722810202887878,-0.00010438737040641827,0.0012588797453042082,0.0006891644921865475,0.0001115084811845791,4510867.645729908,3285853.7030933076
433,SPINE_FRAME,2,1.3776603565143233,-0.011961425710679485,-0.00034489844824229284,0.005814534870093277,0.001122752600197452,0.00010642480527551186,4726341.746154356,119730797.6947364
434,SPINE_FRAME,2,1.3776603565143233,0.027393418572034367,0.0003708490359445617,-0.0060924995091649475,-0.0005822713743263153,0.00011764577648273743,4275546.603016445,52280843.960382916
435,SPINE_FRAME,2,1.3776603565143233,-0.011961582456475384,-0.00034493217774449495,0.005814778513289571,0.001122772811273931,0.00010642901691747589,4726154.713897449,119729228.73015781
436,SPINE_FRAME,2,1.3776603565143233,0.027392962119399122,0.0003708629248498102,0.006092276743630162,0.0005822529728911618,0.00011764177547405026,4275692.014789024,52281715.12316168
437,SPINE_FRAME,2,1.3776603565143233,-0.011961425710697693,-0.00034489844824234326,-0.005814534870094134,-0.001122752600197341,0.00010642480527553503,4726341.746153327,119730797.69455415
438,SPINE_FRAME,2,1.3776603565143233,0.0273934185720508,0.0003708490359445315,0.006092499509163879,0.0005822713743257601,0.0001176457764827269,4275546.603016827,52280843.96035156
439,SPINE_FRAME,2,1.3776603565143233,-0.01196158245647716,-0.0003449321777444667,-0.005814778513288741,-0.0011227728112744861,0.00010642901691746478,4726154.713897943,119729228.73014002
440,SPINE_FRAME,2,1.3776603565143233,0.027392962119396458,0.0003708629248497173,-0.0060922767436284815,-0.0005822529728893855,0.0001176417754740177,4275692.014790208,52281715.12316676
441,SPINE_LONGERON,1,2.5,0.016781780937847657,-9.560277076819685e-05,-0.00011306941712454707,-0.0009608819429612932,1.4781949810595781e-05,34027987.27130347,58147745.04015667
442,SPINE_DIAGONAL,3,2.854461080118482,-0.018277377166416642,2.576038982373926e-06,5.867346943098928e-05,-0.00026256785232751934,2.481369341749126e-05,20271065.316114265,6615210.698241233
443,SPINE_LONGERON,1,2.5,-0.013518066841726295,6.068231899700443e-05,0.0006192812068867657,-0.00016164339806358334,1.0609054340545233e-05,47412331.377892554,72186558.23491338
444,SPINE_DIAGONAL,3,2.854461080118482,0.017964159650631473,3.0849158571567066e-05,-0.00021495426659307558,7.988778293042953e-05,2.3147106979303685e-05,21730577.408647347,6730551.460158017
445,SPINE_LONGERON,1,2.5,0.016783376496675828,-9.567121919041134e-05,0.0009609015387219479,-0.00011303900368373095,1.4782674800978111e-05,34026318.42829408,58142217.06144777
446,SPINE_DIAGONAL,3,2.854461080118482,-0.018277728182773956,2.5823686830602605e-06,0.00026692600932781696,3.3841108030684824e-05,2.481466994613263e-05,20270267.59138469,6615083.655802537
447,SPINE_LONGERON,1,2.5,-0.013516981871148914,6.0643742500276956e-05,0.0001616654698445106,0.0006193023506827645,1.0608908109643285e-05,47412984.899245486,72192352.44936997
448,SPINE_DIAGONAL,3,2.854461080118482,0.017962978894587422,3.086588142685927e-05,-9.966011561287832e-05,-0.00020653160796776752,2.3146154467942765e-05,21731471.666131448,6730993.877830666
449,SPINE_LONGERON,1,2.5,0.016781780937847657,-9.560277076816346e-05,0.00011306941712389308,0.0009608819429620442,1.4781949810601974e-05,34027987.271289214,58147745.04015667
450,SPINE_DIAGONAL,3,2.854461080118482,-0.018277377166398878,2.576038982362108e-06,-5.8673469431069075e-05,0.0002625678523276633,2.481369341748221e-05,20271065.31612166,6615210.698247662
451,SPINE_LONGERON,1,2.5,-0.013518066841768928,6.068231899682532e-05,-0.0006192812068870086,0.00016164339806388345,1.0609054340562721e-05,47412331.377814405,72186558.23468572
452,SPINE_DIAGONAL,3,2.854461080118482,0.017964159650631473,3.0849158571611085e-05,0.00021495426659309987,-7.988778293040524e-05,2.314710697930425e-05,21730577.408646815,6730551.460158017
453,SPINE_LONGERON,1,2.5,0.016783376496647406,-9.56712191900709e-05,-0.0009609015387221742,0.00011303900368421146,1.4782674800970791e-05,34026318.42831092,58142217.06154623
454,SPINE_DIAGONAL,3,2.854461080118482,-0.01827772818279172,2.5823686829889742e-06,-0.00026692600932795747,-3.384110803062931e-05,2.4814669946152102e-05,20270267.591368787,6615083.655796108
455,SPINE_LONGERON,1,2.5,-0.013516981871205758,6.064374250019889e-05,-0.00016166546984572316,-0.0006193023506822389,1.060890810966094e-05,47412984.89916658,72192352.44906639
456,SPINE_DIAGONAL,3,2.854461080118482,0.01796297889451992,3.08658814268764e-05,9.966011561278118e-05,0.00020653160796775538,2.3146154467884974e-05,21731471.666185707,6730993.877855959
457,SPINE_FRAME,2,1.3776603565143233,-0.0035187166999917086,9.860446483415068e-05,0.0013455093545823265,9.585043128845783e-05,2.466124084708554e-05,20396378.39470046,407009476.46889526
458,SPINE_FRAME,2,1.3776603565143233,0.004368642681114476,-9.896620387906921e-05,-0.0013819125272645555,-1.7796155817539905e-05,2.5653026742708203e-05,19607822.696515772,327825172.81560564
459,SPINE_FRAME,2,1.3776603565143233,-0.0035188656021447606,9.863142798298747e-05,0.0013456138562632704,9.584735550904888e-05,2.4663096923241393e-05,20394843.41992734,406992253.7061612
460,SPINE_FRAME,2,1.3776603565143233,0.004368885622979324,-9.896602763561952e-05,0.0013820095066135398,1.7759595595912003e-05,2.565478053476561e-05,19606482.281864338,327806943.34802496
461,SPINE_FRAME,2,1.3776603565143233,-0.003518716699984603,9.86044648341426e-05,-0.0013455093545826447,-9.585043128823578e-05,2.4661240847087018e-05,20396378.39469924,407009476.46971714
462,SPINE_FRAME,2,1.3776603565143233,0.0043686426811102574,-9.896620387911258e-05,0.0013819125272649297,1.7796155817095816e-05,2.5653026742712323e-05,19607822.696512625,327825172.81592226
463,SPINE_FRAME,2,1.3776603565143233,-0.003518865602141652,9.863142798307595e-05,-0.0013456138562636302,-9.584735550971502e-05,2.466309692324675e-05,20394843.419922914,406992253.70652074
464,SPINE_FRAME,2,1.3776603565143233,0.004368885622984431,-9.89660276355859e-05,-0.001382009506613459,-1.7759595594135646e-05,2.5654780534766434e-05,19606482.281863708,327806943.34764177
465,SPINE_LONGERON,1,2.0,-0.0002604578701692617,2.202968578559998e-05,3.888471701070373e-05,0.00041495415828910284,3.962309333030954e-06,126946171.46794847,5854010085.798477
466,SPINE_DIAGONAL,3,2.4285691379722283,-0.0013832958589468092,2.262864443571352e-05,-0.00011952360130945694,-0.00013049046034575157,7.535105543790342e-06,66754207.63210421,120750736.02153921
467,SPINE_LONGERON,1,2.0,-0.0037510107659528558,2.7092417280184626e-05,0.00043524217880804017,-0.0004893473523325254,7.374436300922696e-06,68208603.27142079,406483237.19463605
468,SPINE_DIAGONAL,3,2.4285691379722283,0.0013812090454763393,-5.954899478534208e-06,-5.9563670934646706e-05,0.00011459801130846853,5.786505913886061e-06,86926377.93611081,120933173.47611873
469,SPINE_LONGERON,1,2.0,-0.00026080547687001854,2.1983264210751093e-05,-0.0004149471422754547,3.891107965324145e-05,3.9623703403200395e-06,126944216.92026214,5846207745.308764
470,SPINE_DIAGONAL,3,2.4285691379722283,-0.0013843560614574812,2.2635082045010396e-05,0.0001456293114288354,-0.0001005440367913557,7.5363375234477365e-06,66743295.19279369,120658259.64421129
471,SPINE_LONGERON,1,2.0,-0.0037521023868833936,2.714345109248919e-05,0.0004893512443170604,0.000435232616009279,7.374792333598985e-06,68205310.36628255,406364976.666569
472,SPINE_DIAGONAL,3,2.4285691379722283,0.0013809139906975076,-5.952672411676076e-06,-0.00012168727155838222,-4.3326072197466536e-05,5.786871440408391e-06,86920887.24965735,120959012.81947665
473,SPINE_LONGERON,1,2.0,-0.00026045787015505084,2.202968578555271e-05,-3.8884717011283126e-05,-0.00041495415828848625,3.962309333020854e-06,126946171.46827206,5854010086.117878
474,SPINE_DIAGONAL,3,2.4285691379722283,-0.0013832958590000999,2.262864443574144e-05,0.0001195236013096651,0.00013049046034595627,7.535105543844831e-06,66754207.63162149,120750736.01688735
475,SPINE_LONGERON,1,2.0,-0.003751010765924434,2.7092417280266592e-05,-0.00043524217880740526,0.0004893473523337188,7.3744363009172884e-06,68208603.2714708,406483237.197716
476,SPINE_DIAGONAL,3,2.4285691379722283,0.0013812090454621284,-5.9548994785134455e-06,5.956367093463283e-05,-0.0001145980113083922,5.7865059138716055e-06,86926377.93632795,120933173.47736298
477,SPINE_LONGERON,1,2.0,-0.00026080547687001854,2.1983264210846936e-05,0.00041494714227537056,-3.891107965336288e-05,3.962370340319402e-06,126944216.92028257,5846207745.308764
478,SPINE_DIAGONAL,3,2.4285691379722283,-0.001384356061446823,2.2635082045004216e-05,-0.00014562931142875907,0.00010054403679152224,7.536337523440058e-06,66743295.19286169,120658259.64514023
479,SPINE_LONGERON,1,2.0,-0.0037521023868976044,2.714345109269215e-05,-0.0004893512443170048,-0.0004352326160073656,7.374792333591745e-06,68205310.36634952,406364976.66502994
480,SPINE_DIAGONAL,3,2.4285691379722283,0.0013809139907117185,-5.9526724116751e-06,0.00012168727155834405,4.332607219750123e-05,5.78687144041929e-06,86920887.24949364,120959012.81823188
481,SPINE_FRAME,2,1.3776603565143233,0.0023136532666989673,-0.0001678896275692898,0.0004584626787867167,0.00024611447143263465,1.0282498219355145e-05,48918073.14424656,618999857.2903376
482,SPINE_FRAME,2,1.3776603565143233,-0.0030365892819181894,-0.00016988950918105027,-0.00042921274680436704,-0.00022976827492748875,1.0096821801534832e-05,49817656.47518294,471631461.7962774
483,SPINE_FRAME,2,1.3776603565143233,0.0023139884186313964,-0.00016791884767146126,0.00045847365467448654,0.00024611075608016453,1.028289644676422e-05,48916178.68604346,618910202.9961873
484,SPINE_FRAME,2,1.3776603565143233,-0.0030364624991903177,-0.00016989128721734605,0.0004291933949050219,0.00022974178854584526,1.0096280855737307e-05,49820325.641413346,471651154.02804136
485,SPINE_FRAME,2,1.3776603565143233,0.0023136532667198395,-0.00016788962756938752,-0.0004584626787863125,-0.0002461144714309693,1.0282498219347015e-05,48918073.14428524,618999857.2847533
486,SPINE_FRAME,2,1.3776603565143233,-0.0030365892819324003,-0.0001698895091810907,0.00042921274680389693,0.0002297682749282659,1.0096821801541209e-05,49817656.47515148,471631461.79407024
487,SPINE_FRAME,2,1.3776603565143233,0.0023139884186362814,-0.00016791884767137878,-0.0004584736546745776,-0.0002461107560796094,1.028289644676335e-05,48916178.6860476,618910202.9948808
488,SPINE_FRAME,2,1.3776603565143233,-0.0030364624991685574,-0.00016989128721713335,-0.0004291933949050952,-0.00022974178854429095,1.0096280855714827e-05,49820325.64152427,471651154.0314214
489,RING1_SPOKE,5,10.2,-1021.3352450474804,-0.039100243935661284,-0.062296912549191785,0.26639444485118013,0.5708800505403312,881.0957740140271,19.92479432676898
490,RING1_HUB_LINK,6,0.7121802136903782,-208.74859890790412,-0.1112882639440188,-182.2877807299575,-0.09996725269146722,2.7361626685928337,183.83409940268103,32332.705901285113
491,RING1_SPOKE,5,10.800000553501143,-229.5584979695899,-0.06251289187179108,-12.717182886870013,0.03484342693021458,0.38211631017773817,1316.3531275753023,79.07179173293733
492,RING1_HUB_LINK,6,0.7121802136903782,-207.26779542173927,-0.07764054853383806,-181.0100072512896,0.11399289726919726,2.7169747981538173,185.13237603152896,32563.703599303495
493,RING1_SPOKE,5,10.800000553501143,-227.8478514233434,-0.0005790024469161368,12.735428206864121,0.1186072483881272,0.38154380004074384,1318.3283280878532,79.66545055652723
494,RING1_SPOKE,5,10.2,-1021.3352165102233,-0.03910023686715604,0.06229709105197406,-0.2663935260385133,0.5708800176155495,881.0958248301094,19.92479488349019
495,RING1_HUB_LINK,6,0.7121802136903782,-208.74859470287083,-0.11128777007983559,-182.28778115751655,-0.0999677027587964,2.7361626727971036,183.8340991202095,32332.70655259539
496,RING1_SPOKE,5,10.800000553501143,-229.55848866254632,-0.06251291082009168,12.717185415033926,-0.034844005475826556,0.3821163557584462,1316.3529705542624,79.07179493876349
497,RING1_HUB_LINK,6,0.7121802136903782,-207.2677991837918,-0.07764110020067427,181.0100079964904,-0.11399332164602605,2.716974810717358,185.13237517545986,32563.70300824997
498,RING1_SPOKE,5,10.800000553501143,-227.84785906678144,-0.0005789927108877537,-12.735425761500434,-0.11860783008596854,0.38154375534270507,1318.328482530666,79.66544788405123
499,RING1_SPOKE,5,10.2,-1021.335245047483,-0.03910024393579952,0.06229691254919967,-0.2663944448503661,0.5708800505403168,881.0957740140494,19.92479432676893
500,RING1_HUB_LINK,6,0.7121802136903782,-208.7485989079005,-0.11128826394447311,182.28778072995755,0.0999672526914992,2.7361626685928324,183.83409940268112,32332.705901285677
501,RING1_SPOKE,5,10.800000553501143,-229.55849796958762,-0.06251289187200743,12.717182886870273,-0.03484342693006626,0.38211631017774217,1316.3531275752887,79.07179173293811
502,RING1_HUB_LINK,6,0.7121802136903782,-207.26779542173745,-0.07764054853431279,181.01000725129015,-0.11399289726930206,2.7169747981538244,185.13237603152848,32563.70359930378
503,RING1_SPOKE,5,10.800000553501143,-227.84785142334204,-0.0005790024470750766,-12.735428206864295,-0.11860724838839076,0.3815438000407466,1318.3283280878436,79.66545055652772
504,RING1_SPOKE,5,10.2,-1021.3352165102273,-0.039100236867228806,-0.06229709105198333,0.26639352603931876,0.5708800176155675,881.0958248300816,19.92479488349011
505,RING1_HUB_LINK,6,0.7121802136903782,-208.7485947028681,-0.1112877700792465,182.2877811575169,0.09996770275933287,2.7361626727971067,183.83409912020926,32332.706552595813
506,RING1_SPOKE,5,10.800000553501143,-229.55848866254428,-0.06251291082012116,-12.717185415034173,0.03484400547651001,0.3821163557584501,1316.352970554249,79.0717949387642
507,RING1_HUB_LINK,6,0.7121802136903782,-207.26779918379316,-0.0776411002013142,-181.01000799649015,0.11399332164657672,2.7169748107173555,185.13237517546006,32563.703008249755
508,RING1_SPOKE,5,10.800000553501143,-227.84785906678223,-0.0005789927108965296,12.735425761500341,0.11860783008668707,0.3815437553427038,1318.3284825306703,79.66544788405095
509,RING1_CIRCUMFERENCE,4,6.211657042450509,2208.3102536930073,0.006294375842090361,-5.037888628769782,-0.38640316965405397,0.6332312060353694,794.3386162998175,143.01296692837465
510,RING1_CIRCUMFERENCE,4,6.211657301079158,2224.1846640452713,-0.008317362137955253,0.7883865994683052,-0.3559702949382988,0.6132535813355865,820.2153486075556,141.99224555656724
511,RING1_CIRCUMFERENCE,4,6.211657042450509,-2208.3548149405624,0.003266137053743623,5.0261413676434294,0.322229029439983,0.6331491666292818,794.4415416004392,143.01008114381693
512,RING1_CIRCUMFERENCE,4,6.211657042450509,2208.31026933923,0.006294356095963738,-5.037888719760712,-0.3864028026203066,0.6332312106778685,794.3386104761686,143.01296591510544
513,RING1_CIRCUMFERENCE,4,6.211657301079158,2224.1846639113382,-0.008317321210665085,0.7883846455641734,-0.35596918221812146,0.6132535682983474,820.2153660446227,141.99224556511754
514,RING1_CIRCUMFERENCE,4,6.211657042450509,-2208.3547991031364,0.0032661457061841093,-5.0261413875080265,-0.3222279042564402,0.6331491619954172,794.4415474147635,143.0100821694273
515,RING1_CIRCUMFERENCE,4,6.211657042450509,2208.3102536930037,0.006294375841320754,5.037888628769846,0.386403169654848,0.6332312060353692,794.3386162998178,143.01296692837488
516,RING1_CIRCUMFERENCE,4,6.211657301079158,2224.184664045271,-0.008317362138442586,-0.7883865994683017,0.35597029493868604,0.6132535813355873,820.2153486075545,141.99224555656727
517,RING1_CIRCUMFERENCE,4,6.211657042450509,-2208.354814940562,0.0032661370539687207,-5.026141367643497,-0.3222290294402672,0.6331491666292822,794.4415416004388,143.01008114381696
518,RING1_CIRCUMFERENCE,4,6.211657042450509,2208.310269339231,0.0062943560961885026,5.037888719760755,0.38640280261857995,0.6332312106778684,794.3386104761687,143.01296591510538
519,RING1_CIRCUMFERENCE,4,6.211657301079158,2224.184663911342,-0.00831732121086809,-0.7883846455640917,0.3559691822171427,0.6132535682983457,820.215366044625,141.99224556511732
520,RING1_CIRCUMFERENCE,4,6.211657042450509,-2208.354799103143,0.0032661457064375177,5.026141387508019,0.3222279042555556,0.6331491619954185,794.4415474147619,143.01008216942688
521,RING2_SPOKE,5,10.2,-1021.3363237813578,0.04008609477342038,0.06462926331833996,0.21149218496154532,0.5698291241179158,882.720764367097,19.924773282231406
522,RING2_HUB_LINK,6,0.7121802136903782,-207.2770001938352,0.08961313295158502,-181.0231278449047,-0.10920200720771334,2.7171690102213875,185.11914353057375,32562.257507986316
523,RING2_SPOKE,5,10.800000553501143,-227.8546616996391,0.004165410165987097,-12.735551907674045,0.1202227166561668,0.3815503611996909,1318.3056580484963,79.66306946093997
524,RING2_HUB_LINK,6,0.7121802136903782,-208.7409992012099,0.10157445101707291,-182.27590837676067,0.09498690772268681,2.7359871928364017,183.8458898188552,32333.88304943723
525,RING2_SPOKE,5,10.800000553501143,-229.55357000546223,0.05967842369699764,12.717145526815566,0.035432942103225507,0.38211272889667025,1316.365464852179,79.0734892145019
526,RING2_SPOKE,5,10.2,-1021.3363201528214,0.04008608871091302,-0.06462960620112301,-0.21149197502240558,0.5698291200922875,882.7207706031871,19.92477335301883
527,RING2_HUB_LINK,6,0.7121802136903782,-207.2769968058651,0.0896131124542825,-181.0231226617919,-0.10920200552163273,2.717168933623464,185.11914874914584,32562.258040220746
528,RING2_SPOKE,5,10.800000553501143,-227.85465946086038,0.0041654054641170795,12.735551843040202,-0.12022270719641392,0.3815503586624072,1318.3056668151385,79.66307024366692
529,RING2_HUB_LINK,6,0.7121802136903782,-208.74099695191308,0.10157443070752303,182.27590322013143,-0.0949869011853206,2.735987117158613,183.84589490405835,32333.88339785226
530,RING2_SPOKE,5,10.800000553501143,-229.55357012697016,0.05967841712681959,-12.71714487055481,-0.03543294480586462,0.3821127158030215,1316.365509959359,79.07348917264652
531,RING2_SPOKE,5,10.2,-1021.3363237813651,0.04008609477324154,-0.06462926331834618,-0.21149218496495825,0.5698291241179854,882.7207643669892,19.924773282231264
532,RING2_HUB_LINK,6,0.7121802136903782,-207.2770001938361,0.0896131329539378,181.02312784490562,0.10920200720941509,2.7171690102214017,185.11914353057276,32562.257507986174
533,RING2_SPOKE,5,10.800000553501143,-227.85466169963843,0.004165410166121901,12.735551907674203,-0.12022271665852019,0.3815503611996941,1318.3056580484854,79.6630694609402
534,RING2_HUB_LINK,6,0.7121802136903782,-208.74099920121353,0.10157445101606488,182.27590837676138,-0.09498690772431928,2.7359871928364132,183.8458898188544,32333.883049436667
535,RING2_SPOKE,5,10.800000553501143,-229.5535700054628,0.0596784236973842,-12.717145526815578,-0.0354329421049982,0.382112728896671,1316.3654648521765,79.07348921450172
536,RING2_SPOKE,5,10.2,-1021.3363201528246,0.040086088711498734,0.06462960620114017,0.21149197502337236,0.5698291200923078,882.7207706031555,19.924773353018765
537,RING2_HUB_LINK,6,0.7121802136903782,-207.27699680586147,0.08961311245454828,181.02312266179115,0.10920200552077652,2.7171689336234515,185.1191487491467,32562.258040221317
538,RING2_SPOKE,5,10.800000553501143,-227.85465946085696,0.004165405464629107,-12.735551843040398,0.12022270719580008,0.38155035866240916,1318.3056668151316,79.66307024366812
539,RING2_HUB_LINK,6,0.7121802136903782,-208.74099695192126,0.10157443070967215,-182.27590322013103,0.0949869011843596,2.735987117158611,183.84589490405853,32333.88339785099
540,RING2_SPOKE,5,10.800000553501143,-229.55357012697687,0.05967841712722744,12.717144870554236,0.03543294480421422,0.3821127158030136,1316.3655099593861,79.0734891726442
541,RING2_CIRCUMFERENCE,4,6.211657042450509,2208.3506558216804,-1.1236625153066004e-05,-5.025997281729676,-0.2758103393068545,0.6331311849268378,794.4641047149253,143.01035048325687
542,RING2_CIRCUMFERENCE,4,6.211657301079158,-2224.180996795558,-0.008339525267343606,-0.7880417265761306,0.3112124317974345,0.6131494591171743,820.3546338020587,141.992479674664
543,RING2_CIRCUMFERENCE,4,6.211657042450509,-2208.307467519055,0.002950455123065465,5.038086800628243,0.3404734626619401,0.6332124000495798,794.3622076267231,143.0131473647537
544,RING2_CIRCUMFERENCE,4,6.211657042450509,2208.3506581132533,-1.1246303249223821e-05,-5.025997032087474,-0.2758104335580498,0.6331311841359373,794.4641057073612,143.01035033485712
545,RING2_CIRCUMFERENCE,4,6.211657301079158,-2224.1809990124566,-0.00833953237506685,-0.7880419873472793,0.3112125119595248,0.6131494613029044,820.3546308776922,141.99247953313642
546,RING2_CIRCUMFERENCE,4,6.211657042450509,-2208.3074661279356,0.0029504537431966904,-5.038086538284901,-0.3404733565945026,0.6332123981076105,794.3622100629152,143.01314745484459
547,RING2_CIRCUMFERENCE,4,6.211657042450509,2208.350655821677,-1.1236624713251153e-05,5.0259972817297545,0.27581033930420595,0.6331311849268364,794.4641047149271,143.0103504832571
548,RING2_CIRCUMFERENCE,4,6.211657301079158,-2224.1809967955533,-0.008339525267803627,0.7880417265760968,-0.31121243179483216,0.6131494591171675,820.3546338020682,141.9924796746643
549,RING2_CIRCUMFERENCE,4,6.211657042450509,-2208.3074675190555,0.0029504551220069786,-5.0380868006283634,-0.3404734626613113,0.6332124000495803,794.3622076267225,143.01314736475368
550,RING2_CIRCUMFERENCE,4,6.211657042450509,2208.350658113256,-1.1246302146661336e-05,5.025997032087499,0.27581043355815993,0.6331311841359382,794.46410570736,143.01035033485695
551,RING2_CIRCUMFERENCE,4,6.211657301079158,-2224.1809990124584,-0.008339532375984116,0.7880419873474089,-0.3112125119600133,0.6131494613029066,820.3546308776893,141.9924795331363
552,RING2_CIRCUMFERENCE,4,6.211657042450509,-2208.307466127939,0.0029504537420671495,5.0380865382847375,0.34047335659697886,0.6332123981076114,794.3622100629141,143.0131474548444
553,PROP_BOOM,6,1.4000000000000001,-0.013811748900118936,-0.0001376123994758066,-0.006317577999966444,-0.008345568083966191,0.00015798267858176874,3183893.3515718123,126456361.80564666
554,PROP_BOOM,6,2.309573527890154,0.01452529608141595,0.00018530056623742935,-0.005586513282756203,-0.0007814748280038509,8.850465135757792e-05,5683317.1170605635,44183167.625960335
555,PROP_BOOM,6,1.533797120124469,-0.02291685467360438,-0.0008518986375990682,-0.006127883936552664,0.007606273941121967,0.00015251938571315415,3297941.42330209,63497201.00073291
556,PROP_BOOM,6,1.8717336298098084,-0.006725748422450106,0.00177273942158548,0.004815145597366604,-0.005478054211340296,0.00011095554284104228,4533347.2048405055,145283643.58121967
557,PROP_BOOM,6,1.533797120124469,-0.008934679673486379,0.00014333741710154167,-0.0032239547476936026,0.007665173134427109,0.0001245534567573855,4038426.657076092,162866065.78998148
558,PROP_BOOM,6,2.7784885065375025,-0.021580048083590188,0.0006261118935363866,-0.004188989370624646,-0.0001321618577910113,7.125505680949116e-05,7059148.115548207,20548295.904743318
559,PROP_BOOM,6,1.4000000000000001,-0.013811748904349552,-0.0001376123994652588,0.006317577999831949,0.008345568083984978,0.00015798267858280437,3183893.3515509404,126456361.76691237
560,PROP_BOOM,6,2.309573527890154,0.014525296081403224,0.00018530056624191062,0.0055865132829842745,0.0007814748280292478,8.850465136089155e-05,5683317.116847779,44183167.62599904
561,PROP_BOOM,6,1.533797120124469,-0.02291685468253113,-0.0008518986375907632,0.006127883936848735,-0.007606273941106906,0.00015251938571985799,3297941.423157132,63497200.975999
562,PROP_BOOM,6,1.8717336298098084,-0.006725748422839017,0.0017727394215825154,-0.004815145597619639,0.0054780542112496675,0.00011095554284261783,4533347.2047761325,145283643.57281876
563,PROP_BOOM,6,1.533797120124469,-0.008934679674875712,0.00014333741708875145,0.003223954747840152,-0.007665173134444661,0.00012455345675909448,4038426.6570206825,162866065.76465598
564,PROP_BOOM,6,2.7784885065375025,-0.021580048083798382,0.0006261118935354554,0.004188989370597024,0.0001321618578534441,7.12550568092187e-05,7059148.1155752,20548295.904545076
565,DOCK_LINK,7,1.0770329614269003,5.3745670697935566e-05,1.7377631791601952e-06,-3.162429834882227e-05,-0.001465165562153592,2.123138520260095e-05,23691341.62468024,54909052834.91585
566,DOCK_LINK,7,1.0770335194126097,-0.005257649455010949,-3.3354293861196857e-07,-0.0009759565980959062,0.0026215606942305847,4.2957037055624454e-05,11709373.701651547,561300413.6997912
567,DOCK_LINK,7,1.0770329614269003,5.37407111451671e-05,1.764542571674457e-06,3.1614997174325005e-05,0.001465290686498033,2.123319044620138e-05,23689327.389327247,54914120210.08076
568,DOCK_LINK,7,1.0770335194126097,-0.005257959055846584,-2.997463337687037e-07,-0.0009717831125051202,-0.002623187737732735,4.295822938597562e-05,11709048.70125332,561267363.0283656
569,DOCK_LINK,7,1.0770329614269003,5.374567070504099e-05,1.7377631794750475e-06,3.1624298347417146e-05,0.001465165562158921,2.123138520268096e-05,23691341.62459096,54909052827.65662
570,DOCK_LINK,7,1.0770335194126097,-0.005257649455060687,-3.335429395474182e-07,0.0009759565980925755,-0.002621560694222591,4.2957037055522695e-05,11709373.701679284,561300413.6944811
571,DOCK_LINK,7,1.0770329614269003,5.374071110253453e-05,1.764542572371382e-06,-3.1614997172132314e-05,-0.0014652906864998094,2.1233190446206302e-05,23689327.38932176,54914120253.64419
572,DOCK_LINK,7,1.0770335194126097,-0.0052579590558750056,-2.9974633445391946e-07,0.0009717831125046761,0.0026231877377251855,4.295822938588434e-05,11709048.701278199,561267363.0253316
573,DOCK_RING,7,0.612293261803525,0.002889268256347499,-0.0008363581624961847,0.0005501988223854306,0.00500125147393593,7.490458069920744e-05,6715210.142085772,3160374886.364257
574,DOCK_RING,7,0.612293261803525,-0.00284088533408422,-0.0008361948693375455,-0.0005663923249954886,-0.0049815842386999876,7.462746206508943e-05,6740146.13496152,3214199013.1655846
575,DOCK_RING,7,0.612293261803525,0.0028890631873208505,-0.0008363321349585517,0.0005502400041818237,0.005001423241623115,7.490695012060909e-05,6714997.729718139,3160599213.407236
576,DOCK_RING,7,0.612293261803525,-0.00284099062453258,-0.0008361896094572232,0.0005663210446563791,0.004981458268321859,7.462559341658478e-05,6740314.910356389,3214079891.176131
577,DOCK_RING,7,0.612293261803525,0.0028892682563586014,-0.0008363581624955996,-0.0005501988223843395,-0.005001251473927937,7.490458069909605e-05,6715210.142095758,3160374886.352113
578,DOCK_RING,7,0.612293261803525,-0.002840885334078447,-0.0008361948693349696,0.000566392324987462,0.004981584238707981,7.462746206518299e-05,6740146.1349530695,3214199013.1721168
579,DOCK_RING,7,0.612293261803525,0.0028890631873212946,-0.0008363321349569008,-0.0005502400041874616,-0.005001423241624892,7.490695012064053e-05,6714997.729715321,3160599213.40675
580,DOCK_RING,7,0.612293261803525,-0.0028409906245308036,-0.0008361896094523154,-0.0005663210446571962,-0.004981458268318306,7.462559341652607e-05,6740314.910361692,3214079891.17814
581,RING1_TORQUE_BRACE,8,10.977179919856466,132.82217284711385,-0.02260501945503977,-4.375364076791199,0.0060868476932523785,0.3195448404765239,1574.1139780254225,44.27111848794781
582,RING1_TORQUE_BRACE,8,10.977179919856466,133.49038120155592,0.0376929342784763,4.368633250825535,-0.0794854244064696,0.319895103399653,1572.3904325337217,44.049512024861336
583,RING1_TORQUE_BRACE,8,10.479871431130489,493.3327661420208,-0.018423675640854214,-0.042768881461264716,0.08220467727627562,0.4606555630458817,1091.9221221906762,13.07738077348686
584,RING1_TORQUE_BRACE,8,10.271903773099885,-566.9420507663032,-0.02488504040852859,-0.05093114790401626,-0.04243517445562517,0.5275827596282936,953.4049223943306,11.844918724020294
585,RING1_TORQUE_BRACE,8,10.271903773099885,568.352859153624,-0.0011250402955130798,-0.010738755806054615,0.056980065930310436,0.5285138674346604,951.725263977459,11.815516372270245
586,RING1_TORQUE_BRACE,8,10.479871431130489,-493.6110940269408,-0.03922327784292737,0.100376668344861,-0.046627356216763255,0.4617246200958876,1089.3939333266235,13.070006952729948
587,RING1_TORQUE_BRACE,8,10.977179919856466,132.82218134175923,-0.022605018708491145,4.375364837729382,-0.006086661762322421,0.3195448825234733,1574.1137708974275,44.271115656587504
588,RING1_TORQUE_BRACE,8,10.977179919856466,133.49039269220407,0.037692965506178476,-4.368634038990179,0.07948528047003732,0.3198951493359391,1572.3902067416866,44.049508233146945
589,RING1_TORQUE_BRACE,8,10.479871431130489,493.33265394266317,-0.018423648638830333,0.04276880224364086,-0.08220440632555512,0.460655446778281,1091.9223977874724,13.077383747694446
590,RING1_TORQUE_BRACE,8,10.271903773099885,-566.942167602396,-0.0248850474061602,0.05093056145479177,0.04243503881591622,0.5275828435880705,953.4047706690318,11.844916283005844
591,RING1_TORQUE_BRACE,8,10.271903773099885,568.3527439251474,-0.0011250432437961044,0.010737713159416212,-0.056980336841546214,0.5285137640982402,951.7254500613199,11.815518767761366
592,RING1_TORQUE_BRACE,8,10.479871431130489,-493.6112064349809,-0.03922329018833423,-0.10037670845684141,0.0466272355084813,0.4617247234597385,1089.393689449815,13.070003976351279
593,RING1_TORQUE_BRACE,8,10.977179919856466,132.82217284711237,-0.022605019454997564,4.375364076791229,-0.006086847693070829,0.31954484047652376,1574.113978025423,44.2711184879483
594,RING1_TORQUE_BRACE,8,10.977179919856466,133.4903812015532,0.03769293427851247,-4.368633250825623,0.07948542440665966,0.31989510339965455,1572.390432533714,44.04951202486224
595,RING1_TORQUE_BRACE,8,10.479871431130489,493.3327661420219,-0.018423675640773553,0.04276888146126347,-0.08220467727618866,0.46065556304587923,1091.922122190682,13.07738077348683
596,RING1_TORQUE_BRACE,8,10.271903773099885,-566.9420507663056,-0.024885040408608946,0.05093114790401865,0.04243517445563988,0.5275827596282963,953.4049223943257,11.844918724020244
597,RING1_TORQUE_BRACE,8,10.271903773099885,568.3528591536265,-0.0011250402954546134,0.010738755806053601,-0.056980065930435864,0.5285138674346682,951.725263977445,11.815516372270194
598,RING1_TORQUE_BRACE,8,10.479871431130489,-493.6110940269416,-0.03922327784298948,-0.10037666834486345,0.04662735621671056,0.46172462009588744,1089.393933326624,13.070006952729926
599,RING1_TORQUE_BRACE,8,10.977179919856466,132.82218134175832,-0.022605018708473108,-4.37536483772944,0.0060866617625071895,0.319544882523475,1574.1137708974188,44.2711156565878
600,RING1_TORQUE_BRACE,8,10.977179919856466,133.49039269220214,0.03769296550620039,4.368634038990262,-0.07948528046986021,0.3198951493359408,1572.3902067416782,44.04950823314758
601,RING1_TORQUE_BRACE,8,10.479871431130489,493.3326539426637,-0.01842364863882763,-0.042768802243636946,0.08220440632585754,0.46065544677829345,1091.9223977874428,13.077383747694434
602,RING1_TORQUE_BRACE,8,10.271903773099885,-566.9421676023991,-0.02488504740617129,-0.05093056145478905,-0.042435038815779036,0.5275828435880693,953.4047706690338,11.84491628300578
603,RING1_TORQUE_BRACE,8,10.271903773099885,568.3527439251459,-0.0011250432437938489,-0.010737713159411508,0.05698033684188128,0.5285137640982536,951.725450061296,11.815518767761398
604,RING1_TORQUE_BRACE,8,10.479871431130489,-493.6112064349793,-0.03922329018834495,0.10037670845684157,-0.046627235508367365,0.46172472345973486,1089.3936894498233,13.070003976351321
605,RING2_TORQUE_BRACE,8,10.977179919856466,133.47630269686033,-0.034599803702022314,-4.368611352562915,-0.07289877348890489,0.3198754009218081,1572.4872827059178,44.05415817739441
606,RING2_TORQUE_BRACE,8,10.977179919856466,132.8369489539125,0.01934067379302087,4.3754136827370615,0.013684191280026153,0.3195611893413373,1574.033445790952,44.26619399382155
607,RING2_TORQUE_BRACE,8,10.479871431130489,-493.6124053239526,0.03523763296354045,-0.1007657776744888,-0.047425240246710965,0.46175637667167063,1089.3190119552055,13.069972231841906
608,RING2_TORQUE_BRACE,8,10.271903773099885,568.346775394189,-0.00039881859281137746,0.010404380909520283,0.057553586223819425,0.5285308554781182,951.6946736155593,11.815642849207077
609,RING2_TORQUE_BRACE,8,10.271903773099885,-566.9521425908343,0.023644389450579145,0.05076330026927309,-0.03590040444480372,0.527406957557373,953.7227235863344,11.844707882870983
610,RING2_TORQUE_BRACE,8,10.479871431130489,493.329275022675,0.013904178344355747,0.04199693124026814,0.0716521132629219,0.4602200987548956,1092.9553084727143,13.077473317552906
611,RING2_TORQUE_BRACE,8,10.977179919856466,133.47631150200755,-0.03459980958755879,4.368611565528239,0.07289878591912526,0.31987541864940594,1572.4871955581702,44.05415527123568
612,RING2_TORQUE_BRACE,8,10.977179919856466,132.83694277730967,0.019340677808206516,-4.375413654466896,-0.013684181245388394,0.31956118235445347,1574.03348020561,44.2661960520946
613,RING2_TORQUE_BRACE,8,10.479871431130489,-493.6124050215885,0.035237627702664996,0.10076582162687014,0.0474252700440454,0.4617563787488252,1089.3190070550374,13.069972239847965
614,RING2_TORQUE_BRACE,8,10.271903773099885,568.3467766616001,-0.00039881680483404297,-0.010404505916878207,-0.057553581554928346,0.5285308574438333,951.6946700760107,11.815642822858239
615,RING2_TORQUE_BRACE,8,10.271903773099885,-566.9521164786763,0.02364438685361614,-0.05076336986933791,0.03590040165501589,0.527406935876632,953.7227627921428,11.84470842840362
616,RING2_TORQUE_BRACE,8,10.479871431130489,493.32930084977613,0.013904180331878168,-0.0419970393899489,-0.07165218209356988,0.4602201277798862,1092.9552395426185,13.077472632912393
617,RING2_TORQUE_BRACE,8,10.977179919856466,133.47630269685544,-0.03459980370197745,4.368611352563105,0.07289877348812594,0.3198754009218115,1572.4872827059012,44.054158177396026
618,RING2_TORQUE_BRACE,8,10.977179919856466,132.8369489539142,0.019340673793077263,-4.375413682737114,-0.013684191280782632,0.31956118934134137,1574.0334457909319,44.266193993820984
619,RING2_TORQUE_BRACE,8,10.479871431130489,-493.61240532395277,0.035237632963618266,0.10076577767448913,0.04742524024631799,0.4617563766716633,1089.3190119552228,13.0699722318419
620,RING2_TORQUE_BRACE,8,10.271903773099885,568.3467753941925,-0.00039881859285920374,-0.010404380909526431,-0.05755358622492193,0.5285308554781702,951.6946736154656,11.815642849207002
621,RING2_TORQUE_BRACE,8,10.271903773099885,-566.9521425908354,0.02364438945072519,-0.05076330026928086,0.0359004044444884,0.5274069575573661,953.7227235863468,11.844707882870962
622,RING2_TORQUE_BRACE,8,10.479871431130489,493.32927502267603,0.01390417834423507,-0.041996931240265545,-0.07165211326369114,0.46022009875492625,1092.9553084726417,13.07747331755288
623,RING2_TORQUE_BRACE,8,10.977179919856466,133.47631150200846,-0.03459980958772506,-4.368611565528247,-0.07289878591893541,0.31987541864940694,1572.4871955581655,44.05415527123538
624,RING2_TORQUE_BRACE,8,10.977179919856466,132.83694277730717,0.019340677808041187,4.37541365446696,0.01368418124563231,0.3195611823544541,1574.0334802056072,44.26619605209543
625,RING2_TORQUE_BRACE,8,10.479871431130489,-493.6124050215899,0.03523762770284529,-0.1007658216268717,-0.04742527004405349,0.46175637874882675,1089.3190070550336,13.069972239847928
626,RING2_TORQUE_BRACE,8,10.271903773099885,568.3467766616002,-0.00039881680502588674,0.010404505916882273,0.05755358155464638,0.5285308574438209,951.694670076033,11.815642822858235
627,RING2_TORQUE_BRACE,8,10.271903773099885,-566.9521164786714,0.02364438685376676,0.05076336986933791,-0.0359004016552702,0.5274069358766343,953.7227627921386,11.844708428403724
628,RING2_TORQUE_BRACE,8,10.479871431130489,493.3293008497757,0.013904180331709592,0.04199703938995103,0.07165218209278382,0.4602201277798553,1092.9552395426917,13.077472632912405
629,DOCK_LOAD_SPREADER,9,7.467261881037786,-0.03381575404406334,4.510396168109377e-05,-1.8548159752924037e-05,-0.0014634594037284505,8.06084100695759e-05,6240043.682363209,522473.1366968835
630,DOCK_LOAD_SPREADER,9,7.467261961518311,0.037275828977954006,1.0805530676451962e-05,-0.001331418438183849,-0.001280684411836114,9.724960840286936e-05,5172257.331014188,473975.3129241324
631,DOCK_LOAD_SPREADER,9,7.467261881037786,-0.033816544975833196,4.511657060292535e-05,-0.0014634654518122946,1.854134605828851e-05,8.060928649529309e-05,6239975.837391526,522460.916625229
632,DOCK_LOAD_SPREADER,9,7.467261961518311,0.03727628474782385,1.0811790632281069e-05,-0.0012685965054477627,0.0013429501808880646,9.725022660242216e-05,5172224.45204536,473969.5177203415
633,DOCK_LOAD_SPREADER,9,7.467261881037786,-0.03381575404408288,4.5103961681108545e-05,1.8548159752933307e-05,0.0014634594037286125,8.060841006959792e-05,6240043.682361504,522473.13669658155
634,DOCK_LOAD_SPREADER,9,7.467261961518311,0.037275828977945125,1.0805530676442137e-05,0.0013314184381840236,0.0012806844118361937,9.724960840286851e-05,5172257.331014234,473975.3129242454
635,DOCK_LOAD_SPREADER,9,7.467261881037786,-0.033816544975843854,4.511657060294665e-05,0.0014634654518123269,-1.8541346058230856e-05,8.060928649530308e-05,6239975.837390753,522460.91662506433
636,DOCK_LOAD_SPREADER,9,7.467261961518311,0.03727628474782563,1.0811790632294648e-05,0.0012685965054479078,-0.00134295018088826,9.725022660243233e-05,5172224.4520448195,473969.5177203189
637,PROP_LONGITUDINAL_STRUT,10,2.8653097563788807,-0.002923938324584205,-0.0006029468433998379,0.0007964037030861271,0.0005633120469837168,2.3628548835197837e-05,21287807.537749216,88196458.17103297
638,PROP_LONGITUDINAL_STRUT,10,2.8653097563788807,-0.011334294878999118,0.0008814040756824796,0.0017306948331707772,0.015172068897371946,0.00031288765381916935,1607605.7775379797,22752275.892935246
639,PROP_LONGITUDINAL_STRUT,10,2.9330076040989246,-0.02794469376040045,0.0005149360618339411,-0.00034021263661121047,0.0011514184432041906,4.054605155693264e-05,12405646.929484954,8807178.067934137
640,PROP_LONGITUDINAL_STRUT,10,2.9330076040989246,-0.03871402561283693,-0.0013913728356381601,-0.010051096985456543,0.008682365968533771,0.0002888027919029578,1741672.9134980652,6357228.164877988
641,PROP_LONGITUDINAL_STRUT,10,2.9330076040989246,-0.030624823263928465,0.0007533603253450683,0.00015995179066882536,0.0013130906559766834,4.540705634222803e-05,11077573.410814034,8036418.42699614
642,PROP_LONGITUDINAL_STRUT,10,2.9330076040989246,-0.03677462049388169,0.0005467616627735429,-0.010207423956152392,-0.009132636664491028,0.0002951861545851491,1704009.460426455,6692493.102483043
643,PROP_LONGITUDINAL_STRUT,10,2.8653097563788807,-0.002923938328949426,-0.0006029468434144172,-0.0007964037031162282,-0.0005633120468662954,2.36285488366991e-05,21287807.536396675,88196458.03936225
644,PROP_LONGITUDINAL_STRUT,10,2.8653097563788807,-0.011334294883399154,0.0008814040756962142,-0.0017306948332279904,-0.015172068897468402,0.00031288765382366337,1607605.7775148898,22752275.884102687
645,PROP_LONGITUDINAL_STRUT,10,2.9330076040989246,-0.027944693769424683,0.0005149360618656223,0.00034021263664738434,-0.0011514184431322494,4.054605156077761e-05,12405646.92830853,8807178.06509002
646,PROP_LONGITUDINAL_STRUT,10,2.9330076040989246,-0.038714025621757686,-0.001391372835672929,0.010051096985503955,-0.008682365968551233,0.0002888027919088746,1741672.9134623834,6357228.163413112
647,PROP_LONGITUDINAL_STRUT,10,2.9330076040989246,-0.030624823265421118,0.0007533603253586588,-0.00015995179065772316,-0.0013130906558869553,4.540705634135106e-05,11077573.411027983,8036418.426604445
648,PROP_LONGITUDINAL_STRUT,10,2.9330076040989246,-0.036774620495363675,0.0005467616627690584,0.010207423956119142,0.009132636664459851,0.0002951861545850532,1704009.4604270083,6692493.102213342
