element_id,group,section_id,length_m,axial_force_N,torsion_Nm,bending_My_Nm,bending_Mz_Nm,screening_von_mises_MPa,yield_factor,member_euler_factor
1,SPINE_FRAME,2,1.3776603565143233,0.0,0.0,0.0,0.0,0.0,inf,inf
2,SPINE_FRAME,2,1.3776603565143233,0.0,0.0,0.0,0.0,0.0,inf,inf
3,SPINE_FRAME,2,1.3776603565143233,0.0,0.0,0.0,0.0,0.0,inf,inf
4,SPINE_FRAME,2,1.3776603565143233,0.0,0.0,0.0,0.0,0.0,inf,inf
5,SPINE_FRAME,2,1.3776603565143233,0.0,0.0,0.0,0.0,0.0,inf,inf
6,SPINE_FRAME,2,1.3776603565143233,0.0,0.0,0.0,0.0,0.0,inf,inf
7,SPINE_FRAME,2,1.3776603565143233,0.0,0.0,0.0,0.0,0.0,inf,inf
8,SPINE_FRAME,2,1.3776603565143233,0.0,0.0,0.0,0.0,0.0,inf,inf
9,SPINE_LONGERON,1,2.5,3154.119971640226,-5.119399481342826,39.44098853857173,1.6705582065397497,1.4535826342540414,346.04155838593425,309.3803431916615
10,SPINE_DIAGONAL,3,2.854461080118482,150.24666639428574,-0.9520124953882843,3.5620337101152812,3.7187904280617343,0.3109054412633947,1617.8552487084505,804.7346664569181
11,SPINE_LONGERON,1,2.5,-3141.35278350384,6.408928856288173,16.674036153559037,39.797864742289555,1.4835935564299447,339.041645078587,310.6377368432023
12,SPINE_DIAGONAL,3,2.854461080118482,-1.6004259264416716,0.7525692731320883,3.4717497742607306,4.5875526641189195,0.20926758028482434,2403.621236100643,75547.82696872037
13,SPINE_LONGERON,1,2.5,-2800.670104907153,6.8285000423893045,9.036741155268627,38.29387666517799,1.3311590473227637,377.8661918811558,348.4247279192053
14,SPINE_DIAGONAL,3,2.854461080118482,125.23096670686722,-0.6386211021426081,-3.1659873585176275,4.12956005913887,0.2913737650834697,1726.3050427889616,965.4856474124717
15,SPINE_LONGERON,1,2.5,3100.9872372059585,-5.337845905193934,-31.888232231665647,23.472307589948063,1.4364437917100796,350.1703323881409,314.68130780601325
16,SPINE_DIAGONAL,3,2.854461080118482,61.041129768932194,-0.720457661507668,-5.135953122137747,1.1772664382198088,0.2408882952210902,2088.1047771056724,1980.7742979981297
17,SPINE_LONGERON,1,2.5,3154.1199716406554,-5.119399481342989,-39.4409885385782,-1.6705582065410463,1.4535826342542493,346.0415583858848,309.38034319161943
18,SPINE_DIAGONAL,3,2.854461080118482,150.24666639427937,-0.9520124953883937,-3.56203371011597,-3.7187904280621606,0.31090544126341785,1617.8552487083302,804.7346664569523
19,SPINE_LONGERON,1,2.5,-3141.352783504418,6.408928856288172,-16.674036153560607,-39.79786474229562,1.4835935564302012,339.0416450785284,310.63773684314515
20,SPINE_DIAGONAL,3,2.854461080118482,-1.6004259264801723,0.7525692731321745,-3.4717497742612418,-4.587552664119464,0.20926758028488282,2403.621236099971,75547.82696690294
21,SPINE_LONGERON,1,2.5,-2800.6701049074945,6.828500042389286,-9.036741155272596,-38.2938766651812,1.3311590473229185,377.8661918811119,348.42472791916276
22,SPINE_DIAGONAL,3,2.854461080118482,125.2309667069705,-0.6386211021426627,3.16598735851691,-4.129560059138973,0.2913737650835425,1726.3050427885303,965.4856474116755
23,SPINE_LONGERON,1,2.5,3100.987237205923,-5.3378459051939915,31.88823223165965,-23.47230758994835,1.4364437917100243,350.1703323881544,314.68130780601683
24,SPINE_DIAGONAL,3,2.854461080118482,61.04112976901163,-0.7204576615076103,5.135953122136958,-1.1772664382199074,0.2408882952211289,2088.1047771053372,1980.7742979955517
25,SPINE_FRAME,2,1.3776603565143233,336.6283497023951,-0.6095565126512259,-16.69856945921495,-0.7384342059121316,0.4543854122388828,1106.9897634291992,4254.398190681545
26,SPINE_FRAME,2,1.3776603565143233,-180.93463856391827,-2.8485029976296783,6.157474744741679,1.0167430103420152,0.20211680192162734,2488.659998662768,7915.295010800555
27,SPINE_FRAME,2,1.3776603565143233,-26.574901883572238,0.8025254428212677,-17.10941928495853,-0.0008277440278874337,0.30329314954169523,1658.461461329017,53891.11305774169
28,SPINE_FRAME,2,1.3776603565143233,-268.7530483094997,0.968193351905406,0.1499917280831049,4.656097904964302,0.21617367564398407,2326.832804695376,5328.873666417726
29,SPINE_FRAME,2,1.3776603565143233,336.62834970240056,-0.6095565126515041,16.698569459215847,0.7384342059142668,0.4543854122389025,1106.9897634291513,4254.398190681476
30,SPINE_FRAME,2,1.3776603565143233,-180.9346385639392,-2.8485029976299767,-6.157474744743573,-1.016743010342168,0.20211680192166998,2488.6599986622427,7915.29501079964
31,SPINE_FRAME,2,1.3776603565143233,-26.57490188358679,0.8025254428212658,17.109419284959948,0.0008277440251518442,0.3032931495417266,1658.4614613288459,53891.11305771218
32,SPINE_FRAME,2,1.3776603565143233,-268.75304830952973,0.9681933519051277,-0.14999172808339267,-4.656097904960543,0.2161736756439358,2326.832804695896,5328.873666417131
33,SPINE_LONGERON,1,2.5,2497.6563974812343,4.960676341898493,-27.513166186955836,-4.89796995867194,1.1205326559040099,448.89365548583294,390.69534155210334
34,SPINE_DIAGONAL,3,2.854461080118482,241.46986230244897,0.6196085266052513,-3.600981166640515,2.3907203745095433,0.355923610630163,1413.2245936408606,500.7196335567014
35,SPINE_LONGERON,1,2.5,-2535.801792603155,-0.03733610003530252,-7.9539790294318315,-42.42398100530245,1.2742172172777806,394.75216091853,384.81821494888425
36,SPINE_DIAGONAL,3,2.854461080118482,-144.72473536536518,-0.6104232561540961,-2.6292596799919687,-4.29955039374803,0.3015710860740884,1667.931785331786,835.4390882928826
37,SPINE_LONGERON,1,2.5,-2944.387371775773,-0.3594198483388906,-19.849560929571904,-36.817046470538315,1.4025716563435948,358.6269533716983,331.41791350137595
38,SPINE_DIAGONAL,3,2.854461080118482,159.5086078198119,-0.1443383694763135,-0.27114370984575387,-6.11882498476985,0.35222731841917204,1428.0550476820179,758.0073741453082
39,SPINE_LONGERON,1,2.5,2604.0988802615225,5.867688309413357,22.451110890313736,-17.256904114344017,1.160896274559501,433.2859110869849,374.7256783105439
40,SPINE_DIAGONAL,3,2.854461080118482,-240.28455826471486,0.11074461422241688,-1.505713810293003,-4.765784634720541,0.37870092622879914,1328.2249003428717,503.18964248159307
41,SPINE_LONGERON,1,2.5,2497.6563974814444,4.960676341899065,27.51316618695497,4.897969958675633,1.1205326559040805,448.89365548580463,390.6953415520705
42,SPINE_DIAGONAL,3,2.854461080118482,241.46986230260063,0.6196085266052487,3.600981166640485,-2.390720374509365,0.35592361063028394,1413.2245936403804,500.7196335563869
43,SPINE_LONGERON,1,2.5,-2535.801792603561,-0.037336100034940145,7.953979029431309,42.423981005307986,1.27421721727797,394.75216091847136,384.81821494882263
44,SPINE_DIAGONAL,3,2.854461080118482,-144.72473536546818,-0.6104232561541425,2.629259679992039,4.29955039374866,0.30157108607419425,1667.9317853312007,835.439088292288
45,SPINE_LONGERON,1,2.5,-2944.387371776179,-0.35941984833853713,19.849560929575638,36.81704647054327,1.4025716563437913,358.626953371648,331.41791350133025
46,SPINE_DIAGONAL,3,2.854461080118482,159.50860781985057,-0.14433836947628687,0.27114370984586644,6.1188249847705976,0.35222731841923105,1428.0550476817787,758.0073741451245
47,SPINE_LONGERON,1,2.5,2604.0988802616234,5.86768830941365,-22.451110890314723,17.25690411434838,1.160896274559568,433.28591108695997,374.72567831052936
48,SPINE_DIAGONAL,3,2.854461080118482,-240.28455826462687,0.11074461422245352,1.5057138102934924,4.765784634721114,0.3787009262287512,1328.22490034304,503.18964248177735
49,SPINE_FRAME,2,1.3776603565143233,858.8886018548226,-0.02990781604118596,33.329316330676924,0.28255652154845734,1.001457064976703,502.2681626512878,1667.4467897386996
50,SPINE_FRAME,2,1.3776603565143233,-209.38914840517486,-0.10328840969064455,-27.71015794613851,0.10304822407911018,0.5755655558485185,873.9230395023554,6839.66219268787
51,SPINE_FRAME,2,1.3776603565143233,-369.45044909971057,-0.024619763052733112,42.58030294789089,-0.5586140190332358,0.9087778439456116,553.4906064788519,3876.4360562990205
52,SPINE_FRAME,2,1.3776603565143233,768.0568788825003,-0.10775559660077261,-7.593065200951479,0.016788567357231443,0.5196629147478891,967.9351474292274,1864.6419051538485
53,SPINE_FRAME,2,1.3776603565143233,858.8886018549094,-0.029907816041156957,-33.329316330681024,-0.28255652154805944,1.0014570649768166,502.2681626512309,1667.446789738531
54,SPINE_FRAME,2,1.3776603565143233,-209.38914840520692,-0.10328840969055123,27.71015794614268,-0.10304822408058811,0.5755655558486056,873.9230395022232,6839.662192686822
55,SPINE_FRAME,2,1.3776603565143233,-369.45044909973353,-0.024619763052642546,-42.5803029478966,0.5586140190311042,0.9087778439457193,553.4906064787863,3876.4360562987795
56,SPINE_FRAME,2,1.3776603565143233,768.0568788824698,-0.10775559660084093,7.593065200950847,-0.016788567355241923,0.5196629147478629,967.9351474292762,1864.6419051539224
57,SPINE_LONGERON,1,2.5,2478.1789720065244,-5.501012527197019,26.208961505500127,8.976830358142418,1.1117458580984005,452.4415326901803,393.76603962692235
58,SPINE_DIAGONAL,3,2.854461080118482,166.47376784854214,-0.5575015314751851,2.603905117829325,4.392729742359444,0.3218660671953514,1562.7618169973548,726.2928119526445
59,SPINE_LONGERON,1,2.5,2524.252702739469,0.23976283797809117,7.623536787433636,42.25211532552556,1.2681161483363121,396.6513640409864,386.5788548962257
60,SPINE_DIAGONAL,3,2.854461080118482,-145.80258525957765,-0.1166157567724857,0.362174122048585,6.094876194190745,0.3401670242369064,1478.685363839647,829.2630802932008
61,SPINE_LONGERON,1,2.5,2968.8139119988073,0.11354939271712183,19.901709981867818,36.70516715267917,1.410300400826158,356.66160181571325,328.69110298554773
62,SPINE_DIAGONAL,3,2.854461080118482,-213.93292356192092,-0.06253172640323035,1.3432343132825766,4.891096435673356,0.3595118114370282,1399.1195393259145,565.1710777096611
63,SPINE_LONGERON,1,2.5,-2611.304319915871,6.290990512499337,-22.2371250472374,18.08239902967272,1.1667110021415097,431.1264735454954,373.69168803931865
64,SPINE_DIAGONAL,3,2.854461080118482,-232.48323494005967,0.6634276707434192,-3.5256429700874152,2.530974241205039,0.3491983232786251,1440.4421970796711,520.0749249649888
65,SPINE_LONGERON,1,2.5,2478.178972006789,-5.501012527197603,-26.208961505501954,-8.976830358144944,1.1117458580985153,452.44153269013356,393.76603962688034
66,SPINE_DIAGONAL,3,2.854461080118482,166.4737678485801,-0.55750153147523,-2.603905117829542,-4.392729742359988,0.32186606719540356,1562.7618169971013,726.2928119524787
67,SPINE_LONGERON,1,2.5,2524.2527027398,0.2397628379785015,-7.623536787433224,-42.25211532553023,1.268116148336468,396.6513640409376,386.5788548961751
68,SPINE_DIAGONAL,3,2.854461080118482,-145.80258525954218,-0.11661575677246405,-0.36217412204870936,-6.094876194191355,0.34016702423689915,1478.6853638396785,829.2630802934025
69,SPINE_LONGERON,1,2.5,2968.813911999069,0.11354939271746556,-19.901709981872038,-36.705167152680914,1.4103004008262812,356.6616018156821,328.69110298551874
70,SPINE_DIAGONAL,3,2.854461080118482,-213.93292356199913,-0.0625317264032641,-1.3432343132830695,-4.891096435673807,0.35951181143711336,1399.1195393255832,565.1710777094545
71,SPINE_LONGERON,1,2.5,-2611.3043199158346,6.290990512499664,22.23712504723661,-18.082399029674153,1.1667110021415001,431.1264735454989,373.6916880393239
72,SPINE_DIAGONAL,3,2.854461080118482,-232.48323494007786,0.6634276707434177,3.5256429700873477,-2.530974241205116,0.34919832327863976,1440.4421970796107,520.0749249649481
73,SPINE_FRAME,2,1.3776603565143233,338.5363950055398,0.7930904683350062,-16.55740334387395,1.3411288666684555,0.4536708771685689,1108.733280697456,4230.419721585764
74,SPINE_FRAME,2,1.3776603565143233,-179.57543107923357,3.350093218508059,8.426912368609251,-0.8178789722104796,0.23980923785585437,2097.5005153986003,7975.205924880002
75,SPINE_FRAME,2,1.3776603565143233,-30.72135098774288,-0.9833147843042379,-16.436909073470606,-0.5103324578875004,0.29428346087580365,1709.236388966762,46617.44994474298
76,SPINE_FRAME,2,1.3776603565143233,-270.7933567034961,-1.1264919366767263,0.12372067066626968,-4.241799055101808,0.21037415939028611,2390.9780624094356,5288.722955911031
77,SPINE_FRAME,2,1.3776603565143233,338.5363950055471,0.7930904683351723,16.557403343874554,-1.341128866668484,0.45367087716858295,1108.7332806974218,4230.419721585673
78,SPINE_FRAME,2,1.3776603565143233,-179.5754310792572,3.3500932185083747,-8.426912368611195,0.8178789722095701,0.23980923785589767,2097.5005153982215,7975.205924878952
79,SPINE_FRAME,2,1.3776603565143233,-30.721350987750156,-0.9833147843044961,16.436909073472172,0.5103324578859514,0.2942834608758333,1709.2363889665899,46617.44994473194
80,SPINE_FRAME,2,1.3776603565143233,-270.793356703517,-1.126491936676651,-0.1237206706660654,4.241799055103158,0.21037415939031925,2390.9780624090586,5288.722955910623
81,SPINE_LONGERON,1,2.5,-3116.657037912144,-4.034546928572075,-39.86262533471379,-0.9035460947125289,1.4441391024084507,348.3043975203816,313.0991660049425
82,SPINE_DIAGONAL,3,2.854461080118482,-70.77390612495083,-0.6067216420658528,-4.7302896031078605,1.6297497003440145,0.23910452152240214,2103.682510047695,1708.3796498896916
83,SPINE_LONGERON,1,2.5,3176.97257652145,6.163278226868047,-17.9439363972101,-38.832668033782966,1.4923425901323126,337.0539736156719,307.1549079476728
84,SPINE_DIAGONAL,3,2.854461080118482,-118.37114903314296,-0.7533499962848118,-3.7075849516241064,-3.3020216137879554,0.2774277840069665,1813.0844457430735,1021.4372501631791
85,SPINE_LONGERON,1,2.5,2843.215727569499,5.993799558052306,-7.515472986928675,-38.4707224559584,1.3441757358900288,374.20702261594164,343.2109318443808
86,SPINE_DIAGONAL,3,2.854461080118482,-4.173892714001795,0.7328755149928641,-4.215873844081228,-4.186864559671589,0.21805323337858784,2306.776158309391,28967.85069761556
87,SPINE_LONGERON,1,2.5,-3064.9753006716146,-4.057111346703531,30.026022066394834,-24.455145787302584,1.4156906757172312,355.30360454282516,318.3786567806596
88,SPINE_DIAGONAL,3,2.854461080118482,-147.89703629212227,-0.6380844222852764,3.359135785049175,-4.206503010990649,0.31655892700452437,1588.961665872752,817.5194310740194
89,SPINE_LONGERON,1,2.5,-3116.6570379123423,-4.034546928572099,39.862625334715425,0.9035460947153835,1.4441391024085344,348.30439752036136,313.0991660049226
90,SPINE_DIAGONAL,3,2.854461080118482,-70.77390612503314,-0.6067216420658923,4.730289603108162,-1.6297497003435897,0.23910452152247544,2103.68251004705,1708.3796498877048
91,SPINE_LONGERON,1,2.5,3176.9725765218536,6.163278226868113,17.943936397210212,38.83266803378834,1.4923425901324976,337.0539736156302,307.1549079476338
92,SPINE_DIAGONAL,3,2.854461080118482,-118.37114903318115,-0.7533499962848443,3.707584951624312,3.3020216137884693,0.27742778400701595,1813.0844457427506,1021.4372501628494
93,SPINE_LONGERON,1,2.5,2843.215727569812,5.993799558052337,7.515472986930616,38.47072245596322,1.344175735890184,374.20702261589844,343.210931844343
94,SPINE_DIAGONAL,3,2.854461080118482,-4.173892714043632,0.7328755149929191,4.215873844081605,4.186864559672135,0.21805323337864585,2306.7761583087777,28967.8506973252
95,SPINE_LONGERON,1,2.5,-3064.975300671722,-4.057111346703543,-30.02602206639374,24.4551457873058,1.4156906757172794,355.30360454281305,318.37865678064844
96,SPINE_DIAGONAL,3,2.854461080118482,-147.8970362920577,-0.6380844222853217,-3.3591357850490624,4.206503010990981,0.3165589270044778,1588.9616658729858,817.5194310743764
97,SPINE_FRAME,2,1.3776603565143233,-46.67311398173599,-0.48075649272682225,3.9091476617514536,0.43989794776354074,0.09061399699615683,5551.018790411966,30684.711597910737
98,SPINE_FRAME,2,1.3776603565143233,24.411776626505343,-0.6497324170938028,12.521407018800073,2.1304392603161375,0.2275681040841682,2210.327330467897,58666.39957499083
99,SPINE_FRAME,2,1.3776603565143233,36.64546963435552,0.33970146082696734,4.005580221423362,-1.7086895567493343,0.09249066759826402,5438.386521165525,39081.2576887629
100,SPINE_FRAME,2,1.3776603565143233,-22.473805263705742,0.17040082297037032,-6.785011904360876,0.09998457262651073,0.12630090467478225,3982.5526293354496,63725.34713642145
101,SPINE_FRAME,2,1.3776603565143233,-46.67311398173821,-0.4807564927269017,-3.9091476617511653,-0.4398979477634839,0.09061399699615309,5551.018790412195,30684.711597909274
102,SPINE_FRAME,2,1.3776603565143233,24.41177662651046,-0.6497324170940003,-12.521407018801053,-2.130439260317729,0.22756810408419176,2210.327330467668,58666.39957497853
103,SPINE_FRAME,2,1.3776603565143233,36.64546963436388,0.33970146082692176,-4.005580221422453,1.7086895567473448,0.09249066759824093,5438.3865211668835,39081.25768875399
104,SPINE_FRAME,2,1.3776603565143233,-22.47380526371137,0.17040082297048395,6.785011904361108,-0.0999845726246349,0.1263009046747886,3982.552629335249,63725.34713640549
105,SPINE_LONGERON,1,2.5,3135.6771413396164,-4.631328548143559,39.35575577611184,1.4269129365705848,1.4462464566919295,347.7968763018003,311.1999977385549
106,SPINE_DIAGONAL,3,2.854461080118482,95.5363049862226,-0.4069057941106548,4.726366360307882,2.617719901398837,0.2735333389670777,1838.8983291742024,1265.578577531398
107,SPINE_LONGERON,1,2.5,-3055.695898936605,4.970018628639016,27.488462238277997,26.73269069720493,1.4091481158474122,356.9532502248803,319.34549496018803
108,SPINE_DIAGONAL,3,2.854461080118482,-130.32783412261324,0.6266505523852949,2.566973133883517,4.646315108045348,0.29931744186507503,1680.4901073113542,927.7273867170825
109,SPINE_LONGERON,1,2.5,-2939.279844780527,5.144822826362324,-0.21278915665670262,38.135821099964375,1.3671773449988984,367.91130414789404,331.9938116904927
110,SPINE_DIAGONAL,3,2.854461080118482,45.007953601019835,-0.7886136206819013,-2.5570293078487416,4.500132438249314,0.2245466183347239,2240.0693616779176,2686.3852117979814
111,SPINE_LONGERON,1,2.5,3069.8943363894014,-5.10254263472181,-29.851894654797704,26.366138227206395,1.427842949657358,352.2796398026168,317.86850372232107
112,SPINE_DIAGONAL,3,2.854461080118482,62.86266971006535,-0.5371786663759308,-5.267848434632201,1.6569316844309367,0.2510018277374024,2003.9694711953953,1923.3783980973676
113,SPINE_LONGERON,1,2.5,3135.677141339842,-4.631328548143467,-39.35575577611528,-1.426912936572598,1.4462464566920392,347.7968763017739,311.1999977385325
114,SPINE_DIAGONAL,3,2.854461080118482,95.53630498621305,-0.4069057941106524,-4.7263663603083295,-2.6177199013990937,0.27353333896708837,1838.8983291741308,1265.5785775315244
115,SPINE_LONGERON,1,2.5,-3055.6958989368995,4.970018628639104,-27.48846223827972,-26.732690697207033,1.409148115847539,356.95325022484826,319.3454949601573
116,SPINE_DIAGONAL,3,2.854461080118482,-130.32783412267418,0.6266505523853212,-2.5669731338837565,-4.646315108045667,0.29931744186513964,1680.4901073109916,927.7273867166488
117,SPINE_LONGERON,1,2.5,-2939.279844780709,5.144822826362362,0.21278915665526732,-38.135821099965725,1.3671773449989735,367.91130414787386,331.9938116904721
118,SPINE_DIAGONAL,3,2.854461080118482,45.007953601100326,-0.7886136206819219,2.5570293078484734,-4.500132438249466,0.22454661833479025,2240.069361677256,2686.3852117931774
119,SPINE_LONGERON,1,2.5,3069.8943363893723,-5.102542634721749,29.851894654794147,-26.36613822720732,1.4278429496573286,352.27963980262405,317.8685037223241
120,SPINE_DIAGONAL,3,2.854461080118482,62.862669710143564,-0.537178666375905,5.267848434631782,-1.6569316844311113,0.2510018277374546,2003.9694711949787,1923.3783980949743
121,SPINE_FRAME,2,1.3776603565143233,41.92500432160523,0.10508340557096602,-6.665100942073642,0.15754339703050846,0.13418133622437733,3748.6584509703052,34159.83051355234
122,SPINE_FRAME,2,1.3776603565143233,-39.574603677867344,0.11358606326855991,-4.070225338164507,0.745805202313079,0.090194802571894,5576.818016748363,36188.63889487123
123,SPINE_FRAME,2,1.3776603565143233,-28.772156016538247,0.027295665991835347,-8.983549462506033,-0.3730437048032229,0.16680725276553413,3015.4564124799876,49775.590021226875
124,SPINE_FRAME,2,1.3776603565143233,42.72475152069637,0.017979468260722706,7.061805207645964,0.7721652608386478,0.14197395641092622,3542.903309281092,33520.40657772423
125,SPINE_FRAME,2,1.3776603565143233,41.925004321612505,0.1050834055710355,6.66510094207357,-0.1575433970296558,0.13418133622437947,3748.6584509702448,34159.83051354641
126,SPINE_FRAME,2,1.3776603565143233,-39.57460367787371,0.11358606326860383,4.070225338164562,-0.7458052023139885,0.09019480257190093,5576.818016747934,36188.638894865406
127,SPINE_FRAME,2,1.3776603565143233,-28.772156016539157,0.027295665991889845,8.983549462506272,0.3730437048013755,0.16680725276553734,3015.456412479929,49775.590021225304
128,SPINE_FRAME,2,1.3776603565143233,42.724751520691825,0.017979468260635248,-7.061805207646082,-0.7721652608364877,0.14197395641092192,3542.9033092811997,33520.4065777278
129,SPINE_LONGERON,1,2.5,3095.2212998262767,5.086998262465209,-38.92996526223896,-1.0596619437854966,1.4283574635602339,352.152743856047,315.26751232569256
130,SPINE_DIAGONAL,3,2.854461080118482,-107.5345205701069,-0.5868764690435531,-4.955598416637917,1.6616305170204075,0.27746196347463903,1812.86109887266,1124.371042210982
131,SPINE_LONGERON,1,2.5,3074.9738198281993,4.703347479930532,-27.873663714449382,-27.67479392667865,1.4244042638183054,353.1300858729821,317.34342354441463
132,SPINE_DIAGONAL,3,2.854461080118482,72.43746569859559,0.4764874179301545,-4.893320967506746,-1.9562491919671254,0.24975628125978247,2013.9633624541664,1669.1459288506494
133,SPINE_LONGERON,1,2.5,3005.7994081826946,4.8259860990203665,-0.5050258476165537,-38.57586485416418,1.3941167587154775,360.8019176696923,324.64665361142943
134,SPINE_DIAGONAL,3,2.854461080118482,56.261648099735794,0.6607615195128285,-2.4162555796961973,-4.633453878229701,0.23521822145261226,2138.43977262338,2149.0429991089645
135,SPINE_LONGERON,1,2.5,-3025.665119829957,-5.216345891387773,27.414182677990723,-26.792828196145337,1.398760950425327,359.6039765387007,322.51511011521603
136,SPINE_DIAGONAL,3,2.854461080118482,-96.40644790221268,-0.7560978114029521,2.373720917027857,-4.605038753773043,0.26702440554359874,1883.7229465074945,1254.1557499318917
137,SPINE_LONGERON,1,2.5,3095.221299826393,5.086998262465254,38.929965262239286,1.0596619437879622,1.4283574635602776,352.1527438560362,315.2675123256807
138,SPINE_DIAGONAL,3,2.854461080118482,-107.53452057017512,-0.5868764690435639,4.955598416638098,-1.6616305170201362,0.27746196347469854,1812.8610988722712,1124.3710422102688
139,SPINE_LONGERON,1,2.5,3074.973819828463,4.703347479930562,27.873663714450426,27.6747939266815,1.4244042638184218,353.1300858729532,317.3434235443874
140,SPINE_DIAGONAL,3,2.854461080118482,72.43746569862196,0.47648741793016686,4.893320967506921,1.956249191967443,0.24975628125981433,2013.9633624539094,1669.1459288500419
141,SPINE_LONGERON,1,2.5,3005.799408182951,4.825986099020339,0.5050258476175467,38.57586485416781,1.3941167587155996,360.8019176696607,324.64665361140175
142,SPINE_DIAGONAL,3,2.854461080118482,56.26164809970669,0.6607615195128556,2.416255579696305,4.63345387823016,0.2352182214526046,2138.4397726234497,2149.0429991100764
143,SPINE_LONGERON,1,2.5,-3025.665119830075,-5.21634589138781,-27.41418267798995,26.792828196148232,1.3987609504253813,359.60397653868677,322.5151101152034
144,SPINE_DIAGONAL,3,2.854461080118482,-96.40644790214446,-0.7560978114029614,-2.373720917027685,4.605038753773398,0.2670244055435509,1883.7229465078321,1254.1557499327791
145,SPINE_FRAME,2,1.3776603565143233,-40.03315035783933,0.06778543953786845,7.149374696183477,0.7417865660750351,0.14202543987303465,3541.6190257862454,35774.12791910189
146,SPINE_FRAME,2,1.3776603565143233,33.41206274466421,-0.13346161839734533,7.760326512572079,0.6448368536312898,0.1488045537848844,3380.272896265993,42863.293201934786
147,SPINE_FRAME,2,1.3776603565143233,33.63097936878337,0.14219608008659276,6.402167034352681,-0.3412697935773963,0.12563853422552687,4003.5487766602896,42584.27999380005
148,SPINE_FRAME,2,1.3776603565143233,-38.76338321830775,-0.13549000606762182,-5.210548067259408,0.19161409265768725,0.10799428682297552,4657.65379630238,36945.976408725495
149,SPINE_FRAME,2,1.3776603565143233,-40.03315035784162,0.06778543953789848,-7.149374696184108,-0.7417865660751488,0.14202543987304664,3541.6190257859466,35774.12791909985
150,SPINE_FRAME,2,1.3776603565143233,33.41206274467052,-0.1334616183974112,-7.760326512571904,-0.6448368536324836,0.14880455378488638,3380.2728962659485,42863.293201926695
151,SPINE_FRAME,2,1.3776603565143233,33.63097936879218,0.14219608008650683,-6.40216703435234,0.3412697935752931,0.12563853422552365,4003.548776660392,42584.2799937889
152,SPINE_FRAME,2,1.3776603565143233,-38.76338321831531,-0.13549000606756745,5.210548067259882,-0.19161409265620932,0.10799428682298642,4657.653796301909,36945.97640871829
153,SPINE_LONGERON,1,2.5,3074.007284531024,-5.199148053082488,38.413388206098205,-0.17212334675369134,1.4161554863865693,355.1869867647398,317.4432032754926
154,SPINE_DIAGONAL,3,2.854461080118482,95.1026547931906,-0.585429048517238,4.589896794634479,2.3691422116682945,0.2649737071210968,1898.3015540108731,1271.3493774700235
155,SPINE_LONGERON,1,2.5,3038.8590073087908,-5.7268065796153795,27.05960648480113,26.65137408288375,1.4001655258247556,359.2432399760108,321.11483847943117
156,SPINE_DIAGONAL,3,2.854461080118482,97.68616440182996,-0.7240136258476372,1.375748197763048,4.934552859311853,0.265916830538208,1891.5688750574473,1237.7259533879744
157,SPINE_LONGERON,1,2.5,3030.583321919119,-5.513990606851578,-0.41161989514570374,38.16003713657509,1.3989471777487072,359.5561061922767,321.99171434619603
158,SPINE_DIAGONAL,3,2.854461080118482,69.71199056849036,-0.7239008098963432,-2.2392529548598468,4.651622638359239,0.24424237012292932,2059.4297367276436,1734.4032207526693
159,SPINE_LONGERON,1,2.5,3061.8533233431554,-4.9135240971602885,-27.740251521353976,26.852473750563984,1.413706362991666,355.8023173465516,318.703287271858
160,SPINE_DIAGONAL,3,2.854461080118482,66.1106773893116,-0.5971945245897824,-4.830783966789906,1.9449701546527938,0.24254861382178994,2073.811068529025,1828.883105448519
161,SPINE_LONGERON,1,2.5,3074.0072845311624,-5.199148053082441,-38.41338820610036,0.17212334675246432,1.4161554863866368,355.18698676472286,317.4432032754783
162,SPINE_DIAGONAL,3,2.854461080118482,95.10265479318787,-0.5854290485172544,-4.589896794634715,-2.3691422116684606,0.26497370712110485,1898.3015540108152,1271.3493774700598
163,SPINE_LONGERON,1,2.5,3038.8590073089763,-5.726806579615474,-27.05960648480225,-26.65137408288502,1.4001655258248353,359.2432399759903,321.11483847941156
164,SPINE_DIAGONAL,3,2.854461080118482,97.68616440187634,-0.7240136258476494,-1.3757481977632358,-4.934552859312058,0.26591683053825527,1891.5688750571112,1237.7259533873867
165,SPINE_LONGERON,1,2.5,3030.5833219192536,-5.513990606851524,0.41161989514382924,-38.16003713657539,1.3989471777487563,359.5561061922641,321.9917143461817
166,SPINE_DIAGONAL,3,2.854461080118482,69.71199056856767,-0.723900809896346,2.23925295485959,-4.651622638359362,0.24424237012299313,2059.4297367271056,1734.403220750746
167,SPINE_LONGERON,1,2.5,3061.853323343159,-4.91352409716032,27.740251521351055,-26.852473750564723,1.4137063629916526,355.80231734655496,318.7032872718577
168,SPINE_DIAGONAL,3,2.854461080118482,66.11067738937618,-0.5971945245897822,4.830783966789625,-1.9449701546529345,0.24254861382183587,2073.811068528632,1828.8831054467325
169,SPINE_FRAME,2,1.3776603565143233,57.68875844880313,-0.19879346956959099,-3.3965997973724633,-1.471180219393915,0.09206496770422806,5463.533117352083,24825.478661964462
170,SPINE_FRAME,2,1.3776603565143233,-55.421210028678615,0.3121425973705606,-3.202878412111666,-1.1128503931962541,0.08572638325092358,5867.5052058093315,25841.208468109846
171,SPINE_FRAME,2,1.3776603565143233,-54.65711701449072,0.11455929059503422,-3.8461367864176808,-1.6117072366141656,0.09841988680899488,5110.755725376727,26202.46218852508
172,SPINE_FRAME,2,1.3776603565143233,56.92808592989968,-0.010931550800038659,3.6697097322330787,1.9681936924113757,0.09946115001001529,5057.250996488077,25157.19646133038
173,SPINE_FRAME,2,1.3776603565143233,57.68875844882314,-0.1987934695695757,3.3965997973725406,1.4711802193948529,0.09206496770424574,5463.533117351034,24825.47866195585
174,SPINE_FRAME,2,1.3776603565143233,-55.42121002870135,0.31214259737072797,3.2028784121116045,1.1128503931956004,0.08572638325093068,5867.505205808846,25841.20846809924
175,SPINE_FRAME,2,1.3776603565143233,-54.65711701449527,0.11455929059513423,3.8461367864177376,1.6117072366129435,0.0984198868089901,5110.7557253769755,26202.462188522903
176,SPINE_FRAME,2,1.3776603565143233,56.92808592989513,-0.010931550800199544,-3.669709732233395,-1.9681936924099546,0.09946115001000633,5057.250996488533,25157.19646133239
177,SPINE_LONGERON,1,1.0,3066.821307700222,0.4249957515240492,-35.442600580514124,0.47172512832024194,1.3855169881687617,363.04138043432823,1988.6688475368946
178,SPINE_DIAGONAL,3,1.7023360590409793,106.17722573899664,0.013245021966282078,-3.380286465459374,2.0476454993809305,0.22995653068924024,2187.3699281006575,3201.7235930378247
179,SPINE_LONGERON,1,1.0,3065.803674618517,0.25881896046687913,-25.663456855260165,-24.577351090900407,1.3859822579542689,362.91950861076367,1989.3289469504884
180,SPINE_DIAGONAL,3,1.7023360590409793,92.03774054153291,-0.022532665655918382,-3.0042601051211903,-2.4793320456385217,0.21619298339473667,2326.6250000426508,3693.5948958725558
181,SPINE_LONGERON,1,1.0,3062.5856082860264,0.13073195675836224,-0.6429239384505507,-35.514004925041576,1.3847416902640015,363.2446423304428,1991.4192697454203
182,SPINE_DIAGONAL,3,1.7023360590409793,89.11057639548198,0.08568380627985195,-0.7280305579048463,-3.7668609623076676,0.21167609360964157,2376.2721213459176,3814.9245851930596
183,SPINE_LONGERON,1,1.0,3061.146866099407,0.7976335956306251,24.878295826658047,-25.247849340901837,1.38357061769277,363.5520974265833,1992.3552388576377
184,SPINE_DIAGONAL,3,1.7023360590409793,102.51484214690936,0.06487582378426882,1.0134210124941792,-3.758349805854685,0.22479139488540145,2237.6301381840226,3316.106444417887
185,SPINE_LONGERON,1,1.0,3066.821307700251,0.4249957515240528,35.442600580514465,-0.4717251283188042,1.3855169881687743,363.0413804343249,1988.6688475368758
186,SPINE_DIAGONAL,3,1.7023360590409793,106.17722573902574,0.013245021966250992,3.380286465459381,-2.0476454993812006,0.22995653068926963,2187.369928100378,3201.7235930369475
187,SPINE_LONGERON,1,1.0,3065.80367461875,0.25881896046664643,25.663456855260222,24.577351090903022,1.3859822579543666,362.91950861073815,1989.3289469503375
188,SPINE_DIAGONAL,3,1.7023360590409793,92.03774054153655,-0.022532665656059492,3.0042601051215065,2.4793320456388237,0.21619298339475537,2326.6250000424493,3693.59489587241
189,SPINE_LONGERON,1,1.0,3062.585608286223,0.13073195675843152,0.6429239384494121,35.51400492504308,1.3847416902640828,363.24464233042147,1991.4192697452927
190,SPINE_DIAGONAL,3,1.7023360590409793,89.11057639548562,0.08568380627964034,0.7280305579047912,3.7668609623082006,0.21167609360966294,2376.272121345678,3814.9245851929036
191,SPINE_LONGERON,1,1.0,3061.1468660994724,0.7976335956305611,-24.878295826660406,25.24784934090286,1.3835706176928146,363.5520974265716,1992.355238857595
192,SPINE_DIAGONAL,3,1.7023360590409793,102.51484214688935,0.0648758237842264,-1.013421012494332,3.7583498058547633,0.224791394885389,2237.6301381841463,3316.1064444185345
193,SPINE_FRAME,2,1.3776603565143233,-60.45512743103245,0.13034997760803155,1.8177933807700617,-0.7474357227936537,0.06407810688583097,7849.794952528848,23689.488431560912
194,SPINE_FRAME,2,1.3776603565143233,51.017020134337145,-0.1509775609781134,1.7636801413077423,-0.681218643134315,0.05801939457409347,8669.514800911022,28072.024554450032
195,SPINE_FRAME,2,1.3776603565143233,54.02761063453545,-0.03581673928449361,1.2815323138377357,-0.884421982323488,0.05386811016177705,9337.621061689137,26507.761958855284
196,SPINE_FRAME,2,1.3776603565143233,62.38951190467105,-0.022266851664263083,-1.1517003972066844,0.9129359870296128,0.056645469760193023,8879.792190433518,22954.996732371616
197,SPINE_FRAME,2,1.3776603565143233,-60.45512743103791,0.1303499776083958,-1.8177933807696602,0.7474357227931989,0.0640781068858247,7849.794952529617,23689.488431558773
198,SPINE_FRAME,2,1.3776603565143233,51.0170201343426,-0.15097756097764836,-1.7636801413081447,0.6812186431345992,0.05801939457410408,8669.514800909437,28072.02455444703
199,SPINE_FRAME,2,1.3776603565143233,54.02761063454636,-0.035816739284385946,-1.281532313837932,0.8844219823237154,0.05386811016178751,9337.621061687323,26507.76195884993
200,SPINE_FRAME,2,1.3776603565143233,62.38951190467833,-0.022266851663842777,1.1517003972062811,-0.9129359870306644,0.0566454697602024,8879.792190432048,22954.996732368938
201,SPINE_LONGERON,1,1.5,-3057.8825536303193,2.2306340972084495,36.89171433206941,-0.28004875983297195,1.3959805340646687,360.3202105801703,886.4364857593204
202,SPINE_DIAGONAL,3,2.036651187098854,-86.15634823015353,0.161839416224285,3.8643242194732217,2.1854371764708755,0.23091982968580765,2178.2451541055957,2756.6727589801962
203,SPINE_LONGERON,1,1.5,-3055.9872049844707,2.5551533858446014,26.265777978302296,25.9749115245192,1.3958048657667685,360.36555849350975,886.986261030033
204,SPINE_DIAGONAL,3,2.036651187098854,-85.37929201280258,0.23254978003438975,1.265418177367292,4.24400123939721,0.22994458054207922,2187.483605024352,2781.7618602841326
205,SPINE_LONGERON,1,1.5,-3062.1351951102624,2.2636663408374336,0.29477136804985804,37.010102073235785,1.3985486964366298,359.6585526707769,885.2054177860008
206,SPINE_DIAGONAL,3,2.036651187098854,-83.7846976374085,0.21758188576415394,-1.3130744437682491,4.232203213152285,0.22870187675945483,2199.3697958545736,2834.704485144956
207,SPINE_LONGERON,1,1.5,-3062.6637830069667,2.337437595837974,-25.949642265323916,26.35200896109562,1.3984849587379746,359.67494455851636,885.0526393868389
208,SPINE_DIAGONAL,3,2.036651187098854,-83.74227298104506,0.19797026377185845,-3.9100545198929737,2.108335979332047,0.22904558730100838,2196.06937608872,2836.1405742239017
209,SPINE_LONGERON,1,1.5,-3057.8825536303557,2.2306340972086254,-36.891714332070066,0.28004875983204214,1.3959805340646871,360.3202105801655,886.4364857593099
210,SPINE_DIAGONAL,3,2.036651187098854,-86.15634823014625,0.16183941622439446,-3.8643242194731506,-2.185437176471055,0.23091982968580266,2178.245154105643,2756.672758980429
211,SPINE_LONGERON,1,1.5,-3055.987204984631,2.555153385844344,-26.265777978305067,-25.974911524519086,1.395804865766841,360.3655584934911,886.9862610299866
212,SPINE_DIAGONAL,3,2.036651187098854,-85.37929201281077,0.2325497800345112,-1.2654181773678053,-4.244001239397107,0.22994458054208788,2187.48360502427,2781.7618602838656
213,SPINE_LONGERON,1,1.5,-3062.1351951104443,2.2636663408374975,-0.29477136805300086,-37.01010207323732,1.3985486964367073,359.65855267075693,885.2054177859482
214,SPINE_DIAGONAL,3,2.036651187098854,-83.78469763744488,0.21758188576419968,1.3130744437680235,-4.232203213152651,0.22870187675949522,2199.369795854185,2834.7044851437254
215,SPINE_LONGERON,1,1.5,-3062.6637830070104,2.337437595837887,25.949642265321643,-26.352008961098278,1.3984849587379922,359.6749445585118,885.0526393868263
216,SPINE_DIAGONAL,3,2.036651187098854,-83.74227298109145,0.1979702637718429,3.9100545198930377,-2.10833597933226,0.2290455873010524,2196.069376088298,2836.140574222331
217,SPINE_FRAME,2,1.3776603565143233,45.83168775500235,0.054717965440541805,-4.463326351880335,0.6604296683504742,0.09969717817410706,5045.278203577452,31248.053738751314
218,SPINE_FRAME,2,1.3776603565143233,-45.2056943704556,-0.03923165364594165,-4.447048295433758,0.5575874960859721,0.09886821208899155,5087.580622447671,31680.76636915842
219,SPINE_FRAME,2,1.3776603565143233,-44.69720232416512,-0.07273250892312334,-4.59693250836037,0.5573317181656705,0.10112997787598596,4973.797192132492,32041.178584721067
220,SPINE_FRAME,2,1.3776603565143233,45.10163549227491,0.08331423702938322,4.593442193138756,-0.6615889582068064,0.1015110817882328,4955.1240232995715,31753.860503601594
221,SPINE_FRAME,2,1.3776603565143233,45.8316877549978,0.05471796544055194,4.463326351880879,-0.6604296683501047,0.09969717817411293,5045.278203577155,31248.053738754417
222,SPINE_FRAME,2,1.3776603565143233,-45.20569437044014,-0.03923165364576094,4.447048295433396,-0.5575874960864837,0.09886821208897867,5087.580622448334,31680.766369169258
223,SPINE_FRAME,2,1.3776603565143233,-44.69720232414056,-0.07273250892300889,4.596932508360859,-0.5573317181663242,0.10112997787598298,4973.797192132639,32041.178584738667
224,SPINE_FRAME,2,1.3776603565143233,45.101635492265814,0.0833142370295087,-4.593442193138959,0.6615889582086822,0.10151108178823609,4955.124023299411,31753.860503607997
225,SPINE_LONGERON,1,2.5,3049.637517563675,5.613035417162282,-37.62658376954624,-0.17156052976556266,1.4005671288686767,359.1402294342747,319.97990373403525
226,SPINE_DIAGONAL,3,2.854461080118482,81.21226723424843,0.6819350405041393,-4.373544929513785,2.5511244687345913,0.2500689576309538,2011.4451820218173,1488.7984917145668
227,SPINE_LONGERON,1,2.5,3050.102267889906,5.452130703298514,-26.487947031358637,-26.688137859948707,1.400449139499795,359.17048739068014,319.9311477410925
228,SPINE_DIAGONAL,3,2.854461080118482,80.61223229684947,0.6757206288870398,-4.73600527994766,-1.7832239827765148,0.24946334277858806,2016.328308590169,1499.8803224035616
229,SPINE_LONGERON,1,2.5,3054.3821185168126,5.572572247880929,0.11741218598862802,-37.646305971869964,1.402371370386037,358.6781722886549,319.4828549374758
230,SPINE_DIAGONAL,3,2.854461080118482,82.01608434890659,0.6881337586780527,-2.148360727271145,-4.594308303443342,0.25105640513513977,2003.5338263098402,1474.2071866380354
231,SPINE_LONGERON,1,2.5,3053.42692182491,5.585755932833385,26.71636228440704,-26.534987163345395,1.40212120241575,358.7421680332404,319.58279804204943
232,SPINE_DIAGONAL,3,2.854461080118482,82.31968036257967,0.6980161798995475,1.3034310323666691,-4.901983873372428,0.2513520548346744,2001.1771947949494,1468.7702920434474
233,SPINE_LONGERON,1,2.5,3049.6375175636313,5.613035417162874,37.62658376954394,0.17156052976620825,1.4005671288686405,359.140229434284,319.9799037340398
234,SPINE_DIAGONAL,3,2.854461080118482,81.21226723431391,0.6819350405040144,4.373544929514087,-2.5511244687341748,0.25006895763100945,2011.4451820213696,1488.7984917133663
235,SPINE_LONGERON,1,2.5,3050.102267890037,5.4521307032987965,26.48794703135981,26.688137859948966,1.40044913949985,359.1704873906661,319.93114774107875
236,SPINE_DIAGONAL,3,2.854461080118482,80.61223229688949,0.6757206288870921,4.736005279947356,1.7832239827767333,0.24946334277861382,2016.3283085899607,1499.8803224028172
237,SPINE_LONGERON,1,2.5,3054.382118516962,5.572572247880437,-0.11741218598580772,37.646305971872316,1.4023713703861098,358.67817228863623,319.4828549374602
238,SPINE_DIAGONAL,3,2.854461080118482,82.01608434888658,0.6881337586782666,2.1483607272711356,4.59430830344345,0.2510564051351271,2003.533826309941,1474.2071866383951
239,SPINE_LONGERON,1,2.5,3053.4269218250593,5.58575593283359,-26.716362284406376,26.534987163349104,1.4021212024158214,358.7421680332221,319.5827980420338
240,SPINE_DIAGONAL,3,2.854461080118482,82.31968036252692,0.69801617989964,-1.3034310323662766,4.901983873372488,0.2513520548346295,2001.1771947953066,1468.7702920443887
241,SPINE_FRAME,2,1.3776603565143233,-55.66070807113965,-0.13315317126566276,3.3508887039555466,1.5141389620071664,0.0905937511833766,5552.2593272669055,25730.018383444916
242,SPINE_FRAME,2,1.3776603565143233,-55.667937974156985,-0.13333797181088086,3.357860601744143,1.4923248485333147,0.09055420192850754,5554.684258573866,25726.676683638594
243,SPINE_FRAME,2,1.3776603565143233,55.80612687167036,0.16711629198205613,3.383352848573589,1.389417592956363,0.09034888187835696,5567.307414797056,25662.971472636043
244,SPINE_FRAME,2,1.3776603565143233,-55.9611589510821,-0.16927036070125961,-3.366595637557289,-1.5130085811379104,0.09099404071238495,5527.834526987194,25591.876021686487
245,SPINE_FRAME,2,1.3776603565143233,-55.66070807130268,-0.133153171267382,-3.3508887039579918,-1.5141389620057453,0.09059375118348797,5552.25932726008,25730.018383369556
246,SPINE_FRAME,2,1.3776603565143233,-55.66793797431001,-0.13333797181059265,-3.357860601740139,-1.4923248485343379,0.0905542019285305,5554.684258572457,25726.676683567875
247,SPINE_FRAME,2,1.3776603565143233,55.80612687178768,0.16711629198174133,-3.3833528485728097,-1.3894175929572725,0.0903488818784102,5567.307414793774,25662.97147258209
248,SPINE_FRAME,2,1.3776603565143233,-55.9611589510539,-0.169270360700063,3.366595637558854,1.51300858114206,0.09099404071242305,5527.83452698488,25591.87602169938
249,SPINE_LONGERON,1,1.0,3061.0616103404755,-0.2377136764474148,35.327020444190836,0.5860357061671251,1.382473055036091,363.84072598570003,1992.4107293310656
250,SPINE_DIAGONAL,3,1.7023360590409793,97.3963012818349,-0.041166715392615294,3.308724557718307,2.0309119792095274,0.22017379740733675,2284.55886178597,3490.380273354915
251,SPINE_LONGERON,1,1.0,3063.035028977334,-0.5518112548878022,24.622879441197163,25.408190034886683,1.383620795860711,363.5389129050334,1991.1270807836795
252,SPINE_DIAGONAL,3,1.7023360590409793,97.00299740181254,-0.021545165237324804,1.0945358934327611,3.7230901864700314,0.21978561184077292,2288.5938519233287,3504.5322082541797
253,SPINE_LONGERON,1,1.0,3067.4855348533893,-0.24225473054216629,-0.593679253400818,35.390683279125746,1.3852781307222388,363.1039780709973,1988.2382251811628
254,SPINE_DIAGONAL,3,1.7023360590409793,97.1017320998908,-0.051295724787238095,-0.6928383952320285,3.8205341093408762,0.2199513137562588,2286.86972316703,3500.9687401058304
255,SPINE_LONGERON,1,1.0,3065.2452095402405,-0.45019808128228966,-25.360641138090905,24.628685502043012,1.384100540291838,363.41290632972533,1989.6913880180477
256,SPINE_DIAGONAL,3,1.7023360590409793,97.58162016922688,-0.01738369028715231,-3.043081204207212,2.413883497799233,0.220393327640152,2282.2832496148662,3483.7516337841503
257,SPINE_LONGERON,1,1.0,3061.0616103404027,-0.2377136764489718,-35.32702044418693,-0.586035706167924,1.3824730550360298,363.8407259857162,1992.4107293311129
258,SPINE_DIAGONAL,3,1.7023360590409793,97.39630128199133,-0.04116671539095029,-3.3087245577232736,-2.0309119792096553,0.22017379740762055,2284.5588617830253,3490.380273349309
259,SPINE_LONGERON,1,1.0,3063.0350289773633,-0.5518112548874585,-24.62287944121035,-25.408190034879265,1.383620795860757,363.53891290502133,1991.1270807836606
260,SPINE_DIAGONAL,3,1.7023360590409793,97.00299740185619,-0.02154516523535166,-1.0945358934332052,-3.7230901864726746,0.21978561184090448,2288.5938519219585,3504.5322082526027
261,SPINE_LONGERON,1,1.0,3067.485534853535,-0.24225473054328361,0.5936792533860498,-35.39068327912401,1.3852781307222708,363.10397807098894,1988.2382251810686
262,SPINE_DIAGONAL,3,1.7023360590409793,97.10173209987988,-0.0512957247850484,0.6928383952320019,-3.820534109343363,0.21995131375633695,2286.8697231662168,3500.968740106224
263,SPINE_LONGERON,1,1.0,3065.245209540313,-0.45019808128255967,25.360641138080574,-24.628685502049834,1.3841005402918385,363.4129063297252,1989.6913880180005
264,SPINE_DIAGONAL,3,1.7023360590409793,97.58162016905953,-0.01738369028704162,3.0430812042081783,-2.4138834977985866,0.220393327640026,2282.283249616171,3483.7516337901247
265,SPINE_FRAME,2,1.3776603565143233,-57.045230832667585,-0.07972715600166215,-1.4440110766453704,0.823326582572065,0.05719370295178626,8794.674484077805,25105.53504651342
266,SPINE_FRAME,2,1.3776603565143233,57.28807423421267,0.0736751927118838,-1.485801400188059,0.862364993797712,0.0582578699761718,8634.026616588168,24999.11300999358
267,SPINE_FRAME,2,1.3776603565143233,-56.628620780455094,-0.09769227035843583,-1.4767156709217004,0.8253508398680651,0.057486208743026096,8749.924738444699,25290.233492677246
268,SPINE_FRAME,2,1.3776603565143233,57.59076480842941,0.10116069865510416,1.5202630568654787,-0.8863659149166665,0.059128919719639524,8506.835612505361,24867.720487302224
269,SPINE_FRAME,2,1.3776603565143233,-57.045230832691686,-0.07972715599630323,1.4440110766409298,-0.8233265825920739,0.057193702951899336,8794.674484060417,25105.535046502813
270,SPINE_FRAME,2,1.3776603565143233,57.28807423414128,0.07367519271355849,1.485801400186797,-0.862364993807887,0.05825786997620386,8634.026616583416,24999.113010024736
271,SPINE_FRAME,2,1.3776603565143233,-56.62862078039325,-0.09769227035782549,1.4767156709214178,-0.8253508398537406,0.05748620874287198,8749.924738468157,25290.233492704865
272,SPINE_FRAME,2,1.3776603565143233,57.59076480841259,0.10116069866162515,-1.5202630568593811,0.8863659148962597,0.05912891971937036,8506.835612544086,24867.72048730949
273,SPINE_LONGERON,1,1.5,-3056.9178183533877,-2.294265304935909,-37.137594697210396,-0.3775511560599192,1.3979449796804437,359.81387487437513,886.7162369987672
274,SPINE_DIAGONAL,3,2.036651187098854,-84.49193141664546,-0.18997767547943561,-3.885138412723407,2.1905091422882688,0.23030160027060653,2184.0925091661124,2810.976790293681
275,SPINE_LONGERON,1,1.5,-3058.277877837245,-2.45042915161188,-26.013485032891758,-26.520822490828095,1.3985195357373454,359.6660519545777,886.3219017304256
276,SPINE_DIAGONAL,3,2.036651187098854,-85.16048836642585,-0.21821361702188666,-3.905011644174863,-2.1603041708376036,0.23097389983467817,2177.7352348469985,2788.909067281854
277,SPINE_LONGERON,1,1.5,-3061.9988166839175,-2.2812587669320394,0.3568892716673616,-37.15977089633185,1.399897736955297,359.31196023932307,885.2448439677523
278,SPINE_DIAGONAL,3,2.036651187098854,-85.79860865704177,-0.19365265151162636,-1.3074989749187118,-4.269633854489374,0.231575178026351,2172.080808862699,2768.166779121576
279,SPINE_LONGERON,1,1.5,-3060.4789403537143,-2.503865221119545,26.491122669796805,-26.07273417276049,1.3994726012270373,359.4211130385667,885.6844688470615
280,SPINE_DIAGONAL,3,2.036651187098854,-84.894845712588,-0.21889966893994942,1.2617874389433403,-4.281637998637379,0.2307886147226642,2179.4835962963284,2797.6357832529666
281,SPINE_LONGERON,1,1.5,-3056.917818353526,-2.2942653049347292,37.137594697211476,0.37755115606074763,1.3979449796805015,359.81387487436024,886.716236998727
282,SPINE_DIAGONAL,3,2.036651187098854,-84.49193141650721,-0.18997767547919053,3.885138412726043,-2.1905091422846485,0.23030160027051036,2184.092509167024,2810.9767902982803
283,SPINE_LONGERON,1,1.5,-3058.277877837456,-2.450429151613026,26.013485032852188,26.520822490855405,1.398519535737342,359.6660519545786,886.3219017303644
284,SPINE_DIAGONAL,3,2.036651187098854,-85.16048836639311,-0.21821361702282321,3.905011644171747,2.160304170837419,0.23097389983455074,2177.7352348482,2788.909067282926
285,SPINE_LONGERON,1,1.5,-3061.998816684143,-2.2812587669308932,-0.35688927169146945,37.15977089634108,1.3998977369554622,359.31196023928067,885.2448439676871
286,SPINE_DIAGONAL,3,2.036651187098854,-85.79860865701085,-0.19365265151314143,1.3074989749143882,4.269633854489193,0.2315751780262749,2172.080808863413,2768.1667791225736
287,SPINE_LONGERON,1,1.5,-3060.4789403538307,-2.5038652211197876,-26.491122669801317,26.07273417276743,1.3994726012271523,359.42111303853716,885.6844688470278
288,SPINE_DIAGONAL,3,2.036651187098854,-84.89484571255707,-0.21889966894115598,-1.2617874389444097,4.281637998636089,0.23078861472260612,2179.4835962968773,2797.6357832539857
289,SPINE_FRAME,2,1.3776603565143233,45.245849274341495,-0.08350161791377572,4.329913727501414,-0.735274270115724,0.09737220486155175,5165.745201263424,31652.65024029826
290,SPINE_FRAME,2,1.3776603565143233,-45.48218984063102,0.0859074548837908,4.273955849466683,-0.8249077020526556,0.09683200407896907,5194.563561751652,31488.172555548048
291,SPINE_FRAME,2,1.3776603565143233,45.54743294385918,-0.07541872925173347,4.296566107866575,-0.7182504884798391,0.09692007345555224,5189.843363363492,31443.068233312373
292,SPINE_FRAME,2,1.3776603565143233,-45.40246327931986,0.07409422739938534,-4.3313979010938795,0.797805966223109,0.09765947515383194,5150.549900126751,31543.465672672155
293,SPINE_FRAME,2,1.3776603565143233,45.2458492742957,-0.08350161791319799,-4.3299137275122135,0.735274270115724,0.09737220486170854,5165.745201255106,31652.650240330295
294,SPINE_FRAME,2,1.3776603565143233,-45.48218984054373,0.0859074548826834,-4.27395584946359,0.8249077020532809,0.09683200407887499,5194.563561756699,31488.172555608482
295,SPINE_FRAME,2,1.3776603565143233,45.547432943754515,-0.07541872925121147,-4.29656610785764,0.7182504884829086,0.09692007345535829,5189.843363373879,31443.068233384627
296,SPINE_FRAME,2,1.3776603565143233,-45.40246327938418,0.07409422740077264,4.331397901110506,-0.7978059662187889,0.09765947515412836,5150.5499001111175,31543.46567262747
297,SPINE_LONGERON,1,2.5,-3048.7316686777303,5.206588721187077,38.52612053895519,0.00926177065729869,1.4084962433638044,357.11845336464893,320.07497718451305
298,SPINE_DIAGONAL,3,2.854461080118482,-82.34836353397077,0.6491270659193665,4.835460806539382,1.8625779232740554,0.2551680766449591,1971.2497214135226,1468.2586972987206
299,SPINE_LONGERON,1,2.5,-3050.6593159486692,5.184984581391114,27.22981486804524,27.277214913798673,1.4093050135494438,356.91351067655364,319.87272855811284
300,SPINE_DIAGONAL,3,2.854461080118482,-82.19708659305434,0.6418234133100976,2.1199019219328514,4.7303172857675015,0.2550908482656502,1971.846514368789,1470.9609060193404
301,SPINE_LONGERON,1,2.5,-3052.768584859543,5.203466774241261,-0.019887891564879967,38.54978899021942,1.4101052066252269,356.71097279600764,319.65171684922336
302,SPINE_DIAGONAL,3,2.854461080118482,-83.23440120150372,0.6447553441747393,-1.4045294612601822,4.99088138080695,0.25599566498350423,1964.8770225558785,1452.6289517522841
303,SPINE_LONGERON,1,2.5,-3050.857672107406,5.1646717891976985,-27.240371812339546,27.246864787043947,1.4092385048671912,356.93035512636914,319.8519315454231
304,SPINE_DIAGONAL,3,2.854461080118482,-83.36966392669092,0.6420595481097936,-4.503989746756746,2.564066549398534,0.25602753835326747,1964.632411166487,1450.2721406360413
305,SPINE_LONGERON,1,2.5,-3048.731668677752,5.206588721186497,-38.52612053895472,-0.00926177064771505,1.4084962433638073,357.11845336464825,320.0749771845107
306,SPINE_DIAGONAL,3,2.854461080118482,-82.34836353402716,0.6491270659192654,-4.83546080653948,-1.8625779232728377,0.255168076644993,1971.2497214132607,1468.2586972977153
307,SPINE_LONGERON,1,2.5,-3050.659315948764,5.184984581391994,-27.229814868042332,-27.277214913800304,1.4093050135494682,356.91351067654745,319.8727285581029
308,SPINE_DIAGONAL,3,2.854461080118482,-82.19708659306161,0.6418234133102463,-2.119901921932497,-4.73031728576786,0.2550908482656632,1971.8465143686888,1470.9609060192104
309,SPINE_LONGERON,1,2.5,-3052.768584859641,5.203466774239709,0.019887891569492833,-38.54978899022052,1.410105206625271,356.71097279599644,319.6517168492131
310,SPINE_DIAGONAL,3,2.854461080118482,-83.23440120151827,0.644755344174493,1.4045294612608963,-4.990881380807046,0.2559956649835259,1964.8770225557123,1452.6289517520302
311,SPINE_LONGERON,1,2.5,-3050.857672107526,5.164671789198061,27.240371812340804,-27.246864787042135,1.4092385048672293,356.9303551263594,319.8519315454105
312,SPINE_DIAGONAL,3,2.854461080118482,-83.36966392681279,0.6420595481096636,4.503989746756915,-2.5640665493984267,0.25602753835337116,1964.6324111656909,1450.2721406339213
313,SPINE_FRAME,2,1.3776603565143233,-37.00864705723325,-0.006678077717208847,-5.871792922470454,0.09315305147663366,0.11822507070038057,4254.596736717204,38697.74108983737
314,SPINE_FRAME,2,1.3776603565143233,37.16367907471886,0.00871890203261887,-5.865977180411084,0.05204620425752182,0.11819704456531197,4255.605559765566,38536.30957867748
315,SPINE_FRAME,2,1.3776603565143233,37.22469566757354,0.009670820207206388,-5.815225899468944,0.07332250554873099,0.11737322361324927,4285.474868249427,38473.143063289885
316,SPINE_FRAME,2,1.3776603565143233,-37.063496722654236,-0.009820371071418614,5.804522725406768,-0.11402670523887082,0.11712113535366171,4294.698804627615,38640.472932782235
317,SPINE_FRAME,2,1.3776603565143233,-37.00864705722415,-0.006678077717226085,5.871792922469689,-0.09315305147487152,0.11822507070036256,4254.596736717853,38697.74108984688
318,SPINE_FRAME,2,1.3776603565143233,37.16367907472613,0.008718902032528918,5.8659771804106,-0.052046204256896544,0.11819704456530739,4255.605559765731,38536.309578669934
319,SPINE_FRAME,2,1.3776603565143233,37.22469566757809,0.009670820207681053,5.815225899469647,-0.07332250554895836,0.11737322361326354,4285.474868248907,38473.143063285184
320,SPINE_FRAME,2,1.3776603565143233,-37.06349672265969,-0.009820371071253081,-5.804522725405725,0.11402670524068981,0.11712113535364746,4294.698804628137,38640.472932776545
321,SPINE_LONGERON,1,2.5,3049.3796177721015,4.96039897679034,-38.67973827773358,-0.0866796677697062,1.410088200388293,356.7152748753517,320.0069658780857
322,SPINE_DIAGONAL,3,2.854461080118482,-82.63348074665373,-0.608725189672348,-4.928983148942848,1.7836149291300023,0.2574560023080546,1953.7318823048602,1463.1926414641032
323,SPINE_LONGERON,1,2.5,3049.8030439288123,4.964308927270242,-27.263654240321802,-27.424945567554975,1.4101515065798087,356.6992607907641,319.962537002604
324,SPINE_DIAGONAL,3,2.854461080118482,-83.32060020921926,-0.6108596903195743,-4.502354450399681,-2.6841710584835026,0.25802827925153876,1949.3987304765565,1451.1261400357878
325,SPINE_LONGERON,1,2.5,3051.4412208962203,4.959658299243647,0.11273366460174462,-38.68487987157099,1.4108462823691856,356.5236030925562,319.7907639876228
326,SPINE_DIAGONAL,3,2.854461080118482,-83.64755091319785,-0.6064132958266917,-1.309167966921648,-5.077070961127443,0.25833830757047355,1947.0592833499302,1445.4541662856086
327,SPINE_LONGERON,1,2.5,3051.052514199342,4.964428694988277,27.424681546656828,-27.297109755110508,1.4107989770679774,356.5355576351284,319.8315056041579
328,SPINE_DIAGONAL,3,2.854461080118482,-82.96418962289681,-0.6057907825487813,2.2437321583656544,-4.738678133247028,0.25776796418234654,1951.3673919703026,1457.3601154503472
329,SPINE_LONGERON,1,2.5,3049.3796177720724,4.960398976790517,38.67973827773293,0.08667966777246028,1.4100882003882769,356.7152748753558,320.00696587808875
330,SPINE_DIAGONAL,3,2.854461080118482,-82.63348074670103,-0.6087251896724039,4.928983148942752,-1.7836149291298087,0.2574560023080882,1953.7318823046053,1463.1926414632658
331,SPINE_LONGERON,1,2.5,3049.803043928827,4.964308927269934,27.2636542403213,27.424945567556403,1.4101515065798196,356.6992607907613,319.96253700260246
332,SPINE_DIAGONAL,3,2.854461080118482,-83.32060020925019,-0.6108596903195571,4.502354450399581,2.6841710584837126,0.2580282792515651,1949.3987304763575,1451.1261400352491
333,SPINE_LONGERON,1,2.5,3051.441220896326,4.959658299243823,-0.112733664603225,38.6848798715721,1.4108462823692323,356.5236030925444,319.79076398761174
334,SPINE_DIAGONAL,3,2.854461080118482,-83.64755091320876,-0.6064132958267181,1.3091679669216827,5.077070961127461,0.2583383075704836,1947.0592833498542,1445.4541662854201
335,SPINE_LONGERON,1,2.5,3051.0525141994513,4.96442869498829,-27.42468154665686,27.297109755112817,1.4107989770680303,356.535557635115,319.8315056041464
336,SPINE_DIAGONAL,3,2.854461080118482,-82.96418962286225,-0.6057907825487893,-2.243732158365673,4.7386781332472,0.25776796418232384,1951.3673919704745,1457.3601154509543
337,SPINE_FRAME,2,1.3776603565143233,35.2507591490086,0.014656699199760356,5.768258632342269,0.1863172589009423,0.1156163112276225,4350.597200854351,40627.52339182636
338,SPINE_FRAME,2,1.3776603565143233,-35.39075592133368,-0.014163832575615105,5.734655304312785,0.0600261336057315,0.11507336254004483,4371.124549566883,40466.81130771434
339,SPINE_FRAME,2,1.3776603565143233,-35.40944632713774,-0.01268030894249559,5.782155887555733,0.07596938244461171,0.11588979076346986,4340.3305561800435,40445.45143899597
340,SPINE_FRAME,2,1.3776603565143233,35.27142888601036,0.012878281463205021,-5.792619658871989,-0.2038504361051423,0.11604880917610731,4334.383123541435,40603.71488023314
341,SPINE_FRAME,2,1.3776603565143233,35.25075914900732,0.014656699199785385,-5.768258632341356,-0.1863172589000328,0.1156163112276059,4350.597200854976,40627.52339182783
342,SPINE_FRAME,2,1.3776603565143233,-35.39075592133659,-0.014163832575543635,-5.734655304313477,-0.06002613360607256,0.11507336254005808,4371.124549566379,40466.81130771101
343,SPINE_FRAME,2,1.3776603565143233,-35.40944632714272,-0.01268030894241802,-5.7821558875557235,-0.07596938244620333,0.11588979076347258,4340.330556179942,40445.4514389903
344,SPINE_FRAME,2,1.3776603565143233,35.27142888600956,0.01287828146312435,5.792619658870802,0.20385043610610865,0.1160488091760874,4334.383123542179,40603.71488023407
345,SPINE_LONGERON,1,2.5,3050.661704921833,-4.981356435731998,38.501107435651136,0.47768174456761947,1.4089036123292387,357.0151964962503,319.8724780657809
346,SPINE_DIAGONAL,3,2.854461080118482,81.94991954183024,-0.6415622714562279,4.404708202746017,2.6174309437642354,0.2527410011953167,1990.1796606846733,1475.3974334941618
347,SPINE_LONGERON,1,2.5,3051.4012709998933,-4.975380226542397,26.88792417967666,27.574136693794763,1.409244868313321,356.9287434071158,319.7949507879591
348,SPINE_DIAGONAL,3,2.854461080118482,81.88669613006459,-0.637958153671433,1.2887773784175316,4.960246533151809,0.252723926260206,1990.3141243623618,1476.5365643159455
349,SPINE_LONGERON,1,2.5,3051.9966671152433,-4.977927139766392,-0.4707218766069905,38.509737353833984,1.409441798691025,356.8788725204159,319.73256386812426
350,SPINE_DIAGONAL,3,2.854461080118482,82.36856088025161,-0.6372841441765535,-2.1866278198750964,4.634097887869373,0.2530897832414999,1987.4370018328007,1467.8986700137677
351,SPINE_LONGERON,1,2.5,3051.2756606429684,-4.98266867749618,-27.551758290747212,26.89564177082197,1.4091046629645,356.96425767393276,319.8081156286287
352,SPINE_DIAGONAL,3,2.854461080118482,82.44318288989416,-0.640672913028881,-4.815084559551391,1.7488451401796752,0.2531153290021457,1987.2364189990883,1466.5700271245873
353,SPINE_LONGERON,1,2.5,3050.6617049218185,-4.981356435731885,-38.50110743565186,-0.47768174456842294,1.4089036123292402,357.0151964962499,319.87247806578245
354,SPINE_DIAGONAL,3,2.854461080118482,81.94991954179932,-0.6415622714562359,-4.404708202746054,-2.617430943764343,0.2527410011952943,1990.1796606848498,1475.3974334947186
355,SPINE_LONGERON,1,2.5,3051.4012709999224,-4.9753802265424385,-26.88792417967695,-27.57413669379517,1.4092448683133358,356.928743407112,319.7949507879561
356,SPINE_DIAGONAL,3,2.854461080118482,81.88669613007914,-0.6379581536714042,-1.2887773784175636,-4.960246533151857,0.2527239262602199,1990.3141243622522,1476.536564315683
357,SPINE_LONGERON,1,2.5,3051.9966671152506,-4.97792713976638,0.47072187660703724,-38.509737353833515,1.4094417986910235,356.87887252041634,319.73256386812346
358,SPINE_DIAGONAL,3,2.854461080118482,82.36856088031527,-0.6372841441765684,2.186627819875067,-4.634097887869389,0.2530897832415526,1987.4370018323868,1467.8986700126331
359,SPINE_LONGERON,1,2.5,3051.2756606429757,-4.982668677496147,27.551758290746236,-26.895641770821786,1.409104662964495,356.96425767393407,319.80811562862795
360,SPINE_DIAGONAL,3,2.854461080118482,82.44318288994327,-0.6406729130288743,4.815084559551359,-1.7488451401796627,0.25311532900218503,1987.236418998779,1466.5700271237138
361,SPINE_FRAME,2,1.3776603565143233,38.930006605308336,-0.1107659086347528,-5.7643757726811256,-1.353173357088906,0.12003597665490472,4190.410358771777,36787.8448217551
362,SPINE_FRAME,2,1.3776603565143233,39.01163301430279,-0.10896113713074806,-5.794018641934418,-1.3595292724868955,0.12059007602134977,4171.155841306102,36710.87137985011
363,SPINE_FRAME,2,1.3776603565143233,39.057329878294695,-0.11131976681673073,-5.771817186247068,-1.3509600903429373,0.12021497038335903,4184.171059527447,36667.91985956706
364,SPINE_FRAME,2,1.3776603565143233,38.97760246618873,-0.113065703719678,5.742324064234331,1.3445695579511039,0.11966416549176659,4203.430475054026,36742.92289137869
365,SPINE_FRAME,2,1.3776603565143233,38.93000660530106,-0.11076590863469421,5.764375772681282,1.3531733570893607,0.12003597665490533,4190.410358771756,36787.84482176197
366,SPINE_FRAME,2,1.3776603565143233,39.01163301430097,-0.10896113713080266,5.794018641934981,1.3595292724866113,0.12059007602135702,4171.155841305851,36710.87137985182
367,SPINE_FRAME,2,1.3776603565143233,39.057329878294695,-0.1113197668167778,5.77181718624623,1.3509600903414025,0.12021497038333934,4184.171059528132,36667.91985956706
368,SPINE_FRAME,2,1.3776603565143233,38.977602466193275,-0.11306570371970692,-5.742324064234829,-1.344569557949967,0.11966416549177271,4203.43047505381,36742.922891374394
369,SPINE_LONGERON,1,2.5,3057.9642820321387,5.338866796405378,-35.71588329061896,-1.5736085330768361,1.3859554618188026,362.92652531554535,319.10860601852875
370,SPINE_DIAGONAL,3,2.854461080118482,74.2066626838714,0.5941837844183927,-4.608916839271947,2.143567926777874,0.24477036059167578,2054.987371772112,1629.3510123498459
371,SPINE_LONGERON,1,2.5,3058.020957097382,5.3452435663261575,-24.1333720211084,-26.37248702730168,1.3859541357828324,362.9268725518749,319.10269189912947
372,SPINE_DIAGONAL,3,2.854461080118482,74.48820480168251,0.5953660181056679,-4.580187003212988,-2.20291223443576,0.24498449232607702,2053.1911845689465,1623.1925751060435
373,SPINE_LONGERON,1,2.5,3058.439234813348,5.342380479554062,1.5842091268139487,-35.716638208290796,1.3861312160506958,362.8805081189395,319.05905083423374
374,SPINE_DIAGONAL,3,2.854461080118482,74.60233584240814,0.5930862926697789,-1.6989643976651623,-4.790690460527873,0.2450955348723025,2052.2609694300168,1620.7093196448968
375,SPINE_LONGERON,1,2.5,3058.3881113341486,5.336187678357412,26.371035904745586,-24.143930227127598,1.3861345101327864,362.87964575084027,319.0643841693615
376,SPINE_DIAGONAL,3,2.854461080118482,74.32412291955734,0.5919342561600379,1.7675694544173832,-4.766427350437471,0.24488378506532946,2054.0355494170876,1626.7760212647459
377,SPINE_LONGERON,1,2.5,3057.964282032124,5.3388667964053145,35.71588329061844,1.5736085330775174,1.385955461818793,362.92652531554785,319.1086060185302
378,SPINE_DIAGONAL,3,2.854461080118482,74.20666268391687,0.5941837844183875,4.608916839271917,-2.1435679267778216,0.24477036059171156,2054.987371771812,1629.3510123488475
379,SPINE_LONGERON,1,2.5,3058.0209570973675,5.345243566326217,24.133372021108077,26.37248702730215,1.3859541357828284,362.92687255187593,319.10269189913095
380,SPINE_DIAGONAL,3,2.854461080118482,74.48820480169525,0.595366018105664,4.580187003212956,2.2029122344358063,0.2449844923260872,2053.191184568861,1623.192575105766
381,SPINE_LONGERON,1,2.5,3058.439234813399,5.342380479553937,-1.5842091268144203,35.71663820829193,1.3861312160507242,362.880508118932,319.0590508342284
382,SPINE_DIAGONAL,3,2.854461080118482,74.60233584238631,0.5930862926697561,1.6989643976650344,4.790690460527999,0.2450955348722872,2052.260969430145,1620.7093196453711
383,SPINE_LONGERON,1,2.5,3058.3881113341704,5.336187678357452,-26.37103590474633,24.143930227128845,1.3861345101328066,362.8796457508349,319.06438416935924
384,SPINE_DIAGONAL,3,2.854461080118482,74.32412291949186,0.5919342561600506,-1.767569454417373,4.76642735043761,0.24488378506527994,2054.035549417503,1626.7760212661792
385,SPINE_FRAME,2,1.3776603565143233,390.6219692140131,0.7977979079142258,2.663695336826463,7.900671175835669,0.3402346705925094,1478.3913677111132,3666.3351136846586
386,SPINE_FRAME,2,1.3776603565143233,390.68033307260566,0.7980470447907803,2.639812527542558,7.901092263177077,0.34014273565614367,1478.7909523621036,3665.787398721776
387,SPINE_FRAME,2,1.3776603565143233,390.68557513271446,0.7957775895181465,2.6507127067890264,7.90624670649629,0.340285437363663,1478.1708082983405,3665.738212677772
388,SPINE_FRAME,2,1.3776603565143233,390.6267472760861,0.7955115968703482,-2.6745762546499003,-7.905871887215028,0.34037816661124265,1477.768110122331,3666.290267864766
389,SPINE_FRAME,2,1.3776603565143233,390.6219692140148,0.7977979079142832,-2.6636953368266267,-7.900671175835271,0.34023467059250473,1478.3913677111334,3666.3351136846427
390,SPINE_FRAME,2,1.3776603565143233,390.6803330725982,0.7980470447907664,-2.6398125275423765,-7.9010922631775315,0.3401427356561461,1478.790952362093,3665.7873987218454
391,SPINE_FRAME,2,1.3776603565143233,390.6855751327142,0.7957775895180471,-2.650712706789335,-7.906246706497427,0.3402854373636828,1478.1708082982543,3665.7382126777743
392,SPINE_FRAME,2,1.3776603565143233,390.6267472760803,0.7955115968704295,2.6745762546497978,7.905871887215483,0.3403781666112464,1477.7681101223147,3666.2902678648206
393,SPINE_LONGERON,1,1.0,939.2925954831007,0.9175198008334207,18.001422026694797,8.849615363819133,0.5098268555331646,986.6094626850811,6493.069385316496
394,SPINE_DIAGONAL,3,1.7023360590409793,38.327563586761244,-0.010013349899515286,2.273238963636743,1.1983005127850745,0.12406491391440373,4054.3291743791115,8869.599235607844
395,SPINE_LONGERON,1,1.0,939.4225922704645,0.9208201802697326,6.467861235210965,18.9894747168492,0.509887400403363,986.492311051588,6492.170877906555
396,SPINE_DIAGONAL,3,1.7023360590409793,38.31762362989684,-0.008194131678814151,0.9268519797890242,2.397452388730244,0.12407955473710582,4053.850781990101,8871.900094206436
397,SPINE_LONGERON,1,1.0,939.4891254588583,0.9165550530209331,-8.85323560182605,18.00069413056183,0.5099032031798527,986.4617379596696,6491.711112256906
398,SPINE_DIAGONAL,3,1.7023360590409793,38.42808973736828,-0.007413674253990601,-0.274970208873075,2.556661589109879,0.12420805859842825,4049.656726591531,8846.396763804627
399,SPINE_LONGERON,1,1.0,939.3597661579406,0.9132949040490033,-18.985721455513662,6.471603628399517,0.5098431139022425,986.5780007307217,6492.605086260791
400,SPINE_DIAGONAL,3,1.7023360590409793,38.43884149727455,-0.009226936253624196,-1.8905491981420113,1.7420326911486725,0.12419422879959004,4050.1076810234226,8843.922330904592
401,SPINE_LONGERON,1,1.0,939.2925954830862,0.9175198008333467,-18.0014220266949,-8.849615363819472,0.5098268555331619,986.6094626850863,6493.069385316596
402,SPINE_DIAGONAL,3,1.7023360590409793,38.32756358675215,-0.01001334989952369,-2.273238963636757,-1.1983005127850888,0.1240649139143969,4054.3291743793343,8869.599235609949
403,SPINE_LONGERON,1,1.0,939.4225922705373,0.9208201802698821,-6.467861235210766,-18.989474716849955,0.5098874004033942,986.4923110515277,6492.170877906052
404,SPINE_DIAGONAL,3,1.7023360590409793,38.31762362990776,-0.008194131678809051,-0.9268519797890313,-2.3974523887302865,0.12407955473711639,4053.850781989756,8871.90009420391
405,SPINE_LONGERON,1,1.0,939.4891254588438,0.9165550530208608,8.853235601825816,-18.000694130561694,0.5099032031798456,986.4617379596832,6491.711112257006
406,SPINE_DIAGONAL,3,1.7023360590409793,38.42808973740466,-0.007413674254003112,0.27497020887309986,-2.5566615891101065,0.12420805859846662,4049.6567265902795,8846.396763796252
407,SPINE_LONGERON,1,1.0,939.3597661579697,0.9132949040487202,18.98572145551385,-6.471603628399804,0.5098431139022551,986.5780007306973,6492.60508626059
408,SPINE_DIAGONAL,3,1.7023360590409793,38.43884149729456,-0.0092269362536474,1.8905491981420255,-1.7420326911487578,0.12419422879960908,4050.107681022802,8843.92233089999
409,SPINE_FRAME,2,1.3776603565143233,57.32205880323566,0.02603247830393257,0.18419236174053677,0.650571428585863,0.04063757121801088,12377.70823707758,24984.291768409814
410,SPINE_FRAME,2,1.3776603565143233,57.35825157962324,0.026863075656361146,0.1686093605491561,0.6500043615249638,0.040577828559955696,12395.931912837406,24968.526802423694
411,SPINE_FRAME,2,1.3776603565143233,57.38425950695334,0.025342785695609882,0.1778592419491556,0.6516824058833777,0.040658561884840426,12371.318036891607,24957.210465222575
412,SPINE_FRAME,2,1.3776603565143233,57.34821176815643,0.024514294007794313,-0.19343320297002942,-0.6522570123245828,0.040721613580957675,12352.162789423794,24972.897981471328
413,SPINE_FRAME,2,1.3776603565143233,57.32205880324176,0.026032478304023055,-0.18419236174078701,-0.6505714285857493,0.0406375712180133,12377.708237076842,24984.291768407154
414,SPINE_FRAME,2,1.3776603565143233,57.35825157962476,0.026863075656367252,-0.16860936054910453,-0.6500043615248501,0.04057782855995439,12395.931912837807,24968.52680242303
415,SPINE_FRAME,2,1.3776603565143233,57.38425950695883,0.02534278569555387,-0.17785924194946878,-0.651682405884344,0.04065856188486038,12371.318036885536,24957.21046522019
416,SPINE_FRAME,2,1.3776603565143233,57.348211768143116,0.02451429400784333,0.19343320297048933,0.6522570123249238,0.04072161358095864,12352.1627894235,24972.897981477126
417,SPINE_LONGERON,1,1.5,-944.6549652233807,-0.7013089684146585,-10.775237555158675,-8.411238020837036,0.45234536766006916,1111.9822064321372,2869.4272136322516
418,SPINE_DIAGONAL,3,2.036651187098854,-25.042818286425245,-0.008369916126417812,-1.6405990492270917,0.2605123635454696,0.08042054616721292,6254.620541299815,9483.950866185784
419,SPINE_LONGERON,1,1.5,-944.6742111318017,-0.7054879172356137,-1.6715522055747956,-13.566516852930237,0.4523489530920866,1111.9733925804005,2869.3687546071997
420,SPINE_DIAGONAL,3,2.036651187098854,-25.101515828977426,-0.008890359655068791,-1.073500742670987,-1.2688491847459353,0.08050114006222642,6248.358714065254,9461.773535807668
421,SPINE_LONGERON,1,1.5,-944.7206270547613,-0.7047537156437138,8.413203813592705,-10.774746059930742,0.4523759641093906,1111.9069975131742,2869.2277770576025
422,SPINE_DIAGONAL,3,2.036651187098854,-25.11631326272618,-0.007422440778823675,0.09971082577906287,-1.6589903754592683,0.08051120081090328,6247.577913803528,9456.199072486666
423,SPINE_LONGERON,1,1.5,-944.7011403350189,-0.7005830074892414,13.5683023725258,-1.6699066297089011,0.4523723181801581,1111.915959012504,2869.286961740653
424,SPINE_DIAGONAL,3,2.036651187098854,-25.058120131090618,-0.006903363887400302,1.006316598917035,-1.3215792518254759,0.08043107275136047,6253.801954810952,9478.15945237624
425,SPINE_LONGERON,1,1.5,-944.6549652233516,-0.7013089684147524,10.775237555158398,8.411238020836821,0.45234536766005584,1111.9822064321697,2869.42721363234
426,SPINE_DIAGONAL,3,2.036651187098854,-25.042818286459806,-0.008369916126416826,1.640599049227184,-0.26051236354544116,0.08042054616724469,6254.620541297344,9483.950866172694
427,SPINE_LONGERON,1,1.5,-944.6742111318308,-0.7054879172355711,1.6715522055748973,13.566516852930281,0.4523489530920971,1111.9733925803746,2869.3687546071114
428,SPINE_DIAGONAL,3,2.036651187098854,-25.101515828991978,-0.008890359655075356,1.0735007426710013,1.2688491847458607,0.08050114006223678,6248.35871406445,9461.773535802182
429,SPINE_LONGERON,1,1.5,-944.7206270548049,-0.7047537156436314,-8.413203813592741,10.774746059930923,0.45237596410940717,1111.9069975131335,2869.2277770574697
430,SPINE_DIAGONAL,3,2.036651187098854,-25.116313262718904,-0.007422440778838399,-0.09971082577905044,1.6589903754592967,0.08051120081089823,6247.57791380392,9456.199072489406
431,SPINE_LONGERON,1,1.5,-944.7011403350043,-0.7005830074895651,-13.568302372526091,1.6699066297096228,0.4523723181801567,1111.9159590125073,2869.2869617406977
432,SPINE_DIAGONAL,3,2.036651187098854,-25.05812013105424,-0.006903363887405006,-1.0063165989169853,1.3215792518253977,0.08043107275132699,6253.801954813554,9478.15945239
433,SPINE_FRAME,2,1.3776603565143233,-20.5210275445894,0.027385460869377654,2.048840367576042,0.989166198404348,0.04895325242754426,10275.108906083218,69789.44104012895
434,SPINE_FRAME,2,1.3776603565143233,-20.494300932912438,0.027736400502796354,2.0352796586573376,0.9894154033287919,0.048735010009305225,10321.122328772675,69880.45342917982
435,SPINE_FRAME,2,1.3776603565143233,-20.49899886772141,0.026263690872480594,2.042373245174881,0.9907156123301775,0.04885481623547893,10295.811933373227,69864.43831464909
436,SPINE_FRAME,2,1.3776603565143233,-20.52575322947746,0.025912581093150644,-2.055936129311498,-0.9904826447960886,0.04907331600787684,10249.969655999254,69773.37327865962
437,SPINE_FRAME,2,1.3776603565143233,-20.521027544590993,0.027385460869380762,-2.048840367576611,-0.9891661984041775,0.04895325242755249,10275.108906081492,69789.44104012354
438,SPINE_FRAME,2,1.3776603565143233,-20.494300932914257,0.027736400502704317,-2.035279658657133,-0.9894154033293603,0.04873501000930724,10321.12232877225,69880.4534291736
439,SPINE_FRAME,2,1.3776603565143233,-20.498998867733803,0.026263690872559753,-2.0423732451747743,-0.9907156123309733,0.048854816235489505,10295.811933370998,69864.43831460686
440,SPINE_FRAME,2,1.3776603565143233,-20.525753229479733,0.025912581093081477,2.0559361293119767,0.9904826447974528,0.04907331600789531,10249.969655995395,69773.3732786519
441,SPINE_LONGERON,1,2.5,-944.4165831256541,1.9233314480961021,10.400215901061221,26.543867545660277,0.5901727675740095,852.292799052139,1033.254536958818
442,SPINE_DIAGONAL,3,2.854461080118482,-22.427079138442423,0.6427573912851299,-1.4225997149597696,2.2584970195920615,0.11618914905769907,4329.1478083741895,5391.192505305735
443,SPINE_LONGERON,1,2.5,-944.4398175466486,1.9202187040379317,-11.41446899963666,26.122421804792303,0.5901686611334113,852.298729373388,1033.229117582739
444,SPINE_DIAGONAL,3,2.854461080118482,-22.432795709350103,0.6419173911791025,-2.600435501752653,0.6025576100541343,0.11619424034988982,4328.958117763338,5389.81866253407
445,SPINE_LONGERON,1,2.5,-944.421292970248,1.9221568992930727,-26.5413621228087,10.399832821091856,0.5901511994910298,852.3239475473531,1033.2493841013684
446,SPINE_DIAGONAL,3,2.854461080118482,-22.4564757264161,0.6418860690318606,-2.380958341468877,-1.2046690640859072,0.11617927097053378,4329.5158921041475,5384.135179539394
447,SPINE_LONGERON,1,2.5,-944.3968914017751,1.9252702403176365,-26.122332965554776,-11.41456959449948,0.5901545604263646,852.3190935550871,1033.2760814632777
448,SPINE_DIAGONAL,3,2.854461080118482,-22.451341492464053,0.6427263015323263,-0.8427661804884217,-2.5316437324624497,0.11617482994644229,4329.681396838608,5385.366438243935
449,SPINE_LONGERON,1,2.5,-944.4165831257124,1.9233314480960941,-10.400215901062026,-26.543867545659754,0.5901727675740278,852.2927990521126,1033.2545369587544
450,SPINE_DIAGONAL,3,2.854461080118482,-22.427079138440604,0.6427573912851327,1.422599714959663,-2.258497019592019,0.11618914905769431,4329.147808374367,5391.192505306172
451,SPINE_LONGERON,1,2.5,-944.4398175466777,1.920218704037933,11.414468999636144,-26.1224218047922,0.5901686611334185,852.2987293733776,1033.2291175827072
452,SPINE_DIAGONAL,3,2.854461080118482,-22.43279570935738,0.6419173911791052,2.6004355017526626,-0.6025576100541095,0.11619424034989592,4328.958117763112,5389.8186625323215
453,SPINE_LONGERON,1,2.5,-944.4212929702408,1.922156899293004,26.541362122808152,-10.399832821091485,0.5901511994910212,852.3239475473655,1033.2493841013763
454,SPINE_DIAGONAL,3,2.854461080118482,-22.456475726448843,0.6418860690318456,2.3809583414687205,1.2046690640859197,0.11617927097055568,4329.515892103331,5384.135179531544
455,SPINE_LONGERON,1,2.5,-944.3968914017241,1.9252702403176394,26.122332965553593,11.414569594499834,0.5901545604263383,852.319093555125,1033.2760814633334
456,SPINE_DIAGONAL,3,2.854461080118482,-22.451341492513166,0.6427263015323337,0.8427661804883435,2.5316437324624923,0.116174829946483,4329.681396837091,5385.366438232154
457,SPINE_FRAME,2,1.3776603565143233,115.61572770233693,-0.1915717820452718,1.0506628943392973,-6.481615344362922,0.17002124201766958,2958.453861592926,12387.164535202213
458,SPINE_FRAME,2,1.3776603565143233,115.62360133036418,-0.19104072727747567,1.0457137378891388,-6.4815188361587275,0.17001014260903227,2958.6470094124647,12386.32100563956
459,SPINE_FRAME,2,1.3776603565143233,115.63028084089092,-0.19221683533653877,1.0486435165937582,-6.481264192970741,0.1700174819335759,2958.519290366369,12385.605496164508
460,SPINE_FRAME,2,1.3776603565143233,115.62254318582586,-0.19272890021549482,-1.053664097520897,6.481354408696632,0.17002877235423927,2958.3228358083174,12386.434361716678
461,SPINE_FRAME,2,1.3776603565143233,115.61572770233465,-0.19157178204525405,-1.0506628943393108,6.481615344363149,0.17002124201767224,2958.4538615928795,12387.164535202457
462,SPINE_FRAME,2,1.3776603565143233,115.62360133036668,-0.19104072727741261,-1.0457137378890096,6.481518836159012,0.17001014260903793,2958.6470094123665,12386.321005639293
463,SPINE_FRAME,2,1.3776603565143233,115.63028084089001,-0.19221683533665868,-1.0486435165936139,6.481264192970059,0.1700174819335637,2958.519290366582,12385.605496164604
464,SPINE_FRAME,2,1.3776603565143233,115.62254318582131,-0.1927289002154735,1.0536640975208618,-6.481354408695438,0.17002877235421693,2958.3228358087063,12386.434361717165
465,SPINE_LONGERON,1,2.0,-953.832794907983,0.09489892427740454,0.24814923444179549,-94.24640242116746,1.2034184010590374,417.9759920218503,1598.5223060437331
466,SPINE_DIAGONAL,3,2.4285691379722283,-8.885021434585724,1.6068296574078693,-10.358472268844661,-5.395748341378327,0.42975934464242377,1170.4224847478656,18799.50367403505
467,SPINE_LONGERON,1,2.0,-953.8334573128377,0.09205607750516176,66.81723015817103,-66.46673252888336,1.2034148148255113,417.97723761023525,1598.521195924427
468,SPINE_DIAGONAL,3,2.4285691379722283,-8.886249086732278,1.6066296083553493,-1.8433901672056763,-11.533736668532502,0.42977966846613236,1170.367136712605,18796.90648698635
469,SPINE_LONGERON,1,2.0,-953.8254994663803,0.09340523677761414,94.24610182268223,0.2479440060762812,1.2034130850282307,417.97783841464565,1598.5345325213655
470,SPINE_DIAGONAL,3,2.4285691379722283,-8.87892107369953,1.6068908218172089,6.763680355948397,-9.522908585535184,0.4297867824507542,1170.3477643769436,18812.42008087559
471,SPINE_LONGERON,1,2.0,-953.82310822406,0.09624336529908817,66.46672250997274,66.81781341187344,1.2034150435517612,417.97715816768,1598.5385400604905
472,SPINE_DIAGONAL,3,2.4285691379722283,-8.877724888254306,1.6070888254182178,11.172736061921412,-3.4044965720079894,0.42976737741626364,1170.4006084035661,18814.954868039353
473,SPINE_LONGERON,1,2.0,-953.8327949079103,0.09489892427730551,-0.2481492344422449,94.24640242116756,1.2034184010590137,417.97599202185853,1598.522306043855
474,SPINE_DIAGONAL,3,2.4285691379722283,-8.885021434633018,1.606829657407885,10.358472268844789,5.395748341378478,0.42975934464246923,1170.422484747742,18799.503673934985
475,SPINE_LONGERON,1,2.0,-953.8334573128159,0.09205607750512135,-66.81723015817013,66.46673252888371,1.2034148148255002,417.9772376102391,1598.5211959244634
476,SPINE_DIAGONAL,3,2.4285691379722283,-8.886249086723183,1.6066296083553349,1.8433901672055732,11.533736668532526,0.42977966846612514,1170.3671367126246,18796.90648700559
477,SPINE_LONGERON,1,2.0,-953.825499466373,0.09340523677771362,-94.24610182268178,-0.2479440060759952,1.2034130850282239,417.977838414648,1598.5345325213777
478,SPINE_DIAGONAL,3,2.4285691379722283,-8.87892107369953,1.6068908218172027,-6.763680355948285,9.52290858553528,0.42978678245075463,1170.3477643769425,18812.42008087559
479,SPINE_LONGERON,1,2.0,-953.82310822406,0.09624336529922939,-66.46672250997275,-66.81781341187198,1.2034150435517517,417.9771581676833,1598.5385400604905
480,SPINE_DIAGONAL,3,2.4285691379722283,-8.87772488822884,1.6070888254182207,-11.172736061921363,3.4044965720079787,0.4297673774162408,1170.4006084036284,18814.954868093326
481,SPINE_FRAME,2,1.3776603565143233,2499.901473269241,0.12597212259734292,1.585351153427748,11.694454141428253,1.472897622905181,341.503708185685,572.882994477815
482,SPINE_FRAME,2,1.3776603565143233,2499.8948860707555,0.12627083801380046,1.5850330772675676,11.694731203836284,1.4728981966159378,341.50357516607005,572.8845040188819
483,SPINE_FRAME,2,1.3776603565143233,2499.8919902044063,0.12497558516985308,1.5855222122529824,11.694880953999473,1.472900321035109,341.5030826027026,572.8851676463361
484,SPINE_FRAME,2,1.3776603565143233,2499.8985722580524,0.12469096121144752,-1.5862950389625254,-11.694648894149964,1.4729015341003555,341.50280134457944,572.8836592807775
485,SPINE_FRAME,2,1.3776603565143233,2499.90147326926,0.12597212259730917,-1.5853511534270055,-11.694454141427684,1.4728976229051791,341.5037081856854,572.8829944778106
486,SPINE_FRAME,2,1.3776603565143233,2499.894886070764,0.12627083801378625,-1.5850330772682284,-11.694731203835545,1.4728981966159311,341.50357516607164,572.88450401888
487,SPINE_FRAME,2,1.3776603565143233,2499.891990204408,0.12497558516983709,-1.5855222122529362,-11.694880953999473,1.47290032103511,341.50308260270236,572.8851676463356
488,SPINE_FRAME,2,1.3776603565143233,2499.898572258038,0.12469096121125212,1.5862950389629553,11.694648894151612,1.4729015341003768,341.5028013445745,572.8836592807808
489,RING1_SPOKE,5,10.2,4.364373390363015,-0.012099502784982875,-0.14240835013011877,0.028196614096837713,0.005331525806506866,94344.47440657855,4662.729990331693
490,RING1_HUB_LINK,6,0.7121802136903782,1.4301765926229564,-0.023273417087584264,1.025127528617304,0.0015211975360216456,0.015510884368004286,32428.840810494592,4719282.283466911
491,RING1_SPOKE,5,10.800000553501143,1.737240417247107,-0.0087919869806992,0.08066651477729092,-0.009873912512326832,0.0025959850774909523,193760.74398938954,10448.526042665413
492,RING1_HUB_LINK,6,0.7121802136903782,0.42923192176112934,-0.03139351485467079,-0.43528895083198904,0.0036305659550635028,0.0065131984737913234,77227.80167440597,15724382.81873799
493,RING1_SPOKE,5,10.800000553501143,1.0899492723959128,-0.009808704399756207,0.04209843050648643,0.015178733756006757,0.0015104684544153203,333009.27174589934,16653.620679131887
494,RING1_SPOKE,5,10.2,5.719853918994964,-0.011175431019306922,0.11612133560571025,0.036591892140137805,0.005611385209166589,89639.1855576613,3557.7647584095857
495,RING1_HUB_LINK,6,0.7121802136903782,1.8683352462312541,-0.03440401876333471,1.4070127739091731,0.007129850695946516,0.02124530221919606,23675.8222975768,3612524.6094935467
496,RING1_SPOKE,5,10.800000553501143,2.2971311964241394,-0.009347320856782915,0.014191652546180489,0.01913142630193665,0.0017568705547182325,286304.5308882596,7901.856789996699
497,RING1_HUB_LINK,6,0.7121802136903782,-0.48370695666017127,0.026526570496586577,-0.13574631459175635,-0.0013850897551037633,0.0022175236851451814,226829.59526859285,13953504.209236322
498,RING1_SPOKE,5,10.800000553501143,0.84193907258811,-0.010658191171326905,0.1039091078636527,-0.007036764310699883,0.0025613778949207413,196378.6761014289,21559.281820927416
499,RING1_SPOKE,5,10.2,4.364373390351684,-0.012099502787248891,0.1424083501301896,-0.0281966141025074,0.005331525806525609,94344.47440624688,4662.7299903438
500,RING1_HUB_LINK,6,0.7121802136903782,1.4301765926311418,-0.02327341708247585,-1.0251275286170198,-0.0015211975303373038,0.015510884368002709,32428.840810497888,4719282.283439901
501,RING1_SPOKE,5,10.800000553501143,1.7372404172537304,-0.008791986981327066,-0.08066651477680487,0.00987391250529246,0.0025959850774684855,193760.74399106644,10448.526042625577
502,RING1_HUB_LINK,6,0.7121802136903782,0.42923192175840086,-0.0313935148593531,0.4352889508336375,-0.0036305659602930973,0.006513198473818022,77227.80167408941,15724382.818837944
503,RING1_SPOKE,5,10.800000553501143,1.0899492723935982,-0.009808704398622305,-0.042098430506533946,-0.015178733762588159,0.0015104684544571987,333009.2717366665,16653.620679167252
504,RING1_SPOKE,5,10.2,5.7198539189949145,-0.01117543101838337,-0.11612133560568982,-0.03659189213384462,0.005611385209127707,89639.18555828242,3557.7647584096167
505,RING1_HUB_LINK,6,0.7121802136903782,1.8683352462312541,-0.03440401875975113,-1.4070127739095142,-0.0071298506943549,0.02124530221919997,23675.822297572446,3612524.6094935467
506,RING1_SPOKE,5,10.800000553501143,2.29713119642536,-0.009347320856253182,-0.014191652546141187,-0.019131426299381804,0.0017568705546766137,286304.53089504194,7901.856789992501
507,RING1_HUB_LINK,6,0.7121802136903782,-0.4837069566519858,0.02652657049404522,0.13574631457942132,0.0013850897544216423,0.0022175236849600283,226829.59528753208,13953504.209472448
508,RING1_SPOKE,5,10.800000553501143,0.8419390725777487,-0.010658191169880753,-0.103909107864665,0.007036764310853538,0.0025613778949336147,196378.6761004419,21559.281821192733
509,RING1_CIRCUMFERENCE,4,6.211657042450509,-8.402343924590241,-0.001161753805476888,0.018845418422395177,-0.04415558110255802,0.0025765281598554924,195223.9481939958,37586.77389468918
510,RING1_CIRCUMFERENCE,4,6.211657301079158,-8.684933893673588,0.0038096658785076697,0.02662624481387077,-0.030683958421306556,0.0026109939996397298,192646.9383190482,36363.7741918012
511,RING1_CIRCUMFERENCE,4,6.211657042450509,9.100693731879801,0.0010711210451513145,-0.010514797438473167,-0.03068599581657594,0.002677071916837774,187891.85185363138,34702.519454388326
512,RING1_CIRCUMFERENCE,4,6.211657042450509,-9.196028054318958,0.000214552788289777,-0.037492104373453294,0.015167851345808003,0.0027496328876833193,182933.5116891908,34342.761832991986
513,RING1_CIRCUMFERENCE,4,6.211657301079158,-8.853689900188328,0.001376051003996473,-0.06973656250974436,0.00708729384453477,0.002828218774797177,177850.4564365153,35670.66144631397
514,RING1_CIRCUMFERENCE,4,6.211657042450509,8.365090778610465,-3.689631105012947e-05,0.08989275302254462,-0.027068100041219623,0.002832715231555018,177568.14889009448,37754.16306138992
515,RING1_CIRCUMFERENCE,4,6.211657042450509,-8.402343924590241,-0.0011617537984275244,-0.01884541842362708,0.04415558110953555,0.002576528159895488,195223.94819096534,37586.77389468918
516,RING1_CIRCUMFERENCE,4,6.211657301079158,-8.684933893675407,0.0038096658738304913,-0.02662624481345599,0.03068395840349325,0.002610993999560347,192646.9383249053,36363.77419179359
517,RING1_CIRCUMFERENCE,4,6.211657042450509,9.100693731877982,0.0010711210500016707,0.010514797438420764,0.030685995794705434,0.002677071916717078,187891.85186210249,34702.51945439526
518,RING1_CIRCUMFERENCE,4,6.211657042450509,-9.196028054320777,0.00021455279030506771,0.0374921043734604,-0.015167851324662251,0.0027496328876378063,182933.51169221883,34342.76183298519
519,RING1_CIRCUMFERENCE,4,6.211657301079158,-8.853689900191966,0.0013760510039565396,0.06973656250973725,-0.00708729384669482,0.002828218774799399,177850.45643637556,35670.66144629931
520,RING1_CIRCUMFERENCE,4,6.211657042450509,8.36509077862138,-3.6896304864032585e-05,-0.08989275302412914,0.02706810003441973,0.002832715231555426,177568.14889006896,37754.16306134066
521,RING2_SPOKE,5,10.2,5.027425991311947,0.012080075990049234,0.13064903284506568,0.0037029401134942574,0.005408293001933641,93005.31606186296,4047.776084902798
522,RING2_HUB_LINK,6,0.7121802136903782,0.4579935172541809,0.031439642514150296,-0.24593219928067356,-0.0007238151019919314,0.0037951605479452193,132537.21249614458,14736905.221408956
523,RING2_SPOKE,5,10.800000553501143,0.9565754895584844,0.010716067958522067,0.03578160802891095,0.012723298992272092,0.001304478019775455,385594.84512171656,18975.60824013519
524,RING2_HUB_LINK,6,0.7121802136903782,1.6733511038723918,0.02981583113392461,1.239066646926858,-0.0035413635905570118,0.0187223218836595,26866.325828903155,4033467.3579115733
525,RING2_SPOKE,5,10.800000553501143,2.044778243644373,0.009668046103031394,-0.030828429298665583,-0.014217151124349403,0.0018205321216432093,276292.84538302623,8877.05148389394
526,RING2_SPOKE,5,10.2,5.098779780896264,0.012053971331442079,-0.12801223209069135,0.010663638071816806,0.005402740142115847,93100.90560879959,3991.1303430865446
527,RING2_HUB_LINK,6,0.7121802136903782,0.45557636262356027,0.02839329606870547,-0.2742099282006478,0.0006221910598469549,0.004197797950055924,119824.7285802069,14815094.920478966
528,RING2_SPOKE,5,10.800000553501143,0.97869549813863,0.010432676106785123,-0.02589478861951866,-0.010360075926098666,0.0011159180446090246,450749.9474804461,18546.730598536167
529,RING2_HUB_LINK,6,0.7121802136903782,1.6286405741232102,0.030433266496282363,-1.1920152040726464,0.005241449255208863,0.018020799497459678,27912.19113618716,4144196.800100096
530,RING2_SPOKE,5,10.800000553501143,1.9965763060005308,0.009287310092308659,0.03547144952640158,0.01590531078112445,0.001891753251956184,265890.9133523986,9091.363894995808
531,RING2_SPOKE,5,10.2,5.027425991330706,0.012080075957540607,-0.13064903284502172,-0.003702940125738685,0.005408293001928187,93005.31606195676,4047.776084887695
532,RING2_HUB_LINK,6,0.7121802136903782,0.4579935172509977,0.031439642542449325,0.2459321992745629,0.0007238151727051445,0.0037951605478955923,132537.21249787768,14736905.221511383
533,RING2_SPOKE,5,10.800000553501143,0.9565754895529581,0.01071606793582445,-0.03578160803000929,-0.012723299062654903,0.0013044780202047797,385594.84499481105,18975.608240244812
534,RING2_HUB_LINK,6,0.7121802136903782,1.6733511038726192,0.029815831050452157,-1.2390666469324856,0.003541363517570062,0.018722321883717127,26866.325828820463,4033467.357911025
535,RING2_SPOKE,5,10.800000553501143,2.0447782436431448,0.009668046105322745,0.030828429299265325,0.014217151030991637,0.0018205321208763648,276292.84549940634,8877.051483899273
536,RING2_SPOKE,5,10.2,5.098779780902759,0.012053971343114844,0.12801223209028634,-0.010663637955404148,0.005402740141925551,93100.9056120788,3991.1303430814605
537,RING2_HUB_LINK,6,0.7121802136903782,0.45557636261673906,0.028393296138659624,0.2742099282064885,-0.0006221910207386827,0.004197797950209955,119824.72857581015,14815094.920700788
538,RING2_SPOKE,5,10.800000553501143,0.9786954981307261,0.01043267611167722,0.025894788619494014,0.010360075986959316,0.0011159180450654046,450749.9472961017,18546.73059868595
539,RING2_HUB_LINK,6,0.7121802136903782,1.6286405741466297,0.030433266485296984,1.1920152040651715,-0.005241449210416249,0.018020799497356813,27912.191136346482,4144196.8000405035
540,RING2_SPOKE,5,10.800000553501143,1.9965763060241288,0.009287310103758899,-0.03547144952321435,-0.015905310741129774,0.0018917532516010765,265890.9134023099,9091.363894888354
541,RING2_CIRCUMFERENCE,4,6.211657042450509,-8.7388484360863,0.00033034970231437394,0.05276584716819599,-0.004418819948554642,0.0026972398816408507,186486.93556095677,36139.42999341313
542,RING2_CIRCUMFERENCE,4,6.211657301079158,8.803911745732876,0.0025037012458172343,0.024539458289229987,0.009975962386803872,0.0025613987058160045,196377.08056066008,35872.3467591936
543,RING2_CIRCUMFERENCE,4,6.211657042450509,8.8508605011275,-0.00035101470649011486,0.010880021934516204,0.007540269382445786,0.002497248352952195,201421.69656668862,35682.067437257334
544,RING2_CIRCUMFERENCE,4,6.211657042450509,-8.781478597932619,0.000640157181067285,0.04751496666708599,0.009421018848058793,0.002682704919762737,187497.3264090805,35963.98917983356
545,RING2_CIRCUMFERENCE,4,6.211657301079158,8.787027532977845,0.002889721387723045,0.01855031138503005,0.013002471933702964,0.002534514144379221,198460.1274037079,35941.275225894235
546,RING2_CIRCUMFERENCE,4,6.211657042450509,8.802062615076466,-0.0007454559317295675,-0.007962336042367735,-0.021285808230189218,0.0025390098503543955,198108.72333945107,35879.88578245817
547,RING2_CIRCUMFERENCE,4,6.211657042450509,-8.738848436099033,0.00033034982888162454,-0.052765847168685376,0.004418820144238111,0.00269723988174239,186486.93555393635,36139.42999336047
548,RING2_CIRCUMFERENCE,4,6.211657301079158,8.803911745737423,0.0025037012414676077,-0.024539458289577265,-0.00997596235187359,0.002561398705742617,196377.08056628655,35872.34675917507
549,RING2_CIRCUMFERENCE,4,6.211657042450509,8.850860501122042,-0.0003510146520167238,-0.010880021934492223,-0.0075402695577366785,0.002497248353530237,201421.69652006528,35682.06743727933
550,RING2_CIRCUMFERENCE,4,6.211657042450509,-8.78147859793171,0.0006401571536723775,-0.047514966666776015,-0.009421018670224157,0.0026827049195597037,187497.32642327072,35963.989179837285
551,RING2_CIRCUMFERENCE,4,6.211657301079158,8.78702753296966,0.0028897213440322094,-0.01855031138566865,-0.013002471786634828,0.002534514143888561,198460.12744212808,35941.27522592772
552,RING2_CIRCUMFERENCE,4,6.211657042450509,8.80206261506828,-0.0007454558857101362,0.007962336043150664,0.021285808041554333,0.0025390098493273984,198108.72341958352,35879.88578249154
553,PROP_BOOM,6,1.4000000000000001,-557.9421268402725,0.05814785705144693,13.603793309539792,0.08725351877883725,0.459961753173153,1093.56918598109,3130.4026565862696
554,PROP_BOOM,6,2.309573527890154,3.910082755033102,0.03509748723315184,-19.09498926011833,0.015776831618847353,0.2781507120937403,1808.3721454952906,164132.99456534715
555,PROP_BOOM,6,1.533797120124469,-712.9779288949499,0.020144578700224486,-22.96507721710267,-0.19032613265660103,0.6685375606907047,752.3885411618783,2040.9553627695052
556,PROP_BOOM,6,1.8717336298098084,-24.480143248218383,-0.08427568344400027,17.988508612767145,0.5942175210440297,0.2719836406008188,1849.3759363205088,39915.66661666925
557,PROP_BOOM,6,1.533797120124469,-453.8934617834666,0.05287547500243668,-19.563588570985488,-0.05656572032022211,0.49713133047605573,1011.8050687296743,3205.9420327333037
558,PROP_BOOM,6,2.7784885065375025,30.299011844897677,-0.0894895965034608,4.552028474588509,0.07938515305308869,0.08017427477480646,6273.832864878749,14635.236816638093
559,PROP_BOOM,6,1.4000000000000001,-557.9421268402943,0.05814785705156199,-13.603793309540677,-0.0872535187786525,0.45996175317317606,1093.5691859810352,3130.4026565861473
560,PROP_BOOM,6,2.309573527890154,3.910082755032647,0.03509748723317027,19.094989260120933,-0.01577683161847787,0.27815071209377773,1808.3721454950473,164132.99456536624
561,PROP_BOOM,6,1.533797120124469,-712.977928895029,0.02014457870029407,22.96507721710589,0.19032613265665788,0.6685375606907886,752.3885411617838,2040.9553627692787
562,PROP_BOOM,6,1.8717336298098084,-24.480143248218837,-0.08427568344400999,-17.988508612769763,-0.5942175210445271,0.2719836406008571,1849.3759363202485,39915.66661666851
563,PROP_BOOM,6,1.533797120124469,-453.8934617834982,0.05287547500232215,19.563588570987797,0.056565720320080004,0.497131330476104,1011.805068729576,3205.9420327330804
564,PROP_BOOM,6,2.7784885065375025,30.29901184489995,-0.08948959650344887,-4.55202847458885,-0.07938515305245275,0.08017427477481232,6273.83286487829,14635.236816636994
565,DOCK_LINK,7,1.0770329614269003,2197.970128717363,-0.07683920157289126,0.8775001679352599,112.93813042212844,2.670772704758045,188.33500848046467,1342.6587711285579
566,DOCK_LINK,7,1.0770335194126097,2197.9667741620797,-0.07508702223899266,-38.49456267871051,106.17781879802033,2.670756333130161,188.33616296641986,1342.6594291040494
567,DOCK_LINK,7,1.0770329614269003,2197.9598196527477,-0.07615632301399866,-0.8780432900845874,-112.93543675894432,2.670728924925286,188.33809575566394,1342.66506858491
568,DOCK_LINK,7,1.0770335194126097,2197.96116674153,-0.07790944597461524,-40.14000594007524,-105.56591558521768,2.6707423018707313,188.3371524267511,1342.6628544858022
569,DOCK_LINK,7,1.0770329614269003,2197.9701287173557,-0.07683920157233626,-0.8775001679367129,-112.93813042213208,2.6707727047580945,188.33500848046117,1342.6587711285622
570,DOCK_LINK,7,1.0770335194126097,2197.966774162098,-0.07508702223839869,38.49456267870909,-106.17781879801521,2.670756333130093,188.33616296642467,1342.6594291040383
571,DOCK_LINK,7,1.0770329614269003,2197.9598196527804,-0.07615632301475361,0.8780432900848858,112.93543675894398,2.6707289249252972,188.3380957556632,1342.66506858489
572,DOCK_LINK,7,1.0770335194126097,2197.9611667415447,-0.07790944597481286,40.1400059400749,105.56591558521836,2.670742301870745,188.33715242675012,1342.662854485793
573,DOCK_RING,7,0.612293261803525,2972.687146048036,0.0011295078359054855,0.17507608951548548,-66.37073758537099,2.3622252119546103,212.93481987003068,3071.689144775725
574,DOCK_RING,7,0.612293261803525,2972.6799572779896,0.0006105229631288012,0.1767739732773066,-66.36857057004045,2.362190530221086,212.93794618375784,3071.696572977628
575,DOCK_RING,7,0.612293261803525,2972.6800002681534,0.0018543081692428132,0.1762589428108896,-66.36080284578111,2.3620781314296155,212.9480787731463,3071.696528555511
576,DOCK_RING,7,0.612293261803525,2972.687190920206,0.002190712231247005,-0.17773050697985582,66.36304616908728,2.3621140401602276,212.94484154790442,3071.6890984091388
577,DOCK_RING,7,0.612293261803525,2972.687146048046,0.001129507838605548,-0.17507608951598286,66.3707375853669,2.362225211954556,212.9348198700356,3071.689144775715
578,DOCK_RING,7,0.612293261803525,2972.6799572780033,0.0006105229613169172,-0.1767739732791398,66.36857057004227,2.362190530221119,212.93794618375486,3071.696572977614
579,DOCK_RING,7,0.612293261803525,2972.680000268153,0.0018543081697686148,-0.17625894281303545,66.36080284578384,2.362078131429655,212.94807877314275,3071.6965285555116
580,DOCK_RING,7,0.612293261803525,2972.6871909202027,0.002190712232810199,0.17773050698262693,-66.36304616908546,2.3621140401601997,212.94484154790695,3071.689098409142
581,RING1_TORQUE_BRACE,8,10.977179919856466,0.5066472751214235,0.0035691504946065537,0.03183720673011192,0.013397241540118343,0.0020259518090998394,248278.36365144854,11606.074759865256
582,RING1_TORQUE_BRACE,8,10.977179919856466,-0.4595891726246464,0.0012470474208363122,-0.024898838090416597,-0.010216812548144438,0.0016355505272793917,307541.70636152744,12794.440126516429
583,RING1_TORQUE_BRACE,8,10.479871431130489,1.1331102514945428,0.003157047756116689,0.044673987837999474,0.021291448158695214,0.003274930402024005,153591.05026755104,5693.621095005885
584,RING1_TORQUE_BRACE,8,10.271903773099885,-3.812486018029105,0.003272912242182143,-0.0034794131919867466,-0.004740219957105829,0.003794175433948548,132571.62425843198,1761.4182664013597
585,RING1_TORQUE_BRACE,8,10.271903773099885,0.7398547408694469,0.003711779371164399,-0.004778264921670883,0.007157331211514961,0.0010810644502704662,465282.1576679882,9076.622939071265
586,RING1_TORQUE_BRACE,8,10.479871431130489,-4.281263091805613,0.0017454924430547936,0.039693980201415235,-0.02143249255012225,0.005989310426995963,83982.95699164284,1506.9152006156778
587,RING1_TORQUE_BRACE,8,10.977179919856466,1.4544234898491197,0.002183386711478676,0.014196064841095035,-0.013985680710958182,0.002243036677237583,224249.56537914072,4042.9669851875574
588,RING1_TORQUE_BRACE,8,10.977179919856466,-0.4673410678884977,0.002243571469630103,-0.00406026545131799,0.014773456192518353,0.001124413527715322,447344.3155936034,12582.215764834533
589,RING1_TORQUE_BRACE,8,10.479871431130489,-3.286914765519299,0.004026122964175776,-0.037573081115670925,-0.0009850610488546518,0.004733255238935102,106269.35895245869,1962.7830020281895
590,RING1_TORQUE_BRACE,8,10.271903773099885,0.8840506327205588,0.0035094544360128248,-0.04731692331352999,0.009093096390465405,0.002986614557974624,168418.11698028754,7596.151469164693
591,RING1_TORQUE_BRACE,8,10.271903773099885,-5.8264342234101605,0.004044661072582561,-0.045804793991173876,-0.0034218152718274997,0.007457300154266054,67450.68450976213,1152.5715823881378
592,RING1_TORQUE_BRACE,8,10.479871431130489,2.214796788499882,0.0034408216504354353,-0.04888286846904055,0.0032497314369055452,0.004253278966561282,118261.69972732088,2912.9085180074053
593,RING1_TORQUE_BRACE,8,10.977179919856466,0.5066472751105948,0.003569150495257986,-0.031837206729805945,-0.013397241541482807,0.0020259518091026657,248278.36365110218,11606.074760113315
594,RING1_TORQUE_BRACE,8,10.977179919856466,-0.45958917262760224,0.00124704742150337,0.024898838090220865,0.010216812546932741,0.0016355505272540977,307541.7063662836,12794.440126434141
595,RING1_TORQUE_BRACE,8,10.479871431130489,1.1331102514951397,0.003157047756252305,-0.04467398783798748,-0.021291448161821824,0.003274930402084682,153591.05026470532,5693.621095002885
596,RING1_TORQUE_BRACE,8,10.271903773099885,-3.812486018023577,0.0032729122424356143,0.003479413191973979,0.004740219953803804,0.003794175433823862,132571.6242627886,1761.4182664039135
597,RING1_TORQUE_BRACE,8,10.271903773099885,0.7398547408720617,0.0037117793707410057,0.004778264921645237,-0.007157331214602269,0.0010810644503843907,465282.1576189559,9076.622939039187
598,RING1_TORQUE_BRACE,8,10.479871431130489,-4.2812630918053,0.0017454924427228726,-0.039693980201412904,0.02143249254723345,0.005989310426933756,83982.95699251512,1506.9152006157879
599,RING1_TORQUE_BRACE,8,10.977179919856466,1.454423489849745,0.0021833867112335923,-0.014196064841114575,0.013985680712325532,0.002243036677281522,224249.56537474794,4042.9669851858193
600,RING1_TORQUE_BRACE,8,10.977179919856466,-0.46734106788798613,0.0022435714693615277,0.004060265451303113,-0.014773456191053969,0.001124413527650593,447344.31561935565,12582.215764848306
601,RING1_TORQUE_BRACE,8,10.479871431130489,-3.2869147655199242,0.004026122963941748,0.037573081115666485,0.000985061050065239,0.0047332552389366045,106269.35895242495,1962.783002027816
602,RING1_TORQUE_BRACE,8,10.271903773099885,0.8840506327192799,0.0035094544358129113,0.047316923313540094,-0.009093096389248823,0.0029866145579632236,168418.11698093044,7596.151469175682
603,RING1_TORQUE_BRACE,8,10.271903773099885,-5.826434223419113,0.0040446610720301646,0.0458047939911842,0.0034218152719005523,0.0074573001542745905,67450.68450968491,1152.5715823863666
604,RING1_TORQUE_BRACE,8,10.479871431130489,2.2147967884968693,0.003440821649914915,0.04888286846905032,-0.0032497314369572816,0.00425327896655845,118261.69972739964,2912.9085180113675
605,RING2_TORQUE_BRACE,8,10.977179919856466,-0.44630572940052105,-0.0016820577191374365,0.01108369922747146,-0.013046344910631946,0.0011841538039094562,424775.9018628807,13175.242360969782
606,RING2_TORQUE_BRACE,8,10.977179919856466,0.94697409106751,-0.0030652294902286385,-0.010367640602979372,0.014737674740014528,0.0016902942040205866,297581.3315833116,6209.4477635735675
607,RING2_TORQUE_BRACE,8,10.479871431130489,-0.8337277858801286,-0.002865740063742489,-0.04475596145332092,-0.010448542251100257,0.002839194808053901,177162.9049803654,7738.1377232932155
608,RING2_TORQUE_BRACE,8,10.271903773099885,-2.761795226228685,-0.004061013591797876,-0.022180183218107552,0.006055588174490811,0.003592342055898878,140020.073860739,2431.5280324842574
609,RING2_TORQUE_BRACE,8,10.271903773099885,-1.337988152336834,-0.0036199665525450723,-0.023599476888104765,-0.006795059949627591,0.0023460146582320635,214406.162482828,5019.014929861408
610,RING2_TORQUE_BRACE,8,10.479871431130489,-1.198957794000151,-0.0037893296317744454,-0.04076275944960933,0.009560329914884091,0.002994751377559297,167960.52045226598,5380.923718217173
611,RING2_TORQUE_BRACE,8,10.977179919856466,-0.4740041326766189,-0.0020554994613100424,-0.009694476347360731,0.01314611243064756,0.0011754293642922387,427928.73419737257,12405.347857911856
612,RING2_TORQUE_BRACE,8,10.977179919856466,1.02115326673038,-0.0027997265904234517,0.0072265305396940205,-0.013475866205240772,0.0016357551778888744,307503.2295781438,5758.377653502464
613,RING2_TORQUE_BRACE,8,10.479871431130489,-1.2575453461145685,-0.002648154716463872,0.04387621156300364,0.014780544083688785,0.0032460628185450088,154956.95188839908,5130.232838767938
614,RING2_TORQUE_BRACE,8,10.271903773099885,-2.3243019835970387,-0.0039481519423461295,0.018880880375603593,-0.004943134215437572,0.003031774878544093,165909.41615082868,2889.2039674481844
615,RING2_TORQUE_BRACE,8,10.271903773099885,-1.5876924798323273,-0.0034737690695434463,0.02028026619269241,0.007564916802154098,0.002445658287256055,205670.59700083805,4229.649379749815
616,RING2_TORQUE_BRACE,8,10.479871431130489,-0.9783146632185833,-0.0035220204038551007,0.04151531682780138,-0.0139034104982112,0.0028761826518147538,174884.58171549972,6594.504481463858
617,RING2_TORQUE_BRACE,8,10.977179919856466,-0.4463057293794108,-0.0016820577095993873,-0.011083699228525867,0.013046344906557206,0.001184153803760712,424775.9019162377,13175.24236159297
618,RING2_TORQUE_BRACE,8,10.977179919856466,0.9469740910624438,-0.003065229480967042,0.010367640603337974,-0.014737674741853946,0.0016902942040671629,297581.3315751118,6209.447763606787
619,RING2_TORQUE_BRACE,8,10.479871431130489,-0.833727785864113,-0.0028657400564068777,0.044755961453308096,0.010448542221690005,0.0028391948077270512,177162.90500076048,7738.137723441862
620,RING2_TORQUE_BRACE,8,10.271903773099885,-2.761795226254918,-0.004061013583181545,0.022180183218178995,-0.006055588207469098,0.003592342056301451,140020.0738450478,2431.5280324611613
621,RING2_TORQUE_BRACE,8,10.271903773099885,-1.3379881523459858,-0.0036199665535199253,0.02359947688817643,0.006795059905702505,0.0023460146577006513,214406.16253139466,5019.014929827077
622,RING2_TORQUE_BRACE,8,10.479871431130489,-1.19895779399738,-0.0037893296313540044,0.0407627594494816,-0.00956032995681233,0.0029947513779801016,167960.52042866516,5380.92371822961
623,RING2_TORQUE_BRACE,8,10.977179919856466,-0.47400413267972397,-0.0020554994647855648,0.009694476347561931,-0.013146112404631038,0.001175429363370805,427928.7345328312,12405.347857830591
624,RING2_TORQUE_BRACE,8,10.977179919856466,1.0211532667397805,-0.002799726593909211,-0.007226530539681086,0.013475866231749123,0.001635755178953904,307503.2293779304,5758.377653449454
625,RING2_TORQUE_BRACE,8,10.479871431130489,-1.2575453461302146,-0.0026481547189407513,-0.04387621156288263,-0.01478054405552065,0.003246062818153448,154956.95190709096,5130.232838704109
626,RING2_TORQUE_BRACE,8,10.271903773099885,-2.3243019835863024,-0.003948151944257779,-0.018880880375635734,0.004943134244009606,0.0030317748788641456,165909.41613331425,2889.2039674615303
627,RING2_TORQUE_BRACE,8,10.271903773099885,-1.5876924797886147,-0.003473769074025782,-0.020280266192710672,-0.007564916783550313,0.0024456582869343143,205670.59702789527,4229.649379866267
628,RING2_TORQUE_BRACE,8,10.479871431130489,-0.9783146632335047,-0.0035220204075444997,-0.04151531682781487,0.013903410515501369,0.0028761826520824502,174884.5816992226,6594.504481363278
629,DOCK_LOAD_SPREADER,9,7.467261881037786,2180.7149867656362,-0.05546459469048482,-0.2983294770975857,-7.72552816665517,2.0853389028007103,241.20779568464715,8.101848793810703
630,DOCK_LOAD_SPREADER,9,7.467261961518311,2180.739708849769,-0.05493682923953804,-5.650376666657154,-5.277148279500083,2.0853646420261653,241.20481850659897,8.101756772086791
631,DOCK_LOAD_SPREADER,9,7.467261881037786,2180.7765048927795,-0.055230370652054134,-7.726021471817681,0.29853714107457074,2.085407883142523,241.19981710341673,8.101620246518914
632,DOCK_LOAD_SPREADER,9,7.467261961518311,2180.7532305405275,-0.055756922840175936,-5.2265895083833644,5.697451340080508,2.085383163016309,241.20267628537775,8.101706537402674
633,DOCK_LOAD_SPREADER,9,7.467261881037786,2180.7149867656435,-0.055464594690487964,0.29832947709779034,7.725528166655045,2.085338902800712,241.20779568464692,8.101848793810676
634,DOCK_LOAD_SPREADER,9,7.467261961518311,2180.739708849771,-0.05493682923952564,5.650376666657459,5.277148279500276,2.0853646420261795,241.20481850659738,8.101756772086784
635,DOCK_LOAD_SPREADER,9,7.467261881037786,2180.776504892782,-0.05523037065207438,7.726021471817756,-0.2985371410744057,2.0854078831425276,241.1998171034162,8.101620246518904
636,DOCK_LOAD_SPREADER,9,7.467261961518311,2180.7532305405193,-0.055756922840183146,5.226589508383462,-5.697451340080478,2.085383163016304,241.20267628537835,8.101706537402706
637,PROP_LONGITUDINAL_STRUT,10,2.8653097563788807,-565.9123499011387,-1.2532316234771173,9.208721642835343,-3.514907193246305,0.5114123824298185,983.5506868452233,455.6907163873014
638,PROP_LONGITUDINAL_STRUT,10,2.8653097563788807,-565.819660608151,1.3840754355312483,9.49369343115805,3.3905944480219774,0.5159553186926766,974.8906189677379,455.76536499579544
639,PROP_LONGITUDINAL_STRUT,10,2.9330076040989246,709.3578302583284,-1.3771958710409222,-0.7154326915783127,-10.208699649340469,0.5983967462666431,840.5794368672341,346.95309405706706
640,PROP_LONGITUDINAL_STRUT,10,2.9330076040989246,708.7198501052103,1.4321745568184492,-0.6393020197814416,9.948394029482069,0.5927765835330415,848.5490384961582,347.265416603188
641,PROP_LONGITUDINAL_STRUT,10,2.9330076040989246,-468.9918246518391,-0.45317593540963486,-8.693903589368936,-5.0199010621641955,0.46101983606054775,1091.0593442099503,524.7722477560029
642,PROP_LONGITUDINAL_STRUT,10,2.9330076040989246,-469.0170915076055,0.5266021997945735,-8.704952018023164,5.49482404912121,0.4661711353672715,1079.002885075055,524.7439772623806
643,PROP_LONGITUDINAL_STRUT,10,2.8653097563788807,-565.912349901161,-1.2532316234773255,-9.208721642835513,3.5149071932474385,0.5114123824298422,983.5506868451777,455.69071638728343
644,PROP_LONGITUDINAL_STRUT,10,2.8653097563788807,-565.819660608176,1.3840754355314357,-9.493693431158633,-3.3905944480230037,0.5159553186927086,974.8906189676776,455.76536499577526
645,PROP_LONGITUDINAL_STRUT,10,2.9330076040989246,709.3578302584103,-1.3771958710412475,0.7154326915789113,10.208699649341792,0.5983967462667158,840.5794368671319,346.95309405702693
646,PROP_LONGITUDINAL_STRUT,10,2.9330076040989246,708.7198501052926,1.4321745568188036,0.6393020197818727,-9.948394029482905,0.5927765835331046,848.5490384960679,347.2654166031476
647,PROP_LONGITUDINAL_STRUT,10,2.9330076040989246,-468.9918246518714,-0.4531759354094609,8.693903589369285,5.019901062165032,0.46101983606058,1091.0593442098739,524.7722477559668
648,PROP_LONGITUDINAL_STRUT,10,2.9330076040989246,-469.01709150764236,0.5266021997944662,8.704952018023057,-5.494824049121519,0.4661711353672934,1079.0028850750045,524.7439772623393
