element_id,group,section_id,length_m,axial_force_N,torsion_Nm,bending_My_Nm,bending_Mz_Nm,screening_von_mises_MPa,yield_factor,member_euler_factor
1,SPINE_FRAME,2,1.3776603565143233,0.0,0.0,0.0,0.0,0.0,inf,inf
2,SPINE_FRAME,2,1.3776603565143233,0.0,0.0,0.0,0.0,0.0,inf,inf
3,SPINE_FRAME,2,1.3776603565143233,0.0,0.0,0.0,0.0,0.0,inf,inf
4,SPINE_FRAME,2,1.3776603565143233,0.0,0.0,0.0,0.0,0.0,inf,inf
5,SPINE_FRAME,2,1.3776603565143233,0.0,0.0,0.0,0.0,0.0,inf,inf
6,SPINE_FRAME,2,1.3776603565143233,0.0,0.0,0.0,0.0,0.0,inf,inf
7,SPINE_FRAME,2,1.3776603565143233,0.0,0.0,0.0,0.0,0.0,inf,inf
8,SPINE_FRAME,2,1.3776603565143233,0.0,0.0,0.0,0.0,0.0,inf,inf
9,SPINE_LONGERON,1,2.5,2854.449456872103,-0.4331643471595463,27.15152463119448,-17.58255486371173,1.2835969915645227,391.86754355579654,341.8602199959885
10,SPINE_DIAGONAL,3,2.854461080118482,328.069724975892,-0.5620137472566671,3.227199580075152,-1.8331813602072453,0.4056257533134943,1240.0593302843088,368.5457442802877
11,SPINE_LONGERON,1,2.5,1695.552904505058,0.25766055610642463,20.593995471353477,-18.40833738322372,0.8405034952064648,598.4508129575844,575.5188863178382
12,SPINE_DIAGONAL,3,2.854461080118482,537.5647832564473,-0.2065268296522826,3.6556544889922,-2.6321690209644966,0.6074268176112544,828.0832940140515,224.91931155651884
13,SPINE_LONGERON,1,2.5,-549.914911091383,0.09638725983565184,27.18305203626044,-26.15023655934512,0.5395660980234238,932.230549403724,1774.4976533861761
14,SPINE_DIAGONAL,3,2.854461080118482,543.0495691385618,0.270432668620645,3.2883204697865636,-3.253958365752799,0.6163596309877115,816.0819993904313,222.64763262563042
15,SPINE_LONGERON,1,2.5,-2294.5032098343686,0.4339203628952734,28.633785767077516,-25.676486567046847,1.1474411836125287,438.3666955515643,425.28714499561227
16,SPINE_DIAGONAL,3,2.854461080118482,135.54228139568002,0.6169574111653002,3.539532689323659,-2.6302387205373265,0.27141561983637974,1853.2463249654854,892.0367852899587
17,SPINE_LONGERON,1,2.5,-2814.8997127659413,0.47764663093172877,27.020700834638276,-17.986005703528203,1.2710138378811484,395.74706821330074,346.6634050471646
18,SPINE_DIAGONAL,3,2.854461080118482,-331.10783997341713,0.5527542077709059,3.172672956239696,-1.799603712858703,0.4058332085862159,1239.4254323156056,365.16411383305365
19,SPINE_LONGERON,1,2.5,-1693.200469627156,-0.3176452433710045,20.20722299749323,-18.194902358578883,0.8356990960900222,601.8912816268219,576.3184789977076
20,SPINE_DIAGONAL,3,2.854461080118482,-544.1617067596691,0.20146441101275953,3.624919950722878,-2.5966979476266157,0.6112536412679523,822.8989834017239,222.19259360796798
21,SPINE_LONGERON,1,2.5,512.9685557626822,-0.19237304398782673,27.045404801448893,-25.985762847863146,0.5248609669637372,958.3490327158439,1902.3051380661582
22,SPINE_DIAGONAL,3,2.854461080118482,-542.1538444437101,-0.257182852534653,3.3111856366759045,-3.215040854988034,0.6152197704391725,817.5940113903283,223.01548205589256
23,SPINE_LONGERON,1,2.5,2289.65214429168,-0.3576177987176331,28.708578150310075,-25.41610032520535,1.1446787882426304,439.42458370547024,426.1881970702604
24,SPINE_DIAGONAL,3,2.854461080118482,-126.91669556021304,-0.6197272352691494,3.571519337239462,-2.578478882201162,0.26411898757340835,1904.4446770802415,952.661904987171
25,SPINE_FRAME,2,1.3776603565143233,239.41147360248397,-0.09156740298979837,-0.8118457765565239,4.10684220317696,0.1927779924757093,2609.2189961122235,5981.964942431752
26,SPINE_FRAME,2,1.3776603565143233,180.7375979850267,1.6634649756183157,3.9368159700189906,19.09045638703647,0.4226044866904473,1190.238191598854,7923.924285109905
27,SPINE_FRAME,2,1.3776603565143233,-68.51329561119746,-1.1372131920119435,-5.330550944171138,22.81764634089316,0.4317388150122753,1165.0562388876215,20903.257231023064
28,SPINE_FRAME,2,1.3776603565143233,77.21035674023915,-1.1334632304922074,-1.0618103224367772,-15.717872607561,0.3063621827651157,1641.8475526584305,18548.690905861346
29,SPINE_FRAME,2,1.3776603565143233,-234.00236887885922,0.18122117393188297,-1.2969374841251806,4.251264953934012,0.19440895834318261,2587.329330328871,6120.2416401493565
30,SPINE_FRAME,2,1.3776603565143233,-176.5393172083177,-1.593482183063324,4.17533137306998,19.19081185745347,0.42290589534176637,1189.3898986522913,8112.3630959557595
31,SPINE_FRAME,2,1.3776603565143233,67.78999071283579,1.1733018971014286,-5.041027769527455,22.753367977490186,0.4292453489345271,1171.823995876826,21126.290575443483
32,SPINE_FRAME,2,1.3776603565143233,-75.88530818430536,1.2390765809072253,-1.1330051077976933,-15.718159467015562,0.3058649449050092,1644.516667826102,18872.57331060273
33,SPINE_LONGERON,1,2.5,1866.4099543796037,0.9939204633490334,-14.21217326945662,-11.187862392635822,0.8108948077189526,620.3024057028299,522.8340735131212
34,SPINE_DIAGONAL,3,2.854461080118482,553.1268642814837,-0.012115674046426439,-2.3501185889636402,0.08770941212654293,0.5429693629270391,926.3874434616857,218.59126499692036
35,SPINE_LONGERON,1,2.5,1659.6747458636332,-1.9579654864015403,-18.29857833004185,-18.999638005931587,0.8167493372694544,615.8560246667881,587.9602143285881
36,SPINE_DIAGONAL,3,2.854461080118482,-97.59655141518601,0.016799204240105614,-2.8184121963730426,-2.3359541852006327,0.21237485549592938,2368.453642148051,1238.8624312421762
37,SPINE_LONGERON,1,2.5,579.4714224589944,-1.4019689391523757,-24.232959009019396,-22.82496219619037,0.5087558555235215,988.6864092844718,1683.9876505951072
38,SPINE_DIAGONAL,3,2.854461080118482,-761.5412437383841,-0.23322665352813796,-1.654566477518748,-2.9325983645832743,0.7522342162366015,668.6747147936044,158.76842122631737
39,SPINE_LONGERON,1,2.5,-973.5894840710826,0.7393038534010961,-8.204429582663835,-12.988413372043013,0.4780316294742813,1052.2316285915597,1002.2938160890009
40,SPINE_DIAGONAL,3,2.854461080118482,803.9939062404587,0.27155585167669294,-2.4921279152003573,-1.2807830619235911,0.767137655007524,655.6841483619608,150.3850962409011
41,SPINE_LONGERON,1,2.5,-1834.4295234808797,-1.0752324690960808,-14.064848720495508,-10.46343882608582,0.7947121602227817,632.9335640957022,531.9488739158955
42,SPINE_DIAGONAL,3,2.854461080118482,-548.2567277945423,0.06264490441211334,-2.3461576376185933,0.105840810862869,0.53882042041324,933.5206702341235,220.533000029832
43,SPINE_LONGERON,1,2.5,-1665.9689953922862,1.595477574609078,-18.038074837525055,-19.231207439380682,0.818758608411979,614.3446857622569,585.7388234670896
44,SPINE_DIAGONAL,3,2.854461080118482,100.40958356235205,-0.00040690339048687907,-2.806073172685708,-2.2479090751730624,0.21236485906201263,2368.565129945153,1204.1549887714439
45,SPINE_LONGERON,1,2.5,-621.4566300201918,1.3528430322908807,-23.75256819995786,-23.05658832486128,0.5214708976223893,964.5792359523685,1570.2185352210681
46,SPINE_DIAGONAL,3,2.854461080118482,760.4111252565152,0.1957378971959245,-1.6254449488278215,-2.9578875606601915,0.7515718134217501,669.264055699409,159.0043819075929
47,SPINE_LONGERON,1,2.5,974.8863519431984,-0.3350141226517246,-8.184208707982677,-13.212773580260247,0.4801150877566485,1047.6654719398257,1000.9604887263649
48,SPINE_DIAGONAL,3,2.854461080118482,-799.4827436788567,-0.2342657702775199,-2.4254167318922906,-1.3164711654029073,0.7618666355771125,660.2205379672237,151.23365941671543
49,SPINE_FRAME,2,1.3776603565143233,598.4599991635268,-0.6628507659973151,9.969547757821402,8.164095763930682,0.5229409700955104,961.8676461860152,2393.0605953743193
50,SPINE_FRAME,2,1.3776603565143233,108.18624397443273,-0.9248980521920345,-11.893691261247113,14.19744236999017,0.3687656288423681,1364.0099853639329,13237.829406892426
51,SPINE_FRAME,2,1.3776603565143233,133.9866366283277,0.2605196722014904,14.858949195527416,10.880390309355935,0.3799090992157477,1324.0009282176993,10688.760296884684
52,SPINE_FRAME,2,1.3776603565143233,504.2733629691411,-0.03353360116209636,10.360330574071213,-2.554930380678222,0.4373974841306349,1149.9837521922555,2840.0291331541625
53,SPINE_FRAME,2,1.3776603565143233,-591.7727441229863,0.5213181786287668,10.433662466312398,8.218104616863805,0.5261964334424765,955.9167794226179,2420.1030820174856
54,SPINE_FRAME,2,1.3776603565143233,105.87743526435224,-0.8233838921606111,-11.007524633323044,14.476196603788205,0.36187072859072444,1389.999135765669,13526.499185876799
55,SPINE_FRAME,2,1.3776603565143233,-134.32449232251747,-0.40001315223109035,13.794596151619352,10.611985971528046,0.36297663955944615,1385.764110358462,10661.875709660922
56,SPINE_FRAME,2,1.3776603565143233,-512.0223252452251,-0.08536198860526145,11.02176071982791,-2.4549561919684564,0.45185661849326886,1113.1849781846074,2797.048041254993
57,SPINE_LONGERON,1,2.5,-1458.72166499371,1.1315875036487513,10.526847733259492,7.753998835509691,0.6239439515017662,806.1621541315257,668.9574459003696
58,SPINE_DIAGONAL,3,2.854461080118482,-346.0040349594915,0.1198480205215674,1.6250592333735847,1.238239321997554,0.36021047347293716,1396.4058156065544,349.44303751031345
59,SPINE_LONGERON,1,2.5,-689.1901066523283,-1.2392205798163443,3.6010289212303075,6.261268978980382,0.3046287468417649,1651.1901953274169,1415.8977470435375
60,SPINE_DIAGONAL,3,2.854461080118482,-340.6305937504576,-0.21256034614294492,0.7605626863415762,1.0308188768005095,0.328435181367352,1531.5046272019156,354.955494853894
61,SPINE_LONGERON,1,2.5,-390.40684425974007,1.4527230397797715,20.77337663305987,-7.38125540342719,0.33932932455775694,1482.3357829611475,2499.5020800519214
62,SPINE_DIAGONAL,3,2.854461080118482,316.4924759686587,0.2870155677454698,2.8998054753781646,-0.7081053414913683,0.36966697005023397,1360.6841853672981,382.02709431564057
63,SPINE_LONGERON,1,2.5,-1385.0837808591955,-0.5078743462184775,13.266595391985126,-3.5546286994446064,0.6046519104241329,831.88358678495,704.522522593113
64,SPINE_DIAGONAL,3,2.854461080118482,-64.62206250826631,-0.03355948371063755,1.7667053041259757,-0.7750603328695966,0.12286152950510333,4094.039867695988,1871.0127203322088
65,SPINE_LONGERON,1,2.5,1421.3505066784173,-1.2414215488778213,10.417147414780954,7.004655695482228,0.6062478606789856,829.6936494532945,686.5461507972067
66,SPINE_DIAGONAL,3,2.854461080118482,348.92831730531725,0.001394591818583868,1.5120731165234815,1.3692622574981037,0.36250253643435754,1387.5764979401295,346.5144414211374
67,SPINE_LONGERON,1,2.5,687.0953419306352,1.9110946627720733,3.132009469406009,6.237820533410513,0.30187993928882784,1666.2253251573227,1420.2144298516287
68,SPINE_DIAGONAL,3,2.854461080118482,351.6132860203288,0.14971314608671257,0.8009127637557958,1.0173853904058348,0.33799947564964344,1488.1679891166145,343.868408203662
69,SPINE_LONGERON,1,2.5,342.6359279799811,-1.4294324933168583,20.997821797549662,-7.289965462246272,0.32455997009688586,1549.79062836938,2847.987147894019
70,SPINE_DIAGONAL,3,2.854461080118482,-315.408359489179,-0.13756157868002072,2.8149174726575836,-0.7502855540449573,0.36610612328729786,1373.9185662439088,383.34019162614334
71,SPINE_LONGERON,1,2.5,1376.9704744961023,1.149096410998214,13.098112296934024,-3.2974933016855346,0.5998003421820695,838.6123925339714,708.6736697464961
72,SPINE_DIAGONAL,3,2.854461080118482,80.4034132396082,-0.03810155751979161,1.731198531791474,-0.8639089966262006,0.13614302503548678,3694.643922219952,1503.7757241319148
73,SPINE_FRAME,2,1.3776603565143233,237.10492784555208,0.3904456613274361,-1.5266164063334031,6.285888396841628,0.23029138157183718,2184.189423706653,6040.157220346233
74,SPINE_FRAME,2,1.3776603565143233,166.00107100726018,-0.4142245760006551,5.5801379751513025,11.462718867245256,0.30034386070923574,1674.7470676184607,8627.360252653718
75,SPINE_FRAME,2,1.3776603565143233,-52.10994850207135,-0.5696774039343202,-4.708086585190401,10.982352170895588,0.22889578948769185,2197.5065645628542,27483.25575200015
76,SPINE_FRAME,2,1.3776603565143233,86.7772525079763,0.3557736236282665,-1.9652460226347443,-3.965400512619695,0.11920191546849608,4219.730849316244,16503.761072342608
77,SPINE_FRAME,2,1.3776603565143233,227.40152696074256,0.16540269827496346,-2.2834287882008653,6.0954352266803795,0.22597651349841416,2225.895037554555,6297.89544972239
78,SPINE_FRAME,2,1.3776603565143233,163.30520631500622,-0.7059606129340379,6.769025827694804,11.343751111176754,0.30688617264323426,1639.044195662588,8769.781896257786
79,SPINE_FRAME,2,1.3776603565143233,-56.24648398702993,-0.8405569637314376,-6.271794468048483,10.632586116493126,0.23786290728059967,2114.6634662403503,25462.054521243117
80,SPINE_FRAME,2,1.3776603565143233,86.8049951229641,0.09480367651851118,-2.0329721230709197,-3.698992946413469,0.11564411070299577,4349.551368783796,16498.486520012615
81,SPINE_LONGERON,1,2.5,1631.9140968597258,0.1391110756237801,-14.40631695893995,-13.632599755777079,0.7462875584375741,674.002928647343,597.9620625690358
82,SPINE_DIAGONAL,3,2.854461080118482,287.4685593422337,0.45462305022862237,-1.9217254045481087,-1.4709976541454814,0.32551834276230346,1545.227822590923,420.59799946027
83,SPINE_LONGERON,1,2.5,1507.3457426624473,-0.4320668953080493,-14.343745182546423,-17.445584185108117,0.7289194168971128,690.0625615670746,647.3781639308024
84,SPINE_DIAGONAL,3,2.854461080118482,-165.1975075146597,0.3085785556066354,-1.466872799081619,-2.208993966647558,0.23237222669880428,2164.6304601279976,731.9039057313859
85,SPINE_LONGERON,1,2.5,399.54278766031393,0.014530666111658819,-16.653447106752367,-16.675823265468324,0.3563994731262943,1411.3376644127534,2442.348477889078
86,SPINE_DIAGONAL,3,2.854461080118482,-560.798085184746,0.0028024914912192223,-2.271819626654041,-1.5956070597843528,0.5645713289687065,890.9414527280762,215.60113017725078
87,SPINE_LONGERON,1,2.5,-759.7669838211177,0.39064328701141593,-10.991783182891663,-11.411081493346643,0.4088145952308753,1230.3866003510323,1284.3710506950354
88,SPINE_DIAGONAL,3,2.854461080118482,-535.7134824426812,-0.12585602170698457,-1.5829712642605842,-1.010369973050075,0.5115322367005879,983.320236559046,225.69658022375057
89,SPINE_LONGERON,1,2.5,-1572.8805103481582,-0.31277098622865146,-14.17001914988326,-12.383165414243564,0.7165269251603416,701.9973462789841,620.4048641163007
90,SPINE_DIAGONAL,3,2.854461080118482,-283.09012738892125,-0.1570181726641794,-1.987438788660838,-1.507386582294039,0.324287799663513,1551.0913470131225,427.10320590219624
91,SPINE_LONGERON,1,2.5,-1499.5664280271994,-1.0366444136063322,-13.830373388087882,-17.601607111223814,0.7244223770709901,694.3463039252696,650.7365736224839
92,SPINE_DIAGONAL,3,2.854461080118482,160.58860783368243,-0.13780034886489367,-1.4958707256111616,-1.9575095061914212,0.22164122503752468,2269.4334048859378,752.9095780710142
93,SPINE_LONGERON,1,2.5,-453.7603410976184,0.2112438688893689,-15.804660613797438,-16.98576124386389,0.3716835342151442,1353.3018110747003,2150.52447495361
94,SPINE_DIAGONAL,3,2.854461080118482,556.8241857633666,-0.29081614191738675,-2.3762957544410144,-1.5443343203446318,0.5634280311761768,892.7493347286414,217.1398155080353
95,SPINE_LONGERON,1,2.5,747.2699373818778,1.053820346471345,-11.155386363623215,-11.956781278065108,0.4093060909215607,1228.9091493055616,1305.8503634076365
96,SPINE_DIAGONAL,3,2.854461080118482,539.8170615404988,-0.046258260563095455,-1.3059063819638812,-1.0043762751392258,0.5066436096991512,992.8083377952505,223.98088089699706
97,SPINE_FRAME,2,1.3776603565143233,-28.345133657414408,0.6992613234936229,-3.135147610709396,9.591354035036822,0.1854779506076746,2711.9126470399287,50525.46441358436
98,SPINE_FRAME,2,1.3776603565143233,-27.43220165357343,1.3423531105754787,1.363172122964329,16.83809516755328,0.300487109726748,1673.9486777233465,52206.930380282705
99,SPINE_FRAME,2,1.3776603565143233,20.19684853664512,-0.2613824785479002,-2.5478887541213453,13.6700696846497,0.24562869729743253,2047.806325296412,70909.62925762859
100,SPINE_FRAME,2,1.3776603565143233,-7.547878379053145,-0.07282163325910318,-2.450640400848499,-5.445475065845528,0.10490101653163719,4794.996432168032,189742.19906357877
101,SPINE_FRAME,2,1.3776603565143233,30.465047544457775,-0.1261033410819774,1.9491542298376316,9.173963433097938,0.17423531176123008,2886.9004504052828,47009.644078711506
102,SPINE_FRAME,2,1.3776603565143233,-18.064774699094414,0.9155257415336351,4.821047708311852,16.221200585024185,0.29587155036821056,1700.062068739016,79278.65504892112
103,SPINE_FRAME,2,1.3776603565143233,-19.27422181644215,0.8160231187455218,-2.6477922397713485,14.298275081690399,0.2561688635113013,1963.5485480373743,74303.96181724271
104,SPINE_FRAME,2,1.3776603565143233,-1.2622831648404826,0.5171130697240276,2.990425609390911,-5.591250337328738,0.10820806863158543,4648.45187943015,1134571.9263291988
105,SPINE_LONGERON,1,2.5,1224.8022254919433,0.37999968084088104,12.487956574679554,-3.417893158584718,0.5421230431339962,927.8336465688175,796.718604019344
106,SPINE_DIAGONAL,3,2.854461080118482,278.3744597280047,-0.28874965971459265,1.6988494711139372,-0.06806985572131907,0.29195582356014355,1722.8633903114487,434.3383408277016
107,SPINE_LONGERON,1,2.5,482.8969029717182,-1.4771951179911285,6.852014344635409,-8.991477271480505,0.27154790750991076,1852.3434947906637,2020.7682287638897
108,SPINE_DIAGONAL,3,2.854461080118482,596.3124796259799,0.1440629567805473,0.9578564472088482,-0.6076565698065579,0.5350618863235852,940.0781719963597,202.7606416067394
109,SPINE_LONGERON,1,2.5,-519.7496448501361,-0.130937867070535,12.073445249332028,-14.357713221017661,0.35318131413241455,1424.1976567633913,1877.4860723090908
110,SPINE_DIAGONAL,3,2.854461080118482,520.4096767869705,0.279230117374804,1.67241889055223,-1.3300765348182608,0.5082043647336256,989.7593072890008,232.33369085979413
111,SPINE_LONGERON,1,2.5,-1159.3382144557345,1.2375003937510998,17.696357594844535,-8.788437232911917,0.5828719012381853,862.9683450711644,841.7066798335796
112,SPINE_DIAGONAL,3,2.854461080118482,188.0012592766991,-0.03394913401790278,2.2296290682180357,-0.6985842594028142,0.239759635805402,2097.9344513529954,643.1270802772481
113,SPINE_LONGERON,1,2.5,-1187.8102806891611,0.019089808936341657,12.260766812116303,-2.3764160767172484,0.5251169971877452,957.8817724313013,821.5307908663324
114,SPINE_DIAGONAL,3,2.854461080118482,-258.83903713091877,-0.2703215128481976,1.9045506902730347,-0.4257640697826588,0.2847755723599068,1766.3031833513285,467.1192657308284
115,SPINE_LONGERON,1,2.5,-496.38149239751874,-0.7638375021770163,6.586670687139471,-8.419447494690587,0.2702950694244048,1860.9292469564539,1965.8724876717517
116,SPINE_DIAGONAL,3,2.854461080118482,575.4091210367969,-0.19570125461971838,1.5413492973949756,-0.4806792539072333,0.5349976168477972,940.191103959814,210.12649356202573
117,SPINE_LONGERON,1,2.5,490.01563097262726,-0.2651901115533521,13.261362339786137,-14.116367471216734,0.3485970245363483,1442.9268312574254,1991.4114114213578
118,SPINE_DIAGONAL,3,2.854461080118482,-543.1563348816089,0.2804273361483937,1.2887402019771346,-1.5012789312123829,0.521373705063404,964.7590492482365,222.60386780432876
119,SPINE_LONGERON,1,2.5,1165.6005948300435,0.9998726957761999,18.29495589828778,-8.498287010372792,0.5888414409761469,854.2197695293933,837.1844726417729
120,SPINE_DIAGONAL,3,2.854461080118482,-205.73006291805405,-0.3090467119257372,2.1302977065669886,-1.0642875613695963,0.25624456750499086,1962.9684441610773,587.7055557759173
121,SPINE_FRAME,2,1.3776603565143233,-1.6228737771161832,0.3414711872319742,-5.599281653495041,4.336812623123748,0.12078007370640183,4164.5942460899405,882478.3924051629
122,SPINE_FRAME,2,1.3776603565143233,4.415371696384682,0.9918729371375687,0.34743109838382225,14.732423250032703,0.2520438868186658,1995.6841895629302,324355.7146227651
123,SPINE_FRAME,2,1.3776603565143233,15.607719570107292,0.29397358639418325,4.086915523213662,14.971887633372098,0.27061166276383525,1858.7521131303633,91759.14748294897
124,SPINE_FRAME,2,1.3776603565143233,-23.823545894301787,-0.065053326204902,-4.330557301373005,-8.660511930924045,0.17599233454499774,2858.0790254327403,60114.940414832694
125,SPINE_FRAME,2,1.3776603565143233,18.854444310371036,0.2346438283019232,5.310323302914412,3.809492258174373,0.12024600142757597,4183.091279779115,75958.2737274425
126,SPINE_FRAME,2,1.3776603565143233,-9.962906262306205,-0.10051110309228051,0.42199063155069894,13.326705944567713,0.2307101727876537,2180.22462521825,143748.32043983028
127,SPINE_FRAME,2,1.3776603565143233,-33.714191883889725,-0.8299841994263115,-6.914831002259774,15.62974964885867,0.30663152082170925,1640.405391631179,42479.1745517215
128,SPINE_FRAME,2,1.3776603565143233,18.472714754861954,0.9954462770619354,5.374529683396986,-9.719167946376672,0.1978889546659754,2541.8295874523856,77527.91405654368
129,SPINE_LONGERON,1,2.5,779.9804990517041,0.10181796675229011,-8.289561302477832,-5.732207687752577,0.3622490024393952,1388.547647095737,1251.0860469974912
130,SPINE_DIAGONAL,3,2.854461080118482,-281.88180926183304,-0.5869399310566669,-0.9771193830600255,-0.6871103925977309,0.27716471688730937,1814.8053101741357,428.9340319039896
131,SPINE_LONGERON,1,2.5,912.6783705936696,-1.9794065310381321,-13.738322966035874,-8.553781111584783,0.4649038464411368,1081.9441565185818,1069.1857621858442
132,SPINE_DIAGONAL,3,2.854461080118482,-229.9557503886556,0.4237831207442635,-1.2895132749233982,-1.2863374714370224,0.2563735307743101,1961.9810145018416,525.7911609634364
133,SPINE_LONGERON,1,2.5,502.03139166525676,0.48788407639085135,-10.038098902226427,-13.547535657849608,0.329480059933482,1526.6477737728635,1943.7484099488015
134,SPINE_DIAGONAL,3,2.854461080118482,572.5099632106376,0.4959720715621768,-1.6078789119481103,-0.5238059850289574,0.5355291062530122,939.2580050772372,211.19056215024284
135,SPINE_LONGERON,1,2.5,-223.00283703787045,1.3045871385576961,-4.210302417547151,-8.898376719891814,0.1685262086575698,2984.6989617030495,4375.830963657257
136,SPINE_DIAGONAL,3,2.854461080118482,-537.6649776166632,-0.2899458408741535,-1.1627296873733641,-0.8922680571507797,0.4984084171553826,1009.2124905731397,224.87739763714566
137,SPINE_LONGERON,1,2.5,-798.5776949093379,-0.2702057550936122,-8.284215227484147,-3.664139958716248,0.35919257218818146,1400.3630334996951,1221.9508828186235
138,SPINE_DIAGONAL,3,2.854461080118482,-238.78281564437384,0.3117537146938366,-1.3603346923729918,-0.7879489027985684,0.25458094165042183,1975.7959756889231,506.35428115205
139,SPINE_LONGERON,1,2.5,-864.5854546189912,-1.2924816676768232,-13.108692830464632,-8.030185476470194,0.4406599292202133,1141.4697971065873,1128.659653109427
140,SPINE_DIAGONAL,3,2.854461080118482,177.82148868274862,0.2641817276442403,-1.5167270136363729,-0.652908792455797,0.20687215964014405,2431.4533230327993,679.9442624326616
141,SPINE_LONGERON,1,2.5,-468.83378832481213,-0.3035300380355827,-8.266384088548914,-13.5906837297116,0.30917517843210274,1626.9093869398791,2081.3830905413934
142,SPINE_DIAGONAL,3,2.854461080118482,524.6576105387267,-0.4267602552282075,-1.6378392174793595,-0.9309744893647434,0.5027435842179164,1000.5100329275856,230.4525819094065
143,SPINE_LONGERON,1,2.5,160.47217544669638,1.9407415661313445,-3.694611212313145,-9.598182299996438,0.15155267749656767,3318.9779838194668,6080.946535294296
144,SPINE_DIAGONAL,3,2.854461080118482,594.3491305656298,-0.3957636317498321,-0.5791970498821022,-0.7195515817677673,0.5259943488002163,956.2840383120731,203.43043297127915
145,SPINE_FRAME,2,1.3776603565143233,-13.182351458395715,1.3422901971380732,-10.789325515149699,10.890342865038846,0.2668585530387298,1884.8936797127817,108641.54596590281
146,SPINE_FRAME,2,1.3776603565143233,27.091933535441058,-1.0490669933456478,-9.476464910417349,16.556114791944495,0.336964760719751,1492.7376943678044,52862.6367709221
147,SPINE_FRAME,2,1.3776603565143233,-7.979519160988275,-0.05602047789130182,7.126717716392022,11.871216533477444,0.23837391427683685,2110.1302192648404,179478.36367230554
148,SPINE_FRAME,2,1.3776603565143233,-18.302602006100642,0.17388597637891579,-7.707030404983584,-3.951051059343172,0.15590250212981047,3226.3754149448014,78248.49392608865
149,SPINE_FRAME,2,1.3776603565143233,24.22210766994249,-0.10508470991624463,6.335610798796097,8.407112860778128,0.19048481377215343,2640.630452575913,59125.78134904247
150,SPINE_FRAME,2,1.3776603565143233,-1.527265583659755,0.21186414679253307,8.572300854482705,14.71136776677185,0.2889253392082594,1740.9341852063521,937722.3301753124
151,SPINE_FRAME,2,1.3776603565143233,-6.571752776071662,-0.9956078281315301,-8.422915663239166,14.488424781900257,0.28731625020996143,1750.6841316229898,217925.27666600206
152,SPINE_FRAME,2,1.3776603565143233,-15.874744860986539,0.8756385878013475,11.936900863715323,-5.357653976057705,0.22985660738353444,2188.320821949241,90215.6887841146
153,SPINE_LONGERON,1,2.5,282.7201007644526,0.45138129233111757,3.656937544381931,-6.067565594683401,0.16319470034753467,3082.2079327871916,3451.550550014591
154,SPINE_DIAGONAL,3,2.854461080118482,-314.27239683973585,0.8581943340010532,0.6351434682871666,-1.5466836378604398,0.3216713444423733,1563.7078300274627,384.7258053297221
155,SPINE_LONGERON,1,2.5,123.76656274581455,3.4681202680636964,-1.6918036363490394,-10.037020620931571,0.13992343048967304,3594.823241823846,7884.380867050672
156,SPINE_DIAGONAL,3,2.854461080118482,-601.0993751455771,-0.7532835866239388,-1.0088521452036465,-0.6506982117532374,0.5418937995593115,928.2261587216141,201.1459435268705
157,SPINE_LONGERON,1,2.5,395.628602883469,-0.9349237384620522,1.4207925338403768,-14.3001870212712,0.26978817712503267,1864.4256592715178,2466.512057474146
158,SPINE_DIAGONAL,3,2.854461080118482,494.6360920697116,0.48033444335329556,1.5146245361933754,-0.7651111224004268,0.4712019090759894,1067.4829416255243,244.43970609008676
159,SPINE_LONGERON,1,2.5,-572.1808344405499,1.2217605942945435,9.46151018781444,-7.28892998061815,0.3081321622797312,1632.4164159902339,1705.4446086923515
160,SPINE_DIAGONAL,3,2.854461080118482,175.69949695605283,-0.4426410052146307,1.0469822497469208,-0.553151859258179,0.1886744419442377,2665.967869398339,688.1562159356206
161,SPINE_LONGERON,1,2.5,-441.35795677690476,0.11556416426712807,4.335323928565766,-3.4105138628349323,0.20324782854958667,2474.81118784638,2210.955312598976
162,SPINE_DIAGONAL,3,2.854461080118482,-212.8649293908693,-0.5938492769470102,0.9562728419799029,-1.030939752137641,0.22770414114828524,2209.006816755418,568.0066759379279
163,SPINE_LONGERON,1,2.5,-45.26863049187887,0.9165607228118766,0.20936795224090687,-9.148039404192218,0.10080182556384434,4989.988992624121,21556.267744145433
164,SPINE_DIAGONAL,3,2.854461080118482,502.71436230983454,-0.20947462976780426,1.2663171068165724,-1.2566364699147243,0.4808339759389329,1046.0991218804434,240.51172998425406
165,SPINE_LONGERON,1,2.5,-556.4690341771258,1.2644407395355266,6.65167614541965,-14.329470316447214,0.33849441349347464,1485.9920280772865,1753.5975218040965
166,SPINE_DIAGONAL,3,2.854461080118482,576.6763304426768,-0.9467044164919417,1.799953953211722,-0.5960959099728882,0.5469180023512923,919.6991099900142,209.6647540124556
167,SPINE_LONGERON,1,2.5,650.2803877983397,2.8454139674582413,10.975602835879707,-7.794307013320349,0.34972013630759047,1438.2929313443788,1500.618406465523
168,SPINE_DIAGONAL,3,2.854461080118482,-295.35383799140027,-0.5888231542224429,0.4298249589449519,-1.7092082033307037,0.3086706159413841,1629.5687831054142,409.3689853137776
169,SPINE_FRAME,2,1.3776603565143233,16.96882113423635,1.7801204210029038,-24.635566108587,6.410322077738996,0.44018815112891374,1142.6931840623106,84398.97094657162
170,SPINE_FRAME,2,1.3776603565143233,-31.08595953619806,0.4805069206486232,10.819609538314637,11.697234137192108,0.28555688886667846,1761.4703745944016,46070.67188124964
171,SPINE_FRAME,2,1.3776603565143233,-0.8298310280661099,0.19835564315491272,10.934193329470133,9.991919716331836,0.251092232252017,2003.2479519125366,1725834.5295229058
172,SPINE_FRAME,2,1.3776603565143233,-25.126143406974734,-0.28594551352338016,-7.259606977190629,-6.3995239235121915,0.17661338385518072,2848.0287791351616,56998.4425667345
173,SPINE_FRAME,2,1.3776603565143233,20.15623464478267,-0.09879203720565499,8.8428490327168,2.6171422730931084,0.16632925602952853,3024.122226042435,71052.50892069211
174,SPINE_FRAME,2,1.3776603565143233,2.0886117446498247,0.25519976412303524,9.319058296765718,8.733944377435115,0.2172291501644964,2315.527173121582,685695.1970966235
175,SPINE_FRAME,2,1.3776603565143233,-25.725852409217623,-0.48362085431228774,-10.490399206422069,12.547759780188855,0.28995725692051055,1734.7384415969054,55669.721614077265
176,SPINE_FRAME,2,1.3776603565143233,24.54048964289541,1.7451015312205875,22.51967231357071,-11.266074385153516,0.43935588540658993,1144.857771814101,58358.698736094644
177,SPINE_LONGERON,1,1.0,131.32677677224274,3.2418705626798294,3.6787055364240686,-30.570354858565224,0.33207699283941494,1514.7089706489835,46440.582381481676
178,SPINE_DIAGONAL,3,1.7023360590409793,224.0357438551291,0.794498199170544,1.2916079909618077,5.2206660780069,0.379671963216433,1324.8278744071063,1517.3923716015356
179,SPINE_LONGERON,1,1.0,-272.8176122710429,7.149841643730884,-7.397365737350722,-8.476437223233006,0.20657026228981917,2435.0068321755257,22355.19893608106
180,SPINE_DIAGONAL,3,1.7023360590409793,220.49168841479514,-0.7487410546156468,3.9931785794670844,-5.739696938628896,0.4345229493953594,1157.5913325174809,1541.7820559853706
181,SPINE_LONGERON,1,1.0,-322.4720154542972,-1.6853570755772496,-2.349606063392244,-10.875504341576743,0.2147958111244067,2341.7588889043536,18912.934156452924
182,SPINE_DIAGONAL,3,1.7023360590409793,323.42510852880514,1.7235607018711785,-5.225604454694299,1.6562999259968194,0.46806021266980136,1074.6480610494602,1051.093807274928
183,SPINE_LONGERON,1,1.0,-28.46532661321544,-0.306816530089538,0.42832541648916395,-9.092924924771069,0.0943356062607786,5332.027003775451,214256.87744451503
184,SPINE_DIAGONAL,3,1.7023360590409793,272.73393134780054,0.21931212427531094,-2.2984649545343245,0.27193773625504036,0.3092796213668158,1626.3599838135647,1246.453373116715
185,SPINE_LONGERON,1,1.0,208.26562630747503,0.6842415916386613,1.2749345158397247,-8.344661432970497,0.15020333562241606,3348.7938061805153,29284.19875962456
186,SPINE_DIAGONAL,3,1.7023360590409793,-114.94012506491345,0.8937423742843911,-1.970689583794325,-0.4949907138562821,0.17053556782978174,2949.5313288666216,2957.62796934368
187,SPINE_LONGERON,1,1.0,191.27610771662512,0.3465678902018752,0.798410125183274,-7.6786406466744666,0.13758124202631186,3656.021653764423,31885.278660214477
188,SPINE_DIAGONAL,3,1.7023360590409793,-103.34359312581546,-0.838738681789911,-0.8543362240830419,1.0094415772562115,0.13569266082124237,3706.9064528304725,3289.513344847386
189,SPINE_LONGERON,1,1.0,37.372380625225446,-0.4070170366268382,2.057977194019486,-11.568815570771221,0.12199001095283164,4123.288423955374,163192.49385652432
190,SPINE_DIAGONAL,3,1.7023360590409793,270.1132213418823,-0.22952792861870264,-1.8551017709678703,1.4864960751405079,0.3093663859259722,1625.9038566664515,1258.546793833441
191,SPINE_LONGERON,1,1.0,46.9115726637574,-8.298015117269177,7.725604499279825,-15.36818819995824,0.18805255860937664,2674.784133327498,130008.26127275905
192,SPINE_DIAGONAL,3,1.7023360590409793,318.3877952695693,-1.2465426094057628,-2.6648955379230372,1.5415296217742593,0.3764945252619773,1336.0088029168446,1067.7234923657265
193,SPINE_FRAME,2,1.3776603565143233,-161.43629187836632,0.27086406616685466,-23.17514977671283,2.2453533494623628,0.4762483282311734,1056.1716864564848,8871.30784064982
194,SPINE_FRAME,2,1.3776603565143233,-124.68140035765828,-0.04535978886632508,22.232583039229496,3.9057236331001093,0.4454878307929026,1129.0993046987035,11486.485055491417
195,SPINE_FRAME,2,1.3776603565143233,87.12164966504497,0.3277197896799384,6.8839333481039375,3.887517240320605,0.17821928223371916,2822.3657602905114,16438.520705383213
196,SPINE_FRAME,2,1.3776603565143233,-245.06195528966055,-0.1582325314586992,-7.2484652709378,-2.0006114419783785,0.2520666405543618,1995.5040416842498,5844.0366241801885
197,SPINE_FRAME,2,1.3776603565143233,199.54108315082703,-0.3175650237172416,5.762634328930744,2.0332469221122693,0.20508721218518047,2452.615132072806,7177.223954545063
198,SPINE_FRAME,2,1.3776603565143233,50.82800397448591,0.3932564020567666,8.332813313934821,4.315954124470764,0.18477856015355906,2722.1772893023144,28176.417130699836
199,SPINE_FRAME,2,1.3776603565143233,357.08696536754724,-0.0707888583373153,24.13325965567111,4.426030212792057,0.5970651786634363,842.4540870495806,4010.6505720024825
200,SPINE_FRAME,2,1.3776603565143233,392.82908311464416,-0.0031203105227390893,27.977585144138175,-2.581954016888659,0.6755228396766015,744.6084284001488,3645.7357753423307
201,SPINE_LONGERON,1,1.5,-187.92500082179686,1.8754830244941472,-3.7162681779836557,27.89497830602386,0.32630566396132765,1541.4994453164425,14423.93855448317
202,SPINE_DIAGONAL,3,2.036651187098854,-107.84405392923145,-0.6607346410804706,-2.226583887731678,5.4073792851624205,0.3001291064812398,1675.9454152822766,2202.2990561457323
203,SPINE_LONGERON,1,1.5,87.58900911900128,7.106373619398159,3.429386979525251,3.6427675914719657,0.09556711570408377,5263.316741267999,30947.018261412937
204,SPINE_DIAGONAL,3,2.036651187098854,-11.373528351279674,1.6195361165213291,4.264652965516721,-0.5695912778797947,0.17151949359643368,2932.611270317199,20882.249627711473
205,SPINE_LONGERON,1,1.5,102.09598549879479,-1.5846972324499198,3.365858221855831,2.8929107916073917,0.07742362897098672,6496.724665134094,26549.70860472075
206,SPINE_DIAGONAL,3,2.036651187098854,79.75038828218749,0.22152506199161293,1.404594164075732,0.7212944015277856,0.12301047327824946,4089.0827146255665,2978.1028443258797
207,SPINE_LONGERON,1,1.5,-69.58629227427082,-1.5726955293236138,2.9209016660442013,4.593654842290562,0.07556680369108876,6656.361992710781,38953.34233387564
208,SPINE_DIAGONAL,3,2.036651187098854,-44.886287520141195,0.7524904384205426,0.775045953526746,0.9446221644190302,0.08440259813157101,5959.532184256916,5291.256446029395
209,SPINE_LONGERON,1,1.5,-109.63135162385151,0.3398001186056822,-1.4477405874871874,6.044699497557758,0.09550197971022421,5266.906524097427,24724.849457343294
210,SPINE_DIAGONAL,3,2.036651187098854,-44.42306797396486,-0.6772916872070485,0.6683038078149366,-0.40910476391863426,0.06829661679555914,7364.9329000540865,5346.430784980248
211,SPINE_LONGERON,1,1.5,29.233570641514234,1.5953057706429412,-3.7282540062635476,2.2595000333660664,0.052138846372443565,9647.317403360226,92722.8048172631
212,SPINE_DIAGONAL,3,2.036651187098854,77.92226933266647,-0.3151901603637266,1.3868813349760174,-0.242422490397189,0.11557471131098597,4352.163153118664,3047.9715261540696
213,SPINE_LONGERON,1,1.5,146.68790710450355,0.4269574224603554,-2.1380645305545585,3.085657216395248,0.08544770162820675,5886.641658176058,18478.81477219315
214,SPINE_DIAGONAL,3,2.036651187098854,5.838417496561306,1.1696352826262375,-1.9373123105291903,-0.336582139920381,0.08377338199944712,6004.293822151286,40679.663336710815
215,SPINE_LONGERON,1,1.5,7.601193647737091,-7.680365003628186,-3.687906339747016,9.691700355849207,0.11656681915145298,4315.121607174182,356604.34272869234
216,SPINE_DIAGONAL,3,2.036651187098854,-102.42735675311451,1.0296580444882666,-1.087492469039109,-2.908761942744576,0.199031352624566,2527.2400220723607,2318.763909447991
217,SPINE_FRAME,2,1.3776603565143233,13.672240555999451,-2.013002033340867,-19.645465080935992,-3.1248371816622154,0.34485288096828964,1458.593005190096,104748.81831109595
218,SPINE_FRAME,2,1.3776603565143233,-33.30251137423329,-0.7569915574775368,8.50827871283127,-2.633290110741715,0.16804510449291754,2993.2439955202594,43004.29555634243
219,SPINE_FRAME,2,1.3776603565143233,-8.610543434231658,0.6275943169272846,9.415673792866016,1.4308773767817726,0.16580471394909138,3033.689380836548,166325.27933282283
220,SPINE_FRAME,2,1.3776603565143233,-18.001126862138335,-0.45009466941775855,-6.006137492325706,-0.6699203677055721,0.11163083016091718,4505.9236706823685,79558.96610662852
221,SPINE_FRAME,2,1.3776603565143233,20.19412770777126,-0.2646704234987318,7.479600108764771,0.8944273247421677,0.13781310750835646,3649.870531868676,70919.18317198979
222,SPINE_FRAME,2,1.3776603565143233,-7.141298955975799,0.5822058575678568,8.139299293278214,1.4528222017055938,0.14380290797219872,3497.843034559806,200544.89396604354
223,SPINE_FRAME,2,1.3776603565143233,-14.120843747325125,0.4787326542457224,-8.857308319591482,-1.579767795925349,0.1595972804844902,3151.682776003705,101421.06714956553
224,SPINE_FRAME,2,1.3776603565143233,18.039051738793205,-1.9597168567074963,18.475911732846725,5.171076759031493,0.3350898543538509,1501.0899120474055,79391.70321387378
225,SPINE_LONGERON,1,2.5,-23.54161715133705,-0.36905418269943085,0.6103120281104828,-2.253402592372481,0.029927758359685416,16807.13917677085,41450.963755831224
226,SPINE_DIAGONAL,3,2.854461080118482,89.26738231686977,-0.38665235733150016,0.5180176463734281,0.9228161216394568,0.11264873563898603,4465.207684283313,1354.455545003923
227,SPINE_LONGERON,1,2.5,-61.17537199937124,4.398025586060768,2.13100306248061,-0.5172196282073855,0.054464156758312544,9235.431702947097,15951.234743676858
228,SPINE_DIAGONAL,3,2.854461080118482,79.10691953501737,0.7210461716177631,-0.27290343270800044,0.9628798406069876,0.10396660535880373,4838.091984095033,1528.421302178858
229,SPINE_LONGERON,1,2.5,-33.61694177733381,0.8531558879305376,2.41742649829496,0.08197561281269827,0.03471720151514467,14488.494983692059,29027.7064986225
230,SPINE_DIAGONAL,3,2.854461080118482,63.17521384940119,-0.4435545599227757,1.078040856123752,-0.2850780932168675,0.09344142687883515,5383.0513595670645,1913.8629471883528
231,SPINE_LONGERON,1,2.5,44.03632966740042,-2.402935893370092,-0.23846339572961317,-2.416202329106227,0.042366953595024626,11872.460899786523,22159.492552262294
232,SPINE_DIAGONAL,3,2.854461080118482,62.3682223272117,0.4029343651136319,-0.4828602758416949,-0.33584158284699583,0.07389404941050197,6807.043381879037,1938.6266989097119
233,SPINE_LONGERON,1,2.5,-27.00715865305392,-0.14167642369968084,0.3891110561807416,-3.976066088884636,0.04640125902060317,10840.223102064041,36132.00232684909
234,SPINE_DIAGONAL,3,2.854461080118482,-53.395244484412615,0.19357374746064016,-0.15766096887278636,-0.8817937629073072,0.07667018325083483,6560.568641845825,2264.409539361986
235,SPINE_LONGERON,1,2.5,-44.5759338520038,2.224512645610648,0.07721737882891233,-1.4661135860303602,0.034056436704931546,14769.601539880507,21891.245678296902
236,SPINE_DIAGONAL,3,2.854461080118482,47.27295582449915,0.41120373650126385,0.35004690164864094,-0.7204956266835438,0.06914862486009686,7274.1865947107635,2557.671693218062
237,SPINE_LONGERON,1,2.5,26.246059475727066,1.2113766579881826,-2.921811359739653,-0.09477368897444194,0.037464765680449506,13425.948110559888,37179.78008074657
238,SPINE_DIAGONAL,3,2.854461080118482,-66.29526214258294,0.07459298757039873,-0.7862282679703245,0.17478188054667498,0.08391353485308362,5994.26541714225,1823.7909778081564
239,SPINE_LONGERON,1,2.5,-53.552166458677675,3.9957072624526533,-1.8657612228375289,-0.32614546291029,0.04826854019241789,10420.866220416836,18221.909286278802
240,SPINE_DIAGONAL,3,2.854461080118482,-52.02316173204963,-0.721077147490869,-1.4243041266815766,-0.647623752010773,0.10181910153712778,4940.133947426199,2324.1321161874293
241,SPINE_FRAME,2,1.3776603565143233,2.3546653476150823,-1.0834600172065265,-4.355591407507745,-1.579093240584399,0.08116843752063596,6196.990053826269,608218.5068704286
242,SPINE_FRAME,2,1.3776603565143233,7.377664993313374,0.5138073547366506,-4.033987783216901,-0.9083853166552203,0.07411457753421476,6786.789006087118,194119.82560932092
243,SPINE_FRAME,2,1.3776603565143233,-2.892380567092914,0.8988329329791434,2.885055033504102,1.6134170530326202,0.058902337537609595,8539.559226810492,495146.12917808956
244,SPINE_FRAME,2,1.3776603565143233,-2.898612026612682,-0.5262603927866305,-3.1370764810155833,-1.053196064199696,0.057989785442289644,8673.941387497911,494081.66003492224
245,SPINE_FRAME,2,1.3776603565143233,2.8400716398537043,-0.6297772229700023,2.4820728108288677,1.4159212214131571,0.050650495374630254,9930.801195123984,504265.81562560727
246,SPINE_FRAME,2,1.3776603565143233,5.064504369103815,0.850338399432891,3.575097322707279,1.269006036750369,0.06792924966668737,7404.763080235703,282782.072544526
247,SPINE_FRAME,2,1.3776603565143233,-3.902553789986996,0.6599260352723855,-3.1217276327716377,-1.4960279188069308,0.06133452836555024,8200.927167844988,366977.9121508934
248,SPINE_FRAME,2,1.3776603565143233,-16.773290912613447,-1.007576773228056,5.364824186195619,0.8166172302026666,0.10145372554588916,4957.925372316515,85382.8297241904
249,SPINE_LONGERON,1,1.0,-65.85066895183627,-0.20868193181159556,0.6746256567254658,4.422051713165274,0.06422884494879856,7831.372343702857,92617.00894863457
250,SPINE_DIAGONAL,3,1.7023360590409793,-28.076093815630884,-0.33716973733140043,-0.5122153095068143,0.41693053238788025,0.04814963635505577,10446.600183870016,12108.170421577204
251,SPINE_LONGERON,1,1.0,-10.262690223979007,-2.6274589679318567,1.3706000918926655,-0.13554049235244747,0.026691851297451837,18844.70261708746,594278.094971199
252,SPINE_DIAGONAL,3,1.7023360590409793,-29.37099455302814,0.25027186596042195,0.8281065878038021,-0.2876639079551069,0.0563719425845502,8922.878597727386,11574.348566170695
253,SPINE_LONGERON,1,1.0,42.48771026045392,0.7025195305007803,3.34049370232524,-0.6443531773184077,0.046559624379823285,10803.35176024264,143544.8499860071
254,SPINE_DIAGONAL,3,1.7023360590409793,30.396055702069134,0.2556191823266054,0.21603614548068606,0.2666149632268855,0.038354006466269915,13114.666402383773,11184.021111946682
255,SPINE_LONGERON,1,1.0,17.923512806606595,1.7915017767057488,0.09615202725133543,-1.2555665607087576,0.022945505468212935,21921.50444002292,340273.2523134497
256,SPINE_DIAGONAL,3,1.7023360590409793,27.612432020727283,-0.17906147790496796,-0.3939733054623815,-0.43095452583418137,0.04421207472629279,11376.982489827999,12311.488116536235
257,SPINE_LONGERON,1,1.0,-33.15050839545074,-0.13465426873173042,-0.565332430911341,-2.8440929165535636,0.03835169689845013,13115.456177385655,183975.8209084584
258,SPINE_DIAGONAL,3,1.7023360590409793,-26.00760731306582,-0.2689944008577325,0.39918164349731455,-0.20936001487666545,0.03866370335470133,13009.617712650836,13071.180466534608
259,SPINE_LONGERON,1,1.0,-31.826994888935587,-1.8172655128175625,-0.8506767647846138,-0.7067120842202712,0.02577040853237031,19518.5109063436,191626.38561600505
260,SPINE_DIAGONAL,3,1.7023360590409793,-31.668035560869612,0.10345008863406013,-0.4957558054945821,0.23964307363496573,0.0461394893984606,10901.724456811657,10734.80317522144
261,SPINE_LONGERON,1,1.0,39.03584165263169,-0.36437935032050495,-3.4157698241497165,0.5683459405672693,0.04568378153021792,11010.472057075365,156238.26046478038
262,SPINE_DIAGONAL,3,1.7023360590409793,26.799747429555282,0.3369248013425352,-0.6044765326166726,-0.3637626562714331,0.04869428575543643,10329.754142534948,12684.825839699703
263,SPINE_LONGERON,1,1.0,41.48620453290641,2.629735482091536,-0.725076353137462,0.8191995392671743,0.0323190445825788,15563.578889678445,147010.12214188496
264,SPINE_DIAGONAL,3,1.7023360590409793,29.982516157979262,-0.1286779467095729,0.573424765533531,0.5758465435364997,0.054188622907616196,9282.391266106588,11338.278845599069
265,SPINE_FRAME,2,1.3776603565143233,33.028672813445155,-0.5015958347557294,-1.8955024270678678,-0.19181307572496564,0.0496090662637017,10139.275698644593,43360.8413512453
266,SPINE_FRAME,2,1.3776603565143233,7.887437390367268,0.47188022076885483,-1.7985350477940756,-0.3665445528703941,0.03575318486216167,14068.676732973663,181573.68116227898
267,SPINE_FRAME,2,1.3776603565143233,-31.985231825266965,0.40403758439130755,1.5812575571856655,0.3311544977604086,0.044028916990413274,11424.310075796817,44775.38414383622
268,SPINE_FRAME,2,1.3776603565143233,-7.980033353378531,-0.4042705419161603,-1.4656404822467266,-0.33113228700068476,0.03008054004977737,16721.774248987353,179466.79900775728
269,SPINE_FRAME,2,1.3776603565143233,30.837572646996705,-0.2592622796059487,1.5711226047865239,0.32191698195119045,0.04301293638838369,11694.156275641832,46441.756564308
270,SPINE_FRAME,2,1.3776603565143233,3.489789369778009,0.5207032038401604,1.4423380574729094,0.3114062051449835,0.0278146500372504,18083.99528041388,410383.23238318687
271,SPINE_FRAME,2,1.3776603565143233,-32.41616570393671,0.27355372229767116,-1.8207272879247398,-0.3180022844421799,0.0479545705657844,10489.09403348699,44180.14934234062
272,SPINE_FRAME,2,1.3776603565143233,-2.1676249732481665,-0.6712546852719115,1.8236405117827417,0.22489153911850224,0.0336671683590726,14940.371421656908,660700.5637879871
273,SPINE_LONGERON,1,1.5,75.10166458180538,-0.1583780280343445,-0.5307963183515918,-2.3070554965684096,0.047863182926006186,10509.121400839764,36092.65759685291
274,SPINE_DIAGONAL,3,2.036651187098854,12.18468696884156,0.14205923559019196,-0.050426069762174563,-0.14735352166212579,0.01630403741484784,30851.254029994157,19492.077128170677
275,SPINE_LONGERON,1,1.5,-1.5489813787826279,1.0231960487592215,-0.9020690850779376,-0.3165367558285652,0.012496195000616701,40252.25278376149,1749936.2496114192
276,SPINE_DIAGONAL,3,2.036651187098854,-5.973363145272742,0.11809479589043348,-0.24024051484857978,0.315270581074202,0.019535892276556374,25747.480221500522,39760.65951510662
277,SPINE_LONGERON,1,1.5,-57.772938525994505,-0.0031613517150808207,-1.8106603018455143,0.6721146910117568,0.03783002435501217,13296.31710727029,46918.483529882666
278,SPINE_DIAGONAL,3,2.036651187098854,4.077101116272388,0.13619820000657445,0.09554548768022642,0.00807818260105364,0.008031541432426643,62628.077590334244,58253.364683881526
279,SPINE_LONGERON,1,1.5,-1.4340645796146418,-0.839090668215267,-0.24460507468930537,0.7524614912899779,0.010341127915161452,48640.72895399891,1890164.9920348688
280,SPINE_DIAGONAL,3,2.036651187098854,1.8838686348608462,-0.10883440094696728,0.2709140226547504,0.13900577924732715,0.012948051713794755,38847.543330716515,126072.94042921385
281,SPINE_LONGERON,1,1.5,47.90789186042457,-0.14761278694277796,0.5073051350592053,1.5208071292354362,0.03140762755451633,16015.217931596682,56579.79425606842
282,SPINE_DIAGONAL,3,2.036651187098854,-3.3230847025261028,-0.11611852506260467,-0.0006955079269204134,-0.06193176791447286,0.006151073820324582,81774.3396832551,71471.20204270817
283,SPINE_LONGERON,1,1.5,14.97475139915332,0.8283656000667393,0.56343572422956,0.5286488768851996,0.014013549121711783,35893.83357715433,181012.59863706696
284,SPINE_DIAGONAL,3,2.036651187098854,1.9900727255608217,0.12116362153851634,0.1685607137410159,-0.17929180468718187,0.01114450410461353,45134.354591136216,119344.81344763153
285,SPINE_LONGERON,1,1.5,-53.81090487878146,0.3108878680570934,1.7428479475613616,-0.39422008137489684,0.035212597902471506,14284.660319388006,50373.03629832918
286,SPINE_DIAGONAL,3,2.036651187098854,-6.524968153047666,-0.11388965265901763,0.115649048851175,-0.0032323450774640605,0.010198939423796719,49318.85356886944,36399.389638146
287,SPINE_LONGERON,1,1.5,-23.388268997914565,-1.0150891898752799,0.6680274226805443,-0.623373682149122,0.018441916225197197,27274.82295536897,115896.50627613747
288,SPINE_DIAGONAL,3,2.036651187098854,-2.837945517305343,-0.1348478012919907,-0.25006913671875,-0.1496377255876098,0.0134877379969327,37293.13248184308,83689.01260824382
289,SPINE_FRAME,2,1.3776603565143233,-1.3652382855289034,-0.18230285418172265,-0.420616185736435,0.5254283051935147,0.012376613394116729,40641.16604297449,1049011.7784465428
290,SPINE_FRAME,2,1.3776603565143233,1.6226202183170244,0.1325089649210156,-0.6373963272384344,0.2252245038596854,0.012418932478273262,40502.6761261478,882616.2929187495
291,SPINE_FRAME,2,1.3776603565143233,1.3477553853299469,0.16342569534345452,0.639511357110564,-0.385764741795505,0.013538397656261688,37153.58440275654,1062619.4170653424
292,SPINE_FRAME,2,1.3776603565143233,-2.216314735902415,-0.12801542440770675,-0.7444086172051811,0.20066363517597097,0.014299113363123256,35177.00623992628,646185.7689733115
293,SPINE_FRAME,2,1.3776603565143233,-1.9640756164008053,-0.13915681817740833,0.8501553588555453,-0.2696054888091197,0.01622166248087876,31007.919231022704,729173.0674455498
294,SPINE_FRAME,2,1.3776603565143233,2.3685289733984973,0.15411908383890927,0.6139580565344431,-0.3181181848777328,0.013103817384676133,38385.76082327111,604658.4432746263
295,SPINE_FRAME,2,1.3776603565143233,3.020446101494599,0.14539725614676335,-0.893752098924665,0.30046234234281144,0.017623705674142943,28541.10306313098,474152.1595758046
296,SPINE_FRAME,2,1.3776603565143233,0.9360725538717816,0.17172635134239123,-0.6417168652535565,-0.3889864560854761,0.013413552012187096,37499.388643887265,1529957.3051066645
297,SPINE_LONGERON,1,2.5,56.2130543284602,0.06447028171016382,0.33902672562722325,-0.23485006383043583,0.023198958531549196,21682.00780720178,17359.361289850352
298,SPINE_DIAGONAL,3,2.854461080118482,15.095853529694068,0.002617200799052366,0.08101658424111058,-0.06795552080249934,0.016311471964780014,30837.192442600244,8009.398125732857
299,SPINE_LONGERON,1,2.5,-10.156494245599788,0.453714197500706,-0.04625133357104616,-0.5904785738609917,0.009707847368880534,51813.75240945962,96078.69563028537
300,SPINE_DIAGONAL,3,2.854461080118482,6.829543757059582,0.03526672584338497,0.10902959677949298,-0.10710538861441421,0.011204269680157985,44893.599882799994,17703.77425901813
301,SPINE_LONGERON,1,2.5,45.853753969826556,0.08385023092875254,0.23002334606188768,-0.255452801741626,0.01899902222633633,26475.04666333536,21281.195863175213
302,SPINE_DIAGONAL,3,2.854461080118482,-11.193581876977987,0.002990739654532615,-0.046261374181330694,-0.05820987835620883,0.01194954554451626,42093.65102012859,10801.609555895971
303,SPINE_LONGERON,1,2.5,6.506807742947785,-0.4314233260283991,-0.5454845963769417,-0.0009456197378767683,0.008086388300629571,62203.29537734895,149969.50238023305
304,SPINE_DIAGONAL,3,2.854461080118482,-6.516392520146837,-0.041034498948442355,-0.11091426924397219,-0.10342348759954234,0.010923149507481552,46048.989776756425,18554.545416540514
305,SPINE_LONGERON,1,2.5,-42.06924292973781,-0.06556541333927762,-0.27323789066782744,-0.2739161602223703,0.01809147399882269,27803.151917457522,23195.632993051546
306,SPINE_DIAGONAL,3,2.854461080118482,-7.734625944141953,0.0008998366502664945,-0.017843097682442632,-0.06767264384741623,0.008925091979188093,56357.962603961576,15632.13293574244
307,SPINE_LONGERON,1,2.5,1.0657630279411023,0.43399848529013646,-0.08513955679596563,0.6013994643315073,0.006945092326117489,72425.24308977644,915609.4682500602
308,SPINE_DIAGONAL,3,2.854461080118482,10.23328508456325,0.0437188355824259,-0.14530907337898036,0.11023676685890393,0.015094793035855513,33322.74903042365,11815.238212161046
309,SPINE_LONGERON,1,2.5,47.5863773357284,0.05313758876056249,-0.28615207716182844,0.30917762138869875,0.020308017201086728,24768.543133451913,20506.34601598613
310,SPINE_DIAGONAL,3,2.854461080118482,8.653806834136049,0.005317723045120071,-0.0724089776026311,0.026523747135087206,0.009944388442840034,50581.290432410686,13971.735593881012
311,SPINE_LONGERON,1,2.5,-2.255922258727878,-0.44924820064510534,0.7178429737568277,0.09522673574815599,0.008323100792834028,60434.20745704172,432560.43754096224
312,SPINE_DIAGONAL,3,2.854461080118482,-13.532504235400665,-0.036953128595441975,0.1409030437855776,0.14911493262565045,0.018621327565269106,27012.03758093769,8934.687834848446
313,SPINE_FRAME,2,1.3776603565143233,-2.0973322802601615,-0.0657514127062857,0.669076414784513,0.2294553747853456,0.01307333313476035,38475.26830495783,682844.1327038242
314,SPINE_FRAME,2,1.3776603565143233,-2.1785543095029425,0.08280749068295234,0.13875456623713944,0.3108080891902745,0.00697580654596842,72106.35740618446,657385.9718157509
315,SPINE_FRAME,2,1.3776603565143233,1.024926069425419,0.06923398499724698,-0.37328135017253317,-0.1917076419285948,0.007690347122562003,65406.670464106166,1397321.3138278923
316,SPINE_FRAME,2,1.3776603565143233,1.6524348138918867,-0.08408933102222882,0.06245754151336769,0.27031268334188496,0.005671899064238995,88682.81933495373,866691.3997853382
317,SPINE_FRAME,2,1.3776603565143233,-0.8527355338592315,-0.07315269942956171,-0.24206290090569382,-0.11712795477181714,0.005098870233620831,98649.30405236212,1679478.554651625
318,SPINE_FRAME,2,1.3776603565143233,-1.0208856653771363,0.08169689801715263,-0.22225537550252739,-0.32335570785355827,0.007259193746307377,69291.44166400949,1402851.5537799404
319,SPINE_FRAME,2,1.3776603565143233,1.4231095110881142,0.0758604458167973,0.38547175720259474,0.11264763645955611,0.007602406065821461,66163.26405680482,1006353.3626522927
320,SPINE_FRAME,2,1.3776603565143233,1.0622824357415084,-0.07421366486836156,-0.44523431873290065,-0.40536285404579075,0.010785301582825467,46637.54612119313,1348182.9254818612
321,SPINE_LONGERON,1,2.5,32.92895130100624,-0.05829910895452012,-0.13307445286257913,-0.3244562349584612,0.014606444994625023,34436.85305939244,29634.18756867328
322,SPINE_DIAGONAL,3,2.854461080118482,12.092178468754355,-0.023015952061658518,-0.06256403423542878,-0.10743978415140987,0.014506599321267034,34673.874204451866,9998.91800137519
323,SPINE_LONGERON,1,2.5,9.132428995827468,0.13716862776494998,-0.4702880762337447,0.04057728349084755,0.007607970842468641,66114.86957760029,106852.48357688544
324,SPINE_DIAGONAL,3,2.854461080118482,7.059740948641775,0.01706052051469531,-0.0651668908289782,0.08647285917967906,0.009755382802715961,51561.27751952097,17126.506743895618
325,SPINE_LONGERON,1,2.5,-30.736815007157674,0.07203816925850352,-0.271512415473393,0.14915119754368789,0.01347651848536228,37324.1798722972,31747.684952604468
326,SPINE_DIAGONAL,3,2.854461080118482,-9.688680170707812,0.026336020034503027,-0.09927309201128942,0.04905699882435499,0.01203619586017989,41790.612735383176,12479.377875700518
327,SPINE_LONGERON,1,2.5,-8.563032556550752,-0.15623705468897867,0.03279901027909915,0.4352093834643256,0.007112873833237887,70716.84551039293,113957.60939238971
328,SPINE_DIAGONAL,3,2.854461080118482,-6.14035149720803,-0.009798349556421115,0.08085583918682282,0.050755291371132216,0.008524103957544011,59009.13486101192,19690.843597804724
329,SPINE_LONGERON,1,2.5,28.114053180899646,-0.058507028209516254,0.13579850920859382,0.2677644138300366,0.012480764267829786,40302.01910763787,34709.42852013559
330,SPINE_DIAGONAL,3,2.854461080118482,8.860858637030105,-0.019434979796043805,0.05007935416772824,0.08340373534790047,0.010855896343994531,46334.267025150715,13645.257860427211
331,SPINE_LONGERON,1,2.5,11.32511657453415,0.1554997774454216,0.4113401702312851,-0.008484716709972417,0.00782096078522727,64314.34881377981,86164.4745881008
332,SPINE_DIAGONAL,3,2.854461080118482,4.3221822306677495,0.012202486509989785,0.05270362770239423,-0.06257693869798686,0.006532232841621081,77002.76646525237,27973.99427288603
333,SPINE_LONGERON,1,2.5,-29.021369876851736,0.046493028267669226,0.3087496358065627,-0.12268453776368915,0.013086835053893006,38435.57269030988,33624.281811454755
334,SPINE_DIAGONAL,3,2.854461080118482,-10.328590786626592,0.015867052048867236,0.095719026929169,-0.04285918765073404,0.012338269390103558,40767.467794426084,11706.214668086317
335,SPINE_LONGERON,1,2.5,-13.17893142543926,-0.1381094327758685,-0.01301886996262791,-0.43909680370529713,0.008688889349519086,57890.022506482965,74044.14574994287
336,SPINE_DIAGONAL,3,2.854461080118482,-4.305447931641538,-0.0197942422727036,-0.07122040335906732,-0.05030789682844272,0.006728863848828318,74752.58993204123,28082.722840169277
337,SPINE_FRAME,2,1.3776603565143233,-1.2945407014049124,0.0019777601602957162,0.5656960911303486,0.25580398546757976,0.011165449936973177,45049.68477216221,1106300.5128782191
338,SPINE_FRAME,2,1.3776603565143233,-1.246679541975027,0.026184429134716858,0.668075690180558,0.16300952857189088,0.012277966039056794,40967.6976137524,1148772.3939362378
339,SPINE_FRAME,2,1.3776603565143233,1.2244873721210752,0.005038674702024792,-0.4665473062939327,-0.23196093477728397,0.009440935456270914,53278.61866335442,1169592.3326879155
340,SPINE_FRAME,2,1.3776603565143233,0.9358359089528676,-0.025033744877658748,0.5764454231266427,0.16006953724543393,0.010606843958348619,47422.21173189694,1530344.1855618225
341,SPINE_FRAME,2,1.3776603565143233,-1.542146519786911,-0.009535233067204274,-0.3821888872596446,-0.20891993095101213,0.008157343496397969,61662.23111998524,928673.7826337501
342,SPINE_FRAME,2,1.3776603565143233,-1.0236890433297958,0.01831728803730126,-0.6397759189005683,-0.1888275921414575,0.01181259387248081,42581.67219071276,1399009.837252499
343,SPINE_FRAME,2,1.3776603565143233,1.7872679151187185,0.005278546055400568,0.4322366601659269,0.22298207000047654,0.009140960581464417,55027.03961112777,801307.4199963211
344,SPINE_FRAME,2,1.3776603565143233,1.5055637940386077,-0.016716677656885892,-0.7824501895584035,-0.20160972196745774,0.014442177869812582,34828.54210315355,951239.0292438574
345,SPINE_LONGERON,1,2.5,20.17214198911097,0.023070190893406322,0.1126724105644108,-0.13740291389262893,0.00860052974107452,58484.76955992212,48374.76951235427
346,SPINE_DIAGONAL,3,2.854461080118482,6.810780084455473,0.03171204628603208,0.048314124613392906,-0.07225398135946648,0.008822727581511132,57011.847566741664,17752.548088144023
347,SPINE_LONGERON,1,2.5,-4.03504401790633,-0.007845410067912006,0.07004912375697891,-0.3064528936242823,0.004308469582430208,116746.79149441297,241836.94526337626
348,SPINE_DIAGONAL,3,2.854461080118482,-5.508378053898923,0.02693310720643377,0.0666715904961741,-0.03859045518862558,0.007380510098320751,68152.47094024639,21949.964178927075
349,SPINE_LONGERON,1,2.5,-19.23864074897324,-0.013512788459146297,-0.14160396926801333,-0.11015179170203737,0.008293526994112465,60649.70914751677,50722.01991951049
350,SPINE_DIAGONAL,3,2.854461080118482,-6.394856742983393,-0.027762967650807102,-0.07016590091836683,-0.03771537070358022,0.008207488925499435,61285.49237967956,18907.178976250507
351,SPINE_LONGERON,1,2.5,3.747144379905876,-0.006599056307703105,-0.29337692329777987,-0.062042625549565855,0.004074660047855926,123445.8811514048,260417.69954918
352,SPINE_DIAGONAL,3,2.854461080118482,5.322737368984235,-0.02294235125230948,-0.04290517329965127,-0.06064677250529371,0.007116197413285453,70683.81760474118,22715.511321600865
353,SPINE_LONGERON,1,2.5,18.783971671620748,0.02419153015885242,-0.11226886470783448,0.12457566533953468,0.008029921490606716,62640.712065292544,51949.75462873073
354,SPINE_DIAGONAL,3,2.854461080118482,5.780587412296882,0.029501462012064827,-0.04347231456602785,0.06391253483758419,0.007623269324719804,65982.18934347935,20916.33468077374
355,SPINE_LONGERON,1,2.5,-2.888707961437831,0.006096730130840666,-0.06839241078898084,0.29866972246213663,0.0038395619094083325,131004.52912804083,337805.9438061087
356,SPINE_DIAGONAL,3,2.854461080118482,-5.942360677752731,0.02143952562593343,-0.07010161752084265,0.038996413079104286,0.007835325765159154,64196.437401066105,20346.913882176937
357,SPINE_LONGERON,1,2.5,-19.471430664311526,-0.03432711115666328,0.11881484059000336,0.11552071864593927,0.008250592616351134,60965.31769162229,50115.61482650972
358,SPINE_DIAGONAL,3,2.854461080118482,-5.979016227811371,-0.033327754005547716,0.07267610807481084,0.04026512834391838,0.008007621908728927,62815.15357907834,20222.173073333208
359,SPINE_LONGERON,1,2.5,2.930573715841092,0.00893619902220491,0.3140321706131495,0.07774206435624365,0.004013151816771765,125337.89474344386,332980.09670221177
360,SPINE_DIAGONAL,3,2.854461080118482,6.34552502580118,-0.025326167858570003,0.04820154051964742,0.07038349941134925,0.008361039698848232,60159.982265039405,19054.16816976521
361,SPINE_FRAME,2,1.3776603565143233,-1.3734454987861682,0.005399534969173558,0.6434338021883832,0.09192010313880417,0.011698677586124763,42996.31272825093,1042743.2636909867
362,SPINE_FRAME,2,1.3776603565143233,-0.8507714326842688,-0.024655337008165468,0.47963305805251366,0.1854183666113869,0.00914230961789208,55018.91983789272,1683355.8190681187
363,SPINE_FRAME,2,1.3776603565143233,1.2192338255699724,-0.004874609255741014,-0.5980958588849035,-0.0923334688561539,0.0108622346419238,46307.23019539874,1174631.979420745
364,SPINE_FRAME,2,1.3776603565143233,0.8005913708038861,0.02191725054135496,0.4474609731958026,0.17833122573334492,0.008565026637112864,58727.19622615831,1788866.4481456243
365,SPINE_FRAME,2,1.3776603565143233,-1.1495175524178194,0.0007621634647332343,-0.5647753660259696,-0.0824086040810812,0.010243948353330952,49102.16087105154,1245871.3996090726
366,SPINE_FRAME,2,1.3776603565143233,-0.6643602902186103,-0.02469154845257293,-0.47530408614829867,-0.18372929532431215,0.008968896350114355,56082.7085479237,2155684.292080024
367,SPINE_FRAME,2,1.3776603565143233,1.2592858599091414,-0.0002622500852043075,0.5969391194362288,0.08033785962643947,0.010833998383495917,46427.9190558354,1137272.3918374777
368,SPINE_FRAME,2,1.3776603565143233,0.670992025960004,0.02845381745718356,-0.5201625827614862,-0.19254629195494033,0.009736714667620673,51660.13559714556,2134378.6311871177
369,SPINE_LONGERON,1,2.5,9.721293485077695,0.004795453076207129,-0.0351954663874281,-0.14016336663735274,0.004690494431498593,107238.16163646817,100379.92585982788
370,SPINE_DIAGONAL,3,2.854461080118482,5.14859211455223,-0.017648721728350525,-0.02642948311223492,-0.04870525449970842,0.006282092109450789,80068.86738309456,23483.837576747865
371,SPINE_LONGERON,1,2.5,4.440545061739613,-0.07214226090217052,-0.1802073511388933,0.029739846426764416,0.003276829034206602,153502.05785813546,219752.91450177107
372,SPINE_DIAGONAL,3,2.854461080118482,3.040970147616463,0.029862908407286226,-0.02802017143604907,0.02911196305183239,0.004079120534463666,123310.8940395986,39759.910521265265
373,SPINE_LONGERON,1,2.5,-9.694470318360743,0.001726475130644495,-0.13485284592383984,0.035617182634041455,0.004634356363434318,108537.18630028891,100657.66228048348
374,SPINE_DIAGONAL,3,2.854461080118482,-4.962161124789418,0.018530037664958643,-0.05112753495852829,0.02192429586830258,0.006138397548413834,81943.21010211787,24366.13764173175
375,SPINE_LONGERON,1,2.5,-4.334896007248972,0.06427536898688446,0.02625813298329227,0.176680874634485,0.0031934377720721175,157510.5062008519,225108.68026866627
376,SPINE_DIAGONAL,3,2.854461080118482,-2.9950016687071184,-0.028263013419101646,0.031246302074665167,0.024792734577573583,0.004012712725929076,125351.60983485027,40370.16146948033
377,SPINE_LONGERON,1,2.5,9.523982288439583,0.0029193713360172596,0.03593836367650205,0.13669444029005717,0.004592953631541162,109515.58416478478,102459.52688070426
378,SPINE_DIAGONAL,3,2.854461080118482,4.851083713687331,-0.01715884009043467,0.02531729282311801,0.046718330501875016,0.005953644588948393,84486.06437369587,24924.05988087271
379,SPINE_LONGERON,1,2.5,4.464480331888808,-0.06301756122658075,0.17459256245685495,-0.024826483126389576,0.0032150667510291906,156450.87301499487,218574.76049869417
380,SPINE_DIAGONAL,3,2.854461080118482,2.802092918946073,0.02858728449333292,0.026440784454003108,-0.026659169820675288,0.0037774339505626904,133159.17805129924,43149.42596998023
381,SPINE_LONGERON,1,2.5,-9.530902389191965,-0.009303470159952833,0.1420235064227331,-0.03561300889896302,0.004643040894043961,108334.17397749881,102385.13410863477
382,SPINE_DIAGONAL,3,2.854461080118482,-5.002533204398787,0.016234318718946816,0.04851600130288425,-0.020537399211320917,0.006060005553873651,83003.22425917159,24169.49493923457
383,SPINE_LONGERON,1,2.5,-4.590024996979992,0.0707492234705897,-0.02855677386133948,-0.1782239481367469,0.003305950463987411,152149.89016904862,212596.38453728895
384,SPINE_DIAGONAL,3,2.854461080118482,-2.8130757828985224,-0.030234311290256388,-0.02891477949365928,-0.02402412587579761,0.0038002128334144064,132361.00767231654,42980.9611607719
385,SPINE_FRAME,2,1.3776603565143233,-0.7063468686246779,0.021997555698430205,0.30787152854372835,0.08419119004862807,0.005769933478670982,87176.0483650946,2027546.3876473515
386,SPINE_FRAME,2,1.3776603565143233,-0.6821664982999209,-0.013470173123897755,0.38255596046428764,0.055617319508449725,0.006892032571696018,72982.82397354077,2099415.678540586
387,SPINE_FRAME,2,1.3776603565143233,0.693286208785139,-0.020798471556263465,-0.2986654779102764,-0.08289825739559831,0.005606557149159433,89716.37791570762,2065742.8689019713
388,SPINE_FRAME,2,1.3776603565143233,0.6476024721050635,0.01314527966703416,0.37203642720260177,0.05570271675473748,0.006698475059425134,75091.71797127923,2211466.2985314233
389,SPINE_FRAME,2,1.3776603565143233,-0.7267905291519128,0.019228356013089254,-0.2907279597777688,-0.08154652727245093,0.005487043132392971,91670.50228392046,1970514.1776918198
390,SPINE_FRAME,2,1.3776603565143233,-0.6583344954415224,-0.01495520828605379,-0.3784434147765978,-0.057702603597171276,0.006816954524206274,73786.61515401064,2175415.4640575065
391,SPINE_FRAME,2,1.3776603565143233,0.7474425451946445,-0.02013297144067394,0.2980101830755757,0.0827275694512295,0.0056221370521642175,89467.7584934313,1916068.4003250469
392,SPINE_FRAME,2,1.3776603565143233,0.7002004316163948,0.015574290741691144,-0.3910050254219186,-0.05769310060314581,0.007048644664776278,71361.23665214794,2045344.414598403
393,SPINE_LONGERON,1,1.0,4.824464275687205,-0.02885831210236415,0.010000249675755413,0.03566548751769005,0.0020191833290629543,249110.61455396822,1264159.427259321
394,SPINE_DIAGONAL,3,1.7023360590409793,1.834054665567237,0.02458510291036964,0.051704686472248795,-0.049038624435127076,0.00415074330945611,121183.11408322435,185354.41449707752
395,SPINE_LONGERON,1,1.0,-0.8653018559125485,-0.057065113395763034,0.05753039060665799,-0.07911037754456629,0.0012903569113238385,389814.6284844155,7048282.577822386
396,SPINE_DIAGONAL,3,1.7023360590409793,-1.5748934410657967,0.016460846179198962,0.0697729975817083,-0.013790040435992523,0.003893702039979019,129182.97158729444,215855.9556015358
397,SPINE_LONGERON,1,1.0,-4.852591357044162,0.030883047466399922,0.03313018542698387,-0.01109557416930329,0.0020113695472349655,250078.3611303429,1256831.9783887148
398,SPINE_DIAGONAL,3,1.7023360590409793,-1.8203461495722877,-0.023854929168025785,-0.06274380597773188,-0.02951616785907163,0.004067564849416218,123661.21220469078,186750.26657524664
399,SPINE_LONGERON,1,1.0,0.8652837585796078,0.053408246485780964,-0.07813196891562768,-0.055355438162223436,0.0012621696196144878,398520.12929421826,7048429.992026347
400,SPINE_DIAGONAL,3,1.7023360590409793,1.5589567496026575,-0.01595963547068635,-0.03785654637985658,-0.059066089110444864,0.0038441640355138646,130847.69415485206,218062.57856639966
401,SPINE_LONGERON,1,1.0,4.877255165691167,-0.027767757753584053,-0.01096761753001374,-0.03384374533925438,0.00202275930451039,248670.2193772637,1250476.3003765263
402,SPINE_DIAGONAL,3,1.7023360590409793,1.7848136422981042,0.0238489665759416,-0.050126429775474435,0.047365560655919126,0.0040253437547509196,124958.27204976801,190468.1366364574
403,SPINE_LONGERON,1,1.0,-0.8966955938594765,-0.05412544329941743,-0.05403468754906271,0.077736135410305,0.0012648663245875985,397670.48123761214,6801518.862533372
404,SPINE_DIAGONAL,3,1.7023360590409793,-1.592594902322162,0.015463395387308121,-0.07022832783434296,0.01385512073971995,0.0039206765828347385,128294.18325454419,213456.74797537492
405,SPINE_LONGERON,1,1.0,-4.860972203645133,0.025635774291724117,-0.03620593825189644,0.009927564820827683,0.0020335124642309713,247355.25788391137,1254665.062888525
406,SPINE_DIAGONAL,3,1.7023360590409793,-1.7961822463112185,-0.024529956984389534,0.06412860695708389,0.029806611147932927,0.004100371403537969,122671.81445222034,189262.60371963755
407,SPINE_LONGERON,1,1.0,0.9085548133698467,0.0578908135974715,0.0786798553757535,0.056101023852534126,0.0012963745479458958,388005.1492811264,6712739.73329676
408,SPINE_DIAGONAL,3,1.7023360590409793,1.6108748170809122,-0.015917118871499714,0.03937212608371965,0.06126081281786355,0.00398165275980724,126329.44918691284,211034.47958040386
409,SPINE_FRAME,2,1.3776603565143233,-0.7558395289670443,0.007102344329464216,0.3371556302552108,0.027415001453235277,0.006110107976383487,82322.60410849904,1894781.8776602088
410,SPINE_FRAME,2,1.3776603565143233,-0.32844667285098694,-0.01702036445358157,0.28222538493798766,0.035979327237768643,0.004988069867712291,100840.60835954048,4360376.159315631
411,SPINE_FRAME,2,1.3776603565143233,0.7411559315223712,-0.006849907242910014,-0.33234907533869773,-0.027683522042124764,0.006021888734691353,83528.6107334198,1932320.8261509482
412,SPINE_FRAME,2,1.3776603565143233,0.3262179908051621,0.016481411836632986,0.27691889328116304,0.0357340796060015,0.00489705816059053,102714.72861971153,4390165.724370961
413,SPINE_FRAME,2,1.3776603565143233,-0.7302714004908921,0.005874669127528875,-0.3275751038695489,-0.027329392724340096,0.005935127852501102,84749.64861760012,1961121.633605376
414,SPINE_FRAME,2,1.3776603565143233,-0.30910309770843014,-0.017281930053481886,-0.2798184867629061,-0.03578344102920994,0.004937655389039093,101870.21174393619,4633247.135093092
415,SPINE_FRAME,2,1.3776603565143233,0.7429774886986706,-0.0059915404423929175,0.3317056917685477,0.02713410057321397,0.006011005502772949,83679.84354164376,1927583.3570871775
416,SPINE_FRAME,2,1.3776603565143233,0.3094730986049399,0.01795639086480527,-0.2857374299892399,-0.03595562099795302,0.005037953986717557,99842.11871052162,4627707.701774127
417,SPINE_LONGERON,1,1.5,2.7917148015512794,0.026567029545163587,0.0024174875859657163,-0.033355875918914535,0.001289956120795656,389935.74424046715,970951.138418072
418,SPINE_DIAGONAL,3,2.036651187098854,1.34545679020448,-0.013529299414757778,-0.0227809115447144,-0.03578147231519324,0.0026721023715306864,188241.29096216534,176523.58656808318
419,SPINE_LONGERON,1,1.5,0.8963667761381657,-0.04661525739203626,-0.028260018229524064,3.663197867354029e-05,0.0006830725737625626,736378.5625725384,3024006.1734360657
420,SPINE_DIAGONAL,3,2.036651187098854,0.9372380423410505,0.02001402200620861,-0.019874870585788074,0.034781932899761614,0.002301469848655491,218555.98077630717,253409.32340521718
421,SPINE_LONGERON,1,1.5,-2.837071833317509,-0.02510911378741533,-0.033909241312478855,-0.002534050549911626,0.0013086415989047343,384368.0350838496,955428.2809734694
422,SPINE_DIAGONAL,3,2.036651187098854,-1.3504572574456688,0.013638624789525378,-0.04018690178281048,0.014678798626107437,0.0026897068108833505,187009.2301379143,175869.95580186372
423,SPINE_LONGERON,1,1.5,-0.8924341940055456,0.04500086629526903,-0.00029421588781985974,0.02872434799292023,0.0006785503090284451,741286.2293441443,3037331.696736794
424,SPINE_DIAGONAL,3,2.036651187098854,-0.9418168532210984,-0.019729380109926753,0.03824223348430422,0.011915612683708332,0.002302600726408591,218448.64123904728,252177.32870991624
425,SPINE_LONGERON,1,1.5,2.8737121122394456,0.025940099372899896,-0.0018625103901044326,0.03428445919598744,0.0013251874257386965,379568.9501955648,943246.4209480078
426,SPINE_DIAGONAL,3,2.036651187098854,1.3480930274308776,-0.013348597244254412,0.02264103383063798,0.03549889060911937,0.0026622601053814285,188937.21127520484,176178.38928512207
427,SPINE_LONGERON,1,1.5,0.8398368363541522,-0.04456713434467399,0.028856255019377386,-0.00037894197657806217,0.0006624331037335207,759321.9559304264,3227553.909723664
428,SPINE_DIAGONAL,3,2.036651187098854,0.9421607407603005,0.01985141324648554,0.019495537594352186,-0.03435304693329044,0.0022846532899531992,220164.6972921234,252085.28428770584
429,SPINE_LONGERON,1,1.5,-2.8391216307713307,-0.027378817380561103,0.033901662148622336,0.0017272459313062427,0.0013117436192778306,383459.0788990629,954738.478030044
430,SPINE_DIAGONAL,3,2.036651187098854,-1.3461329252604628,0.013227895911625653,0.03919534070974606,-0.014402284996549497,0.0026477654318137023,189971.51105468138,176434.92237835363
431,SPINE_LONGERON,1,1.5,-0.8330045260008774,0.0461624899422764,-0.0008497471607853413,-0.02850541080306357,0.000664872107798902,756536.4738569211,3254026.3349084635
432,SPINE_DIAGONAL,3,2.036651187098854,-0.9406217715513776,-0.020147652374051916,-0.03770757221418819,-0.011682351303932137,0.002285116275530191,220120.0898992741,252497.72582613793
433,SPINE_FRAME,2,1.3776603565143233,-0.27111553808208555,0.014179255616502573,0.2240327001109108,0.027257185146950746,0.003962632745801454,126935.81067610816,5282438.078013707
434,SPINE_FRAME,2,1.3776603565143233,-0.45246736222179607,-0.015361872369221707,0.2618979912725763,0.023809812347693082,0.004686041729365329,107340.05991622392,3165202.977013742
435,SPINE_FRAME,2,1.3776603565143233,0.27010993409203365,-0.014014479167185456,-0.222619404749139,-0.02751407076179646,0.003938817510246688,127703.30148362146,5302104.295867963
436,SPINE_FRAME,2,1.3776603565143233,0.4493541723350063,0.015201946321516502,0.2600787653104817,0.02398569013813301,0.004653994763688911,108079.19336834524,3187131.9553215913
437,SPINE_FRAME,2,1.3776603565143233,-0.27358849190932233,0.013633631866047935,-0.22148971494493708,-0.02784833391541497,0.003922052992012253,128249.15956628374,5234690.362563399
438,SPINE_FRAME,2,1.3776603565143233,-0.45125233044382185,-0.015570597823236554,-0.26078800878781294,-0.023716804229096056,0.004666745264993336,107783.89893555036,3173725.5306746345
439,SPINE_FRAME,2,1.3776603565143233,0.274301484139869,-0.013764129013198456,0.22296582679098265,0.027694627650632242,0.003946945204880261,127440.33015154555,5221083.824598325
440,SPINE_FRAME,2,1.3776603565143233,0.45406296764849685,0.015764784589645586,-0.2625312624138587,-0.023434618297144993,0.004697232013420426,107084.34213232015,3154080.2574647604
441,SPINE_LONGERON,1,2.5,-1.2651118346166186,-0.005585877264800394,0.0030276576057275406,-0.03495849839555376,0.0007628543717685036,659365.6910347245,771333.1680194436
442,SPINE_DIAGONAL,3,2.854461080118482,0.8721682215436886,0.008825594967000971,0.008212875231432548,-0.01883510962636592,0.0014865213139348004,338373.8902932823,138630.0234065715
443,SPINE_LONGERON,1,2.5,-0.7495155466267533,-0.057271273732378086,0.0032520134249516275,-0.022931402010726742,0.000660201452283736,761888.6602870191,1301937.930020911
444,SPINE_DIAGONAL,3,2.854461080118482,-0.754384918109281,0.01102398662314602,0.012274212214984814,-0.006946095017667631,0.0011826616457210224,425311.8394596627,160274.54693832365
445,SPINE_LONGERON,1,2.5,-1.2979210323851476,-0.00521662870209055,-0.035191995902227546,6.437994147745485e-05,0.0007749228715714614,649096.8565425993,751835.2002513504
446,SPINE_DIAGONAL,3,2.854461080118482,-0.8816177049739053,-0.008744242618152154,-0.019465863163148356,-0.006414276031591726,0.0014919076550783466,337152.2347833152,137144.13887666664
447,SPINE_LONGERON,1,2.5,0.7551897151524827,0.056771778036451635,-0.02321888106267167,-0.0030625383672031603,0.0006605529220282834,761483.2714016254,1292155.732148306
448,SPINE_DIAGONAL,3,2.854461080118482,0.7584500652101269,-0.010949786248384608,-0.008080333714385546,-0.011591216909238256,0.001186127844010203,424068.95895757526,159415.5060604707
449,SPINE_LONGERON,1,2.5,1.3210857041121926,0.005555026334112582,0.0002271136102400817,0.03572971215476173,0.0007880310888532301,638299.6903484898,738652.0921816406
450,SPINE_DIAGONAL,3,2.854461080118482,0.895916525132634,0.008768269602978052,-0.008242678999451414,0.018919627841626152,0.0015087062316158646,333398.23847699864,134955.31958088366
451,SPINE_LONGERON,1,2.5,-0.7920062878674798,-0.05675207853869385,-0.0025180212896067644,0.0228286104675135,0.0006666000486212473,754575.4025076549,1232089.6112090002
452,SPINE_DIAGONAL,3,2.854461080118482,-0.7431931524770334,0.010909981043838612,-0.012304883043096737,0.006989319557703766,0.0011744053189444179,428301.8749030427,162688.12564282308
453,SPINE_LONGERON,1,2.5,-1.293803421362668,-0.005920027215419246,0.035363891638262146,-0.0005458866194203438,0.0007754646930195,648643.3289972512,754227.9632140442
454,SPINE_DIAGONAL,3,2.854461080118482,-0.8895384162970004,-0.008848149409744821,0.019683378011496444,0.006439283350601954,0.0015065261080513903,333880.70562587405,135922.96718380315
455,SPINE_LONGERON,1,2.5,0.7918569156418016,0.05724734869366662,0.022462928422278594,0.0026380733356745623,0.0006669402027497295,754190.5525055769,1232322.0268939883
456,SPINE_DIAGONAL,3,2.854461080118482,0.7360568654657982,-0.010982730361859261,0.008090397333038624,0.01156141096794272,0.001168016982295934,430644.42351794307,164265.43469648212
457,SPINE_FRAME,2,1.3776603565143233,-0.18616819189628586,0.010258079256862729,0.12285631065242342,0.01006595723515602,0.002185966699361539,230104.1457525005,7692780.529897579
458,SPINE_FRAME,2,1.3776603565143233,-0.07889307281584479,-0.018564867684077946,0.1045914187247945,0.01917513221467715,0.0018596153044186518,270486.05096162437,18153064.531393845
459,SPINE_FRAME,2,1.3776603565143233,0.1872197981865611,-0.010267234490058286,-0.12297261970445561,-0.010208006396730696,0.0021886642562050527,229820.53943356156,7649570.482278118
460,SPINE_FRAME,2,1.3776603565143233,0.08011380546668079,0.018517698978040897,0.1042001927662568,0.019427695015082236,0.0018544578120549538,271238.3084318418,17876457.541411057
461,SPINE_FRAME,2,1.3776603565143233,-0.18645474511140492,0.010208395939240944,-0.12283259358400755,-0.010621553958145569,0.0021864503731324958,230053.2434584185,7680957.870234343
462,SPINE_FRAME,2,1.3776603565143233,-0.08016150118783116,-0.018555012091044265,-0.10397291966967259,-0.019086173699122355,0.0018497811320701766,271924.0624089776,17865821.132144544
463,SPINE_FRAME,2,1.3776603565143233,0.18571245583007112,-0.010203591432998316,0.1228137413593231,0.010532768712813834,0.0021856226879658955,230140.36355384355,7711658.518028632
464,SPINE_FRAME,2,1.3776603565143233,0.0792506191355642,0.018597830032692997,-0.1042719157785541,-0.018780647643907855,0.0018534235693219306,271389.6641467773,18071165.342647746
465,SPINE_LONGERON,1,2.0,-0.2056372020379058,-0.009224865398093437,-0.0011807209620897652,0.005423068054824398,0.00014307595282743633,3515615.23833895,7414626.2630795315
466,SPINE_DIAGONAL,3,2.4285691379722283,-0.4504526446580712,0.0015666947160257738,-0.006481997287643537,-0.014196684676278437,0.0009351810560718367,537863.7609628415,370813.6584039069
467,SPINE_LONGERON,1,2.0,0.3455489087755268,-0.0553013212944646,-0.011262342252877033,0.01048935066046397,0.0005159637777357241,974874.6359819776,4412466.54286768
468,SPINE_DIAGONAL,3,2.4285691379722283,-0.4219095286898664,-0.005560933469655804,0.005523262968623044,-0.010267978329295602,0.0007877075074356093,638561.8967089982,395900.02534917
469,SPINE_LONGERON,1,2.0,0.21081568285819685,0.009126476944082716,0.005149595805825413,0.0010670871388356318,0.0001418807926058806,3545229.7013679915,7232493.229272883
470,SPINE_DIAGONAL,3,2.4285691379722283,0.46358479129412444,-0.0015751522928189599,-0.014955667259830108,0.004486123141901999,0.0009463358188135576,531523.788913139,360309.4757209122
471,SPINE_LONGERON,1,2.0,-0.3513628173222969,0.055215900452181464,0.010409263849517458,0.011424927442476474,0.0005167030543231021,973479.827130007,4339454.614225316
472,SPINE_DIAGONAL,3,2.4285691379722283,0.42600312994181877,0.00554761710015661,-0.010896051568892062,-0.00404365679798957,0.0007896291223844584,637007.9138939065,392095.6945226837
473,SPINE_LONGERON,1,2.0,-0.2237966077937017,-0.009148481708617883,0.0011652202638003928,-0.004998071205591259,0.000144799965850811,3473757.7253177417,6812985.299142494
474,SPINE_DIAGONAL,3,2.4285691379722283,-0.4704816466473858,0.0015647027146385994,0.006492617330074779,0.014180530145210923,0.000951389829082869,528700.2074479684,355027.6494176664
475,SPINE_LONGERON,1,2.0,0.33923594546831737,-0.05516120456135056,0.011636035575662618,-0.010597218324619462,0.0005155309904033291,975693.0414725885,4494579.714397772
476,SPINE_DIAGONAL,3,2.4285691379722283,-0.43940459459554404,-0.005549138480251736,-0.005496754530756931,0.010211753945895907,0.000799606094924436,629059.737279184,380137.11089462595
477,SPINE_LONGERON,1,2.0,0.22004660530762976,0.009248233863318885,-0.005245252684503043,-0.0012763173740495404,0.0001462229927211343,3439951.478487959,6929091.21122252
478,SPINE_DIAGONAL,3,2.4285691379722283,0.4588719548191875,-0.0015564728772174963,0.014935459864393152,-0.004486363095111301,0.0009417127065079636,534133.1772672076,364010.0279590895
479,SPINE_LONGERON,1,2.0,-0.3319958587635483,0.05524799254491194,-0.01069042782295071,-0.011491468586882547,0.000514662043626698,977340.3852661866,4592596.439530818
480,SPINE_DIAGONAL,3,2.4285691379722283,0.4368334550817963,0.005562237893796007,0.010894561351072696,0.00407030248686624,0.0007987676225607872,629720.066002952,382374.5437997593
481,SPINE_FRAME,2,1.3776603565143233,0.07757137253065594,0.016135918810027405,0.029412672343369195,0.015560250203094483,0.0006473346613109104,777032.3915320402,18462365.627732098
482,SPINE_FRAME,2,1.3776603565143233,-0.16659102530684322,-0.017372784162265287,0.03134197945746564,0.012099520801939434,0.0007012249970046088,717316.1284161895,8596807.896872666
483,SPINE_FRAME,2,1.3776603565143233,-0.07700573271722533,-0.016135029786591204,-0.029397587259495594,-0.01567959107921979,0.0006477338131134387,776553.5623070966,18597979.544783004
484,SPINE_FRAME,2,1.3776603565143233,0.17003431264311075,0.01733213247683807,0.03133248993572124,0.012206365897270643,0.0007031136456745509,715389.3301522166,8422717.859964898
485,SPINE_FRAME,2,1.3776603565143233,0.081187127289013,0.016075955087796245,-0.029429060163693066,-0.015904472062160835,0.0006515175599137473,772043.6576822134,17640124.60753487
486,SPINE_FRAME,2,1.3776603565143233,-0.16769241885049269,-0.017375750708826132,-0.031300878812999144,-0.01198753509509487,0.0007005249177685274,718032.9881801648,8540344.588760616
487,SPINE_FRAME,2,1.3776603565143233,-0.08217915301793255,-0.016079300099349325,0.02945808343201861,0.015810790532292174,0.0006517086354622938,771817.3009065527,17427181.825462114
488,SPINE_FRAME,2,1.3776603565143233,0.1638191668316722,0.017413945057004554,-0.031296987639962026,-0.011854245841590227,0.0006980871991684955,720540.3574211538,8742267.889675882
489,RING1_SPOKE,5,10.2,-673.3630160658031,-0.014335200328470188,-0.35704545393838655,0.020398357649638044,0.3799339318241245,1323.9143910758783,30.22128363263507
490,RING1_HUB_LINK,6,0.7121802136903782,58.92231562820962,-0.07269693404308697,-74.78350096229133,0.0216154915310085,1.1099111158349837,453.18944267135674,114547.55271979244
491,RING1_SPOKE,5,10.800000553501143,162.68273199804753,-0.013802716322536046,-9.527890657224372,-0.04772822202597826,0.28113602399668775,1789.1695018277921,111.57669605766873
492,RING1_HUB_LINK,6,0.7121802136903782,-22.53138933176524,-0.00195632742870977,-27.225717726149924,-0.020038155044659334,0.4045840795795213,1243.2520837764082,299555.7422763598
493,RING1_SPOKE,5,10.800000553501143,-21.693397670862396,-0.0122669802631582,-2.1536607939179806,-0.01705175441608686,0.05520101975559589,9112.150504230665,836.733923259875
494,RING1_SPOKE,5,10.2,36.20607863057097,-0.012089343704595912,-0.8655797809752848,-0.09840386502721585,0.03751404990492211,13408.309720620242,562.0574076494603
495,RING1_HUB_LINK,6,0.7121802136903782,9.766956812061835,0.003235803136227844,18.13787642593229,0.013521726356941599,0.26706275560366555,1883.4524449619516,691045.0394803957
496,RING1_SPOKE,5,10.800000553501143,2.3541118921457382,0.003210412198184409,-3.0733564686979484,0.009886509840081992,0.06293757005037727,7992.046715457595,7710.5943020543555
497,RING1_HUB_LINK,6,0.7121802136903782,14.05814242415363,0.0053799107109284705,-10.333703801302363,0.012144525299049747,0.15615923956482583,3221.0710131640426,480106.6067020543
498,RING1_SPOKE,5,10.800000553501143,18.09435522896274,-0.002651967655960652,-1.1077683601490378,0.011749775178064858,0.032233523956577276,15604.871520644345,1003.1637774482815
499,RING1_SPOKE,5,10.2,56.13097852473038,0.008825945635598614,0.005968946704571126,0.11508659617255645,0.03338455440298619,15066.847798184404,362.54302403236056
500,RING1_HUB_LINK,6,0.7121802136903782,14.90057813526073,0.030235476944355355,-11.550546764112369,0.00010392118934987593,0.17416464003818904,2888.071883533347,452962.76389590505
501,RING1_SPOKE,5,10.800000553501143,18.593129033417426,0.011077734859285426,0.9200298762891821,-0.012154755409159002,0.028745642699103926,17498.304187009177,976.2532013494585
502,RING1_HUB_LINK,6,0.7121802136903782,10.424165854696184,0.020552007791627247,-17.786082761749412,0.005171575473895018,0.262282247859869,1917.7813371065076,647476.9444265816
503,RING1_SPOKE,5,10.800000553501143,3.8407131977774043,0.008509345585068773,2.945346307186629,0.012024055684013657,0.06119369836962603,8219.800623288818,4726.101848084241
504,RING1_SPOKE,5,10.2,42.894438798408714,0.01114994721905127,-0.6456291986326583,0.12440001844059784,0.036931912097820936,13619.657673496902,474.4180193588679
505,RING1_HUB_LINK,6,0.7121802136903782,-22.147566065686988,-0.01158598231291652,28.904865277150748,0.0054775802260849105,0.42870043648139683,1173.3134776545237,304747.1237144827
506,RING1_SPOKE,5,10.800000553501143,-19.747179467593014,-0.003516923488659396,2.0253619367668403,-0.00039070696151943807,0.05154895524476633,9757.714731785349,919.199715167719
507,RING1_HUB_LINK,6,0.7121802136903782,62.15035930859449,0.008233986234952084,-72.70434475081493,0.009288740360091197,1.081347362587809,465.16042615229,108598.03757982854
508,RING1_SPOKE,5,10.800000553501143,166.78948376824883,0.0032408579103513357,9.376921831149703,0.003345239642931652,0.2803793922748861,1793.9977539677911,108.82941377286515
509,RING1_CIRCUMFERENCE,4,6.211657042450509,-125.96644561853645,0.0025010328357506495,-10.010246995470823,0.09145651995194726,0.0925812048091337,5433.068202525444,2507.15180323001
510,RING1_CIRCUMFERENCE,4,6.211657301079158,98.1975800809596,-0.015786213786221914,-2.718968239853922,-0.014689429506418605,0.04264327303311845,11795.52985084776,3216.1380628717116
511,RING1_CIRCUMFERENCE,4,6.211657042450509,87.01341616096761,-0.03462184763968956,-0.8340505108758549,0.0776837456075512,0.028659880060702764,17550.666609023694,3629.5207706217784
512,RING1_CIRCUMFERENCE,4,6.211657042450509,-90.02458318144636,0.022066192586999822,1.4675210578810791,-0.07509938481253897,0.03315186929749431,15172.598428349194,3508.1195615474626
513,RING1_CIRCUMFERENCE,4,6.211657301079158,103.92672712015337,-0.014287569923837395,1.6624522228414946,-0.0046669718047667175,0.038074355615649175,13210.991804501056,3038.842689764876
514,RING1_CIRCUMFERENCE,4,6.211657042450509,114.86557749598069,-0.0011956658542491283,-0.6996906277797734,0.04450636911670358,0.03548285228908254,14175.861509159578,2749.448600387175
515,RING1_CIRCUMFERENCE,4,6.211657042450509,-114.97268072234692,-0.0038410002118496323,0.6682817593024879,-0.05371064662290337,0.03533404976335994,14235.560411804023,2746.8873413647752
516,RING1_CIRCUMFERENCE,4,6.211657301079158,-105.16791485151771,-0.019671858032471512,1.5442786858624231,-0.015407214980569961,0.03772798359480421,13332.278910057406,3002.9783839125867
517,RING1_CIRCUMFERENCE,4,6.211657042450509,91.8892134929265,0.024763834140157037,1.4262645139430532,-0.060435141956894256,0.03341851594554687,15051.536125051249,3436.9322499783916
518,RING1_CIRCUMFERENCE,4,6.211657042450509,-88.77671040446876,-0.03238811498246186,-0.8959040425381488,0.0658481749276234,0.029494262498912297,17054.164348694932,3557.430770301344
519,RING1_CIRCUMFERENCE,4,6.211657301079158,-99.67003169215604,-0.009970266913835069,-2.6379160875646335,0.003209232870545975,0.0425749813843242,11814.450262688804,3168.62520878602
520,RING1_CIRCUMFERENCE,4,6.211657042450509,126.04381399408703,-0.0008250699830743002,9.81512314792414,-0.10568601738137318,0.09147011185556053,5499.064008954989,2505.6128600948578
521,RING2_SPOKE,5,10.2,4.2624022941272415,-0.002321253617272978,0.018333164502177313,-0.32698350859935577,0.008927407854332228,56343.34268215468,4774.2782806516
522,RING2_HUB_LINK,6,0.7121802136903782,-0.6268008692422882,0.02940761609000475,-0.44579146529486025,-0.004307515391246852,0.0067565860340816596,74445.88102079376,10768024.40295536
523,RING2_SPOKE,5,10.800000553501143,1.1195640767382429,-0.006179253361407122,-0.3401008066586755,-0.013331679010419428,0.007446268105682987,67550.61634379116,16213.097686074847
524,RING2_HUB_LINK,6,0.7121802136903782,0.8891949661774561,0.014155082579257794,0.44604306028304563,0.008015885126440025,0.006876935513389132,73143.04445936393,7590469.258738039
525,RING2_SPOKE,5,10.800000553501143,-1.578812170717356,-0.005679932246646424,-0.3399876189932307,-0.0017976426802137624,0.007692946156145688,65384.57306088992,11496.998869555133
526,RING2_SPOKE,5,10.2,-3.722988374581533,0.00374713700718754,-0.01934782033118765,-0.2668331565655687,0.007426468172180106,67730.71510415427,5466.010808733344
527,RING2_HUB_LINK,6,0.7121802136903782,0.37285703216912225,-0.025347268347300833,0.4353970422346265,0.005924155512900597,0.006484434286995333,77570.37510716655,18101863.377846025
528,RING2_SPOKE,5,10.800000553501143,-0.9188119109385298,0.004039757811538647,-0.33204299236996704,-0.013288804058201986,0.007173203680550944,70122.08524955291,19755.514187268414
529,RING2_HUB_LINK,6,0.7121802136903782,-0.684438785261591,-0.006695021218671826,0.4267585967763807,0.010016099162498904,0.0065002422710229695,77381.73117674288,9861228.207888573
530,RING2_SPOKE,5,10.800000553501143,1.3924797483487055,0.0037587020540275073,-0.3252482218685433,-0.005837420207719823,0.007294822158252595,68953.01750858431,13035.4511536004
531,RING2_SPOKE,5,10.2,3.3262193416630907,-0.002417674737575013,-0.015481607663138084,0.22166136985467677,0.006297570327435905,79872.07348977706,6118.025483573915
532,RING2_HUB_LINK,6,0.7121802136903782,0.7334108696231851,-0.051708400812188415,-0.4273191928068627,-0.028303452887485037,0.0065747636269325345,76504.65150405344,9202763.874037385
533,RING2_SPOKE,5,10.800000553501143,1.1748778147994017,-0.002449015988773673,0.2958706648969951,0.04475705482492032,0.006651513408735798,75621.88769542018,15449.778277647132
534,RING2_HUB_LINK,6,0.7121802136903782,-0.3675663646426983,0.018559029623689938,-0.49150467056506386,0.0347569475796945,0.007306917464668925,68838.87801280794,18362417.525214836
535,RING2_SPOKE,5,10.800000553501143,-1.224392387599437,-0.005690045633365726,0.360272373657196,0.03670781087797481,0.007940835402087005,63343.461302295975,14824.987418915307
536,RING2_SPOKE,5,10.2,-3.598091921107674,0.0012275789538174209,-0.051501488146136865,0.2506569980010559,0.00712363280510622,70610.04037707412,5655.746196163471
537,RING2_HUB_LINK,6,0.7121802136903782,-1.0130099166417494,0.06756526515354899,0.8194179262918624,0.03824314290795883,0.012376665781923587,40640.99401751992,6662725.551759348
538,RING2_SPOKE,5,10.800000553501143,-1.3908297213838523,0.0035652765765374905,0.2993685541823812,0.05942657786580696,0.006890988659968888,72993.88009764494,13050.915912205835
539,RING2_HUB_LINK,6,0.7121802136903782,-0.508269162994111,0.023868647314536418,-0.49875315191820846,-0.04979351609750893,0.0074985378077345455,67079.74446446994,13279198.399594415
540,RING2_SPOKE,5,10.800000553501143,1.3670094758981577,0.00830753712728688,0.37970606426975273,0.04770546999155023,0.008432591985316642,59649.51237719733,13278.329127931825
541,RING2_CIRCUMFERENCE,4,6.211657042450509,-2.254382182894915,0.012417990398343903,-0.19771782988368614,0.2720469664373866,0.0025702520850026597,195700.64856088988,140090.2667148652
542,RING2_CIRCUMFERENCE,4,6.211657301079158,-0.04693767874414334,-0.006136799380782598,-0.269961407308557,0.13446407128431304,0.0017645368021674288,285060.6455938756,6728431.900132542
543,RING2_CIRCUMFERENCE,4,6.211657042450509,-2.0729875576216727,-0.0021345194306388038,-0.18452804799738942,0.2518414631658743,0.0023799772599920103,211346.5571522682,152348.7201444295
544,RING2_CIRCUMFERENCE,4,6.211657042450509,2.067835144851415,-0.009089367893143852,0.19250806875294302,-0.25056563167324697,0.0024008678869917996,209507.5712934129,152728.32656187486
545,RING2_CIRCUMFERENCE,4,6.211657301079158,-0.05495991533098277,0.010672473537154836,0.25634990472235586,-0.12320793727035095,0.0016675911392868472,301632.6893024331,5746314.801948584
546,RING2_CIRCUMFERENCE,4,6.211657042450509,2.0664491079733125,0.00022874939596384536,-0.17617201044760122,0.23232739919669143,0.0022583029598356027,222733.62296643172,152830.76658429246
547,RING2_CIRCUMFERENCE,4,6.211657042450509,-2.1133521435040166,0.0017080601080987634,0.16291811815608526,-0.23221086435782468,0.0022252272891172117,226044.32475729226,149438.89131290364
548,RING2_CIRCUMFERENCE,4,6.211657301079158,-0.19476371327618835,-0.01109880346975256,0.2596997869355562,-0.13884514656288616,0.0017642888863680366,285100.7019805443,1621539.0930261067
549,RING2_CIRCUMFERENCE,4,6.211657042450509,-1.9947421689357725,-0.006643411194945603,0.20187093797899536,-0.24509094920556151,0.0023896520400257595,210490.8964045568,158324.72296280888
550,RING2_CIRCUMFERENCE,4,6.211657042450509,2.1096597119030776,-0.0013585157808853054,-0.16465119370029413,0.24634801459257005,0.002297638064573908,218920.46782976683,149700.44671047782
551,RING2_CIRCUMFERENCE,4,6.211657301079158,0.14196586474281503,0.0066711211232979295,-0.2735017182635886,0.15544007047148511,0.001865998970312483,269560.7060896539,2224597.97326914
552,RING2_CIRCUMFERENCE,4,6.211657042450509,2.1878874219110003,0.012329586628736067,0.21452913003764706,-0.2718073348577832,0.002609900013508027,192727.68971862108,144347.92124868094
553,PROP_BOOM,6,1.4000000000000001,-400.4517674560266,0.19500920887244405,10.811379381190672,-0.532412371950187,0.34548108159727353,1455.9407932685178,4361.532793768913
554,PROP_BOOM,6,2.309573527890154,-10.331030391404056,0.27616686159713133,-5.7272725670325,1.313085918263205,0.08996281656616054,5591.198888599529,62120.9663767802
555,PROP_BOOM,6,1.533797120124469,-455.5933480980939,0.360418512540865,-9.016115705961113,-2.2272603503718074,0.34925934281045096,1440.1905356415527,3193.980187790479
556,PROP_BOOM,6,1.8717336298098084,-12.775224923949281,-0.208160448135422,8.849745460078047,7.407928695177745,0.17304394666968625,2906.776051289145,76487.20413465113
557,PROP_BOOM,6,1.533797120124469,142.88816241432164,-0.6081068579730191,1.8169643815376446,0.4449052791706123,0.09475709250868536,5308.309770626357,10183.88159611879
558,PROP_BOOM,6,2.7784885065375025,-11.3752111490694,0.23282075202703645,-1.9347366561536816,-1.614760207630514,0.04193122379804833,11995.833997657179,38982.41604917173
559,PROP_BOOM,6,1.4000000000000001,390.50972341515444,-0.2435966800317668,9.1557808264118,-0.4314154354229629,0.31679951134976087,1587.7549742956057,4472.573693703841
560,PROP_BOOM,6,2.309573527890154,7.461318865989597,-0.18591726923653873,-5.439493930894415,1.600582303836383,0.08559706176710617,5876.369931582118,86013.42512075942
561,PROP_BOOM,6,1.533797120124469,451.0126664236459,-0.29900730849537016,-9.451851001408755,-2.278232217116006,0.3533901569319241,1423.355999405768,3226.419645934253
562,PROP_BOOM,6,1.8717336298098084,13.15914021503886,0.31195193139056476,8.113256672415488,7.994880879438643,0.17107151934071577,2940.290715476704,74255.70520993997
563,PROP_BOOM,6,1.533797120124469,-140.40060344381618,0.49864246200550344,2.317549243352886,0.48914663366187483,0.10067682759601826,4996.18444492875,10364.31533641342
564,PROP_BOOM,6,2.7784885065375025,12.421270141353943,-0.10231909357023206,-2.4406089829100637,-1.4549582142935549,0.04699013867842868,10704.373601495827,35699.50646060621
565,DOCK_LINK,7,1.0770329614269003,0.008883841976057738,-0.0033713349242396884,0.00242605615511593,-0.15253403417182199,0.002212054619668853,227390.4068767071,332190045.6980565
566,DOCK_LINK,7,1.0770335194126097,0.02315491097397171,0.04045327063218451,-0.10890074283770446,-0.053418406420860265,0.0018374108674432965,273754.7757622169,127451183.7900592
567,DOCK_LINK,7,1.0770329614269003,-0.006218249009179999,0.003329914519815347,0.0024659991959197214,-0.15233726503705824,0.0022079508536769327,227813.041745176,474590816.1034062
568,DOCK_LINK,7,1.0770335194126097,-0.02279592165723443,-0.04040695184068355,-0.11742592747486924,0.030678760134378535,0.0018380703870954059,273656.5495703683,129458280.2380166
569,DOCK_LINK,7,1.0770329614269003,0.0031435663113370538,-0.0033538688316883114,-0.002400377192074643,0.15207873460394694,0.002202751903277708,228350.72767456606,938782128.2337545
570,DOCK_LINK,7,1.0770335194126097,0.026691666251281276,0.04039447270314689,0.10885205237309492,0.05371511321664002,0.0018400254346830102,273365.7864281937,110563379.0863268
571,DOCK_LINK,7,1.0770329614269003,-0.005480242302837723,0.003395530201240504,-0.002358516037929803,0.15229977388241167,0.0022070516342917296,227905.85964764663,538502443.6734872
572,DOCK_LINK,7,1.0770335194126097,-0.027376104437280446,-0.040441034005844756,0.11745892200178787,-0.03031983673599825,0.0018394536221138396,273450.7649189703,107799150.93278672
573,DOCK_RING,7,0.612293261803525,-0.18291189870797098,0.009704938249488038,0.06433761309381225,0.17449769190639586,0.00278007455347902,180930.39964361372,49921141.82745708
574,DOCK_RING,7,0.612293261803525,-0.1793973472667858,-0.015717401841145673,0.06501070788999641,0.18276608947527961,0.0028982681936911316,173551.9166566145,50899140.79805715
575,DOCK_RING,7,0.612293261803525,0.18324946949724108,-0.009687045588506749,-0.06464838638203219,-0.17446823046347504,0.0027813818902167296,180845.35668016644,49829180.2010786
576,DOCK_RING,7,0.612293261803525,0.17973056039772928,0.015714307947256145,0.06535309904211317,0.18249136022564016,0.002896348487878387,173666.9472285961,50804775.86629417
577,DOCK_RING,7,0.612293261803525,-0.18311923905275762,0.009670281120111923,-0.06517125018763181,-0.1741451411363073,0.002779572138061461,180963.10331805385,49864617.63692314
578,DOCK_RING,7,0.612293261803525,-0.17987793229985982,-0.015729443219603567,-0.06494164022933546,-0.18270310318766292,0.002897313744251,173609.08910817085,50763152.10310653
579,DOCK_RING,7,0.612293261803525,0.18277730199042708,-0.009669457344630317,0.0649277458569486,0.17427355557916258,0.00277991832561052,180940.56770158242,49957903.6231114
580,DOCK_RING,7,0.612293261803525,0.17954417178407311,0.015751254531256365,-0.0645354588432383,-0.18287957259906307,0.002897619139594835,173590.79153181356,50857517.381915286
581,RING1_TORQUE_BRACE,8,10.977179919856466,236.5790863142156,-0.0045044594967115145,-2.9610798702610843,-0.007000115781123473,0.3519904487257665,1429.016048079998,24.85505478760458
582,RING1_TORQUE_BRACE,8,10.977179919856466,237.09023257942317,0.005268266314606168,3.0064885045264864,-0.030776328753967963,0.3545109302076515,1418.8561117293968,24.801469415115825
583,RING1_TORQUE_BRACE,8,10.479871431130489,160.84174151898605,0.0014599258800164494,0.31462046398651733,-0.003922944093435854,0.16297097927234747,3086.4390840986243,40.11085909633231
584,RING1_TORQUE_BRACE,8,10.271903773099885,267.3408055797854,0.005355385021016124,1.781218366039972,-0.022242297245397946,0.327434642646511,1536.1844303781388,25.119182602867202
585,RING1_TORQUE_BRACE,8,10.271903773099885,-124.40419835469311,0.0044396976385383535,1.6996993717446127,-0.007530847784702921,0.1915034617386551,2626.5843731140717,53.98035276438011
586,RING1_TORQUE_BRACE,8,10.479871431130489,55.2308899845666,0.0054391494997170775,-0.22929479565782884,0.019399129956922723,0.061448513686254425,8185.71467111852,116.80964099400755
587,RING1_TORQUE_BRACE,8,10.977179919856466,21.168935482003462,0.0032987172398541986,-0.6573856647896505,-0.003040547258531031,0.04913317175294079,10237.482785138815,277.77429606416615
588,RING1_TORQUE_BRACE,8,10.977179919856466,-30.432765429982624,-0.004356681492035275,0.9761635065469014,-0.0063182550745036065,0.07203253265062075,6982.955915762394,193.21892272557167
589,RING1_TORQUE_BRACE,8,10.479871431130489,83.07205108451399,0.0010947401086184305,0.3015321005889824,-0.0389778309384643,0.09053260112581682,5556.0095893076195,77.6615040395869
590,RING1_TORQUE_BRACE,8,10.271903773099885,-130.6160462329858,-0.00140393245733883,0.750528417200881,0.004645556871234469,0.1545929657165435,3253.7056111743404,51.413151034886745
591,RING1_TORQUE_BRACE,8,10.271903773099885,53.679522793830984,0.001089384616836081,0.765643105636876,0.0056616905001734,0.08408169516669954,5982.2771056501315,125.10138248337785
592,RING1_TORQUE_BRACE,8,10.479871431130489,92.94889603015872,0.007283117936224631,0.051403748750410205,0.0032655804388987963,0.08832275333076145,5695.021735976758,69.40911303328942
593,RING1_TORQUE_BRACE,8,10.977179919856466,-0.8124880173227211,0.0014380318667369107,0.33605517778655514,0.00010015778543692733,0.015855124069379972,31724.759629690507,7237.258921451447
594,RING1_TORQUE_BRACE,8,10.977179919856466,-2.590269162381446,-0.002447098290851213,-0.27545736358422324,-0.013764621658218346,0.0147923662884624,34004.02546767145,2270.1062257696517
595,RING1_TORQUE_BRACE,8,10.479871431130489,84.6913357362182,-0.0025251760514306276,-0.05016820181184922,0.011735110995187314,0.08068215421418783,6234.340231728074,76.17662863378091
596,RING1_TORQUE_BRACE,8,10.271903773099885,45.62565902499864,-0.004211734225769065,-0.722990363237787,-0.005645180074388634,0.07471258961804784,6732.466409897985,147.18434004157268
597,RING1_TORQUE_BRACE,8,10.271903773099885,-125.78279764447234,-0.0030510410138789856,-0.7073964973104765,0.005759326187957159,0.14818264907723364,3394.459493957579,53.3887195889649
598,RING1_TORQUE_BRACE,8,10.479871431130489,78.88016685784169,0.0010620759712473005,-0.2302290020764155,-0.04339697562756761,0.08351867903540544,6022.604832947214,81.78862555531462
599,RING1_TORQUE_BRACE,8,10.977179919856466,-28.67623790882621,0.00035526219981363294,0.9351820132023461,-0.006604491440104252,0.06856529722224493,7336.072625333994,205.05430909859376
600,RING1_TORQUE_BRACE,8,10.977179919856466,25.17963577255739,0.002387495881594759,-0.6147888302690774,-0.008335135790994125,0.05093207589682565,9875.89826534735,233.52943644839846
601,RING1_TORQUE_BRACE,8,10.479871431130489,53.49246842056618,-0.006806566729774255,0.15583742883069052,0.02598115395087408,0.05659865831054329,8887.136462496326,120.60577164160837
602,RING1_TORQUE_BRACE,8,10.271903773099885,-121.60717271049998,0.0015447953815446724,-1.6955061392378417,5.410918414572308e-05,0.18872604638252335,2665.238898612245,55.221927809661345
603,RING1_TORQUE_BRACE,8,10.271903773099885,259.78442432071824,-0.0014274252705854251,-1.7794454178477732,0.0017427321019489739,0.32035663101870165,1570.1251395999232,25.849827333242033
604,RING1_TORQUE_BRACE,8,10.479871431130489,149.5536333214768,-0.008905990395742136,-0.19238793538343257,-0.017905590913479763,0.14706908504795796,3420.161346866176,43.13837308792603
605,RING2_TORQUE_BRACE,8,10.977179919856466,2.0883741938760068,-0.008246245500266557,-0.11904708789534332,0.0012693209706291508,0.007290078867373413,68997.88179949128,2815.6765052855208
606,RING2_TORQUE_BRACE,8,10.977179919856466,0.9606701969751157,0.0060834464795253024,0.10569065853511656,-0.014913466620640525,0.00569092871832441,88386.27663361406,6120.920759753283
607,RING2_TORQUE_BRACE,8,10.479871431130489,-15.789129532680818,0.006898811137363792,-0.0028637380477305463,-0.09513973908673479,0.018889666496262197,26628.315544879068,408.6039333278786
608,RING2_TORQUE_BRACE,8,10.271903773099885,16.219672282419197,0.0024125257550304258,0.1502315374163561,-0.006484166494557186,0.021766671479404465,23108.72383386392,414.0270158130862
609,RING2_TORQUE_BRACE,8,10.271903773099885,-15.9197296617549,0.002219562929123342,0.15029464036358586,-0.0005785578172861072,0.021485699949521188,23410.919876092255,421.8276726576011
610,RING2_TORQUE_BRACE,8,10.479871431130489,14.957981057465076,0.004088557539377147,-0.003423204131567381,0.08326382363414897,0.017586889514566956,28600.85062701808,431.30823645862307
611,RING2_TORQUE_BRACE,8,10.977179919856466,-1.2690819515158864,0.005870335329232534,-0.10605544124515465,-0.009795726044918745,0.0059653853478446525,84319.78332828716,4633.417207547178
612,RING2_TORQUE_BRACE,8,10.977179919856466,-1.3270598333851922,-0.005177745812465329,0.10335404992574926,-0.012661872729144041,0.00591112421960957,85093.7962581377,4430.987966037308
613,RING2_TORQUE_BRACE,8,10.479871431130489,15.211862736899093,-0.005597776084860895,0.009155619171102636,-0.07669459807519519,0.017548517815076797,28663.38942698898,424.1098241852712
614,RING2_TORQUE_BRACE,8,10.271903773099885,-15.521888629326895,-0.0016121729857782041,0.136455710581469,-0.006400729734687083,0.020502226957221446,24533.920195573173,432.63952428239145
615,RING2_TORQUE_BRACE,8,10.271903773099885,14.996177842689576,-0.001494028042261203,0.13653436036587907,-0.002504704187029194,0.020013589105315328,25132.92330291773,447.8062732384774
616,RING2_TORQUE_BRACE,8,10.479871431130489,-14.240777842420357,-0.0032264667419099335,0.0077158724109809285,0.06911940632604274,0.016303457494856604,30852.3514204693,453.03005933138394
617,RING2_TORQUE_BRACE,8,10.977179919856466,1.4934484008645086,-0.005136008943598013,0.10151037495954951,0.006506385175999441,0.005956779914619355,84441.59549449164,3937.3212683728566
618,RING2_TORQUE_BRACE,8,10.977179919856466,0.7048028563258413,0.003528218125923881,-0.09165987037163131,0.020396188934937776,0.00487429646299935,103194.37970551423,8343.022590167768
619,RING2_TORQUE_BRACE,8,10.479871431130489,-13.680007495257087,0.0037508527006754055,0.0019576379154830903,0.06498155689735441,0.015580829778692561,32283.261363131867,471.6006503003389
620,RING2_TORQUE_BRACE,8,10.271903773099885,14.165684272440558,0.001021411141678058,-0.13604665864245336,0.021020806771286704,0.019294678216765053,26069.364534047825,474.0598747934171
621,RING2_TORQUE_BRACE,8,10.271903773099885,-16.22213134442427,0.002213604353038856,-0.13598005982303274,0.016846026676283765,0.021168853181809735,23761.32498439853,413.96425475647516
622,RING2_TORQUE_BRACE,8,10.479871431130489,15.546572667684813,0.0045458614608787085,-0.019097645113308026,-0.07643189086368696,0.01792707752295266,28058.114846437835,414.9789518745102
623,RING2_TORQUE_BRACE,8,10.977179919856466,-2.1981443357359467,0.006788670375016015,0.11298559513662276,-0.0007519594236723159,0.007116877917677425,70677.05893206508,2675.068263873834
624,RING2_TORQUE_BRACE,8,10.977179919856466,-0.28489890553646546,-0.0036252088532608417,-0.09251788008213335,0.026003426435492805,0.004584906843344892,109707.79062395067,20639.55332109421
625,RING2_TORQUE_BRACE,8,10.479871431130489,13.96224597379478,-0.004094968983417158,0.01336871088858338,0.07439922831228651,0.016317567189852222,30825.67359139248,462.0675243070014
626,RING2_TORQUE_BRACE,8,10.271903773099885,-14.673046283897747,-0.0014460393985638031,-0.14903450226090964,0.027880459306364402,0.020391535536143,24667.097733197046,457.6679158932207
627,RING2_TORQUE_BRACE,8,10.271903773099885,17.292008692948002,-0.003191754558773491,-0.14896684793989756,0.02189347518917284,0.022767855832477223,22092.55029112119,388.3517890720761
628,RING2_TORQUE_BRACE,8,10.479871431130489,-16.54161986827421,-0.0064982266730486404,-0.008429426984143618,-0.0991356930627354,0.01977939852186183,25430.500297774102,390.0162428016089
629,DOCK_LOAD_SPREADER,9,7.467261881037786,0.9574979484596042,0.000982702526207466,-0.001278711083173012,-0.007747070104873188,0.0010761402252570048,467411.2055237718,18452.07408913574
630,DOCK_LOAD_SPREADER,9,7.467261961518311,0.08031510282307863,-0.008556111011719006,0.007565327884330286,-0.01064318624149152,0.0005980389470926245,841082.3449632205,219981.32459908057
631,DOCK_LOAD_SPREADER,9,7.467261881037786,-0.9557890857035432,-0.0008652910433618322,0.00784133016321592,-0.0012462473034666743,0.0010777810253294296,466699.62467214087,18485.06469622119
632,DOCK_LOAD_SPREADER,9,7.467261961518311,-0.07929870922180271,0.008391296385579505,0.010643135637970168,0.007478262522372603,0.0005933955068253836,847663.9850055623,222800.88639166058
633,DOCK_LOAD_SPREADER,9,7.467261881037786,0.9524825653970765,0.0009805101245310604,0.001272632795076556,0.007852738128732994,0.0010756911884914698,467606.32175987074,18549.23515351342
634,DOCK_LOAD_SPREADER,9,7.467261961518311,0.08312089613900753,-0.008388952608146136,-0.007618167531216802,0.010524831200395823,0.0005957235475679953,844351.3808602438,212555.72936539745
635,DOCK_LOAD_SPREADER,9,7.467261881037786,-0.9547427746907431,-0.0010994951226925287,-0.00777509380706648,0.0013047311852965038,0.001075112512590599,467858.0093798439,18505.322641373215
636,DOCK_LOAD_SPREADER,9,7.467261961518311,-0.08358366913125792,0.008555377291523947,-0.010650135177222506,-0.007523876155129727,0.0005998673922071155,838518.6568472949,211378.8840328012
637,PROP_LONGITUDINAL_STRUT,10,2.8653097563788807,-421.58268365232124,0.2055352713849129,3.0788623136110633,-4.924652476247161,0.34987218863548664,1437.6678579732702,611.6973351579716
638,PROP_LONGITUDINAL_STRUT,10,2.8653097563788807,-421.19129342246015,-0.16874394260314887,1.939794923069901,3.774484030906315,0.3182833297129063,1580.3529529922582,612.265752322219
639,PROP_LONGITUDINAL_STRUT,10,2.9330076040989246,452.55004805366536,-1.1883671133647005,-0.6362321765580834,-5.212552415123273,0.3564317169028949,1411.2099909925685,543.8379579457022
640,PROP_LONGITUDINAL_STRUT,10,2.9330076040989246,443.61444155554545,1.2838817505984395,0.8308715757115521,-0.6988781895688163,0.2682786691099605,1874.9161149067477,554.7923398046513
641,PROP_LONGITUDINAL_STRUT,10,2.9330076040989246,150.85543173027418,0.1022883260404196,2.8507228391316697,-4.0635257701203855,0.1830641935677681,2747.6700396563115,1631.4553024632246
642,PROP_LONGITUDINAL_STRUT,10,2.9330076040989246,151.4916287759197,0.12068117906806353,4.067338386695143,1.3159327980355826,0.1696065589450296,2965.687194697612,1624.6039202983059
643,PROP_LONGITUDINAL_STRUT,10,2.8653097563788807,408.98711963151976,-0.061884653087175626,3.3824700276055584,-4.689424900354009,0.34236425605762894,1469.1954288456204,630.5357595887397
644,PROP_LONGITUDINAL_STRUT,10,2.8653097563788807,408.32486767699265,0.02812598468354257,2.2076495233314515,3.480977714588686,0.30870579434014334,1629.3830864923002,631.5584098661095
645,PROP_LONGITUDINAL_STRUT,10,2.9330076040989246,-448.40446233132366,1.1111145164326646,-0.7234051005654134,-5.334442542222369,0.3567089193628472,1410.1133240471183,548.86584473792
646,PROP_LONGITUDINAL_STRUT,10,2.9330076040989246,438.9186118090852,1.448505909440719,-0.35085923848251155,-1.6500809306822077,0.2779494554193573,1809.6815453050515,560.7278602001641
647,PROP_LONGITUDINAL_STRUT,10,2.9330076040989246,-149.30233182301595,-0.18889345530624257,2.896760301050783,-3.9602146853185722,0.18107890876206245,2777.7945175323625,1648.4263239336406
648,PROP_LONGITUDINAL_STRUT,10,2.9330076040989246,-149.80462403577667,-0.2692598227153702,3.8023408754732557,1.894750250521966,0.16819051700693394,2990.656125869825,1642.8991800877743
