element_id,group,section_id,length_m,axial_force_N,torsion_Nm,bending_My_Nm,bending_Mz_Nm,screening_von_mises_MPa,yield_factor,member_euler_factor
1,SPINE_FRAME,2,1.3776603565143233,0.0,0.0,0.0,0.0,0.0,inf,inf
2,SPINE_FRAME,2,1.3776603565143233,0.0,0.0,0.0,0.0,0.0,inf,inf
3,SPINE_FRAME,2,1.3776603565143233,0.0,0.0,0.0,0.0,0.0,inf,inf
4,SPINE_FRAME,2,1.3776603565143233,0.0,0.0,0.0,0.0,0.0,inf,inf
5,SPINE_FRAME,2,1.3776603565143233,0.0,0.0,0.0,0.0,0.0,inf,inf
6,SPINE_FRAME,2,1.3776603565143233,0.0,0.0,0.0,0.0,0.0,inf,inf
7,SPINE_FRAME,2,1.3776603565143233,0.0,0.0,0.0,0.0,0.0,inf,inf
8,SPINE_FRAME,2,1.3776603565143233,0.0,0.0,0.0,0.0,0.0,inf,inf
9,SPINE_LONGERON,1,2.5,17060.782130901316,-7.755178293830001,175.29897041056591,-31.060470897339552,7.530079304234314,66.79876528221331,57.19683375630648
10,SPINE_DIAGONAL,3,2.854461080118482,-1169.99011058823,3.139775851043738,15.847401688179604,12.355830480215435,1.6943808113667596,296.86360741671695,103.34164355139784
11,SPINE_LONGERON,1,2.5,-12398.573553134449,5.380637970121451,98.23186187005933,96.14978352821096,5.547287374318783,90.67494904421989,78.7044344344783
12,SPINE_DIAGONAL,3,2.854461080118482,-1132.1463123488475,1.5666162480155217,20.00097350448527,7.981574247722574,1.7125982490275349,293.7057773389752,106.79600299737044
13,SPINE_LONGERON,1,2.5,1470.27387585501,-6.029646587525364,145.24096251946082,-25.718400187114327,1.8762731535531068,268.0846331182998,663.7013248475598
14,SPINE_DIAGONAL,3,2.854461080118482,-1302.0311386561802,-0.26696199353957867,14.092734163033885,4.372639947524542,1.6092697275928007,312.5641347596864,92.86160474768572
15,SPINE_LONGERON,1,2.5,-7181.869783935573,-3.332054397975073,107.57689347618935,-43.60036088195679,3.551655819413835,141.62408340654335,135.87307325961964
16,SPINE_DIAGONAL,3,2.854461080118482,67.75761622307739,1.6664554060864702,13.457742845987191,-5.164778175978906,0.5762177985545099,872.93381298151,1784.429673101301
17,SPINE_LONGERON,1,2.5,10752.542187616651,2.483620668894841,89.31622780839831,51.78610446135903,4.66254002501367,107.88111143314534,90.75274500364665
18,SPINE_DIAGONAL,3,2.854461080118482,-869.4967778034601,1.2357508602624334,12.470226867550041,-5.434088908672335,1.2099166916947224,415.73110235833775,139.05595058386683
19,SPINE_LONGERON,1,2.5,-6115.867986122335,-7.437219742496374,86.66668697914,-65.38914804226923,3.115196115423337,161.4665598450277,159.5558834016676
20,SPINE_DIAGONAL,3,2.854461080118482,-1128.9454604997038,0.06147770174702393,16.223131608040724,-10.776303694416995,1.635316133603061,307.5857870317402,107.0987972382224
21,SPINE_LONGERON,1,2.5,4131.066333963435,-7.6273534972913115,134.92738708557266,-102.61130765931154,2.997217471302569,167.82232347704814,236.21569841932345
22,SPINE_DIAGONAL,3,2.854461080118482,-1051.5692052461789,-1.5442041978293206,19.869917026542264,-13.754070480548844,1.7402730586275228,289.03510142063226,114.97930936344216
23,SPINE_LONGERON,1,2.5,13383.844258351182,-7.343637412452756,171.35335793963802,-90.54497606197023,6.4098542479765985,78.4729231805516,72.9104957034178
24,SPINE_DIAGONAL,3,2.854461080118482,54.32464331099632,-3.1073707291060995,23.72964909027754,-7.519311052425126,0.9440209732517876,532.8271450022548,2225.6694862199897
25,SPINE_FRAME,2,1.3776603565143233,-1651.3003495710982,1.7351423411020193,-26.159952942467186,-14.541039154616897,1.3477187548321001,373.2232694666805,867.2868277887575
26,SPINE_FRAME,2,1.3776603565143233,1153.4010138795675,9.42783470314693,30.435667903231746,51.8098445100274,1.6101907256647725,312.38535409669237,1241.6765935455664
27,SPINE_FRAME,2,1.3776603565143233,-384.61935965939847,-2.2893565071644284,-44.85524009467734,65.25820936700725,1.5362816044194305,327.41393150384465,3723.5542255965283
28,SPINE_FRAME,2,1.3776603565143233,168.57991393595148,-3.8810256818995548,-5.325436816365539,-48.20664734953039,0.9083689267759129,553.7397693526409,8495.383634197968
29,SPINE_FRAME,2,1.3776603565143233,-978.0436501662598,0.5160293158119842,12.345542927427942,3.3346569421002954,0.7145554125380856,703.9342102431982,1464.3017636917632
30,SPINE_FRAME,2,1.3776603565143233,-791.5317367516673,-3.7308287078755136,19.925968350963615,47.13833284640605,1.2703298906714293,395.96013893221135,1809.3412751626695
31,SPINE_FRAME,2,1.3776603565143233,-331.4695558922176,-3.8944073927958156,-11.24676093612321,65.96149629166868,1.3023957774678414,386.2113258520757,4320.6110982079745
32,SPINE_FRAME,2,1.3776603565143233,-706.0860105550164,5.817412385697882,-5.625420272520117,-57.51884315957331,1.3403153703653845,375.28481066577393,2028.295449134089
33,SPINE_LONGERON,1,2.5,12275.384865149008,10.863055837800708,-101.52704076824155,-65.93557704534237,5.353185046978401,93.96275219066409,79.4942667797065
34,SPINE_DIAGONAL,3,2.854461080118482,2509.3249258620344,0.530115108450822,-15.809209609532282,2.9009040742622645,2.6573878875627615,189.2836203379136,48.18375640433785
35,SPINE_LONGERON,1,2.5,10225.549932336087,-9.4827452789762,-87.44318108204388,-126.05004199928078,4.947213740587222,101.67339160492692,95.42985225742224
36,SPINE_DIAGONAL,3,2.854461080118482,390.972678493059,0.8421026431990677,-17.303809779126503,-14.269033812831651,1.1299180020591335,445.16504656386195,309.25102345537914
37,SPINE_LONGERON,1,2.5,4595.571402021382,-7.413134517664676,-143.84878921773608,-122.53689993052325,3.337705187307606,150.70234540569177,212.33980150205196
38,SPINE_DIAGONAL,3,2.854461080118482,-2471.7811538233364,-1.0224632382033507,-7.903895032883737,-19.562515777588047,2.806898256548973,179.20136535993603,48.9156172989055
39,SPINE_LONGERON,1,2.5,-3674.6907657919483,9.150110094442773,-35.16033649012677,-70.65631788504393,1.9998265995262892,251.52180700024124,265.55233664224346
40,SPINE_DIAGONAL,3,2.854461080118482,-2279.922670292921,-1.5525268922906823,-15.246399277596204,-10.66819052576595,2.5586791412004755,196.5858055043211,53.031930662602356
41,SPINE_LONGERON,1,2.5,-7280.072070189399,-0.9417031540372891,-46.50070839440234,-56.139637127997844,3.1845855102518907,157.9483415913094,134.04025535537588
42,SPINE_DIAGONAL,3,2.854461080118482,-2026.385201253046,0.7091019447561933,-8.607247276251783,-1.8805366747506866,1.9962840285612764,251.96815323043612,59.66718513948072
43,SPINE_LONGERON,1,2.5,-5153.9463471323015,9.557417479011292,-63.00639102494469,-51.71357717637022,2.533271425790235,198.5574837655199,189.33505581343172
44,SPINE_DIAGONAL,3,2.854461080118482,-101.5232077583164,0.3787438691061902,-9.886186810642991,-8.911721934631721,0.5623150126778643,894.5163985656483,1190.9464213827996
45,SPINE_LONGERON,1,2.5,1293.2033415277347,8.131974214301346,-112.31407915738657,-48.976864276582035,1.5841971449455556,317.5109875717436,754.5779445179379
46,SPINE_DIAGONAL,3,2.854461080118482,2152.7639381874765,1.311139977152272,-8.155422352998373,-7.516316234750782,2.183208669353548,230.39483447495618,56.16440280436354
47,SPINE_LONGERON,1,2.5,8882.888526312021,2.585266524350436,-80.06255827070424,-36.142509656393315,3.8755170997711983,129.78913188892804,109.85421199458267
48,SPINE_DIAGONAL,3,2.854461080118482,-2760.4917868261473,-1.3310376638420323,-13.344571226388329,0.7802481593088899,2.768666313712258,181.67592010232974,43.799695961451555
49,SPINE_FRAME,2,1.3776603565143233,4247.017063101812,-1.2972717567047738,91.1803308098929,17.192875896812325,3.733206737146816,134.73671173764907,337.21339486684604
50,SPINE_FRAME,2,1.3776603565143233,822.0309898021515,-1.642822210887637,-93.27323271719399,29.460370670769038,2.0740534417291174,242.52026967089813,1742.2105245091525
51,SPINE_FRAME,2,1.3776603565143233,390.96293383585,0.7421935429714619,123.98584106785098,21.217846490993836,2.327766470289792,216.08696852540356,3663.1376479983346
52,SPINE_FRAME,2,1.3776603565143233,2122.004582178961,0.13827213187796872,55.0135959346012,-5.371159135032968,2.0161115900524513,249.49015842268628,674.9047829271852
53,SPINE_FRAME,2,1.3776603565143233,-2529.239859391966,1.2374561246159743,24.521698148525047,16.62776285380329,1.7895904139063434,281.0699007389319,566.237732094842
54,SPINE_FRAME,2,1.3776603565143233,-403.252692991824,1.8493990302613756,-38.27236696065364,29.26001885615392,1.0209821815001208,492.66285848490145,3551.497774957255
55,SPINE_FRAME,2,1.3776603565143233,-1129.8638320354075,-0.7914330690636646,38.82523517205881,22.335074529130537,1.333455543337956,377.21542537584077,1267.543044834011
56,SPINE_FRAME,2,1.3776603565143233,-3658.118339944005,0.0772390613313334,67.23709938391607,-5.324234737360825,3.0044319065125547,167.41933771561685,391.49937449205265
57,SPINE_LONGERON,1,2.5,-11403.919597061697,12.290807834819013,94.02848567360175,57.120851377627446,4.950769668320982,101.60036392292693,85.56906342492583
58,SPINE_DIAGONAL,3,2.854461080118482,-1339.8158014562596,0.8074276459343481,14.795003203588507,12.33011717257483,1.802503472682421,279.05632783689094,90.242778772763
59,SPINE_LONGERON,1,2.5,-8210.972798677227,-9.70637052813009,57.75202759241684,97.86375523519041,3.8841793508524303,129.49968437724445,118.84374034839455
60,SPINE_DIAGONAL,3,2.854461080118482,182.74552675685482,-0.9802648904215774,5.884737741975911,15.67326684503756,0.7533856921669461,667.6527112603275,661.6233136471784
61,SPINE_LONGERON,1,2.5,-2646.2648356286527,-8.250049741920963,131.32220751879422,69.70348631845093,2.2926229295961447,219.3993584843913,368.7547467492641
62,SPINE_DIAGONAL,3,2.854461080118482,-23.667072776817804,1.3684052051049105,17.30191454087592,4.517766642779449,0.6632287876183341,758.4109878678239,5108.730687028647
63,SPINE_LONGERON,1,2.5,4517.383866350696,10.678079158104566,44.757720067264245,43.22491272085148,2.1354965103248804,235.54241253406536,216.01500960821187
64,SPINE_DIAGONAL,3,2.854461080118482,1037.5734781189356,0.6225297544161417,7.261371715613888,0.8552479243805493,1.1228440119093628,447.96961524928423,116.5302540175471
65,SPINE_LONGERON,1,2.5,6447.561653044679,-1.288782780389591,39.44776265853572,48.02350148507111,2.798027702708579,179.76948531034205,151.3475592486847
66,SPINE_DIAGONAL,3,2.854461080118482,1006.8682657630034,0.30757541701977553,7.404187830637902,6.86230437645537,1.197238962796542,420.1333364770216,120.083932604078
67,SPINE_LONGERON,1,2.5,3162.467393194249,9.226844852207822,33.37971523859334,24.765712304716658,1.4771150223865206,340.5286605150906,308.5637250817937
68,SPINE_DIAGONAL,3,2.854461080118482,108.85964376613629,1.2134964039708238,6.404741362605531,3.538918671461836,0.35505870868177336,1416.6671249030571,1110.6843342866173
69,SPINE_LONGERON,1,2.5,-3291.362988373042,8.022950956526618,100.71491674955013,-3.878461346600943,2.070414464195736,242.946525296515,296.47982393339333
70,SPINE_DIAGONAL,3,2.854461080118482,451.53291989692116,-1.2433417523015757,14.002195365007367,-5.040969448369182,0.9096071828417427,552.9859586514656,267.7738336214139
71,SPINE_LONGERON,1,2.5,-9739.992506186205,1.9039018669327996,89.23197016180414,7.060114661452872,4.186240784487547,120.15553473749219,100.18721458706956
72,SPINE_DIAGONAL,3,2.854461080118482,-1502.5399479951925,0.7043255870740985,14.312657655791426,-4.20670055803707,1.7814291678218637,282.35756385139535,80.46954167734131
73,SPINE_FRAME,2,1.3776603565143233,-1651.6512828178093,-2.4478943493491414,-29.653463731054785,28.61169571866924,1.5389017789947999,326.8564679472631,867.1025517339559
74,SPINE_FRAME,2,1.3776603565143233,-1123.8980442982283,8.429966011610711,39.37306043870876,16.018026957460336,1.2976008605195757,387.638460565287,1274.2713177334797
75,SPINE_FRAME,2,1.3776603565143233,-367.7917749512708,-2.084626456285262,-45.20822613391567,3.161998819378466,0.9546994030867446,526.8674080801715,3893.9180793146656
76,SPINE_FRAME,2,1.3776603565143233,-194.01097671238676,-1.9755862792234815,-10.08659152461928,4.228894653131363,0.28536438214992466,1762.658661919952,7381.804195692951
77,SPINE_FRAME,2,1.3776603565143233,974.5784928067951,0.8617134126675516,1.4301069081966489,21.63161281122501,0.8632966333644029,582.6502508642131,1469.508154013717
78,SPINE_FRAME,2,1.3776603565143233,764.7471821397776,-1.7297795746032882,22.5192357014829,17.653784901983116,0.8740678924689383,575.4701715208868,1872.7117606354527
79,SPINE_FRAME,2,1.3776603565143233,-306.3490729757905,-0.11799688766597072,-14.176047464722757,2.6320929683288057,0.4000171860238497,1257.445973758763,4674.899218706502
80,SPINE_FRAME,2,1.3776603565143233,-735.5976901194226,-4.22857015258916,-4.474995557182524,16.889132336648572,0.6731604163821626,747.2215949703731,1946.921613733558
81,SPINE_LONGERON,1,2.5,14447.417862499911,5.514094594809709,-142.5075032027744,-74.73793214622253,6.470844483622621,77.73328524168174,67.54305361559433
82,SPINE_DIAGONAL,3,2.854461080118482,-943.3367590542002,-2.5381239962566253,-20.098704700276844,1.0556357154676732,1.506883381057468,333.80154451435754,128.17130235473255
83,SPINE_LONGERON,1,2.5,12075.205152344755,7.744404395230141,-100.65859169558749,-119.6197717485137,5.611315867547429,89.64029327043555,80.81210273303243
84,SPINE_DIAGONAL,3,2.854461080118482,98.97597836434397,2.1965764577738476,-13.710994007622094,-14.557980721164995,0.8032010818071208,626.2441764499384,1221.5964213254665
85,SPINE_LONGERON,1,2.5,3483.976407265345,5.557036090307806,-116.4407037978612,-93.35923861948106,2.5859392913593173,194.5134604206406,280.0887851188616
86,SPINE_DIAGONAL,3,2.854461080118482,-1121.094846996677,1.7303439454627152,-19.447247822401053,-10.680710680170833,1.7270177212226754,291.2535255538035,107.84877059329466
87,SPINE_LONGERON,1,2.5,-4073.6699652787484,1.978867028288274,-70.7214262770871,-64.58445710370552,2.292407163624322,219.42000879318107,239.54388244776584
88,SPINE_DIAGONAL,3,2.854461080118482,-906.7116778463605,0.3206869310739995,-9.178591160158845,-7.631714089054782,1.1803653852069764,426.13923307467985,133.34856484285515
89,SPINE_LONGERON,1,2.5,-8214.10378667837,2.554999262295816,-65.40810504756148,-63.22353530456883,3.674154052470576,136.90226180412128,118.79844041857807
90,SPINE_DIAGONAL,3,2.854461080118482,-801.7889468004178,-1.3246807121297621,-9.981046158705654,-8.945707746795534,1.1467544972102308,438.6291932786609,150.79866272734503
91,SPINE_LONGERON,1,2.5,5721.259999304426,-4.582152058468877,-84.64177530129874,14.865471461693119,2.768868571216606,181.66264922389874,170.56080643291241
92,SPINE_DIAGONAL,3,2.854461080118482,137.7663197059486,-0.6898764652077913,-6.915407098995247,-7.9758233814875155,0.4938031163485925,1018.6245962144053,877.6361394072189
93,SPINE_LONGERON,1,2.5,-2202.45504787095,-6.43056302576007,-108.50438523538944,28.678843438356694,1.8012308446027951,279.2534901937685,443.0613556617315
94,SPINE_DIAGONAL,3,2.854461080118482,-1112.7470615725106,0.2645929154797264,-13.872564513236656,4.980242243745323,1.4517904829698107,346.46872665197077,108.65784789959704
95,SPINE_LONGERON,1,2.5,-10203.620566619215,-6.135355665076893,-132.81792740356562,30.107662546377924,4.779453521867841,105.24215743464839,95.63494770533673
96,SPINE_DIAGONAL,3,2.854461080118482,-1202.5057504344659,-0.9554819134919654,-15.43156351659442,6.904227352639836,1.6042478542830028,313.5425730239229,100.5472954481798
97,SPINE_FRAME,2,1.3776603565143233,-280.7336576489761,-0.018739665509230008,-0.5596080647824238,20.39829561910392,0.4882922855648744,1030.1207184096943,5101.458278639029
98,SPINE_FRAME,2,1.3776603565143233,-222.31029987346847,4.5226400327236895,17.42443604384664,41.31670715940422,0.8745428831761753,575.157616254561,6442.1263554640345
99,SPINE_FRAME,2,1.3776603565143233,-177.92550747134374,0.8836678516830077,-18.8973118133282,23.934844897044727,0.6068112747608689,828.9232928281059,8049.160922790359
100,SPINE_FRAME,2,1.3776603565143233,-19.430715487789712,-1.7042530508499638,-4.652655931005484,-15.352173862345438,0.2824648128427078,1780.7527774445257,73705.52272282251
101,SPINE_FRAME,2,1.3776603565143233,187.3874296855356,-0.9427733199362649,-8.377903388297,19.518499723676968,0.4550841999592943,1105.2899662194197,7642.727392703714
102,SPINE_FRAME,2,1.3776603565143233,173.48674662044505,-3.223175198525439,-5.926680887619341,36.187067187083116,0.710454716797563,707.9972700685508,8255.103457783143
103,SPINE_FRAME,2,1.3776603565143233,-104.63456820265856,1.5630707733261602,-19.926500245056218,30.195248830446218,0.6658918140957119,755.377959831327,13687.169226255726
104,SPINE_FRAME,2,1.3776603565143233,64.37832601511036,1.3634514048987043,8.578115817025946,-17.27497733860605,0.35973218880627195,1398.2624175755445,22245.857116102103
105,SPINE_LONGERON,1,2.5,-13677.733892729455,4.070316913573478,147.62231106702214,15.369770598970717,6.089636036488232,82.5993535551379,71.3438883185493
106,SPINE_DIAGONAL,3,2.854461080118482,-927.3832712482181,0.6905542186998872,19.908502851399014,5.726775019856603,1.5129105398125846,332.4717402407087,130.37619365759258
107,SPINE_LONGERON,1,2.5,-9755.602562239888,6.677525172009435,121.36860560203634,32.05885837738856,4.526263264170716,111.12919656743777,100.02690382967772
108,SPINE_DIAGONAL,3,2.854461080118482,-1489.9001679679568,0.9832897615016367,15.322215964239241,7.221045365620938,1.8436370447826314,272.83027395411483,81.15221648170844
109,SPINE_LONGERON,1,2.5,-1853.2590180733096,5.296625508375755,99.66969371843655,30.033875402162266,1.605256404186604,313.34558061138773,526.5441634317336
110,SPINE_DIAGONAL,3,2.854461080118482,-980.7103812131863,0.554333304885144,10.712566157314685,3.6110330505718196,1.2190830040110738,412.6052109208397,123.28685744867865
111,SPINE_LONGERON,1,2.5,4960.820516106582,3.7626989037009873,87.56155295982487,26.946740505345815,2.559532448372614,196.52026694164957,196.70591107367562
112,SPINE_DIAGONAL,3,2.854461080118482,233.81022838639274,0.5435513135924941,11.343386387854817,-2.814067380075983,0.6137995803628025,819.4857345824325,517.123231953979
113,SPINE_LONGERON,1,2.5,7406.379610045995,5.192340182750822,68.91072549844309,13.570799689560317,3.2036438803105365,157.00871220157063,131.75434836882022
114,SPINE_DIAGONAL,3,2.854461080118482,-736.3106612798947,-0.12325736952560318,10.95535048140076,-2.596330855454198,1.0147253361705577,495.7006414152001,164.2088147371103
115,SPINE_LONGERON,1,2.5,-3644.2107643625386,-3.2625120853059157,64.44323573214518,-52.79429088836264,2.0288590816380916,247.92259085529003,267.77340345857357
116,SPINE_DIAGONAL,3,2.854461080118482,-1229.244499726552,-0.27001134327408516,10.272821216326328,-6.147623137690346,1.4489589840350716,347.1457822769019,98.36017244247648
117,SPINE_LONGERON,1,2.5,4025.3006714917246,-4.9930201443887405,104.75419656064275,-80.06202125052027,2.610830058165322,192.65903517039607,242.4223179661507
118,SPINE_DIAGONAL,3,2.854461080118482,-890.6944740148429,-1.02289393648288,14.815500968598668,-10.778961619414446,1.3967227519294498,360.1287365764964,135.7465488946713
119,SPINE_LONGERON,1,2.5,11100.609188889299,-6.442386365784375,150.07592057038025,-56.94261610447802,5.314276324210755,94.6507048774327,87.90713218428019
120,SPINE_DIAGONAL,3,2.854461080118482,-108.08488897008465,-1.617908646347332,21.87908325712796,-6.12793074893554,0.9070319497799154,554.5559890388087,1118.6457433520986
121,SPINE_FRAME,2,1.3776603565143233,145.7774333338166,0.34146836171866113,-10.518529308371853,5.1197587936045466,0.2722526912021799,1847.5483117500678,9824.230055049007
122,SPINE_FRAME,2,1.3776603565143233,45.39794408992748,1.310835635094918,-5.220534919121519,29.415915133525232,0.5290330251294189,950.7913043367183,31546.605702431752
123,SPINE_FRAME,2,1.3776603565143233,212.08206660021096,0.9118589391530278,-19.23341859707307,30.383045322173274,0.7166466881299469,701.880031445555,6752.8153835170115
124,SPINE_FRAME,2,1.3776603565143233,-173.22303166767233,-0.7910932614356696,9.38747158393835,-18.105107019972536,0.4334917699168493,1160.3449820892413,8267.671037264605
125,SPINE_FRAME,2,1.3776603565143233,61.92742469061341,0.1313015505863433,4.991212338408332,7.875929075281533,0.1893375566987669,2656.6308806882153,23126.281272973087
126,SPINE_FRAME,2,1.3776603565143233,-124.5471514458186,-1.0836635085472643,2.919915757233639,27.924304728996596,0.5387849624209045,933.5821061892428,11498.866295059415
127,SPINE_FRAME,2,1.3776603565143233,269.62637863348937,0.8572676071589811,-3.1777874784033884,31.021509864236634,0.6651403493736975,756.231373534367,5311.613237415271
128,SPINE_FRAME,2,1.3776603565143233,258.67253470918513,0.8270521979460739,-4.736138831374319,-19.649437541748057,0.4739318678204096,1061.3339894472035,5536.540798643708
129,SPINE_LONGERON,1,2.5,12736.109873472567,6.680071175936856,-139.29981875399955,-24.88513217256741,5.701231320219352,88.22655523835986,76.61858518716309
130,SPINE_DIAGONAL,3,2.854461080118482,-926.517632911673,-1.6176466795096753,-18.172057583417615,4.319267684647855,1.4397426979172536,349.36798132586114,130.49800313794557
131,SPINE_LONGERON,1,2.5,10598.644895762263,4.870179908411926,-136.41560195816535,-60.58805197917309,5.036824988525326,99.86449819993996,92.07051740019118
132,SPINE_DIAGONAL,3,2.854461080118482,-71.06416538576286,1.1920161771141249,-19.466523232817398,-7.06779434605329,0.8035709713624624,625.9559117064155,1701.4018290474778
133,SPINE_LONGERON,1,2.5,3999.3922858585647,4.726880143316109,-99.07739934928082,-79.61855129216883,2.5578622642951636,196.64858699442328,243.99274928446866
134,SPINE_DIAGONAL,3,2.854461080118482,-964.8405475559448,1.056727290267656,-14.878775909469153,-10.21763238746371,1.4484123291720012,347.27680085928625,125.31469710030889
135,SPINE_LONGERON,1,2.5,-3059.617834588069,4.956863201407758,-62.38807395341673,-57.30976355319581,1.840799807399365,273.2507891287894,318.93614563960944
136,SPINE_DIAGONAL,3,2.854461080118482,-1169.0886415465793,0.4190907414508933,-10.369035026691932,-7.198193028025372,1.4225041251186004,353.6017865382729,103.4213289482653
137,SPINE_LONGERON,1,2.5,-6545.667273822917,3.493925348955073,-61.43988822960505,-22.765808284992545,2.8632614683106246,175.67379213075466,149.07918146041197
138,SPINE_DIAGONAL,3,2.854461080118482,-711.4485917673264,-0.4438937414279085,-9.370167210620682,-3.5120835207004575,0.9492408190448379,529.8971450744582,169.9472068202668
139,SPINE_LONGERON,1,2.5,4448.6972561088405,-4.536515051407842,-78.34655832579753,25.024057390693315,2.296261899148511,219.0516683600072,219.35021942744055
140,SPINE_DIAGONAL,3,2.854461080118482,215.93909678700584,-0.23904134125763754,-9.679881297809048,-3.155295962118714,0.5447119755740112,923.4237956122488,559.9203792462333
141,SPINE_LONGERON,1,2.5,2012.2065305038905,4.925092054685511,-98.06734765403664,-2.4668215839255936,1.6042594976026265,313.5402974092865,484.95157157121656
142,SPINE_DIAGONAL,3,2.854461080118482,-1077.3638437593181,-0.26479574875483447,-10.855243449124938,4.115056913168075,1.3100331618239236,383.9597459500084,112.22643275754878
143,SPINE_LONGERON,1,2.5,9110.948074244996,5.47582858133025,-117.70805843089134,-4.382494385609334,4.232234971272387,118.84973386739375,107.10441013841374
144,SPINE_DIAGONAL,3,2.854461080118482,-1361.901537355072,-1.0931048813508286,-13.609233117600178,6.645677124946928,1.6732171547283121,300.6184813361386,88.77932629541218
145,SPINE_FRAME,2,1.3776603565143233,-251.7982935445034,1.3510505449025842,4.917761371690631,21.221814514098014,0.497272075067988,1011.518694129826,5687.691611193793
146,SPINE_FRAME,2,1.3776603565143233,233.76428253616905,-2.0538176966389763,4.523221613801525,33.85372594922114,0.6976781541180934,720.9628064617013,6126.47503873649
147,SPINE_FRAME,2,1.3776603565143233,117.32724467210937,-0.9643142405444003,1.771514377518315,29.55818054518504,0.5610219108493143,896.5781732811885,12206.46616144758
148,SPINE_FRAME,2,1.3776603565143233,-52.8652219332871,7.716992207917883e-05,-4.650232664533178,-9.273633613141158,0.20247999780865555,2484.195996857611,27090.608712723784
149,SPINE_FRAME,2,1.3776603565143233,171.73199282886344,-1.2154796658148967,-9.380988020709083,19.73824138205339,0.4576303739587391,1099.1403294514528,8339.453926521248
150,SPINE_FRAME,2,1.3776603565143233,166.94015704659978,-1.7868944598332988,-11.201368074105858,32.61477248117129,0.669094521425736,751.7622456812013,8578.828888403481
151,SPINE_FRAME,2,1.3776603565143233,-50.06528593454277,1.2487064007075226,-11.032819691188934,30.240720132441766,0.5705274974052331,881.6402404575606,28605.669880292542
152,SPINE_FRAME,2,1.3776603565143233,130.3919883700146,0.2709028422027018,3.960694383356895,-9.932917813203403,0.24739767062241733,2033.1638480448244,10983.428198379454
153,SPINE_LONGERON,1,2.5,11881.334524360791,-5.691337258719217,129.34128129598065,-23.341587358332163,5.313197032449757,94.66993166787975,82.13073348729952
154,SPINE_DIAGONAL,3,2.854461080118482,861.2975427334022,-1.1678560461159817,17.52135126909888,1.4329319183639768,1.345838128060362,373.7447985107463,140.37971196731291
155,SPINE_LONGERON,1,2.5,8553.995792355781,-6.708946722706286,108.1913288534922,-4.657478532127243,3.952344322016412,127.26623973474528,114.07799851453797
156,SPINE_DIAGONAL,3,2.854461080118482,-1347.7539805194247,1.1441961473783282,12.028381843934113,5.2979333440733285,1.589649401045476,316.421973089908,89.71125495802369
157,SPINE_LONGERON,1,2.5,2045.424597590274,-5.629999468834946,88.86045971527687,-2.9919483955013675,1.5306013913920198,328.6289969608233,477.07586994081765
158,SPINE_DIAGONAL,3,2.854461080118482,-1073.284892169926,0.6665154115814862,8.985396645740078,2.340040369314636,1.223335891479221,411.17080231479804,112.65294224222316
159,SPINE_LONGERON,1,2.5,-3863.83990341143,-4.516318704557163,71.37424250289934,-6.321702482031469,1.9965033676356831,251.94047160344493,252.55257559511236
160,SPINE_DIAGONAL,3,2.854461080118482,241.93976977220336,-0.05939540562675738,9.069722625603903,-2.985314037881267,0.5434912978056619,925.4977991935752,499.74711094794424
161,SPINE_LONGERON,1,2.5,-5733.319955294115,-4.706958847485775,52.51450488366561,-22.997340664828698,2.507514699138975,200.5970294701439,170.20203423195625
162,SPINE_DIAGONAL,3,2.854461080118482,-671.0922331511902,-0.0030020509234702786,8.341557679823488,-3.3053525049774635,0.8785448978949479,572.5376144181379,180.1670396322854
163,SPINE_LONGERON,1,2.5,-2476.277777734118,-4.744666436568521,54.072115883801956,-57.96022669795502,1.589293302777556,316.4928708382042,394.0683585936951
164,SPINE_DIAGONAL,3,2.854461080118482,-1152.3816517196683,-0.3038311043220776,8.705168890369627,-7.217071518095054,1.3614048145883715,369.47129509901504,104.92070989384513
165,SPINE_LONGERON,1,2.5,4015.742046252337,-5.397981744908128,89.68369950555598,-79.31202266875562,2.4950747267441935,201.59716845689883,242.9993530596435
166,SPINE_DIAGONAL,3,2.854461080118482,-933.8609110370089,-0.7812862082147833,13.272965936256643,-10.716062659041825,1.387000208599853,362.65315382163334,129.47185125545724
167,SPINE_LONGERON,1,2.5,9987.546550102037,-5.310729489801272,126.85474554566946,-60.02664998324235,4.743499533311109,106.0398544297717,97.70394705031512
168,SPINE_DIAGONAL,3,2.854461080118482,-109.71841499769516,-1.1349936435561432,18.731290559194793,-6.875254347184125,0.8083516123083494,622.2539701054352,1101.9909553889318
169,SPINE_FRAME,2,1.3776603565143233,156.09924706880702,0.5788051087780701,-5.390962089855748,-2.638507279200894,0.1812671184574712,2774.910332775073,9174.618512251414
170,SPINE_FRAME,2,1.3776603565143233,77.52180638536811,0.4975356993329747,-5.994823576215595,18.41910178891095,0.36734053220767526,1369.3016585374519,18474.170155254484
171,SPINE_FRAME,2,1.3776603565143233,231.9173720931867,1.0119345440717566,-7.250261850244897,24.697083881917536,0.5538812209446214,908.1369452139113,6175.26418560198
172,SPINE_FRAME,2,1.3776603565143233,-213.62920823466266,-1.272217891615469,4.7250424408102845,-16.087069413072527,0.39297273872048893,1279.9870078462886,6703.910264615251
173,SPINE_FRAME,2,1.3776603565143233,40.72173017152818,0.9763920479325634,1.4199708420883326,2.714469179179048,0.07397689504875563,6799.420273971893,35169.20906536814
174,SPINE_FRAME,2,1.3776603565143233,-188.3642264425871,0.1267494954172932,0.41093324803500764,20.6448025753919,0.44536350715044254,1129.414493832985,7603.094647817853
175,SPINE_FRAME,2,1.3776603565143233,-341.2316061226302,-0.7828159628711973,0.44201172259272425,27.920498355238465,0.6464275881501653,778.1227305588835,4197.005834774005
176,SPINE_FRAME,2,1.3776603565143233,327.4853800946439,1.2503547900131196,-2.6143770236831188,-20.023456797985546,0.5088356996961269,988.5312691314468,4373.175503260908
177,SPINE_LONGERON,1,1.0,11316.636265120906,1.9761132991767223,-112.55184625343122,-6.038231177339185,4.944755370089344,101.72394028684003,538.9315210548241
178,SPINE_DIAGONAL,3,1.7023360590409793,739.840534721443,0.6338326576520821,-12.535609600357873,6.927366826921798,1.1278458322707263,445.9829398733467,459.4910831965202
179,SPINE_LONGERON,1,1.0,9189.975408439233,0.6402390798746129,-112.31453258378122,-37.61522625307407,4.2653263553760326,117.92767026279644,663.6461714560332
180,SPINE_DIAGONAL,3,1.7023360590409793,146.9991154526142,0.26094310830061573,-11.181395118049181,-6.737696293748513,0.5907684412390445,851.4334295600423,2312.599825142709
181,SPINE_LONGERON,1,1.0,3485.221520346502,-0.09060430485811821,-80.54204282280966,-58.17344953713109,2.1228647795296918,236.94396593241174,1749.9295123655263
182,SPINE_DIAGONAL,3,1.7023360590409793,-462.47594599216245,-0.07986221519387993,-4.3740053591888,-5.608954840946808,0.6388273444160267,787.3801965377812,735.0655350572755
183,SPINE_LONGERON,1,1.0,-2478.6809019185166,-0.9804680905181193,-45.63346383200036,-41.31414224341279,1.4252997609156637,352.90821888362257,2460.5393904738635
184,SPINE_DIAGONAL,3,1.7023360590409793,736.263375130191,0.42125524344950804,-2.640273327718347,2.922904938055467,0.7518920343590152,668.9790249324897,461.72353559177964
185,SPINE_LONGERON,1,1.0,-5182.993649721597,-1.1261217961594703,-41.66664509245908,-6.981681433997437,2.1776709144981115,230.98072194986662,1176.712226130818
186,SPINE_DIAGONAL,3,1.7023360590409793,-527.486083240321,-0.6073426137226825,-5.775036669418114,2.8320758281535063,0.6685291766041861,752.3979769364795,644.4722230462492
187,SPINE_LONGERON,1,1.0,-3058.3680592035817,-0.12260115897655588,-60.98761887333495,11.53947592869008,1.6297340378606777,308.63931679323514,1994.1654756798573
188,SPINE_DIAGONAL,3,1.7023360590409793,37.0763656332565,-0.30600843960993984,-5.172874907794039,-1.7790322024632133,0.22740021749872347,2211.95918602331,9168.917257276222
189,SPINE_LONGERON,1,1.0,2639.949696224692,0.35206821835269153,-79.25619494605985,12.854560312913236,1.654739144578845,303.97540400727075,2310.2303821575174
190,SPINE_DIAGONAL,3,1.7023360590409793,-640.6970987861278,-0.2512298277505778,-2.2121580885032586,4.4539101970210595,0.7097464420310147,708.7037992900847,530.5941439970964
191,SPINE_LONGERON,1,1.0,8600.974634116661,2.575735281755934,-95.39005548541809,9.181556438368716,3.852551952867796,130.56280775800377,709.093126654961
192,SPINE_DIAGONAL,3,1.7023360590409793,-941.2930594270001,-0.5510068910151613,-4.935898766083483,10.219532804342407,1.1880010767194056,423.400289660515,361.15227376561
193,SPINE_FRAME,2,1.3776603565143233,-358.6051657657663,0.19984793809038592,1.1455682194364272,5.29580991260741,0.2743417131249285,1833.4798389588905,3993.67097472722
194,SPINE_FRAME,2,1.3776603565143233,-343.7041936167516,0.46614553923186364,-1.0997184499424293,15.230831877436401,0.43351244948182455,1160.2896309004127,4166.812824817926
195,SPINE_FRAME,2,1.3776603565143233,169.76153061632067,-0.35150924281197504,-0.19154900876537795,15.975136809197082,0.35685133867734475,1409.5505480359118,8436.251939450283
196,SPINE_FRAME,2,1.3776603565143233,-68.99086028913734,-0.2383470666965053,-0.4885356015101934,-7.396476168981508,0.1606127768418675,3131.7558284620927,20758.561871875616
197,SPINE_FRAME,2,1.3776603565143233,237.6949109043635,0.060852017144412685,-2.490018542107464,6.790681358226209,0.24345436568830883,2066.0956256746026,6025.164932884111
198,SPINE_FRAME,2,1.3776603565143233,241.6701533489395,-0.1641904172686921,-3.4061539251767954,16.733457622686934,0.41206389654735426,1220.6844720311367,5926.05674329237
199,SPINE_FRAME,2,1.3776603565143233,61.70630934718065,-0.27987576424095195,-4.129166450894218,17.612517346457594,0.337577149540161,1490.0297626340343,23209.150847901405
200,SPINE_FRAME,2,1.3776603565143233,193.76988409849582,0.19381336336972765,1.814865192916841,-9.222348143142426,0.2577582543295687,1951.4409007319941,7390.988793583643
201,SPINE_LONGERON,1,1.5,-10872.487257203931,3.26432801495692,110.77755615616866,20.22366438003155,4.790819335031137,104.99247932853449,249.3098957562618
202,SPINE_DIAGONAL,3,2.036651187098854,-696.5272205243091,1.145530517851821,12.928193380738946,6.181168802827642,1.0926204746475143,460.3611333224107,340.98431644996543
203,SPINE_LONGERON,1,1.5,-8148.7276280831575,3.0415850871406036,85.68553566154793,39.740302797848926,3.683988799287596,136.53678862901793,332.64317920789574
204,SPINE_DIAGONAL,3,2.036651187098854,-1023.2281614054809,0.4303830347344819,7.741920054692969,9.112317430702888,1.2777022035990018,393.67545785172894,232.11329314181998
205,SPINE_LONGERON,1,1.5,-2456.5133994373173,2.153073489118091,66.40875695755739,36.27101588217374,1.5487247679979887,324.7833381332307,1103.4414326116373
206,SPINE_DIAGONAL,3,2.036651187098854,-802.817699899635,-0.417340991315017,4.374302108890717,5.3517080596960795,0.9138209327399203,550.4360668253123,295.8390905045663
207,SPINE_LONGERON,1,1.5,2896.941242247056,0.9908753819593432,54.79472889793857,32.39572198735368,1.5888577688084138,316.5796271224654,935.6829973542249
208,SPINE_DIAGONAL,3,2.036651187098854,159.92582202571066,1.0177225431648953,4.128078290161994,-2.3013855914040278,0.30396637117578335,1654.7883177153035,1485.0938714643164
209,SPINE_LONGERON,1,1.5,4756.722149940382,1.1969401794918113,36.994127491944624,20.783761899658202,2.0325465478600173,247.47280721791466,569.85011511315
210,SPINE_DIAGONAL,3,2.036651187098854,-524.2145240676764,0.8218516854000786,5.67794990537314,-1.4101734515353428,0.6451670335586219,779.6430596051152,453.068061404216
211,SPINE_LONGERON,1,1.5,-2036.7532181110946,-2.068721684576756,34.115858076718695,-45.28486169165626,1.2280425739906435,409.59492012190805,1330.852771264381
212,SPINE_DIAGONAL,3,2.036651187098854,-852.4695773835119,-0.034716525339354654,5.479394769220562,-2.943291088264573,0.930030129283722,540.8426933301545,278.60801661479866
213,SPINE_LONGERON,1,1.5,3667.7569907866855,-2.374259192584203,62.396937523783606,-67.98338735429752,2.120147132440019,237.2476854571461,739.0398741012024
214,SPINE_DIAGONAL,3,2.036651187098854,-635.2483046283014,-0.8525047628482643,6.821158377053365,-6.787421143537927,0.8725873852848072,576.446563957401,373.87720116505545
215,SPINE_LONGERON,1,1.5,9022.26880826526,-3.683999809745158,100.11969993787216,-54.24061148140754,4.1651634363637395,120.76356850936148,300.436478042154
216,SPINE_DIAGONAL,3,2.036651187098854,7.5587239323795075,-1.4136630707108981,12.170778513953351,-5.53936674624515,0.4885146620200271,1029.6517977988121,31421.29019448243
217,SPINE_FRAME,2,1.3776603565143233,-154.19066145192483,0.4110055859718784,-4.060881227702339,11.572566926229797,0.28613347977686926,1757.9208151113467,9288.18274998136
218,SPINE_FRAME,2,1.3776603565143233,11.986163034685887,1.0229815286101704,-6.452251543255443,25.544137384168323,0.452195038614549,1112.3518770597504,119483.69447016415
219,SPINE_FRAME,2,1.3776603565143233,-144.22881985851564,-0.923829956764024,-7.676362674783832,26.28301833105069,0.5369764102703893,936.7264378461601,9929.714763740585
220,SPINE_FRAME,2,1.3776603565143233,-165.41957563138567,-0.2912501507627496,6.787088429731739,-12.892201753565303,0.3308261291827453,1520.4361313375807,8657.687800489417
221,SPINE_FRAME,2,1.3776603565143233,62.52728594222572,-0.5204415168439738,4.239934188555708,10.416718232950757,0.22229327359872503,2262.7765197609874,22904.41717283668
222,SPINE_FRAME,2,1.3776603565143233,-102.39755177521147,-1.1014448358944868,2.441845047561401,24.428962392090057,0.4678831954086678,1075.0546395680226,13986.184406536573
223,SPINE_FRAME,2,1.3776603565143233,233.62322450708598,1.0692949745980798,1.1444614842637293,25.048518398411034,0.5435297563501651,925.432313729565,6130.174108022149
224,SPINE_FRAME,2,1.3776603565143233,255.62284661585,0.4578786248074209,-2.3997959564940174,-11.56902383725378,0.33019777352380597,1523.3294720072838,5602.594059435621
225,SPINE_LONGERON,1,2.5,10177.408546894381,6.204711589284808,-108.66646236570698,-28.595374871493732,4.549320937710085,110.56595190516205,95.88125649053339
226,SPINE_DIAGONAL,3,2.854461080118482,-770.2900662906031,-1.2570194294204162,-14.441170839871873,2.158604064651229,1.1636006506619685,432.2788920011733,156.96515670949185
227,SPINE_LONGERON,1,2.5,8779.236532134455,5.796900336036773,-101.07189679783488,-65.42891742354823,4.142238987867818,121.43191193777908,111.15120497345566
228,SPINE_DIAGONAL,3,2.854461080118482,-154.47578949160106,1.2499653656587233,-14.984338851995467,-7.088961194752187,0.724452535539744,694.3173987585624,782.7032401970231
229,SPINE_LONGERON,1,2.5,4033.073927402991,5.5472005873411385,-64.07912040217498,-79.95950482233457,2.340925585268475,214.8722723889201,241.9550786469432
230,SPINE_DIAGONAL,3,2.854461080118482,-938.0599081760884,0.9054141058879033,-10.082250488628624,-10.269803792087941,1.2947802000124002,388.4829255152208,128.89230198757514
231,SPINE_LONGERON,1,2.5,-1297.369804661932,5.195409183153439,-33.9575315728447,-58.51712387175576,1.0757525083359543,467.5796673512516,752.1546407101762
232,SPINE_DIAGONAL,3,2.854461080118482,-1127.6538109916874,0.47518559888981704,-6.526923716688749,-7.572661148371935,1.2938916088685812,388.74971949144856,107.22147150883055
233,SPINE_LONGERON,1,2.5,-4078.1335117717463,5.021359244987752,-33.41329482674836,-28.252253811867376,1.8114948474638788,277.6712286563817,239.28169994360493
234,SPINE_DIAGONAL,3,2.854461080118482,-607.865531816431,0.10685065157893092,-5.718618899550556,-4.54629423319318,0.7662704078124082,656.4262365761881,198.90698623060362
235,SPINE_LONGERON,1,2.5,-2679.0319963583606,5.107361070522298,-48.096002735231174,-12.052641703712652,1.3837606473304311,363.5021713982068,364.244518400741
236,SPINE_DIAGONAL,3,2.854461080118482,315.7002540901194,0.10147589210678021,-5.512328292108009,-3.5225132291845966,0.49665320171476995,1012.7791349442967,382.9857575361816
237,SPINE_LONGERON,1,2.5,2075.6903096272945,5.597943908371276,-64.31394477419406,-4.666892878703948,1.3143818722078333,382.6893923567933,470.1196102172597
238,SPINE_DIAGONAL,3,2.854461080118482,-1102.092076878689,-0.4708534114605407,-6.822809228656773,2.33415543400821,1.1726394285084336,428.9468593426052,109.7083478809713
239,SPINE_LONGERON,1,2.5,-7404.223648309169,-5.976102682474185,-86.41602186377266,17.904598049148262,3.3702125108894228,149.2487486693398,131.79271259810824
240,SPINE_DIAGONAL,3,2.854461080118482,-1292.293171721496,-0.9208467608999671,-10.022612253040656,4.580557029686247,1.4672826129210175,342.8105775741759,93.56135559085551
241,SPINE_FRAME,2,1.3776603565143233,-256.3554971094709,0.8790209809938148,2.769517012075994,18.221875701250042,0.44264538179507,1136.3498201656878,5586.582141027449
242,SPINE_FRAME,2,1.3776603565143233,277.2418941791402,-0.8320375209083579,0.9183242311837603,27.060340217253042,0.5995086677611795,839.0203962828696,5165.709338937779
243,SPINE_FRAME,2,1.3776603565143233,168.07324687053915,-0.1804835001409586,1.1314966729105436,21.958315970928076,0.45768461890949147,1099.0100589320214,8520.993486899906
244,SPINE_FRAME,2,1.3776603565143233,-6.7692939414992,0.6305614588190593,-2.0053959446067893,-4.803142104274912,0.09199301854594134,5467.806230847851,211565.7931658386
245,SPINE_FRAME,2,1.3776603565143233,145.03408097074134,-1.1453273235216272,-3.9322603957789397,15.19359777738407,0.33986186953222247,1480.0130438060523,9874.582803712881
246,SPINE_FRAME,2,1.3776603565143233,-165.9060182333924,1.0987134645186245,-5.747616616335563,24.28078817910341,0.5069923850901583,992.1253549213598,8632.303138583376
247,SPINE_FRAME,2,1.3776603565143233,-56.46099313138984,0.514716084087965,-5.63520902413984,19.17948078502519,0.36711278407140385,1370.1511410786663,25365.317938585296
248,SPINE_FRAME,2,1.3776603565143233,-118.69161184027325,0.2920207374228738,5.02802032150521,0.6803434366063357,0.14637271074099184,3436.4329078393866,12066.152103766788
249,SPINE_LONGERON,1,1.0,9621.881912114099,-1.283494132659416,96.68347049362666,-0.6225682038239029,4.21213489343465,119.41687831128431,633.8564587772786
250,SPINE_DIAGONAL,3,1.7023360590409793,659.0925368617463,-0.43468032407896473,10.880390991128934,6.251583827329341,0.9971219455321347,504.4518398715652,515.7851283076473
251,SPINE_LONGERON,1,1.0,7405.512001266761,-1.9757984561773005,77.44007035446037,14.489526413672138,3.2824724953035314,153.23814615954228,823.5611520908395
252,SPINE_DIAGONAL,3,1.7023360590409793,-909.356397052994,0.3270050473712409,4.2603350717011494,9.468651577932519,1.1267506645212566,446.4164218742386,373.83596771688786
253,SPINE_LONGERON,1,1.0,2649.519837294516,-0.49240674000737616,61.83924547448788,15.888020703096117,1.5053976962786384,334.1309749864917,2301.885764257386
254,SPINE_DIAGONAL,3,1.7023360590409793,-684.798258122988,0.18560308783139057,1.4618170116429496,4.95550052962426,0.7532353194278939,667.7859986465378,496.4237637280823
255,SPINE_LONGERON,1,1.0,-1871.7946719945612,-0.14804791624633395,45.69742307816546,14.801331188016775,1.0906925232137936,461.17488595033103,3258.3125098261385
256,SPINE_DIAGONAL,3,1.7023360590409793,115.63493814329559,0.15958309980010554,3.3237122906533045,-0.7768255870073517,0.21850009377733232,2302.058508554207,2939.8565360114612
257,SPINE_LONGERON,1,1.0,-3499.7586914317217,0.8080667797178345,26.029429605107737,-1.7946396164770704,1.4478385796822468,347.4144197141038,1742.6607184425013
258,SPINE_DIAGONAL,3,1.7023360590409793,-464.2999343010015,0.35234689326068036,4.262941875770366,2.1897598689276947,0.557105125557306,902.8816589989522,732.1778522403622
259,SPINE_LONGERON,1,1.0,-1279.4419433093135,0.8721759463938836,28.194311472161417,-36.32685365635916,0.8676275842564526,579.7418260175136,4766.837625950289
260,SPINE_DIAGONAL,3,1.7023360590409793,715.3504022526904,-0.2839147168647571,2.0553207217243994,2.16788499279437,0.7003238254851218,718.2391655054239,475.2218320159196
261,SPINE_LONGERON,1,1.0,3485.4512324152747,0.007897278929771545,63.026603981609924,-54.89334585523466,1.9765270461453146,254.4867782006659,1749.8141815513254
262,SPINE_DIAGONAL,3,1.7023360590409793,-490.5947939269827,0.08301163820227586,3.320959035702856,-4.558521793587943,0.609236902716845,825.6230010967987,692.9346436204636
263,SPINE_LONGERON,1,1.0,8002.285091078258,-0.7523482463450444,96.418705354655,-34.45603981586828,3.7071450300242463,135.68392817820515,762.1438034475232
264,SPINE_DIAGONAL,3,1.7023360590409793,79.52830219341558,-0.19435048041119884,9.409874699006878,-5.604592582571286,0.459328825661048,1095.076058586356,4274.580486643335
265,SPINE_FRAME,2,1.3776603565143233,-168.86799956671894,0.09025183594857822,-1.8977980308800397,8.578455752216769,0.2346845535087643,2143.3025415591123,8480.890669520533
266,SPINE_FRAME,2,1.3776603565143233,-26.192607069737278,-0.27340858913090216,-3.785138816981089,17.238548412834348,0.3120306499760177,1612.0211268946175,54677.68206856657
267,SPINE_FRAME,2,1.3776603565143233,-172.4038190660067,-0.21843304919979545,-2.908260187880387,17.133682555431662,0.38190624362951875,1317.0771842315112,8306.95659565215
268,SPINE_FRAME,2,1.3776603565143233,-182.55943109077634,0.00024349147426505624,2.1903184147895445,-7.491522536846958,0.22505780137523296,2234.981400006487,7844.848295971395
269,SPINE_FRAME,2,1.3776603565143233,54.77753790176939,-0.249706147966549,0.9902241223762758,6.931802586949686,0.14643650492577007,3434.9358464610655,26144.859677231376
270,SPINE_FRAME,2,1.3776603565143233,-140.768755539204,-0.4207589745441851,0.06226374089828823,15.831774056874096,0.33966084544712566,1480.8889712850373,10173.784917116292
271,SPINE_FRAME,2,1.3776603565143233,285.6610606268514,0.41381758999842333,-0.6290248976852126,15.395069654775568,0.40626844165592146,1238.0976429028244,5013.462593618073
272,SPINE_FRAME,2,1.3776603565143233,297.74096070893575,0.2020779057254316,-0.8502076989716443,-5.718790707028347,0.24949447348042328,2016.0767209918506,4810.057166793452
273,SPINE_LONGERON,1,1.5,-9183.83579183559,-3.14477391318826,-94.6288024123839,14.26618530779524,4.052133298779654,124.13214544336044,295.15103777383854
274,SPINE_DIAGONAL,3,2.036651187098854,-634.1584232689929,-0.9699532991610926,-11.070612188981556,5.251703791457885,0.9662233007747947,520.5835955277156,374.5197563646217
275,SPINE_LONGERON,1,1.5,7819.131596485211,3.538648090215933,-85.06284703167132,-50.8408565313639,3.613599611996261,139.1963842175995,346.6649245196552
276,SPINE_DIAGONAL,3,2.036651187098854,-47.75794813380344,1.1841095088920266,-10.324856082350948,-4.807492584706779,0.4501484426845983,1117.4091750716834,4973.095944445908
277,SPINE_LONGERON,1,1.5,3669.2795394641653,2.410895386552832,-49.16281169060717,-65.08100426355304,2.021223605234287,248.85915575961002,738.7332133055842
278,SPINE_DIAGONAL,3,2.036651187098854,-651.470901609282,0.7054377401531644,-5.563685224749179,-6.128509936644605,0.8375956811566098,600.5284068626321,364.56710129736354
279,SPINE_LONGERON,1,1.5,-843.7428562381829,2.209277060389976,-20.088829599126072,-44.152748107369916,0.7411430791001378,678.6813696091175,3212.6122842569084
280,SPINE_DIAGONAL,3,2.036651187098854,-826.0481872250093,0.06842573185934686,-4.224678394222508,-3.1287182491084877,0.873551177461454,575.8105683764534,287.5193745986411
281,SPINE_LONGERON,1,1.5,3070.000155130081,-1.4437566966589068,-20.3536130180143,15.021287619565555,1.2924503930921536,389.18321560999004,882.9376311839122
282,SPINE_DIAGONAL,3,2.036651187098854,-465.17456043342827,-0.5899979482285858,-3.831676995615794,-1.7594713933210642,0.5373437529046157,936.0860664724019,510.57146796243495
283,SPINE_LONGERON,1,1.5,1702.5758408119,-1.3622102129918843,-37.97229471549362,29.068400965858018,1.0304737263519779,488.12501195997584,1592.0692633652054
284,SPINE_DIAGONAL,3,2.036651187098854,-218.07892486838682,0.7476822748733429,-2.2974621944892135,1.64594683342375,0.28323404370522554,1775.9164591227418,1089.0775361379501
285,SPINE_LONGERON,1,1.5,-2454.7180939025493,-2.1516221473177843,-52.15595997711546,33.24026690967912,1.419827803741761,354.26831244916644,1104.2484558360886
286,SPINE_DIAGONAL,3,2.036651187098854,-823.0681189260795,0.31813243715172934,-3.0129852425582158,5.339815024689415,0.9025277234578197,557.3236000694532,288.5603909542345
287,SPINE_LONGERON,1,1.5,-6964.700736943225,-2.798453381811283,-71.87542451446953,34.261426631272116,3.138453256389368,160.27003077900739,389.19384580685875
288,SPINE_DIAGONAL,3,2.036651187098854,-995.8378786530811,-0.3693736059851247,-6.443905390165696,8.265876845968933,1.2019635011773184,418.4819252059763,238.49751377253563
289,SPINE_FRAME,2,1.3776603565143233,-206.0510949571617,0.373317206602664,2.5942105613985404,11.277668241969877,0.3008187694892758,1672.1031099687816,6950.4655736177
290,SPINE_FRAME,2,1.3776603565143233,-196.26994196302257,0.9213022295198741,1.5771367402921896,24.01615282455839,0.5074227875588354,991.2838215640393,7296.843457444964
291,SPINE_FRAME,2,1.3776603565143233,97.60935654619243,-0.9623775975265474,2.6472773475070426,23.109102818973497,0.4435528118778485,1134.0250507498142,14672.272132315882
292,SPINE_FRAME,2,1.3776603565143233,-31.584073856764007,-0.4795777287690868,-4.220422921596764,-9.216014263736497,0.18774856138387438,2679.115069071322,45344.0885555451
293,SPINE_FRAME,2,1.3776603565143233,115.55939640605357,-0.2063139707676669,-5.8617160461535605,12.924894625444892,0.29903018353339006,1682.1044419545508,12393.202858845678
294,SPINE_FRAME,2,1.3776603565143233,105.30556228000205,-0.7494873197536549,-6.970774958598668,25.665968228676363,0.5038123082083868,998.3876769281887,13599.956269147193
295,SPINE_FRAME,2,1.3776603565143233,-6.514490656205453,0.8115401389962287,-5.945854868312381,24.545603795813918,0.4308627118410895,1167.425228910308,219840.83138438032
296,SPINE_FRAME,2,1.3776603565143233,122.38900041749002,0.3313892739995907,4.284765014467666,-10.630045511933986,0.2563264624931409,1962.3412858259217,11701.631985069487
297,SPINE_LONGERON,1,2.5,8484.38689871387,-5.715431968895092,92.4057242562652,-22.12488046163071,3.8050600236041063,132.19239562049393,115.01393452974777
298,SPINE_DIAGONAL,3,2.854461080118482,-729.4697055371798,1.2017553838955504,11.97583580928979,2.482668602410172,1.0446142372452107,481.5174655540586,165.74876249046216
299,SPINE_LONGERON,1,2.5,-6192.80953760563,5.436936379422716,70.13585353437796,21.809565159994236,2.815483272412123,178.6549417390295,157.5735073665799
300,SPINE_DIAGONAL,3,2.854461080118482,-1289.1378036984534,0.7847623485651121,8.496748544856842,4.873119835860734,1.4206105812907086,354.07310534248927,93.79036175976697
301,SPINE_LONGERON,1,2.5,-2060.933901375811,5.1543437536644445,49.66612833307853,20.872106818873362,1.2107568180443167,415.44263266051576,473.4856943458012
302,SPINE_DIAGONAL,3,2.854461080118482,-1143.3557028256764,0.31481575231479253,5.329419974615355,3.7586812871566053,1.1820294654493457,425.5393073545639,105.74898141344552
303,SPINE_LONGERON,1,2.5,1494.4107911258543,4.734863609486853,34.644717540295446,16.337380324062906,0.871190774313096,577.3706687798642,652.9815798228844
304,SPINE_DIAGONAL,3,2.854461080118482,374.85985041088134,-0.01559400947966072,2.8637578980341587,-2.408378071335278,0.44512414084863045,1130.0218384943782,322.543747575373
305,SPINE_LONGERON,1,2.5,-2386.9235613555356,-4.69774547349296,16.11550141124998,-21.806751275119495,1.0746323934278699,468.06703676177784,408.820263494134
306,SPINE_DIAGONAL,3,2.854461080118482,-564.772978472538,-0.09649874794405555,3.2375625067899705,-4.598899541375317,0.6701618170850723,750.5649936724875,214.08372138141976
307,SPINE_LONGERON,1,2.5,-91.49090570579574,-4.933032783383766,17.083705757074597,-54.95204108089547,0.5670712303162863,887.0137878789051,10665.789258132907
308,SPINE_DIAGONAL,3,2.854461080118482,-1124.7436305143056,-0.4988844780591952,4.977283574793631,-7.397646238125844,1.252662543690374,401.54469576311425,107.49889813715336
309,SPINE_LONGERON,1,2.5,4044.6032683452395,-5.2525897948456395,50.1127741870352,-76.31442213442733,2.2411808003911484,224.43526194415574,241.26537377124833
310,SPINE_DIAGONAL,3,2.854461080118482,-976.8869004236476,-0.9746949360434063,8.527320035594272,-9.020873762010751,1.2559717728724205,400.4867074756256,123.7693953257381
311,SPINE_LONGERON,1,2.5,7596.126135342609,-5.5944799689468026,87.18997619405877,-59.14389724168905,3.595040402005449,139.91497834611474,128.46320636429428
312,SPINE_DIAGONAL,3,2.854461080118482,-208.1205225600097,-1.2685250867467452,12.56626104397462,-5.803375972370873,0.6708087315849888,749.8411638314698,580.9552055694385
313,SPINE_FRAME,2,1.3776603565143233,-75.73843095405027,0.2285217874080132,-6.103563280901653,9.944783009233333,0.2360535239271896,2130.872658165229,18909.17231669158
314,SPINE_FRAME,2,1.3776603565143233,13.801800227025524,1.259817571478841,-7.779536646194174,29.771578459762395,0.5280715605581008,952.5224184926687,103765.52466696818
315,SPINE_FRAME,2,1.3776603565143233,-73.61715410882607,-1.554956374406217,-8.463625489153856,32.85168632846012,0.6119961602895653,821.9005814709788,19454.039744444308
316,SPINE_FRAME,2,1.3776603565143233,-68.84559416153934,-0.922261776113146,7.119483257833053,-19.230512355176643,0.3823117127080151,1315.6803291144752,20802.363017531436
317,SPINE_FRAME,2,1.3776603565143233,1.721136839943938,-0.24187794284023312,5.640022563906314,9.75847690635726,0.19164219023528414,2624.683006296545,832095.9778843808
318,SPINE_FRAME,2,1.3776603565143233,-88.12915837392211,-1.2772553755322704,3.8861231521432273,29.609677621638255,0.5505626779800668,913.6107842351988,16250.592520463299
319,SPINE_FRAME,2,1.3776603565143233,148.06654544430785,1.5742980148076668,3.1668263097094496,32.70504131740006,0.631863691999027,796.0577674730115,9672.347238253478
320,SPINE_FRAME,2,1.3776603565143233,142.97258760686964,0.9419025182554748,-4.466817972694116,-19.057167738157204,0.4042821728469388,1244.1805100083793,10016.9624532778
321,SPINE_LONGERON,1,2.5,7639.9423643351765,5.366148452599287,-86.43820619773913,-12.269179120377885,3.442555360708401,146.11239248059437,127.72645037861386
322,SPINE_DIAGONAL,3,2.854461080118482,715.0662738978717,0.9589374288598682,-11.279010716869863,1.924700513284506,1.0041325318330028,500.92989127819027,169.08740543444787
323,SPINE_LONGERON,1,2.5,7006.571787113964,5.227217094147867,-85.1907073206492,-49.86553171959713,3.3302454504504237,151.03991807329638,139.2724928742466
324,SPINE_DIAGONAL,3,2.854461080118482,-234.2404559647366,0.9693003551633641,-12.32314737592749,-4.7525275955634925,0.6692155859417921,751.6262480529714,516.1734358358294
325,SPINE_LONGERON,1,2.5,4056.902223011657,4.9001986408672895,-47.561207343051855,-71.29032665132763,2.1934123358587363,229.32304691496685,240.5339506973183
326,SPINE_DIAGONAL,3,2.854461080118482,-997.8109199007449,0.7586500470501174,-8.058382210836726,-8.422249361558897,1.2459876597389996,403.69581196764403,121.17396047248764
327,SPINE_LONGERON,1,2.5,516.2453280464542,4.639214007890603,-10.073619361210667,-49.64762713925029,0.649151475812771,774.8576699609565,1890.2306060306228
328,SPINE_DIAGONAL,3,2.854461080118482,-1129.022076902591,0.4673958225373207,-3.9029935392619137,-6.697008322151419,1.2143635718559296,414.2087358823336,107.09152942232598
329,SPINE_LONGERON,1,2.5,-1541.1831287928508,4.554649500958847,-9.078729642356322,-12.095819784752166,0.6723070665240337,748.170032780726,633.164677878385
330,SPINE_DIAGONAL,3,2.854461080118482,-549.7993124003697,0.258512950481693,-2.231964756608889,-3.331177059265997,0.5998141042520532,838.5931515018692,219.91424550749966
331,SPINE_LONGERON,1,2.5,906.9656992590826,-4.701400760377494,-27.663628665306746,17.506380380646988,0.6174811496834933,814.5997659326545,1075.9202030362283
332,SPINE_DIAGONAL,3,2.854461080118482,-400.88165638594364,-0.25241902547057116,-2.2067046498613365,1.9053375697399133,0.437084329567337,1150.8076725100439,301.6069681439006
333,SPINE_LONGERON,1,2.5,2045.9802187789173,5.0191179575803675,-47.78667467224151,6.079433091772444,1.1526764293354965,436.3757141195063,476.9463117664538
334,SPINE_DIAGONAL,3,2.854461080118482,-1165.106021729065,-0.4541765446005672,-4.503101047544931,3.7504223152844816,1.1763561033016898,427.59160987750664,103.77484856497087
335,SPINE_LONGERON,1,2.5,-5585.859700350498,-5.28964338206428,-62.91532820321818,21.14869749803256,2.5407490307254976,197.97311498191183,174.69517167294705
336,SPINE_DIAGONAL,3,2.854461080118482,-1294.9504561506328,-0.7441857425613936,-7.499462389259634,4.7796929247846265,1.393019540473399,361.0861049580555,93.36936435891329
337,SPINE_FRAME,2,1.3776603565143233,-128.87315290613333,0.9408709207928325,4.493105244644539,19.05912099885427,0.39723901617169693,1266.240171591278,11112.873469846063
338,SPINE_FRAME,2,1.3776603565143233,130.63613810250536,-1.3878517380152715,3.474873670735178,31.902646287933635,0.6099304535440733,824.6841866597393,10962.90094538946
339,SPINE_FRAME,2,1.3776603565143233,76.4447079047095,-1.0142766412472355,4.111749307130594,28.78500012176137,0.5311935252656266,946.9241925501101,18734.469411423495
340,SPINE_FRAME,2,1.3776603565143233,-1.9002728474442847,-0.034842729677066586,-5.707465081641203,-8.910774724655823,0.18003886156394047,2793.841260884448,753655.4783867553
341,SPINE_FRAME,2,1.3776603565143233,58.37163460708689,-0.9701843191864299,-6.949288276959123,18.942427858210408,0.3714403625273395,1354.18778017959,24535.051169050297
342,SPINE_FRAME,2,1.3776603565143233,59.85462625976652,-1.4161794031656783,-8.087353246622115,31.78713202407802,0.5858991581793436,858.5095113689033,23927.157036960012
343,SPINE_FRAME,2,1.3776603565143233,-5.625815250677988,1.0396372591340466,-7.364640948190754,28.380648062142427,0.4992698489730947,1007.4712122804483,254567.73429120166
344,SPINE_FRAME,2,1.3776603565143233,72.44313062023139,0.0605992925805765,5.87777423607622,-8.503073852490388,0.21182003196445756,2374.657369914858,19769.314628515287
345,SPINE_LONGERON,1,2.5,6798.340365413227,-5.363599385439242,77.81728460518056,-11.261393042519558,3.072122960879963,163.73042563892798,143.53837360927912
346,SPINE_DIAGONAL,3,2.854461080118482,687.2428030452429,-0.9957945166860025,9.862397667707114,1.7364680866025992,0.9298559442009082,540.9440065818625,175.9330187690735
347,SPINE_LONGERON,1,2.5,4989.553058746678,-5.303162296277321,56.83339807963666,5.448317484400832,2.249227300719582,223.63235580462597,195.573172146774
348,SPINE_DIAGONAL,3,2.854461080118482,-1283.3024179071654,0.7925642868627287,6.283521703709383,4.235007359795645,1.3361469461516104,376.45559977422226,94.21684186043198
349,SPINE_LONGERON,1,2.5,2045.4340861727396,-5.065373228275256,39.86464395542696,7.016065670464741,1.0811260114374721,465.2556637049255,477.0736568293002
350,SPINE_DIAGONAL,3,2.854461080118482,-1176.1715438056272,0.5027118215731692,3.600833914766781,3.6044291221007825,1.1580578459860629,434.34790562789686,102.7985259495877
351,SPINE_LONGERON,1,2.5,310.2858044114182,4.772922066591762,19.286537895791128,15.582662564717793,0.339223049920044,1482.800181528227,3144.915769333267
352,SPINE_DIAGONAL,3,2.854461080118482,-427.94351278022805,0.29513726507821403,1.0916493183254659,1.9705402381913473,0.43574040188879926,1154.3570387773345,282.5342536017423
353,SPINE_LONGERON,1,2.5,-697.0169555669854,-4.599113486098644,0.8150697338535764,-12.21675653172133,0.3556951519527619,1414.1322906385885,1399.998538772917
354,SPINE_DIAGONAL,3,2.854461080118482,-523.3429639638489,-0.28733002622487547,1.0529812622172159,-3.4983938009370377,0.565101415251661,890.1057162916414,231.03148278004068
355,SPINE_LONGERON,1,2.5,1113.2494832559241,-4.647598156829242,3.057549720269243,-49.69995590333201,0.8465340914123133,594.1875290111719,876.5534895554006
356,SPINE_DIAGONAL,3,2.854461080118482,-1119.52902565166,-0.48335202047967796,3.140343376192888,-6.782847697774628,1.196560526800514,420.3715472254236,107.99961251267278
357,SPINE_LONGERON,1,2.5,4058.559248061174,-4.8904810512364465,40.80608770859818,-70.00340903732103,2.1506320667099454,233.88472988291926,240.43574570456005
358,SPINE_DIAGONAL,3,2.854461080118482,-1011.4344220490602,-0.771856466787741,7.256706351332014,-7.947506931351427,1.2251726113143364,410.5543948296342,119.54180946513668
359,SPINE_LONGERON,1,2.5,6412.837125699894,-5.192415288440878,77.25685191499905,-48.00041709582547,3.0537198206679452,164.7171415647353,152.167083019004
360,SPINE_DIAGONAL,3,2.854461080118482,-263.05714700117096,-0.9862085609860483,10.97775643181657,-4.266666220186153,0.6417951714902064,783.7391466066455,459.6290286936442
361,SPINE_FRAME,2,1.3776603565143233,-78.38998835510574,0.2316039478614016,-5.664259049284738,8.875403329950359,0.2181222931526827,2306.0458091182213,18269.56569273051
362,SPINE_FRAME,2,1.3776603565143233,-13.436690595000982,1.391157832845991,-6.905743365830858,29.164943654794,0.5144316517017797,977.77809420559,106585.10231967423
363,SPINE_FRAME,2,1.3776603565143233,36.55635759211145,1.804310735026732,-7.467215348418904,31.92027207432608,0.5739748100466497,876.3450785568773,39176.524583921615
364,SPINE_FRAME,2,1.3776603565143233,-42.391676597180776,-1.2242408157794102,6.883426759286522,-18.360996441820873,0.35387196955356637,1421.4180361178899,33783.779195966694
365,SPINE_FRAME,2,1.3776603565143233,0.5299751450074837,-0.010072130567976956,5.932902959368221,10.453305935200262,0.2036692258269045,2469.690734855998,2702298.504745465
366,SPINE_FRAME,2,1.3776603565143233,-64.58657543244772,-1.1732355585917276,4.646967547119857,30.754297506987854,0.559498556125041,899.0192995021523,22174.12879250576
367,SPINE_FRAME,2,1.3776603565143233,114.67101734806783,1.5816712013971568,3.884027048509779,34.37760220700136,0.64426747722759,780.7316336446287,12489.215453272642
368,SPINE_FRAME,2,1.3776603565143233,120.34688152966555,0.9981094083263997,-4.601221369362975,-21.050135557766225,0.4261702789664447,1180.2793972866527,11900.192374764263
369,SPINE_LONGERON,1,2.5,5967.884720187198,5.569042808933654,-66.46483730697216,-15.138241061098597,2.6890066021380967,187.0579267451601,163.51232723930997
370,SPINE_DIAGONAL,3,2.854461080118482,644.0230007873033,0.6841904329234172,-9.150620555220058,1.221962013734128,0.8656802818960209,581.0459248284191,187.7397248534001
371,SPINE_LONGERON,1,2.5,5815.607020063268,5.425096066282485,-64.5763512905672,-48.12322145451799,2.7513289271302903,182.8207434741881,167.79378591559492
372,SPINE_DIAGONAL,3,2.854461080118482,-291.10827541675826,0.6507667227271181,-9.77846707527381,-4.946729723446424,0.6352123458123812,791.8611836120832,415.3392781224557
373,SPINE_LONGERON,1,2.5,4048.3591349077033,5.223958700230902,-30.671681531137786,-67.1603438077982,2.080388791199634,241.7817295150636,241.04153973878462
374,SPINE_DIAGONAL,3,2.854461080118482,-1012.1977127555001,0.5812757689962242,-5.530382934522066,-8.286562176859206,1.1969902807373023,420.2206217498862,119.45166388285972
375,SPINE_LONGERON,1,2.5,1700.8649944825374,5.08951492473655,3.809398222753252,-47.400857079423076,1.028157342464319,489.22473168785064,573.7214431828589
376,SPINE_DIAGONAL,3,2.854461080118482,-1097.0354846690025,0.519920104043261,-1.465798195594843,-6.602345146859079,1.1523820769861424,436.4871773392295,110.2140292239954
377,SPINE_LONGERON,1,2.5,148.04384387678874,5.108690783839913,4.966929274230502,-11.99102399487856,0.17632479880223473,2852.6900550396376,6591.444086698174
378,SPINE_DIAGONAL,3,2.854461080118482,-495.6096754173341,0.5041771359152012,0.06721312332820162,-3.06517383979849,0.5211767126108139,965.1237053172265,243.95952493311754
379,SPINE_LONGERON,1,2.5,300.4348941317803,5.265391066343635,-16.309607248344356,4.62175260008371,0.2642616511187296,1903.4165489793602,3248.033894710313
380,SPINE_DIAGONAL,3,2.854461080118482,-440.08468502090545,-0.5399653134723437,-0.8900548653668068,1.029709829753756,0.41402455235506225,1214.9037952914287,274.73962417330165
381,SPINE_LONGERON,1,2.5,2068.5193347165405,5.460802258874114,-33.84009978473839,4.272932608768315,1.0301323396139397,488.28677700625155,471.7493827184597
382,SPINE_DIAGONAL,3,2.854461080118482,-1161.4023844425683,-0.6048968163374844,-3.203833487224898,2.225565960968538,1.1029903243714858,456.0330121541395,104.10577986293808
383,SPINE_LONGERON,1,2.5,4415.911228182682,5.5828604319741295,-48.932673586659426,0.8870033748298738,1.9760371759178617,254.5498668396046,220.97878985110748
384,SPINE_DIAGONAL,3,2.854461080118482,-1245.6837305106164,-0.663948408285731,-6.030200451116912,2.5473884668639357,1.267865356262833,396.7298242793269,97.06211777969347
385,SPINE_FRAME,2,1.3776603565143233,-468.3804302350618,-0.08595359508571221,2.667852281139858,21.763291939304054,0.6095870175410909,825.14880652965,3057.6662675407756
386,SPINE_FRAME,2,1.3776603565143233,479.6156653210055,0.041805042063614906,1.9633659485070893,32.44268815729538,0.794275464272899,633.2815535986116,2986.038917113871
387,SPINE_FRAME,2,1.3776603565143233,438.7061257085297,0.43804087573664674,1.750622849888714,29.24576533427836,0.7192509968706621,699.3386205767762,3264.488362438516
388,SPINE_FRAME,2,1.3776603565143233,369.595725510153,1.0459666665326495,-2.0797441282829823,-13.543739724092802,0.4203906095751255,1196.5062695105514,3874.9123516761074
389,SPINE_FRAME,2,1.3776603565143233,-312.86350819212385,-1.5096422207345768,-2.61856466417521,6.874824176782795,0.28469214493135947,1766.8207885443258,4577.558597938261
390,SPINE_FRAME,2,1.3776603565143233,301.7450008234009,1.5542890475113396,-3.3162591066457026,16.64050363098977,0.44139846513995684,1139.5599208540764,4746.22955806371
391,SPINE_FRAME,2,1.3776603565143233,342.6650245564524,1.1535143032966033,-3.5508025638237086,13.43327192133961,0.40999562213726143,1226.842368164609,4179.449139169568
392,SPINE_FRAME,2,1.3776603565143233,-411.65776904136874,-0.5450565272092547,3.398990378542294,3.8228178669196495,0.2963271339288989,1697.4483346526426,3478.9846071435686
393,SPINE_LONGERON,1,1.0,3218.77428391343,0.5633221058176652,41.11584085227645,14.28132387388905,1.5128651229122765,332.48172119383736,1894.7871014337409
394,SPINE_DIAGONAL,3,1.7023360590409793,423.7974980555591,-0.006431380206073811,5.768767617438698,3.63950377339188,0.5962760152612171,843.5690638665808,802.1522785093971
395,SPINE_LONGERON,1,1.0,2260.3564968928695,0.5810584141965516,23.0041095966111,14.255002148463973,1.0298897705101813,488.4017827954797,2698.19915750876
396,SPINE_DIAGONAL,3,1.7023360590409793,770.0926612571348,-0.1573231033910769,2.63128749786722,6.0930152510927655,0.8767365141583066,573.7185481351773,441.4405509810966
397,SPINE_LONGERON,1,1.0,528.1202544408734,0.7898669837292611,17.848660398887716,6.688421804443351,0.35891689883822053,1401.438610520047,11548.301630738923
398,SPINE_DIAGONAL,3,1.7023360590409793,687.8445440600626,-0.22184123616479212,0.4540162130866747,4.158976733860072,0.7204689320429323,698.1564056811079,494.2252310169725
399,SPINE_LONGERON,1,1.0,-963.3080244492012,1.0740018321687559,14.294633759070393,5.325189390809101,0.4735257830500985,1062.2441649534912,6331.196087640823
400,SPINE_DIAGONAL,3,1.7023360590409793,225.10120913622086,-0.16340257036463868,0.20835857727252005,1.1862339063040963,0.22990629855466557,2187.8478456752678,1510.2101405689314
401,SPINE_LONGERON,1,1.0,1340.1890929464716,-1.2717174958365618,9.579531562934278,-4.372980525469757,0.5595241005152788,898.9782558727597,4550.769759047269
402,SPINE_DIAGONAL,3,1.7023360590409793,-347.1423708831426,-0.013595319582087484,1.222289690168509,1.2429027478183343,0.35036629014333714,1435.6403973516385,979.2815778350631
403,SPINE_LONGERON,1,1.0,-381.5113123497722,1.260581946308407,10.068387126128414,-23.723947285252507,0.37079090158733863,1356.5597155881667,15986.1367098711
404,SPINE_DIAGONAL,3,1.7023360590409793,693.4574139987817,-0.14093484004086143,0.9351071739870349,1.6634186799037707,0.64337961993632,781.8090353091782,490.22495373082245
405,SPINE_LONGERON,1,1.0,1350.8579964769306,1.0432431223083403,35.55513160253355,-29.312966456724098,0.8931339205659129,563.1854175701737,4514.828362042381
406,SPINE_DIAGONAL,3,1.7023360590409793,-610.988364586723,0.20701388764679507,1.003956630845778,-0.9543464443454468,0.5562544119979842,904.2624905990369,556.3937848829466
407,SPINE_LONGERON,1,1.0,2842.027556764835,0.7525879759406575,52.266076670128086,-7.618017866036098,1.469344309967508,342.32956604372936,2145.965116020319
408,SPINE_DIAGONAL,3,1.7023360590409793,-148.2235261425376,0.14494869784980935,3.9894569735719188,-2.297831475962994,0.28825391792324206,1744.989291468856,2293.496434330803
409,SPINE_FRAME,2,1.3776603565143233,-103.08476279955357,-0.04185806914492218,-0.01077380198148603,5.855424475880454,0.151589233627159,3318.1776038076205,13892.945989416257
410,SPINE_FRAME,2,1.3776603565143233,32.04114853264764,-0.21345783618116343,-0.5852612723019774,15.791707935952218,0.28375097924106174,1772.6811070233327,44697.24424662008
411,SPINE_FRAME,2,1.3776603565143233,-24.177635016385466,-0.3303538009853355,-0.6173187765980401,16.999051383026085,0.3002050903773185,1675.5212224009754,59234.53807352947
412,SPINE_FRAME,2,1.3776603565143233,-32.67984286416322,-0.23814995105684034,0.17570442728174385,-8.629772776470986,0.1627469104714403,3090.688471706928,43823.68201275789
413,SPINE_FRAME,2,1.3776603565143233,-11.559354807366617,-0.010206887463453995,-0.34386489147254906,6.169093549833178,0.11044446629470914,4554.325054709385,123895.41334896079
414,SPINE_FRAME,2,1.3776603565143233,-82.67535462719388,-0.26718398748516137,-0.7725302899516464,15.997982570780124,0.3131686375218179,1606.1633884553876,17322.587225225107
415,SPINE_FRAME,2,1.3776603565143233,-138.9461540284101,-0.3810393723757102,-0.8606350328636836,16.54507079903408,0.35116810337465965,1432.362436013591,10307.237734792965
416,SPINE_FRAME,2,1.3776603565143233,-147.37626639963128,-0.28717853907375,0.529285497874298,-7.493186668157932,0.202219725916568,2487.3933426629615,9717.650452770373
417,SPINE_LONGERON,1,1.5,2804.0367830697214,1.0471152274349755,-27.151670712006023,-14.613990132831532,1.2522133047238837,401.68875230958577,966.6844176478116
418,SPINE_DIAGONAL,3,2.036651187098854,-420.74982695508515,-0.46841143826240383,-3.4876368110911926,1.2884169486128485,0.48252769516947785,1042.4272120242376,564.4799901596381
419,SPINE_LONGERON,1,1.5,2685.2823976025393,0.930068245594591,-25.67901109801514,-27.59686896790663,1.2749868748327993,394.51386514544555,1009.4352337485541
420,SPINE_DIAGONAL,3,2.036651187098854,-253.03181789602968,0.49444834952515393,-2.4931904168008145,-1.9425648166029532,0.3236275683415689,1554.2557223342435,938.63633496427
421,SPINE_LONGERON,1,1.5,1546.936244485929,0.6765576326983145,-8.802587238797088,-32.44045373791596,0.8449358975345904,595.3114330538997,1752.24976101428
422,SPINE_DIAGONAL,3,2.036651187098854,-763.9175702802022,0.23411167340676275,-1.156369017213592,-1.5554148080864252,0.7028839844136919,715.6230774266049,310.9037773436209
423,SPINE_LONGERON,1,1.5,55.78039980852918,0.4361611607980872,3.260333988793178,-17.278606223764655,0.18246589326801424,2756.6795689382375,48594.464614976205
424,SPINE_DIAGONAL,3,2.036651187098854,-812.6671375271981,-0.1581310044597224,-1.1219772719744014,-0.5573768922427007,0.7186576000715418,699.9160656617655,292.2535527915661
425,SPINE_LONGERON,1,1.5,914.7268526230764,-0.355502709403959,-5.23169165758452,17.20330199115051,0.48203179993838735,1043.4996198680103,2963.309382393017
426,SPINE_DIAGONAL,3,2.036651187098854,-370.66419038176537,-0.4516716060021473,-1.1434582404344837,-0.43321737439373464,0.35145293200214345,1431.2016039659395,640.7547973130555
427,SPINE_LONGERON,1,1.5,795.9339753375389,-0.4809075888873243,-22.199920348651318,10.960331152175058,0.5040207826162295,997.9747211792917,3405.582307948697
428,SPINE_DIAGONAL,3,2.036651187098854,-303.2348495547194,0.4766676302255348,-0.16155892573704023,1.811717479598883,0.31703505342971633,1586.575347295186,783.2373440191201
429,SPINE_LONGERON,1,1.5,342.50500962317165,0.7329497985904181,-22.09743695950982,-10.87484838074306,0.3466496577434881,1451.0327322238616,7914.099322772107
430,SPINE_DIAGONAL,3,2.036651187098854,-814.150196806062,0.21926679185544806,-1.2851467832263097,3.0323738648487506,0.7931911325399675,634.147280982941,291.7211825422572
431,SPINE_LONGERON,1,1.5,1833.6218808599806,0.9650048541733247,-21.38873729831576,-11.428564221896522,0.8568040396833441,587.0653926723988,1478.2866047788975
432,SPINE_DIAGONAL,3,2.036651187098854,-862.783377789543,-0.171937732245663,-2.686309104420559,3.0871123010686006,0.86218097679952,583.4041964915226,275.27750799715795
433,SPINE_FRAME,2,1.3776603565143233,-30.656657800776884,0.5436397234001049,1.3885716818567744,13.193082216301718,0.24023577204894014,2093.7764418262,46715.82438023271
434,SPINE_FRAME,2,1.3776603565143233,17.112131596542895,-1.0058685411837516,1.5352144807775403,25.595310855040907,0.4428702140535804,1135.7729285879334,83692.1475168714
435,SPINE_FRAME,2,1.3776603565143233,-18.489431691821665,-0.8644671097727539,1.920035203250336,24.491272200638065,0.42532535997376036,1182.6240505175417,77457.81837845563
436,SPINE_FRAME,2,1.3776603565143233,-55.295726148295216,-0.20017737491883736,-2.3846815025353862,-9.6196998217074,0.19589844548103594,2567.656924305166,25899.85052488795
437,SPINE_FRAME,2,1.3776603565143233,71.69871288957074,-0.5984106451411293,-2.6846036440438183,14.140483235722058,0.28021675273512914,1795.0390013813824,19974.571149021336
438,SPINE_FRAME,2,1.3776603565143233,58.10073346318677,-1.0613413421830487,-2.710726708427501,25.68082623866158,0.4668422890669318,1077.4516614708061,24649.44857905124
439,SPINE_FRAME,2,1.3776603565143233,-22.50856604403816,0.916994491515986,-2.1647112871905847,22.509840975967904,0.39436793526757197,1275.458664403644,63626.93381284134
440,SPINE_FRAME,2,1.3776603565143233,14.24421968869865,0.25200253711301457,1.727190756066193,-7.6387345321134035,0.13983135398211885,3597.1903702249915,100542.6111928231
441,SPINE_LONGERON,1,2.5,-2136.7389841442346,2.062758181494888,21.594335990260156,13.880185106658246,0.9745115300753739,516.1560273802971,456.6878437351788
442,SPINE_DIAGONAL,3,2.854461080118482,518.1769675588002,-0.7730800964515723,1.7844595386501112,-0.755628080274164,0.49971144066663303,1006.5809166365691,233.33476502571344
443,SPINE_LONGERON,1,2.5,1102.407268289273,-2.1951743672229194,5.907196507400627,-9.54881410543203,0.4843162652634497,1038.5775495819598,885.1744245191876
444,SPINE_DIAGONAL,3,2.854461080118482,-1145.7248844251735,0.6898508299929711,-1.153983095928055,-1.0987294105439105,1.007184059472497,499.4121931034546,105.53030889935765
445,SPINE_LONGERON,1,2.5,24.493168425433396,2.171444389978266,-16.71761601451847,-14.6603845609352,0.21554088642713218,2333.6639666741326,39840.607892952095
446,SPINE_DIAGONAL,3,2.854461080118482,-1115.281370239274,0.5793082072829434,-1.0071267248710996,-3.1131950935634904,1.042165695594527,482.6487785256184,108.41093933195482
447,SPINE_LONGERON,1,2.5,583.8180393827643,2.0030023542636557,-9.414978378902418,-30.96158199643105,0.501768615995413,1002.4540873329516,1671.450098262475
448,SPINE_DIAGONAL,3,2.854461080118482,-444.65551914191747,0.5063268080127425,0.608030364926563,-4.361476810384602,0.5269844765537968,954.4873186575766,271.91543962030494
449,SPINE_LONGERON,1,2.5,247.90581789280986,1.7839047146663547,0.7939041881613633,-39.20754998463053,0.44964292084614027,1118.6654491378451,3936.263890812177
450,SPINE_DIAGONAL,3,2.854461080118482,473.32280928124965,0.512434686111984,2.953096916552596,-3.860845525896366,0.5671532386420416,886.8855288640398,255.44659711344087
451,SPINE_LONGERON,1,2.5,-786.4723668051956,1.6452630408680984,15.725093665366202,-44.299196297151866,0.7073957876859295,711.0588001173152,1240.7590660275953
452,SPINE_DIAGONAL,3,2.854461080118482,1100.8592930056038,0.5939839523624535,4.046887907572,-2.3038446306491096,1.0799442644990223,465.7647774381559,109.83120343832526
453,SPINE_LONGERON,1,2.5,-1913.3357543655002,1.6728694086432576,36.36510823111677,-35.4600502031135,1.130677288882583,444.8661036581897,510.0112288537298
454,SPINE_DIAGONAL,3,2.854461080118482,-1070.3684187862964,-0.7044639307879872,2.4240116986494797,-2.981482007542809,1.0255036490259066,490.4906974029626,112.95989198202356
455,SPINE_LONGERON,1,2.5,-2472.6118221849756,1.847538126356404,42.82968755217958,-8.132442807458574,1.2565443285180022,400.3042221305873,394.6526141056062
456,SPINE_DIAGONAL,3,2.854461080118482,-399.7528361568984,-0.7791257950547745,2.7220224931068486,-1.9110674945727624,0.4514703389312967,1114.1374230490587,302.45864452007066
457,SPINE_FRAME,2,1.3776603565143233,-89.61500370386057,0.3017496465651277,1.3777427551685832,10.291685274950623,0.22139721398833806,2271.934641537518,15981.152515918357
458,SPINE_FRAME,2,1.3776603565143233,-81.18693973775953,0.8162802436819945,2.4152093569255157,28.707363918325314,0.5289940052480032,950.8614370103936,17640.165358270053
459,SPINE_FRAME,2,1.3776603565143233,-92.93130012182519,0.966244475295504,2.654744642152764,31.938144762328633,0.5898299221045994,852.7882041067405,15410.857698413272
460,SPINE_FRAME,2,1.3776603565143233,-117.958230283577,0.6621795116375324,-1.947953446455358,-18.091291523864925,0.36811918651818715,1366.40527965295,12141.170976056756
461,SPINE_FRAME,2,1.3776603565143233,141.61645170021802,-0.08139391750859204,-0.36412323226977605,11.92978319311544,0.27410051683087244,1835.0932198729301,10112.886071581888
462,SPINE_FRAME,2,1.3776603565143233,150.0602629238274,0.4341987891117043,0.4343415909934265,31.15585843626475,0.603738274889923,833.1424740160954,9543.839348282117
463,SPINE_FRAME,2,1.3776603565143233,138.32926155952737,0.5818108046115569,0.35772040249594284,35.927815602419855,0.6785151101129554,741.3246845987901,10353.203839591706
464,SPINE_FRAME,2,1.3776603565143233,113.28685608762316,0.2767217112194231,0.5442550871885032,-23.450881956429612,0.45466407427178185,1106.3112932457573,12641.811162967295
465,SPINE_LONGERON,1,2.0,-1394.0380867987697,0.6813168619047643,-2.724240933324893,-70.76689463970979,1.1376167072809804,442.15243744285465,1093.7455822299517
466,SPINE_DIAGONAL,3,2.4285691379722283,-434.81109726408613,0.9005191218249315,-9.048699047351079,-6.7028860066589,0.7653830965277484,657.1872337943174,384.1530130081409
467,SPINE_LONGERON,1,2.0,-1840.3316195965162,4.368594305125736,37.812863908489945,-68.76781443174332,1.3628925639432365,369.0679759413153,828.5044840074727
468,SPINE_DIAGONAL,3,2.4285691379722283,381.1233916895144,1.1734314681311542,-1.9925441022456312,-8.557812289411231,0.6325593783102382,795.1822662777819,438.2674922232279
469,SPINE_LONGERON,1,2.0,-1767.3168051914035,5.554795784100199,91.02229267426544,-28.085044372593984,1.4936982066649593,336.7480778617714,862.733265715378
470,SPINE_DIAGONAL,3,2.4285691379722283,968.6015398488962,1.7005558172684285,2.54965431277941,-8.143356744364382,1.1106389591825823,452.892450639587,172.4486140394038
471,SPINE_LONGERON,1,2.0,-1217.778518981475,3.543392964238613,89.27483264049597,64.26531037949098,1.4408551945020827,349.09823132769566,1252.0527954226811
472,SPINE_DIAGONAL,3,2.4285691379722283,983.4776475338731,2.172765660114833,8.231612778372067,-5.761739061488697,1.1780467634613745,426.9779567341363,169.84015195690708
473,SPINE_LONGERON,1,2.0,-513.627503016658,-0.49151901338967185,-3.220539402223963,117.72591020263644,1.2701282467972315,396.0230010381786,2968.5384640452135
474,SPINE_DIAGONAL,3,2.4285691379722283,417.0410543943872,2.3131401929864452,11.668245490338052,4.088610676101325,0.7930240753155118,634.2808694677736,400.5217024638871
475,SPINE_LONGERON,1,2.0,-67.33529503020691,-4.184482150113714,-95.8215964078689,64.16565062611699,1.0941665650004895,459.7106291579792,22643.74126841578
476,SPINE_DIAGONAL,3,2.4285691379722283,-398.89588986340095,2.039827748581285,1.694236232158346,14.509661047662576,0.8576712188547194,586.4718192032545,418.7408227258849
477,SPINE_LONGERON,1,2.0,-140.33419374255027,-5.367985310501817,-97.4699109711146,-28.580932384735206,0.9921270966603581,506.9914950344266,10864.942878380909
478,SPINE_DIAGONAL,3,2.4285691379722283,-986.3593819948728,1.5132258263691094,-10.977706399114936,10.90246042671697,1.374106741300182,366.05598741482095,169.3439492262494
479,SPINE_LONGERON,1,2.0,-689.8676974666305,-3.350906233647592,-43.65861237941856,-69.37031644420495,0.9988475382852186,503.5803570818528,2210.167260324869
480,SPINE_DIAGONAL,3,2.4285691379722283,-1001.233097309072,1.0414119907212198,-14.113859345459304,1.0472540825292072,1.3386473274177388,375.75244031621907,166.8282776031849
481,SPINE_FRAME,2,1.3776603565143233,2981.8399085471174,-2.03899376408215,13.870229704563826,16.952503815700084,1.889535087497109,266.2030482145093,480.2910571425649
482,SPINE_FRAME,2,1.3776603565143233,2481.7789219724946,-4.4438096937693174,23.242691619823745,31.58828861871234,1.9287158622334533,260.7952834574223,577.0663249761683
483,SPINE_FRAME,2,1.3776603565143233,1992.3344777310267,-4.173137580258938,19.92914266169828,34.570546320842226,1.6910533158038032,297.44774768435406,718.8306270425995
484,SPINE_FRAME,2,1.3776603565143233,1800.21840060642,-1.3837336777696123,-5.870596134733205,-24.152285288208873,1.3376096953505556,376.0439250316406,795.5429415806166
485,SPINE_FRAME,2,1.3776603565143233,-2017.9630379917799,-2.290938009283977,3.9954324215796078,25.968552574964974,1.4727410764205398,341.5400086636606,709.7013250209085
486,SPINE_FRAME,2,1.3776603565143233,-2518.0108501701616,-4.696351369783244,17.919773659717066,33.18301732443297,1.9218266461115174,261.73016230039957,568.7628557316194
487,SPINE_FRAME,2,1.3776603565143233,-3007.4495026767254,-4.4230887505923775,20.418212828299147,26.394106698427095,2.0973789803731435,239.82313387660227,476.20119328066
488,SPINE_FRAME,2,1.3776603565143233,-3199.5787439097185,-1.6331156002079723,-10.027937036771618,-9.578645621549867,1.864357021460309,269.79810959491624,447.60612459750564
489,RING1_SPOKE,5,10.2,-11.51824390469119,0.008266176200098804,0.0047113264413365386,-0.05638257301072258,0.007512322323101403,66956.65845609516,1766.7532363994364
490,RING1_HUB_LINK,6,0.7121802136903782,2.9649161098641343,-0.024184581519875792,0.7474176966970845,-0.02527549258820727,0.012223314542597941,41150.86773289338,2276424.2918508337
491,RING1_SPOKE,5,10.800000553501143,4.6037370542399,-0.013743542432762101,0.12490841697571398,0.00903935088455654,0.005065676582145609,99295.7193068473,3942.7972380091214
492,RING1_HUB_LINK,6,0.7121802136903782,3.8829481597058475,0.011547253862801199,1.5658911660248123,0.02311113186988223,0.02449257861303537,20536.833134110868,1738217.1427974696
493,RING1_SPOKE,5,10.800000553501143,-5.698838256663294,-0.003266917455897911,-0.008069334134589212,-0.06301719010505735,0.004429224369699228,113563.90149053499,3185.1407119255928
494,RING1_SPOKE,5,10.2,11.028045556970937,-0.009510769582496081,0.02349771429304326,0.03827673538749021,0.007007593761740929,71779.27504105736,1845.2856937454226
495,RING1_HUB_LINK,6,0.7121802136903782,1.697956905933097,0.002371482296396721,-0.5846521640851279,0.011832386980927367,0.009262460849226602,54305.22278990249,3975016.6993110552
496,RING1_SPOKE,5,10.800000553501143,3.6149968150930363,-0.00396099514893411,0.3360406998364027,0.007967624797821315,0.008742426167816224,57535.515924825326,5021.194393918207
497,RING1_HUB_LINK,6,0.7121802136903782,0.5668696536449715,-0.04999030632825452,-1.66041950944782,0.014755907601056606,0.02430277819458505,20697.222184749,11906453.295560818
498,RING1_SPOKE,5,10.800000553501143,-0.4409392160960124,-0.018606492995511648,0.40788045201279743,-0.010027145159241968,0.008432521080955456,59650.01393663958,41165.76861248128
499,RING1_SPOKE,5,10.2,-2.789497124234913,-0.01593282938928614,0.2761297999039979,-0.005228901737979186,0.007088204006748027,70962.96883119334,7295.183966835131
500,RING1_HUB_LINK,6,0.7121802136903782,-0.10456292377784848,-0.02236225268546832,-1.3028373606757668,-0.02831788758953735,0.01890802422072364,26602.462220706282,64548759.846599124
501,RING1_SPOKE,5,10.800000553501143,1.1292562188464217,0.0038404315908482367,-0.024099318855583363,-0.040925012058586674,0.0015789951081658941,318557.03504000546,16073.944459229882
502,RING1_HUB_LINK,6,0.7121802136903782,-3.0244843170512468,-0.07433428379868445,2.4364690676866303,0.015849999862894038,0.03669477761754502,13707.672662376312,2231589.3713659584
503,RING1_SPOKE,5,10.800000553501143,-3.5189397121575894,-0.02288432631277093,-0.11379969467545692,-0.01655871766580219,0.004272754840097807,117722.64471613958,5158.258801441052
504,RING1_SPOKE,5,10.2,0.411662281250301,-0.012840092451673613,-0.20874495692372363,-0.034907048558665554,0.004477808270089511,112331.7412583065,49433.46918849238
505,RING1_HUB_LINK,6,0.7121802136903782,2.038713586051017,-0.07117951960537994,-3.398677711824348,-0.0024273143462778535,0.05014854667389666,10030.200940236255,3310620.5314833727
506,RING1_SPOKE,5,10.800000553501143,0.9792655776473111,-0.014733646492285146,0.30765739474352927,-0.03029522766628645,0.006746654873686315,74555.46628920194,18535.933618321
507,RING1_HUB_LINK,6,0.7121802136903782,0.4005442599300295,-0.003062834613956511,-1.8239556558219192,0.007301512705907953,0.026581943454651234,18922.61944120517,16850589.887303926
508,RING1_SPOKE,5,10.800000553501143,2.1248173615240376,-0.002709889289478351,0.20006223630231545,0.004046383469152204,0.005189404684574709,96928.26645321124,8542.66445232638
509,RING1_CIRCUMFERENCE,4,6.211657042450509,-10.25758853219304,0.011797514309137114,0.10075042585890515,0.09109957348618991,0.0035943461705921767,139942.0022799667,30788.62056981613
510,RING1_CIRCUMFERENCE,4,6.211657301079158,-11.319443152984604,0.05090446721116848,0.04725626415199713,0.09123759458896075,0.003700992664558072,135909.4831008162,27900.398518896713
511,RING1_CIRCUMFERENCE,4,6.211657042450509,-10.864456057082862,0.0930485531546914,-0.03190762466209662,0.09357321449172673,0.003575892772791871,140664.17310586295,29068.827709335543
512,RING1_CIRCUMFERENCE,4,6.211657042450509,-10.71224794050795,0.1002294283555969,-0.04041025941035059,0.06443163893817427,0.0034085430496264245,147570.38203027204,29481.860673214902
513,RING1_CIRCUMFERENCE,4,6.211657301079158,8.719233616808197,-0.059395792105810585,-0.28304436241967323,0.1277431358546437,0.004198369897390425,119808.40476029732,36220.726368824675
514,RING1_CIRCUMFERENCE,4,6.211657042450509,6.6346884667436825,-0.026901447642671883,0.1345910666373129,-0.1629044211956625,0.0030444770197833684,165217.21028979594,47600.87875444621
515,RING1_CIRCUMFERENCE,4,6.211657042450509,-6.54709931765683,-0.014121021742369066,0.06305958901975828,0.17941073627639526,0.0028956154093210573,173710.9142259813,48237.6982471098
516,RING1_CIRCUMFERENCE,4,6.211657301079158,-6.05042463412974,-0.04328513518007071,-0.005996225466105898,0.1526055117828946,0.0025507658609149934,197195.67668181323,52197.48928013753
517,RING1_CIRCUMFERENCE,4,6.211657042450509,-7.336931406432996,-0.09519079505648875,0.008796365081309432,0.11105709080982251,0.0026961682281102213,186561.05904510236,43044.83492950219
518,RING1_CIRCUMFERENCE,4,6.211657042450509,7.679808168060845,0.09980032298335217,-0.002581467460800013,0.10635422511739989,0.0027638962731353013,181989.46352983362,41123.032550789954
519,RING1_CIRCUMFERENCE,4,6.211657301079158,8.988146183342906,0.05664369049235063,-0.1569198580398279,0.11651084287757385,0.003604183611479007,139560.03750696534,35137.05368583662
520,RING1_CIRCUMFERENCE,4,6.211657042450509,10.09549309045542,0.026827655068430545,-0.04519443940785095,-0.10876822053546675,0.0034473736003858735,145908.17773382552,31282.969385375683
521,RING2_SPOKE,5,10.2,-10.918859316472663,-0.009671382040820197,0.0006425833371523915,-0.06985359389120305,0.007447306779077928,67541.1950818384,1863.7381530825762
522,RING2_HUB_LINK,6,0.7121802136903782,0.4381777630187571,0.01505853233041421,-1.6348147339595016,-0.01936849494541093,0.0238649694222516,21076.917849767065,15403353.673850557
523,RING2_SPOKE,5,10.800000553501143,2.061807621459593,0.0024108576863897113,-0.207748228473001,0.018917619989444745,0.0053250290555818015,94459.5784830029,8803.732003438547
524,RING2_HUB_LINK,6,0.7121802136903782,1.823341395240277,0.06201933791481906,2.76631857205939,0.008861305192112923,0.040896328960006396,12299.392458719145,3701669.403992863
525,RING2_SPOKE,5,10.800000553501143,1.063992832954682,0.016498606664686832,-0.2842480965069285,-0.017154560393088047,0.0063062907299801345,79761.62557947665,17059.890987771763
526,RING2_SPOKE,5,10.2,1.0913353430337338,0.012574852444378948,-0.19936677445932105,0.01644209568804378,0.004621043780830505,108849.86679559216,18646.784259439322
527,RING2_HUB_LINK,6,0.7121802136903782,-2.252461503725499,0.06731258906444282,-1.8604762059694622,0.017236209022485127,0.027997334653620292,17965.99591436315,2996458.338857862
528,RING2_SPOKE,5,10.800000553501143,2.617432712460868,-0.020979463948803456,0.01935517178766588,-0.08147733606567265,0.0031495537899534857,159705.16255492452,6934.887630754597
529,RING2_HUB_LINK,6,0.7121802136903782,0.40133994712959975,0.022125720445956176,-1.452195761798066,0.028758526255614925,0.021208609481217788,23716.783528191874,16817182.301604003
530,RING2_SPOKE,5,10.800000553501143,0.32986067709862255,-0.0027370103977695237,0.008581384587003527,-0.03780056442816715,0.000961134072652877,523340.09823587164,55028.0861048203
531,RING2_SPOKE,5,10.2,-0.8640073340648087,0.014488769673590404,-0.2444417912103969,0.016756686032842083,0.005397782812396542,93186.40958372959,23552.9189324275
532,RING2_HUB_LINK,6,0.7121802136903782,0.47780927119310945,0.047820751701380004,-1.1429503353137989,-0.017920865268251873,0.01677666467861659,29982.121573969347,14125734.812430583
533,RING2_SPOKE,5,10.800000553501143,-0.14865664271928836,0.01902127819733135,-0.2793114445606619,-0.00652897712036804,0.005694810891080774,88326.02339575485,122104.2087991547
534,RING2_HUB_LINK,6,0.7121802136903782,-1.5233608135022223,0.0023876744598254618,0.29552497641816444,-0.00926518715846214,0.004996838042247972,100663.65884728795,4430603.042937434
535,RING2_SPOKE,5,10.800000553501143,3.0255636544461595,0.0028374856717316987,-0.22259123792849778,0.01127974282663402,0.006144736891392526,81858.67172028086,5999.411618824474
536,RING2_SPOKE,5,10.2,9.106224218935267,0.011533090464650897,0.05665768973148033,-0.0048851824179863,0.006184735716929912,81329.26337064052,2234.7236579060013
537,RING2_HUB_LINK,6,0.7121802136903782,3.1636142295319587,-0.010525998372017398,-1.3120563496413524,0.01599182556174128,0.020479286916987225,24561.402066337083,2133448.19124585
538,RING2_SPOKE,5,10.800000553501143,4.574823708440817,-0.00011411164964236775,0.09075125680202234,0.008171841807190106,0.004359859114709115,115370.70046667312,3967.7161129698966
539,RING2_HUB_LINK,6,0.7121802136903782,2.8559412016766146,0.03874081379044014,0.9318346464642673,0.01827562644484715,0.01484105232680606,33892.47533960084,2363286.419143458
540,RING2_SPOKE,5,10.800000553501143,4.323013289264054,0.015837609593987168,-0.05968919759347813,-0.0025931515524604265,0.003601816504899155,139651.75608358294,4198.830891187808
541,RING2_CIRCUMFERENCE,4,6.211657042450509,-10.166692729384522,0.02475162178174628,0.014212448898888397,0.133553583722005,0.0035623351913147473,141199.5146403835,31063.88770521127
542,RING2_CIRCUMFERENCE,4,6.211657301079158,-8.963368469383568,0.05315170491326171,-0.15519128759569867,0.11607915140552905,0.003586560510277615,140245.78661327693,35234.18411939799
543,RING2_CIRCUMFERENCE,4,6.211657042450509,-7.695493306382559,0.0983109168195071,0.004098867366565173,0.09170992390380661,0.002683478968209366,187443.2428794634,41039.214603312495
544,RING2_CIRCUMFERENCE,4,6.211657042450509,7.433160386164673,-0.09697989966863219,0.02059788020085307,0.10717076726331243,0.002710682398219338,185562.13015970567,42487.58063485597
545,RING2_CIRCUMFERENCE,4,6.211657301079158,6.7027167152264155,-0.047691354957365206,0.028249062928125568,0.1364573008302159,0.0026530432416722156,189593.5927840206,47117.75663483325
546,RING2_CIRCUMFERENCE,4,6.211657042450509,7.276902583063929,-0.01729731594208772,-0.07194904679136016,-0.15942367111506428,0.0030069413311877864,167279.6189213667,43399.921556461784
547,RING2_CIRCUMFERENCE,4,6.211657042450509,-7.311004142902675,-0.024090921820672406,-0.0913192454406726,0.1423912196960373,0.00298408181205691,168561.06222278305,43197.486296814
548,RING2_CIRCUMFERENCE,4,6.211657301079158,-8.644455021887552,-0.05815910770192545,-0.19415590889207124,0.12344829433482118,0.003711589288554693,135521.46018717228,36534.052659262634
549,RING2_CIRCUMFERENCE,4,6.211657042450509,-10.006227696023416,-0.09760888821288205,0.017421263654398444,0.07873052542029768,0.0032419698899124405,155152.5822510292,31562.0442461546
550,RING2_CIRCUMFERENCE,4,6.211657042450509,10.129796810215339,0.09569958620957664,-0.037535286668116896,0.08418934327369243,0.003340268382756004,150586.70213349216,31177.032194812113
551,RING2_CIRCUMFERENCE,4,6.211657301079158,10.87133835098939,0.0534707973585995,-0.00885155986134123,0.11045235768085604,0.003626361266285694,138706.53337172844,29050.422752367464
552,RING2_CIRCUMFERENCE,4,6.211657042450509,10.327222647043527,0.015806402955888643,-0.05602437470656696,-0.11685205891853911,0.003577535408546147,140599.5867429894,30581.019899808263
553,PROP_BOOM,6,1.4000000000000001,-2814.5814664031786,0.5717223361605349,70.58896527878571,-0.712852751336186,2.3487651254667608,214.1550870907285,620.5482189556885
554,PROP_BOOM,6,2.309573527890154,-46.93080470440327,0.563965014654384,-50.75092049531318,2.9252513850072717,0.7577538763485502,663.8039285577089,13674.889992280305
555,PROP_BOOM,6,1.533797120124469,-3295.3797978145885,0.7148649735938228,-75.41145065916118,-5.085003042184269,2.647707241023079,189.97568621130478,441.5746338189805
556,PROP_BOOM,6,1.8717336298098084,-97.55582889639481,-0.6847497141460313,66.38864640062994,16.87088148900247,1.037223663114158,484.9484425468986,10016.226069504515
557,PROP_BOOM,6,1.533797120124469,358.48613362305423,-1.0154281986710245,-7.994699676119012,0.9263630007552308,0.2857929226092989,1760.0155924352264,4059.1699121186366
558,PROP_BOOM,6,2.7784885065375025,-38.31966658033889,0.23000901563640141,-8.136828856056098,-3.0939299367808957,0.14406425874644102,3491.497505188296,11571.948642364167
559,PROP_BOOM,6,1.4000000000000001,1698.6972127225454,-0.45542662204737344,43.38137865969796,-0.8873597888803033,1.4289305672205301,352.0115053444516,1028.1900170324577
560,PROP_BOOM,6,2.309573527890154,-54.75097021448164,0.4937700401765621,-15.025110738826612,5.436746626976557,0.2571037444838426,1956.408690234422,11721.684365917528
561,PROP_BOOM,6,1.533797120124469,1869.423940024517,-0.6745758161908633,-29.48129622494423,-4.704350776898281,1.3135861693032684,382.9212058975874,778.3981452036818
562,PROP_BOOM,6,1.8717336298098084,48.59554239992576,0.5161983472718479,30.411629175094546,15.682446447021384,0.5180806672224243,970.8912758638998,20107.631037073977
563,PROP_BOOM,6,1.533797120124469,-1266.2730571900702,1.1211791486871228,31.132477465850116,1.0394944413991425,1.047971926767966,479.9746893519319,1149.1645654559804
564,PROP_BOOM,6,2.7784885065375025,98.91769027014197,-0.40898820865434615,-17.240885805236076,-3.252700242926039,0.3005687146678223,1673.494197677551,4482.850463341734
565,DOCK_LINK,7,1.0770329614269003,2695.3390489751473,-0.4313379881582744,-2.2889602300777483,72.14859894632355,2.315570574620909,217.22507856723308,1094.8989416092356
566,DOCK_LINK,7,1.0770335194126097,2554.4764967644587,-13.687402759210542,-61.440183249669644,64.00722018921078,2.4943540477705812,201.65541473535978,1155.2742089911824
567,DOCK_LINK,7,1.0770329614269003,2204.771732449459,-18.972261107274818,47.13851494116534,-109.11539252732462,2.7698740942211635,181.59670183183331,1338.5167401081885
568,DOCK_LINK,7,1.0770335194126097,1851.0850998871028,-13.18883429244761,-19.511431410126534,-141.11289515325916,2.9389115701001924,171.15179820903964,1594.2653389442305
569,DOCK_LINK,7,1.0770329614269003,1700.6012084586546,0.2776595849852091,-4.0439605658514495,-153.7276618977212,3.027178943971903,166.16130374507145,1735.3415117678844
570,DOCK_LINK,7,1.0770335194126097,1841.4570515593514,13.537228714704554,15.548942107754556,-148.34841740674892,3.031501930369616,165.92435418263835,1602.6009467270003
571,DOCK_LINK,7,1.0770329614269003,2191.1479068566896,18.81994846124431,48.89460152137326,116.75548099060256,2.874597813996175,174.98099996839048,1346.839189981687
572,DOCK_LINK,7,1.0770335194126097,2544.83723359555,13.033015400509811,60.76858046992129,70.01893601714983,2.5468600230482057,197.4980939070162,1159.6501242700488
573,DOCK_RING,7,0.612293261803525,-3128.845181625802,-11.114670602370694,19.090706728282385,53.7780509799677,2.3054328258061862,218.180288911305,2918.3837190005574
574,DOCK_RING,7,0.612293261803525,-3050.8339515179396,-27.144713964908995,33.97402570978011,106.47745255252812,3.074824159171612,163.58659030944818,2993.0081356236633
575,DOCK_RING,7,0.612293261803525,-2927.0482926173136,-27.275850976203344,29.057145343387674,135.67106725262693,3.4052017737514313,147.71518207153306,3119.583254010871
576,DOCK_RING,7,0.612293261803525,-2830.000177168753,-11.42916671670389,-7.223554910407984,-124.25060258385884,3.138767598519145,160.25398001346545,3226.561931337148
577,DOCK_RING,7,0.612293261803525,2816.5291104712524,-11.11241158669742,11.191662843819358,126.36056731922554,3.166862006002664,158.83230751658363,3241.9941279436252
578,DOCK_RING,7,0.612293261803525,2894.525963035412,-27.143492919049635,31.039591354354343,136.90939838537543,3.4133318394303274,147.36334574605814,3154.634283450844
579,DOCK_RING,7,0.612293261803525,3018.311707923189,-27.272142359868653,32.603502572121215,106.13124681201316,3.049120467176524,164.96560415199878,3025.257733772292
580,DOCK_RING,7,0.612293261803525,3115.3742046705447,-11.424785292095947,-14.963742480118526,-52.06674036953427,2.2575700371066807,222.80593369526144,2931.002902842523
581,RING1_TORQUE_BRACE,8,10.977179919856466,4.474941715081513,-0.0037774466478377733,-0.06663975155282353,-0.0006157373419490852,0.007137360543842676,70474.2316028763,1314.0251932497295
582,RING1_TORQUE_BRACE,8,10.977179919856466,1.8181217427627416,0.009542742967491497,-0.03793969950298104,-0.017759365455678022,0.003584310580129468,140333.82117847368,3234.2092466294234
583,RING1_TORQUE_BRACE,8,10.479871431130489,-7.3805942884791875,0.007651124461377945,-0.006720997552786656,-0.022494555082520407,0.007890154868367819,63750.33296451026,874.1166603544766
584,RING1_TORQUE_BRACE,8,10.271903773099885,-8.351072611498239,0.00558558994005276,-0.030138069247772847,0.004696492177664879,0.009100839142832553,55269.62866892798,804.1341304241712
585,RING1_TORQUE_BRACE,8,10.271903773099885,-3.3821065314150474,-0.0018747276632167242,-0.03374519795321973,0.0069251181250287175,0.00467830291852513,107517.62097495272,1985.5620898335762
586,RING1_TORQUE_BRACE,8,10.479871431130489,3.325016994458565,0.001711729072611412,0.009212417280533458,-0.0132782115508423,0.0038036069470159936,132242.8965470824,1940.2909644157453
587,RING1_TORQUE_BRACE,8,10.977179919856466,-1.5383808412645976,0.00831322020222336,-0.001125280825057473,0.04270367689428589,0.0033589970173840277,149747.08146413724,3822.32149167144
588,RING1_TORQUE_BRACE,8,10.977179919856466,3.922589023229648,-0.004559685813198211,-0.10907385828008032,-0.009697996113996576,0.008552896840677749,58810.48367235319,1499.0574126217878
589,RING1_TORQUE_BRACE,8,10.479871431130489,14.869974013945466,-0.0023366051068234306,-0.006559349653102231,0.020531282124324424,0.014728433857949034,34151.628397918736,433.8609082185591
590,RING1_TORQUE_BRACE,8,10.271903773099885,13.329665397217468,0.0008885403144573978,-0.12325226695259772,0.004310463055633207,0.01787690315862738,28136.8643962952,503.79227928392464
591,RING1_TORQUE_BRACE,8,10.271903773099885,-17.72941316656943,0.007378063381748401,-0.12158839931564991,-0.004330330374058278,0.021875226166537882,22994.047977864087,378.77071561617
592,RING1_TORQUE_BRACE,8,10.479871431130489,13.405749715886486,-0.00548411610829147,-0.0907755274981259,-0.002404709828045526,0.01648710745741931,30508.68694215046,481.24876024139104
593,RING1_TORQUE_BRACE,8,10.977179919856466,-3.4616471650078893,0.010915747644529766,-0.13031416500676907,-0.027410220410889252,0.00919776748679518,54687.183680402275,1698.6671002698395
594,RING1_TORQUE_BRACE,8,10.977179919856466,2.737300088723714,0.0070486481219720065,0.008610152030298135,-0.014131216404510205,0.0032880393087925063,152978.70638435913,2148.1700804981674
595,RING1_TORQUE_BRACE,8,10.479871431130489,-5.114373785567295,0.01396521999613376,-0.08939859027755226,-0.03334111577250276,0.009036927703427015,55660.50946819577,1261.4448418069896
596,RING1_TORQUE_BRACE,8,10.271903773099885,0.7261005756663508,0.0009602345670054468,-0.02317924286576023,0.014176932069874582,0.0018933804492272694,265662.403034364,9248.55693220387
597,RING1_TORQUE_BRACE,8,10.271903773099885,-4.861816012853524,-0.009298286426441482,-0.011186199469392477,-0.028809466892557367,0.005898796099880949,85271.63703965825,1381.249824099127
598,RING1_TORQUE_BRACE,8,10.479871431130489,-11.88754317787243,0.0017792558365585798,-0.07017554312405494,0.029586773467563,0.014422667323843204,34875.6570962746,542.7109987609238
599,RING1_TORQUE_BRACE,8,10.977179919856466,-1.3704661385338568,-0.012679993622245256,-0.017431408085233357,0.05967701432174871,0.004092106569730138,122919.57490080014,4290.646800096764
600,RING1_TORQUE_BRACE,8,10.977179919856466,-4.857271158919502,0.009046828752792724,-0.10095332737740037,-0.039244908424836966,0.009369027354649418,53687.536705758925,1210.5945827511318
601,RING1_TORQUE_BRACE,8,10.479871431130489,8.296144482621457,0.0057156407933920406,0.0700757942950716,0.01318609714761898,0.010883521376356687,46216.659351881724,777.650442852241
602,RING1_TORQUE_BRACE,8,10.271903773099885,11.561564131479827,-0.006130368531115593,-0.01910320604082827,-0.02736869228021277,0.012200493367154577,41227.840945690434,580.836851847027
603,RING1_TORQUE_BRACE,8,10.271903773099885,6.076544719689991,0.0007112587427808847,-0.029978811331945465,0.0025133001721293624,0.006974853929393571,72116.20559969681,1105.1317520623545
604,RING1_TORQUE_BRACE,8,10.479871431130489,8.976156138793158,-0.012365759387545472,0.0030833928605904504,-0.03361635469151736,0.00983474599089315,51145.19484954382,718.737545461654
605,RING2_TORQUE_BRACE,8,10.977179919856466,1.4742475068196654,-0.010068612997323756,0.01789602834271009,-0.023187835159053094,0.002709045196095446,185674.27399327824,3988.601727145769
606,RING2_TORQUE_BRACE,8,10.977179919856466,4.168852868177055,0.0050015036793505385,0.06852709375787835,0.002329991055759706,0.006941820181603443,72459.3819547506,1410.5046011164538
607,RING2_TORQUE_BRACE,8,10.479871431130489,9.704016618452442,0.012097808327939052,-0.0034666168685006937,-0.037973498746596945,0.010703404128626127,46994.39486310084,664.8278423811697
608,RING2_TORQUE_BRACE,8,10.271903773099885,6.733630453411024,-0.0005653660633080371,0.03873935157091779,0.009446409568532488,0.008022853311832013,62695.89888402687,997.2900293562247
609,RING2_TORQUE_BRACE,8,10.271903773099885,-11.225020087465964,-0.0068039670819741715,0.037393143059997414,-0.007740792055475509,0.012105804460493084,41550.315936584375,598.2512690605117
610,RING2_TORQUE_BRACE,8,10.479871431130489,8.04321067273122,-0.0049893966488947505,-0.06577702456922907,0.01775204728031099,0.010506295693652874,47876.05590654329,802.1051161508401
611,RING2_TORQUE_BRACE,8,10.977179919856466,-3.831950458736628,-0.009886086403417593,-0.09232269099351242,0.03702828902049626,0.008025520154447473,62675.06533159153,1534.5151810443615
612,RING2_TORQUE_BRACE,8,10.977179919856466,-1.007981413048583,0.012277797551516478,-0.006916641691322667,-0.057757515278073324,0.003579073234448707,140539.1751022603,5833.625576643293
613,RING2_TORQUE_BRACE,8,10.479871431130489,-7.6011436751214205,-0.002597627960132076,0.06736502182293336,0.02469212925661246,0.010258521394787041,49032.40736580263,848.7539121241115
614,RING2_TORQUE_BRACE,8,10.271903773099885,1.2978748811183323,-0.008570235016363892,0.03849081170569946,-0.0055331452657494395,0.002967418309925687,169507.61485750778,5174.137053003017
615,RING2_TORQUE_BRACE,8,10.271903773099885,1.5622142383799655,-0.0005815428561644076,0.03805395104359732,0.01434825544249918,0.0032734029566224144,153662.7193979836,4298.630973636612
616,RING2_TORQUE_BRACE,8,10.479871431130489,-5.5209147313580615,-0.013992916209503159,0.0795691697578711,-0.025660103786439237,0.00888272528502457,56626.765306815265,1168.5564339969042
617,RING2_TORQUE_BRACE,8,10.977179919856466,2.366858965920983,-0.006704497631347284,-0.004971656584468631,-0.01274305792750674,0.0028169638256034667,178561.04342846657,2484.383833851793
618,RING2_TORQUE_BRACE,8,10.977179919856466,-2.2749046857497888,-0.011131962576602455,0.08926237497342981,-0.027145358033283884,0.006312989705622991,79676.98720496519,2584.8055036218816
619,RING2_TORQUE_BRACE,8,10.479871431130489,8.036561047105351,0.0063663282185169034,0.0804930521834315,0.0028282630195946012,0.01105896675361794,45483.453491298686,802.7687953917161
620,RING2_TORQUE_BRACE,8,10.271903773099885,-12.257220906278235,-0.007556661103844009,0.08309971801099891,-0.0026647663754495454,0.015081355042346638,33352.44071820047,547.8715415104074
621,RING2_TORQUE_BRACE,8,10.271903773099885,8.549043783303205,-0.0004359660745816285,0.08459209683961788,0.005849328294303291,0.011721480574545383,42912.66762769931,785.5127056047828
622,RING2_TORQUE_BRACE,8,10.479871431130489,10.441126261241152,0.002589262669439485,0.010005936039686247,0.013046174821411682,0.010400788034812298,48361.72012316926,617.8931534259459
623,RING2_TORQUE_BRACE,8,10.977179919856466,2.883942193394887,0.00577508740592414,-0.0729337383053057,0.010736063708961296,0.005985948597599929,84030.12351320194,2038.9403662142372
624,RING2_TORQUE_BRACE,8,10.977179919856466,-1.0343251205686101,-0.006678344300989014,-0.010294622228897765,-0.04160833962588795,0.002895148619330116,173738.92194742835,5685.046253840075
625,RING2_TORQUE_BRACE,8,10.479871431130489,5.086052983329864,-0.002698681484506693,-0.020387401306102504,-0.004868959671885165,0.005649231957584438,89038.65229408607,1268.4689782081118
626,RING2_TORQUE_BRACE,8,10.271903773099885,5.946478849040432,-0.0006739310987002867,0.0010372595211407543,-0.020970974128273312,0.006446089368628499,78031.80676457495,1129.3040273135578
627,RING2_TORQUE_BRACE,8,10.271903773099885,4.737599197673262,0.006365995211450093,-0.002496795599174817,-0.016056029395210558,0.005120064744272301,98240.94520732274,1417.4653094027708
628,RING2_TORQUE_BRACE,8,10.479871431130489,-3.564285405089322,-0.006948875453648196,0.002585124556134133,-0.026464643256673526,0.00450128771269783,111745.80078075676,1810.0403580658478
629,DOCK_LOAD_SPREADER,9,7.467261881037786,2236.3506337877698,-0.07070181483974687,-0.37732287649885965,-8.760990332108094,2.168731604560454,231.93280299981848,7.9002920285570815
630,DOCK_LOAD_SPREADER,9,7.467261961518311,2218.669718372381,-0.20695979384498386,-3.1155351329262158,-8.982811550868462,2.1806126301273956,230.6691216268952,7.963250482047112
631,DOCK_LOAD_SPREADER,9,7.467261881037786,2178.784903236263,-0.2549805002844018,-7.889609109718442,-6.015562035020281,2.162409792340302,232.61085932080448,8.109025842307405
632,DOCK_LOAD_SPREADER,9,7.467261961518311,2140.01092927852,-0.1862339369902397,-8.003633164034063,2.077509284326567,2.070912990572953,242.88804130821381,8.255949753625181
633,DOCK_LOAD_SPREADER,9,7.467261881037786,2125.07933974357,-0.04022737453696783,0.2193360776879325,6.690066001221595,2.001953467383847,251.2545911755484,8.313959274247164
634,DOCK_LOAD_SPREADER,9,7.467261961518311,2142.8096993281797,0.09708613536426691,8.185218200393946,1.5714850081506029,2.0755917459184303,242.34052818389253,8.2451664792592
635,DOCK_LOAD_SPREADER,9,7.467261881037786,2182.768106549599,0.14451975897663516,7.562433833916641,-6.612636317167869,2.1701705782607075,231.77901545561062,8.0942281647593
636,DOCK_LOAD_SPREADER,9,7.467261961518311,2221.4955318020147,0.07472009131135349,2.449545852729792,-9.317393395833676,2.1874810849638804,229.94484544688325,7.953120972519153
637,PROP_LONGITUDINAL_STRUT,10,2.8653097563788807,-2936.1282156504917,-0.4747563127719727,25.361813318956166,-30.478830617575312,2.4205709359348373,207.80221415231475,87.83029391028762
638,PROP_LONGITUDINAL_STRUT,10,2.8653097563788807,-2934.828746247076,0.8046141324722929,23.70232277697312,27.50912526859004,2.3529204777445987,213.7768805863565,87.86918298678837
639,PROP_LONGITUDINAL_STRUT,10,2.9330076040989246,3259.1356332138257,-8.341407486635111,-2.119624538925372,-29.618475891738456,2.4040661309148357,209.2288533712631,75.51508181911487
640,PROP_LONGITUDINAL_STRUT,10,2.9330076040989246,3238.9837085581494,8.88747106381319,1.151213395755311,16.593050196833133,2.132200719707568,235.90649573975693,75.9849125981846
641,PROP_LONGITUDINAL_STRUT,10,2.9330076040989246,393.73732275998736,-0.08379108839768445,10.420972987029558,-24.30019908217382,0.7482119564715136,672.2693959237077,625.0712842677599
642,PROP_LONGITUDINAL_STRUT,10,2.9330076040989246,394.89506474846894,0.9628529000475039,12.464785310705516,20.148945470755265,0.6939520301849885,724.833962753757,623.2387182617708
643,PROP_LONGITUDINAL_STRUT,10,2.8653097563788807,1804.3035158481634,-2.0317069341739282,6.944370033325061,-23.44901623108906,1.4896904887682523,337.65403202372903,142.9255121844879
644,PROP_LONGITUDINAL_STRUT,10,2.8653097563788807,1803.1894250306723,1.9635367385984073,4.71493591461358,20.727936372537897,1.424924914405434,353.0010563468058,143.0138179378933
645,PROP_LONGITUDINAL_STRUT,10,2.9330076040989246,-1840.4199726970442,5.587015744542802,-0.6887591557740897,-9.201076593089503,1.2077657373101012,416.4714931558384,133.72702842442374
646,PROP_LONGITUDINAL_STRUT,10,2.9330076040989246,1821.5440083474787,6.023121950184549,2.1560764020554792,-5.897582622172592,1.1391158599032898,441.57053527698616,135.11279050842782
647,PROP_LONGITUDINAL_STRUT,10,2.9330076040989246,-1331.720972063753,-0.8225607824142172,27.808780165747716,-14.260396957872317,1.3640291901438637,368.760436825365,184.80890454126805
648,PROP_LONGITUDINAL_STRUT,10,2.9330076040989246,-1332.9292477638155,0.09035149954961064,29.87468934677797,9.159297372477639,1.3645287382864457,368.6254352045819,184.6413786887991
