element_id,group,section_id,length_m,axial_force_N,torsion_Nm,bending_My_Nm,bending_Mz_Nm,screening_von_mises_MPa,yield_factor,member_euler_factor
1,SPINE_FRAME,2,1.3776603565143233,0.0,0.0,0.0,0.0,0.0,inf,inf
2,SPINE_FRAME,2,1.3776603565143233,0.0,0.0,0.0,0.0,0.0,inf,inf
3,SPINE_FRAME,2,1.3776603565143233,0.0,0.0,0.0,0.0,0.0,inf,inf
4,SPINE_FRAME,2,1.3776603565143233,0.0,0.0,0.0,0.0,0.0,inf,inf
5,SPINE_FRAME,2,1.3776603565143233,0.0,0.0,0.0,0.0,0.0,inf,inf
6,SPINE_FRAME,2,1.3776603565143233,0.0,0.0,0.0,0.0,0.0,inf,inf
7,SPINE_FRAME,2,1.3776603565143233,0.0,0.0,0.0,0.0,0.0,inf,inf
8,SPINE_FRAME,2,1.3776603565143233,0.0,0.0,0.0,0.0,0.0,inf,inf
9,SPINE_LONGERON,1,2.5,-1815.2782676855672,1.9609174858366232,-21.246377627301115,-11.261241361582998,0.8486999193909268,592.6712003943397,537.560955069371
10,SPINE_DIAGONAL,3,2.854461080118482,41.373537684883175,-0.08112563530560529,-1.4372281126487767,-3.439759247263746,0.16820612274627852,2990.378660345933,2922.367961085579
11,SPINE_LONGERON,1,2.5,1687.8194542851547,-0.3975667875187975,-9.575340645019118,-27.02392252510704,0.8475717063219688,593.4601122809595,578.155866622013
12,SPINE_DIAGONAL,3,2.854461080118482,-358.41511959149557,-0.453591619429447,-4.785296969981655,-1.4468698332929646,0.47686155975631883,1054.813477221855,337.3426352796594
13,SPINE_LONGERON,1,2.5,813.0072386577158,-4.201448966604266,-27.872766898083793,-15.012282300818342,0.5749319053747702,874.8862174766916,1200.263260761148
14,SPINE_DIAGONAL,3,2.854461080118482,-338.362889777684,0.7092756881177982,1.9432508192767135,-0.4329518589334623,0.35267476573560236,1426.2432384433632,357.3344022641211
15,SPINE_LONGERON,1,2.5,-1539.8720174465332,6.272062307603488,22.684143835014062,4.672299795348067,0.747157798098022,673.2178949084727,633.7037807283936
16,SPINE_DIAGONAL,3,2.854461080118482,-139.67288330868138,0.2613769529210832,2.9575937532259244,0.747671807884985,0.22549130470675052,2230.6846849555777,865.6562254812012
17,SPINE_LONGERON,1,2.5,-1815.2782676855238,1.9609174858366374,21.246377627301204,11.26124136158358,0.8486999193909152,592.6712003943479,537.5609550693839
18,SPINE_DIAGONAL,3,2.854461080118482,41.3735376848726,-0.08112563530560925,1.4372281126486977,3.4397592472638343,0.1682061227462716,2990.378660346056,2922.3679610863255
19,SPINE_LONGERON,1,2.5,1687.8194542851925,-0.397566787518821,9.575340645018613,27.023922525107903,0.8475717063219876,593.4601122809462,578.1558666220002
20,SPINE_DIAGONAL,3,2.854461080118482,-358.4151195914996,-0.4535916194294549,4.785296969981602,1.4468698332930594,0.4768615597563214,1054.8134772218493,337.3426352796556
21,SPINE_LONGERON,1,2.5,813.007238657805,-4.20144896660425,27.87276689808344,15.012282300819077,0.5749319053748013,874.8862174766443,1200.2632607610162
22,SPINE_DIAGONAL,3,2.854461080118482,-338.36288977769385,0.7092756881178219,-1.9432508192767097,0.43295185893358873,0.35267476573561135,1426.2432384433268,357.3344022641107
23,SPINE_LONGERON,1,2.5,-1539.872017446627,6.272062307603543,-22.68414383501407,-4.672299795347271,0.7471577980980529,673.2178949084447,633.7037807283549
24,SPINE_DIAGONAL,3,2.854461080118482,-139.6728833086991,0.2613769529210939,-2.9575937532259347,-0.7476718078849048,0.22549130470676487,2230.684684955436,865.6562254810913
25,SPINE_FRAME,2,1.3776603565143233,868.8889643445659,0.3115612401582128,21.680697704575167,3.1203329659072523,0.8132016682820218,618.5427546682768,1648.2555316907574
26,SPINE_FRAME,2,1.3776603565143233,431.01800945286504,1.1633458726928911,-39.25748263867804,9.129198360086653,0.9017295490400801,557.8169203121486,3322.7174050661106
27,SPINE_FRAME,2,1.3776603565143233,-184.5436578168924,-0.2981109809068383,47.034366721795024,-2.848228951706865,0.8913852019820451,564.290274150335,7760.499920983417
28,SPINE_FRAME,2,1.3776603565143233,-778.6513835171222,0.3946549508606687,24.98320254093199,-4.239735723991991,0.8254016986365127,609.40024818329,1839.2711709276655
29,SPINE_FRAME,2,1.3776603565143233,868.8889643445555,0.31156124015816006,-21.680697704575444,-3.120332965907707,0.8132016682820222,618.5427546682764,1648.2555316907772
30,SPINE_FRAME,2,1.3776603565143233,431.0180094528596,1.1633458726928965,39.257482638678255,-9.129198360087019,0.9017295490400823,557.8169203121472,3322.7174050661524
31,SPINE_FRAME,2,1.3776603565143233,-184.54365781689216,-0.2981109809068051,-47.03436672179511,2.8482289517068473,0.8913852019820465,564.2902741503342,7760.499920983426
32,SPINE_FRAME,2,1.3776603565143233,-778.6513835171336,0.39465495086065877,-24.983202540931913,4.239735723991615,0.8254016986365162,609.4002481832874,1839.2711709276387
33,SPINE_LONGERON,1,2.5,-702.6611044656911,-0.6049834426515899,11.976650613701468,9.538582321444206,0.38421281496272636,1309.1702837886799,1388.753003534684
34,SPINE_DIAGONAL,3,2.854461080118482,-109.23482997060091,-0.6319352344662609,0.9032154440237629,0.40125402109143343,0.1275681854853248,3942.9893753397014,1106.8694939115148
35,SPINE_LONGERON,1,2.5,-634.5942901937724,5.0994354279367515,4.357546051046999,18.083843585222375,0.39341875736469545,1278.5358872295044,1537.7111555727374
36,SPINE_DIAGONAL,3,2.854461080118482,44.13849579994803,-0.11416605387236874,-0.17626082974969204,2.923525841472669,0.1418231135736652,3546.671535586713,2739.3027056262245
37,SPINE_LONGERON,1,2.5,-567.6068388591818,0.19143330242210332,25.012958913278744,8.972020681037788,0.4422017964093268,1137.4897254700318,1719.1877413862867
38,SPINE_DIAGONAL,3,2.854461080118482,-97.2344337500092,0.023715775969644026,4.2867824973983915,-0.08352866965656847,0.2345934733794701,2144.1346715829773,1243.4761668682825
39,SPINE_LONGERON,1,2.5,-622.1367877185428,-7.569751246382199,-11.829374818622835,-4.027171908205931,0.33587206542924664,1497.5940299088666,1568.5018770103545
40,SPINE_DIAGONAL,3,2.854461080118482,145.84823068136495,0.05269458525521997,-1.542473825745771,-0.8067419472440904,0.18342409133982243,2742.278815862373,829.0035498011558
41,SPINE_LONGERON,1,2.5,-702.6611044656436,-0.6049834426516716,-11.976650613700581,-9.538582321444387,0.3842128149627046,1309.170283788754,1388.753003534778
42,SPINE_DIAGONAL,3,2.854461080118482,-109.23482997061001,-0.6319352344662598,-0.9032154440236322,-0.4012540210914607,0.12756818548532842,3942.9893753395895,1106.8694939114225
43,SPINE_LONGERON,1,2.5,-634.594290193787,5.099435427936732,-4.35754605104616,-18.08384358522278,0.39341875736470217,1278.5358872294826,1537.7111555727022
44,SPINE_DIAGONAL,3,2.854461080118482,44.138495799927455,-0.11416605387237845,0.17626082974978602,-2.923525841472688,0.14182311357364905,3546.671535587117,2739.302705627502
45,SPINE_LONGERON,1,2.5,-567.6068388592552,0.19143330242214507,-25.012958913278318,-8.972020681038185,0.4422017964093495,1137.4897254699733,1719.1877413860648
46,SPINE_DIAGONAL,3,2.854461080118482,-97.2344337499951,0.02371577596964769,-4.286782497398341,0.08352866965649541,0.23459347337945652,2144.134671583101,1243.4761668684628
47,SPINE_LONGERON,1,2.5,-622.1367877186258,-7.569751246382274,11.829374818623585,4.027171908205534,0.33587206542928016,1497.5940299087172,1568.5018770101453
48,SPINE_DIAGONAL,3,2.854461080118482,145.8482306813728,0.05269458525522608,1.5424738257457844,0.8067419472440034,0.18342409133982793,2742.2788158622907,829.0035498011113
49,SPINE_FRAME,2,1.3776603565143233,-200.24721164056882,0.7543838748355713,-8.17526734414599,-4.509863390772601,0.26021827060397745,1932.992632809818,7151.915026295624
50,SPINE_FRAME,2,1.3776603565143233,-67.4019423043581,3.8027886348924085,11.660165381531913,-4.675836061943688,0.25312931690291657,1987.1266045130483,21247.919465569816
51,SPINE_FRAME,2,1.3776603565143233,102.43619936628602,5.3256083486646215,-17.58934713101731,-1.002674206653861,0.3588946956352915,1401.5253112326525,13980.907635834605
52,SPINE_FRAME,2,1.3776603565143233,-192.76052507570103,-0.4484938961704068,10.351425352170734,-0.7350739819198644,0.273861934746396,1836.6919099793568,7429.690499875682
53,SPINE_FRAME,2,1.3776603565143233,-200.24721164055472,0.7543838748355283,8.175267344146462,4.50986339077231,0.26021827060397484,1932.9926328098372,7151.915026296127
54,SPINE_FRAME,2,1.3776603565143233,-67.40194230436038,3.8027886348924222,-11.660165381532257,4.675836061943691,0.25312931690292306,1987.1266045129976,21247.9194655691
55,SPINE_FRAME,2,1.3776603565143233,102.43619936629966,5.325608348664609,17.589347131017934,1.0026742066541061,0.3588946956353088,1401.525311232585,13980.907635832742
56,SPINE_FRAME,2,1.3776603565143233,-192.76052507572285,-0.4484938961704117,-10.351425352170992,0.7350739819195624,0.2738619347464111,1836.6919099792558,7429.6904998748405
57,SPINE_LONGERON,1,2.5,-551.563740279822,1.025030764818219,-4.490756094023476,-5.833338489563317,0.25847418134478484,1946.0357602565975,1769.1930198288012
58,SPINE_DIAGONAL,3,2.854461080118482,105.66444691383526,-1.0187678723885008,-2.2610087712002374,2.115207254924571,0.201299100950064,2498.769232579824,1144.2704192230822
59,SPINE_LONGERON,1,2.5,-508.13824739810525,6.417478764590177,0.7194173097035303,-7.782452064194365,0.25291392757214465,1988.8189030496053,1920.388249241963
60,SPINE_DIAGONAL,3,2.854461080118482,-34.899423827823625,-0.37534046228876106,4.674585513842988,-3.1108105120881384,0.23089279815959818,2178.500169816104,3464.4898885314756
61,SPINE_LONGERON,1,2.5,726.9721647823424,0.1100699219993162,14.40976984395045,-7.7305735636007835,0.4022258406773846,1250.5412361197448,1342.3109804842268
62,SPINE_DIAGONAL,3,2.854461080118482,44.18898116647292,-1.1705555620672161,-3.25952316743644,-3.442470038905837,0.21007705240561103,2394.3595658835757,2736.173086036328
63,SPINE_LONGERON,1,2.5,699.640539729904,5.417553445051752,-0.5006382150059139,-10.885257351673413,0.344927965515428,1458.27549601078,1394.748680044245
64,SPINE_DIAGONAL,3,2.854461080118482,3.838069130326488,-0.23956177946453466,0.526965961985344,-2.212608382899785,0.08519782258948816,5903.906751509644,31502.481289800064
65,SPINE_LONGERON,1,2.5,-551.5637402797925,1.0250307648182786,4.490756094023286,5.833338489563502,0.25847418134477496,1946.0357602566721,1769.193019828896
66,SPINE_DIAGONAL,3,2.854461080118482,105.66444691383106,-1.018767872388508,2.2610087712001876,-2.1152072549245795,0.20129910095005957,2498.7692325798794,1144.2704192231279
67,SPINE_LONGERON,1,2.5,-508.138247398123,6.417478764590153,-0.7194173097038377,7.78245206419488,0.2529139275721555,1988.8189030495198,1920.3882492418961
68,SPINE_DIAGONAL,3,2.854461080118482,-34.899423827831015,-0.37534046228875084,-4.674585513843036,3.1108105120882192,0.2308927981596073,2178.5001698160177,3464.489888530742
69,SPINE_LONGERON,1,2.5,726.9721647824049,0.11006992199928156,-14.40976984395083,7.730573563600997,0.4022258406774102,1250.541236119665,1342.3109804841113
70,SPINE_DIAGONAL,3,2.854461080118482,44.18898116645299,-1.1705555620672166,3.259523167436407,3.4424700389059044,0.21007705240559568,2394.3595658837503,2736.1730860375624
71,SPINE_LONGERON,1,2.5,699.6405397299673,5.417553445051736,0.500638215005285,10.885257351673364,0.3449279655154489,1458.2754960106918,1394.748680044119
72,SPINE_DIAGONAL,3,2.854461080118482,3.8380691303406422,-0.23956177946453872,-0.5269659619854337,2.212608382899843,0.08519782258950259,5903.9067515086435,31502.48128968389
73,SPINE_FRAME,2,1.3776603565143233,-661.8196915541967,0.8759870470881798,-20.911963913300706,1.1259896022822247,0.6915720770445948,727.3283822411543,2163.9595499837205
74,SPINE_FRAME,2,1.3776603565143233,-330.8104849265745,0.8591220315287115,52.22343823332109,7.160312064074034,1.0605632613936145,474.2762815855433,4329.219015606048
75,SPINE_FRAME,2,1.3776603565143233,195.5207217396237,0.45402409563720336,-57.540046114648845,-1.4471007694570126,1.073615687592714,468.5102926614627,7324.8043949693965
76,SPINE_FRAME,2,1.3776603565143233,635.7714709859038,0.2022754121765647,-23.28799118126508,-3.6629904291604873,0.722733099711829,695.9692315192955,2252.6192307514493
77,SPINE_FRAME,2,1.3776603565143233,-661.8196915542084,0.8759870470882098,20.91196391330097,-1.1259896022824236,0.6915720770446054,727.3283822411431,2163.9595499836823
78,SPINE_FRAME,2,1.3776603565143233,-330.81048492658266,0.8591220315286932,-52.22343823332107,-7.160312064074031,1.0605632613936185,474.2762815855414,4329.2190156059405
79,SPINE_FRAME,2,1.3776603565143233,195.52072173962097,0.45402409563716484,57.54004611464872,1.4471007694572613,1.0736156875927105,468.51029266146423,7324.804394969498
80,SPINE_FRAME,2,1.3776603565143233,635.7714709858919,0.20227541217654305,23.287991181264708,3.6629904291601214,0.7227330997118158,695.9692315193083,2252.6192307514916
81,SPINE_LONGERON,1,2.5,251.05683871556266,0.06693212383689806,-1.254635792706214,-4.89487212496627,0.13339266411655198,3770.8220563051595,3886.859741746748
82,SPINE_DIAGONAL,3,2.854461080118482,49.663961820052464,-0.8016440653584717,-0.46509970646943133,-1.6133481357487804,0.1044907156634728,4813.824815019767,2434.535960001704
83,SPINE_LONGERON,1,2.5,231.99304703297412,-0.46081307381587777,0.18473261745352154,-5.561416224059318,0.13162318907502624,3821.515065352855,4206.258470992147
84,SPINE_DIAGONAL,3,2.854461080118482,-4.797224309497096,-1.130699506901003,0.46656269205603845,-1.5100069556781452,0.07018623591171025,7166.647327158868,25203.88732453174
85,SPINE_LONGERON,1,2.5,-507.65408372357206,-0.4216117364770984,-16.202905375411085,2.820760564123262,0.3275630589829045,1535.5821915994854,1922.2197763804104
86,SPINE_DIAGONAL,3,2.854461080118482,-270.96010266547364,0.8166867957853936,-4.664992053452299,1.5326130379061935,0.40176772272280364,1251.9671729504282,446.2232623093697
87,SPINE_LONGERON,1,2.5,26.175052331856023,1.9055337462869346,3.3037778467713146,11.388794461697461,0.12007120301082777,4189.180980843846,37280.64062382461
88,SPINE_DIAGONAL,3,2.854461080118482,-224.59293741609667,-1.1608462101593875,3.6847433539609216,1.7946333797623444,0.33532344790980767,1500.044220394908,538.3459620685464
89,SPINE_LONGERON,1,2.5,251.05683871562724,0.06693212383688962,1.254635792707198,4.894872124965886,0.13339266411657305,3770.822056304564,3886.859741745748
90,SPINE_DIAGONAL,3,2.854461080118482,49.66396182004064,-0.8016440653584577,0.4650997064695517,1.6133481357487387,0.10449071566346294,4813.824815020222,2434.5359600022834
91,SPINE_LONGERON,1,2.5,231.99304703297275,-0.46081307381582093,-0.184732617452795,5.561416224059036,0.1316231890750229,3821.5150653529513,4206.258470992171
92,SPINE_DIAGONAL,3,2.854461080118482,-4.797224309505509,-1.130699506900998,-0.46656269205593254,1.5100069556780902,0.0701862359117136,7166.647327158526,25203.88732448754
93,SPINE_LONGERON,1,2.5,-507.65408372363436,-0.4216117364771863,16.20290537541166,-2.820760564123699,0.3275630589829318,1535.5821915993572,1922.2197763801746
94,SPINE_DIAGONAL,3,2.854461080118482,-270.9601026654782,0.8166867957853897,4.664992053452355,-1.532613037906241,0.40176772272280986,1251.967172950409,446.2232623093622
95,SPINE_LONGERON,1,2.5,26.17505233176371,1.905533746286947,-3.30377784677011,-11.388794461697675,0.12007120301079505,4189.180980844988,37280.6406239561
96,SPINE_DIAGONAL,3,2.854461080118482,-224.5929374160953,-1.160846210159375,-3.684743353960817,-1.7946333797624254,0.3353234479098044,1500.0442203949226,538.3459620685496
97,SPINE_FRAME,2,1.3776603565143233,-44.3773225901366,0.16860012438847993,9.656058489537635,3.444367161997075,0.19610375185160156,2564.9687741856023,32272.13717089586
98,SPINE_FRAME,2,1.3776603565143233,-54.148770780174004,-1.6610051356782993,28.377065667221167,4.038816836320748,0.5131996336995781,980.1254072882897,26448.44972972777
99,SPINE_FRAME,2,1.3776603565143233,3.792939412902342,-1.835407413667141,-24.087415315043508,-5.967850324858549,0.4227267605781571,1189.8939147170488,377583.4217214948
100,SPINE_FRAME,2,1.3776603565143233,6.193451168483989,0.005986124728995956,12.548058299510224,1.7807037199488462,0.21762366853106452,2311.3294771437036,231236.34996811333
101,SPINE_FRAME,2,1.3776603565143233,-44.377322590139784,0.16860012438848815,-9.656058489537784,-3.444367161997338,0.19610375185160703,2564.968774185531,32272.137170893548
102,SPINE_FRAME,2,1.3776603565143233,-54.14877078017207,-1.6610051356783044,-28.377065667221302,-4.038816836320837,0.5131996336995795,980.1254072882869,26448.449729728713
103,SPINE_FRAME,2,1.3776603565143233,3.792939412904161,-1.8354074136671203,24.087415315043756,5.967850324858652,0.4227267605781625,1189.8939147170336,377583.42172131373
104,SPINE_FRAME,2,1.3776603565143233,6.193451168483989,0.00598612472902893,-12.54805829950999,-1.7807037199491695,0.21762366853106138,2311.3294771437368,231236.34996811333
105,SPINE_LONGERON,1,2.5,-167.82102345199883,-0.419147453457283,0.7644329521293969,-0.872275487710219,0.06866160705490142,7325.782508961729,5814.66314065733
106,SPINE_DIAGONAL,3,2.854461080118482,83.10165554080902,0.8083840576344615,0.7149774733184202,-1.1936745631446144,0.12148972196685824,4140.267932601046,1454.9493650904985
107,SPINE_LONGERON,1,2.5,91.27655193424516,2.7117858745293226,0.14670537339896228,-2.41545342528442,0.058147308303732416,8650.44341128535,10690.836787926664
108,SPINE_DIAGONAL,3,2.854461080118482,-97.07395373717748,0.8572410341664699,1.4069150064675198,-0.710199180469341,0.1396401318782905,3602.1163345678574,1245.5318477541691
109,SPINE_LONGERON,1,2.5,189.74876054572815,0.20270177665995037,-2.3058382494393648,-0.764905632581538,0.0879323960809827,5720.3035788624975,5142.709319877535
110,SPINE_DIAGONAL,3,2.854461080118482,-122.36685623383786,-0.8262495015045274,-1.4938314418933567,-0.7491702711135497,0.16348721326052454,3076.6932163584315,988.083740061263
111,SPINE_LONGERON,1,2.5,112.9125773281803,2.5832053825665455,-4.923840798509634,-1.8836153973616092,0.09025377466811811,5573.174106563803,8642.285406855066
112,SPINE_DIAGONAL,3,2.854461080118482,57.56572653705763,-0.9532288005657061,-0.7745809444323175,-0.9008984504779245,0.09512802997533176,5287.610813873009,2100.3591588344684
113,SPINE_LONGERON,1,2.5,-167.8210234520484,-0.41914745345727367,-0.7644329521298481,0.8722754877107626,0.068661607054925,7325.7825089592125,5814.663140655612
114,SPINE_DIAGONAL,3,2.854461080118482,83.10165554081993,0.8083840576344644,-0.7149774733184735,1.193674563144696,0.12148972196687052,4140.267932600627,1454.9493650903075
115,SPINE_LONGERON,1,2.5,91.27655193425335,2.7117858745293315,-0.14670537339938505,2.4154534252848796,0.05814730830373923,8650.443411284337,10690.836787925704
116,SPINE_DIAGONAL,3,2.854461080118482,-97.07395373718009,0.8572410341664742,-1.4069150064675948,0.7101991804694014,0.139640131878296,3602.1163345677155,1245.5318477541357
117,SPINE_LONGERON,1,2.5,189.74876054578408,0.20270177665993794,2.3058382494388034,0.7649056325820034,0.08793239608099836,5720.303578861479,5142.709319876019
118,SPINE_DIAGONAL,3,2.854461080118482,-122.36685623384429,-0.8262495015045199,1.4938314418933127,0.7491702711136545,0.16348721326053,3076.6932163583283,988.0837400612112
119,SPINE_LONGERON,1,2.5,112.91257732810527,2.583205382566529,4.9238407985091115,1.8836153973620675,0.09025377466808998,5573.174106565541,8642.285406860809
120,SPINE_DIAGONAL,3,2.854461080118482,57.56572653706968,-0.9532288005657121,0.7745809444322198,0.9008984504779818,0.09512802997534063,5287.610813872517,2100.3591588340287
121,SPINE_FRAME,2,1.3776603565143233,-19.498950786181013,0.2663294275250662,12.046993798643264,1.2673146240177218,0.21495380824132335,2340.0376300162793,73447.59508398552
122,SPINE_FRAME,2,1.3776603565143233,-5.179039204962692,-1.066076629480575,12.520959249602285,2.272888987802723,0.21854281881694287,2301.6084569739437,276528.3260519942
123,SPINE_FRAME,2,1.3776603565143233,27.575946321561787,-0.49641471911317947,-14.553260004003622,-1.2845880330833452,0.2613775835690242,1924.4190459323322,51934.79219917748
124,SPINE_FRAME,2,1.3776603565143233,16.8536241623151,0.828841621996688,9.923117321845794,2.2573710276678582,0.1812030907697184,2775.890840842426,84975.85018587815
125,SPINE_FRAME,2,1.3776603565143233,-19.498950786181695,0.2663294275250774,-12.046993798643205,-1.2673146240179314,0.2149538082413231,2340.0376300162816,73447.59508398295
126,SPINE_FRAME,2,1.3776603565143233,-5.17903920496542,-1.0660766294805817,-12.520959249602479,-2.2728889878029044,0.218542818816948,2301.6084569738896,276528.32605184853
127,SPINE_FRAME,2,1.3776603565143233,27.575946321564516,-0.4964147191131889,14.553260004003745,1.2845880330833843,0.26137758356902774,1924.4190459323063,51934.79219917234
128,SPINE_FRAME,2,1.3776603565143233,16.8536241623151,0.8288416219966879,-9.92311732184577,-2.2573710276680323,0.18120309076971863,2775.890840842422,84975.85018587815
129,SPINE_LONGERON,1,2.5,65.56781596508108,0.4087948923852185,-0.3415376803436949,-1.3711330684300052,0.035854689486558046,14028.848309746905,14882.647910880742
130,SPINE_DIAGONAL,3,2.854461080118482,53.44476875151986,-0.3722525530188802,-0.36740276699707164,-0.7424570467896585,0.07495383243738285,6710.7976155883825,2262.311238153332
131,SPINE_LONGERON,1,2.5,23.751009230966247,-2.3774246257129743,-1.4590456840971893,0.49112629271657404,0.0294999025317397,17050.903793963706,41085.52650560475
132,SPINE_DIAGONAL,3,2.854461080118482,50.04946289219765,0.6511628123806614,-0.34282569420877473,0.5422248299346821,0.06763177643245336,7437.332368496441,2415.784185886202
133,SPINE_LONGERON,1,2.5,54.05936280607011,0.41124322050166784,-1.300406387666019,0.24088676708812073,0.031075497835517323,16186.385899990408,18050.94748886229
134,SPINE_DIAGONAL,3,2.854461080118482,-52.23111320378189,0.3925081497886768,-0.7433955015752793,0.32681789421541163,0.07348303934529761,6845.116975039607,2314.8788825415036
135,SPINE_LONGERON,1,2.5,-35.2661250620813,2.392187842706624,0.8194641012266075,1.68345303974003,0.03523805154188166,14274.342024903588,27670.256303348364
136,SPINE_DIAGONAL,3,2.854461080118482,-48.86126943411273,-0.6481472584937755,0.6588534358954082,0.35239010833976625,0.07029083131668395,7155.983085956332,2474.530489432115
137,SPINE_LONGERON,1,2.5,65.56781596514247,0.4087948923852305,0.3415376803444694,1.3711330684294083,0.0358546894865755,14028.848309740079,14882.647910866806
138,SPINE_DIAGONAL,3,2.854461080118482,53.4447687515144,-0.3722525530188707,0.36740276699717533,0.7424570467895975,0.07495383243737805,6710.797615588813,2262.311238153563
139,SPINE_LONGERON,1,2.5,23.751009230974432,-2.377424625712977,1.4590456840978305,-0.4911262927168707,0.029499902531746825,17050.903793959587,41085.52650559059
140,SPINE_DIAGONAL,3,2.854461080118482,50.049462892201745,0.6511628123806621,0.3428256942088511,-0.5422248299347667,0.06763177643246042,7437.332368495662,2415.7841858860047
141,SPINE_LONGERON,1,2.5,54.0593628061215,0.4112432205016714,1.3004063876665235,-0.2408867670886572,0.03107549783554041,16186.38589997838,18050.947488845133
142,SPINE_DIAGONAL,3,2.854461080118482,-52.23111320378871,0.3925081497886814,0.7433955015753659,-0.3268178942154651,0.0734830393453068,6845.116975038752,2314.878882541201
143,SPINE_LONGERON,1,2.5,-35.2661250621577,2.3921878427066336,-0.8194641012258188,-1.6834530397404492,0.035238051541904,14274.342024894537,27670.25630328842
144,SPINE_DIAGONAL,3,2.854461080118482,-48.86126943411,-0.6481472584937681,-0.6588534358953453,-0.3523901083398593,0.07029083131668132,7155.9830859566,2474.530489432253
145,SPINE_FRAME,2,1.3776603565143233,-5.092063616203632,0.6908728502023863,6.343948279357205,1.5065362230908121,0.11338604547541496,4436.171998864388,281251.60050017573
146,SPINE_FRAME,2,1.3776603565143233,-12.83975855147446,-0.5655868645504442,7.280475142792092,0.5987017275702051,0.13042106849775245,3856.738836706189,111540.3405885325
147,SPINE_FRAME,2,1.3776603565143233,4.9643710360141995,-0.7500643871866083,-6.509228994924372,-1.386633026460352,0.11567445536012418,4348.410359348849,288485.89912325155
148,SPINE_FRAME,2,1.3776603565143233,11.9029542263238,0.5057518690060001,7.077271786059237,0.7408751271412228,0.12669718703607266,3970.096035808499,120318.95735083413
149,SPINE_FRAME,2,1.3776603565143233,-5.092063616203632,0.6908728502023964,-6.343948279357427,-1.506536223090965,0.11338604547541921,4436.171998864223,281251.60050017573
150,SPINE_FRAME,2,1.3776603565143233,-12.83975855147628,-0.5655868645504581,-7.280475142792151,-0.5987017275703295,0.13042106849775456,3856.7388367061267,111540.3405885167
151,SPINE_FRAME,2,1.3776603565143233,4.964371036015109,-0.7500643871866072,6.5092289949245625,1.3866330264603626,0.11567445536012783,4348.410359348712,288485.8991231987
152,SPINE_FRAME,2,1.3776603565143233,11.9029542263238,0.5057518690060003,-7.077271786058944,-0.7408751271413969,0.12669718703606803,3970.096035808644,120318.95735083413
153,SPINE_LONGERON,1,2.5,12.546243661828612,0.08547726336804962,-0.21447458989366552,-1.3779019106568136,0.017279917850856665,29108.934680211074,77778.07809222006
154,SPINE_DIAGONAL,3,2.854461080118482,-35.52074160407159,-0.17972876673478294,0.1279636587559967,-0.43851730434120945,0.04619028788111886,10889.735116927266,3403.8901077788914
155,SPINE_LONGERON,1,2.5,41.66145317262544,2.0428164065822525,-0.5787006715187708,-0.3795314303795134,0.026482251383010445,18993.85338222026,23422.6759986114
156,SPINE_DIAGONAL,3,2.854461080118482,24.23137706797297,-0.3435334608058706,-0.5017205849045068,0.14189098033457004,0.0402564832981574,12494.881787724937,4989.75772726002
157,SPINE_LONGERON,1,2.5,-19.769174610724804,-0.08879481708644743,-1.3900288995700532,0.20625129709069157,0.019867131453871992,25318.19961869574,49360.82251832313
158,SPINE_DIAGONAL,3,2.854461080118482,32.19976580823885,0.17970745682454853,-0.4485818994722637,-0.080585386858115,0.04342168062519401,11584.074885119731,3754.9559113915316
159,SPINE_LONGERON,1,2.5,-34.43262079444003,-2.0420628866836887,-0.4260035143957204,0.5389094814816779,0.024537873021888045,20498.92423647798,28340.065228241263
160,SPINE_DIAGONAL,3,2.854461080118482,-27.549574253637275,0.34709191482673174,0.16496659313440443,0.464588320389554,0.041956127873442974,11988.7135799866,4388.768401787778
161,SPINE_LONGERON,1,2.5,12.54624366177677,0.08547726336805406,0.21447458989317525,1.377901910657437,0.017279917850843842,29108.934680232676,77778.07809254144
162,SPINE_DIAGONAL,3,2.854461080118482,-35.520741604079944,-0.17972876673478028,-0.1279636587560753,0.4385173043412234,0.046190287881126994,10889.735116925349,3403.8901077780906
163,SPINE_LONGERON,1,2.5,41.66145317262499,2.042816406582263,0.5787006715183214,0.37953143037963244,0.026482251383008113,18993.85338222193,23422.67599861166
164,SPINE_DIAGONAL,3,2.854461080118482,24.2313770679782,-0.343533460805872,0.5017205849044741,-0.1418909803344941,0.04025648329815978,12494.881787724198,4989.757727258943
165,SPINE_LONGERON,1,2.5,-19.76917461067478,-0.08879481708647097,1.3900288995695869,-0.20625129709024392,0.01986713145384989,25318.199618723902,49360.82251844803
166,SPINE_DIAGONAL,3,2.854461080118482,32.19976580823942,0.17970745682454398,0.4485818994722146,0.08058538685817718,0.043421680625193144,11584.074885119964,3754.955911391465
167,SPINE_LONGERON,1,2.5,-34.43262079436863,-2.0420628866836794,0.4260035143952212,-0.5389094814813493,0.0245378730218658,20498.924236496565,28340.065228300024
168,SPINE_DIAGONAL,3,2.854461080118482,-27.549574253644664,0.34709191482673807,-0.16496659313448525,-0.46458832038946873,0.041956127873447095,11988.713579985419,4388.768401786601
169,SPINE_FRAME,2,1.3776603565143233,-4.6194088025986275,0.4015688533489816,2.3365445812998606,0.5156939243835801,0.0432462029572684,11631.078929565552,310029.07582033746
170,SPINE_FRAME,2,1.3776603565143233,-1.1203948957181638,-0.5427818449179579,1.8939074918483945,0.6549911397026449,0.03538798715968935,14213.862962315361,1278255.5930763923
171,SPINE_FRAME,2,1.3776603565143233,4.3603097569252895,-0.40138528297680215,-2.2948304751824415,-0.4585118304692486,0.04223368269802258,11909.925156101788,328451.6747075964
172,SPINE_FRAME,2,1.3776603565143233,1.1258633993193143,0.5427047491519998,1.9246970274662394,0.7124370655889862,0.03618819603013359,13899.55994438508,1272046.895539768
173,SPINE_FRAME,2,1.3776603565143233,-4.619408802597718,0.4015688533489278,-2.33654458129989,-0.5156939243836902,0.04324620295726872,11631.078929565469,310029.07582039846
174,SPINE_FRAME,2,1.3776603565143233,-1.120394895721347,-0.5427818449179719,-1.893907491848375,-0.6549911397029184,0.03538798715969215,14213.862962314235,1278255.5930727606
175,SPINE_FRAME,2,1.3776603565143233,4.360309756928018,-0.40138528297681286,2.2948304751825117,0.4585118304690674,0.04223368269802455,11909.925156101235,328451.6747073909
176,SPINE_FRAME,2,1.3776603565143233,1.1258633993184048,0.5427047491520121,-1.9246970274662267,-0.7124370655890395,0.03618819603013328,13899.559944385199,1272046.8955407958
177,SPINE_LONGERON,1,1.0,44.781316152435465,-0.20052215427377806,0.42261999150726126,-2.005807048863179,0.034491847700040545,14583.156123567387,136192.78126674934
178,SPINE_DIAGONAL,3,1.7023360590409793,10.77358405613677,-0.17514163900838797,-0.20977947004571718,-0.15159197531774685,0.019022918031238827,26441.78980185845,31554.04245425724
179,SPINE_LONGERON,1,1.0,1.3708522524275395,1.36235043391099,0.09056521202110446,-0.6984402049695433,0.01300281483580887,38683.93162184946,4448978.352543625
180,SPINE_DIAGONAL,3,1.7023360590409793,-16.01653266217727,-0.1059342494169132,0.3122491925771551,-0.3165435453374932,0.0294309377593398,17090.858745755555,21224.951483702473
181,SPINE_LONGERON,1,1.0,-47.9521822292063,0.1955507420233431,-1.9691604816279877,-0.41879517942217603,0.035241429295607384,14272.973884821853,127186.95400417318
182,SPINE_DIAGONAL,3,1.7023360590409793,-9.126144530159763,0.17612729236340158,-0.21281066767662082,0.13205225949493027,0.017442689775871847,28837.295535450652,37250.13641504288
183,SPINE_LONGERON,1,1.0,1.79899276602373,-1.3590435330876893,-0.712922320712778,-0.11067424773005996,0.013148707148696443,38254.71160865174,3390170.3835452464
184,SPINE_DIAGONAL,3,1.7023360590409793,14.371409400515404,0.10652560697345048,-0.41496159150622147,-0.16642590853339723,0.02816603986202909,17858.385575818884,23654.613073624976
185,SPINE_LONGERON,1,1.0,44.78131615237635,-0.20052215427384024,-0.42261999150683494,2.0058070488615485,0.034491847700004616,14583.156123582577,136192.78126692915
186,SPINE_DIAGONAL,3,1.7023360590409793,10.773584056138588,-0.17514163900837793,0.20977947004577668,0.1515919753176861,0.019022918031240618,26441.78980185596,31554.042454251914
187,SPINE_LONGERON,1,1.0,1.3708522524148066,1.362350433910965,-0.09056521201978285,0.6984402049682075,0.013002814835798857,38683.931621879245,4448978.352584949
188,SPINE_DIAGONAL,3,1.7023360590409793,-16.016532662177724,-0.10593424941690033,-0.31224919257713424,0.31654354533742524,0.029430937759337878,17090.858745756672,21224.95148370187
189,SPINE_LONGERON,1,1.0,-47.952182229164464,0.19555074202338218,1.9691604816291601,0.4187951794214655,0.03524142929560226,14272.973884823929,127186.95400428415
190,SPINE_DIAGONAL,3,1.7023360590409793,-9.126144530168858,0.1761272923634266,0.21281066767664658,-0.1320522594949871,0.01744268977588102,28837.295535435493,37250.13641500575
191,SPINE_LONGERON,1,1.0,1.798992766093761,-1.359043533087772,0.7129223207137869,0.11067424772910783,0.013148707148714816,38254.71160859829,3390170.3834132743
192,SPINE_DIAGONAL,3,1.7023360590409793,14.371409400508583,0.10652560697345137,0.4149615915062971,0.16642590853327954,0.02816603986202442,17858.385575821845,23654.613073636203
193,SPINE_FRAME,2,1.3776603565143233,-2.24804049414206,0.29333993158479493,0.9421806126520358,0.12443114262870125,0.017755498728318473,28329.25212051401,637066.3898794886
194,SPINE_FRAME,2,1.3776603565143233,-17.400587400047243,-0.255381662235715,0.8966147342357251,0.012631166675046046,0.024325961402958875,20677.497249453743,82304.75264887298
195,SPINE_FRAME,2,1.3776603565143233,2.6680307843666924,-0.2942827708693637,-0.9161333681386954,-0.09374722502088062,0.01748313266976981,28770.58760011244,536782.0530024102
196,SPINE_FRAME,2,1.3776603565143233,17.746304192512525,0.2543782261093176,0.9238677342688004,0.046847287183219066,0.02497199348917523,20142.56491849714,80701.36893687608
197,SPINE_FRAME,2,1.3776603565143233,-2.248040494144334,0.2933399315847877,-0.9421806126520509,-0.1244311426287723,0.017755498728319972,28329.25212051162,637066.3898788443
198,SPINE_FRAME,2,1.3776603565143233,-17.400587400040422,-0.2553816622357612,-0.8966147342356336,-0.012631166675266314,0.024325961402954073,20677.497249457825,82304.75264890524
199,SPINE_FRAME,2,1.3776603565143233,2.668030784367147,-0.2942827708693505,0.9161333681387376,0.09374722502043653,0.017483132669769936,28770.58760011223,536782.0530023187
200,SPINE_FRAME,2,1.3776603565143233,17.746304192509797,0.25437822610924615,-0.9238677342688093,-0.04684728718293485,0.024971993489173606,20142.56491849845,80701.36893688848
201,SPINE_LONGERON,1,1.5,-50.091422291795425,-0.041437366140585574,-0.45127894773400357,1.075449112381972,0.028083987030910102,17910.5623231624,54113.42981867725
202,SPINE_DIAGONAL,3,2.036651187098854,5.943486017305133,-0.07531221552261669,-0.01556992872194396,-0.05118892982054568,0.0072379385832663555,69494.92513834027,39960.53115759902
203,SPINE_LONGERON,1,1.5,-1.53222402897336,-0.5610477265931619,0.17767699916657875,0.6114250637670935,0.007860663980863712,63989.505368060716,1769074.6349416017
204,SPINE_DIAGONAL,3,2.036651187098854,-6.799579623961392,-0.06592938884689514,-0.19937085645802277,0.09668044369998796,0.013748213407991395,36586.572020159525,34929.34435863067
205,SPINE_LONGERON,1,1.5,51.61353315233282,0.040100381958296794,1.0652542823811357,0.44168180079328323,0.028486555599208287,17657.45241639462,52517.59566051492
206,SPINE_DIAGONAL,3,2.036651187098854,6.731008120778512,-0.07528788575187739,0.04991867327555166,0.020665046640130136,0.007876138347316533,63863.78423271048,35285.18372249504
207,SPINE_LONGERON,1,1.5,0.00971722352278448,0.5621902296214039,0.6060592478493092,-0.17003657813493334,0.007389344086853758,68070.9944059687,278949913.86676127
208,SPINE_DIAGONAL,3,2.036651187098854,6.0122439964115415,0.06608800927993558,0.1356361743413741,0.16846443051647464,0.012916220370165578,38943.28105161865,39503.52951760319
209,SPINE_LONGERON,1,1.5,-50.09142229175268,-0.041437366140532284,0.45127894773382593,-1.0754491123819918,0.028083987030894906,17910.562323172093,54113.42981872343
210,SPINE_DIAGONAL,3,2.036651187098854,5.943486017295726,-0.07531221552261591,0.015569928721882675,0.05118892982057366,0.0072379385832592735,69494.92513840827,39960.53115766227
211,SPINE_LONGERON,1,1.5,-1.532224028980636,-0.5610477265932641,-0.17767699916575452,-0.6114250637668732,0.00786066398086288,63989.5053680675,1769074.634933201
212,SPINE_DIAGONAL,3,2.036651187098854,-6.799579623947579,-0.06592938884686939,0.19937085645812402,-0.09668044370001283,0.013748213407983576,36586.572020180334,34929.34435870162
213,SPINE_LONGERON,1,1.5,51.61353315228007,0.040100381958354525,-1.0652542823805806,-0.4416818007925656,0.028486555599182815,17657.452416410408,52517.59566056859
214,SPINE_DIAGONAL,3,2.036651187098854,6.731008120784566,-0.07528788575184986,-0.0499186732755561,-0.02066504664010882,0.007876138347320932,63863.784232674814,35285.183722463305
215,SPINE_LONGERON,1,1.5,0.009717223453662882,0.5621902296213923,-0.6060592478496076,0.17003657813516782,0.007389344086837437,68070.99440611903,278949915.8510177
216,SPINE_DIAGONAL,3,2.036651187098854,6.012243996410575,0.06608800927994235,-0.13563617434136432,-0.1684644305164098,0.01291622037016281,38943.281051627,39503.52951760954
217,SPINE_FRAME,2,1.3776603565143233,-0.1740853933793005,0.07500759755568007,0.21062824013418924,-0.20332720400073256,0.005161185514394759,97458.229043911,8226715.717530572
218,SPINE_FRAME,2,1.3776603565143233,1.1986843887102623,-0.08805718037276214,0.2505444839522002,-0.3953194310541157,0.00862764531553528,58300.959485930456,1194769.077994686
219,SPINE_FRAME,2,1.3776603565143233,0.0019439096199675987,0.07629871675259203,0.24809516523250563,0.15161833673003855,0.0050466872882906876,99669.3417416727,736737463.0976183
220,SPINE_FRAME,2,1.3776603565143233,-1.3644068996095484,0.08675580323840008,0.2910826578491146,-0.38400493409169556,0.008939929237380306,56264.42745170941,1049650.9819144288
221,SPINE_FRAME,2,1.3776603565143233,-0.174085393382029,0.07500759755569929,-0.21062824013410308,0.2033272040004519,0.005161185514391928,97458.22904396444,8226715.717401632
222,SPINE_FRAME,2,1.3776603565143233,1.1986843887134455,-0.088057180372822,-0.25054448395187734,0.3953194310536645,0.008627645315527744,58300.959485981366,1194769.0779915133
223,SPINE_FRAME,2,1.3776603565143233,0.0019439096213318408,0.0762987167525848,-0.24809516523275876,-0.15161833673033343,0.005046687288297444,99669.34174153926,736737462.5805736
224,SPINE_FRAME,2,1.3776603565143233,-1.3644068996109127,0.08675580323839113,-0.2910826578493113,0.3840049340916636,0.00893992923738254,56264.42745169535,1049650.9819133794
225,SPINE_LONGERON,1,2.5,-33.44221871829086,0.048650396313093314,0.15311581536105834,0.3475123091024105,0.015050595367827593,33420.604813761805,29179.365385826244
226,SPINE_DIAGONAL,3,2.854461080118482,-13.10429121194261,-0.0037911941024600937,0.03875080053213609,0.048868025895522305,0.013103063914316192,38387.96813395915,9226.649424341174
227,SPINE_LONGERON,1,2.5,-11.357484918066802,-0.191528411556531,0.455358853448967,0.09431022048060278,0.008371851824420427,60082.286517872286,85918.9095414467
228,SPINE_DIAGONAL,3,2.854461080118482,6.515739807203545,-0.017446264158169467,0.07056720082139611,-0.02743160129391127,0.008138438022213309,61805.47159382378,18556.404114448756
229,SPINE_LONGERON,1,2.5,34.02049757264422,-0.04788613991412083,0.3614392372206954,-0.15012254787583146,0.015357476081199844,32752.77769214678,28683.37587391382
230,SPINE_DIAGONAL,3,2.854461080118482,13.478225246591592,0.0038235927046929574,0.055074998109881396,-0.03434573482186176,0.013504220211142316,37247.615348050625,8970.669265053653
231,SPINE_LONGERON,1,2.5,10.779232574780963,0.19076106424487627,0.08747473723909494,-0.46651714558758783,0.008262739685311108,60875.69246483663,90528.03272625888
232,SPINE_DIAGONAL,3,2.854461080118482,-6.8896819379576755,0.017433406229350024,-0.0361735923082922,-0.06910589832378611,0.008529782816635327,58969.84844901529,17549.242774320384
233,SPINE_LONGERON,1,2.5,-33.442218718244476,0.04865039631308132,-0.15311581536038688,-0.34751230910211117,0.015050595367806563,33420.6048138085,29179.365385866717
234,SPINE_DIAGONAL,3,2.854461080118482,-13.104291211941472,-0.0037911941024761364,-0.038750800532018626,-0.04886802589555983,0.013103063914313687,38387.96813396649,9226.649424341975
235,SPINE_LONGERON,1,2.5,-11.357484918054979,-0.19152841155653544,-0.4553588534483257,-0.09431022048058679,0.008371851824410671,60082.28651794231,85918.90954153615
236,SPINE_DIAGONAL,3,2.854461080118482,6.515739807191494,-0.01744626415817796,-0.07056720082128703,0.027431601293973124,0.008138438022200519,61805.4715939209,18556.404114483073
237,SPINE_LONGERON,1,2.5,34.020497572614204,-0.047886139914029346,-0.3614392372202531,0.15012254787565027,0.015357476081185054,32752.777692178322,28683.375873939127
238,SPINE_DIAGONAL,3,2.854461080118482,13.478225246578404,0.0038235927046725293,-0.055074998109880036,0.034345734821870866,0.01350422021113151,37247.61534808043,8970.669265062432
239,SPINE_LONGERON,1,2.5,10.77923257472139,0.1907610642448323,-0.08747473723845367,0.4665171455876038,0.008262739685289943,60875.69246499257,90528.0327267592
240,SPINE_DIAGONAL,3,2.854461080118482,-6.889681937968362,0.017433406229363457,0.036173592308356706,0.06910589832372804,0.008529782816643421,58969.84844895933,17549.242774293165
241,SPINE_FRAME,2,1.3776603565143233,1.3904916586479885,0.04000859023863197,0.009163742284299836,-0.23459006030553908,0.004717578353703266,106622.50042018876,1029960.1820686231
242,SPINE_FRAME,2,1.3776603565143233,0.12633493558996634,-0.024695530981570585,-0.09076292642216188,-0.21363974297332788,0.0040087199696191116,125476.46226528328,11336144.156943133
243,SPINE_FRAME,2,1.3776603565143233,-1.353614284077139,-0.03840366254207006,0.0008832489136203492,0.2395509383907033,0.004776441943007239,105308.51332473478,1058020.0421587524
244,SPINE_FRAME,2,1.3776603565143233,-0.09084374245094295,0.02629986350393349,-0.07993927564922299,-0.20861301170267765,0.003846146773747774,130780.24048205139,15764993.859421501
245,SPINE_FRAME,2,1.3776603565143233,1.3904916586570835,0.04000859023859286,-0.009163742283911258,0.2345900603054787,0.004717578353706523,106622.50042011516,1029960.1820618864
246,SPINE_FRAME,2,1.3776603565143233,0.12633493559314957,-0.02469553098139189,0.09076292642241457,0.2136397429732355,0.004008719969620722,125476.46226523287,11336144.1566575
247,SPINE_FRAME,2,1.3776603565143233,-1.3536142840948742,-0.03840366254220626,-0.0008832489137660104,-0.23955093839065,0.004776441943015557,105308.5133245514,1058020.0421448902
248,SPINE_FRAME,2,1.3776603565143233,-0.09084374243229831,0.02629986350394388,0.07993927564863013,0.2086130117022762,0.003846146773728458,130780.24048270819,15764993.862657087
249,SPINE_LONGERON,1,1.0,23.63563280066228,0.018125356037648643,-0.10246001824437201,0.04825141044219694,0.009194676983776054,54705.56506634655,258038.02449557855
250,SPINE_DIAGONAL,3,1.7023360590409793,5.90381529444565,0.0027371387914563727,-0.010462325154515284,-0.055607064046873766,0.006926587338714528,72618.73349789441,57581.43026792792
251,SPINE_LONGERON,1,1.0,3.9922694827309897,-0.12252550451072697,-0.06867297004505701,0.3553602090648411,0.004836267621408518,104005.82419661587,1527675.4292182017
252,SPINE_DIAGONAL,3,1.7023360590409793,-6.056444582703193,0.005645489860674313,-0.05633543004823105,0.00612499704036118,0.007057809613326964,71268.57021620509,56130.31276843905
253,SPINE_LONGERON,1,1.0,-23.79487976823839,-0.017555464127239517,0.05393449809481732,0.10161371987301493,0.009266046516763014,54284.20838272645,256311.10789333118
254,SPINE_DIAGONAL,3,1.7023360590409793,6.0343200467390545,0.0029754914730191206,0.017671456101966188,0.05409750001114588,0.007046628056770952,71381.65885123995,56336.11178372243
255,SPINE_LONGERON,1,1.0,-4.151515609266426,0.12304667963121574,0.3536959800530184,0.06883061468408869,0.004876256853893225,103152.89269440403,1469076.0121370396
256,SPINE_DIAGONAL,3,1.7023360590409793,5.925910793799517,-0.00587799241478304,0.026466058828891192,0.04920263337171349,0.006921162787579856,72675.64937247857,57366.73070535419
257,SPINE_LONGERON,1,1.0,23.635632800632266,0.018125356037657525,0.10246001824384621,-0.048251410453828525,0.009194676983807298,54705.56506616066,258038.0244959062
258,SPINE_DIAGONAL,3,1.7023360590409793,5.903815294427346,0.0027371387916906853,0.01046232515494605,0.055607064046659715,0.006926587338694752,72618.73349810175,57581.430268106444
259,SPINE_LONGERON,1,1.0,3.992269482716438,-0.12252550451084332,0.06867297004573913,-0.35536020906512533,0.004836267621407514,104005.82419663749,1527675.42922377
260,SPINE_DIAGONAL,3,1.7023360590409793,-6.056444582674601,0.005645489860664044,0.056335430047963264,-0.006124997040338087,0.007057809613293615,71268.57021654185,56130.31276870404
261,SPINE_LONGERON,1,1.0,-23.794879768189276,-0.01755546412710629,-0.053934498096843475,-0.1016137198737681,0.009266046516761071,54284.20838273783,256311.1078938602
262,SPINE_DIAGONAL,3,1.7023360590409793,6.034320046761593,0.0029754914732074145,-0.017671456102132277,-0.05409750001156155,0.007046628056805752,71381.65885088743,56336.11178351202
263,SPINE_LONGERON,1,1.0,-4.151515609321905,0.12304667963119087,-0.3536959800544821,-0.06883061468499818,0.004876256853926538,103152.89269369932,1469076.0121174075
264,SPINE_DIAGONAL,3,1.7023360590409793,5.925910793798437,-0.005877992414513478,-0.02646605882861497,-0.049202633371847604,0.006921162787578283,72675.6493724951,57366.730705364644
265,SPINE_FRAME,2,1.3776603565143233,3.340921207111478,0.04638517515240834,-0.1661967764938952,-0.11290958489620806,0.005146680446570201,97732.89894755448,428669.5055416184
266,SPINE_FRAME,2,1.3776603565143233,0.6371769084221341,-0.026403345464893736,-0.11924369382327082,-0.13890029174969598,0.0034441750004366813,146043.68243083626,2247650.5707849255
267,SPINE_FRAME,2,1.3776603565143233,-3.381484937731784,-0.04586139168879691,0.16918439089602044,0.11487809981183972,0.005226185459264088,96246.10605970125,423527.2574854748
268,SPINE_FRAME,2,1.3776603565143233,-0.67484754242696,0.02692740740213028,-0.11654887845078798,-0.13715756195475493,0.0034124082311418453,147403.23136299796,2122184.5703927837
269,SPINE_FRAME,2,1.3776603565143233,3.340921207098745,0.04638517515261192,0.16619677649422604,0.11290958489417235,0.005146680446549569,97732.89894794628,428669.5055432521
270,SPINE_FRAME,2,1.3776603565143233,0.6371769084307743,-0.026403345465540025,0.11924369382334898,0.1389002917471025,0.003444175000409886,146043.68243197247,2247650.570754447
271,SPINE_FRAME,2,1.3776603565143233,-3.3814849377313294,-0.04586139168814604,-0.16918439089602666,-0.11487809981418451,0.005226185459284822,96246.10605931943,423527.25748553174
272,SPINE_FRAME,2,1.3776603565143233,-0.6748475424365097,0.026927407402184283,0.11654887845037987,0.13715756195614404,0.0034124082311601193,147403.23136220858,2122184.5703627532
273,SPINE_LONGERON,1,1.5,16.693322418294883,0.019978431943981967,0.05283099167776584,-0.15252665578871127,0.0072508122714271634,69371.53813540886,162377.4223478797
274,SPINE_DIAGONAL,3,2.036651187098854,-4.201087693300906,0.00887273971518493,0.03668277620054125,0.026226873247269245,0.005109454970389654,98444.9423500136,56534.13485226775
275,SPINE_LONGERON,1,1.5,-1.7917605744851244,-0.10531958073429504,0.20081014251969265,-0.061394337361143414,0.0027024501036145517,186127.39577586757,1512824.148105677
276,SPINE_DIAGONAL,3,2.036651187098854,-3.145176593310225,-0.015920891340108656,0.02728180651029649,-0.048223921641877054,0.004623677914251644,108787.85445880525,75513.99774640557
277,SPINE_LONGERON,1,1.5,-16.74412564335944,-0.020071748978926607,-0.15282797839492246,-0.05245579075402418,0.00726983443975074,69190.02133661331,161884.7542379618
278,SPINE_DIAGONAL,3,2.036651187098854,4.236180112786087,-0.00891366026557161,0.033520557599886924,-0.030315975149242447,0.005142229180315956,97817.49944662987,56065.807367919406
279,SPINE_LONGERON,1,1.5,1.7409643777882593,0.10526380816492775,-0.059464671763258536,-0.19994462541109215,0.002673491191782198,188143.5037250641,1556963.8869626943
280,SPINE_DIAGONAL,3,2.036651187098854,3.1802786301323067,0.01587655950317146,-0.05316996579929245,-0.01633229819641427,0.004660164543480217,107936.10296523113,74680.5188479335
281,SPINE_LONGERON,1,1.5,16.693322418274875,0.01997843194401394,-0.05283099167819927,0.15252665578699742,0.007250812271406565,69371.53813560592,162377.42234807432
282,SPINE_DIAGONAL,3,2.036651187098854,-4.201087693300451,0.008872739715011235,-0.03668277620044219,-0.026226873248264726,0.00510945497040686,98444.9423496821,56534.13485227387
283,SPINE_LONGERON,1,1.5,-1.7917605744833054,-0.10531958073420178,-0.20081014251488938,0.061394337355082484,0.00270245010355761,186127.39577978937,1512824.148107213
284,SPINE_DIAGONAL,3,2.036651187098854,-3.145176593297265,-0.01592089133994906,-0.02728180651012163,0.04822392164199196,0.0046236779142409265,108787.85445905739,75513.99774671673
285,SPINE_LONGERON,1,1.5,-16.74412564334034,-0.02007174897889552,0.15282797839407025,0.05245579075349127,0.007269834439735072,69190.02133676244,161884.75423814647
286,SPINE_DIAGONAL,3,2.036651187098854,4.236180112768579,-0.00891366026558349,-0.03352055760001371,0.030315975149034696,0.00514222918029986,97817.49944693605,56065.80736815112
287,SPINE_LONGERON,1,1.5,1.740964377761884,0.1052638081647661,0.05946467175826342,0.19994462540281432,0.002673491191690766,188143.50373149847,1556963.8869862822
288,SPINE_DIAGONAL,3,2.036651187098854,3.1802786301450396,0.01587655950302508,0.05316996579902622,0.01633229819597093,0.004660164543476492,107936.10296531742,74680.5188476345
289,SPINE_FRAME,2,1.3776603565143233,0.765716237471679,0.024836869810921553,-0.28478387150041273,-0.09116858296201613,0.005462237091988255,92086.81196533487,1870341.7425687723
290,SPINE_FRAME,2,1.3776603565143233,1.0895508652060926,-0.021613690804347573,-0.37636659149831875,-0.07334755589792863,0.007050824798795835,71339.17156555984,1314441.6544840129
291,SPINE_FRAME,2,1.3776603565143233,-0.7569363367433652,-0.024880253013854645,0.28662202843933304,0.09137892474314313,0.005488463366842942,91646.78096217925,1892036.321135877
292,SPINE_FRAME,2,1.3776603565143233,-1.0807298776899188,0.02156978814944982,-0.3744733325789693,-0.07299702758344395,0.007013759587390805,71716.17357747523,1325170.212715165
293,SPINE_FRAME,2,1.3776603565143233,0.7657162374639483,0.024836869810685655,0.2847838715008484,0.09116858296242825,0.005462237091993225,92086.8119652511,1870341.7425876553
294,SPINE_FRAME,2,1.3776603565143233,1.0895508652115495,-0.021613690804360784,0.3763665914983294,0.07334755589805297,0.007050824798799199,71339.1715655258,1314441.6544774296
295,SPINE_FRAME,2,1.3776603565143233,-0.7569363367442747,-0.024880253014098394,-0.286622028439683,-0.09137892474289444,0.005488463366847997,91646.78096209484,1892036.3211336036
296,SPINE_FRAME,2,1.3776603565143233,-1.080729877693102,0.021569788149530297,0.37447333257864956,0.07299702758278315,0.007013759587385035,71716.17357753422,1325170.2127112618
297,SPINE_LONGERON,1,2.5,-10.731036057942674,-0.017621012031828975,-0.031228747492949793,0.15947470458079283,0.005207089944201378,96599.0611627789,90934.62308995437
298,SPINE_DIAGONAL,3,2.854461080118482,-3.913238829022191,-0.016570086009627782,-0.023701078331041625,0.053723490337503454,0.005377502359858206,93537.84830570733,30897.34775970244
299,SPINE_LONGERON,1,2.5,3.590631075613146,-0.017015686160675614,0.006828074106948634,0.1557353198140028,0.0026874027370674077,187169.56452492566,271769.1399490527
300,SPINE_DIAGONAL,3,2.854461080118482,2.613249106263936,-0.015468598496643449,-0.039144376563729266,0.022911960692845845,0.0038255985087426257,131482.69449878132,46267.57574593722
301,SPINE_LONGERON,1,2.5,10.745667821790903,0.01759787207898178,0.15998449947982313,0.031023333205713044,0.005216401995741539,96426.61750582661,90810.80259291819
302,SPINE_DIAGONAL,3,2.854461080118482,3.9240478837865,0.01657057005785928,0.05583321394400198,0.018569379163463573,0.005390745535130662,93308.05854626714,30812.238929765266
303,SPINE_LONGERON,1,2.5,-3.605254654442888,0.01704085602537253,0.15524336436778263,-0.007034738054301215,0.002687973467734901,187129.8232805354,270666.794117077
304,SPINE_DIAGONAL,3,2.854461080118482,-2.60243118441025,0.015469082710112325,0.026403385731267104,0.036721432869665005,0.0038121271237304376,131947.3311550478,46459.90322102182
305,SPINE_LONGERON,1,2.5,-10.731036057942674,-0.01762101203185784,0.031228747493027953,-0.15947470457823132,0.005207089944178199,96599.06116320891,90934.62308995437
306,SPINE_DIAGONAL,3,2.854461080118482,-3.9132388290072413,-0.016570086009656093,0.02370107833106294,-0.05372349033725321,0.005377502359838076,93537.84830605747,30897.347759820477
307,SPINE_LONGERON,1,2.5,3.5906310755958657,-0.017015686160640975,-0.006828074106344673,-0.1557353198131608,0.002687402737053405,187169.5645259009,271769.13995036064
308,SPINE_DIAGONAL,3,2.854461080118482,2.6132491062542726,-0.01546859849665394,0.039144376563712724,-0.02291196069276813,0.003825598508732813,131482.69449911854,46267.575746108305
309,SPINE_LONGERON,1,2.5,10.745667821763163,0.017597872078973786,-0.15998449947994542,-0.031023333205137504,0.005216401995732083,96426.61750600142,90810.8025931526
310,SPINE_DIAGONAL,3,2.854461080118482,3.9240478837913315,0.016570570057850453,-0.05583321394401641,-0.018569379163401845,0.005390745535134416,93308.05854620216,30812.238929727326
311,SPINE_LONGERON,1,2.5,-3.6052546544633515,0.017040856025421824,-0.155243364366358,0.007034738055644141,0.002687973467729331,187129.82328092316,270666.7941155407
312,SPINE_DIAGONAL,3,2.854461080118482,-2.6024311844024623,0.015469082710072524,-0.026403385731138762,-0.03672143286953755,0.0038121271237175217,131947.33115549487,46459.90322116084
313,SPINE_FRAME,2,1.3776603565143233,0.6296121672385198,-0.00041041046927342,-0.38371245489755257,-0.06982748635053682,0.006920595603014203,72681.6055804392,2274655.917447405
314,SPINE_FRAME,2,1.3776603565143233,0.5393401410469778,0.009672047894641763,-0.29973919408512817,-0.09616158126640784,0.005603387472687179,89767.12791178434,2655376.325459225
315,SPINE_FRAME,2,1.3776603565143233,-0.6315571037816881,0.00046555585437019643,0.3843896687637387,0.06997579068960391,0.0069333110701293695,72548.30987853174,2267650.911264295
316,SPINE_FRAME,2,1.3776603565143233,-0.5413016541560864,-0.009616819934649582,-0.29909722696629304,-0.09603070808896064,0.005593348565879792,89928.2413880605,2645754.0465838253
317,SPINE_FRAME,2,1.3776603565143233,0.6296121672367008,-0.0004104104692705594,0.38371245489830574,0.0698274863502455,0.006920595603024933,72681.6055803265,2274655.9174539763
318,SPINE_FRAME,2,1.3776603565143233,0.5393401410437946,0.009672047894614004,0.299739194084613,0.09616158126600638,0.0056033874726751755,89767.12791197664,2655376.3254748974
319,SPINE_FRAME,2,1.3776603565143233,-0.6315571037803238,0.0004655558544092069,-0.38438966876365344,-0.06997579068980286,0.00693331107012786,72548.30987854753,2267650.9112691935
320,SPINE_FRAME,2,1.3776603565143233,-0.5413016541542675,-0.009616819934598312,0.29909722696587115,0.09603070808888958,0.0055933485658716834,89928.24138819087,2645754.046592716
321,SPINE_LONGERON,1,2.5,-6.07076004300734,0.001750742224676305,0.029489163622617554,0.0413806298532553,0.0025630268014748244,196252.3371626712,160741.44133200208
322,SPINE_DIAGONAL,3,2.854461080118482,-2.4660525054937352,0.015599092672633985,0.018133290805532387,0.029387622312226358,0.0033200658597949055,151503.0186874282,49029.24844370332
323,SPINE_LONGERON,1,2.5,-1.5923843884525013,0.024593631438495578,0.09940719610797366,-0.02235332237048837,0.0015073574154265237,333696.57046976517,612806.0073749174
324,SPINE_DIAGONAL,3,2.854461080118482,-2.057623230210993,-0.016786719165599817,0.018436018032971235,-0.026696215666918488,0.002917948621383359,172381.37653072682,58761.34133393856
325,SPINE_LONGERON,1,2.5,6.073309056423568,-0.0017420223050890193,0.0413502489265587,-0.029460158592861774,0.002563518619269681,196214.68563520684,160673.97694204721
326,SPINE_DIAGONAL,3,2.854461080118482,2.468580509814956,-0.015601130528596518,0.030964488439199078,-0.015306852089045697,0.003322482882598082,151392.80404860026,48979.03896038322
327,SPINE_LONGERON,1,2.5,1.58983568842541,-0.024602234432941295,-0.022314403846213082,-0.09940840316393107,0.0015064284106880452,333902.35900440835,613788.409958385
328,SPINE_DIAGONAL,3,2.854461080118482,2.0601516514773266,0.016784733778109406,-0.028327963510081468,-0.015866016692962726,0.0029208866385297765,172207.9841664736,58689.22362116704
329,SPINE_LONGERON,1,2.5,-6.070760042992333,0.0017507422246749726,-0.029489163622400838,-0.04138062985372981,0.002563026801472074,196252.3371628818,160741.44133239944
330,SPINE_DIAGONAL,3,2.854461080118482,-2.4660525054987374,0.01559909267263937,-0.018133290805502522,-0.02938762231227665,0.003320065859799995,151503.01868719596,49029.24844360387
331,SPINE_LONGERON,1,2.5,-1.5923843884470443,0.024593631438520003,-0.09940719610797544,0.0223533223705914,0.0015073574154249095,333696.5704701225,612806.0073770174
332,SPINE_DIAGONAL,3,2.854461080118482,-2.0576232302053086,-0.016786719165593933,-0.01843601803298478,0.02669621566692626,0.0029179486213791886,172381.37653097315,58761.34133410089
333,SPINE_LONGERON,1,2.5,6.073309056416292,-0.0017420223051232142,-0.04135024892652206,0.029460158592847563,0.0025635186192668226,196214.68563542565,160673.9769422397
334,SPINE_DIAGONAL,3,2.854461080118482,2.4685805098044966,-0.015601130528597296,-0.030964488439190585,0.015306852089035261,0.003322482882589074,151392.80404901074,48979.03896059074
335,SPINE_LONGERON,1,2.5,1.5898356884058558,-0.024602234432876458,0.02231440384626815,0.09940840316367527,0.0015064284106791133,333902.3590063881,613788.4099659343
336,SPINE_DIAGONAL,3,2.854461080118482,2.060151651481874,0.01678473377809614,0.028327963510079587,0.0158660166929393,0.0029208866385329493,172207.98416628654,58689.22362103749
337,SPINE_FRAME,2,1.3776603565143233,0.30623970065698813,-0.013030834194251016,-0.2516046029205756,-0.062084640890031295,0.004545412662612894,110661.01965555192,4676568.840792144
338,SPINE_FRAME,2,1.3776603565143233,0.5586478916857232,0.00512082379418348,-0.30178850902253895,-0.032562265995515816,0.005421630162891586,92776.5238290855,2563602.339184455
339,SPINE_FRAME,2,1.3776603565143233,-0.3057105288130515,0.013042154052935072,0.25175278462865913,0.06209695688614403,0.0045476326715144875,110606.99848312222,4684663.781343871
340,SPINE_FRAME,2,1.3776603565143233,-0.5581154887154298,-0.005109506986660971,-0.3016376251778965,-0.03254785945823002,0.005418792271176583,92825.1120965712,2566047.8357306523
341,SPINE_FRAME,2,1.3776603565143233,0.3062397006583524,-0.013030834194253457,0.25160460292048237,0.06208464088976129,0.004545412662610963,110661.01965559892,4676568.84077131
342,SPINE_FRAME,2,1.3776603565143233,0.5586478916839042,0.005120823794169674,0.3017885090223791,0.03256226599530265,0.0054216301628875795,92776.52382915407,2563602.3391928026
343,SPINE_FRAME,2,1.3776603565143233,-0.305710528812142,0.013042154052924342,-0.2517527846283709,-0.06209695688610495,0.004547632671509127,110606.9984832526,4684663.781357807
344,SPINE_FRAME,2,1.3776603565143233,-0.5581154887131561,-0.00510950698664424,0.3016376251781039,0.0325478594580666,0.005418792271178614,92825.11209653641,2566047.8357411064
345,SPINE_LONGERON,1,2.5,-2.7485798995207915,0.0023913727359690107,-0.00962022477580149,0.03566217371156294,0.0012898667366483684,389962.76569392864,355027.96169900656
346,SPINE_DIAGONAL,3,2.854461080118482,-1.5882897155777869,-0.01019002316798745,-0.011068792070193734,0.02134107808923691,0.00220294338129562,228330.87961805443,76125.09215491918
347,SPINE_LONGERON,1,2.5,1.4709509423855707,0.03713488874078763,-0.011544936055743804,0.05338982617305987,0.0010568047889038857,475963.02106248954,663395.8286271255
348,SPINE_DIAGONAL,3,2.854461080118482,1.0858703123731175,-0.014536434946898658,-0.017631975361906305,0.009970462219082599,0.0016892446142516694,297766.22980256035,111347.27562707671
349,SPINE_LONGERON,1,2.5,2.748618128320686,-0.002392276614335387,0.0356626245165616,0.009615570598032974,0.0012898728046890754,389960.9311642542,355023.0238384995
350,SPINE_DIAGONAL,3,2.854461080118482,1.5885838228088573,0.010190601449463765,0.02228643325626689,0.009023077633771859,0.002203291644828082,228294.78847283876,76110.99850764214
351,SPINE_LONGERON,1,2.5,-1.4709890761369024,-0.037133984818833454,0.053386837935855525,0.01154849957205073,0.0010567960387330884,475966.961991084,663378.6308300964
352,SPINE_DIAGONAL,3,2.854461080118482,-1.0855761160045745,0.014537027641270572,0.011574131476007388,0.016616024612957636,0.0016888062299900454,297843.5246552619,111377.45127635058
353,SPINE_LONGERON,1,2.5,-2.7485798995221558,0.002391372735974784,0.009620224775876096,-0.035662173711284495,0.0012898667366465241,389962.7656944862,355027.96169883036
354,SPINE_DIAGONAL,3,2.854461080118482,-1.5882897155682372,-0.010190023167980677,0.01106879207018352,-0.021341078089185173,0.0022029433812859565,228330.87961905604,76125.09215537689
355,SPINE_LONGERON,1,2.5,1.470950942374202,0.03713488874079918,0.011544936055791766,-0.053389826172663746,0.0010568047888967979,475963.0210656818,663395.8286322528
356,SPINE_DIAGONAL,3,2.854461080118482,1.0858703123640225,-0.014536434946892274,0.017631975361885432,-0.009970462219039078,0.0016892446142429823,297766.2298040916,111347.27562800932
357,SPINE_LONGERON,1,2.5,2.748618128306134,-0.0023922766143678054,-0.03566262451659119,-0.009615570597759415,0.0012898728046836711,389960.93116588803,355023.0238403791
358,SPINE_DIAGONAL,3,2.854461080118482,1.5885838228105627,0.01019060144946371,-0.022286433256244464,-0.009023077633732335,0.0022032916448282147,228294.78847282502,76110.99850756043
359,SPINE_LONGERON,1,2.5,-1.4709890761459974,-0.03713398481880992,-0.05338683793580756,-0.011548499571865989,0.0010567960387352752,475966.96199009905,663378.6308259949
360,SPINE_DIAGONAL,3,2.854461080118482,-1.0855761160012207,0.014537027641265243,-0.011574131476007388,-0.01661602461295697,0.0016888062299873035,297843.5246557455,111377.45127669466
361,SPINE_FRAME,2,1.3776603565143233,0.3391628359972856,-0.008383721011082479,-0.20063165231451352,-0.02319329140616233,0.0035925931384327304,140010.28800590368,4222606.04613368
362,SPINE_FRAME,2,1.3776603565143233,0.20341074496036526,0.013235695021197605,-0.1694632961872169,-0.03565028516057822,0.0030402671982849338,165445.9845778525,7040685.300007331
363,SPINE_FRAME,2,1.3776603565143233,-0.3392422917154363,0.008386952109592963,0.20065685171237968,0.023192617236663438,0.003593057254561847,139992.20284101428,4221617.047403108
364,SPINE_FRAME,2,1.3776603565143233,-0.20349099105442292,-0.013232462233375613,-0.1694392862225258,-0.035651025651237234,0.0030399107468077513,165465.38431373573,7037908.825766938
365,SPINE_FRAME,2,1.3776603565143233,0.3391628359963761,-0.008383721011073635,0.20063165231431146,0.023193291405945615,0.0035925931384284482,140010.28800607056,4222606.046145004
366,SPINE_FRAME,2,1.3776603565143233,0.20341074496309375,0.013235695021185502,0.16946329618710054,0.03565028516038993,0.0030402671982837316,165445.98457791793,7040685.2999128895
367,SPINE_FRAME,2,1.3776603565143233,-0.3392422917163458,0.008386952109593629,-0.20065685171221892,-0.023192617236684754,0.003593057254559651,139992.20284109985,4221617.04739179
368,SPINE_FRAME,2,1.3776603565143233,-0.20349099105442292,-0.013232462233375956,0.16943928622272963,0.03565102565123368,0.003039910746811108,165465.38431355305,7037908.825766938
369,SPINE_LONGERON,1,2.5,1.0150638951031397,0.00146011832348103,0.0036007191627938084,0.027556874222114336,0.0006077608810683435,827628.127555378,961341.1766503373
370,SPINE_DIAGONAL,3,2.854461080118482,-0.8007646286989711,0.006957707846960981,0.006462180262345685,0.01202619324861598,0.0011742295930247263,428365.9711763099,150991.56060815745
371,SPINE_LONGERON,1,2.5,-0.5404126300345524,0.03561441929436837,0.027517538757040327,-0.010472767161093799,0.0005413650428565135,929132.7665818977,1805699.321334025
372,SPINE_DIAGONAL,3,2.854461080118482,-0.7344764506544834,-0.009359679516456942,0.00618204507902842,-0.008146580403941894,0.0010186150607316025,493807.7389497157,164618.89398813134
373,SPINE_LONGERON,1,2.5,-1.0148827381667616,-0.0014603851839418702,0.02755776221532552,-0.0036003277310108217,0.0006077062282081884,827702.5586574733,961512.7763985906
374,SPINE_DIAGONAL,3,2.854461080118482,0.80072349271245,-0.006957831798664493,0.012578088883459619,-0.005307957960678844,0.0011741885662312744,428380.93851863185,150999.31757652233
375,SPINE_LONGERON,1,2.5,0.5405937901600737,-0.03561468759386566,-0.010469821706898585,-0.027515118134108008,0.0005413930745742007,929084.6588601149,1805094.2076208065
376,SPINE_DIAGONAL,3,2.854461080118482,0.7344353217283697,0.00935955885671036,-0.008690070847166928,-0.005392546561599043,0.0010186022431721165,493813.9527688105,164628.11276904706
377,SPINE_LONGERON,1,2.5,1.0150638950981374,0.0014601183234685955,-0.0036007191626517,-0.027556874222068373,0.000607760881066025,827628.1275585353,961341.1766550748
378,SPINE_DIAGONAL,3,2.854461080118482,-0.8007646287007901,0.006957707846963146,-0.006462180262337469,-0.012026193248624084,0.0011742295930263357,428365.97117572284,150991.56060781446
379,SPINE_LONGERON,1,2.5,-0.5404126300322787,0.03561441929433995,-0.02751753875686802,0.010472767160994323,0.0005413650428541805,929132.7665859017,1805699.3213416224
380,SPINE_DIAGONAL,3,2.854461080118482,-0.7344764506472075,-0.009359679516451003,-0.006182045079012766,0.00814658040393812,0.001018615060725341,493807.73895275116,164618.89398976212
381,SPINE_LONGERON,1,2.5,-1.0148827381653973,-0.0014603851839694038,-0.027557762215201176,0.0036003277309610837,0.0006077062282065187,827702.5586597475,961512.7763998832
382,SPINE_DIAGONAL,3,2.854461080118482,0.8007234927090394,-0.006957831798659164,-0.012578088883433595,0.00530795796066319,0.001174188566227404,428380.93852004386,150999.3175771655
383,SPINE_LONGERON,1,2.5,0.5405937901582547,-0.03561468759387987,0.0104698217068524,0.02751511813392682,0.0005413930745722657,929084.6588634355,1805094.2076268804
384,SPINE_DIAGONAL,3,2.854461080118482,0.7344353217267781,0.009359558856710415,0.008690070847160919,0.005392546561580724,0.0010186022431703447,493813.95276966953,164628.11276940382
385,SPINE_FRAME,2,1.3776603565143233,0.10178143069651924,-0.009651098704956944,-0.09349301793939979,-0.015492171360172335,0.001661557210411896,302728.06548461097,14070848.013290515
386,SPINE_FRAME,2,1.3776603565143233,0.2102058802420288,0.006212055391271032,-0.11298664311923767,-0.00614622568271983,0.0020239249862600514,248526.99749978294,6813087.437216412
387,SPINE_FRAME,2,1.3776603565143233,-0.10177655840152511,0.009651625383705231,0.09349446019218943,0.015490795959035353,0.0016615755946910048,302724.71599075245,14071521.619506083
388,SPINE_FRAME,2,1.3776603565143233,-0.2102007643206889,-0.006211528572560096,-0.1129852506238147,-0.006147668323546185,0.0020238998553731968,248530.08347453506,6813253.255925603
389,SPINE_FRAME,2,1.3776603565143233,0.10178143069606449,-0.009651098704946468,0.09349301793947928,0.015492171360051543,0.0016615572104126412,302728.06548447517,14070848.013353383
390,SPINE_FRAME,2,1.3776603565143233,0.2102058802402098,0.006212055391273471,0.11298664311914886,0.006146225682659434,0.002023924986257573,248526.9975000873,6813087.437275369
391,SPINE_FRAME,2,1.3776603565143233,-0.10177655840107036,0.009651625383704699,-0.09349446019219032,-0.015490795959028247,0.0016615755946907684,302724.7159907955,14071521.619568957
392,SPINE_FRAME,2,1.3776603565143233,-0.21020076432023416,-0.006211528572560656,0.11298525062376452,0.006147668323507105,0.002023899855372082,248530.0834746719,6813253.255940343
393,SPINE_LONGERON,1,1.0,0.025046840210961818,-0.010935410951182334,0.005473394434474699,0.013880882014832618,0.00017139152715294512,2934800.8525015158,243499457.18568507
394,SPINE_DIAGONAL,3,1.7023360590409793,-0.2979102054707994,-0.006535220859159696,-0.012445087486445239,0.014284680672494332,0.0009494022786354869,529807.0283999409,1141116.0895096285
395,SPINE_LONGERON,1,1.0,0.24134481804230745,0.024057901803269388,-0.012510452393044602,0.006196656271328038,0.00028750096596965143,1749559.3390566092,25270449.330785565
396,SPINE_DIAGONAL,3,1.7023360590409793,0.1918581416032339,-0.005604581797891917,-0.018154989955609935,0.0043706136776435756,0.0008478284374509747,593280.4064844614,1771882.7350828382
397,SPINE_LONGERON,1,1.0,-0.02493926765600918,0.010935345594594637,0.013881670855081074,-0.005473511319635804,0.0001713656354441107,2935244.272846342,244549763.03669643
398,SPINE_DIAGONAL,3,1.7023360590409793,0.29787279336972006,0.006535311265051247,0.017853278044984044,0.006339413777308067,0.000949368328274071,529825.9748294342,1141259.410925462
399,SPINE_LONGERON,1,1.0,-0.24123724121818668,-0.024057968157684684,0.006197027445367098,0.012510673949094553,0.0002874763993970528,1749708.849335048,25281718.381407198
400,SPINE_DIAGONAL,3,1.7023360590409793,-0.19189555373523604,0.005604673637507718,0.010723656442906737,0.015287459670281223,0.0008478568393621884,593260.5324955431,1771537.287210353
401,SPINE_LONGERON,1,1.0,0.02504684021732828,-0.010935410951177005,-0.0054733944344036445,-0.013880882014799534,0.00017139152715435292,2934800.8524774094,243499457.12379184
402,SPINE_DIAGONAL,3,1.7023360590409793,-0.29791020546826985,-0.006535220859155089,0.012445087486446127,-0.014284680672512096,0.0009494022786338982,529807.0284008274,1141116.0895193177
403,SPINE_LONGERON,1,1.0,0.24134481803139352,0.02405790180327294,0.01251045239300197,-0.006196656271072243,0.0002875009659658465,1749559.3390797635,25270449.33192833
404,SPINE_DIAGONAL,3,1.7023360590409793,0.19185814160135806,-0.0056045817978891965,0.018154989955583067,-0.004370613677634694,0.0008478284374484443,593280.4064862321,1771882.7351001622
405,SPINE_LONGERON,1,1.0,-0.02493926764873322,0.010935345594599966,-0.01388167085511871,0.005473511319763702,0.00017136563544263388,2935244.2728716377,244549763.1080431
406,SPINE_DIAGONAL,3,1.7023360590409793,0.29787279336918004,0.006535311265050137,-0.01785327804498249,-0.006339413777299185,0.0009493683282734706,529825.9748297693,1141259.4109275308
407,SPINE_LONGERON,1,1.0,-0.24123724122273416,-0.024057968157690013,-0.006197027445296044,-0.01251067394903771,0.0002874763993976742,1749708.8493312658,25281718.38093062
408,SPINE_DIAGONAL,3,1.7023360590409793,-0.19189555373327494,0.005604673637508328,-0.01072365644290496,-0.015287459670259906,0.0008478568393599521,593260.5324971079,1771537.2872284574
409,SPINE_FRAME,2,1.3776603565143233,0.15468636991454332,-0.00551195290351133,-0.08915492016816229,-0.003796739241362701,0.001590905989874799,316172.0448607935,9258417.808221744
410,SPINE_FRAME,2,1.3776603565143233,0.07051788462285913,0.006671344037879366,-0.0755900639222653,-0.0034397105378403126,0.0013200207676669399,381054.6108975416,20309047.124220412
411,SPINE_FRAME,2,1.3776603565143233,-0.15468138412552435,0.005512216237039493,0.08915393322777865,0.0037957645862647382,0.0015908862844611568,316175.9611060883,9258716.231448961
412,SPINE_FRAME,2,1.3776603565143233,-0.07051300151533724,-0.006671080641406566,-0.07559099034306493,-0.0034406182474171487,0.0013200343160144777,381050.6998929286,20310453.549399365
413,SPINE_FRAME,2,1.3776603565143233,0.1546863699163623,-0.005511952903517858,0.08915492016818405,0.003796739241312963,0.001590905989876061,316172.04486054264,9258417.808112873
414,SPINE_FRAME,2,1.3776603565143233,0.07051788462285913,0.006671344037874926,0.07559006392218182,0.00343971053779768,0.0013200207676654953,381054.6108979587,20309047.124220412
415,SPINE_FRAME,2,1.3776603565143233,-0.1546813841268886,0.005512216237043311,-0.0891539332277631,-0.003795764586243422,0.0015908862844615755,316175.96110600507,9258716.231367303
416,SPINE_FRAME,2,1.3776603565143233,-0.07051300151624673,-0.006671080641395182,0.0755909903430636,0.0034406182473709634,0.0013200343160148693,381050.69989281555,20310453.549137395
417,SPINE_LONGERON,1,1.5,-0.15754730817479867,0.0042397130942672945,-0.0029428823748318678,0.010905206826104297,0.00016272978784301104,3091013.677749369,17205109.348471805
418,SPINE_DIAGONAL,3,2.036651187098854,-0.0795144577236897,0.004703685332471341,0.004960071530792032,0.008863286768584555,0.0004548691710548801,1105812.4665461509,2986939.293538264
419,SPINE_LONGERON,1,1.5,0.012935436201587436,-0.019447013918442835,-0.005053034638955012,0.004715538626001603,0.0001707235137821879,2946284.2513992325,209549846.05560884
420,SPINE_DIAGONAL,3,2.036651187098854,-0.10680951191443455,-0.004536565272966753,0.004782454921115592,-0.008027593065452199,0.00044699620099150747,1125289.2057790812,2223630.217218311
421,SPINE_LONGERON,1,1.5,0.1576079090282292,-0.004239641229197844,0.010905135908372388,0.0029427974081599473,0.00016274925799602486,3090643.891060233,17198493.917074285
422,SPINE_DIAGONAL,3,2.036651187098854,0.07948454544953165,-0.004703705643719469,0.009720731359895152,-0.0029429597391115447,0.00045483496169112316,1105895.6376831594,2988063.3629600173
423,SPINE_LONGERON,1,1.5,-0.012996038586607028,0.019446942181978066,0.004715527939758601,0.0050531438622982705,0.00017073164777689558,2946143.884567305,208572685.1794827
424,SPINE_DIAGONAL,3,2.036651187098854,0.1067795993924392,0.004536545151206439,-0.00886642602676424,-0.0029488919847451,0.0004469639943725306,1125370.2900747866,2224253.1300983042
425,SPINE_LONGERON,1,1.5,-0.15754730817297968,0.004239713094270847,0.002942882374853184,-0.010905206826132108,0.0001627297878426984,3091013.6777553065,17205109.34867045
426,SPINE_DIAGONAL,3,2.036651187098854,-0.07951445772755505,0.004703685332473118,-0.004960071530789728,-0.008863286768583445,0.00045486917105786053,1105812.4665389054,2986939.293393063
427,SPINE_LONGERON,1,1.5,0.012935436203406425,-0.019447013918438394,0.005053034638876852,-0.004715538625980287,0.0001707235137821396,2946284.2514000656,209549846.02614182
428,SPINE_DIAGONAL,3,2.036651187098854,-0.10680951191193344,-0.0045365652729607575,-0.00478245492112217,0.00802759306544254,0.00044699620098931337,1125289.2057846047,2223630.217270381
429,SPINE_LONGERON,1,1.5,0.15760790903368616,-0.004239641229176527,-0.010905135908451824,-0.0029427974082167907,0.00016274925799865766,3090643.8910102355,17198493.91647881
430,SPINE_DIAGONAL,3,2.036651187098854,0.07948454544975903,-0.004703705643720579,-0.009720731359885493,0.0029429597390969453,0.0004548349616908544,1105895.637683813,2988063.3629514696
431,SPINE_LONGERON,1,1.5,-0.012996038584788039,0.019446942181964744,-0.00471552793973018,-0.005053143862312481,0.00017073164777651207,2946143.884573923,208572685.20867553
432,SPINE_DIAGONAL,3,2.036651187098854,0.10677959938993808,0.004536545151207605,0.008866426026757468,0.0029488919847519557,0.0004469639943704295,1125370.2900800765,2224253.1301504034
433,SPINE_FRAME,2,1.3776603565143233,0.019178070720499818,-0.00533504245553523,-0.053850320105451654,-0.0008516368999238466,0.0009244641310209708,544098.9900219176,74676491.85249534
434,SPINE_FRAME,2,1.3776603565143233,0.0935439237709943,0.00422160178616433,-0.05971375761326225,0.00029609234001881646,0.001059954545232003,474548.65141401254,15309931.25124883
435,SPINE_FRAME,2,1.3776603565143233,-0.019184367996786023,0.00533506671859218,0.053848591544902735,0.0008510803943053702,0.0009244380656889858,544114.331364225,74651979.2648845
436,SPINE_FRAME,2,1.3776603565143233,-0.09355021261944785,-0.0042215775091466986,-0.059715611845584604,0.000295496048529742,0.0010599889959690687,474533.22809275455,15308902.05169089
437,SPINE_FRAME,2,1.3776603565143233,0.019178070720499818,-0.005335042455528858,0.05385032010542501,0.0008516368998279233,0.0009244641310204881,544098.9900222018,74676491.85249534
438,SPINE_FRAME,2,1.3776603565143233,0.09354392377144904,0.004221601786169272,0.05971375761312103,-0.0002960923399797366,0.0010599545452298497,474548.65141497663,15309931.251174405
439,SPINE_FRAME,2,1.3776603565143233,-0.019184367994967033,0.005335066718588642,-0.053848591544871205,-0.0008510803941987888,0.0009244380656874984,544114.3313651005,74651979.27196272
440,SPINE_FRAME,2,1.3776603565143233,-0.09355021261944785,-0.004221577509142651,0.05971561184562191,-0.00029549604862211254,0.0010599889959697032,474533.22809247056,15308902.05169089
441,SPINE_LONGERON,1,2.5,-0.22353341041980457,-0.002129139648254341,0.001831537555027296,0.005059090500482866,0.00012809684451053522,3926716.5551344333,4365444.599360307
442,SPINE_DIAGONAL,3,2.854461080118482,-0.017020840764189415,0.0015155331003255945,-0.0010095534745193646,0.002769819520750172,0.0001289179661498687,3901705.984216788,7103568.069413605
443,SPINE_LONGERON,1,2.5,-0.004266115551672556,-0.015121789367177563,0.0014320337193058919,-0.0043080986663941445,0.00012914629777324553,3894807.738764336,228737995.36703825
444,SPINE_DIAGONAL,3,2.854461080118482,0.04401770390506954,0.0029874120560333117,0.0036934763447176167,-0.0016299527914300782,0.00020388862285463,2467033.1917373957,2746819.8074989617
445,SPINE_LONGERON,1,2.5,0.22355668093769054,0.002129102421518869,0.0050587872474437134,-0.0018314901425142693,0.00012810197761408727,3926559.2098453715,4364990.1904104
446,SPINE_DIAGONAL,3,2.854461080118482,0.01703635921626301,-0.001515534707950128,0.002852058547415881,0.000745774057775872,0.00012892609358744738,3901460.0225890465,7097097.415723029
447,SPINE_LONGERON,1,2.5,0.00424284323480606,0.015121826612730871,-0.004307850618710418,-0.0014318526451830849,0.00012914295593174552,3894908.524982539,229992640.61622387
448,SPINE_DIAGONAL,3,2.854461080118482,-0.04400218529747235,-0.002987413681884765,-0.001968517634633127,-0.0035245683623807977,0.00020387375187594616,2467213.1423081243,2747788.5507203396
449,SPINE_LONGERON,1,2.5,-0.22353341041662134,-0.0021291396482521208,-0.0018315375548993984,-0.005059090500451183,0.00012809684450877155,3926716.5551884975,4365444.599422473
450,SPINE_DIAGONAL,3,2.854461080118482,-0.017020840767202117,0.001515533100323485,0.0010095534745349077,-0.0027698195207528364,0.00012891796615243072,3901705.9841392483,7103568.068156268
451,SPINE_LONGERON,1,2.5,-0.004266115549853566,-0.015121789367170457,-0.0014320337191815469,0.004308098666379934,0.00012914629777281494,3894807.7387773218,228737995.46456772
452,SPINE_DIAGONAL,3,2.854461080118482,0.04401770390347792,0.0029874120560333672,-0.0036934763447120655,0.0016299527914251932,0.000203888622853231,2467033.1917543234,2746819.8075982826
453,SPINE_LONGERON,1,2.5,0.22355668093359782,0.0021291024214851184,-0.00505878724736239,0.0018314901424361096,0.00012810197761170558,3926559.209918375,4364990.190490311
454,SPINE_DIAGONAL,3,2.854461080118482,0.01703635922012836,-0.0015155347079486292,-0.0028520585474038906,-0.0007457740577767602,0.00012892609359003236,3901460.022510822,7097097.414112779
455,SPINE_LONGERON,1,2.5,0.004242843226620607,0.015121826612747302,0.004307850618843645,0.0014318526451351232,0.00012914295593126663,3894908.524996982,229992641.05993432
456,SPINE_DIAGONAL,3,2.854461080118482,-0.0440021853022472,-0.00298741368188421,0.0019685176346406763,0.0035245683623732482,0.00020387375187936834,2467213.1422667103,2747788.5504221665
457,SPINE_FRAME,2,1.3776603565143233,0.03690720225358746,-0.0033899890805317084,-0.024586473259022856,0.0014877527330305895,0.0004384409281074884,1147246.910025435,38804107.44942814
458,SPINE_FRAME,2,1.3776603565143233,0.00930122511135778,0.003834393983752029,-0.02216280766508172,0.00241267134716594,0.0003861092919452344,1302739.9508203114,153974452.26405457
459,SPINE_FRAME,2,1.3776603565143233,-0.03690507303008417,0.003389947564723466,0.02458577091809211,-0.0014879531164346815,0.0004384281981537152,1147280.2208393668,38806346.236966595
460,SPINE_FRAME,2,1.3776603565143233,-0.009299096357608505,-0.00383443549938996,-0.022163475594049853,0.002412475152429039,0.00038611906928465097,1302706.96273015,154009700.1720173
461,SPINE_FRAME,2,1.3776603565143233,0.03690720225085897,-0.0033899890805327453,0.024586473259052166,-0.0014877527330305895,0.0004384409281066014,1147246.9100277561,38804107.45229686
462,SPINE_FRAME,2,1.3776603565143233,0.009301225110903033,0.00383439398374886,0.02216280766505374,-0.002412671347130413,0.00038610929194446864,1302739.9508228954,153974452.27158254
463,SPINE_FRAME,2,1.3776603565143233,-0.03690507302917467,0.003389947564712106,-0.0245857709179913,0.0014879531165377102,0.000438428198151649,1147280.2208447736,38806346.237922944
464,SPINE_FRAME,2,1.3776603565143233,-0.009299096356244263,-0.003834435499390253,0.022163475594019655,-0.0024124751525604893,0.00038611906928369963,1302706.9627333598,154009700.1946116
465,SPINE_LONGERON,1,2.0,0.10468663218716756,-0.00023970600503453454,-0.0006972563844591662,-0.0005762756273415548,4.4501966378356284e-05,11302871.33209997,14564638.932795357
466,SPINE_DIAGONAL,3,2.4285691379722283,-0.09247980304530756,-0.0005840530098062402,0.0009770475943650103,0.002405391018905176,0.00017087384331983886,2943692.2013774384,1806167.2668305906
467,SPINE_LONGERON,1,2.0,0.07429168181488421,0.012000761030642515,-0.002865015553968675,-0.0032458385874640783,0.0001167633377929024,4307859.037844116,20523468.59902386
468,SPINE_DIAGONAL,3,2.4285691379722283,-0.06776904656499028,0.0011118130748157262,-0.001529017141491451,0.002566776381997496,0.00016709782983088508,3010212.643150853,2464753.476252458
469,SPINE_LONGERON,1,2.0,-0.10469106410755558,0.0002396950102889761,-0.0005762708022610391,0.0006972327534953138,4.4503290452662454e-05,11302535.045920577,14564022.363264991
470,SPINE_DIAGONAL,3,2.4285691379722283,0.0924854717859489,0.0005840483963576726,0.00251641707302952,-0.0006386399291357092,0.00017087635383040596,2943648.952734709,1806056.5608613954
471,SPINE_LONGERON,1,2.0,-0.07428724799638076,-0.012000750038661856,-0.0032458587901729175,0.0028650287611995395,0.00011676252921682926,4307888.86960408,20524693.53785635
472,SPINE_DIAGONAL,3,2.4285691379722283,0.0677747153160908,-0.0011118176973809457,0.0027519157782566195,0.0011633636556744875,0.00016710375663585105,3010105.8774886006,2464547.321583776
473,SPINE_LONGERON,1,2.0,0.10468663218489382,-0.00023970600503453454,0.0006972563844165336,0.0005762756272444346,4.450196637669521e-05,11302871.33252186,14564638.933111692
474,SPINE_DIAGONAL,3,2.4285691379722283,-0.09247980304212433,-0.0005840530098125685,-0.0009770475943717827,-0.0024053910189169025,0.00017087384331771507,2943692.2014140254,1806167.2668927605
475,SPINE_LONGERON,1,2.0,0.07429168181397472,0.01200076103063008,0.002865015553869199,0.003245838587428551,0.00011676333779215977,4307859.037871514,20523468.599275112
476,SPINE_DIAGONAL,3,2.4285691379722283,-0.06776904656339866,0.0011118130748141164,0.0015290171414888976,-0.0025667763819999384,0.0001670978298296117,3010212.643173792,2464753.476310345
477,SPINE_LONGERON,1,2.0,-0.10469106411210305,0.00023969501033160867,0.0005762708021700216,-0.000697232753541499,4.45032904540348e-05,11302535.045572042,14564022.362632371
478,SPINE_DIAGONAL,3,2.4285691379722283,0.09248547178367517,0.0005840483963600596,-0.0025164170730338498,0.0006386399291136158,0.00017087635382849554,2943648.952767619,1806056.560905797
479,SPINE_LONGERON,1,2.0,-0.0742872479968355,-0.01200075003866008,0.0032458587901729175,-0.002865028761295463,0.00011676252921723765,4307888.869589013,20524693.53773071
480,SPINE_DIAGONAL,3,2.4285691379722283,0.06777471531950141,-0.0011118176973732297,-0.0027519157782708303,-0.001163363655672378,0.00016710375663899846,3010105.8774319054,2464547.321459753
481,SPINE_FRAME,2,1.3776603565143233,-0.013006102889903559,-0.0038666221685693036,-0.0017646763798637721,0.0021541715522488403,7.810123525052116e-05,6440359.085058691,110113771.51396681
482,SPINE_FRAME,2,1.3776603565143233,0.056336091209686856,-0.0032034634435973396,0.0022308015462417785,0.002028954711498443,9.25170868020096e-05,5436833.534073991,25421555.013027407
483,SPINE_FRAME,2,1.3776603565143233,0.013004514888052654,0.003866568560242363,0.0017645121402485309,-0.002154314719870598,7.810018645644691e-05,6440445.571541642,110127217.68050818
484,SPINE_FRAME,2,1.3776603565143233,-0.056334506111397786,0.003203517050892713,0.0022306373022082937,0.0020288115754780733,9.251361379747967e-05,5437037.635359383,25422270.3057696
485,SPINE_FRAME,2,1.3776603565143233,-0.013006102885810833,-0.003866622168585413,0.0017646763797327658,-0.0021541715522452876,7.81012352482592e-05,6440359.085245215,110113771.54861712
486,SPINE_FRAME,2,1.3776603565143233,0.056336091211505845,-0.0032034634435856623,-0.00223080154618982,-0.0020289547115162065,9.251708680233483e-05,5436833.534054878,25421555.01220659
487,SPINE_FRAME,2,1.3776603565143233,0.01300451488714316,0.0038665685602386458,-0.0017645121400442498,0.002154314719934547,7.810018645515735e-05,6440445.571647985,110127217.68821013
488,SPINE_FRAME,2,1.3776603565143233,-0.056334506111852534,0.0032035170508705004,-0.0022306373020732906,-0.0020288115755100478,9.251361379637145e-05,5437037.635424513,25422270.305564385
489,RING1_SPOKE,5,10.2,-2.0882872939441697,-0.001664786441637037,0.0023285668383061786,0.16866661327564675,0.00453894530269076,110818.69607501407,9744.77733751671
490,RING1_HUB_LINK,6,0.7121802136903782,0.3786161055481898,-0.009247884477657509,0.2524988147072378,-0.005073689138669124,0.0038347161099062717,131170.07506777192,17826518.621077344
491,RING1_SPOKE,5,10.800000553501143,-0.8025091955223616,0.003625922778265494,0.19236512611776302,-0.0010188872216234657,0.004302519050001633,116908.25633876253,22618.559193159475
492,RING1_HUB_LINK,6,0.7121802136903782,-0.38321850722832096,-0.01622827557058565,-0.23313210553057218,0.002828517516576312,0.003560220391968378,141283.38827976346,17612424.578892548
493,RING1_SPOKE,5,10.800000553501143,0.6557667294228722,0.003124439963886585,0.17787545510815383,-0.007695974419748786,0.003933901223607905,127862.89523016615,27679.967475556754
494,RING1_SPOKE,5,10.2,1.9961905173367924,0.001599911626825235,0.002257170446835044,0.16919131282982097,0.004498457965449687,111816.09428459285,10194.364976445711
495,RING1_HUB_LINK,6,0.7121802136903782,-0.4048409804199764,0.008837205833093886,-0.24918474309932037,0.005413180561731679,0.0037991040438373584,132399.63796620193,16671748.617921164
496,RING1_SPOKE,5,10.800000553501143,0.821401159215501,-0.0036041776250073203,0.18985987529197035,-0.0014224368452213643,0.004262787717913459,117997.90026752902,22098.33957297242
497,RING1_HUB_LINK,6,0.7121802136903782,0.3534749039063172,0.016351345209551338,-0.23611119413892823,0.003126667063042987,0.0035893937034574843,140135.08730331954,19094444.842351276
498,RING1_SPOKE,5,10.800000553501143,-0.6273272715987694,-0.0030495730292794294,0.18013222790538463,-0.007977891890594724,0.0039635992274121784,126904.85872569086,28934.820091141934
499,RING1_SPOKE,5,10.2,-2.088287293942969,-0.0016647864415173569,-0.0023285668382997393,-0.1686666132744303,0.0045389453026656885,110818.69607562618,9744.777337522313
500,RING1_HUB_LINK,6,0.7121802136903782,0.3786161055481898,-0.009247884476750678,-0.2524988147054046,0.005073689139635462,0.0038347161098797006,131170.07506868083,17826518.621077344
501,RING1_SPOKE,5,10.800000553501143,-0.8025091955230934,0.0036259227783013315,-0.1923651261179149,0.0010188872226676304,0.004302519050005204,116908.25633866551,22618.559193138848
502,RING1_HUB_LINK,6,0.7121802136903782,-0.3832185072278662,-0.016228275571482764,0.23313210553222063,-0.0028285175175426502,0.0035602203919927874,141283.3882787948,17612424.578913447
503,RING1_SPOKE,5,10.800000553501143,0.655766729422762,0.003124439963851325,-0.1778754551080206,0.007695974420790508,0.00393390122360607,127862.89523022578,27679.9674755614
504,RING1_SPOKE,5,10.2,1.996190517338313,0.0015999116266929357,-0.002257170446836154,-0.16919131283104083,0.004498457965474976,111816.09428396427,10194.364976437946
505,RING1_HUB_LINK,6,0.7121802136903782,-0.40484098042134065,0.008837205833806983,0.24918474309789929,-0.0054131805616464135,0.003799104043817685,132399.63796688756,16671748.617864985
506,RING1_SPOKE,5,10.800000553501143,0.8214011592150747,-0.0036041776253147584,-0.18985987529206694,0.0014224368449168856,0.004262787717915193,117997.90026748103,22098.339572983892
507,RING1_HUB_LINK,6,0.7121802136903782,0.35347490390495295,0.016351345210296575,0.23611119413874349,-0.0031266670632135174,0.00358939370345474,140135.0873034267,19094444.84242497
508,RING1_SPOKE,5,10.800000553501143,-0.6273272715984248,-0.003049573029569012,-0.1801322279054024,0.007977891890956545,0.003963599227412732,126904.85872567317,28934.820091157828
509,RING1_CIRCUMFERENCE,4,6.211657042450509,1.1709056534818956,-0.003420732498844427,0.10626981422965631,-0.15995085161955735,0.0014354929665980586,350402.2741344725,269720.28048532415
510,RING1_CIRCUMFERENCE,4,6.211657301079158,0.015263420547853457,-0.005121367475508945,0.1468673223536916,-0.06989624462590616,0.000949076685313832,529988.7857151106,20691100.92263569
511,RING1_CIRCUMFERENCE,4,6.211657042450509,1.1629168956860667,0.004220140620884903,0.10076798326530234,-0.15929300526168877,0.0014127759664057883,356036.6342298921,271573.1471875051
512,RING1_CIRCUMFERENCE,4,6.211657042450509,-1.140893893356406,0.0035418423654652725,-0.10426926675730108,0.16023172957128917,0.0014222743112053617,353658.9222185368,276815.401605739
513,RING1_CIRCUMFERENCE,4,6.211657301079158,-0.029830301873516873,0.005152566663457871,-0.14654800986683902,0.06981887615796456,0.0009511962936717223,528807.7795786659,10587119.644962333
514,RING1_CIRCUMFERENCE,4,6.211657042450509,-1.1937035593127803,-0.004128293182594035,0.10268411361709928,-0.15897483978909666,0.0014256231633084967,352828.16170906567,264569.0371073416
515,RING1_CIRCUMFERENCE,4,6.211657042450509,1.1709056534764386,-0.0034207324987649626,-0.10626981422979309,0.15995085161882194,0.0014354929665934442,350402.2741355988,269720.2804865812
516,RING1_CIRCUMFERENCE,4,6.211657301079158,0.015263420553310425,-0.005121367475514166,-0.14686732235366495,0.06989624462753508,0.0009490766853192485,529988.785712086,20691100.91523822
517,RING1_CIRCUMFERENCE,4,6.211657042450509,1.1629168956860667,0.004220140621033389,-0.10076798326527348,0.15929300526191792,0.0014127759664068343,356036.6342296285,271573.1471875051
518,RING1_CIRCUMFERENCE,4,6.211657042450509,-1.1408938933582249,0.003541842365726605,0.1042692667573153,-0.16023172957133447,0.001422274311206141,353658.922218343,276815.40160529764
519,RING1_CIRCUMFERENCE,4,6.211657301079158,-0.029830301873516873,0.00515256666198677,0.14654800986687322,-0.06981887615537463,0.0009511962936652335,528807.7795822732,10587119.644962333
520,RING1_CIRCUMFERENCE,4,6.211657042450509,-1.1937035593127803,-0.004128293182691173,-0.10268411361718899,0.15897483978964644,0.001425623163311468,352828.16170833027,264569.0371073416
521,RING2_SPOKE,5,10.2,0.32226331854591983,-8.641626839468535e-05,0.010439388267570182,0.025035740326258993,0.0007223751897637894,696314.0583004751,63146.79184733695
522,RING2_HUB_LINK,6,0.7121802136903782,0.08069111057284317,-0.0006860320805663275,0.1025910760835842,0.0031887237565797477,0.0015232957497257268,330205.08334679354,83644988.99419193
523,RING2_SPOKE,5,10.800000553501143,0.0798449734930724,0.0008868102748286659,-0.016930619110607337,-0.00298227559478087,0.00038926461177197217,1292180.1386216248,227335.55974631535
524,RING2_HUB_LINK,6,0.7121802136903782,0.051135831582996616,0.006056430131683166,0.14854215770556323,-0.002603033963737289,0.0021751883892284344,231244.338417244,131989777.94738482
525,RING2_SPOKE,5,10.800000553501143,-0.03737401994322154,0.0006693723084804362,-0.034443824237495035,-0.004622407815682794,0.0007177231734572618,700827.3086363599,485674.32054547966
526,RING2_SPOKE,5,10.2,-0.33159617727694535,9.1031137552233e-05,0.010455803543217623,0.0248710398821671,0.0007246223075792271,694154.7268678368,61369.50933320091
527,RING2_HUB_LINK,6,0.7121802136903782,-0.0774400652235272,0.0006070701124603339,-0.0991784476394173,-0.0031152094514652617,0.001472367840271521,341626.586945312,87156525.97028084
528,RING2_SPOKE,5,10.800000553501143,-0.07670382340389637,-0.0008838354981397728,-0.017174757679077612,-0.0028891964535416315,0.00039202986744596126,1283065.5053835541,236645.33182912067
529,RING2_HUB_LINK,6,0.7121802136903782,-0.04822490854485295,-0.00600070413156914,0.14464565567409693,-0.0025308485640493927,0.002117434484999248,237551.62370474884,139956865.84904796
530,RING2_SPOKE,5,10.800000553501143,0.03955794328571205,-0.0006801495356631121,-0.03417458516357397,-0.004539184972502552,0.0007133630222070107,705110.8402616845,458861.1094079179
531,RING2_SPOKE,5,10.2,0.322263318546427,-8.641626865993541e-05,-0.010439388267580618,-0.0250357403106794,0.0007223751894757885,696314.0585780857,63146.791847237575
532,RING2_HUB_LINK,6,0.7121802136903782,0.08069111056965994,-0.0006860320908448139,-0.10259107608310103,-0.003188723762804102,0.0015232957497207627,330205.08334786963,83644988.99749169
533,RING2_SPOKE,5,10.800000553501143,0.07984497349209718,0.0008868102738423577,0.01693061911048488,0.002982275604072382,0.0003892646118006376,1292180.1385264688,227335.559749092
534,RING2_HUB_LINK,6,0.7121802136903782,0.05113583158254187,0.006056430133046187,-0.1485421577047248,0.0026030339696774263,0.0021751883892181982,231244.33841833225,131989777.9485586
535,RING2_SPOKE,5,10.800000553501143,-0.03737401994661438,0.0006693723062173086,0.03444382423751324,0.004622407821221752,0.0007177231734736376,700827.3086203695,485674.3205013898
536,RING2_SPOKE,5,10.2,-0.3315961772757774,9.103113446342611e-05,-0.010455803543202746,-0.02487103988132472,0.0007246223075627747,694154.7268835974,61369.50933341707
537,RING2_HUB_LINK,6,0.7121802136903782,-0.0774400652235272,0.0006070701149448812,0.09917844763887729,0.003115209458286472,0.0014723678402669708,341626.5869463677,87156525.97028084
538,RING2_SPOKE,5,10.800000553501143,-0.07670382340393722,-0.0008838355003967764,0.017174757679176866,0.0028891964602263953,0.00039202986747170234,1283065.5052993067,236645.33182899462
539,RING2_HUB_LINK,6,0.7121802136903782,-0.04822490854621719,-0.0060007041420872265,-0.14464565567331533,0.0025308485710127115,0.0021174344849950325,237551.62370522175,139956865.8450887
540,RING2_SPOKE,5,10.800000553501143,0.03955794328536699,-0.0006801495363879632,0.034174585163372795,0.004539184982611022,0.0007133630222297172,705110.8402392408,458861.1094119204
541,RING2_CIRCUMFERENCE,4,6.211657042450509,-0.17331616639421554,-0.0006803091308678752,-0.010020582946187684,-0.024813118476743057,0.00020282610971583673,2479956.849267151,1822201.6321353915
542,RING2_CIRCUMFERENCE,4,6.211657301079158,0.05214813140810293,-0.00038309724795002227,-0.019056511367515405,-0.015417045915752325,0.0001566187606906603,3211620.3562195315,6056151.322254178
543,RING2_CIRCUMFERENCE,4,6.211657042450509,-0.153496236735009,0.0008595458424953805,-0.018726764919724914,-0.025007960350186487,0.00022344899337769063,2251073.018484316,2057490.189966058
544,RING2_CIRCUMFERENCE,4,6.211657042450509,0.17576396459662647,0.00066105067834114,0.010224717364085034,0.024755933729522894,0.0002036345649776864,2470111.103461817,1796824.5197687712
545,RING2_CIRCUMFERENCE,4,6.211657301079158,-0.0528683347383776,0.0003806700064143617,0.01910633073290624,0.015404293832848026,0.00015699407755829012,3203942.5169605003,5973650.892223258
546,RING2_CIRCUMFERENCE,4,6.211657042450509,0.1511297938941425,-0.00087656430611769,-0.018509781751390175,-0.025067553471752824,0.000222329562553296,2262407.186086298,2089707.0864809083
547,RING2_CIRCUMFERENCE,4,6.211657042450509,-0.1733161663833016,-0.0006803091308585458,0.010020582946181467,0.024813118459123373,0.000202826109617975,2479956.850463708,1822201.6322501379
548,RING2_CIRCUMFERENCE,4,6.211657301079158,0.05214813139718899,-0.0003830972509845823,0.019056511367812945,0.015417045915416594,0.00015661876068798076,3211620.356274478,6056151.323521653
549,RING2_CIRCUMFERENCE,4,6.211657042450509,-0.153496236736828,0.0008595458362616031,0.0187267649198386,0.0250079603495168,0.00022344899337486477,2251073.0185127845,2057490.1899416759
550,RING2_CIRCUMFERENCE,4,6.211657042450509,0.1757639645929885,0.0006610506848437406,-0.010224717364259561,-0.02475593372722429,0.00020363456496527645,2470111.103612351,1796824.5198059622
551,RING2_CIRCUMFERENCE,4,6.211657301079158,-0.05286833473292063,0.00038067000289531295,-0.019106330732861387,-0.015404293833388927,0.00015699407755835075,3203942.5169592625,5973650.892839846
552,RING2_CIRCUMFERENCE,4,6.211657042450509,0.15112979389959946,-0.0008765643046759856,0.01850978175135598,0.025067553489417804,0.00022232956263703498,2262407.1852341774,2089707.0864054535
553,PROP_BOOM,6,1.4000000000000001,153.49277093115552,0.08520705518765376,-11.62805150555409,11.15693763639186,0.3055681657778653,1646.113883360674,11378.930131279987
554,PROP_BOOM,6,2.309573527890154,12.459593110300489,-0.5996458785320924,7.969364169669746,4.061869827686149,0.1355163025373367,3711.730548886664,51508.39083592097
555,PROP_BOOM,6,1.533797120124469,174.29962824116842,0.6288508164501843,5.175465572195662,-12.980374984517649,0.2845103412781429,1767.949796623587,8348.589966589181
556,PROP_BOOM,6,1.8717336298098084,6.470157408541127,-3.3609601342901696,-8.422581385405845,20.353094085879484,0.32452853579147883,1549.940743340966,151022.7920165106
557,PROP_BOOM,6,1.533797120124469,113.67919297141952,1.3163499548713142,6.989301997869937,-11.868831134897725,0.2534543638180353,1984.5781797670018,12800.549418751492
558,PROP_BOOM,6,2.7784885065375025,10.916975098504054,0.9051430970648178,-5.528126118916675,-3.753371291161299,0.10246582668820496,4908.953709323864,40618.68875389882
559,PROP_BOOM,6,1.4000000000000001,153.49277093113915,0.08520705518763283,11.628051505553714,-11.156937636391895,0.305568165777854,1646.1138833607347,11378.9301312812
560,PROP_BOOM,6,2.309573527890154,12.459593110299465,-0.5996458785320764,-7.969364169670071,-4.06186982768622,0.13551630253734093,3711.730548886548,51508.3908359252
561,PROP_BOOM,6,1.533797120124469,174.29962824116205,0.6288508164501816,-5.175465572195915,12.980374984517717,0.2845103412781421,1767.9497966235915,8348.589966589485
562,PROP_BOOM,6,1.8717336298098084,6.470157408541581,-3.3609601342901767,8.422581385405934,-20.353094085879583,0.3245285357914808,1549.9407433409567,151022.79201649997
563,PROP_BOOM,6,1.533797120124469,113.67919297143567,1.31634995487133,-6.989301997870729,11.868831134897725,0.25345436381804876,1984.5781797668967,12800.549418749673
564,PROP_BOOM,6,2.7784885065375025,10.916975098501098,0.905143097064832,5.52812611891682,3.753371291161205,0.10246582668820457,4908.953709323883,40618.688753909824
565,DOCK_LINK,7,1.0770329614269003,-0.053716780430931976,-0.0006407439454185759,0.0025464063638054313,0.022227328739447216,0.0003491589638340539,1440604.5729906072,54938584.33670335
566,DOCK_LINK,7,1.0770335194126097,0.0015635835416105692,0.007124506437481637,0.007492815548417298,0.0019404614893545613,0.00014380688497063766,3497746.3012476903,1887408466.2891276
567,DOCK_LINK,7,1.0770329614269003,0.053717208890248,0.0006407444265361661,0.0025463950842308236,0.022226673334792224,0.00034914972774721,1440642.6814234268,54938146.13544989
568,DOCK_LINK,7,1.0770335194126097,-0.0015631522603598569,-0.007124505957252669,0.006943126832688051,-0.0034205960185005324,0.00014380658381346533,3497753.6261653523,1887929211.391565
569,DOCK_LINK,7,1.0770329614269003,-0.05371678043115935,-0.0006407439454159114,-0.00254640636362069,-0.02222732873992328,0.0003491589638406983,1440604.5729631928,54938584.336470805
570,DOCK_LINK,7,1.0770335194126097,0.001563583542520064,0.007124506437514722,-0.007492815548378218,-0.0019404614894042993,0.0001438068849709436,3497746.3012402495,1887408465.1912727
571,DOCK_LINK,7,1.0770329614269003,0.053717208890930124,0.0006407444266691709,-0.0025463950830300064,-0.022226673334621694,0.0003491497277431418,1440642.6814402125,54938146.134752266
572,DOCK_LINK,7,1.0770335194126097,-0.0015631522619514726,-0.007124505957148974,-0.0069431268325246265,0.003420596018429478,0.0001438065838112278,3497753.626219775,1887929209.4692585
573,DOCK_RING,7,0.612293261803525,-0.0013788464561912406,-0.0037802097128578098,0.00570084350860256,-0.022750073987367614,0.0003433083396589849,1465155.2027534198,6622326072.8775625
574,DOCK_RING,7,0.612293261803525,0.0068006707670065225,0.003627062675769295,0.007649957148714748,-0.020748913127960122,0.00032638249971721634,1541136.5512422028,1342686795.1952605
575,DOCK_RING,7,0.612293261803525,0.0013788328064947564,0.00378049821611601,-0.005701225709819013,0.022748441519411244,0.0003432874695001867,1465244.2768515514,6622391630.311711
576,DOCK_RING,7,0.612293261803525,-0.006800687518534687,-0.0036267741724004612,0.007649585311792606,-0.020750539177811334,0.0003264020225605843,1541044.3723786573,1342683487.8744044
577,DOCK_RING,7,0.612293261803525,-0.0013788464575554826,-0.0037802097127196607,-0.005700843508662956,0.02275007398731077,0.0003433083396588034,1465155.2027541946,6622326066.325378
578,DOCK_RING,7,0.612293261803525,0.006800670765187533,0.0036270626757986995,-0.007649957150706044,0.020748913128016966,0.000326382499727053,1541136.5511957554,1342686795.5543919
579,DOCK_RING,7,0.612293261803525,0.001378832806040009,0.0037804982160791613,0.00570122570787035,-0.022748441519098606,0.00034328746948877507,1465244.276900259,6622391632.495816
580,DOCK_RING,7,0.612293261803525,-0.006800687519898929,-0.003626774172426105,-0.007649585311304108,0.020750539177697647,0.0003264020225573166,1541044.3723940854,1342683487.6050575
581,RING1_TORQUE_BRACE,8,10.977179919856466,-0.5251495995934761,0.0033116858577924213,0.05597896623343296,0.008231891464287808,0.003031572863127199,165920.47188373818,11197.163925276105
582,RING1_TORQUE_BRACE,8,10.977179919856466,-0.9204514421949952,-0.0038344237358238675,-0.06013368858843038,0.006360998415795627,0.0035724764852744437,140798.6874296693,6388.371925322661
583,RING1_TORQUE_BRACE,8,10.479871431130489,8.396658087634393,-0.0025904812105547207,-0.002225317319266895,0.052274956018105834,0.01012159646711969,49695.717630515166,768.341447697836
584,RING1_TORQUE_BRACE,8,10.271903773099885,-8.8512161280471,-0.0014216544036185956,-0.07972725432288769,-0.00031802147206713705,0.011773515750527612,42723.007354660294,758.6960272359667
585,RING1_TORQUE_BRACE,8,10.271903773099885,8.478100964450043,-0.0012262501980374882,-0.07969603825579458,-0.0037396788146989435,0.011430744351253817,44004.133461774676,792.085697105385
586,RING1_TORQUE_BRACE,8,10.479871431130489,-8.17816926957255,-0.003384484342345429,-0.0009542302327063545,-0.04930284635464935,0.009784521801309409,51407.72438492459,788.8685374708506
587,RING1_TORQUE_BRACE,8,10.977179919856466,0.49423029859868706,-0.0033475367972575863,0.05525665042102573,0.008226514831149084,0.0029709310275395423,169307.19540014808,11897.66424400449
588,RING1_TORQUE_BRACE,8,10.977179919856466,0.8759816399615374,0.0038451026226536847,-0.059324867807294235,0.006222428713834605,0.003494612111587555,143935.8601007921,6712.681960091593
589,RING1_TORQUE_BRACE,8,10.479871431130489,-8.27404263579514,0.00260840826485053,-0.0022261393255325612,0.052387900707678875,0.010013223512037853,50233.57357351462,779.7277237811525
590,RING1_TORQUE_BRACE,8,10.271903773099885,8.758789540340473,0.0014133642800033836,-0.07974277947125247,-0.000505987664724733,0.0116887324343849,43032.89538225019,766.7021203817175
591,RING1_TORQUE_BRACE,8,10.271903773099885,-8.570015988126215,0.0011981645088603842,-0.0797090686389445,-0.003869220799618059,0.01151665242554547,43675.88613547796,783.5904299199013
592,RING1_TORQUE_BRACE,8,10.479871431130489,8.310157619930735,0.003403323374594338,-0.0009115450614899379,-0.049061183082267604,0.009895757589392033,50829.86274231308,776.3391172513675
593,RING1_TORQUE_BRACE,8,10.977179919856466,-0.5251495995944566,0.0033116858577634865,-0.05597896623343024,-0.00823189146400255,0.003031572863126073,165920.47188379976,11197.163925255198
594,RING1_TORQUE_BRACE,8,10.977179919856466,-0.9204514421926504,-0.003834423735858866,0.06013368858847845,-0.006360998415524788,0.0035724764852732,140798.68742971832,6388.3719253389345
595,RING1_TORQUE_BRACE,8,10.479871431130489,8.396658087633142,-0.0025904812105564234,0.0022253173192675613,-0.052274956017642565,0.010121596467097736,49695.71763062296,768.3414476979505
596,RING1_TORQUE_BRACE,8,10.271903773099885,-8.851216128049174,-0.0014216544036325515,0.0797272543228909,0.00031802147255483026,0.011773515750529765,42723.00735465249,758.6960272357887
597,RING1_TORQUE_BRACE,8,10.271903773099885,8.478100964448124,-0.0012262501980236026,0.07969603825579968,0.00373967881518536,0.011430744351253295,44004.13346177669,792.0856971055642
598,RING1_TORQUE_BRACE,8,10.479871431130489,-8.178169269573658,-0.0033844843423455053,0.0009542302327060215,0.04930284635511645,0.00978452180133142,51407.72438480894,788.8685374707437
599,RING1_TORQUE_BRACE,8,10.977179919856466,0.4942302986003284,-0.003347536797217884,-0.055256650420981324,-0.008226514831413817,0.0029709310275407696,169307.19540007814,11897.664243964977
600,RING1_TORQUE_BRACE,8,10.977179919856466,0.8759816399591358,0.0038451026226870716,0.05932486780732771,-0.006222428714113604,0.0034946121115881925,143935.86010076586,6712.681960109997
601,RING1_TORQUE_BRACE,8,10.479871431130489,-8.274042635793748,0.002608408264967727,0.0022261393255315065,-0.052387900707855345,0.010013223512044533,50233.57357348112,779.7277237812837
602,RING1_TORQUE_BRACE,8,10.271903773099885,8.758789540341809,0.0014133642801164425,0.0797427794712458,0.0005059876645791272,0.011688732434385814,43032.895382246825,766.7021203816005
603,RING1_TORQUE_BRACE,8,10.271903773099885,-8.570015988126443,0.0011981645089668936,0.079709068638941,0.003869220799790102,0.011516652425545915,43675.88613547627,783.5904299198805
604,RING1_TORQUE_BRACE,8,10.479871431130489,8.310157619930095,0.0034033233747058347,0.0009115450614912146,0.04906118308245587,0.009895757589399957,50829.86274227237,776.3391172514273
605,RING2_TORQUE_BRACE,8,10.977179919856466,0.29976231246902785,0.0005029242503031339,-0.010829794509984225,0.0024742087976169502,0.0007768830176949695,647459.1264620676,19616.162230363152
606,RING2_TORQUE_BRACE,8,10.977179919856466,-0.06550345254304091,-0.0007371461077326768,0.0050709965181438,0.0004065235216348384,0.00029066630768822486,1730506.7243621817,89769.10259924876
607,RING2_TORQUE_BRACE,8,10.479871431130489,-0.8733967170406913,-0.0003990211904172689,-0.003051000942110138,0.007695464801553559,0.0011803179820778775,426156.34738911566,7386.678132631655
608,RING2_TORQUE_BRACE,8,10.271903773099885,0.8870874701314904,-0.000339855763938574,0.010072144524633675,-0.0013578911150386175,0.0012776719359049056,393684.783914231,7570.146956940839
609,RING2_TORQUE_BRACE,8,10.271903773099885,-1.4848540176048601,-0.00026126878928883063,0.010019059526172103,-0.002178262255352087,0.0018347947545835274,274145.104646418,4522.587697468388
610,RING2_TORQUE_BRACE,8,10.479871431130489,1.4798194584300575,-0.0003201972832717314,0.0034870477402583755,-0.007579460320895848,0.0017443124222942495,288365.7729951937,4359.65373622074
611,RING2_TORQUE_BRACE,8,10.977179919856466,-0.3044556268301477,-0.0004955204574942623,-0.010916604387128659,0.002486151367205855,0.0007851392340203388,640650.7001622721,19313.77065736331
612,RING2_TORQUE_BRACE,8,10.977179919856466,0.062214653623314575,0.0007317648728492086,0.005149122046719634,0.0004292120493997742,0.0002911825171757827,1727438.8753784492,94514.48829954903
613,RING2_TORQUE_BRACE,8,10.479871431130489,0.8873436452263093,0.00039247410891215075,-0.0030583076881764426,0.007653322736978135,0.0011915808236976483,422128.31055732997,7270.577149658127
614,RING2_TORQUE_BRACE,8,10.271903773099885,-0.8970853413528772,0.0003386779849076175,0.010073797716465216,-0.0013145248576021673,0.0012867395669686034,390910.49417638156,7485.778891926725
615,RING2_TORQUE_BRACE,8,10.271903773099885,1.4748340759884684,0.0002653843393384946,0.010021111766584656,-0.002139627904490904,0.0018252485991533086,275578.89935285,4553.313909603995
616,RING2_TORQUE_BRACE,8,10.479871431130489,-1.4668437305489022,0.00032411858914857213,0.0034840756553390917,-0.00763074889039507,0.001734346880435321,290022.7201802601,4398.2193171065055
617,RING2_TORQUE_BRACE,8,10.977179919856466,0.29976231246718044,0.000502924250394978,0.010829794510050839,-0.002474208794098126,0.0007768830176610568,647459.1264903307,19616.162230484046
618,RING2_TORQUE_BRACE,8,10.977179919856466,-0.06550345253958767,-0.0007371461076719291,-0.005070996518100168,-0.0004065235180788218,0.000290666307670158,1730506.7244697441,89769.10260398124
619,RING2_TORQUE_BRACE,8,10.479871431130489,-0.8733967170437893,-0.0003990211899440637,0.003051000942111526,-0.007695464797286791,0.0011803179819022795,426156.3474525157,7386.678132605454
620,RING2_TORQUE_BRACE,8,10.271903773099885,0.887087470132002,-0.0003398557635769546,-0.01007214452465005,0.0013578911194045418,0.0012776719359321772,393684.78390582796,7570.146956936473
621,RING2_TORQUE_BRACE,8,10.271903773099885,-1.4848540176035954,-0.00026126878843511943,-0.010019059526180318,0.002178262257927721,0.0018347947546071258,274145.1046428921,4522.58769747224
622,RING2_TORQUE_BRACE,8,10.479871431130489,1.4798194584319049,-0.00032019728251798626,-0.003487047740244331,0.007579460323167392,0.001744312422388228,288365.7729796574,4359.653736215298
623,RING2_TORQUE_BRACE,8,10.977179919856466,-0.30445562682996297,-0.0004955204566083629,0.010916604387143425,-0.0024861513668738844,0.0007851392340166559,640650.7001652771,19313.770657375033
624,RING2_TORQUE_BRACE,8,10.977179919856466,0.062214653623982485,0.0007317648737292312,-0.005149122046750998,-0.0004292120493357837,0.00029118251718090825,1727438.8753480418,94514.48829853437
625,RING2_TORQUE_BRACE,8,10.479871431130489,0.8873436452258829,0.0003924741096556761,0.0030583076881698923,-0.007653322734187312,0.0011915808235810536,422128.3105986347,7270.577149661621
626,RING2_TORQUE_BRACE,8,10.271903773099885,-0.8970853413543836,0.00033867798575907377,-0.010073797716457111,0.001314524860715427,0.001286739566988079,390910.4941704649,7485.778891914155
627,RING2_TORQUE_BRACE,8,10.271903773099885,1.474834075984191,0.0002653843395990927,-0.010021111766578938,0.002139627909238523,0.0018252485991937088,275578.8993467503,4553.313909617202
628,RING2_TORQUE_BRACE,8,10.479871431130489,-1.4668437305481064,0.0003241185895393095,-0.0034840756553358165,0.007630748895033998,0.0017343468806242815,290022.72014866146,4398.219317108892
629,DOCK_LOAD_SPREADER,9,7.467261881037786,-0.14050241513649553,0.00020918081409465605,-0.0002219701809395569,0.0012628298987742634,0.0001626477392121275,3092572.958201283,125747.4689528157
630,DOCK_LOAD_SPREADER,9,7.467261961518311,0.01721905377149824,0.0026572974033580443,-0.0013587046856501361,0.001619980636163837,0.00012234951763940338,4111172.726340246,1026062.3457472894
631,DOCK_LOAD_SPREADER,9,7.467261881037786,0.14049100530428404,-0.00020918023667634844,-0.0012627714044874047,-0.00022196805214508286,0.0001626362073846866,3092792.2391244913,125757.68140391649
632,DOCK_LOAD_SPREADER,9,7.467261961518311,-0.017207645824441897,-0.0026572980089404896,-0.0016322513732250354,-0.0013439505699701093,0.00012234275846269413,4111399.8598730247,1026742.5820234315
633,DOCK_LOAD_SPREADER,9,7.467261881037786,-0.1405024151371208,0.000209180814095572,0.00022197018092870446,-0.0012628298987961,0.0001626477392133509,3092572.9581780215,125747.4689522561
634,DOCK_LOAD_SPREADER,9,7.467261961518311,0.017219053770133996,0.0026572974033604035,0.0013587046856524815,-0.0016199806361668623,0.00012234951763872044,4111172.726363194,1026062.3458285829
635,DOCK_LOAD_SPREADER,9,7.467261881037786,0.14049100530399983,-0.00020918023668753394,0.001262771404483172,0.00022196805213697823,0.00016263620738426514,3092792.2391325063,125757.6814041709
636,DOCK_LOAD_SPREADER,9,7.467261961518311,-0.017207645823873463,-0.002657298008937159,0.0016322513732085764,0.0013439505699521792,0.0001223427584616385,4111399.8599085,1026742.5820573487
637,PROP_LONGITUDINAL_STRUT,10,2.8653097563788807,1304.8966802730386,-0.5520196112547766,-1.8647590450739067,4.03469206781387,0.8115614530497754,619.7928673297271,197.6256113126992
638,PROP_LONGITUDINAL_STRUT,10,2.8653097563788807,972.081412513849,-0.13829479586948235,-0.7839165774265258,-3.4182792843663474,0.6084626771389008,826.6735477764964,265.2874551648698
639,PROP_LONGITUDINAL_STRUT,10,2.9330076040989246,-1334.0549312163416,2.235224152763803,-2.8378678973246174,-0.8064434618271479,0.7986181951454174,629.8378913197821,184.48557719983637
640,PROP_LONGITUDINAL_STRUT,10,2.9330076040989246,983.1100594926947,1.692023808023467,2.7593095387412285,-6.207282552060187,0.6810945418619977,738.5171500932643,250.34215815951947
641,PROP_LONGITUDINAL_STRUT,10,2.9330076040989246,1285.8030521373148,1.7463944292501554,5.363446793379425,2.4745662907158454,0.8308081393817727,605.4346077715322,191.40870259456466
642,PROP_LONGITUDINAL_STRUT,10,2.9330076040989246,1046.1252077375766,-1.7054771295781697,3.691837742667259,0.573033253519255,0.654710671962863,768.2782968726856,235.26236838704793
643,PROP_LONGITUDINAL_STRUT,10,2.8653097563788807,1304.8966802730195,-0.5520196112547149,1.8647590450738054,-4.034692067813843,0.8115614530497637,619.792867329736,197.6256113127021
644,PROP_LONGITUDINAL_STRUT,10,2.8653097563788807,972.0814125138663,-0.13829479586943172,0.7839165774264849,3.4182792843663714,0.6084626771389106,826.6735477764831,265.2874551648651
645,PROP_LONGITUDINAL_STRUT,10,2.9330076040989246,-1334.054931216337,2.2352241527638164,2.8378678973244824,0.8064434618270351,0.7986181951454117,629.8378913197868,184.485577199837
646,PROP_LONGITUDINAL_STRUT,10,2.9330076040989246,983.110059492702,1.6920238080234489,-2.7593095387413182,6.207282552060306,0.6810945418620046,738.5171500932568,250.34215815951762
647,PROP_LONGITUDINAL_STRUT,10,2.9330076040989246,1285.8030521373287,1.7463944292501,-5.363446793379686,-2.474566290715835,0.8308081393817851,605.4346077715231,191.40870259456258
648,PROP_LONGITUDINAL_STRUT,10,2.9330076040989246,1046.1252077375625,-1.7054771295782305,-3.691837742667442,-0.5730332535192755,0.654710671962859,768.2782968726904,235.2623683870511
