element_id,group,section_id,length_m,axial_force_N,torsion_Nm,bending_My_Nm,bending_Mz_Nm,screening_von_mises_MPa,yield_factor,member_euler_factor
1,SPINE_FRAME,2,1.3776603565143233,0.0,0.0,0.0,0.0,0.0,inf,inf
2,SPINE_FRAME,2,1.3776603565143233,0.0,0.0,0.0,0.0,0.0,inf,inf
3,SPINE_FRAME,2,1.3776603565143233,0.0,0.0,0.0,0.0,0.0,inf,inf
4,SPINE_FRAME,2,1.3776603565143233,0.0,0.0,0.0,0.0,0.0,inf,inf
5,SPINE_FRAME,2,1.3776603565143233,0.0,0.0,0.0,0.0,0.0,inf,inf
6,SPINE_FRAME,2,1.3776603565143233,0.0,0.0,0.0,0.0,0.0,inf,inf
7,SPINE_FRAME,2,1.3776603565143233,0.0,0.0,0.0,0.0,0.0,inf,inf
8,SPINE_FRAME,2,1.3776603565143233,0.0,0.0,0.0,0.0,0.0,inf,inf
9,SPINE_LONGERON,1,2.5,-0.000622129716772149,1.3975660089122112e-06,1.2078054176020456e-05,0.00018553827192601665,1.940227216184826e-06,259247986.93890923,1568519704.148959
10,SPINE_DIAGONAL,3,2.854461080118482,-1.9997723286366467e-05,3.0123135449877344e-06,-1.3213921782712612e-05,1.065919220055464e-05,6.332931730352145e-07,794260891.1908016,6046123312.9222975
11,SPINE_LONGERON,1,2.5,0.00023445663405850434,7.689920355781289e-06,-0.00010425921233763847,0.00011474438339325098,1.5211261691791596e-06,330676054.48628384,4162060601.1524854
12,SPINE_DIAGONAL,3,2.854461080118482,-0.00011048883304859062,3.810232044178796e-06,-2.3200789447862816e-05,-5.104369916976648e-06,9.521903692614886e-07,528255710.45223117,1094306977.736803
13,SPINE_LONGERON,1,2.5,0.0005233599901375242,1.1392910213884647e-05,-0.00021528330227685836,-9.204054970958629e-06,2.1823759429091758e-06,230482745.94224367,1864534426.9387276
14,SPINE_DIAGONAL,3,2.854461080118482,1.169919280311353e-05,1.4623125918206623e-06,-1.617050354152107e-05,-2.007252441439733e-05,9.365558864252256e-07,537074196.3086891,10334790015.161707
15,SPINE_LONGERON,1,2.5,-0.00017800252559900632,-3.537643646701122e-06,-0.00011872322161890692,-0.00015123218068694358,1.8462235598877647e-06,272448045.25762755,5482072324.591637
16,SPINE_DIAGONAL,3,2.854461080118482,0.0001549266117854706,2.6735313878837878e-06,-1.2676823325070064e-06,-2.29670238374347e-05,9.581688927276386e-07,524959643.14610535,780425645.237073
17,SPINE_LONGERON,1,2.5,-0.0006221305951065592,1.3975661011879684e-06,-1.2078062619903486e-05,-0.00018553827272757217,1.9402275312784313e-06,259247944.83694875,1568517489.6865294
18,SPINE_DIAGONAL,3,2.854461080118482,-1.9997824599461635e-05,3.0123136829511907e-06,1.3213920888549686e-05,-1.0659192244026093e-05,6.33293232976429e-07,794260816.0139956,6046092682.017243
19,SPINE_LONGERON,1,2.5,0.00023445628615822498,7.689920272341202e-06,0.00010425920666898936,-0.0001147443824802393,1.5211260077794066e-06,330676089.572814,4162066777.0672774
20,SPINE_DIAGONAL,3,2.854461080118482,-0.00011048896289472002,3.81023206601548e-06,2.3200788408374896e-05,5.104370205789001e-06,9.521904421758893e-07,528255670.0008185,1094305691.7121928
21,SPINE_LONGERON,1,2.5,0.0005233603868386976,1.1392910138034511e-05,0.00021528329429581288,9.204058969746462e-06,2.1823760070573013e-06,230482739.16750085,1864533013.643007
22,SPINE_DIAGONAL,3,2.854461080118482,1.1699092966823014e-05,1.462312468608497e-06,1.6170502378851955e-05,2.0072524808133647e-05,9.36555788412542e-07,537074252.5147197,10334878208.930342
23,SPINE_LONGERON,1,2.5,-0.0001780016410387447,-3.53764384274328e-06,0.00011872321150477663,0.00015123218338404737,1.8462232169497316e-06,272448095.86515754,5482099567.168174
24,SPINE_DIAGONAL,3,2.854461080118482,0.00015492661889537096,2.673531201005959e-06,1.2676811693804308e-06,2.2967023880208885e-05,9.58168897329124e-07,524959640.62505287,780425609.4217391
25,SPINE_FRAME,2,1.3776603565143233,0.00011980737753619251,4.520809415789335e-06,9.563492515374062e-06,4.039562214302655e-05,7.663688289586418e-07,656341934.8402871,11953780070.625006
26,SPINE_FRAME,2,1.3776603565143233,0.0003035941961186666,5.940601090357522e-06,4.1988246239865295e-05,-3.543484941564747e-05,1.0878557207182838e-06,462377492.1805639,4717320226.194956
27,SPINE_FRAME,2,1.3776603565143233,-0.0008148146969760366,6.137795976015198e-06,3.331299664878683e-05,2.94172999573574e-05,1.1705113896531854e-06,429726702.7440335,1757640169.2569163
28,SPINE_FRAME,2,1.3776603565143233,-0.0002415573411636688,3.2636294261183587e-06,-4.328976332177399e-05,4.07528704808387e-05,1.1301375914954455e-06,445078549.5369721,5928824332.172213
29,SPINE_FRAME,2,1.3776603565143233,0.00011980747752890974,4.520809512879097e-06,-9.56349256171703e-06,-4.039562418830461e-05,7.663689135505641e-07,656341862.3931601,11953770093.860825
30,SPINE_FRAME,2,1.3776603565143233,0.00030359413227949435,5.9406007018086795e-06,-4.1988246851449646e-05,3.5434844721576345e-05,1.0878556446709937e-06,462377524.50337756,4717321218.143701
31,SPINE_FRAME,2,1.3776603565143233,-0.0008148146764245474,6.137796360573547e-06,-3.331299581150622e-05,-2.9417305516729394e-05,1.1705114311487078e-06,429726687.50989443,1757640213.5886202
32,SPINE_FRAME,2,1.3776603565143233,-0.0002415572877885225,3.263629157455842e-06,4.3289763715136974e-05,-4.0752867119331645e-05,1.130137530055419e-06,445078573.7337067,5928825642.221142
33,SPINE_LONGERON,1,2.5,0.0006012938081292764,3.526270337519338e-05,4.8514552977334404e-05,-0.0007821570700923519,7.486717368530868e-06,67185653.63696969,1622871724.4397898
34,SPINE_DIAGONAL,3,2.854461080118482,0.00011417021353961912,4.859013789677851e-06,-6.703391183359132e-05,-8.774384947300868e-05,4.0632435595397375e-06,123792726.82757348,1059021413.8919158
35,SPINE_LONGERON,1,2.5,0.00047089278918625345,-7.190603196192659e-06,0.00045137468829108514,-0.0005003741988909305,6.4176632978896435e-06,78377436.87260818,2072282145.1142612
36,SPINE_DIAGONAL,3,2.854461080118482,0.0004447239273455343,1.602193626467944e-05,-6.252629381417977e-06,-9.152149036769074e-05,3.6970976538890746e-06,136052668.08975983,271873613.1171277
37,SPINE_LONGERON,1,2.5,-0.0007381691148372098,6.36502313082959e-05,0.0010252084947688853,0.00013468816616317826,9.86568786357194e-06,50984787.574445456,1321950078.484288
38,SPINE_DIAGONAL,3,2.854461080118482,0.001346904511138735,9.836010641369175e-06,5.1084930866726285e-05,-7.240464806200778e-05,4.309920689791945e-06,116707484.01272357,89767834.29498474
39,SPINE_LONGERON,1,2.5,0.0018442534685025023,-6.023995998556241e-05,0.00038065853843095724,0.0006301665194374142,7.4848050462320885e-06,67202819.16403611,529115295.67900217
40,SPINE_DIAGONAL,3,2.854461080118482,-0.001017104526856208,2.768287108390122e-05,0.00011208706759143398,-1.4822073794977939e-05,4.978849421046905e-06,101027357.41990645,118875393.60461693
41,SPINE_LONGERON,1,2.5,0.0006012931816594763,3.526270331894401e-05,-4.8514547783200476e-05,0.0007821570723827279,7.486717171076569e-06,67185655.4089207,1622873415.2624295
42,SPINE_DIAGONAL,3,2.854461080118482,0.00011417009431892,4.859013800703504e-06,6.703391260100419e-05,8.774384931396583e-05,4.06324347297998e-06,123792729.4647446,1059022519.7618383
43,SPINE_LONGERON,1,2.5,0.0004708924155876563,-7.190602708014817e-06,-0.0004513746834174652,0.0005003742024868067,6.417663163640998e-06,78377438.51215586,2072283789.2301497
44,SPINE_DIAGONAL,3,2.854461080118482,0.00044472399783700357,1.6021936286412517e-05,6.25263008582515e-06,9.152149078046518e-05,3.69709772824379e-06,136052665.3535169,271873570.02349985
45,SPINE_LONGERON,1,2.5,-0.0007381690271034047,6.365023169835212e-05,-0.0010252084888367457,-0.000134688162822519,9.865687774996394e-06,50984788.03219412,1321950235.602382
46,SPINE_DIAGONAL,3,2.854461080118482,0.0013469047354348293,9.836010719322565e-06,-5.108493026884315e-05,7.240464837108957e-05,4.309920872120685e-06,116707479.07548015,89767819.34621064
47,SPINE_LONGERON,1,2.5,0.0018442539909005907,-6.023996005269571e-05,-0.00038065853446068255,-0.0006301665184277658,7.484805198831252e-06,67202817.79391441,529115145.80332327
48,SPINE_DIAGONAL,3,2.854461080118482,-0.001017104306923521,2.7682871170751945e-05,-0.000112087066805916,1.4822073834051996e-05,4.9788492145855815e-06,101027361.60927653,118875419.30953683
49,SPINE_FRAME,2,1.3776603565143233,0.0027513770424501234,-1.9319920768711923e-05,0.00015469708842848418,-0.00011398773920126767,4.661611187590743e-06,107902607.00827883,520521549.68576825
50,SPINE_FRAME,2,1.3776603565143233,-0.004606312642290392,-6.807548693993634e-05,9.32475993772435e-05,0.00041101871449029893,9.530464756230972e-06,52778118.68210739,310910516.3113455
51,SPINE_FRAME,2,1.3776603565143233,0.003964876127512651,-8.631481561105431e-05,0.00038556426280894683,-0.00011484381656648869,8.91738234201897e-06,56406687.60268909,361209529.84335434
52,SPINE_FRAME,2,1.3776603565143233,-0.003563228296011578,7.1381844531155945e-06,-0.00011512900882495992,-0.0002609909397562807,6.642744774115651e-06,75721710.99513069,401925142.8568389
53,SPINE_FRAME,2,1.3776603565143233,0.0027513768427303393,-1.931992060602801e-05,-0.0001546970891939771,0.00011398773653890954,4.661611069650386e-06,107902609.73825176,520521587.46992415
54,SPINE_FRAME,2,1.3776603565143233,-0.00460631261744136,-6.807548714137262e-05,-9.324759731848929e-05,-0.0004110187178199936,9.53046479093615e-06,52778118.48991593,310910517.9885711
55,SPINE_FRAME,2,1.3776603565143233,0.003964876203204005,-8.631481555882818e-05,-0.0003855642651143486,0.00011484381459427216,8.917382407650221e-06,56406687.18754019,361209522.9476943
56,SPINE_FRAME,2,1.3776603565143233,-0.003563228499255196,7.138184483273112e-06,0.00011512900588629085,0.000260990939987301,6.642744861129213e-06,75721710.00324918,401925119.9313598
57,SPINE_LONGERON,1,2.5,0.0005164582798535088,0.000534947977442286,-0.00014199629117529785,0.0052881054455578514,4.946892136852302e-05,10168000.152112836,1889451205.178693
58,SPINE_DIAGONAL,3,2.854461080118482,0.0015142813475607585,3.8351685244872895e-06,-0.0005016440508296657,0.0004649332471939944,2.5820564477674256e-05,19480596.577775005,79845598.81281777
59,SPINE_LONGERON,1,2.5,0.0028107844959514077,-0.0004658985368066672,-0.0028578563821275446,0.0030085089950985834,3.9662758017352e-05,12681921.912236746,347170948.43068916
60,SPINE_DIAGONAL,3,2.854461080118482,-7.76330163003232e-05,0.00016568318207382256,-0.0005818735284808703,-0.00019824125025818916,2.273405293354055e-05,22125399.35006054,1557439176.3851385
61,SPINE_LONGERON,1,2.5,-0.002030525487656373,0.0005490669421862272,-0.005769471226431477,-3.1319462803396696e-05,5.4433783299076804e-05,9240584.973422762,480576444.4848308
62,SPINE_DIAGONAL,3,2.854461080118482,0.0003985725938777016,5.6896514740706145e-06,-0.0004375613583444864,-0.0004537698305169547,2.29712055346135e-05,21896978.77379874,303354276.7974888
63,SPINE_LONGERON,1,2.5,0.003254609007519947,-0.00038447139570078496,-0.0029132252594976623,-0.0028566287921601473,3.9116384908304214e-05,12859061.520616533,299827941.5558172
64,SPINE_DIAGONAL,3,2.854461080118482,-0.0005771946706320099,0.000158294437829934,0.0001439136516936517,-0.000501321697733486,1.9831825193112728e-05,25363273.178440668,209476468.02538595
65,SPINE_LONGERON,1,2.5,0.0005164577882690119,0.0005349479775303304,0.00014199628670252758,-0.005288105447125883,4.946892121326355e-05,10168000.184025364,1889453003.6314244
66,SPINE_DIAGONAL,3,2.854461080118482,0.0015142812685722978,3.835168514237625e-06,0.0005016440501573715,-0.00046493324751444893,2.5820564402311718e-05,19480596.634633068,79845602.97775137
67,SPINE_LONGERON,1,2.5,0.0028107843577506635,-0.0004658985372467361,0.0028578563790275565,-0.003008508995576344,3.966275795376126e-05,12681921.932569493,347170965.50040257
68,SPINE_DIAGONAL,3,2.854461080118482,-7.763306053416852e-05,0.00016568318200401613,0.0005818735280128009,0.00019824125014174633,2.2734052951948567e-05,22125399.332145356,1557438288.985838
69,SPINE_LONGERON,1,2.5,-0.002030525201416841,0.0005490669417912061,0.005769471219934224,3.13194639829429e-05,5.4433783140485944e-05,9240585.000344872,480576512.2308387
70,SPINE_DIAGONAL,3,2.854461080118482,0.0003985725831351641,5.689651394487667e-06,0.00043756135753639453,0.00045376983073421945,2.2971205511161478e-05,21896978.796154052,303354284.97365254
71,SPINE_LONGERON,1,2.5,0.00325460957792464,-0.0003844713955879225,0.0029132252543148953,0.0028566287925231204,3.9116385072226855e-05,12859061.466728851,299827889.00780463
72,SPINE_DIAGONAL,3,2.854461080118482,-0.0005771946097730007,0.00015829443783354528,-0.0001439136524767353,0.0005013216979669025,1.983182515959502e-05,25363273.22130706,209476490.11244303
73,SPINE_FRAME,2,1.3776603565143233,-0.022177126770839033,0.00017286505865975925,0.0014440994726249148,0.0010286795181799761,4.137592746864195e-05,12156827.188495398,64577844.402690455
74,SPINE_FRAME,2,1.3776603565143233,0.017253615748211937,0.0002980183769975518,0.001761237663712119,-0.0012913622139979312,4.595240622370412e-05,10946107.969870187,83005850.06678404
75,SPINE_FRAME,2,1.3776603565143233,-0.022765599027766863,0.00030284666221249985,0.001699844897024511,0.001277002285501842,4.777911455595393e-05,10527612.423853915,62908559.540173344
76,SPINE_FRAME,2,1.3776603565143233,0.016400104859758124,0.00017650467988395866,-0.0017471774009404865,0.0011400356784477565,4.3732674070022456e-05,11501697.77394867,87325724.69217163
77,SPINE_FRAME,2,1.3776603565143233,-0.02217712667239526,0.00017286505864719216,-0.0014440994728658594,-0.0010286795199382609,4.1375927439132975e-05,12156827.197165549,64577844.689350076
78,SPINE_FRAME,2,1.3776603565143233,0.017253615687714007,0.0002980183770977129,-0.0017612376645388633,0.0012913622116722564,4.595240618123755e-05,10946107.979985947,83005850.35783504
79,SPINE_FRAME,2,1.3776603565143233,-0.022765599010193885,0.0003028466622273506,-0.0016998448961539126,-0.0012770022869302905,4.777911454979118e-05,10527612.42521181,62908559.58873305
80,SPINE_FRAME,2,1.3776603565143233,0.0164001049147863,0.00017650467999318726,0.001747177401285389,-0.0011400356786966715,4.3732674105270926e-05,11501697.76467832,87325724.39916281
81,SPINE_LONGERON,1,2.5,-0.014433968531380471,0.003664146938770155,0.0031031021402745966,-0.026699935109699646,0.00025617773398938014,1963480.557685204,67605989.10633753
82,SPINE_DIAGONAL,3,2.854461080118482,0.015054500864122322,-0.00020172640737129967,-0.002464245639777605,-0.002678214693340871,0.00014332832137652453,3509425.040139941,8031398.8526326595
83,SPINE_LONGERON,1,2.5,0.01153316673407451,-0.0033225797607109348,0.015051660019964705,-0.012253601344928429,0.00018605983992998288,2703431.3271971345,84610128.49234878
84,SPINE_DIAGONAL,3,2.854461080118482,-0.01091196267213945,0.0010284421467323364,-0.00043461002205031317,-0.002220036879012602,9.579166960256311e-05,5250978.525449369,11080380.734418647
85,SPINE_LONGERON,1,2.5,-0.01324598647982146,0.003634357394707778,0.026517743708611624,0.00313645338121133,0.00025411095689612087,1979450.2611928836,73669312.6465338
86,SPINE_DIAGONAL,3,2.854461080118482,0.014536515156667236,-0.00019964013008750794,0.0028573259899281164,-0.0022069597049083228,0.00014185540447020115,3545864.19797395,8317585.037677623
87,SPINE_LONGERON,1,2.5,0.010425274661266044,-0.0033232535731878027,0.012312989327526377,0.015006816516305322,0.00018570919392253238,2708535.79930902,93601631.70753556
88,SPINE_DIAGONAL,3,2.854461080118482,-0.010555783237183815,0.001029210409775541,0.002197409167337653,-0.0006499743576703209,9.651503574038252e-05,5211623.2060777405,11454261.446100585
89,SPINE_LONGERON,1,2.5,-0.014433969175374652,0.0036641469386776834,-0.0031031021337553813,0.026699935108243325,0.00025617773418939543,1963480.556152182,67605986.08999026
90,SPINE_DIAGONAL,3,2.854461080118482,0.015054500812508476,-0.00020172640748381037,0.0024642456405606587,0.002678214693174473,0.00014332832134856505,3509425.0408245353,8031398.880168038
91,SPINE_LONGERON,1,2.5,0.011533166360356666,-0.0033225797607820363,-0.01505166001345963,0.01225360134458975,0.00018605983975434983,2703431.3297490655,84610131.23403427
92,SPINE_DIAGONAL,3,2.854461080118482,-0.010911962615619162,0.0010284421466500008,0.00043461002278505454,0.0022200368788427255,9.579166955668087e-05,5250978.52796448,11080380.791811286
93,SPINE_LONGERON,1,2.5,-0.013245986351434426,0.0036343573947749206,-0.02651774370305461,-0.0031364533815873585,0.0002541109568017698,1979450.2619278505,73669313.36057535
94,SPINE_DIAGONAL,3,2.854461080118482,0.014536515291399217,-0.00019964013011806498,-0.0028573259891038994,0.002206959704676806,0.00014185540455333617,3545864.195895879,8317584.960585921
95,SPINE_LONGERON,1,2.5,0.010425275192680026,-0.003323253573019161,-0.012312989322183695,-0.01500681651804452,0.00018570919408472162,2708535.7969435183,93601626.93632187
96,SPINE_DIAGONAL,3,2.854461080118482,-0.010555783116414433,0.00102921040983758,-0.0021974091666244794,0.0006499743573557236,9.651503562038497e-05,5211623.212557373,11454261.577149514
97,SPINE_FRAME,2,1.3776603565143233,0.08414135234474823,-0.0017123094900560808,0.012880646478875933,-0.0032209792534748684,0.0002687088613962234,1871914.4481740918,17020775.183623172
98,SPINE_FRAME,2,1.3776603565143233,-0.10662507134824173,-0.0010595876927057988,0.008363204524738148,0.010201403338720268,0.0002779656910207989,1809575.8442446152,13431653.773328055
99,SPINE_FRAME,2,1.3776603565143233,0.08416222871442496,-0.0017329617733239868,0.012862367863677907,-0.003269588878842939,0.0002686494973217473,1872328.0892559555,17016553.194729276
100,SPINE_FRAME,2,1.3776603565143233,-0.10702798798568462,-0.0010455489583877826,-0.00831806577103252,-0.010175682702274085,0.00027733976500812226,1813659.8622461117,13381089.085758945
101,SPINE_FRAME,2,1.3776603565143233,0.08414135233119283,-0.0017123094899067028,-0.012880646478707982,0.0032209792506650223,0.00026870886137491556,1871914.448322529,17020775.186365265
102,SPINE_FRAME,2,1.3776603565143233,-0.10662507133849894,-0.0010595876929733296,-0.008363204524866068,-0.01020140334257609,0.00027796569106781503,1809575.8439385367,13431653.774555363
103,SPINE_FRAME,2,1.3776603565143233,0.0841622287112677,-0.0017329617731716494,-0.012862367862972852,0.003269588876290529,0.00026864949729783045,1872328.0894226416,17016553.195367634
104,SPINE_FRAME,2,1.3776603565143233,-0.10702798799266393,-0.0010455489584330338,0.00831806577118413,0.010175682702915547,0.0002773397650217207,1813659.8621571846,13381089.084886363
105,SPINE_LONGERON,1,2.5,-0.02447267749900601,0.024927657309628554,-0.011780332908836628,0.12300715280753736,0.0011726979195794476,428925.4646076166,39873966.358334154
106,SPINE_DIAGONAL,3,2.854461080118482,-0.010763877002327624,-0.0025878823003838464,-0.013922362768700427,0.012443008833117684,0.000684305558264453,735051.7527224488,11232820.75231105
107,SPINE_LONGERON,1,2.5,-0.01877280920224956,-0.024149004647752968,-0.06532033184621996,0.049439567949499164,0.0007910736736090191,635844.6966200055,51980644.38735111
108,SPINE_DIAGONAL,3,2.854461080118482,0.054425627584641305,0.006029067168915012,-0.007312954852859775,-0.007862355684382146,0.00046981116376242294,1070642.9280474915,2221539.8578369236
109,SPINE_LONGERON,1,2.5,-0.023607816212283438,0.024919497418615235,-0.12298240796575743,-0.01178310995793293,0.001172170296905069,429118.53450654075,41334730.434998654
110,SPINE_DIAGONAL,3,2.854461080118482,-0.010121910241849904,-0.0025879703778117677,-0.013688984388168454,-0.01269920141652658,0.0006837749062754334,735622.1987435513,11945245.3220897
111,SPINE_LONGERON,1,2.5,-0.01949324238597218,-0.02415474313220288,-0.04946041935751024,-0.0653128793700902,0.0007913853777735926,635594.2555005145,50059538.581224084
112,SPINE_DIAGONAL,3,2.854461080118482,0.05455402509867558,0.006024979195106306,0.00714034586415617,-0.008013442458522532,0.0004697105433290875,1070872.2789890396,2216311.275810971
113,SPINE_LONGERON,1,2.5,-0.024472678008967415,0.02492765730963103,0.011780332903603306,-0.12300715280596056,0.0011726979197336262,428925.4645512244,39873965.52744087
114,SPINE_DIAGONAL,3,2.854461080118482,-0.010763877094003851,-0.002587882300371782,0.013922362767977566,-0.012443008832977496,0.0006843055583173195,735051.7526656619,11232820.656640816
115,SPINE_LONGERON,1,2.5,-0.018772809336269455,-0.024149004647696835,0.06532033184219911,-0.04943956794666127,0.000791073673609404,635844.6966196961,51980644.01625905
116,SPINE_DIAGONAL,3,2.854461080118482,0.054425627447610266,0.006029067168916146,0.007312954852241483,0.007862355684658356,0.00046981116365108204,1070642.928301224,2221539.863430243
117,SPINE_LONGERON,1,2.5,-0.023607815893700552,0.02491949741860474,0.12298240796063135,0.011783109961954013,0.0011721702967537595,429118.53456193354,41334730.992802806
118,SPINE_DIAGONAL,3,2.854461080118482,-0.010121910340144563,-0.0025879703778450493,0.0136889843875064,0.012699201416979587,0.000683774906350146,735622.1986631736,11945245.206088493
119,SPINE_LONGERON,1,2.5,-0.019493241806095955,-0.024154743132254963,0.049460419351076576,0.06531287937291395,0.0007913853775653449,635594.2556677668,50059540.070372805
120,SPINE_DIAGONAL,3,2.854461080118482,0.054554025090808866,0.0060249791950595126,-0.007140345864975922,0.008013442458842635,0.0004697105433483583,1070872.278945105,2216311.2761305636
121,SPINE_FRAME,2,1.3776603565143233,0.40660970792791223,-0.009535440151263133,-0.06876640601687706,-0.020385389970093027,0.0014276804298522803,352319.74150688935,3522176.214641412
122,SPINE_FRAME,2,1.3776603565143233,0.3044581382198021,0.0064206819253867405,0.07670114375242772,-0.046389577416580695,0.0016745933833100723,300371.4244981363,4703934.177223568
123,SPINE_FRAME,2,1.3776603565143233,0.40651367498162905,-0.009535742156747821,-0.06879965070748412,-0.020394530654147116,0.0014282127271189288,352188.4313513155,3523008.2775707487
124,SPINE_FRAME,2,1.3776603565143233,0.30456389083568336,0.006417534463789291,-0.07668264251230361,0.04639337534870923,0.0016744103164328468,300404.26475129946,4702300.847209265
125,SPINE_FRAME,2,1.3776603565143233,0.40660970792817813,-0.009535440151288387,0.06876640601703102,0.02038538996886769,0.001427680429849072,352319.74150768097,3522176.2146391086
126,SPINE_FRAME,2,1.3776603565143233,0.30445813821064127,0.006420681925252452,-0.07670114375220655,0.04638957741333305,0.0016745933832737097,300371.4245046587,4703934.177365105
127,SPINE_FRAME,2,1.3776603565143233,0.40651367496836976,-0.00953574215687429,0.06879965070787784,0.020394530650830595,0.001428212727102873,352188.4313552748,3523008.2776856585
128,SPINE_FRAME,2,1.3776603565143233,0.3045638908269862,0.006417534463710696,0.07668264251237197,-0.046393375347204224,0.0016744103164161854,300404.26475428866,4702300.8473435445
129,SPINE_LONGERON,1,2.5,-0.2533424012691622,0.1616934486384901,0.1868909018996275,-0.5334045417906307,0.005489737293015197,91625.51378186824,3851793.9137119395
130,SPINE_DIAGONAL,3,2.854461080118482,0.36539844046446246,-0.0228120220882597,-0.05617223816031632,-0.09867345152421517,0.004437905416418681,113341.75760913648,330895.5035861151
131,SPINE_LONGERON,1,2.5,-0.02266913646694136,-0.18356380375049117,0.3311211992647789,-0.15503835314714462,0.0037078986127669577,135656.3521634818,43046311.91914961
132,SPINE_DIAGONAL,3,2.854461080118482,-0.042296368781676995,0.03679671548083815,-0.005639558865045075,-0.014291324063627013,0.0012862069764003707,391072.36178092856,2858607.1204166273
133,SPINE_LONGERON,1,2.5,-0.2527130578408023,0.16168640343012827,0.5333984134661154,0.18689537317278213,0.005489474420092714,91629.90142715786,3861386.2205270403
134,SPINE_DIAGONAL,3,2.854461080118482,0.36551958144881985,-0.02281440408036254,0.1034983893128355,-0.04668760606022498,0.004437997461747101,113339.40686887744,330785.837759554
135,SPINE_LONGERON,1,2.5,-0.02256599412375693,-0.18356730376244912,0.15504346519829917,0.331127895674148,0.0037079473161974307,135654.57033403483,43243063.608990505
136,SPINE_DIAGONAL,3,2.854461080118482,-0.042588804357076335,0.036796532561322925,0.013704604647099078,-0.006951170773801877,0.0012863596937089858,391025.93346165126,2838978.5248098853
137,SPINE_LONGERON,1,2.5,-0.25334240172856665,0.16169344863842666,-0.18689090189489288,0.5334045417885508,0.005489737293137015,91625.51377983505,3851793.9067271976
138,SPINE_DIAGONAL,3,2.854461080118482,0.3653984404191071,-0.02281202208831015,0.056172238160867444,0.09867345152392464,0.004437905416382533,113341.75761005968,330895.50362718775
139,SPINE_LONGERON,1,2.5,-0.02266913673450301,-0.18356380375047876,-0.3311211992594267,0.1550383531465524,0.003707898612808062,135656.35216197796,43046311.41107811
140,SPINE_DIAGONAL,3,2.854461080118482,-0.042296368717701434,0.036796715480808054,0.005639558865667909,0.014291324063444194,0.0012862069763763004,391072.36178824713,2858607.124740426
141,SPINE_LONGERON,1,2.5,-0.25271305776120817,0.16168640343014978,-0.5333984134622632,-0.1868953731727318,0.0054894744200331795,91629.90142815161,3861386.2217432163
142,SPINE_DIAGONAL,3,2.854461080118482,0.36551958158469633,-0.02281440408036529,-0.10349838931228231,0.04668760606008686,0.004437997461838407,113339.40686654563,330785.83763658925
143,SPINE_LONGERON,1,2.5,-0.022565993743900135,-0.18356730376241284,-0.15504346519508758,-0.33112789567560064,0.0037079473160768726,135654.57033844542,43243064.33690755
144,SPINE_DIAGONAL,3,2.854461080118482,-0.04258880422989436,0.0367965325613598,-0.013704604646617187,0.006951170773552954,0.001286359693652989,391025.93347867316,2838978.5332878623
145,SPINE_FRAME,2,1.3776603565143233,-1.931565193094655,0.056554717369996295,-0.4427913417552764,0.204493996609585,0.009274379080131834,54235.436750429864,741445.8735464502
146,SPINE_FRAME,2,1.3776603565143233,2.4568698073044075,0.015321761207132786,-0.5228333188781806,0.16872350030806738,0.01055049072285664,47675.50753921787,582916.9448247202
147,SPINE_FRAME,2,1.3776603565143233,-1.9315621574993456,0.056558031894384096,-0.4428077704664093,0.20448605861512908,0.009274577174419646,54234.278343958584,741447.0387844453
148,SPINE_FRAME,2,1.3776603565143233,2.45683388433921,0.015322540168575552,0.5228211589151631,-0.16872387371218275,0.01055027882945658,47676.46506134173,582925.4680322742
149,SPINE_FRAME,2,1.3776603565143233,-1.9315651930837976,0.05655471736984608,0.4427913417554154,-0.2044939966120063,0.009274379080145367,54235.436750350724,741445.8735506178
150,SPINE_FRAME,2,1.3776603565143233,2.456869807297587,0.015321761207322954,0.5228333188784478,-0.16872350031179284,0.010550490722876884,47675.507539126396,582916.9448263383
151,SPINE_FRAME,2,1.3776603565143233,-1.931562157500359,0.05655803189427451,0.4428077704665567,-0.20448605861803318,0.009274577174442791,54234.278343823236,741447.0387840562
152,SPINE_FRAME,2,1.3776603565143233,2.4568338843477444,0.015322540168560148,-0.5228211589150368,0.16872387371203315,0.010550278829458106,47676.465061334835,582925.4680302492
153,SPINE_LONGERON,1,2.5,-1.5634801230740254,1.022876012280255,-1.132120850144553,2.156542017061768,0.024564226517323352,20476.932161705594,624135.0336933737
154,SPINE_DIAGONAL,3,2.854461080118482,1.162348247729689,-0.1953223533929938,-0.5280866180298941,0.46541676113686176,0.026938819269446072,18671.93936634413,104021.06356957096
155,SPINE_LONGERON,1,2.5,-1.9848068509402435,-1.3633655951541643,-2.065057483846685,0.3409008018111356,0.022904135502693376,21961.09955518079,491646.1865452851
156,SPINE_DIAGONAL,3,2.854461080118482,2.721449911851248,0.20617096904126894,0.08582043178309466,-0.3530122904492911,0.016593073034594306,30313.8543988394,44428.045668061575
157,SPINE_LONGERON,1,2.5,-1.5633276702639776,1.022870783842417,-2.156544892570319,-1.1321203041698837,0.024564183009038565,20476.968430617762,624195.8981823389
158,SPINE_DIAGONAL,3,2.854461080118482,1.1625866192223286,-0.1953227097196727,-0.5128130884263137,-0.482196010596351,0.026939064443388387,18671.76943197263,103999.73556202376
159,SPINE_LONGERON,1,2.5,-1.9848635087530597,-1.3633696353488904,-0.34090241999214005,-2.065055072790855,0.022904150941114348,21961.08475241858,491632.1525336333
160,SPINE_DIAGONAL,3,2.854461080118482,2.721524515762014,0.20616971716536445,0.3594962442871945,0.052395237092991855,0.016593114421495764,30313.778789374355,44426.8277823011
161,SPINE_LONGERON,1,2.5,-1.5634801234001419,1.022876012280275,1.1321208501413083,-2.15654201705898,0.024564226517394493,20476.93216164629,624135.0335631893
162,SPINE_DIAGONAL,3,2.854461080118482,1.162348247645567,-0.19532235339298457,0.528086618029429,-0.4654167611365547,0.02693881926935876,18671.93936640465,104021.06357709921
163,SPINE_LONGERON,1,2.5,-1.9848068509711136,-1.3633655951541235,2.0650574838442846,-0.34090080180745896,0.022904135502678374,21961.09955519517,491646.1865376384
164,SPINE_DIAGONAL,3,2.854461080118482,2.7214499117185182,0.20617096904126536,-0.08582043178345558,0.35301229044967086,0.016593073034507837,30313.854398997366,44428.04567022841
165,SPINE_LONGERON,1,2.5,-1.5633276699854686,1.0228707838423872,2.1565448925671453,1.1321203041743122,0.024564183008941504,20476.968430698675,624195.8982935402
166,SPINE_DIAGONAL,3,2.854461080118482,1.162586619120244,-0.19532270971968438,0.5128130884259036,0.4821960105968691,0.02693906444330799,18671.76943202835,103999.73557115579
167,SPINE_LONGERON,1,2.5,-1.9848635083268562,-1.3633696353489113,0.34090241998822135,2.065055072794545,0.022904150941009983,21961.08475251865,491632.1526391999
168,SPINE_DIAGONAL,3,2.854461080118482,2.721524515750092,0.2061697171653516,-0.3594962442877217,-0.05239523709257582,0.016593114421501787,30313.778789363347,44426.82778249572
169,SPINE_FRAME,2,1.3776603565143233,2.677830632163511,-0.26878939181723016,-4.4923302189131675,-1.7156876288156635,0.08283352893629627,6072.4202682084915,534817.6336114657
170,SPINE_FRAME,2,1.3776603565143233,-0.3881028918474101,0.051510705774349796,-4.0563422716475905,-1.3922535400310274,0.0727748838008645,6911.725223448929,3690132.364355226
171,SPINE_FRAME,2,1.3776603565143233,2.677814448035802,-0.2687871455199329,-4.492334841462947,-1.7156911640671346,0.08283361345108815,6072.4140725433035,534820.8659328424
172,SPINE_FRAME,2,1.3776603565143233,-0.38812732680153417,0.05151050816373659,4.056336254184844,1.3922563921677087,0.07277481557377415,6911.7317032578785,3689900.0482857088
173,SPINE_FRAME,2,1.3776603565143233,2.6778306321570344,-0.2687893918172428,4.492330218913203,1.7156876288148342,0.08283352893628854,6072.420268209058,534817.6336127592
174,SPINE_FRAME,2,1.3776603565143233,-0.3881028918321334,0.051510705774413856,4.056342271647813,1.3922535400284486,0.07277488380084611,6911.725223450674,3690132.364500479
175,SPINE_FRAME,2,1.3776603565143233,2.6778144480224633,-0.2687871455199963,4.492334841462963,1.7156911640645733,0.08283361345106623,6072.4140725449115,534820.8659355064
176,SPINE_FRAME,2,1.3776603565143233,-0.38812732679578943,0.0515105081638233,-4.056336254184769,-1.3922563921666455,0.07277481557376421,6911.731703258823,3689900.048340324
177,SPINE_LONGERON,1,1.0,-12.694084457885884,3.5749697048512026,13.552011740987991,-2.8938177935355007,0.13607281829851697,3696.550172838465,480451.50603965047
178,SPINE_DIAGONAL,3,1.7023360590409793,23.258387129046262,-0.9143449058265996,-2.7418388124346365,-5.501669183073208,0.24173284608511944,2080.8094892610607,14616.238297422673
179,SPINE_LONGERON,1,1.0,-12.872773805763005,-11.387958157130221,11.266940018106691,6.685545047987952,0.15578062414849303,3228.8996320911574,473782.27005397883
180,SPINE_DIAGONAL,3,1.7023360590409793,18.631430977578532,0.6686098851237481,0.06874235866240158,1.5863536528646858,0.07539728025668418,6671.328173742813,18246.05577000242
181,SPINE_LONGERON,1,1.0,-12.69403661199824,3.574966699807114,2.893810146867572,13.552012047934516,0.13607278532153713,3696.551068690345,480453.3169394831
182,SPINE_DIAGONAL,3,1.7023360590409793,23.258437182973672,-0.9143456089909466,6.123861127055364,-0.5332601447531193,0.24173288293385592,2080.809172071278,14616.206842165167
183,SPINE_LONGERON,1,1.0,-12.872565787662051,-11.387961582993832,-6.685543725448834,11.266946463508104,0.1557806189127874,3228.8997406127955,473789.92628116056
184,SPINE_DIAGONAL,3,1.7023360590409793,18.631338128962092,0.6686099547476019,-1.4506254793786162,0.6456977556102631,0.07539716827411723,6671.3380822376685,18246.14669857781
185,SPINE_LONGERON,1,1.0,-12.694084458178658,3.5749697048511813,-13.552011740985591,2.8938177935328997,0.13607281829858933,3696.5501728364998,480451.5060285694
186,SPINE_DIAGONAL,3,1.7023360590409793,23.25838712901335,-0.9143449058266191,2.7418388124349926,5.501669183072954,0.24173284608508996,2080.8094892613144,14616.238297443355
187,SPINE_LONGERON,1,1.0,-12.872773805886968,-11.387958157130093,-11.266940018102757,-6.685545047990015,0.15578062414850946,3228.899632090817,473782.27004941634
188,SPINE_DIAGONAL,3,1.7023360590409793,18.63143097761535,0.6686098851237301,-0.06874235866234146,-1.5863536528648339,0.07539728025671838,6671.328173739787,18246.055769966362
189,SPINE_LONGERON,1,1.0,-12.694036611887253,3.574966699807167,-2.8938101468650896,-13.552012047934728,0.13607278532149703,3696.5510686914345,480453.31694368384
190,SPINE_DIAGONAL,3,1.7023360590409793,23.2584371830605,-0.9143456089909461,-6.12386112705528,0.5332601447525465,0.24173288293392267,2080.809172070704,14616.206842110603
191,SPINE_LONGERON,1,1.0,-12.872565787377832,-11.387961582993647,6.685543725450348,-11.266946463509838,0.1557806189127243,3228.899740614104,473789.9262916216
192,SPINE_DIAGONAL,3,1.7023360590409793,18.631338129045464,0.6686099547476159,1.4506254793788649,-0.645697755610841,0.07539716827419973,6671.338082230368,18246.146698496163
193,SPINE_FRAME,2,1.3776603565143233,158.90887490966784,0.623671190558068,-21.409310010297638,5.91374065173735,0.45688492174897505,1100.933683857402,9012.40439037841
194,SPINE_FRAME,2,1.3776603565143233,-199.95673924963822,-0.6341826587849624,-20.66321591892998,6.213104808748357,0.46706350414834613,1076.9413485157254,7162.304442852507
195,SPINE_FRAME,2,1.3776603565143233,158.90890208373764,0.6236725439684503,-21.409311053825302,5.91373944447841,0.4568849475623471,1100.933621656161,9012.402849220534
196,SPINE_FRAME,2,1.3776603565143233,-199.95681326224638,-0.634182359777302,20.663213815378654,-6.213103918749509,0.467063503329635,1076.9413504034858,7162.301791775889
197,SPINE_FRAME,2,1.3776603565143233,158.90887490969294,0.623671190558078,21.409310010297478,-5.913740651738303,0.4568849217489895,1100.9336838573672,9012.404390376987
198,SPINE_FRAME,2,1.3776603565143233,-199.956739249648,-0.6341826587848208,20.66321591893012,-6.21310480875079,0.4670635041483652,1076.9413485156813,7162.304442852157
199,SPINE_FRAME,2,1.3776603565143233,158.90890208372772,0.6236725439683478,21.409311053825128,-5.913739444480441,0.45688494756234843,1100.9336216561578,9012.402849221096
200,SPINE_FRAME,2,1.3776603565143233,-199.95681326222365,-0.6341823597772372,-20.66321381537855,6.213103918749986,0.46706350332962404,1076.9413504035108,7162.301791776703
201,SPINE_LONGERON,1,1.5,-496.9412514664077,8.841100419649912,-26.090386072478022,2.732003268044238,0.4207422074450585,1195.5063958390315,5454.6058647900945
202,SPINE_DIAGONAL,3,2.036651187098854,-676.1320112548791,-0.8687405935219767,0.05773046397628523,1.7695245028270206,0.6246395257737971,805.2644433233531,351.26995058032315
203,SPINE_LONGERON,1,1.5,-497.33173075785146,-2.977739106904508,-20.222843945267414,-15.808429363766422,0.41028892689414664,1225.965330840558,5450.323188858795
204,SPINE_DIAGONAL,3,2.036651187098854,673.3336621355573,-0.6322576993503777,-3.9800470778752794,0.8552647954637655,0.7046312151622319,713.8485908322851,352.72981514989334
205,SPINE_LONGERON,1,1.5,-496.9412483238573,8.84110202205165,-2.731999115282856,-26.090387009404672,0.42074221312245524,1195.5063797071487,5454.605899283859
206,SPINE_DIAGONAL,3,2.036651187098854,-676.1320203431908,-0.8687404647600254,-1.7159377272666512,0.4360127159454989,0.6246395290711295,805.2644390725421,351.26994585868493
207,SPINE_LONGERON,1,1.5,-497.3318790680106,-2.977738076652897,15.808428292952408,-20.22284766135839,0.4102889984341447,1225.9651170752422,5450.321563508936
208,SPINE_DIAGONAL,3,2.036651187098854,673.3336211771848,-0.6322572853454598,-1.6892134162052752,-3.70389125090498,0.7046311797688355,713.8486266886691,352.72983660617996
209,SPINE_LONGERON,1,1.5,-496.9412514661863,8.841100419649878,26.090386072477052,-2.7320032680439676,0.4207422074449742,1195.506395839271,5454.605864792525
210,SPINE_DIAGONAL,3,2.036651187098854,-676.1320112549425,-0.8687405935219668,-0.05773046397661186,-1.7695245028271032,0.6246395257738528,805.2644433232813,351.2699505802902
211,SPINE_LONGERON,1,1.5,-497.3317307578455,-2.9777391069045267,20.22284394526848,15.808429363767313,0.4102889268941575,1225.9653308405254,5450.323188858861
212,SPINE_DIAGONAL,3,2.036651187098854,673.3336621356442,-0.6322576993503146,3.980047077875257,-0.8552647954638704,0.704631215162304,713.8485908322122,352.7298151498478
213,SPINE_LONGERON,1,1.5,-496.94124832406095,8.841102022051746,2.7319991152820604,26.090387009407856,0.4207422131225528,1195.5063797068715,5454.605899281623
214,SPINE_DIAGONAL,3,2.036651187098854,-676.1320203432496,-0.8687404647600738,1.7159377272664198,-0.4360127159454666,0.62463952907117,805.26443907249,351.2699458586544
215,SPINE_LONGERON,1,1.5,-497.3318790683111,-2.9777380766528543,-15.80842829295476,20.22284766135985,0.41028899843427197,1225.9651170748618,5450.321563505643
216,SPINE_DIAGONAL,3,2.036651187098854,673.3336211771837,-0.6322572853454032,1.6892134162050563,3.7038912509051505,0.7046311797688368,713.8486266886679,352.7298366061806
217,SPINE_FRAME,2,1.3776603565143233,3.521743779328972,2.33443284022422,-4.523924056199537,21.312283683897796,0.37205807656072,1351.9394731319862,406659.6355794129
218,SPINE_FRAME,2,1.3776603565143233,2.455920308898385,2.0353731219638194,-0.58337357999965,21.717482018556723,0.37009687461441804,1359.103614490249,583142.309918184
219,SPINE_FRAME,2,1.3776603565143233,3.5217314607211847,2.3344331606639326,-4.523924171848526,21.31228490218244,0.37205809123133665,1351.9394198236826,406661.0580276062
220,SPINE_FRAME,2,1.3776603565143233,2.4559194110211138,2.0353731519659366,0.5833767483655488,-21.717481571470376,0.37009686809069603,1359.1036384472582,583142.5231133823
221,SPINE_FRAME,2,1.3776603565143233,3.521743779335793,2.334432840224107,4.523924056199663,-21.312283683899278,0.3720580765607481,1351.9394731318841,406659.63557862525
222,SPINE_FRAME,2,1.3776603565143233,2.455920308899749,2.0353731219637363,0.583373579999847,-21.717482018559174,0.37009687461446006,1359.1036144900947,583142.30991786
223,SPINE_FRAME,2,1.3776603565143233,3.5217314607148182,2.3344331606638544,4.523924171848291,-21.312284902184373,0.37205809123136435,1351.9394198235818,406661.05802834133
224,SPINE_FRAME,2,1.3776603565143233,2.455919411011564,2.035373151965852,-0.5833767483659856,21.717481571470813,0.37009686809069875,1359.1036384472484,583142.5231156498
225,SPINE_LONGERON,1,2.5,-829.5265912610469,-10.496903278196758,-26.821025834981654,1.665739837900653,0.5418175622061806,928.3567663474718,1176.3609865842643
226,SPINE_DIAGONAL,3,2.854461080118482,-948.006079097406,0.8772623175606689,-1.025214282966875,2.205858330523819,0.8736221510722582,575.7637891651815,127.54000594825958
227,SPINE_LONGERON,1,2.5,-830.0368506485182,-6.241504271864624,-19.693858948517477,-17.924655575301603,0.5354824725263538,939.339802527794,1175.6378268402232
228,SPINE_DIAGONAL,3,2.854461080118482,948.346867158139,-0.9858771282883716,-1.1510968240025727,-2.1766560871019163,0.8750869921925044,574.7999964434947,127.49417449903126
229,SPINE_LONGERON,1,2.5,-829.5266497084691,-10.496903497210576,-1.6657413406480601,-26.82102680045257,0.5418175920588855,928.3567151974889,1176.3609036993234
230,SPINE_DIAGONAL,3,2.854461080118482,-948.0061085666737,0.8772623844860457,-2.100191316876246,-1.2272218468105738,0.8736221883073916,575.7637646252352,127.54000198361152
231,SPINE_LONGERON,1,2.5,-830.0367451159004,-6.241505201319228,17.924654639706386,-19.69385911785363,0.5354824323687465,939.3398729720076,1175.6379763132895
232,SPINE_DIAGONAL,3,2.854461080118482,948.346905475237,-0.9858772585730904,2.0593319274015114,-1.3498174861558159,0.8750870212594758,574.7999773508849,127.49416934774459
233,SPINE_LONGERON,1,2.5,-829.5265912612508,-10.496903278196683,26.82102583498424,-1.66573983789713,0.5418175622062716,928.3567663473158,1176.360986583975
234,SPINE_DIAGONAL,3,2.854461080118482,-948.0060790973879,0.8772623175606585,1.0252142829673154,-2.2058583305238,0.8736221510722492,575.7637891651874,127.540005948262
235,SPINE_LONGERON,1,2.5,-830.0368506486341,-6.24150427186466,19.6938589485187,17.924655575304733,0.5354824725264214,939.3398025276753,1175.637826840059
236,SPINE_DIAGONAL,3,2.854461080118482,948.346867158213,-0.9858771282883393,1.1510968240028703,2.176656087102412,0.8750869921925865,574.7999964434408,127.49417449902133
237,SPINE_LONGERON,1,2.5,-829.526649708424,-10.496903497210837,1.6657413406498527,26.821026800453183,0.5418175920588771,928.3567151975033,1176.3609036993873
238,SPINE_DIAGONAL,3,2.854461080118482,-948.0061085667807,0.8772623844859957,2.10019131687646,1.2272218468108242,0.8736221883074913,575.7637646251696,127.54000198359712
239,SPINE_LONGERON,1,2.5,-830.0367451157192,-6.241505201319107,-17.92465463970309,19.69385911785574,0.5354824323686782,939.3398729721275,1175.6379763135462
240,SPINE_DIAGONAL,3,2.854461080118482,948.3469054753232,-0.9858772585731254,-2.0593319274013515,1.3498174861557,0.8750870212595403,574.7999773508425,127.494169347733
241,SPINE_FRAME,2,1.3776603565143233,-0.18263266587200633,-1.8565511900270422,0.26160812213389306,19.86785290082709,0.33743042988097893,1490.6776492488304,7841702.551227459
242,SPINE_FRAME,2,1.3776603565143233,-2.0967694379287423,-2.129816740612889,6.187705247268395,19.44705089601341,0.3478167332367077,1446.163890159022,683027.4306748337
243,SPINE_FRAME,2,1.3776603565143233,-0.18263220863082097,-1.8565514292048038,0.26160778321055744,19.867853367238624,0.33743043772260106,1490.677614606636,7841722.1838508425
244,SPINE_FRAME,2,1.3776603565143233,-2.0967663001247274,-2.1298168830018414,-6.187705170313415,-19.447049972413033,0.3478167166054943,1446.1639593088332,683028.4528231838
245,SPINE_FRAME,2,1.3776603565143233,-0.18263266584835947,-1.8565511900269476,-0.2616081221326638,-19.867852900828176,0.33743042988098493,1490.6776492488038,7841702.552242785
246,SPINE_FRAME,2,1.3776603565143233,-2.096769437937837,-2.1298167406133137,-6.187705247269289,-19.44705089601429,0.3478167332367317,1446.1638901589224,683027.430671871
247,SPINE_FRAME,2,1.3776603565143233,-0.18263220867083874,-1.8565514292051915,-0.2616077832102164,-19.867853367239594,0.3374304377226381,1490.6776146064724,7841722.18213259
248,SPINE_FRAME,2,1.3776603565143233,-2.096766300177478,-2.1298168830018995,6.187705170312023,19.44704997241292,0.3478167166055121,1446.1639593087589,683028.4528060001
249,SPINE_LONGERON,1,1.0,326.73131156990394,-8.967484401409038,-25.80111232207713,-2.8619351761811043,0.36079481240931904,1394.1442135519128,18666.383599053803
250,SPINE_DIAGONAL,3,1.7023360590409793,-551.208160774353,0.955130124152308,4.267027398077231,-3.8720742838925633,0.6645236493619224,756.9331813592821,616.7363854233886
251,SPINE_LONGERON,1,1.0,326.9233822898609,6.608166203820453,-15.561842975635727,-19.9805186396855,0.3517389027640424,1430.0380084412452,18655.41691410227
252,SPINE_DIAGONAL,3,1.7023360590409793,555.2634575490792,0.5961716303323061,2.378695493058241,2.0897338800691774,0.5742930857000738,875.8594044133995,612.2321288571392
253,SPINE_LONGERON,1,1.0,326.731297382402,-8.967484607460982,2.861935194265119,-25.801112733137586,0.3607948116853634,1394.1442163493437,18666.384409595543
254,SPINE_DIAGONAL,3,1.7023360590409793,-551.2081798626341,0.9551302124822203,5.167110600758253,2.5497941771388106,0.6645236660088978,756.9331623973569,616.7363640658727
255,SPINE_LONGERON,1,1.0,326.9234465998645,6.608165681507629,19.98051863136618,-15.561843200830651,0.35173892523953537,1430.0379170643548,18655.41324434428
256,SPINE_DIAGONAL,3,1.7023360590409793,555.26343489998,0.5961716364178149,-1.071836350634344,2.9793197514328353,0.5742930635720411,875.8594381610568,612.2321538299816
257,SPINE_LONGERON,1,1.0,326.7313115698104,-8.967484401409237,25.801112322075426,2.8619351761480454,0.36079481240923916,1394.1442135522213,18666.383599059147
258,SPINE_DIAGONAL,3,1.7023360590409793,-551.2081607744285,0.9551301241530318,-4.267027398076177,3.8720742838911804,0.6645236493619247,756.9331813592796,616.7363854233041
259,SPINE_LONGERON,1,1.0,326.9233822899182,6.608166203820922,15.56184297564829,19.98051863966026,0.3517389027639506,1430.0380084416186,18655.416914098998
260,SPINE_DIAGONAL,3,1.7023360590409793,555.2634575492066,0.5961716303322524,-2.378695493059066,-2.08973388006898,0.5742930857001968,875.8594044132119,612.2321288569989
261,SPINE_LONGERON,1,1.0,326.73129738257524,-8.967484607460683,-2.8619351942691647,25.80111273313787,0.36079481168542804,1394.144216349094,18666.384409585644
262,SPINE_DIAGONAL,3,1.7023360590409793,-551.2081798627287,0.955130212481767,-5.167110600759528,-2.5497941771412336,0.6645236660090551,756.9331623971777,616.7363640657669
263,SPINE_LONGERON,1,1.0,326.9234466000694,6.608165681507572,-19.98051863138602,15.561843200808426,0.3517389252396234,1430.037917063997,18655.41324433259
264,SPINE_DIAGONAL,3,1.7023360590409793,555.26343489999,0.5961716364185672,1.0718363506349444,-2.9793197514333407,0.5742930635720745,875.8594381610059,612.2321538299706
265,SPINE_FRAME,2,1.3776603565143233,199.4729737499474,0.7159048285327501,20.436136243306937,6.686654616749456,0.4655763745065612,1080.3812812303934,7179.674594420396
266,SPINE_FRAME,2,1.3776603565143233,-158.3894355991688,-0.7012170523057338,21.18406548371462,6.917178584573089,0.4578921156289354,1098.5120355459865,9041.960636379083
267,SPINE_FRAME,2,1.3776603565143233,199.47296622887006,0.7159049803714987,20.436136712260577,6.686655076618323,0.46557638068700996,1080.381266888512,7179.674865128197
268,SPINE_FRAME,2,1.3776603565143233,-158.38942285325174,-0.701217077628743,-21.184065066596123,-6.917178220959383,0.4578921005297382,1098.5120717699128,9041.961364003933
269,SPINE_FRAME,2,1.3776603565143233,199.47297374998197,0.715904828532629,-20.436136243305995,-6.686654616753195,0.4655763745065832,1080.3812812303422,7179.6745944191525
270,SPINE_FRAME,2,1.3776603565143233,-158.38943559919971,-0.7012170523037906,-21.1840654837158,-6.9171785845853915,0.457892115629034,1098.5120355457498,9041.960636377318
271,SPINE_FRAME,2,1.3776603565143233,199.47296622885733,0.7159049803696715,-20.436136712260556,-6.686655076627682,0.4655763806870518,1080.381266888415,7179.674865128655
272,SPINE_FRAME,2,1.3776603565143233,-158.389422853199,-0.7012170776285811,21.184065066595004,6.917178220959241,0.45789210052969254,1098.5120717700227,9041.961364006946
273,SPINE_LONGERON,1,1.5,9.57882112841969,-3.005744775476362,10.229447715236887,3.1368642869776364,0.10542357793310622,4771.228693444322,282980.4031586498
274,SPINE_DIAGONAL,3,2.036651187098854,-10.800380886039875,-0.658706415926241,0.3742370890815323,-1.076489642676524,0.053928751413151246,9327.12118896446,21990.415031220316
275,SPINE_LONGERON,1,1.5,9.404065968668988,8.257434345592241,4.231697703296817,9.224396766534397,0.11790465453060096,4266.1589739822475,288239.00999159476
276,SPINE_DIAGONAL,3,2.036651187098854,-14.119444878277136,0.9049117394704489,-1.5728266442660814,4.428730767543071,0.18267892074788084,2753.464920532355,16821.118693177432
277,SPINE_LONGERON,1,1.5,9.57885170210659,-3.005744515365979,-3.136864444419809,10.229447330723872,0.10542358480141038,4771.228382600691,282979.4999445158
278,SPINE_DIAGONAL,3,2.036651187098854,-10.800385179024488,-0.6587064451382634,0.971137471024985,0.5964689520682107,0.05392875284597226,9327.120941154255,21990.406290373412
279,SPINE_LONGERON,1,1.5,9.40402476022939,8.257434568232737,-9.224396518864552,4.231697732215935,0.11790464217136512,4266.159421178083,288240.27305503155
280,SPINE_DIAGONAL,3,2.036651187098854,-14.119459403279052,0.9049117826280093,-4.6630405769242795,-0.586083867579589,0.1826789398643009,2753.4646323962834,16821.101388918516
281,SPINE_LONGERON,1,1.5,9.578821128503137,-3.0057447754767317,-10.229447715235267,-3.1368642870055896,0.10542357793319491,4771.228693440307,282980.4031561846
282,SPINE_DIAGONAL,3,2.036651187098854,-10.800380886068524,-0.6587064159267884,-0.3742370890808804,1.0764896426737973,0.05392875141308699,9327.121188975572,21990.415031161985
283,SPINE_LONGERON,1,1.5,9.404065968697523,8.257434345592648,-4.231697703281128,-9.224396766559096,0.11790465453073297,4266.158973977472,288239.00999072014
284,SPINE_DIAGONAL,3,2.036651187098854,-14.119444878348986,0.9049117394699007,1.5728266442674723,-4.428730767544725,0.18267892074800887,2753.4649205304245,16821.118693091834
285,SPINE_LONGERON,1,1.5,9.578851702068846,-3.005744515366384,3.136864444420574,-10.229447330726742,0.1054235848014253,4771.228382600016,282979.49994563084
286,SPINE_DIAGONAL,3,2.036651187098854,-10.800385179099976,-0.6587064451382687,-0.9711374710249695,-0.5964689520687791,0.05392875284603966,9327.120941142599,21990.406290219715
287,SPINE_LONGERON,1,1.5,9.404024760140032,8.25743456823245,9.224396518855087,-4.2316977322333855,0.11790464217132818,4266.15942117942,288240.2730577704
288,SPINE_DIAGONAL,3,2.036651187098854,-14.119459403334986,0.9049117826284676,4.663040576923224,0.5860838675771927,0.18267893986430114,2753.4646323962793,16821.10138885188
289,SPINE_FRAME,2,1.3776603565143233,1.7404259015711432,-0.01824901233897891,2.9085806388856827,-1.2143931179331897,0.05422473210731132,9276.209959037837,822873.8957591538
290,SPINE_FRAME,2,1.3776603565143233,-3.3517753192754753,0.24835845656676075,3.289150751528064,-1.4132731986264888,0.0623938011070894,8061.698294942435,427281.33764513786
291,SPINE_FRAME,2,1.3776603565143233,1.7404236518505058,-0.01824890044854649,2.908581682246016,-1.2143928148169922,0.05422474526993559,9276.207707311882,822874.9594291304
292,SPINE_FRAME,2,1.3776603565143233,-3.3517727547696268,0.2483584785328891,-3.2891501133597387,1.4132733290254986,0.062393790786431966,8061.699628440935,427281.66456631344
293,SPINE_FRAME,2,1.3776603565143233,1.740425901592971,-0.018249012338413195,-2.9085806388838744,1.2143931179344252,0.05422473210730219,9276.209959039397,822873.8957488335
294,SPINE_FRAME,2,1.3776603565143233,-3.3517753192609234,0.24835845656645628,-3.2891507515300162,1.4132731986275777,0.062393801107119305,8061.698294938571,427281.3376469929
295,SPINE_FRAME,2,1.3776603565143233,1.740423651812307,-0.018248900448149752,-2.908581682245776,1.2143928148178196,0.05422474526991776,9276.207707314932,822874.9594471909
296,SPINE_FRAME,2,1.3776603565143233,-3.351772754729609,0.24835847853302306,3.2891501133604333,-1.4132733290242907,0.062393790786414466,8061.699628443196,427281.6645714149
297,SPINE_LONGERON,1,2.5,1.4247996126192675,-0.7568216186882086,-0.8991872531100853,-1.8745343734808408,0.020703319672264776,24295.620603967414,684884.183467619
298,SPINE_DIAGONAL,3,2.854461080118482,-2.2117956742774822,-0.15610534833941925,-0.27503250029319215,0.0006492395387480698,0.012678043786636931,39674.89057974215,54665.40258361167
299,SPINE_LONGERON,1,2.5,1.4870330625911379,0.9949957317197828,0.1880182997586317,-1.698338185498848,0.018222416189962416,27603.36471060688,656221.266253063
300,SPINE_DIAGONAL,3,2.854461080118482,-0.9735314715378536,0.14147726756012946,0.3613917670198892,-0.3818178006988413,0.020174555510165896,24932.395647901132,124195.98595623637
301,SPINE_LONGERON,1,2.5,1.424808402126473,-0.7568215547351027,1.8745348022367274,-0.8991874593666012,0.02070332663683676,24295.61243095244,684879.9584823812
302,SPINE_DIAGONAL,3,2.854461080118482,-2.211783352414159,-0.1561053778050694,-0.0263945299351811,-0.2737638048838722,0.012678034361361834,39674.92007538378,54665.70712502095
303,SPINE_LONGERON,1,2.5,1.4870012210505479,0.9949957883539078,1.6983381582805563,0.18801792311032983,0.018222405962553923,27603.380203121273,656235.3180882529
304,SPINE_DIAGONAL,3,2.854461080118482,-0.9735378832085644,0.14147721705178107,0.4139739678339698,0.324059087839494,0.020174556895976855,24932.393935269363,124195.16800782441
305,SPINE_LONGERON,1,2.5,1.4247996126194948,-0.7568216186881678,0.8991872531103411,1.874534373486034,0.02070331967230728,24295.620603917538,684884.1834675097
306,SPINE_DIAGONAL,3,2.854461080118482,-2.21179567424133,-0.1561053483394399,0.27503250029323656,-0.0006492395381787475,0.012678043786610924,39674.89057982353,54665.402584505195
307,SPINE_LONGERON,1,2.5,1.4870330625486758,0.9949957317198788,-0.18801829975682693,1.6983381855009796,0.01822241618996562,27603.36471060202,656221.2662718013
308,SPINE_DIAGONAL,3,2.854461080118482,-0.9735314715042023,0.14147726756017853,-0.3613917670198261,0.38181780069916904,0.02017455551014583,24932.39564792593,124195.98596052936
309,SPINE_LONGERON,1,2.5,1.4248084020392753,-0.7568215547348078,-1.8745348022334845,0.899187459367937,0.020703326636786538,24295.61243101138,684879.9585242957
310,SPINE_DIAGONAL,3,2.854461080118482,-2.211783352406883,-0.15610537780503853,0.02639452993559077,0.27376380488397345,0.012678034361360543,39674.92007538782,54665.70712520077
311,SPINE_LONGERON,1,2.5,1.4870012209958645,0.994995788353922,-1.698338158276293,-0.18801792310646448,0.018222405962498158,27603.380203205747,656235.3181123856
312,SPINE_DIAGONAL,3,2.854461080118482,-0.9735378832187962,0.14147721705192207,-0.41397396783334717,-0.32405908783907034,0.020174556895959754,24932.393935290493,124195.16800651913
313,SPINE_FRAME,2,1.3776603565143233,-2.010442781727761,-0.013128975864093236,0.387817257366855,0.14967639882420514,0.008060777110803788,62400.931459304775,712356.0316773617
314,SPINE_FRAME,2,1.3776603565143233,1.6092600959636911,-0.04762547690684524,0.30639531734566816,0.17270011449714406,0.006807287525251991,73891.39920035625,889943.7980834
315,SPINE_FRAME,2,1.3776603565143233,-2.0104434255499655,-0.013128991933589532,0.38781820813601975,0.149676722360927,0.008060794420786367,62400.79745774364,712355.8035532449
316,SPINE_FRAME,2,1.3776603565143233,1.609262527548708,-0.04762548924220747,-0.30639424936513393,-0.1727000551809157,0.0068072726244103755,73891.56094560974,889942.4533842175
317,SPINE_FRAME,2,1.3776603565143233,-2.010442781722304,-0.01312897586412791,-0.387817257364814,-0.149676398825493,0.008060777110776653,62400.93145951483,712356.0316792952
318,SPINE_FRAME,2,1.3776603565143233,1.6092600959600531,-0.04762547690673615,-0.3063953173465954,-0.1727001144985989,0.006807287525275606,73891.3992000999,889943.7980854119
319,SPINE_FRAME,2,1.3776603565143233,-2.0104434255481465,-0.013128991933693865,-0.3878182081355952,-0.14967672236181961,0.008060794420784214,62400.7974577603,712355.8035538895
320,SPINE_FRAME,2,1.3776603565143233,1.609262527557803,-0.04762548924226045,0.30639424936526893,0.17270005518036946,0.006807272624412527,73891.56094558639,889942.4533791878
321,SPINE_LONGERON,1,2.5,0.2820285666227278,-0.11828507649645914,0.14349693611352166,0.43983191537848054,0.004493380800363248,111942.43763166861,3460013.753142581
322,SPINE_DIAGONAL,3,2.854461080118482,0.0787547723869011,-0.027756684014897726,-0.003961452762132112,0.017023728785041214,0.0011070919193392674,454343.484234082,1535255.5445538887
323,SPINE_LONGERON,1,2.5,-0.04691627961676659,0.1335656475924143,-0.11576344062719102,0.2808984120493889,0.003032729492529088,165857.1927496681,20799234.876778137
324,SPINE_DIAGONAL,3,2.854461080118482,-0.35383722110668714,0.015922902669350147,-0.04153808793149594,0.07667003187229104,0.0034607412516068276,145344.58470897132,341707.12902646733
325,SPINE_LONGERON,1,2.5,0.28204377166224504,-0.11828516252720078,-0.4398320489259272,0.14349674223389286,0.004493386672352287,111942.29134451045,3459827.223067704
326,SPINE_DIAGONAL,3,2.854461080118482,0.0787533668544711,-0.027756747300829998,-0.01657806615816715,-0.005537839756393659,0.0011070924015120476,454343.28635352507,1535282.944670765
327,SPINE_LONGERON,1,2.5,-0.04692865980075567,0.13356565935742104,-0.2808985610997681,-0.11576362967766585,0.0030327353363007316,165856.87315977566,20793747.85976764
328,SPINE_DIAGONAL,3,2.854461080118482,-0.3538465399258257,0.015922928186988816,-0.08022215461533122,-0.03417793422240223,0.0034607528304519504,145344.0984210108,341698.1299079952
329,SPINE_LONGERON,1,2.5,0.28202856667780907,-0.11828507649643605,-0.14349693611264058,-0.4398319153797719,0.004493380800390413,111942.43763099186,3460013.7524668267
330,SPINE_DIAGONAL,3,2.854461080118482,0.0787547723721218,-0.02775668401485909,0.003961452762213824,-0.017023728785249048,0.0011070919193356288,454343.48423557525,1535255.544841998
331,SPINE_LONGERON,1,2.5,-0.04691627959920197,0.13356564759239475,0.11576344062822841,-0.28089841204967314,0.0030327294925290866,165857.19274966815,20799234.884565
332,SPINE_DIAGONAL,3,2.854461080118482,-0.3538372211442038,0.01592290266930796,0.04153808793152969,-0.07667003187225863,0.0034607412516369767,145344.58470770513,341707.1289902368
333,SPINE_LONGERON,1,2.5,0.282043771635756,-0.11828516252741572,0.4398320489263752,-0.1434967422339355,0.004493386672347718,111942.29134462427,3459827.223392645
334,SPINE_DIAGONAL,3,2.854461080118482,0.07875336681240697,-0.027756747300841766,0.016578066158253746,0.005537839756345697,0.001107092401492011,454343.28636174806,1535282.9454907975
335,SPINE_LONGERON,1,2.5,-0.04692865986430661,0.1335656593575667,0.28089856109986755,0.11576362967678477,0.003032735336319505,165856.87315874893,20793747.83160868
336,SPINE_DIAGONAL,3,2.854461080118482,-0.353846539944243,0.015922928187034335,0.08022215461534365,0.03417793422227611,0.0034607528304659127,145344.09842042442,341698.1298902102
337,SPINE_FRAME,2,1.3776603565143233,-0.2367009418176167,-0.004879984448093034,-0.05522906984642617,-0.03698337703485244,0.0012473965566889781,403239.8496714918,6050466.174357211
338,SPINE_FRAME,2,1.3776603565143233,-0.344563718599602,0.007509996693076098,0.04746975451693736,-0.01848095796287552,0.0010433341659135985,482108.2414755838,4156418.5797814825
339,SPINE_FRAME,2,1.3776603565143233,-0.23669998186960584,-0.004879959633476328,-0.055228684404783124,-0.03698321770613333,0.00124738913928566,403242.24747383327,6050490.712309952
340,SPINE_FRAME,2,1.3776603565143233,-0.34456221512118645,0.007509960561935499,-0.04746915656699002,0.018481073798122694,0.001043324679142653,482112.6252024804,4156436.7160870503
341,SPINE_FRAME,2,1.3776603565143233,-0.23670094181215973,-0.0048799844481494815,0.05522906984664466,0.03698337703389587,0.001247396556680326,403239.8496742887,6050466.1744967
342,SPINE_FRAME,2,1.3776603565143233,-0.344563718597783,0.007509996693199598,-0.0474697545176852,0.01848095796196514,0.0010433341659190373,482108.24147307064,4156418.5798034244
343,SPINE_FRAME,2,1.3776603565143233,-0.23669998186414887,-0.0048799596335016,0.05522868440569617,0.03698321770591129,0.0012473891392936365,403242.24747125467,6050490.712449442
344,SPINE_FRAME,2,1.3776603565143233,-0.3445622151302814,0.007509960561856325,0.04746915656755668,-0.018481073798601422,0.0010433246791589452,482112.6251949519,4156436.7159773386
345,SPINE_LONGERON,1,2.5,0.0330951716528034,-0.018321567947905848,-0.008652786261961865,-0.10055875068843216,0.00095964129263876,524154.1853799172,29485349.993979186
346,SPINE_DIAGONAL,3,2.854461080118482,-0.032574834141769315,-0.00457302697916151,-0.005281798517386527,-0.0072746888464383375,0.0003776877962888324,1331787.801836564,3711721.153847207
347,SPINE_LONGERON,1,2.5,0.0027730637632430444,0.01750122867830406,0.03974870059516178,-0.05501161818666844,0.0006464367014524116,778111.7607800754,351893357.8911006
348,SPINE_DIAGONAL,3,2.854461080118482,-0.004061255251599505,0.0017398674943049919,0.010220872908343281,-0.010344221931924302,0.0005284287410278985,951878.5806797062,29771263.679979265
349,SPINE_LONGERON,1,2.5,0.0330974051736348,-0.0183216678867808,0.1005589251835716,-0.008652831996442956,0.000959643806857562,524152.81212215364,29483360.226410184
350,SPINE_DIAGONAL,3,2.854461080118482,-0.03256943509404664,-0.004573051741383338,0.006748285355722583,-0.005939652895103009,0.0003776845665567623,1331799.190487716,3712336.4472836764
351,SPINE_LONGERON,1,2.5,0.0027641725703801967,0.017501204692523586,0.05501167269484597,0.03974864088252872,0.0006464337534124359,778115.3093332942,353025252.38484216
352,SPINE_DIAGONAL,3,2.854461080118482,-0.004063379427861946,0.0017398232558849536,0.011255642887947559,0.009207508466246406,0.0005284285564560822,951878.9131559819,29755700.4246312
353,SPINE_LONGERON,1,2.5,0.033095171654679234,-0.018321567947820583,0.008652786262246082,0.10055875068889888,0.0009596412926437819,524154.18537717423,29485349.992307957
354,SPINE_DIAGONAL,3,2.854461080118482,-0.032574834111983364,-0.004573026979127537,0.005281798517332348,0.007274688846630184,0.00037768779626966785,1331787.8019041412,3711721.1572411503
355,SPINE_LONGERON,1,2.5,0.002773063711742907,0.017501228678373337,-0.03974870059500546,0.0550116181883169,0.000646436701446493,778111.7607871997,351893364.42631155
356,SPINE_DIAGONAL,3,2.854461080118482,-0.004061255206579517,0.0017398674942832315,-0.010220872908343281,0.010344221932102826,0.0005284287409952437,951878.5807385283,29771264.010000862
357,SPINE_LONGERON,1,2.5,0.033097405108264866,-0.018321667886963766,-0.10055892518356747,0.008652831997821409,0.0009596438068365815,524152.81213361304,29483360.284642097
358,SPINE_DIAGONAL,3,2.854461080118482,-0.03256943507062715,-0.004573051741385559,-0.006748285355596906,0.005939652895291303,0.00037768456653980485,1331799.190547512,3712336.4499530816
359,SPINE_LONGERON,1,2.5,0.002764172534170939,0.017501204692710104,-0.05501167269446228,-0.03974864088151264,0.0006464337533923785,778115.3093574373,353025257.00929385
360,SPINE_DIAGONAL,3,2.854461080118482,-0.004063379441959114,0.001739823255912043,-0.01125564288797598,-0.009207508466301473,0.0005284285564698242,951878.9131312282,29755700.321399122
361,SPINE_FRAME,2,1.3776603565143233,0.08541293464986666,0.0008265861826664256,-0.005501331569160328,0.008163680194888556,0.00021043756069220822,2390257.700884975,16767378.942976288
362,SPINE_FRAME,2,1.3776603565143233,-0.07303748148478917,0.001379576667732872,-0.010307185421996934,-0.0026618749374653916,0.00021827985596749482,2304381.2163542216,19608439.568172194
363,SPINE_FRAME,2,1.3776603565143233,0.08541293832422525,0.0008266296137604359,-0.0055010842766769485,0.008163813114896001,0.00021043712677663146,2390262.629530717,16767378.221664459
364,SPINE_FRAME,2,1.3776603565143233,-0.0730386994091532,0.0013795836955936614,0.010307020151703483,0.0026618568378111718,0.00021827771060100993,2304403.865218443,19608112.596354738
365,SPINE_FRAME,2,1.3776603565143233,0.08541293464804767,0.0008265861826828192,0.005501331567764112,-0.008163680195562684,0.00021043756068755997,2390257.700937772,16767378.943333374
366,SPINE_FRAME,2,1.3776603565143233,-0.0730374814793322,0.0013795766676534642,0.01030718542201825,0.0026618749365194816,0.00021827985596098218,2304381.2164229755,19608439.56963723
367,SPINE_FRAME,2,1.3776603565143233,0.08541293832604424,0.0008266296137672035,0.0055010842773040025,-0.00816381311542802,0.00021043712679093553,2390262.6293682433,16767378.221307373
368,SPINE_FRAME,2,1.3776603565143233,-0.07303869941461016,0.0013795836955723421,-0.010307020150332136,-0.0026618568376948204,0.00021827771058088557,2304403.8654309004,19608112.59488975
369,SPINE_LONGERON,1,2.5,0.012654175002808188,-0.002710577758328725,0.0023535288740106353,0.021907137808457072,0.00021001254586762463,2395095.0069290223,77114685.00136708
370,SPINE_DIAGONAL,3,2.854461080118482,0.010078715448344155,-0.0007677769671410317,-0.00031214144115310205,0.0019054692497002534,8.128970735720716e-05,6187745.242945618,11996439.584662909
371,SPINE_LONGERON,1,2.5,-0.00993943902335559,0.002412533479795087,-0.010173372960508686,0.01283138199645606,0.00015662819707377973,3211426.8656432386,98176840.46360654
372,SPINE_DIAGONAL,3,2.854461080118482,-0.013783477922515885,0.00011777506463173104,-0.001930577038839587,0.002187281529088203,0.00011626410491533979,4326356.792290022,8772002.367382182
373,SPINE_LONGERON,1,2.5,0.012658302853367331,-0.002710672130167069,-0.02190716576573156,0.0023534884406046785,0.0002100142556715167,2395075.5075728875,77089538.03662083
374,SPINE_DIAGONAL,3,2.854461080118482,0.01007844852119888,-0.0007678112406632742,-0.0018678432195444739,-0.0004891789683476588,8.128882237783365e-05,6187812.608011913,11996757.309694204
375,SPINE_LONGERON,1,2.5,-0.00994058988760571,0.0024124861464738245,-0.012831432618462202,-0.010173453842618585,0.00015662937159107424,3211402.7841037717,98165474.11441027
376,SPINE_DIAGONAL,3,2.854461080118482,-0.013786731390837303,0.00011778004649953822,-0.0023584389871977862,-0.0017173405377555184,0.00011626781918936173,4326218.583155669,8769932.302258795
377,SPINE_LONGERON,1,2.5,0.012654175009856772,-0.0027105777582310253,-0.0023535288737832616,-0.021907137808150862,0.00021001254586692312,2395095.006937023,77114684.95841293
378,SPINE_DIAGONAL,3,2.854461080118482,0.010078715454255871,-0.0007677769671450285,0.00031214144117441833,-0.001905469249697589,8.128970736195589e-05,6187745.242584146,11996439.577626342
379,SPINE_LONGERON,1,2.5,-0.009939439026936725,0.002412533479615675,0.010173372961148175,-0.012831381996910807,0.00015662819708176702,3211426.865479472,98176840.42823386
380,SPINE_DIAGONAL,3,2.854461080118482,-0.013783477947299616,0.00011777506460730613,0.0019305770388751142,-0.0021872815290899794,0.00011626410493674144,4326356.791493636,8772002.351609463
381,SPINE_LONGERON,1,2.5,0.01265830284785352,-0.0027106721300196313,0.021907165765828806,-0.0023534884406899437,0.00021001425567048127,2395075.5075846957,77089538.07020015
382,SPINE_DIAGONAL,3,2.854461080118482,0.010078448498688886,-0.0007678112406477311,0.0018678432195915473,0.000489178968298809,8.128882236099425e-05,6187812.60929375,11996757.336488698
383,SPINE_LONGERON,1,2.5,-0.009940589893687957,0.0024124861464382974,0.01283143261785824,0.01017345384203594,0.00015662937158542466,3211402.7842196063,98165474.05434677
384,SPINE_DIAGONAL,3,2.854461080118482,-0.013786731401296493,0.00011778004650064844,0.0023584389871142974,0.0017173405376613715,0.00011626781919361627,4326218.582997362,8769932.295605559
385,SPINE_FRAME,2,1.3776603565143233,-0.020370995571283856,-0.00013060617664417858,-0.001107962359302661,-0.000656347228232157,3.222391123663695e-05,15609526.612278976,70303438.87192374
386,SPINE_FRAME,2,1.3776603565143233,0.02623600095103029,-0.00012301526637236912,-0.0011348741832932774,0.0007483634336740153,3.641082138964413e-05,13814574.37109787,54587246.150017515
387,SPINE_FRAME,2,1.3776603565143233,-0.02037066485354444,-0.00013057723885704037,-0.001107819611924299,-0.0006563048694454565,3.2221278582397475e-05,15610801.995759087,70304580.24823837
388,SPINE_FRAME,2,1.3776603565143233,0.02623543164554576,-0.00012299730115494046,0.0011347052640680033,-0.0007483353090629308,3.640787367594496e-05,13815692.849218413,54588430.68622178
389,SPINE_FRAME,2,1.3776603565143233,-0.020370995574921835,-0.00013060617659859384,0.0011079623595726673,0.0006563472279168536,3.222391123965634e-05,15609526.610816356,70303438.85936853
390,SPINE_FRAME,2,1.3776603565143233,0.02623600095103029,-0.00012301526634537222,0.0011348741832346576,-0.0007483634340195167,3.641082139201211e-05,13814574.37019944,54587246.150017515
391,SPINE_FRAME,2,1.3776603565143233,-0.02037066485718242,-0.00013057723887530473,0.0011078196118408101,0.0006563048692083129,3.2221278581007704e-05,15610801.996432414,70304580.23568274
392,SPINE_FRAME,2,1.3776603565143233,0.026235431652821717,-0.00012299730119358886,-0.0011347052642776134,0.0007483353090362854,3.640787368238361e-05,13815692.846775137,54588430.67108259
393,SPINE_LONGERON,1,1.0,0.0019844940320581372,-0.0007078434095149078,-3.6313389500719495e-05,-0.006631406475421328,6.249916771939202e-05,8048107.1725364905,3073273034.3666368
394,SPINE_DIAGONAL,3,1.7023360590409793,-0.0005519941933016526,-0.00021083004998900812,-0.0002632671226567851,-0.00021971514119023539,1.4358194748718271e-05,35032259.19434627,615858160.8594447
395,SPINE_LONGERON,1,1.0,-0.0008351430551556405,0.000504567386741428,0.0036739958959515207,-0.003802663322517219,4.9535203001261044e-05,10154394.643082311,7302811126.710716
396,SPINE_DIAGONAL,3,1.7023360590409793,2.2310702661343385e-05,-6.62243853426503e-05,0.0003669613720296283,-0.00038464680723748756,1.922242319891474e-05,26167356.466712188,15237087502.441721
397,SPINE_LONGERON,1,1.0,0.001984847290259495,-0.0007079230188864472,0.00663142832446205,-3.630177161539905e-05,6.249954855296184e-05,8048058.132352108,3072726060.8489614
398,SPINE_DIAGONAL,3,1.7023360590409793,-0.0005509025841092807,-0.0002108347110896247,0.00010787158685718334,-0.00032549190662578553,1.4357313401948876e-05,35034409.70590795,617078479.0227337
399,SPINE_LONGERON,1,1.0,-0.000835434192822504,0.0005045654004121047,0.0038026863483082707,0.003674035856079172,4.95357117113395e-05,10154290.361893708,7300266194.493144
400,SPINE_DIAGONAL,3,1.7023360590409793,2.202322593802819e-05,-6.624958154310967e-05,0.0004923921162429679,0.000200291453470669,1.922068658516819e-05,26169720.721014425,15435982432.748241
401,SPINE_LONGERON,1,1.0,0.001984494015459859,-0.0007078434095149078,3.6313389557562914e-05,0.006631406475384807,6.249916771336312e-05,8048107.173312841,3073273060.0714464
402,SPINE_DIAGONAL,3,1.7023360590409793,-0.0005519941851162002,-0.00021083004998656563,0.0002632671226656669,0.00021971514112451018,1.4358194741519711e-05,35032259.21190989,615858169.9919279
403,SPINE_LONGERON,1,1.0,-0.0008351430813036131,0.0005045673867201117,-0.003673995896122051,0.0038026633232561835,4.9535203016237155e-05,10154394.640012307,7302810898.062823
404,SPINE_DIAGONAL,3,1.7023360590409793,2.231071630376391e-05,-6.622438534398256e-05,-0.0003669613720918008,0.0003846468072410403,1.9222423211786986e-05,26167356.449189287,15237078185.360527
405,SPINE_LONGERON,1,1.0,0.00198484727138748,-0.0007079230188935526,-0.006631428324423877,3.6301772297520074e-05,6.249954854617447e-05,8048058.133226118,3072726090.0645757
406,SPINE_DIAGONAL,3,1.7023360590409793,-0.0005509025777428178,-0.0002108347110900688,-0.00010787158687805554,0.00032549190658848204,1.4357313396338923e-05,35034409.71959724,617078486.1539532
407,SPINE_LONGERON,1,1.0,-0.0008354342003258353,0.000504565400383683,-0.003802686348194584,-0.003674035855681268,4.953571171058283e-05,10154290.362048818,7300266128.926861
408,SPINE_DIAGONAL,3,1.7023360590409793,2.202322502853349e-05,-6.62495815457742e-05,-0.0004923921161754663,-0.00020029145339517385,1.9220686581179018e-05,26169720.726445843,15435983070.209114
409,SPINE_FRAME,2,1.3776603565143233,-0.010495563505173777,-1.5118550040554824e-05,0.0002714187930870082,1.9805369984027266e-05,9.953052077659548e-06,50537261.944908865,136452991.89509994
410,SPINE_FRAME,2,1.3776603565143233,-0.009689068854640936,3.0095517786755965e-05,-0.00046447727211784695,-6.718003493588753e-05,1.2883960756547412e-05,39040789.51376686,147811008.8174265
411,SPINE_FRAME,2,1.3776603565143233,-0.01049546984177141,-1.5142372758643151e-05,0.0002716204912580622,1.9821348749893275e-05,9.956435136812124e-06,50520090.081262946,136454209.62538517
412,SPINE_FRAME,2,1.3776603565143233,-0.009689595684903907,3.010152176276025e-05,0.00046437712181912616,6.717860629379402e-05,1.2882552133236824e-05,39045058.370248415,147802972.22692496
413,SPINE_FRAME,2,1.3776603565143233,-0.010495563503354788,-1.5118550052191173e-05,-0.0002714187929324652,-1.9805370165215663e-05,9.953052074352616e-06,50537261.96170002,136452991.91874865
414,SPINE_FRAME,2,1.3776603565143233,-0.009689068854640936,3.0095517783144352e-05,0.0004644772719846202,6.718003470851386e-05,1.2883960753765163e-05,39040789.5221976,147811008.8174265
415,SPINE_FRAME,2,1.3776603565143233,-0.010495469834495452,-1.5142372770414212e-05,-0.0002716204914641196,-1.9821348897330893e-05,9.956435136769667e-06,50520090.08147837,136454209.7199817
416,SPINE_FRAME,2,1.3776603565143233,-0.009689595677627949,3.0101521761452635e-05,-0.0004643771220607107,-6.717860633465023e-05,1.2882552133675328e-05,39045058.36891937,147802972.33791083
417,SPINE_LONGERON,1,1.5,0.0009933925302902935,-0.00012942900098167343,5.095918513120523e-05,0.0007450073534732563,7.347829073379746e-06,68455593.47893724,2728648124.5361166
418,SPINE_DIAGONAL,3,2.036651187098854,0.0008443269957751909,-3.7585578274601517e-05,-4.295049240532478e-05,7.1091539890488775e-06,2.5475455927425908e-06,197444945.21822837,281294876.7097263
419,SPINE_LONGERON,1,1.5,-0.0006759598551298041,0.00010452546008821173,-0.00047991749363518466,0.0004996645964752133,6.716532137941596e-06,74889837.44432043,4010029063.3151264
420,SPINE_DIAGONAL,3,2.036651187098854,-0.0008417719823228254,5.05445211462785e-07,-8.829816527899936e-05,8.43387550135688e-05,5.083264299152093e-06,98952163.49146006,282148685.3528835
421,SPINE_LONGERON,1,1.5,0.0009938354133964822,-0.0001294725237670491,-0.0007449965689753431,5.097079636584567e-05,7.3479380704336764e-06,68454578.02971287,2727432156.4383807
422,SPINE_DIAGONAL,3,2.036651187098854,0.0008443983801953436,-3.760412288222881e-05,2.300711119840315e-06,-4.348464233139282e-05,2.5482009394825828e-06,197394166.29448977,281271096.3802789
423,SPINE_LONGERON,1,1.5,-0.0006752477463578543,0.00010448913007721217,-0.0004996616543735399,-0.00047993229907206114,6.716327130102511e-06,74892123.3668859,4014257995.4176955
424,SPINE_DIAGONAL,3,2.036651187098854,-0.0008422261103078199,5.102272999657487e-07,-0.00010133586194793764,-6.81542761569176e-05,5.084283941618104e-06,98932318.84290026,281996550.8935264
425,SPINE_LONGERON,1,1.5,0.000993392520172165,-0.00012942900104917499,-5.095918484698814e-05,-0.0007450073536267818,7.347829071235304e-06,68455593.49891579,2728648152.328567
426,SPINE_DIAGONAL,3,2.036651187098854,0.0008443269875897386,-3.758557827682196e-05,4.2950492391113926e-05,-7.10915401569423e-06,2.5475455864371687e-06,197444945.70692375,281294879.43678087
427,SPINE_LONGERON,1,1.5,-0.0006759598651342458,0.00010452546012729158,0.0004799174940330886,-0.0004996645967310087,6.716532145637669e-06,74889837.35850863,4010029003.965298
428,SPINE_DIAGONAL,3,2.036651187098854,-0.0008417719941462565,5.054452043573576e-07,8.829816525590672e-05,-8.43387550215624e-05,5.083264308550727e-06,98952163.30850376,282148681.38985604
429,SPINE_LONGERON,1,1.5,0.0009938354038467878,-0.00012947252384165608,0.0007449965691237871,-5.09707964511108e-05,7.347938068676325e-06,68454578.04608464,2727432182.646084
430,SPINE_DIAGONAL,3,2.036651187098854,0.0008443983738288807,-3.760412289377513e-05,-2.3007110747652604e-06,4.348464230474747e-05,2.5482009340338117e-06,197394166.71657407,281271098.50096273
431,SPINE_LONGERON,1,1.5,-0.0006752477492000253,0.00010448913000971061,0.0004996616545724919,0.0004799322989583743,6.7163271316022004e-06,74892123.35016322,4014257978.5213675
432,SPINE_DIAGONAL,3,2.036651187098854,-0.0008422261089435779,5.102272906398753e-07,0.0001013358619950111,6.815427615336489e-05,5.084283941818023e-06,98932318.83901016,281996551.3503058
433,SPINE_FRAME,2,1.3776603565143233,0.0005604580892395461,-6.88602071431189e-07,9.149795110552361e-05,2.8718332136357105e-05,1.9082962043662196e-06,263585914.41366702,2555322279.047107
434,SPINE_FRAME,2,1.3776603565143233,0.0010639528718456859,3.0396916108864494e-06,-0.00012069711933726524,2.466886774410426e-05,2.626940542239051e-06,191477497.07774967,1346066240.1536345
435,SPINE_FRAME,2,1.3776603565143233,0.0005602844667009776,-7.070423586684783e-07,9.164904824210396e-05,2.8725141301144674e-05,1.9106833972673198e-06,263256592.2325991,2556114129.557547
436,SPINE_FRAME,2,1.3776603565143233,0.0010637396771926433,3.0473629113124447e-06,0.00012060172074690456,-2.4667103397213452e-05,2.625246494871479e-06,191601055.7418627,1346336018.682343
437,SPINE_FRAME,2,1.3776603565143233,0.0005604580801445991,-6.886021152547424e-07,-9.149795065077626e-05,-2.871833243123234e-05,1.908296193889854e-06,263585915.86072877,2555322320.5141172
438,SPINE_FRAME,2,1.3776603565143233,0.0010639528754836647,3.039691626065014e-06,0.00012069711887718881,-2.4668867709465303e-05,2.6269405363512454e-06,191477497.50691137,1346066235.5510242
439,SPINE_FRAME,2,1.3776603565143233,0.0005602844557870412,-7.07042361446128e-07,-9.164904862402068e-05,-2.8725141108409957e-05,1.910683396900759e-06,263256592.28310433,2556114179.348804
440,SPINE_FRAME,2,1.3776603565143233,0.001063739684468601,3.047362924174379e-06,-0.0001206017210293453,2.466710306681108e-05,2.6252465021414645e-06,191601055.21126992,1346336009.4734323
441,SPINE_LONGERON,1,2.5,0.0002592132890413268,-2.1805480580283643e-05,1.079053510011363e-05,-8.64455555628111e-05,9.148910246504811e-07,549792255.5226321,3764555138.753515
442,SPINE_DIAGONAL,3,2.854461080118482,0.00014465687286246975,-4.806566470394458e-06,-2.4742217554774015e-06,-5.194086234006079e-06,3.5914013161364167e-07,1400567510.3475235,835831015.6616025
443,SPINE_LONGERON,1,2.5,8.11167740835117e-05,1.813676361983596e-05,5.841436551179413e-05,-4.640069978734118e-05,7.350188493749552e-07,684336191.4156905,12029851166.037416
444,SPINE_DIAGONAL,3,2.854461080118482,-0.00011878510531460051,1.2907983935050993e-06,1.1590751393342202e-05,-8.998746807264979e-06,6.267734110774823e-07,802522875.2689043,1017877625.7077398
445,SPINE_LONGERON,1,2.5,0.0002592979085420666,-2.1846149296678163e-05,8.644797295574172e-05,1.0800117138387577e-05,9.150149958572595e-07,549717766.6785113,3763326610.617133
446,SPINE_DIAGONAL,3,2.854461080118482,0.00014467358664660424,-4.811444762164996e-06,4.9352077369224645e-06,-2.9506330703199524e-06,3.591086470566872e-07,1400690303.95862,835734454.1572361
447,SPINE_LONGERON,1,2.5,8.161927473793185e-05,1.811873167945066e-05,4.639811707818353e-05,5.842162038049992e-05,7.351968575096734e-07,684170497.8225942,11955787679.159832
448,SPINE_DIAGONAL,3,2.854461080118482,-0.00011859652886414551,1.2821873029977837e-06,1.0039042256160258e-05,1.0686635873558004e-05,6.261892942551077e-07,803271478.1531849,1019496119.5329125
449,SPINE_LONGERON,1,2.5,0.00025921326476918694,-2.180548060515264e-05,-1.0790534702209698e-05,8.644555534347939e-05,9.148910140503298e-07,549792261.8926598,3764555491.2578855
450,SPINE_DIAGONAL,3,2.854461080118482,0.0001446568808205484,-4.80656646617561e-06,2.4742218167617125e-06,5.19408617716266e-06,3.591401367418019e-07,1400567490.348827,835830969.6796284
451,SPINE_LONGERON,1,2.5,8.111676424960024e-05,1.8136763612730533e-05,-5.841436529863131e-05,4.640069979444661e-05,7.350188445648996e-07,684336195.8940725,12029852624.434978
452,SPINE_DIAGONAL,3,2.854461080118482,-0.00011878510963470035,1.2907983972798576e-06,-1.1590751391565846e-05,8.99874681259405e-06,6.267734147255598e-07,802522870.5978931,1017877588.6885126
453,SPINE_LONGERON,1,2.5,0.00025929791092949017,-2.1846149188320396e-05,-8.64479728466908e-05,-1.0800117323128688e-05,9.150149957201017e-07,549717766.7609123,3763326575.967202
454,SPINE_DIAGONAL,3,2.854461080118482,0.0001446735750505468,-4.81144477104678e-06,-4.935207731149305e-06,2.9506330623263466e-06,3.591086381382434e-07,1400690338.7446887,835734521.14407
455,SPINE_LONGERON,1,2.5,8.161929002881152e-05,1.8118731643923525e-05,-4.639811663054161e-05,-5.842162061497902e-05,7.351968617539102e-07,684170493.8729286,11955785439.315418
456,SPINE_DIAGONAL,3,2.854461080118482,-0.00011859654364343442,1.2821873041080067e-06,-1.003904221530405e-05,-1.0686635889101126e-05,6.261893058868655e-07,803271463.2320433,1019495992.4851316
457,SPINE_FRAME,2,1.3776603565143233,-1.1927853847737424e-05,-1.8876371758981232e-06,1.7063224143853972e-05,-2.5207019174189327e-06,2.9923878661256477e-07,1680931826.0311363,120067789242.54228
458,SPINE_FRAME,2,1.3776603565143233,-8.043976413318887e-05,1.9682913916244933e-06,-2.0988061139703973e-05,-4.627460693740204e-06,4.056906452244987e-07,1239860977.6216378,17804018414.75675
459,SPINE_FRAME,2,1.3776603565143233,-1.1882730177603662e-05,-1.9025398380471978e-06,1.7121350699866866e-05,-2.5266370000665006e-06,3.0021964650356676e-07,1675439984.884614,120523736590.87828
460,SPINE_FRAME,2,1.3776603565143233,-8.055957914621104e-05,1.970406995574149e-06,2.0950863262925168e-05,4.623063351694157e-06,4.0512459332511385e-07,1241593347.5466418,17777538774.21221
461,SPINE_FRAME,2,1.3776603565143233,-1.192785202874802e-05,-1.8876371379879744e-06,-1.706322394312565e-05,2.5207019147543974e-06,2.9923878228628173e-07,1680931850.3334234,120067807552.7993
462,SPINE_FRAME,2,1.3776603565143233,-8.043975685723126e-05,1.968291392339781e-06,2.098806094963379e-05,4.627460889139456e-06,4.056906391061145e-07,1239860996.3204813,17804020025.17041
463,SPINE_FRAME,2,1.3776603565143233,-1.1882726539624855e-05,-1.9025398278040115e-06,-1.7121350598614526e-05,2.5266373322452296e-06,3.002196437741904e-07,1675440000.1164827,120523773490.05272
464,SPINE_FRAME,2,1.3776603565143233,-8.055958096520044e-05,1.970407016207634e-06,-2.095086332865037e-05,-4.623063672326566e-06,4.0512459652022256e-07,1241593337.7545292,17777538372.805523
465,SPINE_LONGERON,1,2.0,-0.00015748699013329315,3.5638541149296543e-06,1.5455114379392398e-06,-1.9415914400915795e-05,2.3678777637081157e-07,2124265060.0861168,9681580666.478926
466,SPINE_DIAGONAL,3,2.4285691379722283,9.405414402863244e-06,1.4423175787037223e-06,-3.976552873652395e-06,-1.737120433276118e-06,1.6968692174105934e-07,2964282661.4980574,17759344346.64837
467,SPINE_LONGERON,1,2.0,-0.00019887117616690375,-3.0891796320986487e-06,1.3300534135396447e-05,-1.5805937650270607e-05,2.614414906101813e-07,1923948638.856222,7666887822.983537
468,SPINE_DIAGONAL,3,2.4285691379722283,1.1589122095756466e-05,-3.0125327121766077e-07,-3.283221230887534e-06,1.2183018731626305e-06,1.3570585452887372e-07,3706546056.883479,14412997958.191893
469,SPINE_LONGERON,1,2.0,-0.00015722546106644586,3.593231056697732e-06,1.9420832521408488e-05,1.554402459191806e-06,2.3677872763337674e-07,2124346241.0138242,9697685022.224722
470,SPINE_DIAGONAL,3,2.4285691379722283,9.189326647174312e-06,1.4460176287478532e-06,2.2671291093345758e-06,-3.701874264905314e-06,1.6959728231851406e-07,2965849411.7572904,18176956758.277485
471,SPINE_LONGERON,1,2.0,-0.00019917392125989863,-3.0676863893575046e-06,1.5806314436872526e-05,1.3301317338232366e-05,2.6153628802415064e-07,1923251277.2894914,7655234125.289241
472,SPINE_DIAGONAL,3,2.4285691379722283,1.1830636594822863e-05,-3.0173295573199255e-07,-1.654819697272103e-06,-3.0856318247174386e-06,1.3588486706007803e-07,3701663112.9175806,14118766286.547022
473,SPINE_LONGERON,1,2.0,-0.00015748698297102237,3.5638540936133722e-06,-1.5455114947826587e-06,1.9415914335121548e-05,2.3678777333809867e-07,2124265087.2931213,9681581106.78263
474,SPINE_DIAGONAL,3,2.4285691379722283,9.405418495589402e-06,1.4423175631606e-06,3.976552875428752e-06,1.7371204021898734e-06,1.6968692451047115e-07,2964282613.1188474,17759336618.748417
475,SPINE_LONGERON,1,2.0,-0.00019887116889094614,-3.0891796214405076e-06,-1.3300534590143798e-05,1.5805937394475222e-05,2.6144148900386945e-07,1923948650.6770751,7666888103.486493
476,SPINE_DIAGONAL,3,2.4285691379722283,1.1589127097977325e-05,-3.012532774349097e-07,3.28322122200575e-06,-1.2183018873734852e-06,1.3570585855761248e-07,3706545946.846184,14412991737.10221
477,SPINE_LONGERON,1,2.0,-0.0001572254506072568,3.593230925247326e-06,-1.9420832784085904e-05,-1.5544026439329173e-06,2.367787264764109e-07,2124346251.393963,9697685667.348783
478,SPINE_DIAGONAL,3,2.4285691379722283,9.18931573323789e-06,1.4460176387398604e-06,-2.2671291173281816e-06,3.7018742240491065e-06,1.6959727261598066e-07,2965849581.4313216,18176978346.625973
479,SPINE_LONGERON,1,2.0,-0.000199173917508233,-3.067686439095496e-06,-1.5806314351607398e-05,-1.3301317736136298e-05,2.6153628853985955e-07,1923251273.4971387,7655234269.48422
480,SPINE_DIAGONAL,3,2.4285691379722283,1.1830646599264583e-05,-3.0173292331348023e-07,1.6548196315469e-06,3.085631830046509e-06,1.3588487431891624e-07,3701662915.1783266,14118754347.18485
481,SPINE_FRAME,2,1.3776603565143233,0.0002753369317360921,-4.639606609062873e-07,2.783575604681232e-06,3.581244762962399e-06,2.170908079202312e-07,2317002754.8325515,5201449122.265544
482,SPINE_FRAME,2,1.3776603565143233,0.000260541339230258,6.620445613329953e-07,-2.1515861821086446e-06,6.237439035494674e-06,2.445401790534437e-07,2056921696.6593883,5496828434.739469
483,SPINE_FRAME,2,1.3776603565143233,0.00027547141507966444,-4.787311307768324e-07,2.787763159872725e-06,3.576399420168741e-06,2.1714498549440898e-07,2316424663.709083,5198909808.815611
484,SPINE_FRAME,2,1.3776603565143233,0.0002605886165838456,6.660554463090042e-07,2.1412560631262068e-06,-6.241842276821785e-06,2.445801633500029e-07,2056585428.3128805,5495831171.294403
485,SPINE_FRAME,2,1.3776603565143233,0.0002753369353740709,-4.63960593489598e-07,-2.78357602745416e-06,-3.5812447576333284e-06,2.170908140583655e-07,2317002689.3204565,5201449053.539705
486,SPINE_FRAME,2,1.3776603565143233,0.00026054134468722623,6.620445288541712e-07,2.1515868340316047e-06,-6.237438813450069e-06,2.445401818568874e-07,2056921673.0785432,5496828319.6098795
487,SPINE_FRAME,2,1.3776603565143233,0.00027547142417461146,-4.787311032850584e-07,-2.787762714007158e-06,-3.5763993002646544e-06,2.171449838753767e-07,2316424680.9803376,5198909637.1687355
488,SPINE_FRAME,2,1.3776603565143233,0.0002605886256787926,6.660555151198691e-07,-2.1412557575928304e-06,6.241842299914424e-06,2.4458016671155453e-07,2056585400.0468185,5495830979.481375
489,RING1_SPOKE,5,10.2,17.36541670130532,0.0856557512494643,6.699924564285896,0.023549330620012007,0.14398404197120854,3493.4426976329873,1171.8633100650895
490,RING1_HUB_LINK,6,0.7121802136903782,-4.107787478660782,0.2163067745169842,37.12825892119052,-0.03031919241118164,0.5391936978040057,932.8744049653898,1643076.008887156
491,RING1_SPOKE,5,10.800000553501143,-40.77094158286849,0.06839603911605178,11.324749872511692,0.10716963328595266,0.24969306956359894,2014.4732125690084,445.2092847815032
492,RING1_HUB_LINK,6,0.7121802136903782,9.780646614357522,0.21514721160444195,-35.25626012648328,-0.0015580708040721092,0.5147809088410951,977.1147129997167,690077.7956629967
493,RING1_SPOKE,5,10.800000553501143,49.34205681888852,0.07570255019513487,11.203081105569153,-0.08394857414272397,0.25199464766958285,1996.0741414616757,367.872823149698
494,RING1_SPOKE,5,10.2,17.36542463254313,0.08565575391611222,-6.699924073436824,-0.02354901636214979,0.1439840364968445,3493.442830455886,1171.862774844858
495,RING1_HUB_LINK,6,0.7121802136903782,-4.107789701239653,0.21630705132276118,37.128252618320886,-0.030319451061367353,0.5391936076706223,932.8745609077548,1643075.1198771806
496,RING1_SPOKE,5,10.800000553501143,-40.770940305068194,0.06839602386533947,-11.324748751470198,-0.10716996329347397,0.24969304643715626,2014.4733991484902,445.2092987347883
497,RING1_HUB_LINK,6,0.7121802136903782,9.780641836149584,0.2151468844877127,35.25626664749697,0.0015578197537857719,0.5147810009246574,977.114538214316,690078.1327917104
498,RING1_SPOKE,5,10.800000553501143,49.342052898913835,0.07570255224340326,-11.203080878434593,0.08394823035082774,0.2519946408932724,1996.0741951374919,367.8728523753193
499,RING1_SPOKE,5,10.2,17.365416701299864,0.08565575124975511,-6.699924564285915,-0.02354933061778855,0.14398404197120582,3493.4426976330533,1171.8633100654579
500,RING1_HUB_LINK,6,0.7121802136903782,-4.107787478661521,0.21630677451532399,-37.12825892118968,0.030319192409749007,0.5391936978039938,932.8744049654103,1643076.0088868602
501,RING1_SPOKE,5,10.800000553501143,-40.77094158287068,0.06839603911605346,-11.324749872511433,-0.10716963328410181,0.24969306956359458,2014.4732125690432,445.2092847814793
502,RING1_HUB_LINK,6,0.7121802136903782,9.780646614356556,0.21514721160545514,35.25626012648375,0.0015580708054478976,0.5147809088411017,977.1147129997041,690077.7956630649
503,RING1_SPOKE,5,10.800000553501143,49.342056818887386,0.07570255019485783,-11.203081105569218,0.08394857414427306,0.2519946476695837,1996.074141461669,367.87282314970645
504,RING1_SPOKE,5,10.2,17.365424632540016,0.08565575391573158,6.699924073436813,0.023549016360985428,0.14398403649684244,3493.442830455936,1171.862774845068
505,RING1_HUB_LINK,6,0.7121802136903782,-4.107789701238914,0.21630705132224337,-37.12825261832119,0.030319451061668,0.5391936076706264,932.8745609077478,1643075.119877476
506,RING1_SPOKE,5,10.800000553501143,-40.77094030506481,0.0683960238650005,11.324748751470175,0.10716996329352332,0.24969304643715387,2014.4733991485095,445.20929873482527
507,RING1_HUB_LINK,6,0.7121802136903782,9.780641836147709,0.21514688448640618,-35.25626664749614,-0.001557819753438494,0.5147810009246444,977.1145382143407,690078.1327918428
508,RING1_SPOKE,5,10.800000553501143,49.34205289891236,0.07570255224306963,11.203080878434433,-0.08394823035000966,0.2519946408932682,1996.074195137525,367.87285237533035
509,RING1_CIRCUMFERENCE,4,6.211657042450509,-11.440595963897067,0.003998766475531691,3.595866583053912,0.0999734464814217,0.024018643586528263,20942.065199806955,27604.943158171835
510,RING1_CIRCUMFERENCE,4,6.211657301079158,27.766755713724706,0.01953614548276566,8.811001754475422,0.006070781356336763,0.05876069585678278,8560.143692408954,11373.924207651073
511,RING1_CIRCUMFERENCE,4,6.211657042450509,44.601984358807385,-0.0036374783851407105,3.5330695340163025,0.020550974253948917,0.03271462452221032,15375.386615197362,7080.783642681707
512,RING1_CIRCUMFERENCE,4,6.211657042450509,-11.440599627647316,0.003998768442892826,3.595866002633535,0.09997373257772324,0.02401864126527961,20942.06722372413,27604.934317934378
513,RING1_CIRCUMFERENCE,4,6.211657301079158,27.766752957715653,0.01953615788744812,8.811001190882324,0.006071360674330117,0.05876069183263711,8560.144278638694,11373.925336578108
514,RING1_CIRCUMFERENCE,4,6.211657042450509,44.60197957131459,-0.0036374870358937897,-3.5330693702278317,-0.020551284349904275,0.032714622272371915,15375.387672588002,7080.784402719737
515,RING1_CIRCUMFERENCE,4,6.211657042450509,-11.440595963897067,0.003998766475001268,-3.5958665830539083,-0.09997344648266382,0.024018643586528436,20942.065199806802,27604.943158171835
516,RING1_CIRCUMFERENCE,4,6.211657301079158,27.766755713710154,0.019536145482063637,-8.81100175447538,-0.006070781354650556,0.058760695856778525,8560.143692409572,11373.924207657034
517,RING1_CIRCUMFERENCE,4,6.211657042450509,44.60198435878556,-0.003637478385895225,-3.5330695340163203,-0.020550974252371512,0.0327146245222044,15375.386615200145,7080.783642685172
518,RING1_CIRCUMFERENCE,4,6.211657042450509,-11.440599627654592,0.003998768443504656,-3.59586600263353,-0.09997373257904907,0.024018641265281786,20942.067223722235,27604.93431791682
519,RING1_CIRCUMFERENCE,4,6.211657301079158,27.766752957730205,0.019536157886881657,-8.811001190882306,-0.00607136067605718,0.05876069183264099,8560.144278638129,11373.925336572147
520,RING1_CIRCUMFERENCE,4,6.211657042450509,44.60197957130731,-0.003637487036820583,3.533069370227869,0.020551284351059573,0.03271462227237018,15375.387672588817,7080.784402720892
521,RING2_SPOKE,5,10.2,17.32339888120068,0.09770630695095925,-6.674616081690257,0.012148980710421808,0.14345498082858008,3506.326494170699,1174.7056588493674
522,RING2_HUB_LINK,6,0.7121802136903782,9.65544733184106,0.2418584821394809,-35.404589744450846,-0.028974693740828172,0.5168702098717077,973.1650042761208,699025.8269585157
523,RING2_SPOKE,5,10.800000553501143,49.22737380488144,0.07755733067135559,-11.203680335181874,0.11604751857881727,0.2519490940397254,1996.4350414401206,368.7298415292955
524,RING2_HUB_LINK,6,0.7121802136903782,-4.002665502393938,0.23810847756957476,37.266322181797875,-0.0065885608426157205,0.5411431567698405,929.5137408786201,1686228.102687538
525,RING2_SPOKE,5,10.800000553501143,-40.68384310509762,0.08273278579079067,-11.32465540813362,-0.09667456115262178,0.24964237443366666,2014.8822936854972,446.1624162468309
526,RING2_SPOKE,5,10.2,17.32339924649004,0.09770630494069765,6.674615996362679,-0.012148923117103402,0.14345497931720572,3506.3265311117098,1174.7056340789704
527,RING2_HUB_LINK,6,0.7121802136903782,9.65544816791953,0.24185850695278144,-35.4045883542351,-0.028974719022720308,0.5168701901518861,973.1650414046703,699025.7664289128
528,RING2_SPOKE,5,10.800000553501143,49.227374243927386,0.07755732838299752,11.20368026489507,-0.11604755001395806,0.2519490928796296,1996.4350506326757,368.7298382406915
529,RING2_HUB_LINK,6,0.7121802136903782,-4.002664810568604,0.2381084404017748,-37.26632356621542,0.00658853686998917,0.5411431764733262,929.5137070342302,1686228.3941372037
530,RING2_SPOKE,5,10.800000553501143,-40.68384294933995,0.08273278456917445,11.324655531294239,0.09667452591596747,0.24964237681105908,2014.8822744973852,446.16241795495915
531,RING2_SPOKE,5,10.2,17.323398881176693,0.09770630694957354,6.6746160816902655,-0.0121489806646123,0.14345498082856503,3506.3264941710668,1174.705658850994
532,RING2_HUB_LINK,6,0.7121802136903782,9.655447331853793,0.24185848210984506,35.404589744454086,0.028974693724595824,0.5168702098717581,973.165004276026,699025.8269575939
533,RING2_SPOKE,5,10.800000553501143,49.22737380489025,0.07755733066740608,11.20368033518243,-0.11604751855343162,0.25194909403973587,1996.4350414400378,368.72984152922953
534,RING2_HUB_LINK,6,0.7121802136903782,-4.002665502383024,0.23810847757395437,-37.26632218179583,0.006588560857791137,0.541143156769806,929.5137408786794,1686228.1026921356
535,RING2_SPOKE,5,10.800000553501143,-40.683843105100294,0.0827327857852084,11.32465540813298,0.09667456116718089,0.24964237443365725,2014.8822936855731,446.1624162468016
536,RING2_SPOKE,5,10.2,17.323399246490187,0.09770630493369026,-6.674615996362622,0.012148923117331165,0.14345497931720322,3506.3265311117707,1174.7056340789604
537,RING2_HUB_LINK,6,0.7121802136903782,9.655448167917712,0.24185850695739064,35.40458835423391,0.028974719040132157,0.5168701901518684,973.1650414047034,699025.7664290444
538,RING2_SPOKE,5,10.800000553501143,49.22737424393415,0.07755732837592713,-11.203680264894983,0.11604755003043984,0.25194909287963435,1996.435050632638,368.7298382406408
539,RING2_HUB_LINK,6,0.7121802136903782,-4.0026648105740605,0.2381084403704412,37.266323566217864,-0.006588536850555826,0.5411431764733617,929.513707034169,1686228.3941349047
540,RING2_SPOKE,5,10.800000553501143,-40.683842949356006,0.08273278456543277,-11.32465553129618,-0.09667452588742809,0.24964237681110163,2014.8822744970419,446.16241795478305
541,RING2_CIRCUMFERENCE,4,6.211657042450509,-44.51898296318541,0.004551923942408737,-3.5274792435142714,0.09602231429479557,0.032666706724252564,15397.940301908686,7093.985088117373
542,RING2_CIRCUMFERENCE,4,6.211657301079158,-27.689778088475578,-0.021372279953792213,-8.807250506601495,0.07288313653039213,0.05871961638985419,8566.13225570919,11405.543734267392
543,RING2_CIRCUMFERENCE,4,6.211657042450509,11.370548766106367,-0.003463493500934202,-3.589810712314705,0.04038743833866221,0.023957568753862887,20995.452634103236,27775.000817936278
544,RING2_CIRCUMFERENCE,4,6.211657042450509,-44.5189832415781,0.004551927029789304,-3.5274792168650464,0.09602236991328383,0.03266670665448154,15397.940334796298,7093.985043756216
545,RING2_CIRCUMFERENCE,4,6.211657301079158,-27.689778684609337,-0.02137228150141383,-8.807250535156445,0.07288311162677297,0.0587196167175104,8566.132207910063,11405.54348871723
546,RING2_CIRCUMFERENCE,4,6.211657042450509,11.370548727514688,-0.0034634931593196874,3.589810766034468,-0.040387497075845324,0.023957569059088392,20995.452366615846,27775.00091220472
547,RING2_CIRCUMFERENCE,4,6.211657042450509,-44.51898296314175,0.004551923952801271,3.5274792435144384,-0.09602231431531605,0.032666706724244876,15397.94030191231,7093.985088124329
548,RING2_CIRCUMFERENCE,4,6.211657301079158,-27.689778088461026,-0.02137227994286114,8.807250506601498,-0.07288313655886336,0.05871961638985151,8566.132255709581,11405.543734273388
549,RING2_CIRCUMFERENCE,4,6.211657042450509,11.370548766135471,-0.0034634935094839045,3.5898107123148506,-0.04038743834571101,0.023957568753872182,20995.45263409509,27775.000817865184
550,RING2_CIRCUMFERENCE,4,6.211657042450509,-44.51898324156355,0.0045519270422408435,3.5274792168649007,-0.09602236990050272,0.03266670665447474,15397.940334799505,7093.9850437585355
551,RING2_CIRCUMFERENCE,4,6.211657301079158,-27.68977868462389,-0.021372281479005113,8.807250535156705,-0.07288311158518379,0.05871961671751368,8566.132207909584,11405.543488711237
552,RING2_CIRCUMFERENCE,4,6.211657042450509,11.370548727514688,-0.003463493158624431,-3.5898107660348053,0.04038749709569345,0.02395756905909165,20995.452366612994,27775.00091220472
553,PROP_BOOM,6,1.4000000000000001,-0.001566875946496885,2.77646556810106e-05,-0.00017902435642349457,-0.0010148634375995906,1.565466861109745e-05,32130989.96189724,1114691638.471492
554,PROP_BOOM,6,2.309573527890154,-0.0006692732270129871,-8.214602750504284e-05,2.5220957134842336e-05,-0.00018553837519882875,3.1954136887418793e-06,157413107.97164565,958911197.518218
555,PROP_BOOM,6,1.533797120124469,-0.0006880506856021463,-0.0001075260867605214,-0.0001994444377993874,0.0006613881798470679,1.0408081816301034e-05,48327829.1694639,2114896704.5079908
556,PROP_BOOM,6,1.8717336298098084,-0.00018404463998744104,0.00012786097263718706,-9.87883579147983e-05,-0.00038659333402788214,6.075673030411647e-06,82789181.95272271,5309262126.247581
557,PROP_BOOM,6,1.533797120124469,-6.482410673326697e-05,-4.558126535865933e-05,-6.43499531687395e-05,0.0006651340263197594,9.716866173434238e-06,51765660.96744177,22447762118.836475
558,PROP_BOOM,6,2.7784885065375025,-0.0011916266051435068,-2.1242670156148955e-06,0.00018729629383663337,-6.544902385951858e-05,3.4329399497792074e-06,146521642.4867411,372124297.78436995
559,PROP_BOOM,6,1.4000000000000001,-0.00156687610633169,2.7764655694559528e-05,0.0001790243526413191,0.0010148634376410744,1.5654668677541844e-05,32130989.82552104,1114691524.763382
560,PROP_BOOM,6,2.309573527890154,-0.0006692732225989156,-8.214602755251564e-05,-2.5220956141177435e-05,0.0001855383743775477,3.1954136739815717e-06,157413108.69877088,958911203.8425449
561,PROP_BOOM,6,1.533797120124469,-0.0006880508290954989,-0.00010752608670320363,0.00019944443960016157,-0.0006613881792324447,1.0408081882322287e-05,48327828.86290753,2114896263.4452004
562,PROP_BOOM,6,1.8717336298098084,-0.00018404464280315572,0.00012786097257221584,9.878835605360212e-05,0.00038659333214198917,6.075672999542533e-06,82789182.37335573,5309262045.020726
563,PROP_BOOM,6,1.533797120124469,-6.482402126746674e-05,-4.558126546028072e-05,6.434995072479279e-05,-0.0006651340263753043,9.716866130674695e-06,51765661.19523908,22447791714.59304
564,PROP_BOOM,6,2.7784885065375025,-0.0011916265968194013,-2.1242670615761637e-06,-0.0001872962936130959,6.54490241829083e-05,3.4329399443485615e-06,146521642.71852705,372124300.38384354
565,DOCK_LINK,7,1.0770329614269003,-0.0002484749226141503,-1.0977874271844712e-06,-5.852995059285604e-06,6.706623189423055e-05,1.0914037803192867e-06,460874342.8145805,11876948550.593374
566,DOCK_LINK,7,1.0770335194126097,-0.0002753246688484978,1.1191189877024499e-06,-2.226164110652462e-05,7.018483964316147e-05,1.195361944072619e-06,420793051.421957,10718693775.347942
567,DOCK_LINK,7,1.0770329614269003,-0.00024842511743372597,-1.0795186629053433e-06,5.866844361435142e-06,-6.702565841187891e-05,1.090810053623402e-06,461125196.2054787,11879329684.882704
568,DOCK_LINK,7,1.0770335194126097,-0.00027546680934165124,1.1313076351271434e-06,-2.8947209386842587e-05,-6.776223970916817e-05,1.196233174472802e-06,420486582.99555993,10713162944.164215
569,DOCK_LINK,7,1.0770329614269003,-0.0002484749194309188,-1.0977873960982265e-06,5.8529950308638945e-06,-6.706623279484347e-05,1.0914037917592061e-06,460874337.98376954,11876948702.749882
570,DOCK_LINK,7,1.0770335194126097,-0.00027532467464652655,1.1191187692105586e-06,2.226164170338052e-05,-7.018483859155822e-05,1.1953619348818435e-06,420793054.6573072,10718693549.624277
571,DOCK_LINK,7,1.0770329614269003,-0.0002484251169221352,-1.0795180171996321e-06,-5.866839899226761e-06,6.702565885774447e-05,1.0908100540786574e-06,461125196.01302564,11879329709.346235
572,DOCK_LINK,7,1.0770335194126097,-0.00027546681172907483,1.1313072487695308e-06,2.8947209045782074e-05,6.776224037707834e-05,1.196233182489668e-06,420486580.1775604,10713162851.31507
573,DOCK_RING,7,0.612293261803525,0.0002935331758635584,2.56146003290518e-07,-4.7392082649366785e-06,4.366205995509631e-05,7.739333696425734e-07,649926750.4543719,31107798327.963036
574,DOCK_RING,7,0.612293261803525,-0.00028315550662227906,4.881351470952998e-07,-8.969859827345772e-06,-3.19738999969843e-05,6.140850198157829e-07,819104820.6173359,32247901325.51012
575,DOCK_RING,7,0.612293261803525,0.0002935106967925094,2.7078416348429136e-07,-4.736614720002308e-06,4.3725401635441585e-05,7.748307163844633e-07,649174057.4600767,31110180777.44932
576,DOCK_RING,7,0.612293261803525,-0.00028318740442045964,4.920899590126051e-07,8.967062591125341e-06,3.194893671221166e-05,6.137418509367741e-07,819562816.5689772,32244268970.990913
577,DOCK_RING,7,0.612293261803525,0.0002935331722255796,2.5614639468898287e-07,4.7392072133334295e-06,-4.3662059244553575e-05,7.739333560838515e-07,649926761.8405927,31107798713.505527
578,DOCK_RING,7,0.612293261803525,-0.00028315550298430026,4.881353881915528e-07,8.969852245854781e-06,3.197390192966054e-05,6.140850154247408e-07,819104826.4743812,32247901739.830803
579,DOCK_RING,7,0.612293261803525,0.000293510704068467,2.707840526259372e-07,4.736608296695977e-06,-4.372539932973041e-05,7.748306766301405e-07,649174090.7673216,31110180006.24625
580,DOCK_RING,7,0.612293261803525,-0.00028318740987742785,4.92090048420785e-07,-8.967061013720468e-06,-3.1948937575521086e-05,6.137418593803917e-07,819562805.2937566,32244268349.649906
581,RING1_TORQUE_BRACE,8,10.977179919856466,105.29016939850862,-0.02080402593262967,-3.5788923876359258,-0.10115930120011482,0.2583374935002053,1947.0654189017293,55.84743747239665
582,RING1_TORQUE_BRACE,8,10.977179919856466,-102.40637197885349,-0.01371648600649389,-3.6136688793203895,0.0943458702926439,0.2572223945131667,1955.5062495705536,57.42011984523284
583,RING1_TORQUE_BRACE,8,10.479871431130489,434.7310592954802,-0.025762823978113893,-2.2065867832273147,-0.08338859248227053,0.501506770273704,1002.9774866757651,14.840210500100854
584,RING1_TORQUE_BRACE,8,10.271903773099885,-482.439954393208,-0.025608097059824246,-3.6389192431732855,0.05109288344912665,0.6099707116857043,824.6297574024793,13.919623471075411
585,RING1_TORQUE_BRACE,8,10.271903773099885,472.9453394378669,-0.028658277796488815,-3.6432887503506075,-0.04000081983098318,0.6013755063595388,836.415841152127,14.199066895421815
586,RING1_TORQUE_BRACE,8,10.479871431130489,-445.612290337245,-0.019736362875518706,-2.195925707693209,0.08944899724775524,0.5111068766204327,984.138588245892,14.477833243769322
587,RING1_TORQUE_BRACE,8,10.977179919856466,105.2901629317526,-0.02080402301810705,3.5788924485121636,0.10115940999899871,0.258337490389053,1947.0654423501921,55.847440902458324
588,RING1_TORQUE_BRACE,8,10.977179919856466,-102.40635987636935,-0.013716469418323964,3.6136685197122924,-0.09434595044319177,0.2572223672509964,1955.5064568283633,57.42012663119897
589,RING1_TORQUE_BRACE,8,10.479871431130489,434.7310134354357,-0.025762813331870492,2.2065866248905106,0.08338868457786672,0.5015067208830878,1002.9775854534566,14.840212065603872
590,RING1_TORQUE_BRACE,8,10.271903773099885,-482.43990763199537,-0.025608091414875703,3.6389189599879614,-0.051093036554925156,0.6099706557871177,824.6298329727341,13.919624820255821
591,RING1_TORQUE_BRACE,8,10.271903773099885,472.9453235014245,-0.028658278259268144,3.6432884643001264,0.040000659715963255,0.6013754786792233,836.4158796509606,14.199067373875877
592,RING1_TORQUE_BRACE,8,10.479871431130489,-445.61227614929453,-0.019736361758394945,2.1959258549775313,-0.08944909286905056,0.5111068702807613,984.1386004529581,14.477833704732342
593,RING1_TORQUE_BRACE,8,10.977179919856466,105.29016939850834,-0.02080402593271141,3.5788923876359817,0.10115930120063137,0.25833749350020824,1947.065418901707,55.8474374723968
594,RING1_TORQUE_BRACE,8,10.977179919856466,-102.40637197885744,-0.01371648600658105,3.6136688793203047,-0.09434587029214944,0.25722239451316603,1955.506249570559,57.42011984523063
595,RING1_TORQUE_BRACE,8,10.479871431130489,434.7310592954876,-0.02576282397809252,2.2065867832273174,0.08338859248310557,0.5015067702737124,1002.9774866757484,14.8402105001006
596,RING1_TORQUE_BRACE,8,10.271903773099885,-482.43995439320094,-0.02560809705982774,3.6389192431732775,-0.05109288344825911,0.6099707116856969,824.6297574024892,13.919623471075615
597,RING1_TORQUE_BRACE,8,10.271903773099885,472.94533943786894,-0.028658277796384503,3.643288750350596,0.04000081983170668,0.6013755063595406,836.4158411521246,14.199066895421753
598,RING1_TORQUE_BRACE,8,10.479871431130489,-445.6122903372395,-0.019736362875436314,2.1959257076932066,-0.08944899724708366,0.5111068766204262,984.1385882459045,14.477833243769501
599,RING1_TORQUE_BRACE,8,10.977179919856466,105.29016293175016,-0.020804023017999614,-3.5788924485121854,-0.10115940999924594,0.258337490389052,1947.0654423501996,55.84744090245962
600,RING1_TORQUE_BRACE,8,10.977179919856466,-102.40635987636776,-0.013716469418218118,-3.6136685197122844,0.09434595044291672,0.2572223672509942,1955.5064568283801,57.420126631199864
601,RING1_TORQUE_BRACE,8,10.479871431130489,434.731013435433,-0.025762813331745325,-2.2065866248905075,-0.08338868457788114,0.5015067208830851,1002.9775854534619,14.840212065603964
602,RING1_TORQUE_BRACE,8,10.271903773099885,-482.43990763199633,-0.02560809141474891,-3.638918959987948,0.05109303655494394,0.6099706557871182,824.6298329727337,13.919624820255795
603,RING1_TORQUE_BRACE,8,10.271903773099885,472.94532350142094,-0.02865827825914359,-3.6432884643001158,-0.040000659715577785,0.6013754786792191,836.4158796509663,14.199067373875984
604,RING1_TORQUE_BRACE,8,10.479871431130489,-445.6122761492959,-0.01973636175826507,-2.1959258549775273,0.08944909286945356,0.5111068702807632,984.1386004529545,14.477833704732298
605,RING2_TORQUE_BRACE,8,10.977179919856466,-102.54872832244143,-0.021682695432678156,3.6137284228112794,-0.1106024845769488,0.25737833391774956,1954.3214548927176,57.340410243336585
606,RING2_TORQUE_BRACE,8,10.977179919856466,105.42998146474167,-0.01667646271742577,3.5791627920413793,0.10682862737356473,0.25848595813831526,1945.947097562823,55.77337746101888
607,RING2_TORQUE_BRACE,8,10.479871431130489,-445.6014598452397,-0.02788076855000443,2.187577766314173,-0.0975615405830738,0.510738133974084,984.8491164858337,14.478185132331928
608,RING2_TORQUE_BRACE,8,10.271903773099885,472.8612121241521,-0.02910693418118,3.6391728930748735,0.055293093761137245,0.6011217259680349,836.7689575517811,14.201593068693255
609,RING2_TORQUE_BRACE,8,10.271903773099885,-482.31552646533146,-0.031257189322675114,3.6348158539230466,-0.046088853460535026,0.6096685704168268,825.0384297424122,13.92321446039732
610,RING2_TORQUE_BRACE,8,10.479871431130489,434.73202140497267,-0.024065233968736475,2.1982119040564756,0.09954856530444867,0.5011616077110718,1003.6682624140436,14.840177657092541
611,RING2_TORQUE_BRACE,8,10.977179919856466,-102.54872618170475,-0.021682696204621585,-3.6137283821318733,0.1106024980918308,0.25737833012819944,1954.3214836674754,57.34041144033556
612,RING2_TORQUE_BRACE,8,10.977179919856466,105.42997960328307,-0.016676460649908877,-3.579162767950909,-0.10682863418900472,0.2584859553426086,1945.947118609604,55.773378445746694
613,RING2_TORQUE_BRACE,8,10.479871431130489,-445.60145750782056,-0.027880766526785398,-2.187577740290813,0.09756155576004023,0.510738130673057,984.8491228511575,14.478185208277791
614,RING2_TORQUE_BRACE,8,10.271903773099885,472.86120998554793,-0.02910693334148149,-3.6391729045012595,-0.05529310829052567,0.601121724512477,836.7689595779358,14.201593132922643
615,RING2_TORQUE_BRACE,8,10.271903773099885,-482.31553101061417,-0.03125718880308818,-3.6348158647470097,0.04608883703230217,0.6096685750996729,825.0384234053166,13.923214329186646
616,RING2_TORQUE_BRACE,8,10.479871431130489,434.7320259613016,-0.024065234161670616,-2.198211930424925,-0.09954858506725012,0.5011616131511726,1003.6682515192417,14.840177501555965
617,RING2_TORQUE_BRACE,8,10.977179919856466,-102.54872832246099,-0.021682695432188166,-3.6137284228106363,0.11060248458732114,0.25737833391775294,1954.3214548926917,57.34041024332565
618,RING2_TORQUE_BRACE,8,10.977179919856466,105.42998146474974,-0.016676462717091004,-3.5791627920415587,-0.10682862736320806,0.2584859581383169,1945.947097562811,55.77337746101461
619,RING2_TORQUE_BRACE,8,10.479871431130489,-445.60145984524604,-0.027880768548257773,-2.1875777663141807,0.09756154059495845,0.5107381339741138,984.8491164857761,14.478185132331722
620,RING2_TORQUE_BRACE,8,10.271903773099885,472.86121212416214,-0.029106934179724823,-3.6391728930749165,-0.055293093749225544,0.6011217259680378,836.768957551777,14.201593068692953
621,RING2_TORQUE_BRACE,8,10.271903773099885,-482.31552646532157,-0.031257189320581316,-3.6348158539230804,0.04608885346727862,0.6096685704168228,825.0384297424175,13.923214460397604
622,RING2_TORQUE_BRACE,8,10.479871431130489,434.73202140498006,-0.0240652339668539,-2.198211904056446,-0.09954856529840131,0.5011616077110648,1003.6682624140577,14.840177657092289
623,RING2_TORQUE_BRACE,8,10.977179919856466,-102.54872618171294,-0.021682696202643306,3.613728382131671,-0.11060249809142478,0.25737833012819716,1954.3214836674927,57.34041144033098
624,RING2_TORQUE_BRACE,8,10.977179919856466,105.42997960328694,-0.016676460647954597,3.5791627679508786,0.10682863418870764,0.2584859553426102,1945.9471186095918,55.77337844574465
625,RING2_TORQUE_BRACE,8,10.479871431130489,-445.60145750782897,-0.02788076652439302,2.187577740290794,-0.09756155575332118,0.5107381306730502,984.8491228511706,14.478185208277518
626,RING2_TORQUE_BRACE,8,10.271903773099885,472.8612099855438,-0.029106933338844433,3.6391729045012906,0.05529310829817674,0.6011217245124796,836.7689595779323,14.201593132922767
627,RING2_TORQUE_BRACE,8,10.271903773099885,-482.31553101063764,-0.0312571888017412,3.6348158647470337,-0.0460888370188922,0.6096685750996879,825.0384234052963,13.923214329185967
628,RING2_TORQUE_BRACE,8,10.479871431130489,434.73202596129204,-0.024065234159955907,2.198211930424928,0.09954858508050302,0.5011616131511907,1003.6682515192055,14.840177501556292
629,DOCK_LOAD_SPREADER,9,7.467261881037786,3.931992260675088e-05,2.067894450252794e-05,1.3037125872417121e-05,-0.0001999943813825733,7.259307185274505e-06,69290358.86790062,449335143.96436495
630,DOCK_LOAD_SPREADER,9,7.467261961518311,0.0003153056720748282,-1.5236467001633613e-05,-0.00011359471081195949,-0.0001000917183143768,5.718676911887252e-06,87957408.28694625,56033951.39729448
631,DOCK_LOAD_SPREADER,9,7.467261881037786,3.906111314933014e-05,2.0686002024650207e-05,-0.00019999615076850882,-1.3042019755715728e-05,7.259187502107228e-06,69291501.26704772,452312329.59563214
632,DOCK_LOAD_SPREADER,9,7.467261961518311,0.0003156615914505778,-1.5233151172688864e-05,-9.906391166969453e-05,0.00011449509895489207,5.719042275355086e-06,87951789.09020558,55970771.17663328
633,DOCK_LOAD_SPREADER,9,7.467261881037786,3.9319923963887504e-05,2.0678944504304297e-05,-1.3037125893511359e-05,0.0001999943813334468,7.259307184695293e-06,69290358.87342922,449335128.45545447
634,DOCK_LOAD_SPREADER,9,7.467261961518311,0.00031530567562754186,-1.5236467014623223e-05,0.00011359471083260964,0.00010009171830249741,5.718676915129019e-06,87957408.23708552,56033950.76593069
635,DOCK_LOAD_SPREADER,9,7.467261881037786,3.906111425777681e-05,2.068600207005833e-05,0.00019999615075739184,1.304201973795216e-05,7.2591875027094135e-06,69291501.26129965,452312316.760256
636,DOCK_LOAD_SPREADER,9,7.467261961518311,0.00031566159109530645,-1.5233151186233584e-05,9.906391162550765e-05,-0.00011449509899219557,5.719042275071387e-06,87951789.09456854,55970771.23962737
637,PROP_LONGITUDINAL_STRUT,10,2.8653097563788807,0.0012972643300112855,4.248981685152345e-06,2.2536586188980442e-05,-2.9471262899988606e-05,1.4640300943875868e-06,343572172.40838766,198788325.68889612
638,PROP_LONGITUDINAL_STRUT,10,2.8653097563788807,-0.002359152548775987,0.0001528399978598575,0.0003906072292131579,0.0017151430736889349,3.6678877723387715e-05,13713614.78923522,109310864.3070449
639,PROP_LONGITUDINAL_STRUT,10,2.9330076040989246,0.0007639537857589754,-4.797630467813605e-06,-4.768056641483943e-05,7.51721223862093e-05,2.2096861622578027e-06,227634135.82951844,322158092.0071294
640,PROP_LONGITUDINAL_STRUT,10,2.9330076040989246,-0.001629132494937395,-0.00018969717975460414,-0.000993441669464872,0.0005116804545041968,2.3543633194830012e-05,21364587.01329303,151070520.5172355
641,PROP_LONGITUDINAL_STRUT,10,2.9330076040989246,0.001310644177942575,-2.58742249382572e-05,4.470871534546408e-06,0.00017086537416411205,4.1775483050693225e-06,120405549.68320185,187780862.37569058
642,PROP_LONGITUDINAL_STRUT,10,2.9330076040989246,-0.0018233228624963112,-1.3929153806523736e-05,-0.000841055707540039,-0.0010837214802602779,2.8520822103084682e-05,17636237.769794084,134980972.96097097
643,PROP_LONGITUDINAL_STRUT,10,2.8653097563788807,0.0012972644985105124,4.248981478184249e-06,-2.2536587281884113e-05,2.9471264285278865e-05,1.4640302227028904e-06,343572142.2959166,198788299.86865726
644,PROP_LONGITUDINAL_STRUT,10,2.8653097563788807,-0.0023591527168784782,0.00015283999766887733,-0.00039060722989656094,-0.001715143074704867,3.6678877838810645e-05,13713614.74608053,109310856.51804994
645,PROP_LONGITUDINAL_STRUT,10,2.9330076040989246,0.0007639539261807336,-4.797630758917427e-06,4.768056617753945e-05,-7.517212144543057e-05,2.209686221660279e-06,227634129.71008343,322158032.791509
646,PROP_LONGITUDINAL_STRUT,10,2.9330076040989246,-0.0016291326330528074,-0.00018969718009644656,0.0009934416689457825,-0.0005116804539331667,2.354363325701127e-05,21364586.956866868,151070507.70970416
647,PROP_LONGITUDINAL_STRUT,10,2.9330076040989246,0.0013106440868192095,-2.5874224873378653e-05,-4.470873009417077e-06,-0.0001708653736463759,4.177548245246627e-06,120405551.40741521,187780875.4312747
648,PROP_LONGITUDINAL_STRUT,10,2.9330076040989246,-0.0018233227712022115,-1.392915368330633e-05,0.0008410557058355535,0.0010837214796042818,2.8520822021180445e-05,17636237.82044068,134980979.7194926
