load_case_id,node_id,x_m,ux_mm,uy_mm,uz_mm,translation_mm
LC-STR-01,1,-21.0,0.0,0.0,0.0,0.0
LC-STR-01,2,-21.0,0.0,0.0,0.0,0.0
LC-STR-01,3,-21.0,0.0,0.0,0.0,0.0
LC-STR-01,4,-21.0,0.0,0.0,0.0,0.0
LC-STR-01,5,-21.0,0.0,0.0,0.0,0.0
LC-STR-01,6,-21.0,0.0,0.0,0.0,0.0
LC-STR-01,7,-21.0,0.0,0.0,0.0,0.0
LC-STR-01,8,-21.0,0.0,0.0,0.0,0.0
LC-STR-01,9,-18.5,-0.03788586587568836,0.004029023554034704,0.06822833740864305,0.07814523587204313
LC-STR-01,10,-18.5,-0.03773251217269231,-0.05043418042885555,0.0421033738500698,0.07576307227107063
LC-STR-01,11,-18.5,-0.03364038556256457,-0.06506597916418734,0.002152346077915203,0.07327953178774807
LC-STR-01,12,-18.5,-0.03724765944458091,-0.04075371144912318,-0.055863104569817384,0.07854259725242235
LC-STR-01,13,-18.5,-0.037885865875693515,-0.0040290235540369175,-0.06822833740865814,0.0781452358720589
LC-STR-01,14,-18.5,-0.037732512172699254,0.05043418042885502,-0.04210337385008413,0.0757630722710817
LC-STR-01,15,-18.5,-0.033640385562568674,0.06506597916418577,-0.0021523460779315634,0.07327953178774904
LC-STR-01,16,-18.5,-0.037247659444580486,0.04075371144912077,0.0558631045698027,0.07854259725241046
LC-STR-01,17,-16.0,-0.06788658751257683,0.02564156045567867,0.025097859667953994,0.07678529121268791
LC-STR-01,18,-16.0,-0.0681914190835584,0.02833934767827279,0.03531266355562131,0.08185458124535255
LC-STR-01,19,-16.0,-0.0690070380856638,-0.0039003024682877445,-0.03716637635829415,0.0784762588067675
LC-STR-01,20,-16.0,-0.06852692015491883,-0.014223097367241417,-0.021692287270417613,0.07327203157862468
LC-STR-01,21,-16.0,-0.06788658751258451,-0.025641560455701422,-0.025097859667983727,0.07678529121271203
LC-STR-01,22,-16.0,-0.06819141908357021,-0.028339347678298852,-0.03531266355565334,0.08185458124538525
LC-STR-01,23,-16.0,-0.06900703808567278,0.003900302468264805,0.03716637635826885,0.07847625880676226
LC-STR-01,24,-16.0,-0.06852692015491961,0.014223097367220784,0.021692287270387328,0.07327203157861245
LC-STR-01,25,-13.5,-0.09765335510340066,0.002042763672025692,0.06674118028287572,0.11829934823117975
LC-STR-01,26,-13.5,-0.09851160353824145,-0.05409793195456755,0.03990116692827968,0.11926116465838797
LC-STR-01,27,-13.5,-0.10466709118801104,-0.0665880212875414,0.005155439796148712,0.124160151080132
LC-STR-01,28,-13.5,-0.09989272935509687,-0.04218055781770704,-0.052983803481720104,0.12068570862870671
LC-STR-01,29,-13.5,-0.09765335510341151,-0.0020427636720613492,-0.066741180282924,0.11829934823121659
LC-STR-01,30,-13.5,-0.09851160353825725,0.054097931954533204,-0.03990116692832734,0.11926116465840138
LC-STR-01,31,-13.5,-0.10466709118802317,0.06658802128750593,-0.005155439796198503,0.12416015108012528
LC-STR-01,32,-13.5,-0.0998927293550972,0.04218055781767065,0.05298380348167235,0.12068570862867331
LC-STR-01,33,-11.0,-0.13508923312342927,-0.0034662754018088466,-0.002211113512151165,0.1351517850196623
LC-STR-01,34,-11.0,-0.1366719645920539,-0.006841204420555954,-0.0031146934908303867,0.13687852022475
LC-STR-01,35,-11.0,-0.13881851557226796,-0.0022125951140435558,0.008683999666518,0.13910746814256514
LC-STR-01,36,-11.0,-0.13670782966758033,-0.000739842694945431,0.004191387107106429,0.1367740683957125
LC-STR-01,37,-11.0,-0.13508923312344254,0.0034662754017456402,0.0022111135120837636,0.13515178501967284
LC-STR-01,38,-11.0,-0.13667196459207456,0.006841204420493497,0.003114693490763273,0.13687852022476596
LC-STR-01,39,-11.0,-0.13881851557228383,0.0022125951139805315,-0.00868399966658662,0.13910746814258426
LC-STR-01,40,-11.0,-0.13670782966758194,0.0007398426948819701,-0.004191387107173784,0.13677406839571585
LC-STR-01,41,-8.5,-0.17275357204344713,-0.005611073092161396,0.06458730585230463,0.1845177521873579
LC-STR-01,42,-8.5,-0.17337560491801174,-0.049671382623464995,0.04678099752092939,0.18631910358700837
LC-STR-01,43,-8.5,-0.17412381878575367,-0.06636480656812543,0.007491482603568485,0.1864926650862126
LC-STR-01,44,-8.5,-0.17358201521750477,-0.04582624654346447,-0.042828730090009634,0.1845672262357414
LC-STR-01,45,-8.5,-0.17275357204346306,0.00561107309207623,-0.06458730585240324,0.1845177521874047
LC-STR-01,46,-8.5,-0.1733756049180359,0.0496713826233798,-0.0467809975210281,0.18631910358703294
LC-STR-01,47,-8.5,-0.17412381878577174,0.06636480656804028,-0.007491482603667297,0.1864926650862031
LC-STR-01,48,-8.5,-0.17358201521750605,0.045826246543379204,0.042828730089911095,0.18456722623569857
LC-STR-01,49,-6.0,-0.2099319736499691,-0.003974146554897026,-0.0007329791357670052,0.20997086621677924
LC-STR-01,50,-6.0,-0.21031080293100365,-0.002414178314162136,0.0003372117974172636,0.2103249290935631
LC-STR-01,51,-6.0,-0.21022812497941243,-0.0008147644624388494,0.005052929564391495,0.21029041935064804
LC-STR-01,52,-6.0,-0.20992493937552775,-0.0002818905487487834,0.0029064689896104766,0.20994524809122983
LC-STR-01,53,-6.0,-0.20993197364998648,0.0039741465547802465,0.0007329791356398598,0.20997086621679392
LC-STR-01,54,-6.0,-0.210310802931031,0.002414178314044634,-0.00033721179754473226,0.2103249290935893
LC-STR-01,55,-6.0,-0.21022812497943358,0.0008147644623214756,-0.005052929564518816,0.2102904193506718
LC-STR-01,56,-6.0,-0.20992493937553047,0.0002818905486313514,-0.0029064689897374315,0.20994524809123413
LC-STR-01,57,-3.5,-0.24685556207709805,-0.0010226136242732638,0.06527961584894067,0.25534318575675724
LC-STR-01,58,-3.5,-0.24681220611198593,-0.04660242064280831,0.04701088065627322,0.2555348774545522
LC-STR-01,59,-3.5,-0.24663012436170553,-0.06564398117117223,0.0024576814815505986,0.2552285068422732
LC-STR-01,60,-3.5,-0.24670253990506175,-0.04658275517954775,-0.04495784444365565,0.255055492104652
LC-STR-01,61,-3.5,-0.2468555620771171,0.001022613624128188,-0.0652796158491036,0.25534318575681664
LC-STR-01,62,-3.5,-0.24681220611201554,0.04660242064266349,-0.04701088065643628,0.2555348774545844
LC-STR-01,63,-3.5,-0.2466301243617283,0.06564398117102763,-0.0024576814817136947,0.2552285068422596
LC-STR-01,64,-3.5,-0.24670253990506452,0.046582755179403204,0.04495784444349254,0.25505549210459955
LC-STR-01,65,-2.5,-0.2615904715634753,-0.000301136361815347,0.05700129389255616,0.26772899170865927
LC-STR-01,66,-2.5,-0.26154222625860557,-0.04027386580930933,0.04108438764169786,0.2677951592008847
LC-STR-01,67,-2.5,-0.26134468292404195,-0.057115690412238934,0.0017291997427905637,0.26751866386419704
LC-STR-01,68,-2.5,-0.2614101858586196,-0.04066305162477904,-0.03937254225498744,0.2674676917343443
LC-STR-01,69,-2.5,-0.26159047156349446,0.0003011363616587284,-0.057001293892732396,0.2677289917087154
LC-STR-01,70,-2.5,-0.26154222625863627,0.040273865809153285,-0.041084387641873894,0.26779515920091823
LC-STR-01,71,-2.5,-0.2613446829240657,0.05711569041208278,-0.0017291997429670037,0.267518663864188
LC-STR-01,72,-2.5,-0.26141018585862263,0.04066305162462306,0.03937254225481086,0.26746769173429763
LC-STR-01,73,-1.0,-0.28362841482475215,-5.850912605596009e-05,0.07926924688967951,0.2944973592781037
LC-STR-01,74,-1.0,-0.2835665098762614,-0.05592005505499972,0.05661608596127523,0.2945206262222267
LC-STR-01,75,-1.0,-0.2834132746716494,-0.07935452193483672,0.0011962482894516827,0.2943155711503968
LC-STR-01,76,-1.0,-0.2834825871018083,-0.05637909337989256,-0.05541431020363509,0.2942987005333487
LC-STR-01,77,-1.0,-0.28362841482477164,5.850912588358056e-05,-0.07926924688987758,0.29449735927817566
LC-STR-01,78,-1.0,-0.2835665098762932,0.05592005505482795,-0.05661608596147301,0.2945206262222627
LC-STR-01,79,-1.0,-0.2834132746716745,0.07935452193466459,-0.0011962482896499466,0.2943155711503754
LC-STR-01,80,-1.0,-0.28348258710181173,0.05637909337972005,0.055414310203437143,0.29429870053328167
LC-STR-01,81,1.5,-0.32025928460736275,0.0005092201499806608,0.013884553378630874,0.3205605239341004
LC-STR-01,82,1.5,-0.32020296203008286,-0.00935539188256066,0.010388055232371126,0.32050799044895245
LC-STR-01,83,1.5,-0.3201011344600177,-0.013873606442857369,0.0009036240285146195,0.32040291786234804
LC-STR-01,84,1.5,-0.3201589734985239,-0.0102572615966511,-0.009254042085763088,0.32045688793036686
LC-STR-01,85,1.5,-0.3202592846073817,-0.0005092201501840291,-0.01388455337886991,0.32056052393413004
LC-STR-01,86,1.5,-0.3202029620301163,0.009355391882352224,-0.010388055232613984,0.3205079904489876
LC-STR-01,87,1.5,-0.3201011344600446,0.01387360644265194,-0.0009036240287541271,0.3204029178623667
LC-STR-01,88,1.5,-0.3201589734985291,0.010257261596446358,0.009254042085524921,0.3204568879303587
LC-STR-01,89,2.5,-0.3349665209394379,0.0006567503503144517,0.022295986133556052,0.3357083741418454
LC-STR-01,90,2.5,-0.33491967988784066,-0.015239144978940336,0.01631591350553986,0.33566297464776046
LC-STR-01,91,2.5,-0.33483923530513365,-0.02228202654830895,0.0007778260200398409,0.33558070150135816
LC-STR-01,92,2.5,-0.3348863104329332,-0.016252897170383297,-0.015225849503655938,0.3356260181733859
LC-STR-01,93,2.5,-0.33496652093945656,-0.0006567503505263432,-0.02229598613380568,0.33570837414188104
LC-STR-01,94,2.5,-0.3349196798878742,0.01523914497872327,-0.016315913505791882,0.3356629746477963
LC-STR-01,95,2.5,-0.3348392353051613,0.022282026548092002,-0.0007778260202897457,0.3355807015013719
LC-STR-01,96,2.5,-0.33488631043293876,0.016252897170164277,0.015225849503409447,0.3356260181733696
LC-STR-01,97,4.0,-0.35699751142181557,0.0006217155025949485,7.530910437672298e-05,0.3569980607272212
LC-STR-01,98,4.0,-0.35696047222271315,0.0004301168080813458,0.0004751901387723181,0.35696104764469605
LC-STR-01,99,4.0,-0.3569068441830693,-2.762030877523508e-05,0.0005331554388788984,0.35690724347135516
LC-STR-01,100,4.0,-0.3569429656696672,-0.00042315263167689627,0.00032334612810797645,0.35694336294701645
LC-STR-01,101,4.0,-0.3569975114218352,-0.0006217155028171411,-7.530910464584061e-05,0.3569980607272413
LC-STR-01,102,4.0,-0.3569604722227481,-0.0004301168083184928,-0.00047519013904714506,0.35696104764473163
LC-STR-01,103,4.0,-0.3569068441830986,2.7620308538036618e-05,-0.0005331554391516174,0.35690724347138475
LC-STR-01,104,4.0,-0.35694296566967365,0.00042315263143379175,-0.00032334612836911337,0.3569433629470228
LC-STR-01,105,6.5,-0.39361750055635153,0.0005854024807515128,0.0654748474769057,0.3990263588942689
LC-STR-01,106,6.5,-0.3936036153864615,-0.0459008712658101,0.04661159783385998,0.3990029286620331
LC-STR-01,107,6.5,-0.39357532293321623,-0.06545177074103184,0.00036187616821900195,0.39898070137474456
LC-STR-01,108,6.5,-0.3935884913980906,-0.046639904483063196,-0.04600587176527794,0.3990034103715121
LC-STR-01,109,6.5,-0.3936175005563715,-0.0005854024810137546,-0.06547484747721954,0.3990263588943405
LC-STR-01,110,6.5,-0.3936036153864975,0.04590087126554749,-0.0466115978341739,0.3990029286620751
LC-STR-01,111,6.5,-0.39357532293324665,0.06545177074076894,-0.0003618761685337777,0.39898070137473185
LC-STR-01,112,6.5,-0.3935884913980985,0.04663990448279978,0.046005871764964526,0.3990034103714529
LC-STR-01,113,9.0,-0.43024527256303713,0.0005558640886194894,5.015470298060603e-05,0.430245634566141
LC-STR-01,114,9.0,-0.43023647339708015,0.00035843820609623447,0.0003417540917968548,0.4302367584423294
LC-STR-01,115,9.0,-0.430227857986378,-1.3904206020010706e-05,0.0003478289772054564,0.4302279988167569
LC-STR-01,116,9.0,-0.4302363574818044,-0.00034219966184103885,0.00023493739384095435,0.4302365577160995
LC-STR-01,117,9.0,-0.4302452725630567,-0.0005558640889134868,-5.0154703342123036e-05,0.430245634566161
LC-STR-01,118,9.0,-0.43023647339711646,-0.0003584382063888952,-0.0003417540921578046,0.4302367584423662
LC-STR-01,119,9.0,-0.43022785798640967,1.3904205727064071e-05,-0.00034782897756717093,0.4302279988167888
LC-STR-01,120,9.0,-0.4302363574818136,0.00034219966154827044,-0.0002349373942029719,0.43023655771610864
LC-STR-01,121,11.5,-0.4668884444220531,0.0005795122290799534,0.06555664115954857,0.47146879914729245
LC-STR-01,122,11.5,-0.46688852859011365,-0.045957227580481715,0.046692838819618714,0.4714628151752378
LC-STR-01,123,11.5,-0.4668870648088903,-0.06553822375941952,0.0004177119387342808,0.47146470126899687
LC-STR-01,124,11.5,-0.46688690389990933,-0.046710236246073636,-0.04603581905722053,0.4714705970043904
LC-STR-01,125,11.5,-0.4668884444220725,-0.0005795122294026758,-0.06555664115995792,0.47146879914736906
LC-STR-01,126,11.5,-0.4668885285901503,0.045957227580159445,-0.0466928388200278,0.4714628151752832
LC-STR-01,127,11.5,-0.46688706480892217,0.06553822375909732,-0.000417711939143142,0.471464701268984
LC-STR-01,128,11.5,-0.46688690389991855,0.04671023624575183,0.04603581905681075,0.47147059700432764
LC-STR-01,129,14.0,-0.5036193315421991,0.005042420646182317,0.0011843472572620752,0.5036459667141296
LC-STR-01,130,14.0,-0.5036200964655702,0.00272461766752106,0.004361747798532983,0.5036463540514141
LC-STR-01,131,14.0,-0.5036236568475327,-0.0011709951544155053,0.004947125390511342,0.503649315512056
LC-STR-01,132,14.0,-0.5036228818663878,-0.004367395121071305,0.0026735645938369672,0.5036489146490705
LC-STR-01,133,14.0,-0.5036193315422183,-0.00504242064653518,-0.0011843472577189225,0.5036459667141534
LC-STR-01,134,14.0,-0.5036200964656066,-0.0027246176678739136,-0.004361747798989844,0.5036463540514564
LC-STR-01,135,14.0,-0.5036236568475652,0.0011709951540626864,-0.0049471253909679274,0.503649315512092
LC-STR-01,136,14.0,-0.5036228818663974,0.004367395120718592,-0.002673564594293815,0.5036489146490793
LC-STR-01,137,15.0,-0.5081322750713564,0.0007726765010201033,0.0013465108243467016,0.5081346466140327
LC-STR-01,138,15.0,-0.5081336645798282,-0.00040859134968222033,0.001464368623712685,0.5081359388998996
LC-STR-01,139,15.0,-0.5081375446284458,-0.001335258623537383,0.0006939231694504959,0.5081397728046709
LC-STR-01,140,15.0,-0.5081361481250801,-0.001468968338667344,-0.000450665326451957,0.508138471283773
LC-STR-01,141,15.0,-0.5081322750713756,-0.0007726765013838708,-0.0013465108248220123,0.5081346466140538
LC-STR-01,142,15.0,-0.508133664579865,0.00040859134931818346,-0.0014643686241881714,0.5081359388999375
LC-STR-01,143,15.0,-0.5081375446284783,0.001335258623173404,-0.000693923169925882,0.508139772804703
LC-STR-01,144,15.0,-0.5081361481250898,0.0014689683383032825,0.0004506653259769092,0.5081384712837812
LC-STR-01,145,16.5,-0.5149403365844976,-0.00023328930365348175,-0.005539010633433988,0.5149701790438472
LC-STR-01,146,16.5,-0.5149418647968701,0.0037488287756811288,-0.004106921940470156,0.5149718872380245
LC-STR-01,147,16.5,-0.5149460793617611,0.0055464374245482425,-0.0002911774595717155,0.5149760309009211
LC-STR-01,148,16.5,-0.5149445424189846,0.004102530137868836,0.003718909926254311,0.5149743127687721
LC-STR-01,149,16.5,-0.5149403365845165,0.0002332893032728689,0.0055390106329304255,0.5149701790438606
LC-STR-01,150,16.5,-0.514941864796907,-0.00374882877606239,0.004106921939966341,0.51497188723806
LC-STR-01,151,16.5,-0.5149460793617938,-0.00554643742492929,0.0002911774590684598,0.5149760309009577
LC-STR-01,152,16.5,-0.5149445424189941,-0.0041025301382499905,-0.0037189099267576245,0.5149743127687882
LC-STR-01,153,19.0,-0.5262842424348726,0.0014909460513824423,0.014575846638742672,0.5264881594685793
LC-STR-01,154,19.0,-0.5262860497286261,-0.009253756792654355,0.011349846214258148,0.5264897502922795
LC-STR-01,155,19.0,-0.5262900417846642,-0.014572583198528576,0.001465713575518006,0.5264937953851565
LC-STR-01,156,19.0,-0.5262882117412578,-0.011351846061734876,-0.009266654711219851,0.5264921814389624
LC-STR-01,157,19.0,-0.5262842424348922,-0.001490946051792617,-0.014575846639294683,0.5264881594686153
LC-STR-01,158,19.0,-0.5262860497286634,0.009253756792244107,-0.011349846214810165,0.5264897502923215
LC-STR-01,159,19.0,-0.5262900417846968,0.014572583198118416,-0.0014657135760698689,0.5264937953851794
LC-STR-01,160,19.0,-0.5262882117412667,0.011351846061324757,0.00926665471066787,0.5264921814389528
LC-STR-01,161,21.0,-0.535449849744838,0.03196473766340722,0.014499643092297659,0.5365990362416466
LC-STR-01,162,21.0,-0.5354516634037981,0.012349106857160076,0.03285352684407347,0.5366007254077821
LC-STR-01,163,21.0,-0.5354555789909874,-0.014499419686068944,0.031961107372199586,0.5366045309427266
LC-STR-01,164,21.0,-0.5354537259695621,-0.03285410702778794,0.012347659098349307,0.5366027857628856
LC-STR-01,165,21.0,-0.535449849744857,-0.03196473766384053,-0.014499643092887515,0.5365990362417074
LC-STR-01,166,21.0,-0.5354516634038352,-0.012349106857592917,-0.03285352684466333,0.5366007254078653
LC-STR-01,167,21.0,-0.5354555789910199,0.014499419685636025,-0.031961107372789864,0.5366045309427826
LC-STR-01,168,21.0,-0.535453725969571,0.032854107027354834,-0.012347659098939104,0.5366027857628815
LC-STR-01,169,-2.5,-0.26139830542153497,-0.0006448408030826567,0.3797884770688639,0.46105181618902485
LC-STR-01,170,-2.5,-0.2614142225060802,-0.019515397686810574,0.03387092050204397,0.2643208007913652
LC-STR-01,171,-2.5,-0.2611249020309839,-0.19019389399899447,0.32920504919797977,0.4612330172403489
LC-STR-01,172,-2.5,-0.2617646583033579,-0.03297827604960532,0.020062802575854275,0.2645955764465373
LC-STR-01,173,-2.5,-0.2601298993811095,-0.3288883304703074,0.19080159529704724,0.4606955038194648
LC-STR-01,174,-2.5,-0.2593941203603629,-0.3798940307349361,0.0012787480926866124,0.4600069776234352
LC-STR-01,175,-2.5,-0.2612855070585536,-0.033108638981423834,-0.01763821486078181,0.2639647794640846
LC-STR-01,176,-2.5,-0.25965765801345925,-0.32918791541256365,-0.18880083117197274,0.4598179388300673
LC-STR-01,177,-2.5,-0.2618559347774246,-0.018341923607728523,-0.031626081639273176,0.2643958505340894
LC-STR-01,178,-2.5,-0.26066378014115954,-0.18970657998342338,-0.32857880322219124,0.4603240409683305
LC-STR-01,179,-2.5,-0.26139830542089293,0.0006448408029251458,-0.37978847706904,0.4610518161888057
LC-STR-01,180,-2.5,-0.2614142225061072,0.019515397686652686,-0.03387092050221932,0.2643208007914027
LC-STR-01,181,-2.5,-0.26112490202970495,0.19019389399883757,-0.32920504919815574,0.4612330172396857
LC-STR-01,182,-2.5,-0.26176465830338574,0.032978276049449355,-0.020062802576030568,0.26459557644655884
LC-STR-01,183,-2.5,-0.26012989938004266,0.3288883304701505,-0.1908015952972232,0.46069550381882324
LC-STR-01,184,-2.5,-0.25939412035974835,0.37989403073477906,-0.0012787480928630566,0.4600069776229594
LC-STR-01,185,-2.5,-0.2612855070585624,0.0331086389812679,0.017638214860605374,0.263964779464062
LC-STR-01,186,-2.5,-0.25965765801300983,0.32918791541240683,0.1888008311717959,0.4598179388296286
LC-STR-01,187,-2.5,-0.26185593477742347,0.018341923607569557,0.03162608163909552,0.26439585053405606
LC-STR-01,188,-2.5,-0.2606637801410443,0.18970657998326615,0.3285788032220148,0.46032404096807455
LC-STR-01,189,2.5,-0.3341443627009037,0.0002608289918962853,0.14914708934628038,0.3659199057403456
LC-STR-01,190,2.5,-0.33525887785592495,-0.007295867775880328,0.01355610575212547,0.3356121464890387
LC-STR-01,191,2.5,-0.33407304331218685,-0.07426588320863321,0.1293920552866865,0.36587227778001646
LC-STR-01,192,2.5,-0.33475080339114427,-0.01233693853714733,0.007932006015768572,0.3350719581566325
LC-STR-01,193,2.5,-0.333832470185226,-0.1289127247447324,0.07504018258979066,0.36564140596244027
LC-STR-01,194,2.5,-0.333674407114737,-0.14913593745175965,0.0003762853865991624,0.36548636006515833
LC-STR-01,195,2.5,-0.33522077185670485,-0.01346284969875557,-0.00719543016257206,0.3355681576393098
LC-STR-01,196,2.5,-0.3337466169787692,-0.12936682967901766,-0.07420685280192281,0.36555333122369366
LC-STR-01,197,2.5,-0.3347722435167031,-0.007814996305269748,-0.012304677384885904,0.335089442212082
LC-STR-01,198,2.5,-0.33397544348844715,-0.07494970524426381,-0.1289183803822678,0.3657553881624905
LC-STR-01,199,2.5,-0.3341443627001043,-0.0002608289921066996,-0.14914708934652973,0.36591990573971744
LC-STR-01,200,2.5,-0.3352588778560399,0.007295867775668943,-0.013556105752379475,0.33561214648915916
LC-STR-01,201,2.5,-0.3340730432979876,0.07426588320841931,-0.12939205528693706,0.3658722777670965
LC-STR-01,202,2.5,-0.3347508033912544,0.012336938536929569,-0.00793200601601859,0.3350719581567404
LC-STR-01,203,2.5,-0.33383247016658735,0.12891272474451748,-0.07504018259004244,0.365641405945399
LC-STR-01,204,2.5,-0.33367440709953883,0.14913593745154527,-0.0003762853868485558,0.36548636005119584
LC-STR-01,205,2.5,-0.3352207718567716,0.013462849698536141,0.007195430162324275,0.33556815763936243
LC-STR-01,206,2.5,-0.33374661696750046,0.1293668296788023,0.07420685280167662,0.3655533312132792
LC-STR-01,207,2.5,-0.3347722435167683,0.00781499630506195,0.01230467738464343,0.33508944221213344
LC-STR-01,208,2.5,-0.33397544347985075,0.07494970524405034,0.12891838038201944,0.3657553881545097
LC-STR-01,209,-16.0,-0.06721463279829239,0.030778972464065333,0.03911441488483921,0.08363665141513202
LC-STR-01,210,-16.0,-0.06723077451143014,-0.06429422306132479,0.06290182025405136,0.11229587326228485
LC-STR-01,211,-16.0,-0.06952615389559015,-0.04300236205134062,-0.0232898246446726,0.0850029714156362
LC-STR-01,212,-16.0,-0.06721463279830972,-0.030778972464088283,-0.03911441488486652,0.08363665141516718
LC-STR-01,213,-16.0,-0.06723077451145372,0.0642942230613076,-0.06290182025408615,0.1122958732623086
LC-STR-01,214,-16.0,-0.06952615389559771,0.04300236205132234,0.023289824644642496,0.08500297141562489
LC-STR-01,215,21.4,-0.6963864209146154,-0.015640897846062072,0.005950347166269201,0.6965874615230294
LC-STR-01,216,21.4,-0.6963851265724196,-0.01526760172178964,-0.006852512971618048,0.6965861763684706
LC-STR-01,217,21.4,-0.696383247596557,-0.005950487016710739,-0.01564104576262441,0.6965842936367516
LC-STR-01,218,21.4,-0.696384705598682,0.006852209075103088,-0.015267428793280557,0.6965857487366001
LC-STR-01,219,21.4,-0.6963864209146239,0.01564089784562458,-0.00595034716686706,0.6965874615230333
LC-STR-01,220,21.4,-0.6963851265724345,0.015267601721352162,0.006852512971020239,0.6965861763684702
LC-STR-01,221,21.4,-0.6963832475965704,0.005950487016273071,0.015641045762026295,0.6965842936367479
LC-STR-01,222,21.4,-0.6963847055986856,-0.0068522090755409135,0.015267428792682823,0.6965857487365948
LC-STR-02,1,-21.0,0.0,0.0,0.0,0.0
LC-STR-02,2,-21.0,0.0,0.0,0.0,0.0
LC-STR-02,3,-21.0,0.0,0.0,0.0,0.0
LC-STR-02,4,-21.0,0.0,0.0,0.0,0.0
LC-STR-02,5,-21.0,0.0,0.0,0.0,0.0
LC-STR-02,6,-21.0,0.0,0.0,0.0,0.0
LC-STR-02,7,-21.0,0.0,0.0,0.0,0.0
LC-STR-02,8,-21.0,0.0,0.0,0.0,0.0
LC-STR-02,9,-18.5,0.021804303449124453,0.016261272652723025,-0.039226144240709145,0.04773412855788421
LC-STR-02,10,-18.5,0.020273325695398976,0.04230544671695045,-0.019235026500695487,0.05070251276963416
LC-STR-02,11,-18.5,0.009765476100052206,0.029475009902753764,-0.03918873380586994,0.049998975884866445
LC-STR-02,12,-18.5,0.01849624784195097,-0.006743384800095442,0.04353117761806692,0.04777601749422743
LC-STR-02,13,-18.5,0.021804303449123933,-0.01626127265272457,0.039226144240710074,0.04773412855788527
LC-STR-02,14,-18.5,0.02027332569539943,-0.04230544671695245,0.019235026500696334,0.05070251276963634
LC-STR-02,15,-18.5,0.009765476100053279,-0.029475009902755714,0.03918873380587104,0.049998975884868666
LC-STR-02,16,-18.5,0.018496247841952102,0.006743384800093556,-0.043531177618065964,0.04777601749422672
LC-STR-02,17,-16.0,0.030244351576401814,-0.024781215452939757,-0.024171596604608006,0.04596841876786623
LC-STR-02,18,-16.0,0.02789578596321699,-0.00451345882159082,-0.01789743440637262,0.03344942964192694
LC-STR-02,19,-16.0,0.016583313328976515,0.014726614802435473,0.026828654420057243,0.0348088517836653
LC-STR-02,20,-16.0,0.025969074211196267,0.016303342344146796,0.02564152809614893,0.03997098635363736
LC-STR-02,21,-16.0,0.03024435157640072,0.024781215452936902,0.024171596604613075,0.04596841876786664
LC-STR-02,22,-16.0,0.02789578596321762,0.004513458821588658,0.017897434406377827,0.03344942964192996
LC-STR-02,23,-16.0,0.01658331332897847,-0.014726614802437862,-0.026828654420052517,0.0348088517836636
LC-STR-02,24,-16.0,0.025969074211198397,-0.016303342344149548,-0.02564152809614366,0.03997098635363648
LC-STR-02,25,-13.5,0.036869486344267864,-0.05681714646109583,-0.029986536905699846,0.07407252898928636
LC-STR-02,26,-13.5,0.033999313305336704,-0.016696142079837287,-0.0203778636613833,0.04301129843409153
LC-STR-02,27,-13.5,0.025315374942974058,0.02861470006642387,0.08055291920136416,0.08915403558031605
LC-STR-02,28,-13.5,0.0343728406778273,0.05392388070542572,0.02445087853851789,0.06846256311227063
LC-STR-02,29,-13.5,0.036869486344266414,0.056817146461091324,0.029986536905708225,0.07407252898928557
LC-STR-02,30,-13.5,0.03399931330533754,0.01669614207983312,0.02037786366139194,0.043011298434094666
LC-STR-02,31,-13.5,0.02531537494297676,-0.028614700066428196,-0.0805529192013557,0.08915403558031056
LC-STR-02,32,-13.5,0.03437284067783019,-0.05392388070542986,-0.02445087853850979,0.06846256311227243
LC-STR-02,33,-11.0,0.03385390488120579,-0.04973088241443464,-0.0347019528989072,0.0694512280411371
LC-STR-02,34,-11.0,0.031212717505871006,-0.0023272721469590114,-0.014596690238826544,0.03453568148561096
LC-STR-02,35,-11.0,0.03141308672950293,0.02876778189294739,0.0590887544197203,0.07284125336503676
LC-STR-02,36,-11.0,0.03405843776010375,0.03663527714667868,0.04019193121251652,0.0641678427942258
LC-STR-02,37,-11.0,0.03385390488120357,0.04973088241442905,0.034701952898921896,0.06945122804113936
LC-STR-02,38,-11.0,0.03121271750587186,0.002327272146953251,0.01459669023884114,0.03453568148561751
LC-STR-02,39,-11.0,0.03141308672950638,-0.028767781892953176,-0.05908875441970581,0.0728412533650288
LC-STR-02,40,-11.0,0.034058437760107745,-0.03663527714668463,-0.040191931212501676,0.06416784279422204
LC-STR-02,41,-8.5,0.03183811447285401,-0.03539220275314366,-0.03208526239194574,0.057408515149463615
LC-STR-02,42,-8.5,0.03230909026127315,0.010364811401168333,-0.012925553765044827,0.03630945564210442
LC-STR-02,43,-8.5,0.033692263221440616,0.03110015975880712,0.037001570497762856,0.058919476892680234
LC-STR-02,44,-8.5,0.03270218283042548,0.03293272277438214,0.03328252585949309,0.05711150075769949
LC-STR-02,45,-8.5,0.03183811447285119,0.03539220275313341,0.03208526239196558,0.057408515149466814
LC-STR-02,46,-8.5,0.0323090902612741,-0.010364811401178483,0.012925553765064705,0.03630945564211525
LC-STR-02,47,-8.5,0.03369226322144474,-0.03110015975881738,-0.03700157049774318,0.05891947689267565
LC-STR-02,48,-8.5,0.032702182830430374,-0.03293272277439252,-0.0332825258594732,0.057111500757696686
LC-STR-02,49,-6.0,0.031050543453441236,-0.020206324665671474,-0.03176471383168415,0.04879988575865062
LC-STR-02,50,-6.0,0.03202380385548412,0.015992015233652884,-0.016716935397302696,0.03950600579260699
LC-STR-02,51,-6.0,0.03434159989443054,0.031467424560150774,0.020315677874487178,0.05081605119701707
LC-STR-02,52,-6.0,0.03312578361164829,0.028075591522298517,0.028631232806174384,0.05201253571221138
LC-STR-02,53,-6.0,0.031050543453437676,0.02020632466565773,0.0317647138317117,0.04879988575866061
LC-STR-02,54,-6.0,0.03202380385548498,-0.015992015233666855,0.01671693539733014,0.039506005792624956
LC-STR-02,55,-6.0,0.03434159989443528,-0.03146742456016477,-0.02031567787445976,0.05081605119701798
LC-STR-02,56,-6.0,0.0331257836116541,-0.02807559152231264,-0.028631232806146684,0.05201253571220744
LC-STR-02,57,-3.5,0.031201243271104975,-0.00660775874711813,-0.03170440165739637,0.044970536374122856
LC-STR-02,58,-3.5,0.032524222432226954,0.020286212807343412,-0.020515625138224844,0.043476963436950865
LC-STR-02,59,-3.5,0.03410414148938912,0.0315243200473799,0.006586915779349216,0.046906957699920704
LC-STR-02,60,-3.5,0.032712194507588874,0.02417575282528175,0.024439425386125094,0.047453558426902215
LC-STR-02,61,-3.5,0.031201243271100795,0.006607758747097711,0.03170440165743042,0.04497053637414097
LC-STR-02,62,-3.5,0.03252422243222781,-0.020286212807363813,0.020515625138258903,0.04347696343697709
LC-STR-02,63,-3.5,0.03410414148939447,-0.03152432004740034,-0.006586915779315178,0.046906957699933555
LC-STR-02,64,-3.5,0.03271219450759554,-0.02417575282530225,-0.024439425386091004,0.0474535584268997
LC-STR-02,65,-2.5,0.03141640045634111,-0.00309685774049539,-0.03149319795211845,0.044591504378629944
LC-STR-02,66,-2.5,0.03253080885570328,0.021448565153443826,-0.021302339661447355,0.04440815405980641
LC-STR-02,67,-2.5,0.033873749499139294,0.03173229209131384,0.0030798170795119707,0.04651724991594142
LC-STR-02,68,-2.5,0.032720837983329525,0.023396322466738066,0.02327285312003976,0.046472215738501604
LC-STR-02,69,-2.5,0.031416400456336646,0.00309685774047252,0.03149319795215566,0.044591504378651496
LC-STR-02,70,-2.5,0.03253080885570407,-0.021448565153466787,0.02130233966148451,0.044408154059835905
LC-STR-02,71,-2.5,0.033873749499144845,-0.0317322920913367,-0.003079817079474756,0.04651724991595859
LC-STR-02,72,-2.5,0.032720837983336526,-0.02339632246676095,-0.02327285312000251,0.04647221573849941
LC-STR-02,73,-1.0,0.031777405793525386,-0.0009221074185207433,-0.03169665521595201,0.044892446502018686
LC-STR-02,74,-1.0,0.03254185148589651,0.02197281277557953,-0.022211424850478577,0.04511234856765133
LC-STR-02,75,-1.0,0.03350177441665133,0.03153160318789928,0.0008961885666488683,0.046015367461428855
LC-STR-02,76,-1.0,0.032720767951986945,0.02247800504715984,0.022753458277927675,0.04575619334989871
LC-STR-02,77,-1.0,0.031777405793520626,0.0009221074184931148,0.0316966552159939,0.044892446502044325
LC-STR-02,78,-1.0,0.032541851485897354,-0.02197281277560715,0.022211424850520436,0.045112348567686006
LC-STR-02,79,-1.0,0.03350177441665726,-0.03153160318792674,-0.0008961885666067088,0.04601536746145118
LC-STR-02,80,-1.0,0.03272076795199445,-0.02247800504718712,-0.02275345827788592,0.045756193349896716
LC-STR-02,81,1.5,0.032179098634742116,0.00011148233449452384,-0.031496968301860204,0.045028500191142865
LC-STR-02,82,1.5,0.032678272469930054,0.02258337124006498,-0.022203535225816855,0.04550686898381026
LC-STR-02,83,1.5,0.033093135550771056,0.03173017050229042,-0.0001179778412915035,0.04584728192005677
LC-STR-02,84,1.5,0.03259129267417796,0.022500493901335194,0.02212981885648708,0.04536731716333774
LC-STR-02,85,1.5,0.032179098634736794,-0.00011148233452949681,0.03149696830191202,0.045028500191175394
LC-STR-02,86,1.5,0.03267827246993076,-0.022583371240099598,0.022203535225868917,0.04550686898385335
LC-STR-02,87,1.5,0.03309313555077734,-0.03173017050232507,0.0001179778413433926,0.04584728192008542
LC-STR-02,88,1.5,0.03259129267418617,-0.022500493901369427,-0.022129818856435755,0.045367317163335585
LC-STR-02,89,2.5,0.03229265885720978,0.0004324879401969676,-0.03155032891032686,0.04514893261458516
LC-STR-02,90,2.5,0.03265909113408712,0.02258061313366147,-0.022411662094992738,0.045593671940926485
LC-STR-02,91,2.5,0.032978810207216186,0.031677212296758635,-0.00043423555779350387,0.0457300367602865
LC-STR-02,92,2.5,0.03261123912706722,0.02229540616716501,0.02212897894507875,0.04527990462350112
LC-STR-02,93,2.5,0.032292658857204316,-0.0004324879402360349,0.03155032891038238,0.045148932614620434
LC-STR-02,94,2.5,0.032659091134087895,-0.022580613133700043,0.02241166209504834,0.045593671940973475
LC-STR-02,95,2.5,0.03297881020722271,-0.031677212296797125,0.00043423555784906966,0.04573003676031841
LC-STR-02,96,2.5,0.032611239127075704,-0.02229540616720342,-0.022128978945023397,0.045279904623499095
LC-STR-02,97,4.0,0.03241296645105762,0.0009127711076895457,-0.031558336240602065,0.04524778592956032
LC-STR-02,98,4.0,0.032672004225805254,0.022726428104308943,-0.02253093413025555,0.045733941305044705
LC-STR-02,99,4.0,0.032858136478118916,0.03166894363615637,-0.000913930577945851,0.04564443441369432
LC-STR-02,100,4.0,0.03259869211994556,0.022176749898254768,0.02198289640575416,0.04514123058099837
LC-STR-02,101,4.0,0.032412966451052024,-0.0009127711077336019,0.0315583362406634,0.04524778592959998
LC-STR-02,102,4.0,0.03267200422580601,-0.02272642810435245,0.022530934130317027,0.04573394130509715
LC-STR-02,103,4.0,0.032858136478125584,-0.031668943636199876,0.000913930578007201,0.045644434413730534
LC-STR-02,104,4.0,0.03259869211995423,-0.022176749898298154,-0.021982896405693075,0.04514123058099621
LC-STR-02,105,6.5,0.03254186281405391,0.0009830989675276166,-0.0316570025804059,0.045410407742768444
LC-STR-02,106,6.5,0.032628875185514175,0.022571972306650607,-0.02272126729595408,0.045720820390914435
LC-STR-02,107,6.5,0.03272906436497752,0.03157033388797006,-0.0009835090780780935,0.04548455700687228
LC-STR-02,108,6.5,0.03264199681206698,0.0219869066060755,0.022136781279634487,0.045154856919335414
LC-STR-02,109,6.5,0.032541862814048306,-0.0009830989675806018,0.031657002580477565,0.04541040774281554
LC-STR-02,110,6.5,0.03262887518551515,-0.022571972306702676,0.0227212672960261,0.045720820390976614
LC-STR-02,111,6.5,0.032729064364984524,-0.03157033388802246,0.0009835090781494164,0.045484557006915234
LC-STR-02,112,6.5,0.03264199681207591,-0.021986906606127964,-0.022136781279563048,0.04515485691933239
LC-STR-02,113,9.0,0.03261478204440052,0.0008054302609768444,-0.03161266103473806,0.045428328864336336
LC-STR-02,114,9.0,0.03264800218826166,0.022597415138288095,-0.02258936903692422,0.04568166821935492
LC-STR-02,115,9.0,0.032656114517031945,0.03161466233277089,-0.0008055231905953188,0.04545940559856908
LC-STR-02,116,9.0,0.03262290042315419,0.022119038307535345,0.02211112368701984,0.045193000324961166
LC-STR-02,117,9.0,0.03261478204439473,-0.0008054302610374515,0.03161266103482022,0.04542832886439044
LC-STR-02,118,9.0,0.03264800218826256,-0.022597415138348745,0.022589369037006386,0.04568166821942619
LC-STR-02,119,9.0,0.03265611451703904,-0.03161466233283165,0.0008055231906772564,0.045459405598617886
LC-STR-02,120,9.0,0.03262290042316335,-0.02211903830759626,-0.022111123686937562,0.04519300032495733
LC-STR-02,121,11.5,0.032647796745920485,0.0005471960932419309,-0.03162902988448039,0.045459581909216326
LC-STR-02,122,11.5,0.0326303337892743,0.0224890855129249,-0.022543994113841875,0.045593084135777014
LC-STR-02,123,11.5,0.03262309935632489,0.031598296719001794,-0.0005472113926699874,0.04542046243118836
LC-STR-02,124,11.5,0.03264056928018696,0.02216446587450427,0.022219396097897758,0.045281032159084265
LC-STR-02,125,11.5,0.03264779674591471,-0.0005471960933112648,0.03162902988457306,0.0454595819092775
LC-STR-02,126,11.5,0.03263033378927534,-0.022489085512994434,0.022543994113934457,0.04559308413585784
LC-STR-02,127,11.5,0.032623099356332154,-0.03159829671907133,0.0005472113927624896,0.04542046243124306
LC-STR-02,128,11.5,0.03264056928019622,-0.02216446587457393,-0.022219396097804954,0.0452810321590795
LC-STR-02,129,14.0,0.03265998923540437,0.0003088452412820053,-0.031618743040595775,0.04545893964565183
LC-STR-02,130,14.0,0.03263682498193758,0.022438171207048926,-0.022453554167811612,0.04552796906062596
LC-STR-02,131,14.0,0.032610909042816376,0.03160858311528499,-0.00030884612075831843,0.04541661921676943
LC-STR-02,132,14.0,0.03263407591151,0.022254916326587736,0.022270300535644112,0.04534567782324495
LC-STR-02,133,14.0,0.03265998923539854,-0.00030884524135975415,0.03161874304069898,0.04545893964571995
LC-STR-02,134,14.0,0.03263682498193859,-0.022438171207126573,0.022453554167914853,0.045527969060715864
LC-STR-02,135,14.0,0.03261090904282366,-0.03160858311536269,0.0003088461208614625,0.045416619216829435
LC-STR-02,136,14.0,0.03263407591151928,-0.022254916326665448,-0.02227030053554093,0.0453456778232391
LC-STR-02,137,15.0,0.03266010957594149,0.0002462330322582771,-0.03161608698453192,0.04545679646028928
LC-STR-02,138,15.0,0.03263566541191635,0.02242229976207952,-0.022432097822215852,0.04550873758087084
LC-STR-02,139,15.0,0.032610789219124456,0.031611239172026705,-0.00024623243822433907,0.04541799914019631
LC-STR-02,140,15.0,0.03263523496466552,0.022276373717274586,0.022286170935589364,0.04536484103533172
LC-STR-02,141,15.0,0.03266010957593569,-0.0002462330323392668,0.03161608698463925,0.04545679646036021
LC-STR-02,142,15.0,0.03263566541191742,-0.022422299762160473,0.022432097822323208,0.0455087375809644
LC-STR-02,143,15.0,0.032610789219131776,-0.031611239172107695,0.00024623243833160965,0.04541799914025853
LC-STR-02,144,15.0,0.03263523496467482,-0.02227637371735559,-0.022286170935482016,0.04536484103532545
LC-STR-02,145,16.5,0.032658974143635756,0.0001698623346942936,-0.03161786534184702,0.045456868063061574
LC-STR-02,146,16.5,0.03263575863669005,0.0223979073240349,-0.022410910776253234,0.045486348678581895
LC-STR-02,147,16.5,0.03261192508817625,0.0316094608744184,-0.00016986122108595715,0.04541722721129765
LC-STR-02,148,16.5,0.03263514130313472,0.022297561087753826,0.0223105629653778,0.0453871666682309
LC-STR-02,149,16.5,0.03265897414362997,-0.0001698623347800159,0.03161786534196058,0.04545686806313673
LC-STR-02,150,16.5,0.03263575863669113,-0.022397907324120617,0.0224109107763668,0.04548634867868084
LC-STR-02,151,16.5,0.032611925088183606,-0.03160946087450414,0.0001698612211994385,0.04541722721136303
LC-STR-02,152,16.5,0.03263514130314402,-0.022297561087839632,-0.022310562965264197,0.04538716666822391
LC-STR-02,153,19.0,0.03265628916117408,7.073200876222802e-05,-0.03161409504679078,0.04545205419365334
LC-STR-02,154,19.0,0.03263570739403503,0.022374138317356063,-0.022376112587557687,0.04545747328090631
LC-STR-02,155,19.0,0.032614610350152895,0.03161323112486776,-7.073158286680492e-05,0.045421516854938074
LC-STR-02,156,19.0,0.032635192266253166,0.022332358821776265,0.022334332489808085,0.04541599313639608
LC-STR-02,157,19.0,0.03265628916116833,-7.073200885576156e-05,0.03161409504691491,0.04545205419373569
LC-STR-02,158,19.0,0.03263570739403614,-0.022374138317449496,0.022376112587681827,0.0454574732810142
LC-STR-02,159,19.0,0.0326146103501602,-0.03161323112496124,7.073158299084704e-05,0.045421516855008566
LC-STR-02,160,19.0,0.03263519226626238,-0.02233235882186979,-0.02233433248968397,0.04541599313638765
LC-STR-02,161,21.0,0.03265528320230335,6.493748374739952e-06,-0.031613964479181515,0.04545118604923697
LC-STR-02,162,21.0,0.032634993507507384,0.022354971568188164,-0.022356784107242886,0.04543801657937347
LC-STR-02,163,21.0,0.03261561635161101,0.03161336171215486,-6.493645174739578e-06,0.04542227549238856
LC-STR-02,164,21.0,0.03263590611017519,0.022351687059963803,0.02235349945327955,0.045435440130656736
LC-STR-02,165,21.0,0.032655283202297616,-6.49374847432565e-06,0.031613964479313784,0.045451186049324875
LC-STR-02,166,21.0,0.0326349935075085,-0.022354971568287828,0.022356784107375165,0.04543801657948839
LC-STR-02,167,21.0,0.03261561635161835,-0.03161336171225454,6.493645307009897e-06,0.04542227549246322
LC-STR-02,168,21.0,0.03263590611018441,-0.022351687060063487,-0.02235349945314724,0.045435440130647306
LC-STR-02,169,-2.5,0.02717162853936227,-0.002932400313650204,-0.21071982755190122,0.21248468672491103
LC-STR-02,170,-2.5,0.0321333030203989,0.007826010828490645,-0.016571344236257,0.03699195937342273
LC-STR-02,171,-2.5,0.030023907023251216,0.10354017078086337,-0.18221930947411671,0.2117212287502014
LC-STR-02,172,-2.5,0.03280116360867672,0.016748812584815996,-0.007769848295223891,0.037640531340766996
LC-STR-02,173,-2.5,0.035466401615933243,0.1823285062468018,-0.10343046261806318,0.21260152970089205
LC-STR-02,174,-2.5,0.038070026890071385,0.21079720141243644,0.002922612485620137,0.21422728289008186
LC-STR-02,175,-2.5,0.03312145382862882,0.019917886547714685,0.013247193982184574,0.040856346589621194
LC-STR-02,176,-2.5,0.0352168593661003,0.1828225175171094,0.10722113192827423,0.2148503461176776
LC-STR-02,177,-2.5,0.032455926712173934,0.013310438640926363,0.019773255302027413,0.0402683073992318
LC-STR-02,178,-2.5,0.029774940993498387,0.10732637860545245,0.18271827028310716,0.21398940382873596
LC-STR-02,179,-2.5,0.027171628539161285,0.0029324003136274282,0.21071982755193863,0.21248468672492207
LC-STR-02,180,-2.5,0.032133303020399274,-0.007826010828513114,0.01657134423629398,0.03699195937344437
LC-STR-02,181,-2.5,0.03002390702304452,-0.10354017078088609,0.18221930947415402,0.21172122875021532
LC-STR-02,182,-2.5,0.03280116360867956,-0.016748812584839092,0.007769848295261429,0.03764053134078749
LC-STR-02,183,-2.5,0.03546640161575156,-0.18232850624682442,0.10343046261810043,0.21260152970089924
LC-STR-02,184,-2.5,0.038070026889939,-0.210797201412459,-0.0029226124855828025,0.21422728289008003
LC-STR-02,185,-2.5,0.033121453828633345,-0.019917886547737657,-0.013247193982147562,0.04085634658962406
LC-STR-02,186,-2.5,0.03521685936607285,-0.1828225175171319,-0.10722113192823701,0.21485034611767365
LC-STR-02,187,-2.5,0.03245592671217833,-0.01331043864094927,-0.01977325530199017,0.040268307399224636
LC-STR-02,188,-2.5,0.0297749409936289,-0.10732637860547528,-0.18271827028306972,0.2139894038287336
LC-STR-02,189,2.5,0.0317939456454423,0.00040710896275054855,-0.2107184667084516,0.21310394864801008
LC-STR-02,190,2.5,0.03255075155322264,0.01094552939797808,-0.01837290149796385,0.0389476514046163
LC-STR-02,191,2.5,0.03238921443676421,0.10569764382363064,-0.18250170473608254,0.21337273807418328
LC-STR-02,192,2.5,0.03266618852054648,0.018579547040015357,-0.010887042821556102,0.03912553056599261
LC-STR-02,193,2.5,0.033230856650232406,0.1826107210757219,-0.10558688029771401,0.21354052209477054
LC-STR-02,194,2.5,0.03347878643843399,0.21079704659900467,-0.0004081215962591842,0.2134394306577174
LC-STR-02,195,2.5,0.032718511996764725,0.01812946660240103,0.010129805842401066,0.03875295540955237
LC-STR-02,196,2.5,0.032883807257547464,0.18254117424592525,0.10506032840831915,0.21316729974387874
LC-STR-02,197,2.5,0.03260288672390546,0.010188987550813119,0.017926431793958437,0.0385761668249436
LC-STR-02,198,2.5,0.03204212128884329,0.10517054489488312,0.18243272907554192,0.21300056734226236
LC-STR-02,199,2.5,0.03179394564329446,-0.0004071089627895759,0.21071846670850705,0.21310394864774457
LC-STR-02,200,2.5,0.03255075155322916,-0.010945529398016613,0.018372901498019425,0.0389476514046588
LC-STR-02,201,2.5,0.03238921443491648,-0.10569764382366938,0.1825017047361383,0.2133727380739697
LC-STR-02,202,2.5,0.03266618852055641,-0.018579547040053972,0.010887042821611822,0.03912553056603474
LC-STR-02,203,2.5,0.0332308566491844,-0.18261072107576104,0.1055868802977697,0.21354052209466845
LC-STR-02,204,2.5,0.033478786438593644,-0.21079704659904386,0.00040812159631484186,0.21343943065778126
LC-STR-02,205,2.5,0.03271851199676037,-0.01812946660243932,-0.010129805842345362,0.038752955409552044
LC-STR-02,206,2.5,0.03288380725890467,-0.18254117424596428,-0.10506032840826386,0.21316729974409426
LC-STR-02,207,2.5,0.03260288672390143,-0.010188987550852385,-0.017926431793903384,0.038576166824924984
LC-STR-02,208,2.5,0.032042121290921384,-0.10517054489492217,-0.18243272907548655,0.21300056734254683
LC-STR-02,209,-16.0,0.07866541885750854,-0.026194544123868395,-0.05038258197265202,0.09701962086153268
LC-STR-02,210,-16.0,0.062120537060617896,0.0501187110380988,-0.031626558509585234,0.08585502620103418
LC-STR-02,211,-16.0,0.06709969447354318,0.01670151498947646,0.024554682160283604,0.07337739445755143
LC-STR-02,212,-16.0,0.0786654188575067,0.02619454412386539,0.05038258197265597,0.09701962086153244
LC-STR-02,213,-16.0,0.06212053706062077,-0.050118711038101525,0.03162655850959049,0.08585502620103978
LC-STR-02,214,-16.0,0.06709969447354747,-0.016701514989480686,-0.024554682160278483,0.07337739445755459
LC-STR-02,215,21.4,0.032630062852063574,-3.1845698127547302e-06,-0.014050775226716406,0.03552668428579864
LC-STR-02,216,21.4,0.03263671641568956,0.00993387342343158,-0.009934694468776574,0.03553217209486131
LC-STR-02,217,21.4,0.03264083654393624,0.014050258632335416,3.1846065780875615e-06,0.03553637556174234
LC-STR-02,218,21.4,0.0326341833597234,0.009935722230336308,0.009936543223821353,0.03553087940135055
LC-STR-02,219,21.4,0.03263006285206091,3.184569711937739e-06,0.014050775226850366,0.03552668428584916
LC-STR-02,220,21.4,0.032636716415689965,-0.009933873423532484,0.009934694468910491,0.03553217209492733
LC-STR-02,221,21.4,0.032640836543939386,-0.014050258632436311,-3.184606444130483e-06,0.03553637556178511
LC-STR-02,222,21.4,0.03263418335972747,-0.009935722230437226,-0.009936543223687345,0.035530879401345035
LC-STR-03,1,-21.0,0.0,0.0,0.0,0.0
LC-STR-03,2,-21.0,0.0,0.0,0.0,0.0
LC-STR-03,3,-21.0,0.0,0.0,0.0,0.0
LC-STR-03,4,-21.0,0.0,0.0,0.0,0.0
LC-STR-03,5,-21.0,0.0,0.0,0.0,0.0
LC-STR-03,6,-21.0,0.0,0.0,0.0,0.0
LC-STR-03,7,-21.0,0.0,0.0,0.0,0.0
LC-STR-03,8,-21.0,0.0,0.0,0.0,0.0
LC-STR-03,9,-18.5,9.794543896759112e-08,-4.7327177732697827e-07,-5.0116542971515514e-08,4.858921198251797e-07
LC-STR-03,10,-18.5,-9.177014108018994e-08,5.685408902023796e-07,4.475933818877545e-07,7.293835329480023e-07
LC-STR-03,11,-18.5,9.263223423452137e-08,2.826531587998145e-08,-1.053831843382185e-06,1.0582727498274576e-06
LC-STR-03,12,-18.5,-1.0369033405367706e-07,-6.666096914259461e-07,3.212596013508899e-07,7.47213421680373e-07
LC-STR-03,13,-18.5,9.79454383511764e-08,4.7327177667618104e-07,5.011654151170542e-08,4.858921189164602e-07
LC-STR-03,14,-18.5,-9.177014173342455e-08,-5.68540890744594e-07,-4.4759338328224677e-07,7.293835343085813e-07
LC-STR-03,15,-18.5,9.263223397212673e-08,-2.826531652270926e-08,1.0538318418115706e-06,1.0582727482576328e-06
LC-STR-03,16,-18.5,-1.036903338369154e-07,6.666096907036869e-07,-3.212596027647823e-07,7.472134216138397e-07
LC-STR-03,17,-16.0,-3.4848436555377665e-07,-7.482515289907976e-06,2.6804435193578057e-08,7.490673861174848e-06
LC-STR-03,18,-16.0,6.006036969557681e-07,4.892870714782656e-06,4.6579656916588894e-06,6.7821495867494665e-06
LC-STR-03,19,-16.0,-3.585266956261892e-07,-2.2356749074942996e-07,-7.599822266619249e-06,7.611558467133939e-06
LC-STR-03,20,-16.0,6.437923577653415e-07,-4.658078119671917e-06,5.028703122925831e-06,6.884766914530028e-06
LC-STR-03,21,-16.0,-3.4848436649994194e-07,7.482515286725891e-06,-2.6804437647947316e-08,7.49067385804903e-06
LC-STR-03,22,-16.0,6.006036958087e-07,-4.892870718230213e-06,-4.657965694335043e-06,6.7821495909730455e-06
LC-STR-03,23,-16.0,-3.5852669630570637e-07,2.2356748759685449e-07,7.599822264576741e-06,7.611558465033991e-06
LC-STR-03,24,-16.0,6.437923579567699e-07,4.658078116712044e-06,-5.028703125413008e-06,6.884766914362005e-06
LC-STR-03,25,-13.5,-3.471890652351697e-06,-1.996654391283256e-05,-2.0456935570695664e-06,2.0369137503939483e-05
LC-STR-03,26,-13.5,4.271070595080003e-06,1.8855615430061132e-05,1.747025768850568e-05,2.605736327753267e-05
LC-STR-03,27,-13.5,-3.5826579015686802e-06,2.09309115535801e-06,-2.1319481685032153e-05,2.171950200954736e-05
LC-STR-03,28,-13.5,4.2810716192125375e-06,-1.7768294475349856e-05,1.8232199025466878e-05,2.5815749922785714e-05
LC-STR-03,29,-13.5,-3.47189065364925e-06,1.9966543907860735e-05,2.045693553128765e-06,2.0369137498891312e-05
LC-STR-03,30,-13.5,4.271070593582964e-06,-1.885561543489371e-05,-1.7470257692367442e-05,2.605736328337337e-05
LC-STR-03,31,-13.5,-3.582657902441715e-06,-2.0930911603089176e-06,2.1319481680946493e-05,2.171950200615807e-05
LC-STR-03,32,-13.5,4.281071619556962e-06,1.7768294470309888e-05,-1.8232199029366468e-05,2.5815749922128013e-05
LC-STR-03,33,-11.0,-1.7403100285226496e-05,-6.71093217425318e-05,-4.257306849847546e-06,6.945972664713028e-05
LC-STR-03,34,-11.0,1.8124964794538824e-05,3.6236642281949505e-05,2.5712110310332687e-05,4.7986677414507034e-05
LC-STR-03,35,-11.0,-1.7502511354529117e-05,4.3092607200276076e-06,-6.688305582384907e-05,6.926940730224783e-05
LC-STR-03,36,-11.0,1.8098719884516373e-05,-2.553575660731556e-05,3.616157467720053e-05,4.782570449142385e-05
LC-STR-03,37,-11.0,-1.7403100286806684e-05,6.710932173439737e-05,4.257306844572899e-06,6.945972663934373e-05
LC-STR-03,38,-11.0,1.8124964792580945e-05,-3.623664229001712e-05,-2.5712110315584132e-05,4.7986677422673516e-05
LC-STR-03,39,-11.0,-1.750251135572014e-05,-4.309260728146618e-06,6.688305581846234e-05,6.926940729785268e-05
LC-STR-03,40,-11.0,1.8098719884809643e-05,2.5535756599155227e-05,-3.6161574682468694e-05,4.7825704491161077e-05
LC-STR-03,41,-8.5,-6.305068224864492e-05,8.920505722139026e-06,-1.2574736818476018e-05,6.490830424847224e-05
LC-STR-03,42,-8.5,6.12750177070942e-05,6.828979541621103e-05,5.397570876953793e-05,0.00010644952367280297
LC-STR-03,43,-8.5,-6.309427196881309e-05,1.2635724810004449e-05,9.080339448286456e-06,6.498462326769943e-05
LC-STR-03,44,-8.5,6.124282500138332e-05,-5.381761312121642e-05,6.823221447569859e-05,0.00010631394164676955
LC-STR-03,45,-8.5,-6.305068225053629e-05,-8.920505733176876e-06,1.2574736810653696e-05,6.490830425031102e-05
LC-STR-03,46,-8.5,6.127501770483637e-05,-6.828979542723792e-05,-5.3975708777361764e-05,0.00010644952368254443
LC-STR-03,47,-8.5,-6.30942719701142e-05,-1.2635724821045892e-05,-9.080339456151208e-06,6.498462327220854e-05
LC-STR-03,48,-8.5,6.124282500180673e-05,5.381761311014583e-05,-6.823221448350254e-05,0.00010631394164641793
LC-STR-03,49,-6.0,-0.000170489527809977,0.0002016586200669979,-0.00018025934433217326,0.00031972849319267705
LC-STR-03,50,-6.0,0.00015397602663368604,-0.0003858765770371673,-0.0005986761082234276,0.0007287128598023831
LC-STR-03,51,-6.0,-0.00017050585895055868,0.00018027001592801637,0.00020180276947758894,0.0003198341513159281
LC-STR-03,52,-6.0,0.00015396266792752275,0.0005987375637451415,-0.00038585283688204435,0.0007287479571736373
LC-STR-03,53,-6.0,-0.0001704895278119992,-0.0002016586200817704,0.00018025934432219182,0.00031972849319744526
LC-STR-03,54,-6.0,0.0001539760266311556,0.0003858765770223693,0.0005986761082134325,0.000728712859785801
LC-STR-03,55,-6.0,-0.00017050585895211844,-0.0001802700159428284,-0.000201802769487625,0.00031983415133144056
LC-STR-03,56,-6.0,0.0001539626679278551,-0.0005987375637599817,0.0003858528368720909,0.0007287479571806301
LC-STR-03,57,-3.5,-0.0002996981029020007,0.004686969709062063,0.00026353561649852244,0.004703929743067133
LC-STR-03,58,-3.5,0.00011625600097096499,-0.0019329522229014214,-0.001718411227574345,0.0025889683081943807
LC-STR-03,59,-3.5,-0.0002996990957444811,-0.0002635306994177344,0.004687035539413066,0.004703995123854487
LC-STR-03,60,-3.5,0.00011624410759478983,0.00171843968642021,-0.0019329409587753657,0.002588978253776174
LC-STR-03,61,-3.5,-0.0002996981029041775,-0.00468696970908031,-0.00026353561651124393,0.004703929743086167
LC-STR-03,62,-3.5,0.00011625600096830522,0.001932952222883106,0.00171841122756159,0.0025889683081721207
LC-STR-03,63,-3.5,-0.0002996990957460681,0.00026353069939937863,-0.004687035539425922,0.00470399512386637
LC-STR-03,64,-3.5,0.00011624410759520132,-0.001718439686438654,0.0019329409587627222,0.0025889782537789952
LC-STR-03,65,-2.5,-0.00034239042458921576,0.03371642268620454,0.01032160778013109,0.03526258608106503
LC-STR-03,66,-2.5,-0.0001550544373835975,0.007436651853332108,0.021688707320248107,0.02292875613481037
LC-STR-03,67,-2.5,-0.00034238974735655237,-0.010321606768619486,0.033716464397426524,0.035262625660719554
LC-STR-03,68,-2.5,-0.00015506268193882027,-0.021688693416412507,0.007436664787220477,0.02292874723363556
LC-STR-03,69,-2.5,-0.0003423904245914106,-0.03371642268622435,-0.010321607780144763,0.035262586081088
LC-STR-03,70,-2.5,-0.00015505443738630533,-0.0074366518533517546,-0.02168870732026173,0.02292875613482964
LC-STR-03,71,-2.5,-0.00034238974735819314,0.010321606768599723,-0.033716464397440374,0.03526262566072702
LC-STR-03,72,-2.5,-0.00015506268193844335,0.021688693416392645,-0.007436664787234083,0.02292874723362118
LC-STR-03,73,-1.0,-0.00038665239926880885,0.0036694369938218745,0.0003165025412632883,0.0037033014714056107
LC-STR-03,74,-1.0,-0.0004516567639469375,-0.002109219633240706,-0.001851421163215431,0.0028426328671267162
LC-STR-03,75,-1.0,-0.00038665017840994393,-0.000316506801085844,0.003669471243270273,0.0037033355398593737
LC-STR-03,76,-1.0,-0.0004516623813080366,0.0018514246121360792,-0.0021092027031965484,0.0028426234439833395
LC-STR-03,77,-1.0,-0.0003866523992710366,-0.0036694369938434757,-0.00031650254127849726,0.003703301471428547
LC-STR-03,78,-1.0,-0.0004516567639496866,0.002109219633219071,0.0018514211632002042,0.0028426328671011833
LC-STR-03,79,-1.0,-0.00038665017841161745,0.0003165068010641877,-0.0036694712432855533,0.003703335539872838
LC-STR-03,80,-1.0,-0.00045166238130767275,-0.0018514246121577886,0.0021092027031813887,0.002842623443986173
LC-STR-03,81,1.5,-0.0005892740423020374,0.004800245206041219,-0.0004584088421823473,0.004857956010674
LC-STR-03,82,1.5,-0.0005226444845735238,-0.00201308397153507,-0.0024630418794028635,0.003223699681018523
LC-STR-03,83,1.5,-0.0005892726082021823,0.0004584063007695857,0.004800254986728409,0.004857965261400457
LC-STR-03,84,1.5,-0.0005226464124473687,0.0024630405292181477,-0.0020130768729141437,0.0032236945291508473
LC-STR-03,85,1.5,-0.0005892740423042056,-0.004800245206066529,0.00045840884216423743,0.0048579560106975644
LC-STR-03,86,1.5,-0.000522644484576294,0.002013083971509969,0.0024630418793847937,0.003223699680989491
LC-STR-03,87,1.5,-0.0005892726082039472,-0.0004584063007946432,-0.004800254986746408,0.004857965261420822
LC-STR-03,88,1.5,-0.0005226464124471104,-0.002463040529243151,0.002013076872895946,0.003223694529158546
LC-STR-03,89,2.5,-0.0006470178848654078,0.03371633516003746,-0.010377326970432582,0.035283123498615905
LC-STR-03,90,2.5,-0.0007828656355999962,0.02172640865804631,0.007398209832986708,0.0229648257235437
LC-STR-03,91,2.5,-0.0006470164353056087,0.010377324495279502,0.033716339984606276,0.03528312735438064
LC-STR-03,92,2.5,-0.0007828670219106476,-0.007398211872768485,0.021726413581376103,0.022964831085757455
LC-STR-03,93,2.5,-0.0006470178848675669,-0.033716335160064045,0.010377326970413485,0.03528312349863572
LC-STR-03,94,2.5,-0.0007828656356027756,-0.021726408658072478,-0.007398209833005687,0.022964825723574663
LC-STR-03,95,2.5,-0.0006470164353073966,-0.010377324495305686,-0.03371633998462534,0.03528312735440659
LC-STR-03,96,2.5,-0.0007828670219103958,0.007398211872742432,-0.021726413581395397,0.0229648310857673
LC-STR-03,97,4.0,-0.0006625858554440562,0.003392150119981092,-0.0001823601225286891,0.003461063083304167
LC-STR-03,98,4.0,-0.0010966960821604047,-0.0013274774448634081,-0.0014488057431528594,0.0022503281415473106
LC-STR-03,99,4.0,-0.000662584864261317,0.00018235759031945146,0.003392151746714566,0.003461064354477389
LC-STR-03,100,4.0,-0.0010966969246599346,0.0014488019884444131,-0.0013274727045684807,0.0022503233384679193
LC-STR-03,101,4.0,-0.0006625858554462019,-0.003392150120009293,0.00018236012250803758,0.0034610630833311292
LC-STR-03,102,4.0,-0.0010966960821631928,0.001327477444835545,0.0014488057431323487,0.0022503281415190276
LC-STR-03,103,4.0,-0.0006625848642631075,-0.00018235759034736451,-0.003392151746735196,0.003461064354499422
LC-STR-03,104,4.0,-0.0010966969246596792,-0.0014488019884722372,0.0013274727045476664,0.0022503233384734297
LC-STR-03,105,6.5,-0.0007940660609540139,7.847618678640703e-05,0.00010708439506845266,0.0008050878763953257
LC-STR-03,106,6.5,-0.0010721717524779825,-0.0003861987397264616,-0.0002626788731416572,0.0011694878895366922
LC-STR-03,107,6.5,-0.0007940653638760771,-0.00010708696179604307,7.847624351267031e-05,0.0008050875357936017
LC-STR-03,108,6.5,-0.0010721719608574119,0.00026267455429491017,-0.00038619441114292073,0.0011694856811098136
LC-STR-03,109,6.5,-0.0007940660609561533,-7.847618681743882e-05,-0.00010708439509159901,0.0008050878764035394
LC-STR-03,110,6.5,-0.0010721717524807737,0.0003861987396955129,0.0002626788731185452,0.0011694878895238397
LC-STR-03,111,6.5,-0.0007940653638778664,0.00010708696176509009,-7.847624353580007e-05,0.0008050875357935039
LC-STR-03,112,6.5,-0.0010721719608571545,-0.0002626745543258412,0.0003861944111197359,0.0011694856811088688
LC-STR-03,113,9.0,-0.0008876904481653724,-1.5346576435219464e-05,-8.903018498715381e-06,0.0008878677339056253
LC-STR-03,114,9.0,-0.000987533942868277,7.310956921493358e-05,5.575522969267226e-05,0.000991804891632342
LC-STR-03,115,9.0,-0.0008876901740093815,8.901325153486594e-06,-1.5347862559547727e-05,0.0008878674650573929
LC-STR-03,116,9.0,-0.00098753394580291,-5.5758462499685885e-05,7.311204284112435e-05,0.0009918052586379022
LC-STR-03,117,9.0,-0.0008876904481675144,1.534657640126051e-05,8.903018473076695e-06,0.0008878677339069228
LC-STR-03,118,9.0,-0.0009875339428710645,-7.310956924887591e-05,-5.575522971830382e-05,0.00099180489163906
LC-STR-03,119,9.0,-0.0008876901740111729,-8.901325187430967e-06,1.5347862533910388e-05,0.0008878674650590811
LC-STR-03,120,9.0,-0.0009875339458026563,5.575846246574597e-05,-7.311204286677175e-05,0.0009918052586376323
LC-STR-03,121,11.5,-0.000925184398699263,-5.7481531205889627e-05,-1.774139400862557e-05,0.0009271380992536439
LC-STR-03,122,11.5,-0.0009516883013752299,3.820162573500265e-05,1.704229402083938e-05,0.0009526071734816825
LC-STR-03,123,11.5,-0.0009251842551749705,1.7740213891874027e-05,-5.7482696059743775e-05,0.0009271380056706181
LC-STR-03,124,11.5,-0.0009516881430995301,-1.7044639315492386e-05,3.820326950439944e-05,0.0009526071232394038
LC-STR-03,125,11.5,-0.000925184398701407,5.748153116895694e-05,1.774139398049367e-05,0.0009271380992529553
LC-STR-03,126,11.5,-0.0009516883013780152,-3.820162577193625e-05,-1.7042294048971885e-05,0.0009526071734864496
LC-STR-03,127,11.5,-0.0009251842551767622,-1.7740213928806225e-05,5.748269603161477e-05,0.0009271380056713687
LC-STR-03,128,11.5,-0.0009516881430992785,1.7044639278561705e-05,-3.820326953253205e-05,0.00095260712323962
LC-STR-03,129,14.0,-0.0009365321579305823,-9.914846223419527e-06,-1.9100000492328834e-05,0.0009367793747903262
LC-STR-03,130,14.0,-0.0009404064144703199,2.5140208589361956e-05,-3.046315437981324e-06,0.0009407473276616773
LC-STR-03,131,14.0,-0.000936532149354765,1.9099416472551563e-05,-9.915671169931546e-06,0.0009367793630409447
LC-STR-03,132,14.0,-0.0009404062730856861,3.045087068286116e-06,2.514094895628238e-05,0.000940747202136996
LC-STR-03,133,14.0,-0.0009365321579327265,9.914846183504548e-06,1.9100000461702067e-05,0.0009367793747914227
LC-STR-03,134,14.0,-0.000940406414473104,-2.5140208629279285e-05,3.0463154073535554e-06,0.000940747327665428
LC-STR-03,135,14.0,-0.000936532149356557,-1.909941651246821e-05,9.915671139305501e-06,0.0009367793630432258
LC-STR-03,136,14.0,-0.0009404062730854366,-3.0450871082027396e-06,-2.5140948986908366e-05,0.0009407472021376942
LC-STR-03,137,15.0,-0.0009377445560537865,-8.667893064913008e-06,-2.0422857955398663e-05,0.0009380069711392151
LC-STR-03,138,15.0,-0.0009392296220662018,1.8551100907674753e-05,-9.687517405536817e-06,0.0009394627583385036
LC-STR-03,139,15.0,-0.0009377445651021533,2.0422411298111345e-05,-8.668642715807518e-06,0.0009380069773879032
LC-STR-03,140,15.0,-0.0009392294841886585,9.686535828183549e-06,1.8551632890599827e-05,0.0009394626208788468
LC-STR-03,141,15.0,-0.0009377445560559308,8.667893023806374e-06,2.0422857923775223e-05,0.0009380069711402905
LC-STR-03,142,15.0,-0.0009392296220689867,-1.855110094878407e-05,9.687517373912106e-06,0.0009394627583417734
LC-STR-03,143,15.0,-0.000937744565103946,-2.0422411339220185e-05,8.66864268418402e-06,0.0009380069773902982
LC-STR-03,144,15.0,-0.0009392294841884098,-9.686535869292919e-06,-1.855163292222195e-05,0.0009394626208796465
LC-STR-03,145,16.5,-0.0009383799118772321,-3.517310196950717e-06,-2.0550451281690068e-05,0.0009386115019184586
LC-STR-03,146,16.5,-0.0009386142577857895,1.7305311198865693e-05,-1.2052134457472824e-05,0.0009388511344507387
LC-STR-03,147,16.5,-0.0009383799400601169,2.0550160705166617e-05,-3.517888402469251e-06,0.0009386115258993196
LC-STR-03,148,16.5,-0.0009386141405037972,1.2051473506759164e-05,1.7305631163940073e-05,0.0009388510146116627
LC-STR-03,149,16.5,-0.0009383799118793764,3.517310154055376e-06,2.055045124857085e-05,0.0009386115019197165
LC-STR-03,150,16.5,-0.0009386142577885741,-1.7305311241763032e-05,1.2052134424352965e-05,0.0009388511344538881
LC-STR-03,151,16.5,-0.0009383799400619102,-2.0550160748063628e-05,3.5178883693497686e-06,0.0009386115259019275
LC-STR-03,152,16.5,-0.0009386141405035485,-1.2051473549656682e-05,-1.7305631197058367e-05,0.0009388510146125751
LC-STR-03,153,19.0,-0.0009385814870574672,-8.329851562042454e-07,-2.0687178328368735e-05,0.00093880981090872
LC-STR-03,154,19.0,-0.0009384518848666016,1.5179837135845336e-05,-1.4017179933212415e-05,0.0009386793110527301
LC-STR-03,155,19.0,-0.0009385815344054849,2.0687058996365543e-05,-8.332822657451857e-07,0.0009388098558793511
LC-STR-03,156,19.0,-0.0009384517806167861,1.4016888609484509e-05,1.5179951443431507e-05,0.0009386792043264474
LC-STR-03,157,19.0,-0.0009385814870596115,8.32985110326398e-07,2.06871782927562e-05,0.0009388098109100383
LC-STR-03,158,19.0,-0.0009384518848693856,-1.5179837181723778e-05,1.4017179897599714e-05,0.0009386793110557237
LC-STR-03,159,19.0,-0.0009385815344072776,-2.068705904224376e-05,8.332822301329098e-07,0.0009388098558821226
LC-STR-03,160,19.0,-0.0009384517806165369,-1.4016888655362744e-05,-1.517995147904383e-05,0.0009386792043274591
LC-STR-03,161,21.0,-0.0009385789842555385,-2.416591058749237e-07,-2.0678685288366642e-05,0.0009388067831617628
LC-STR-03,162,21.0,-0.0009384879292256127,1.4844017674141419e-05,-1.4405487164525498e-05,0.0009387158548907845
LC-STR-03,163,21.0,-0.0009385790282633202,2.06786811411646e-05,-2.4171383924435753e-07,0.0009388068270816081
LC-STR-03,164,21.0,-0.0009384878354654437,1.4405460468874065e-05,1.4844008807260933e-05,0.0009387157606034982
LC-STR-03,165,21.0,-0.000938578984257683,2.4165905761228145e-07,2.0678685250760243e-05,0.000938806783163066
LC-STR-03,166,21.0,-0.0009384879292283965,-1.4844017722403449e-05,1.4405487126919135e-05,0.0009387158548937535
LC-STR-03,167,21.0,-0.000938579028265113,-2.067868118942664e-05,2.4171380163761e-07,0.0009388068270844538
LC-STR-03,168,21.0,-0.0009384878354651944,-1.4405460517136215e-05,-1.4844008844867305e-05,0.0009387157606045843
LC-STR-03,169,-2.5,-0.05970137718918449,0.11414892200461342,0.0688127374737698,0.14604596424322913
LC-STR-03,170,-2.5,0.0061381889736736245,0.09109688779545508,-0.006319218877950239,0.09152187092231946
LC-STR-03,171,-2.5,-0.05976012870306007,0.048679546772912786,0.10543315317826761,0.13060291361885673
LC-STR-03,172,-2.5,0.004633526609758731,-0.01805620155691824,0.09808295129528018,0.09983867646508392
LC-STR-03,173,-2.5,-0.05977355048866841,-0.013742625859583921,0.1175307153494928,0.13257151335826786
LC-STR-03,174,-2.5,-0.059701349490750885,-0.06881273718064748,0.11414896146846078,0.14604598362720486
LC-STR-03,175,-2.5,0.00613818943010019,0.006319241031235578,0.09109692443239971,0.09152190894934933
LC-STR-03,176,-2.5,-0.05976014138589188,-0.10543314942484738,0.04867957189056739,0.130602925754184
LC-STR-03,177,-2.5,0.0046335242685015855,-0.09808291420239933,-0.018056180554217285,0.09983863611742959
LC-STR-03,178,-2.5,-0.05977359082182697,-0.117530689418451,-0.013742622915063547,0.13257150824931133
LC-STR-03,179,-2.5,-0.05970137718932009,-0.11414892200463346,-0.06881273747378365,0.14604596424330674
LC-STR-03,180,-2.5,0.006138188973671746,-0.09109688779547549,0.006319218877936903,0.09152187092233871
LC-STR-03,181,-2.5,-0.059760128703110316,-0.048679546772932736,-0.10543315317828138,0.13060291361889825
LC-STR-03,182,-2.5,0.004633526609757081,0.01805620155689883,-0.09808295129529444,0.09983867646509435
LC-STR-03,183,-2.5,-0.05977355048862736,0.013742625859563897,-0.1175307153495066,0.13257151335825954
LC-STR-03,184,-2.5,-0.059701349490649834,0.06881273718062735,-0.11414896146847495,0.14604598362716512
LC-STR-03,185,-2.5,0.006138189430099286,-0.006319241031255748,-0.09109692443241416,0.09152190894936504
LC-STR-03,186,-2.5,-0.05976014138576769,0.10543314942482726,-0.04867957189058158,0.13060292575411625
LC-STR-03,187,-2.5,0.004633524268501619,0.09808291420237909,0.01805618055420355,0.09983863611740722
LC-STR-03,188,-2.5,-0.0597735908216816,0.11753068941843074,0.013742622915049624,0.13257150824922637
LC-STR-03,189,2.5,-0.052788718919639155,0.11414891943121996,-0.06916963936569996,0.143530706340047
LC-STR-03,190,2.5,0.0034114017603489332,0.09809866709323492,-0.018086965579634948,0.09981044269673761
LC-STR-03,191,2.5,-0.05288074481976639,0.1177080079502625,-0.014052113386218736,0.1298037372302179
LC-STR-03,192,2.5,0.004933876081948745,-0.006289378900811066,0.09108098242929406,0.09143109307251755
LC-STR-03,193,2.5,-0.05286946106357775,0.10574237509483068,0.048501865693462216,0.12778521346226127
LC-STR-03,194,2.5,-0.05278871187489901,0.06916963775018949,0.11414892397003319,0.14353070658022957
LC-STR-03,195,2.5,0.003411400678161907,0.018086963731797783,0.09809867252108583,0.09981044765965921
LC-STR-03,196,2.5,-0.05288074132846827,0.014052111534626276,0.11770801316038566,0.12980374033207007
LC-STR-03,197,2.5,0.004933874075877109,-0.09108097941624346,-0.006289372234525071,0.09143108950418995
LC-STR-03,198,2.5,-0.05286946460791233,-0.04850186502859087,0.10574237771421445,0.12778521684386868
LC-STR-03,199,2.5,-0.052788718919178884,-0.11414891943124712,0.06916963936568077,0.14353070633989007
LC-STR-03,200,2.5,0.0034114017603447846,-0.09809866709326183,0.018086965579616223,0.09981044269676052
LC-STR-03,201,2.5,-0.052880744819319994,-0.11770800795028918,0.014052113386199749,0.1298037372300582
LC-STR-03,202,2.5,0.004933876081944521,0.00628937890078494,-0.0910809824293132,0.09143109307253458
LC-STR-03,203,2.5,-0.05286946106325162,-0.10574237509485739,-0.048501865693481076,0.12778521346215557
LC-STR-03,204,2.5,-0.05278871187478051,-0.06916963775021627,-0.1141489239700525,0.14353070658021427
LC-STR-03,205,2.5,0.003411400678162853,-0.018086963731823995,-0.09809867252110553,0.09981044765968336
LC-STR-03,206,2.5,-0.05288074132858249,-0.014052111534652904,-0.11770801316040527,0.12980374033213726
LC-STR-03,207,2.5,0.0049338740758789286,0.09108097941621565,0.0062893722345051225,0.09143108950416096
LC-STR-03,208,2.5,-0.05286946460823278,0.048501865028564045,-0.10574237771423381,0.1277852168440071
LC-STR-03,209,-16.0,3.877766539644168e-06,-7.355339654223084e-06,-1.348738621139714e-05,1.5844484263628024e-05
LC-STR-03,210,-16.0,-4.065682058336483e-06,-9.637523590142367e-06,8.067428213392163e-06,1.3209656677153486e-05
LC-STR-03,211,-16.0,-4.31664652572099e-06,-1.8000055809023886e-05,2.2076233395583627e-06,1.8641594544602576e-05
LC-STR-03,212,-16.0,3.877766537477737e-06,7.355339651002045e-06,1.3487386209064322e-05,1.5844484259616764e-05
LC-STR-03,213,-16.0,-4.065682060433198e-06,9.63752358753635e-06,-8.067428216344246e-06,1.3209656677700415e-05
LC-STR-03,214,-16.0,-4.31664652590294e-06,1.8000055806157988e-05,-2.2076233420393655e-06,1.8641594542171246e-05
LC-STR-03,215,21.4,-0.0009381475499620372,-6.949543079552184e-08,-9.197097028530601e-06,0.0009381926331639682
LC-STR-03,216,21.4,-0.0009392650091452499,6.531243556422123e-06,-6.475568280663165e-06,0.0009393100380234298
LC-STR-03,217,21.4,-0.0009381475011845076,9.19710831663473e-06,-6.951301220251294e-08,0.0009381925845007422
LC-STR-03,218,21.4,-0.0009392650198003463,6.4755815807925314e-06,6.531218959595282e-06,0.000939310048598679
LC-STR-03,219,21.4,-0.0009381475499629909,6.949538205660075e-08,9.197096990525088e-06,0.0009381926331645457
LC-STR-03,220,21.4,-0.000939265009146487,-6.531243605160737e-06,6.475568242657825e-06,0.0009393100380247437
LC-STR-03,221,21.4,-0.0009381475011853033,-9.197108365373519e-06,6.95129741966871e-08,0.000938192584502013
LC-STR-03,222,21.4,-0.0009392650198002346,-6.475581629531444e-06,-6.53121899760081e-06,0.0009393100485991675
LC-STR-04,1,-21.0,0.0,0.0,0.0,0.0
LC-STR-04,2,-21.0,0.0,0.0,0.0,0.0
LC-STR-04,3,-21.0,0.0,0.0,0.0,0.0
LC-STR-04,4,-21.0,0.0,0.0,0.0,0.0
LC-STR-04,5,-21.0,0.0,0.0,0.0,0.0
LC-STR-04,6,-21.0,0.0,0.0,0.0,0.0
LC-STR-04,7,-21.0,0.0,0.0,0.0,0.0
LC-STR-04,8,-21.0,0.0,0.0,0.0,0.0
LC-STR-04,9,-18.5,-0.03428635887167937,0.07059093902934287,0.047498151262081324,0.09173172543366634
LC-STR-04,10,-18.5,-0.02036621640989999,0.06923651311369777,0.04440128453184547,0.08473459498384366
LC-STR-04,11,-18.5,0.00660532977565054,0.07317934625314275,0.04929842353913407,0.08848266306416361
LC-STR-04,12,-18.5,0.027560537215049495,0.07522999845378091,0.04609968783359322,0.09243547531815233
LC-STR-04,13,-18.5,0.03381130519138305,0.07064276146984602,0.04718197188864925,0.09143162788735469
LC-STR-04,14,-18.5,0.02033796002362843,0.0686871697493722,0.04389338733935357,0.08401303088345465
LC-STR-04,15,-18.5,-0.006161546826630126,0.07290108838468974,0.04955234028467545,0.08836270579072016
LC-STR-04,16,-18.5,-0.027502268404681795,0.07487148247556946,0.04652886892207179,0.0923420234706821
LC-STR-04,17,-16.0,-0.056704833069382114,0.21281204640299517,0.025273311366364924,0.22168253304010738
LC-STR-04,18,-16.0,-0.04030148056738808,0.2146671046015396,0.032380586988543854,0.2208046139636909
LC-STR-04,19,-16.0,-0.0003550194778559016,0.20438438264828215,0.010322367217313924,0.2046451884954009
LC-STR-04,20,-16.0,0.03925485478798453,0.20042431208083825,0.023309040880245838,0.20555816666885307
LC-STR-04,21,-16.0,0.05584564488355975,0.2093141684191002,0.024968002789041176,0.21807007661922273
LC-STR-04,22,-16.0,0.04034882786632025,0.21369971938156723,0.03305261146114039,0.21997289173520365
LC-STR-04,23,-16.0,0.001303109795248002,0.20439031663086557,0.01328515278101985,0.20482576720720222
LC-STR-04,24,-16.0,-0.039212163369315066,0.2010811374706073,0.024709075003289678,0.20635347341417182
LC-STR-04,25,-13.5,-0.07422633949488858,0.3292446391241181,0.03444569375932167,0.3392610907329961
LC-STR-04,26,-13.5,-0.048579721147407384,0.32485377008545285,0.030115522027429485,0.3298437598507462
LC-STR-04,27,-13.5,0.004334371373337246,0.3280744022058933,0.033645946254190186,0.3298236647927133
LC-STR-04,28,-13.5,0.05589185617665852,0.32921749055508626,0.032218807972022895,0.3354789222311868
LC-STR-04,29,-13.5,0.07291826581825339,0.3223486638680035,0.03414482491314056,0.33225231926320326
LC-STR-04,30,-13.5,0.04860190707771669,0.3221986978834551,0.031674071117252386,0.3273795856044261
LC-STR-04,31,-13.5,-0.0028124783651132805,0.32775783532191266,0.040919083466068644,0.33031421410705797
LC-STR-04,32,-13.5,-0.05575171138289734,0.33094603291612695,0.03466039145563752,0.33739423937124663
LC-STR-04,33,-11.0,-0.09382815526289225,0.5025049113898855,0.0025984457942393774,0.5111963034016773
LC-STR-04,34,-11.0,-0.06668527805338079,0.49506188556768516,-0.00018432493061152564,0.4995330127494764
LC-STR-04,35,-11.0,-0.0004647563076005319,0.49387681778764997,-0.0023438535331794298,0.49388259819097297
LC-STR-04,36,-11.0,0.06501783435904658,0.4926641834370473,6.724431901348487e-05,0.4969359324382082
LC-STR-04,37,-11.0,0.09181099678262004,0.48616975235324156,0.0028372728443604466,0.49477099485582604
LC-STR-04,38,-11.0,0.06661402236652722,0.49042460322445175,0.004922375414316747,0.49495247166109657
LC-STR-04,39,-11.0,0.0026378861032969486,0.4940685267016938,0.014181525355522622,0.494279053958071
LC-STR-04,40,-11.0,-0.06472758068246029,0.4978597151344894,0.004535919180160901,0.5020702443061213
LC-STR-04,41,-8.5,-0.1085399269318379,0.7002717586620276,0.02197576595806978,0.7089741786605642
LC-STR-04,42,-8.5,-0.07248561775582335,0.6886767502737917,0.017190145698869855,0.6926942559731979
LC-STR-04,43,-8.5,0.005778241901338547,0.684415708364778,0.006790173569640469,0.6844737806468829
LC-STR-04,44,-8.5,0.0789432818665455,0.6805336295627981,0.01656145113825529,0.6852972671633686
LC-STR-04,45,-8.5,0.10607843790235381,0.6691931008351021,0.021511190822276288,0.6778899413058841
LC-STR-04,46,-8.5,0.07257633287254354,0.6787146871514302,0.025654867190881992,0.6830659725523384
LC-STR-04,47,-8.5,-0.003247960547731242,0.68389820909449,0.03791423132181538,0.6849560559532957
LC-STR-04,48,-8.5,-0.07872824907726118,0.6890052585809243,0.026446840188631738,0.6939926648826344
LC-STR-04,49,-6.0,-0.11790870073829474,0.9195847027957053,0.006596961666641684,0.9271364555602857
LC-STR-04,50,-6.0,-0.08344829851839823,0.8983852017023479,-0.002044531800186407,0.9022548250209947
LC-STR-04,51,-6.0,-0.0002519326452955293,0.8908427047018525,-0.019560953359722168,0.8910574722692756
LC-STR-04,52,-6.0,0.08162189132017425,0.8832549881245957,-0.0014466320741015502,0.8870195036942647
LC-STR-04,53,-6.0,0.11567059283389823,0.8665663588235868,0.005659885589906759,0.8742705385612657
LC-STR-04,54,-6.0,0.0829613432292461,0.881340037262974,0.012035904010528127,0.885317857460501
LC-STR-04,55,-6.0,0.0023834593672277618,0.8898022770807503,0.0325046123713219,0.8903989684417056
LC-STR-04,56,-6.0,-0.0806557684393709,0.8965879117539258,0.016290689626422123,0.9003558313546457
LC-STR-04,57,-3.5,-0.12130460701777372,1.1556408962207183,0.010688431505276248,1.1620391263936014
LC-STR-04,58,-3.5,-0.08196167041349313,1.1140051099425128,-0.006737409520925781,1.1170364779549737
LC-STR-04,59,-3.5,0.004500179614288097,1.1050692348532933,-0.027515610770379288,1.105420903670575
LC-STR-04,60,-3.5,0.08849466932011228,1.0929492347898013,0.0017234378690509126,1.0965273852320225
LC-STR-04,61,-3.5,0.120971985458137,1.0734442176237713,0.010068816500493434,1.0802861151941714
LC-STR-04,62,-3.5,0.08241759686619969,1.0924584040785434,0.018158245145424263,1.0957133506450483
LC-STR-04,63,-3.5,-0.0043005955775323335,1.1045395267139684,0.04727124666340052,1.1055589681048004
LC-STR-04,64,-3.5,-0.08846664303362639,1.1127063827482588,0.028212556534285074,1.1165741307609425
LC-STR-04,65,-2.5,-0.12067363182400616,1.2430762512062485,0.010506649659901935,1.2489640032513556
LC-STR-04,66,-2.5,-0.0832724552358791,1.1898727310543702,-0.00982103754621382,1.1928234868102998
LC-STR-04,67,-2.5,0.002950824277647408,1.1803359723306943,-0.029656539550059532,1.1807121686845812
LC-STR-04,68,-2.5,0.08835790425652909,1.1694004134546352,-0.0010279478367162676,1.1727341995990537
LC-STR-04,69,-2.5,0.12197262254940124,1.1517002915469763,0.00889937773398099,1.1581753240010864
LC-STR-04,70,-2.5,0.08333660578498946,1.1683402339409334,0.017905405718533395,1.171445472765533
LC-STR-04,71,-2.5,-0.00412103550847305,1.1802516944645585,0.045362475185883024,1.1811303058406017
LC-STR-04,72,-2.5,-0.08824125077639625,1.1913142331239015,0.027786335855928383,1.1949009167468534
LC-STR-04,73,-1.0,-0.11931926963616823,1.3248354417487433,0.005246688132904875,1.330208090321383
LC-STR-04,74,-1.0,-0.08390370302889338,1.2909045677595057,-0.008952756361097639,1.2936593780013261
LC-STR-04,75,-1.0,0.002215025732031129,1.28332610086488,-0.026397204140939264,1.2835994701956326
LC-STR-04,76,-1.0,0.08885940774268568,1.2731026718748593,-0.001935846336972313,1.2762014554843317
LC-STR-04,77,-1.0,0.12276272794565826,1.257093814895191,0.0048859071889740145,1.2630832984840958
LC-STR-04,78,-1.0,0.08312592150924533,1.273111376340129,0.011734494476621258,1.2758762454697714
LC-STR-04,79,-1.0,-0.005178204878842306,1.2830241195344412,0.03584858610699157,1.2835352843762284
LC-STR-04,80,-1.0,-0.08829603204133656,1.2899417393691393,0.019509063352964408,1.293107297865817
LC-STR-04,81,1.5,-0.1190364983535564,1.4650831895601368,4.176809234909657e-05,1.4699110320072277
LC-STR-04,82,1.5,-0.08316889206440801,1.4556897458954576,-0.0038740642746886724,1.4580688287205126
LC-STR-04,83,1.5,0.0018112341962689099,1.4525558716845266,-0.011251249131285002,1.4526005753618312
LC-STR-04,84,1.5,0.08833046322109568,1.44914026090007,-0.003079197293164141,1.4518330647668645
LC-STR-04,85,1.5,0.1230871257490433,1.4422517240074617,-0.00019516980305905656,1.447494564417742
LC-STR-04,86,1.5,0.08366134751281688,1.448599799152631,0.002464371041825421,1.4510157381287547
LC-STR-04,87,1.5,-0.0054934607023377074,1.4522223498662337,0.011080475951271821,1.4522750113214786
LC-STR-04,88,1.5,-0.08893927650066222,1.4550392021373353,0.004379786517737539,1.4577614541449693
LC-STR-04,89,2.5,-0.11935288576229992,1.525844425590665,-0.00184273430234964,1.5305063600376196
LC-STR-04,90,2.5,-0.0832182003860756,1.5219567091082102,-0.003802918735465875,1.5242348754263233
LC-STR-04,91,2.5,0.002015371477889886,1.520263160371185,-0.007689814736388968,1.5202839444507257
LC-STR-04,92,2.5,0.0884165788804007,1.5183666400032745,-0.003929114721255073,1.5209438460502873
LC-STR-04,93,2.5,0.12292785016966479,1.514660742704881,-0.002309557325606326,1.5196426408513541
LC-STR-04,94,2.5,0.08350843091225253,1.5180319896307077,-0.0005865097095466429,1.520327308039039
LC-STR-04,95,2.5,-0.005305908335973261,1.5197398746870343,0.0034474509724099376,1.5197530471412912
LC-STR-04,96,2.5,-0.08873995107299845,1.5215236560668237,-3.005349266831361e-05,1.5241092532330498
LC-STR-04,97,4.0,-0.11989413814654089,1.623044777465127,-0.005378934995642597,1.6274759251553965
LC-STR-04,98,4.0,-0.08320703698684764,1.6215609470510965,-0.005979097080213683,1.6237053506123809
LC-STR-04,99,4.0,0.002431736959213412,1.621011330187105,-0.007264496997100347,1.621029431829116
LC-STR-04,100,4.0,0.08842691408238583,1.620309750423391,-0.005536269707771758,1.6227303093038976
LC-STR-04,101,4.0,0.12258258138184494,1.6189012829352405,-0.004929388177274399,1.6235430859744397
LC-STR-04,102,4.0,0.08340050893817459,1.6209000692586073,-0.004122267253084919,1.6230494978592027
LC-STR-04,103,4.0,-0.004918096950886326,1.6214109702816168,-0.002949409529570354,1.6214211116313262
LC-STR-04,104,4.0,-0.0885713934727258,1.6222437846055684,-0.005037238013978937,1.6246677082406444
LC-STR-04,105,6.5,-0.12056934399029429,1.7887814064877914,-0.010167928260788214,1.7928690062778732
LC-STR-04,106,6.5,-0.08308504176085252,1.789781268482584,-0.009731556928882725,1.7917351412459905
LC-STR-04,107,6.5,0.0029825115614534993,1.7898776180724645,-0.00955465699116201,1.7899056049194864
LC-STR-04,108,6.5,0.08834875724382397,1.7901848065689294,-0.010270066894446534,1.7923929867221584
LC-STR-04,109,6.5,0.12207726461854537,1.790303575474955,-0.010336765167503509,1.7944906239959246
LC-STR-04,110,6.5,0.08338770747358387,1.789849093848513,-0.010534049791591144,1.791821490749861
LC-STR-04,111,6.5,-0.004346510858581228,1.7896519111393232,-0.010983985549833715,1.7896908959761277
LC-STR-04,112,6.5,-0.08854429635248669,1.7894116003490887,-0.010440214795377979,1.7916313699992579
LC-STR-04,113,9.0,-0.12096487169489466,1.9566033405589565,-0.015557096528376614,1.9604007640589773
LC-STR-04,114,9.0,-0.08319473637715313,1.9575434663782645,-0.015153971894962185,1.9593691407657947
LC-STR-04,115,9.0,0.0033517083140429246,1.958129990642095,-0.013769856326678334,1.9581812743318456
LC-STR-04,116,9.0,0.08845161252702297,1.9584914765476182,-0.014611248721762343,1.9605422821396914
LC-STR-04,117,9.0,0.12173957129755236,1.9597821353632403,-0.015155769476917923,1.963618149910275
LC-STR-04,118,9.0,0.08325167528348738,1.9590936843876636,-0.015457269616356867,1.9609226993507747
LC-STR-04,119,9.0,-0.003997919258842116,1.958477994243335,-0.016917500014340742,1.9585551406842068
LC-STR-04,120,9.0,-0.08838599697489216,1.9581711680368021,-0.016222458857437037,1.960232020951408
LC-STR-04,121,11.5,-0.12120717036225553,2.1252626207961858,-0.020497499376533706,2.128814818856114
LC-STR-04,122,11.5,-0.08314626924913028,2.1263723637087337,-0.020023281283464596,2.128091554193022
LC-STR-04,123,11.5,0.003582794185728116,2.126839506865701,-0.018917253302327353,2.1269266529082334
LC-STR-04,124,11.5,0.08840660351954373,2.12729056123062,-0.019975017427060742,2.129220481952952
LC-STR-04,125,11.5,0.12151394670566544,2.1283494687545397,-0.020422111144615358,2.1319132634831375
LC-STR-04,126,11.5,0.08328637314005753,2.1273414275940983,-0.020851831148942068,2.129073265148756
LC-STR-04,127,11.5,-0.0037640372197349447,2.126860431671953,-0.021996069446004515,2.126977501258316
LC-STR-04,128,11.5,-0.08842119770401326,2.1264295168644893,-0.020987950698131946,2.1283705721679356
LC-STR-04,129,14.0,-0.12132393815308956,2.294369863299627,-0.0256495245649375,2.297718534916088
LC-STR-04,130,14.0,-0.08319960707271869,2.2949832287844303,-0.025387978639894292,2.29663117293097
LC-STR-04,131,14.0,0.003699239788786854,2.295341226605185,-0.02454113935592169,2.2954753970472646
LC-STR-04,132,14.0,0.08845867233436129,2.295591871105921,-0.02512852045286213,2.2974330061916692
LC-STR-04,133,14.0,0.12139954892789333,2.29641125536318,-0.025474779927201836,2.299759002298052
LC-STR-04,134,14.0,0.08323274781680434,2.2958229658498293,-0.025726155583931164,2.2974752699243077
LC-STR-04,135,14.0,-0.003649556320835139,2.295461781619851,-0.026581296956470362,2.295618582318632
LC-STR-04,136,14.0,-0.08836606439489211,2.2952161908194313,-0.02600750142136559,2.2970638463191406
LC-STR-04,137,15.0,-0.12134711786827024,2.361919802964035,-0.027682276575445496,2.365196944671839
LC-STR-04,138,15.0,-0.08319544962654037,2.3624592461715825,-0.027450826034188906,2.3640830612544317
LC-STR-04,139,15.0,0.0037225546438913533,2.3627717247477897,-0.026704834838490184,2.362925565667372
LC-STR-04,140,15.0,0.08845451497513379,2.362994044454247,-0.027222609740065903,2.3648057268678087
LC-STR-04,141,15.0,0.12137611557257263,2.3637156411731346,-0.027524960186941783,2.366989948688271
LC-STR-04,142,15.0,0.08323705609794846,2.3631884001598396,-0.027751085596357573,2.364816683151075
LC-STR-04,143,15.0,-0.0036262011989515557,2.362874802407367,-0.028500273363676262,2.3630494592302957
LC-STR-04,144,15.0,-0.08837042965507365,2.3626557303784654,-0.02799038562895766,2.3644734920940182
LC-STR-04,145,16.5,-0.12136723755936997,2.463243340490982,-0.03072588304658991,2.46642288359376
LC-STR-04,146,16.5,-0.08320190967849049,2.4636734878537023,-0.030544838520690936,2.465267247112903
LC-STR-04,147,16.5,0.0037430012199106285,2.463923214327705,-0.02995351567618692,2.4641081204489517
LC-STR-04,148,16.5,0.08846094668524267,2.4640960047814766,-0.030363761660672603,2.4658703165192346
LC-STR-04,149,16.5,0.12135540493265493,2.464666571787693,-0.03060485781006558,2.4678421954646215
LC-STR-04,150,16.5,0.08323100345327566,2.4642401758639996,-0.030784374632555962,2.4658375295220876
LC-STR-04,151,16.5,-0.003605739850187025,2.463990009703049,-0.031376790045242624,2.4641924178581998
LC-STR-04,152,16.5,-0.08836442625037828,2.4638180940492003,-0.03096876319813831,2.465596669507163
LC-STR-04,153,19.0,-0.12138243351187494,2.632179317184344,-0.035798298408089096,2.6352197576572656
LC-STR-04,154,19.0,-0.08319290683594595,2.6323971816457368,-0.035706084100851514,2.6339534745560806
LC-STR-04,155,19.0,0.003758591261694806,2.6325103675634187,-0.03543484652475512,2.6327515246763014
LC-STR-04,156,19.0,0.08845187568714614,2.632594792724788,-0.03563387943357248,2.634321326330129
LC-STR-04,157,19.0,0.12133953664728649,2.6328463688011343,-0.03573893422139589,2.6358832592287498
LC-STR-04,158,19.0,0.08324051667543102,2.632628529893513,-0.03583114097908513,2.634187888266426
LC-STR-04,159,19.0,-0.003590199267288474,2.6325155051130844,-0.0361019571000271,2.6327654900309727
LC-STR-04,160,19.0,-0.08837393767834185,2.6324313478199914,-0.03590353233767459,2.634159034204365
LC-STR-04,161,21.0,-0.12138440952890042,2.767292607908668,-0.03986532860583877,2.7702403861555935
LC-STR-04,162,21.0,-0.08319622729800297,2.7673450014979393,-0.039844448106176295,2.7688820035525414
LC-STR-04,163,21.0,0.0037606170399802413,2.767371142638324,-0.03978559776596345,2.7676596750932836
LC-STR-04,164,21.0,0.08845525201644,2.7673840876080877,-0.03981881882715958,2.7690837037346
LC-STR-04,165,21.0,0.12133738613219067,2.767423748831963,-0.03983704804658934,2.7703689207882793
LC-STR-04,166,21.0,0.08323725687614733,2.7673713467294165,-0.03985789377450933,2.7689097607772255
LC-STR-04,167,21.0,-0.003588084786862861,2.7673451926628623,-0.03991674715715143,2.767635387187102
LC-STR-04,168,21.0,-0.08837074745078183,2.767332292347744,-0.03988350161052546,2.7690301729985443
LC-STR-04,169,-2.5,-0.8578956256858933,1.2961051372584835,0.010859725198122665,1.5543459605345915
LC-STR-04,170,-2.5,-0.06767351112111664,1.2599869252537594,-0.03445357930375473,1.2622732687673945
LC-STR-04,171,-2.5,-0.7287921907726836,1.2270591507782656,-0.004551530028832204,1.4271765599481827
LC-STR-04,172,-2.5,-0.03599356672551256,1.198814747560751,-0.03525733432207381,1.1998730830543158
LC-STR-04,173,-2.5,-0.40595956496828906,1.1964926859370988,-0.03182795436918397,1.2638872317455945
LC-STR-04,174,-2.5,0.025878905632941446,1.194176343615626,-0.03250785150555782,1.1948989990026153
LC-STR-04,175,-2.5,0.039024875286198794,1.1606563853859075,-0.02635522647985831,1.161611287733977
LC-STR-04,176,-2.5,0.45232376477210906,1.186398197061046,-0.01171984999426588,1.2697538442750245
LC-STR-04,177,-2.5,0.06961289354288883,1.1566201936712304,-0.005534349974436151,1.1587263941004917
LC-STR-04,178,-2.5,0.7582404848467523,1.1650856654837782,0.006110690060801878,1.3901045217210957
LC-STR-04,179,-2.5,0.8597543969084077,1.1561207351905538,0.005695545606402559,1.4407724374725668
LC-STR-04,180,-2.5,0.06790247978404362,1.1566478502987279,0.022038338656766302,1.1588488619022939
LC-STR-04,181,-2.5,0.7286990497055081,1.1677089690449356,0.005980686251045487,1.3764382696066433
LC-STR-04,182,-2.5,0.03561686970249321,1.159844370494571,0.042527215471053315,1.1611701379346067
LC-STR-04,183,-2.5,0.4010272751805893,1.1904682005777114,0.025216341144127165,1.2564526556485125
LC-STR-04,184,-2.5,-0.033721457948776956,1.199025234625543,0.048740510885861385,1.2004891867053382
LC-STR-04,185,-2.5,-0.03896785057086619,1.1999215079821215,0.05226386795261255,1.20169115441097
LC-STR-04,186,-2.5,-0.4580787826951655,1.2006546182255777,0.05078578275327472,1.2860742121478665
LC-STR-04,187,-2.5,-0.06909745707509231,1.2602857880728973,0.05203821169629538,1.2632508466924992
LC-STR-04,188,-2.5,-0.7591460662920112,1.2290419930380863,0.02573778189187934,1.4448215820766173
LC-STR-04,189,2.5,-0.8005175992027347,1.5255087516077295,-0.0020988304228269907,1.7227912766653501
LC-STR-04,190,2.5,-0.06845146214108352,1.525217043688974,-0.004937863294201794,1.5267603006112318
LC-STR-04,191,2.5,-0.6831141833781228,1.5237156077073715,-0.0025240089573988302,1.6698384985754224
LC-STR-04,192,2.5,-0.039025684341752326,1.5230923055383465,-0.007061383431684633,1.5236085581160363
LC-STR-04,193,2.5,-0.38664301042995153,1.5207062597722678,-0.005531784278758408,1.5690987689314533
LC-STR-04,194,2.5,0.015981279171095313,1.52025742221132,-0.0073966208401115,1.520359411807749
LC-STR-04,195,2.5,0.04224949585995204,1.517282921875263,-0.007045514954204221,1.517887388509347
LC-STR-04,196,2.5,0.4206322634596193,1.5198008340965166,-0.005503330443547546,1.5769452631685101
LC-STR-04,197,2.5,0.07194579624158612,1.515294161723367,-0.004999130078965181,1.5170094216751933
LC-STR-04,198,2.5,0.7162983010878344,1.51684349371279,-0.0025478314529307966,1.677469502555934
LC-STR-04,199,2.5,0.81774950809767,1.514922690127364,-0.002083837206989947,1.7215427259973004
LC-STR-04,200,2.5,0.06911510053277005,1.5151594377785893,0.0004143432925372161,1.516735043009012
LC-STR-04,201,2.5,0.6940945499846701,1.516500693674556,-0.0017128463290445332,1.667796310127942
LC-STR-04,202,2.5,0.03762029560584942,1.5168927290847978,0.002689959891577998,1.517361550216696
LC-STR-04,203,2.5,0.38053005316852506,1.5193648536606208,0.0011447882364930958,1.5662930729731606
LC-STR-04,204,2.5,-0.03297965947079917,1.5198569999490563,0.0031640929590686746,1.520218066501385
LC-STR-04,205,2.5,-0.04280337731600753,1.5225719132606517,0.002975056060885815,1.523176355882149
LC-STR-04,206,2.5,-0.4314198012304006,1.52025085961512,0.0015010799128381861,1.5802809795397446
LC-STR-04,207,2.5,-0.07043855178816612,1.5250323963587507,0.0011905382851382389,1.5266587100276003
LC-STR-04,208,2.5,-0.7099945374192775,1.5233107127872347,-0.001563529725213207,1.680645773351056
LC-STR-04,209,-16.0,-0.1266843470898568,0.21649932079928252,0.03487009213385206,0.25325244920742085
LC-STR-04,210,-16.0,-0.047038247555915944,0.18429643429415982,0.04371649393544683,0.19516378831299921
LC-STR-04,211,-16.0,0.062499151612788295,0.21270373004261858,0.024514969936880543,0.22304709026877623
LC-STR-04,212,-16.0,0.12385083392688848,0.2129098985960386,0.031651038886656574,0.2483373557223435
LC-STR-04,213,-16.0,0.047524028753853836,0.1860936821397537,0.04373753956597038,0.19698315716987996
LC-STR-04,214,-16.0,-0.06193519142756016,0.2101438495529202,0.025238294126453495,0.2205297642779819
LC-STR-04,215,21.4,-0.05384827866377837,2.7943069924771424,-0.040673542206001924,2.795121740167553
LC-STR-04,216,21.4,-0.03695177333964434,2.7943252739132056,-0.040665172483063595,2.794865439736971
LC-STR-04,217,21.4,0.0016059805705583535,2.7943334154660313,-0.040647404912789994,2.7946294973555608
LC-STR-04,218,21.4,0.03932401088531757,2.794338271286589,-0.040657199507516874,2.794910689106331
LC-STR-04,219,21.4,0.05402788205151622,2.794347574447471,-0.04066183643060696,2.795165605791783
LC-STR-04,220,21.4,0.03701871992828176,2.7943291459272204,-0.04067026798173152,2.7948702710682625
LC-STR-04,221,21.4,-0.0016600740012027754,2.7943210197885047,-0.04068799328187657,2.7946177252488154
LC-STR-04,222,21.4,-0.03926542420012934,2.7943161289970826,-0.0406781092915377,2.7948880319051055
LC-STR-06,1,-21.0,0.0,0.0,0.0,0.0
LC-STR-06,2,-21.0,0.0,0.0,0.0,0.0
LC-STR-06,3,-21.0,0.0,0.0,0.0,0.0
LC-STR-06,4,-21.0,0.0,0.0,0.0,0.0
LC-STR-06,5,-21.0,0.0,0.0,0.0,0.0
LC-STR-06,6,-21.0,0.0,0.0,0.0,0.0
LC-STR-06,7,-21.0,0.0,0.0,0.0,0.0
LC-STR-06,8,-21.0,0.0,0.0,0.0,0.0
LC-STR-06,9,-18.5,0.02180440139456345,0.016260799380945778,-0.039226194357252324,0.047734053257978644
LC-STR-06,10,-18.5,0.020273233925257976,0.04230601525784079,-0.01923457890731379,0.05070278065872295
LC-STR-06,11,-18.5,0.009765568732286501,0.029475038168069744,-0.03918978763771361,0.049999836627365804
LC-STR-06,12,-18.5,0.01849614415161695,-0.006744051409786826,0.043531498877668086,0.047776364160865774
LC-STR-06,13,-18.5,0.02180440139456225,-0.016260799380947887,0.039226194357251415,0.04773405325797807
LC-STR-06,14,-18.5,0.02027323392525761,-0.04230601525784316,0.019234578907312894,0.05070278065872443
LC-STR-06,15,-18.5,0.009765568732287186,-0.02947503816807222,0.03918978763771266,0.049999836627366644
LC-STR-06,16,-18.5,0.01849614415161824,0.006744051409784265,-0.043531498877668905,0.04777636416086666
LC-STR-06,17,-16.0,0.030244003092036276,-0.024788697968229776,-0.024171569800173327,0.045972209611849967
LC-STR-06,18,-16.0,0.027896386566914046,-0.004508565950876132,-0.01789277644068147,0.0334467786069198
LC-STR-06,19,-16.0,0.016582954802280996,0.014726391234944678,0.026821054597790196,0.034802729182016635
LC-STR-06,20,-16.0,0.025969718003554087,0.016298684266027087,0.0256465567992714,0.039972731175715454
LC-STR-06,21,-16.0,0.030244003092034157,0.024788697968223472,0.02417156980017501,0.04597220961184605
LC-STR-06,22,-16.0,0.027896386566913282,0.004508565950870179,0.01789277644068304,0.0334467786069192
LC-STR-06,23,-16.0,0.016582954802282026,-0.014726391234950488,-0.02682105459778834,0.034802729182018155
LC-STR-06,24,-16.0,0.025969718003556276,-0.01629868426603303,-0.025646556799269554,0.03997273117571812
LC-STR-06,25,-13.5,0.036866014453615537,-0.056837113005008925,-0.02998858259925772,0.07408694569727414
LC-STR-06,26,-13.5,0.03400358437593191,-0.016677286464407377,-0.020360393403695564,0.04299908433653298
LC-STR-06,27,-13.5,0.025311792285072632,0.02861679315757911,0.0805315997196784,0.08913442787563532
LC-STR-06,28,-13.5,0.034377121749446585,0.053906112410950224,0.024469110737542682,0.06845723362307596
LC-STR-06,29,-13.5,0.03686601445361269,0.056837113004998996,0.029988582599260693,0.07408694569726632
LC-STR-06,30,-13.5,0.034003584375930936,0.016677286464397905,0.020360393403698853,0.042999084336530095
LC-STR-06,31,-13.5,0.025311792285074138,-0.028616793157588846,-0.08053159971967551,0.08913442787563626
LC-STR-06,32,-13.5,0.034377121749449666,-0.05390611241095993,-0.024469110737539903,0.06845723362308416
LC-STR-06,33,-11.0,0.033836501780920604,-0.04979799173617758,-0.03470621020575827,0.06949294827946885
LC-STR-06,34,-11.0,0.031230842470665703,-0.002291035504677404,-0.014570978128517414,0.034538786439783344
LC-STR-06,35,-11.0,0.031395584218148594,0.028772091153667134,0.059021871363895376,0.07278115990453851
LC-STR-06,36,-11.0,0.034076536479988345,0.036609741390071074,0.04022809278719261,0.0641855353830973
LC-STR-06,37,-11.0,0.03383650178091666,0.04979799173616304,0.034706210205765406,0.06949294827946008
LC-STR-06,38,-11.0,0.031230842470664225,0.002291035504662571,0.014570978128524386,0.03453878643978396
LC-STR-06,39,-11.0,0.031395584218150405,-0.028772091153681966,-0.059021871363888485,0.07278115990453957
LC-STR-06,40,-11.0,0.034076536479992425,-0.0366097413900861,-0.04022809278718528,0.06418553538310347
LC-STR-06,41,-8.5,0.031775063790605435,-0.035383282247422036,-0.0320978371287659,0.0573751033972276
LC-STR-06,42,-8.5,0.03237036527898045,0.010433101196584143,-0.012871578056276927,0.03636437364415367
LC-STR-06,43,-8.5,0.033629168949472,0.031112795483616753,0.037010650837209585,0.05889580055005057
LC-STR-06,44,-8.5,0.032763425655426934,0.0328789051612605,0.03335075807396731,0.05715538058127289
LC-STR-06,45,-8.5,0.031775063790600536,0.035383282247399665,0.032097837128774814,0.05737510339721609
LC-STR-06,46,-8.5,0.032370365278978665,-0.010433101196606459,0.012871578056285853,0.03636437364416165
LC-STR-06,47,-8.5,0.033629168949474354,-0.031112795483639183,-0.03701065083720087,0.05889580055005829
LC-STR-06,48,-8.5,0.03276342565543204,-0.03287890516128311,-0.03335075807395828,0.057155380581283555
LC-STR-06,49,-6.0,0.03088005392563129,-0.020004666045605198,-0.031944973176018555,0.04872623220876647
LC-STR-06,50,-6.0,0.032177779882118035,0.015606138656614971,-0.017315611505528378,0.03973400915741978
LC-STR-06,51,-6.0,0.03417109403548025,0.031647694576078196,0.02051748064396289,0.050894078747313574
LC-STR-06,52,-6.0,0.03327974627957588,0.028674329086043122,0.02824537996929035,0.05222604858284065
LC-STR-06,53,-6.0,0.030880053925625584,0.020004666045575027,0.031944973176032024,0.0487262322087593
LC-STR-06,54,-6.0,0.03217777988211586,-0.01560613865664544,0.017315611505541676,0.03973400915743579
LC-STR-06,55,-6.0,0.034171094035482845,-0.031647694576108595,-0.020517480643949412,0.050894078747328785
LC-STR-06,56,-6.0,0.03327974627958179,-0.028674329086073563,-0.028245379969276736,0.05222604858285377
LC-STR-06,57,-3.5,0.03090154516820301,-0.0019207890380569406,-0.03144086604090059,0.04412621648989483
LC-STR-06,58,-3.5,0.03264047843319816,0.018353260584441273,-0.022234036365801832,0.043549918249570545
LC-STR-06,59,-3.5,0.03380444239364488,0.03126078934796151,0.011273951318759854,0.04740336754430687
LC-STR-06,60,-3.5,0.03282843861518375,0.025894192511701213,0.022506484427347498,0.04748428612733234
LC-STR-06,61,-3.5,0.030901545168196536,0.001920789038016571,0.031440866040916976,0.044126216489900214
LC-STR-06,62,-3.5,0.032640478433195855,-0.018353260584481734,0.022234036365818225,0.04354991824959425
LC-STR-06,63,-3.5,0.03380444239364807,-0.031260789348002076,-0.011273951318743584,0.04740336754433203
LC-STR-06,64,-3.5,0.03282843861519057,-0.025894192511741937,-0.022506484427330973,0.04748428612735142
LC-STR-06,65,-2.5,0.031074010031751934,0.030619564945708284,-0.02117159017199035,0.0484911134882319
LC-STR-06,66,-2.5,0.03237575441831992,0.028885217006774877,0.0003863676587976571,0.04339002783649261
LC-STR-06,67,-2.5,0.033531359751782966,0.021410685322693582,0.03679628147693605,0.05419165861385684
LC-STR-06,68,-2.5,0.03256577530139079,0.0017076290503247684,0.03070951790725788,0.044794198374905426
LC-STR-06,69,-2.5,0.031074010031745185,-0.030619564945752742,0.02117159017200861,0.04849111348826362
LC-STR-06,70,-2.5,0.032375754418317526,-0.028885217006819525,-0.0003863676587795112,0.04339002783652038
LC-STR-06,71,-2.5,0.03353135975178631,-0.021410685322738154,-0.036796281476917804,0.05419165861386413
LC-STR-06,72,-2.5,0.03256577530139788,-0.0017076290503693918,-0.030709517907239522,0.04479419837489969
LC-STR-06,73,-1.0,0.031390753394256635,0.002747329575300214,-0.03138015267469199,0.04447067798382809
LC-STR-06,74,-1.0,0.0320901947219498,0.019863593142337804,-0.024062846013697292,0.04475894869292499
LC-STR-06,75,-1.0,0.03311512423824164,0.03121509638681258,0.004565659809916285,0.04573662586212568
LC-STR-06,76,-1.0,0.03226910557067901,0.024329429659294907,0.020644255574728664,0.04538063034063015
LC-STR-06,77,-1.0,0.03139075339424953,-0.0027473295753513015,0.03138015267471289,0.04447067798384098
LC-STR-06,78,-1.0,0.03209019472194741,-0.019863593142388974,0.024062846013718133,0.044758948692957184
LC-STR-06,79,-1.0,0.033115124238245294,-0.031215096386863705,-0.0045656598098952885,0.04573662586216112
LC-STR-06,80,-1.0,0.032269105570686546,-0.024329429659346005,-0.020644255574707726,0.04538063034065337
LC-STR-06,81,1.5,0.03158982459244003,0.004911727540534464,-0.03195537714404663,0.04520163950159144
LC-STR-06,82,1.5,0.03215562798535666,0.02057028726852844,-0.024666577105223995,0.04544844502873994
LC-STR-06,83,1.5,0.032503862942569156,0.032188576803058914,0.004682277145433466,0.04598401137419822
LC-STR-06,84,1.5,0.032068646261730754,0.024963534430551895,0.020116741983570288,0.04534599687247935
LC-STR-06,85,1.5,0.03158982459243253,-0.0049117275405969,0.03195537714407335,0.04520163950161187
LC-STR-06,86,1.5,0.03215562798535419,-0.020570287268590497,0.02466657710525081,0.045448445028780836
LC-STR-06,87,1.5,0.032503862942573056,-0.032188576803120934,-0.0046822771454067555,0.04598401137424168
LC-STR-06,88,1.5,0.03206864626173884,-0.02496353443061372,-0.020116741983543834,0.04534599687250737
LC-STR-06,89,2.5,0.031645640972344284,0.034148823100233525,-0.04192765588076349,0.06265394671796247
LC-STR-06,90,2.5,0.03187622549848723,0.044307021791706945,-0.015013452262010016,0.056609272040054136
LC-STR-06,91,2.5,0.03233179377191088,0.04205453679203732,0.03328210442680903,0.06262289859451746
LC-STR-06,92,2.5,0.03182837210515677,0.014897194294395436,0.04385539252645182,0.056198461921643864
LC-STR-06,93,2.5,0.03164564097233668,-0.0341488231003008,0.041927655880792725,0.06265394671801486
LC-STR-06,94,2.5,0.03187622549848482,-0.04430702179177339,0.0150134522620395,0.0566092720401126
LC-STR-06,95,2.5,0.03233179377191498,-0.04205453679210394,-0.03328210442678005,0.06262289859454892
LC-STR-06,96,2.5,0.031828372105165065,-0.01489719429446203,-0.0438553925264228,0.056198461921643565
LC-STR-06,97,4.0,0.03175038059561352,0.004304921227669689,-0.03174069636313511,0.04510089600395419
LC-STR-06,98,4.0,0.03157530814364498,0.02139895065944519,-0.023979739873412467,0.04505488983548879
LC-STR-06,99,4.0,0.032195551613857856,0.03185130122647549,0.0024782211687647804,0.04535637236046969
LC-STR-06,100,4.0,0.03150199519528577,0.0236255518866985,0.02065542370118247,0.044465592670178834
LC-STR-06,101,4.0,0.03175038059560573,-0.004304921227743614,0.03174069636316825,0.04510089600397908
LC-STR-06,102,4.0,0.03157530814364252,-0.02139895065951802,0.023979739873446027,0.045054889835539506
LC-STR-06,103,4.0,0.032195551613862124,-0.03185130122654853,-0.0024782211687317717,0.045356372360522194
LC-STR-06,104,4.0,0.0315019951952943,-0.023625551886771467,-0.02065542370114967,0.0444655926702084
LC-STR-06,105,6.5,0.0317477967530999,0.001061575154313464,-0.0315499181853426,0.04477104955198401
LC-STR-06,106,6.5,0.031556703433036425,0.02218577356692407,-0.022983946169100673,0.044903183203727964
LC-STR-06,107,6.5,0.031934999001101756,0.031463246926174165,-0.0009050328345699305,0.04483970509235568
LC-STR-06,108,6.5,0.03156982485120974,0.022249581160370152,0.02175058686848807,0.04432590362385863
LC-STR-06,109,6.5,0.031747796753092104,-0.0010615751543985117,0.031549918185382546,0.04477104955200865
LC-STR-06,110,6.5,0.03155670343303412,-0.022185773567008914,0.0229839461691407,0.04490318320378875
LC-STR-06,111,6.5,0.03193499900110632,-0.0314632469262591,0.0009050328346096168,0.04483970509241933
LC-STR-06,112,6.5,0.031569824851218536,-0.022249581160455174,-0.021750586868448125,0.044325903623887976
LC-STR-06,113,9.0,0.031727091596235144,0.0007900836845410183,-0.03162156405324234,0.04480129335809158
LC-STR-06,114,9.0,0.0316604682453936,0.022670524707503102,-0.02253361380723683,0.04499001768442395
LC-STR-06,115,9.0,0.03176842434302284,0.03162356365792467,-0.0008208710531595997,0.044832537212956124
LC-STR-06,116,9.0,0.03163536647735144,0.02206327984503564,0.022184235729856994,0.044494101233697826
LC-STR-06,117,9.0,0.03172709159622718,-0.000790083684637117,0.03162156405328967,0.04480129335812104
LC-STR-06,118,9.0,0.03166046824539126,-0.022670524707599133,0.022533613807284192,0.044990017684494406
LC-STR-06,119,9.0,0.03176842434302752,-0.03162356365802083,0.0008208710532066556,0.04483253721302812
LC-STR-06,120,9.0,0.031635366477360476,-0.022063279845131963,-0.022184235729809553,0.044494101233728364
LC-STR-06,121,11.5,0.03172261234722125,0.0004897145620353842,-0.03164677127849503,0.04481162892417236
LC-STR-06,122,11.5,0.0316786454878993,0.022527287138659906,-0.02252695181982678,0.04492748383860854
LC-STR-06,123,11.5,0.031697915101150186,0.03161603693289393,-0.0006046940887348319,0.04477384580358034
LC-STR-06,124,11.5,0.0316888811370876,0.022147421235188695,0.022257599367397903,0.044610471693190434
LC-STR-06,125,11.5,0.031722612347213255,-0.0004897145621429993,0.03164677127854955,0.044811628924206384
LC-STR-06,126,11.5,0.03167864548789708,-0.022527287138767914,0.022526951819881128,0.044927483838688394
LC-STR-06,127,11.5,0.03169791510115505,-0.03161603693300191,0.0006046940887891703,0.04477384580366077
LC-STR-06,128,11.5,0.03168888113709671,-0.022147421235296845,-0.02225759936734317,0.0446104716932233
LC-STR-06,129,14.0,0.03172345707747382,0.00029893039505784737,-0.031637843041094536,0.04480424310955768
LC-STR-06,130,14.0,0.031696418567467494,0.022463311415638218,-0.02245660048325575,0.04487273353635371
LC-STR-06,131,14.0,0.031674376893461864,0.031627682531757746,-0.00031876179193374117,0.04476246265565292
LC-STR-06,132,14.0,0.031693669638424495,0.022257961413655925,0.022295441484595665,0.04468771925746956
LC-STR-06,133,14.0,0.03172345707746577,-0.00029893039517695316,0.03163784304115622,0.04480424310959634
LC-STR-06,134,14.0,0.03169641856746523,-0.022463311415757428,0.02245660048331742,0.04487273353644265
LC-STR-06,135,14.0,0.031674376893466784,-0.03162768253187695,0.00031876179199537475,0.04476246265574106
LC-STR-06,136,14.0,0.03169366963843363,-0.02225796141377513,-0.022295441484533975,0.04468771925750464
LC-STR-06,137,15.0,0.03172236501988773,0.00023756513919257364,-0.031636509842493936,0.04480216104904508
LC-STR-06,138,15.0,0.03169643578985038,0.02244085086298708,-0.022441785339627728,0.0448540918809518
LC-STR-06,139,15.0,0.03167304465402257,0.031631661583325,-0.0002549010809457741,0.04476392237883957
LC-STR-06,140,15.0,0.031696005480477046,0.022286060253102667,0.022304722568475006,0.04470800704437619
LC-STR-06,141,15.0,0.03172236501987971,-0.00023756513931627967,0.03163650984255839,0.04480216104908557
LC-STR-06,142,15.0,0.031696435789848175,-0.022440850863110855,0.02244178533969215,0.0448540918810444
LC-STR-06,143,15.0,0.031673044654027496,-0.031631661583448746,0.00025490108101022016,0.044763922378930864
LC-STR-06,144,15.0,0.0316960054804862,-0.022286060253226377,-0.022304722568410575,0.044708007044412204
LC-STR-06,145,16.5,0.03172059423175857,0.00016634502449650124,-0.03163841579313558,0.04480193213447809
LC-STR-06,146,16.5,0.031697144378904495,0.022415212635233564,-0.02242296291071733,0.04483235422053203
LC-STR-06,147,16.5,0.03167354514811644,0.03163001103512366,-0.00017337910949430437,0.04476272021054378
LC-STR-06,148,16.5,0.03169652716263111,0.022309612561260447,0.022327868596536488,0.044731670691682886
LC-STR-06,149,16.5,0.03172059423175054,-0.00016634502462685213,0.03163841579320422,0.044801932134521355
LC-STR-06,150,16.5,0.03169714437890231,-0.022415212635363987,0.022422962910785934,0.044832354220630005
LC-STR-06,151,16.5,0.03167354514812136,-0.031630011035254056,0.00017337910956295258,0.044762720210639664
LC-STR-06,152,16.5,0.03169652716264026,-0.02230961256139082,-0.02232786859646785,0.044731670691720134
LC-STR-06,153,19.0,0.03171770767411663,6.98990236051223e-05,-0.031634782225126425,0.04479706812287376
LC-STR-06,154,19.0,0.03169725550916866,0.02238931815449165,-0.022390129767497893,0.04480307450657787
LC-STR-06,155,19.0,0.031676028815747714,0.031633918183864136,-7.156486513888433e-05,0.044766959945136006
LC-STR-06,156,19.0,0.03169674048563657,0.02234637571038549,0.02234951244124587,0.04476097151721468
LC-STR-06,157,19.0,0.03171770767410868,-6.98990237464857e-05,0.031634782225202315,0.04479706812292195
LC-STR-06,158,19.0,0.03169725550916651,-0.02238931815463284,0.02239012976757384,0.04480307450668486
LC-STR-06,159,19.0,0.03167602881575261,-0.03163391818400539,7.156486521466701e-05,0.0447669599452394
LC-STR-06,160,19.0,0.03169674048564564,-0.022346375710526774,-0.02234951244117,0.04476097151725375
LC-STR-06,161,21.0,0.03171670421804785,6.2520892679146515e-06,-0.03163464316447746,0.04479620534919866
LC-STR-06,162,21.0,0.031696505578282005,0.022369815585861964,-0.022371189594414757,0.04478333662299836
LC-STR-06,163,21.0,0.031677037323348006,0.03163404039329599,-6.735359020636989e-06,0.04476770320839037
LC-STR-06,164,21.0,0.03169741827470993,0.022366092520432358,0.022368343462080817,0.044780701302593165
LC-STR-06,165,21.0,0.03171670421803987,-6.2520894177077865e-06,0.03163464316455888,0.04479620534925053
LC-STR-06,166,21.0,0.03169650557827987,-0.022369815586011865,0.022371189594496094,0.04478333662311235
LC-STR-06,167,21.0,0.03167703732335292,-0.031634040393445896,6.735359101981146e-06,0.04476770320849979
LC-STR-06,168,21.0,0.031697418274719016,-0.022366092520582265,-0.02236834346199941,0.044780701302633806
LC-STR-06,169,-2.5,-0.0325297486492791,0.11121652169096298,-0.14190709007813765,0.18320731824538666
LC-STR-06,170,-2.5,0.038271491994070546,0.09892289862394679,-0.022890563114211115,0.10851002189337879
LC-STR-06,171,-2.5,-0.029736221679350656,0.15221971755377742,-0.07678615629585483,0.17306414732869055
LC-STR-06,172,-2.5,0.03743469021843346,-0.0013073889721033935,0.09031310300005348,0.09777280742196535
LC-STR-06,173,-2.5,-0.024307148872483697,0.16858588038722006,0.014100252731424867,0.17091183013277114
LC-STR-06,174,-2.5,-0.021631322600588,0.14198446423179167,0.11707157395407827,0.18529235178151543
LC-STR-06,175,-2.5,0.039259643258728855,0.026237127578949433,0.10434411841458185,0.1145312250004906
LC-STR-06,176,-2.5,-0.024543282019751197,0.07738936809226411,0.15590070381884116,0.17577404938508706
LC-STR-06,177,-2.5,0.03708945098067531,-0.08477247556147398,0.0017170747478076876,0.09254700607020294
LC-STR-06,178,-2.5,-0.029998649828252493,-0.010204310812997674,0.16897564736804427,0.1719209596126546
LC-STR-06,179,-2.5,-0.032529748650035634,-0.11121652169100706,0.14190709007815602,0.18320731824556197
LC-STR-06,180,-2.5,0.03827149199407038,-0.09892289862398995,0.022890563114228726,0.10851002189342179
LC-STR-06,181,-2.5,-0.0297362216799452,-0.15221971755382152,0.07678615629587324,0.17306414732883965
LC-STR-06,182,-2.5,0.03743469021843604,0.0013073889720587593,-0.09031310300003535,0.097772807421949
LC-STR-06,183,-2.5,-0.024307148872831967,-0.1685858803872645,-0.014100252731406896,0.17091183013286299
LC-STR-06,184,-2.5,-0.021631322600706115,-0.14198446423183603,-0.11707157395406002,0.18529235178155165
LC-STR-06,185,-2.5,0.03925964325873144,-0.02623712757899397,-0.10434411841456326,0.11453122500048475
LC-STR-06,186,-2.5,-0.024543282019584223,-0.07738936809230854,-0.1559007038188226,0.17577404938506686
LC-STR-06,187,-2.5,0.0370894509806787,0.08477247556142996,-0.001717074747789094,0.09254700607016361
LC-STR-06,188,-2.5,-0.029998649827694953,0.010204310812953378,-0.16897564736802584,0.17192095961253656
LC-STR-06,189,2.5,-0.02099477327553561,0.11455602839396951,-0.2798881060741499,0.3031521335370505
LC-STR-06,190,2.5,0.03596215331357891,0.10904419649121168,-0.03645986707760262,0.120470889291479
LC-STR-06,191,2.5,-0.0204915303844942,0.22340565177388919,-0.19655381812230036,0.2982673154746749
LC-STR-06,192,2.5,0.03760006460250288,0.012290168139203405,0.0801939396077342,0.08941969045356397
LC-STR-06,193,2.5,-0.019638604414431764,0.2883530961705471,-0.05708501460425261,0.29460461935763166
LC-STR-06,194,2.5,-0.01930992543675511,0.279966684349188,0.11374080237377025,0.3028055278400313
LC-STR-06,195,2.5,0.036129912674923485,0.036216430334197525,0.10822847836348325,0.1197096652109776
LC-STR-06,196,2.5,-0.01999693407048243,0.19659328578054594,0.22276834156869868,0.29778269155791953
LC-STR-06,197,2.5,0.037536760799779544,-0.08089199186543097,0.011637059559430498,0.08993299680588071
LC-STR-06,198,2.5,-0.02082734331838582,0.056668679866288395,0.2881751067897484,0.29443167234652706
LC-STR-06,199,2.5,-0.0209947732755602,-0.11455602839403724,0.27988810607417897,0.30315213353710463
LC-STR-06,200,2.5,0.03596215331357432,-0.10904419649127846,0.0364598670776322,0.120470889291547
LC-STR-06,201,2.5,-0.020491530384485188,-0.22340565177395597,0.1965538181223299,0.2982673154747437
LC-STR-06,202,2.5,0.037600064602501315,-0.012290168139269515,-0.08019393960770563,0.08941969045354678
LC-STR-06,203,2.5,-0.019638604414118972,-0.2883530961706143,0.05708501460428204,0.2946046193576823
LC-STR-06,204,2.5,-0.019309925436035255,-0.27996668434925526,-0.11374080237374157,0.3028055278400368
LC-STR-06,205,2.5,0.036129912674924464,-0.03621643033426429,-0.1082284783634547,0.1197096652109723
LC-STR-06,206,2.5,-0.019996934069632058,-0.19659328578061325,-0.2227683415686702,0.2977826915578855
LC-STR-06,207,2.5,0.03753676079978159,0.08089199186536276,-0.011637059559402071,0.08993299680581654
LC-STR-06,208,2.5,-0.020827343317922884,-0.056668679866356056,-0.2881751067897194,0.294431672346479
LC-STR-06,209,-16.0,0.0786692966240483,-0.02620189946352273,-0.050396069358863954,0.09703175549088286
LC-STR-06,210,-16.0,0.06211647137855987,0.050109073514508704,-0.03161849108137239,0.0858434869006887
LC-STR-06,211,-16.0,0.06709537782701763,0.016683514933667456,0.024556889783622717,0.07337009085545108
LC-STR-06,212,-16.0,0.07866929662404408,0.026201899463516226,0.0503960693588647,0.09703175549087807
LC-STR-06,213,-16.0,0.06211647137856,-0.050109073514514164,0.03161849108137367,0.08584348690069243
LC-STR-06,214,-16.0,0.06709537782702141,-0.016683514933674794,-0.02455688978362103,0.07337009085545565
LC-STR-06,215,21.4,0.03169191530210155,-3.2540652445012754e-06,-0.014059972323752074,0.034670741668576886
LC-STR-06,216,21.4,0.031697451406544404,0.009940404666987292,-0.009941170037064283,0.034675163046762034
LC-STR-06,217,21.4,0.031702689042751815,0.014059455740651462,3.1150935591408104e-06,0.034680380591460655
LC-STR-06,218,21.4,0.03169491833992311,0.009942197811916381,0.0099430744427745,0.034673907701328166
LC-STR-06,219,21.4,0.03169191530209793,3.2540650929745363e-06,0.014059972323834566,0.034670741668607015
LC-STR-06,220,21.4,0.031697451406543446,-0.00994040466713893,0.009941170037146712,0.03467516304682826
LC-STR-06,221,21.4,0.031702689042753904,-0.014059455740803067,-3.1150934766538676e-06,0.03468038059152402
LC-STR-06,222,21.4,0.03169491833992714,-0.00994219781206802,-0.009943074442691952,0.034673907701351654
LC-STR-07,1,-21.0,0.0,0.0,0.0,0.0
LC-STR-07,2,-21.0,0.0,0.0,0.0,0.0
LC-STR-07,3,-21.0,0.0,0.0,0.0,0.0
LC-STR-07,4,-21.0,0.0,0.0,0.0,0.0
LC-STR-07,5,-21.0,0.0,0.0,0.0,0.0
LC-STR-07,6,-21.0,0.0,0.0,0.0,0.0
LC-STR-07,7,-21.0,0.0,0.0,0.0,0.0
LC-STR-07,8,-21.0,0.0,0.0,0.0,0.0
LC-STR-07,9,-18.5,-0.2049264166732194,0.21133412311760344,0.31095546922236605,0.42819417520993225
LC-STR-07,10,-18.5,-0.14892607095082566,0.14748822798011527,0.26701906840215306,0.3394568233102975
LC-STR-07,11,-18.5,-0.017660266369704556,0.1554163955838468,0.2566653508224443,0.3005715278221343
LC-STR-07,12,-18.5,0.08626537919207533,0.19061242647289683,0.18152984740826114,0.2769980113161548
LC-STR-07,13,-18.5,0.12915468492179205,0.20327607600952768,0.17449879440469088,0.2974086834034428
LC-STR-07,14,-18.5,0.07346104660538778,0.24835658883808606,0.18281232070173503,0.3170139826379952
LC-STR-07,15,-18.5,-0.04962050475547429,0.28554835391259054,0.25236065866660096,0.3842993090769469
LC-STR-07,16,-18.5,-0.1607606980812815,0.2721198493714017,0.2932560565481492,0.43115232710918605
LC-STR-07,17,-16.0,-0.3523728006900089,0.8025752782061571,0.16769378566305204,0.8924207940225378
LC-STR-07,18,-16.0,-0.2717507626952487,0.822659675810506,0.22099739931344792,0.8941237440832246
LC-STR-07,19,-16.0,-0.07286019640552714,0.7347532092316804,0.029792847877824706,0.73895771224149
LC-STR-07,20,-16.0,0.1304041065515888,0.7037121254303936,0.11473009876177812,0.7248303125871376
LC-STR-07,21,-16.0,0.21659962566483898,0.751292157294769,0.11749806632637563,0.7906712964571394
LC-STR-07,22,-16.0,0.13536792452810897,0.7659809804544333,0.1503720722016434,0.7922519154329631
LC-STR-07,23,-16.0,-0.065153879765821,0.7425538141689544,0.10412560059439585,0.7526442291578038
LC-STR-07,24,-16.0,-0.2674579468614351,0.7321583201653614,0.1581146733031148,0.7953551464851716
LC-STR-07,25,-13.5,-0.48935153713507107,1.203566251904777,0.28748828388568937,1.3306713204214287
LC-STR-07,26,-13.5,-0.3703772629414778,1.1337762126235889,0.2410860208612381,1.2168608329097519
LC-STR-07,27,-13.5,-0.10464593554532334,1.1465465127537984,0.24317667570896861,1.1767134627184805
LC-STR-07,28,-13.5,0.18466488318925137,1.183843836993673,0.16253789753010114,1.2091343670596366
LC-STR-07,29,-13.5,0.29404482692820577,1.1994807245606856,0.15400592331877433,1.244561847901957
LC-STR-07,30,-13.5,0.17335405586492345,1.2419720765334543,0.16128368700383358,1.2643412099853386
LC-STR-07,31,-13.5,-0.1046882468307683,1.2797225553299383,0.2328657961166149,1.3049428825223393
LC-STR-07,32,-13.5,-0.384450341899499,1.2682049526298078,0.2685055044942975,1.352124651504125
LC-STR-07,33,-11.0,-0.6628874014364082,1.9526047511615139,0.01303694681851252,2.062099654047781
LC-STR-07,34,-11.0,-0.5154191785745261,1.9401154647314391,0.0108372445110279,2.007441753078061
LC-STR-07,35,-11.0,-0.14649388808565658,1.9510020313306802,0.04280451309198214,1.956962342980553
LC-STR-07,36,-11.0,0.23359596866286853,1.959734996892289,0.017171475878672487,1.9736826477941725
LC-STR-07,37,-11.0,0.3927089351895187,1.9595373019650904,0.01745917384127399,1.9985773861228222
LC-STR-07,38,-11.0,0.24207524939037772,1.9537978735735058,0.017066631491560763,1.968811272585119
LC-STR-07,39,-11.0,-0.1311431430589164,1.955427221560155,0.0254365137588626,1.9599849894889614
LC-STR-07,40,-11.0,-0.5070116279980499,1.9612146822831273,0.008788701665438863,2.025710014341911
LC-STR-07,41,-8.5,-0.8271781691949444,2.877074196304622,0.26629311283406226,3.0054436738321084
LC-STR-07,42,-8.5,-0.6325990745622303,2.82902500074576,0.24793455822683,2.9094734212817053
LC-STR-07,43,-8.5,-0.16875439917050383,2.8147417181379404,0.21229077746077746,2.8277758682859617
LC-STR-07,44,-8.5,0.2931831062468713,2.840723194681005,0.1549891666578462,2.8600150776470588
LC-STR-07,45,-8.5,0.4816710251079684,2.8882963424889025,0.13711850112749097,2.9313928808357956
LC-STR-07,46,-8.5,0.2858478647261165,2.92836776599388,0.1543725631835194,2.946332917873389
LC-STR-07,47,-8.5,-0.17949323840108838,2.947471331275929,0.19730781225350932,2.9595160827576983
LC-STR-07,48,-8.5,-0.6403471366819485,2.9323756877691145,0.24064662683908725,3.011109833381238
LC-STR-07,49,-6.0,-0.9801585741202171,3.9735574144419434,0.03408461605025775,4.092802355030011
LC-STR-07,50,-6.0,-0.7599052146568593,3.974778218075266,0.03725733575460923,4.046937845731733
LC-STR-07,51,-6.0,-0.21679329467500982,3.9750020126155867,0.04377528908210795,3.981150161554853
LC-STR-07,52,-6.0,0.32993385509419176,3.9765472774347006,0.03704447515215992,3.9903830507295845
LC-STR-07,53,-6.0,0.5602946268202321,3.9815057075516593,0.03555057431942942,4.020893136038871
LC-STR-07,54,-6.0,0.3392836087947974,3.9796065747050102,0.03658291215803336,3.994210831452707
LC-STR-07,55,-6.0,-0.20366295528386466,3.9766315415425484,0.03366942995317998,3.981985766807736
LC-STR-07,56,-6.0,-0.7497837338452791,3.977111058533619,0.031231537174392757,4.047290875185975
LC-STR-07,57,-3.5,-1.122871803249557,5.223825719513115,0.25575985509495747,5.3492625041081885
LC-STR-07,58,-3.5,-0.8626519523219665,5.175040849414639,0.23720590271606026,5.251807576848035
LC-STR-07,59,-3.5,-0.2413620119907436,5.156376260561292,0.1901632628461269,5.165523577319975
LC-STR-07,60,-3.5,0.3763445565456188,5.1785613580491425,0.14253413715001492,5.194174520034381
LC-STR-07,61,-3.5,0.6291606790952584,5.225870946761536,0.12520062339427052,5.26509691348832
LC-STR-07,62,-3.5,0.369027540097891,5.268245690701927,0.14318414140145597,5.283095274675539
LC-STR-07,63,-3.5,-0.25189823673276956,5.287664222906091,0.18524789988286033,5.296901211112131
LC-STR-07,64,-3.5,-0.8697496363558258,5.271726868409919,0.23244982603903855,5.3480465150073
LC-STR-07,65,-2.5,-1.1772439346281063,5.7423687573405955,0.2289034470773884,5.866267894921264
LC-STR-07,66,-2.5,-0.9068062874589328,5.702079904143408,0.2160136018164952,5.777774203997667
LC-STR-07,67,-2.5,-0.25810717530147786,5.68220873155846,0.1768293236157194,5.690815758099334
LC-STR-07,68,-2.5,0.3882536751641958,5.6987835403354525,0.13247316597052625,5.713529898020927
LC-STR-07,69,-2.5,0.6540629915010587,5.742971030064066,0.11490085928938051,5.781238349737179
LC-STR-07,70,-2.5,0.3837218349416247,5.782627635763763,0.13384482653099758,5.7968904818099585
LC-STR-07,71,-2.5,-0.2645821905467041,5.796440112385467,0.17337092412996546,5.805064959960346
LC-STR-07,72,-2.5,-0.9110740468815153,5.780109643586738,0.2112182504822649,5.855282790790063
LC-STR-07,73,-1.0,-1.2556011812132486,6.56449436293758,0.29205979371740176,6.689874400196883
LC-STR-07,74,-1.0,-0.9655335910651804,6.506337772351106,0.26960373188017195,6.583112675295911
LC-STR-07,75,-1.0,-0.27581109360700434,6.482656833690894,0.21212638636903766,6.491988061183564
LC-STR-07,76,-1.0,0.40913172577869683,6.507706157997063,0.15534009182249547,6.522404368942405
LC-STR-07,77,-1.0,0.6883443515636264,6.5646113811894855,0.13352129993496067,6.601951868190831
LC-STR-07,78,-1.0,0.3984005713125382,6.618177882462966,0.15637155995539867,6.632002228882846
LC-STR-07,79,-1.0,-0.2910154557364176,6.641365877563256,0.2097338897899223,6.651046460495179
LC-STR-07,80,-1.0,-0.9760968999824245,6.620464344758676,0.2661687122316379,6.697324770514513
LC-STR-07,81,1.5,-1.3778476203584322,8.076079638355441,0.09851810757546182,8.193365133295782
LC-STR-07,82,1.5,-1.070985818861837,8.06635074635693,0.09720358472291706,8.13771918441151
LC-STR-07,83,1.5,-0.3242545577916806,8.059582835585543,0.08795384897148423,8.066582447447162
LC-STR-07,84,1.5,0.42471514646419134,8.062866507085078,0.07572850687542546,8.074399920332409
LC-STR-07,85,1.5,0.7373290511436454,8.07506119805526,0.07074900081464433,8.108962504729831
LC-STR-07,86,1.5,0.4305798948015966,8.085061530124232,0.0764274742556512,8.096879655183425
LC-STR-07,87,1.5,-0.31594771112843784,8.087330048474358,0.08614660091421783,8.093957715850301
LC-STR-07,88,1.5,-1.0650330934613192,8.083381030280433,0.09423659104913697,8.153785924707485
LC-STR-07,89,2.5,-1.4240771019091292,8.692932268579439,0.12175040453715863,8.809647562717622
LC-STR-07,90,2.5,-1.1065664862991498,8.674430107755974,0.11587520760880872,8.745493362108403
LC-STR-07,91,2.5,-0.33698449249210555,8.667218327916563,0.0977946508995851,8.674318179874284
LC-STR-07,92,2.5,0.43370840766257707,8.675654073126323,0.08183755675889269,8.686873658867547
LC-STR-07,93,2.5,0.7541440600301851,8.691618767878628,0.07715843226640419,8.724615951036965
LC-STR-07,94,2.5,0.4367271265233804,8.704908397716082,0.08324338059508825,8.716254370776602
LC-STR-07,95,2.5,-0.33269397811825924,8.711782381016402,0.09623899885924052,8.718663858766742
LC-STR-07,96,2.5,-1.103481028528539,8.70815986746933,0.1122892557683042,8.778515109896825
LC-STR-07,97,4.0,-1.4902643568320089,9.653866840660715,0.06757953585767197,9.768449202617534
LC-STR-07,98,4.0,-1.1629184146200142,9.65345386827129,0.06959096927387692,9.723496990738916
LC-STR-07,99,4.0,-0.3634287305824384,9.651329921544175,0.06948219333157037,9.658420029792492
LC-STR-07,100,4.0,0.43978920274439254,9.651007937474583,0.06776352977767208,9.661260820825401
LC-STR-07,101,4.0,0.7762693339883187,9.652623409655329,0.0674289176451747,9.684021862142378
LC-STR-07,102,4.0,0.4489974701745086,9.652593634657453,0.06864058899360653,9.663274503733714
LC-STR-07,103,4.0,-0.3503849577837896,9.651385162165075,0.06841588245351733,9.657985602602295
LC-STR-07,104,4.0,-1.1536751340838056,9.65185424274032,0.06711683752355038,9.720790158623258
LC-STR-07,105,6.5,-1.592174983876092,11.376473097819948,0.22945436896470317,11.489639273368805
LC-STR-07,106,6.5,-1.2373036484237245,11.328811921209715,0.21051468430093126,11.398123367329042
LC-STR-07,107,6.5,-0.3881837386570296,11.30931850041838,0.16310047294893457,11.317153940949082
LC-STR-07,108,6.5,0.4577393908491059,11.329256559693668,0.1168482289795309,11.339101950944462
LC-STR-07,109,6.5,0.8049399827632953,11.375302292858382,0.09850467400685504,11.404171771793044
LC-STR-07,110,6.5,0.4500964176506923,11.420613663743787,0.11729148863022117,11.43008138794201
LC-STR-07,111,6.5,-0.39896690720951583,11.440222041903937,0.1623767206120857,11.448328312924545
LC-STR-07,112,6.5,-1.2449163736453892,11.4225363686622,0.2088599725123077,11.49207450197304
LC-STR-07,113,9.0,-1.6839425242092747,13.184475883826645,0.08453812015643371,13.2918476311537
LC-STR-07,114,9.0,-1.3214634271771437,13.184293455862031,0.08582757981884447,13.250631150745638
LC-STR-07,115,9.0,-0.43691341757659014,13.182919254686055,0.08585050556269429,13.19043682822279
LC-STR-07,116,9.0,0.4515384849123708,13.182566127190924,0.08474823727607134,13.19056931920832
LC-STR-07,117,9.0,0.8234519790831296,13.183364155649217,0.08443781074610797,13.20932599969416
LC-STR-07,118,9.0,0.46099048038290696,13.183576579452374,0.08514407163200259,13.19190862469199
LC-STR-07,119,9.0,-0.4235422983962564,13.18294706310179,0.08515484760784191,13.19002398387304
LC-STR-07,120,9.0,-1.3120111998760606,13.18325052651711,0.08427836249081988,13.248644107073675
LC-STR-07,121,11.5,-1.7656011210848355,15.062236178369481,0.2163806330431759,15.16690893327031
LC-STR-07,122,11.5,-1.3813956870984443,15.014869504928814,0.19759102086930522,15.079575673934052
LC-STR-07,123,11.5,-0.4614822488648949,14.995214081194524,0.1504822244744377,15.003068223092058
LC-STR-07,124,11.5,0.45526549798567123,15.014872732787722,0.10395683616121146,15.022132900465667
LC-STR-07,125,11.5,0.8318242322406272,15.061077153911281,0.08526735071952297,15.08427151408081
LC-STR-07,126,11.5,0.4476186299181066,15.106783960092752,0.10420534322676751,15.113773281623699
LC-STR-07,127,11.5,-0.4722918807530175,15.126290528717455,0.1496468005963937,15.134401836370055
LC-STR-07,128,11.5,-1.3890393057856014,15.108293205282772,0.19602847427793765,15.17327851627784
LC-STR-07,129,14.0,-1.837284659473835,16.998004064035786,0.10203681280275098,17.09731466026411
LC-STR-07,130,14.0,-1.4512501344653437,16.995829725411884,0.1060972554608265,17.058007258633587
LC-STR-07,131,14.0,-0.5101093120650216,16.991051300237267,0.1068255309511736,16.999042546320453
LC-STR-07,132,14.0,0.4348354751479194,16.987712151667502,0.10366864603183305,16.993592710975772
LC-STR-07,133,14.0,0.8300459963893383,16.98791922274317,0.09966811828350831,17.00847758055879
LC-STR-07,134,14.0,0.44400994153408996,16.99038049008001,0.09737375986046813,16.996460092471665
LC-STR-07,135,14.0,-0.49713800163014626,16.993393290550387,0.09693128016958327,17.000939897342825
LC-STR-07,136,14.0,-1.4420812388807698,16.99644694191272,0.0983215168465084,17.057798042814937
LC-STR-07,137,15.0,-1.8527496451942156,17.75752194539035,0.10962716555871223,17.85425117455828
LC-STR-07,138,15.0,-1.4621102873881877,17.755432535669918,0.10985357701393651,17.815869858909362
LC-STR-07,139,15.0,-0.5126467289427413,17.754397617071376,0.10817439754079769,17.762126649532956
LC-STR-07,140,15.0,0.4394638036756105,17.75517292700108,0.1069208882738099,17.76093258190015
LC-STR-07,141,15.0,0.8364850950514005,17.75597659238803,0.10693414390524555,17.775990745238577
LC-STR-07,142,15.0,0.4458429582284073,17.756249718372455,0.10692483976316396,17.762168024370283
LC-STR-07,143,15.0,-0.5036283603142533,17.757068134322775,0.10678655120132884,17.764529648144688
LC-STR-07,144,15.0,-1.4557360999258442,17.758110863681505,0.1078222189290803,17.818004789266535
LC-STR-07,145,16.5,-1.872958139943126,18.91748522446674,0.09746926028414749,19.010226712709056
LC-STR-07,146,16.5,-1.4814629276812603,18.921294361316495,0.09937177159636575,18.979462254307197
LC-STR-07,147,16.5,-0.5237953890324888,18.922621817153054,0.10301411358373243,18.93015028868408
LC-STR-07,148,16.5,0.4390617982798793,18.921351670539995,0.10655331827293614,18.926745042732264
LC-STR-07,149,16.5,0.8430774667740296,18.917951803073738,0.10854728154617262,18.93703943468287
LC-STR-07,150,16.5,0.45157919808738645,18.913796703768252,0.10758561547388029,18.91949270430571
LC-STR-07,151,16.5,-0.5060967696911332,18.911528942308248,0.10359646850229731,18.91858327423966
LC-STR-07,152,16.5,-1.4689508831179108,18.91314661026732,0.09911549842281434,18.97036518574449
LC-STR-07,153,19.0,-1.898623684466642,20.9160335441148,0.14303536746174034,21.00251628329563
LC-STR-07,154,19.0,-1.49470454635218,20.905181234035794,0.13948939512085806,20.959012414713612
LC-STR-07,155,19.0,-0.523501188145338,20.900182488725584,0.129497415086439,20.90713876015882
LC-STR-07,156,19.0,0.4460743571345638,20.903511172848464,0.11908488303321338,20.90860930083253
LC-STR-07,157,19.0,0.8460551995967941,20.913051652011635,0.11388367417932728,20.93046842026513
LC-STR-07,158,19.0,0.44213244689477976,20.923688747624023,0.11678970268879943,20.92868538018333
LC-STR-07,159,19.0,-0.529078895424085,20.92932765512681,0.12656598793484922,20.93639652668388
LC-STR-07,160,19.0,-1.4986507806171256,20.92621486497485,0.1376181924581005,20.980261235366786
LC-STR-07,161,21.0,-1.9120193296435994,22.546206589895924,0.14305964298747598,22.62758748900662
LC-STR-07,162,21.0,-1.5123887327582066,22.52019748050848,0.16386995072796173,22.571518947576966
LC-STR-07,163,21.0,-0.5404837577478537,22.490892554552037,0.15658400903446895,22.497930774733018
LC-STR-07,164,21.0,0.43437243227406225,22.478931415200865,0.13451409526556493,22.48353021705108
LC-STR-07,165,21.0,0.841119630153826,22.482277114568646,0.11406035679783272,22.498294963251773
LC-STR-07,166,21.0,0.44148540595045255,22.495499266796823,0.0981628970360562,22.500045168409734
LC-STR-07,167,21.0,-0.5304274002342273,22.519891393928177,0.092661794289504,22.526327881600242
LC-STR-07,168,21.0,-1.5052798842132324,22.544639629259123,0.10981877707145575,22.59510353388042
LC-STR-07,169,-2.5,-6.5345637503689025,5.741461669144525,0.5542215633820651,8.716195675133092
LC-STR-07,170,-2.5,-0.7833168679843385,5.722304837509445,0.20897774358336527,5.779448906804695
LC-STR-07,171,-2.5,-5.6908485763950205,5.551739789230765,0.5036373300305093,7.966255253692637
LC-STR-07,172,-2.5,-0.5536273493918294,5.709439201369006,0.19475917523053493,5.739523531832608
LC-STR-07,173,-2.5,-3.391434853120977,5.413052566590455,0.3653293573308725,6.398158640653028
LC-STR-07,174,-2.5,-0.2529900764855208,5.36204495927483,0.17596083966684403,5.37089306737539
LC-STR-07,175,-2.5,0.03529204042331946,5.707137716415383,0.15651370109000484,5.709392522928961
LC-STR-07,176,-2.5,2.8826281732965295,5.412644571354347,-0.013860051893397474,6.132410500148621
LC-STR-07,177,-2.5,0.26403324475211104,5.723301485651495,0.14098184718206563,5.731122868271958
LC-STR-07,178,-2.5,5.17527553130495,5.55278325849705,-0.1542908707944566,7.592146232362715
LC-STR-07,179,-2.5,6.01176713951164,5.742751350750508,-0.20535539077346776,8.316411969880908
LC-STR-07,180,-2.5,0.2604884229719804,5.761335632883665,0.1412359025775747,5.768950517504406
LC-STR-07,181,-2.5,5.16859877233813,5.93212757723738,-0.1547727683809113,7.869466657396023
LC-STR-07,182,-2.5,0.030098032784895125,5.7753957534695735,0.15463357007780468,5.777543902192947
LC-STR-07,183,-2.5,2.871175054393597,6.0708292275461675,-0.01627383327220423,6.715569859710361
LC-STR-07,184,-2.5,-0.2657981641854979,6.1218330207621605,0.1734033434813162,6.13005358196067
LC-STR-07,185,-2.5,-0.5578630545405634,5.773354994379606,0.19179013081230661,5.80341473040022
LC-STR-07,186,-2.5,-3.4019434892938625,6.071020402194572,0.3637416104591987,6.9687026186651915
LC-STR-07,187,-2.5,-0.7877451143071281,5.759985332867717,0.2042340104620426,5.817188748097777
LC-STR-07,188,-2.5,-5.6966030915929124,5.932196418472532,0.5028667356650305,8.239849275582818
LC-STR-07,189,2.5,-7.764629682210789,8.692072383298099,0.24666282193051028,11.657720144440123
LC-STR-07,190,2.5,-0.9604314498340165,8.684136932829361,0.11250327619372945,8.737809784214551
LC-STR-07,191,2.5,-6.772556319961215,8.617823709850946,0.22701730863686934,10.962934892606835
LC-STR-07,192,2.5,-0.6882373376266172,8.677964891972213,0.10566697353315471,8.705854972861731
LC-STR-07,193,2.5,-4.055170262723056,8.56264853984056,0.17214244995048675,9.47591625646734
LC-STR-07,194,2.5,-0.3404475284819441,8.542515333944374,0.09770870573157062,8.549854954412968
LC-STR-07,195,2.5,0.015231943139713815,8.678518459643172,0.09012079246844358,8.678999736357541
LC-STR-07,196,2.5,3.37588353041045,8.562280708674125,0.023262918344949736,9.203791702792905
LC-STR-07,197,2.5,0.28799360874531793,8.683754907968556,0.08464780043984656,8.688941527623802
LC-STR-07,198,2.5,6.097776008489863,8.616721508200127,-0.031402450966177824,10.55612371628525
LC-STR-07,199,2.5,7.096340956606809,8.691550725314109,-0.05163135678582605,11.220685129711422
LC-STR-07,200,2.5,0.2899136941230314,8.698728668382142,0.08539106468725441,8.703977368427715
LC-STR-07,201,2.5,6.104410233202586,8.766355476279816,-0.031766801957119076,10.682407114570955
LC-STR-07,202,2.5,0.018735730845178874,8.702638769048317,0.0898029615001893,8.703122264110009
LC-STR-07,203,2.5,3.387505322192451,8.82047398935021,0.022062084758878487,9.448621086712585
LC-STR-07,204,2.5,-0.3269012859968713,8.84078720887124,0.09695613495812129,8.847360251251995
LC-STR-07,205,2.5,-0.685673486851223,8.705444159042523,0.10451165279453604,8.733030906984593
LC-STR-07,206,2.5,-4.043376764697218,8.821014368052362,0.17167662396031558,9.705084389426707
LC-STR-07,207,2.5,-0.9575380957768898,8.699384900580101,0.10925715521129117,8.752606124993285
LC-STR-07,208,2.5,-6.765726895767138,8.766620918700283,0.2264343098184602,11.07609927984411
LC-STR-07,209,-16.0,-0.6249804470888367,0.8284913435622002,0.22853388842479547,1.062650555808173
LC-STR-07,210,-16.0,-0.3166915062277129,0.5653199989631448,0.31121603291952865,0.7188432586389307
LC-STR-07,211,-16.0,0.20614020861761376,0.7353828760671615,0.11794414158366151,0.7727823629946728
LC-STR-07,212,-16.0,0.49055118149218585,0.7669333986340379,0.1503050586537911,0.9227236369903261
LC-STR-07,213,-16.0,0.18222995720465288,0.6939084450869093,0.18541239241072188,0.7410090706092669
LC-STR-07,214,-16.0,-0.34519251640872206,0.8213876001709199,0.16452379087363664,0.9060372734399844
LC-STR-07,215,21.4,-1.2434273127514939,22.83420697071701,0.1314851641691368,22.868415069961326
LC-STR-07,216,21.4,-1.0854136374042578,22.8349906974864,0.11817164161093122,22.861078002916546
LC-STR-07,217,21.4,-0.6995121374779856,22.844818480675325,0.10979354163641586,22.85578927246375
LC-STR-07,218,21.4,-0.3117810007956195,22.857210756671652,0.11067780817257275,22.859604995375257
LC-STR-07,219,21.4,-0.1493455290778136,22.865488766408667,0.11958446983402045,22.86628918428266
LC-STR-07,220,21.4,-0.3073566157406878,22.86552590093087,0.13187666755215327,22.867971800551633
LC-STR-07,221,21.4,-0.693254357715258,22.856719454710237,0.1410756331611034,22.867665560132995
LC-STR-07,222,21.4,-1.080988410401838,22.843506338522346,0.14121266575997254,22.8695049967966
LC-STR-08,1,-21.0,0.0,0.0,0.0,0.0
LC-STR-08,2,-21.0,0.0,0.0,0.0,0.0
LC-STR-08,3,-21.0,0.0,0.0,0.0,0.0
LC-STR-08,4,-21.0,0.0,0.0,0.0,0.0
LC-STR-08,5,-21.0,0.0,0.0,0.0,0.0
LC-STR-08,6,-21.0,0.0,0.0,0.0,0.0
LC-STR-08,7,-21.0,0.0,0.0,0.0,0.0
LC-STR-08,8,-21.0,0.0,0.0,0.0,0.0
LC-STR-08,9,-18.5,-7.472741436227816e-09,3.849043292953599e-08,1.020071243399401e-08,4.0514316307163134e-08
LC-STR-08,10,-18.5,2.8161872951797257e-09,2.515158599561476e-08,3.4065819760091027e-09,2.5536992574216843e-08
LC-STR-08,11,-18.5,6.286364047446414e-09,1.2044961783232277e-08,-2.0472298109089226e-08,2.4570601685021294e-08
LC-STR-08,12,-18.5,-2.1380860179743865e-09,8.236737993788154e-09,-3.211433472338431e-08,3.3222669358799844e-08
LC-STR-08,13,-18.5,-7.472751986384422e-09,-3.849045517330569e-08,-1.0200723416583756e-08,4.051434215089648e-08
LC-STR-08,14,-18.5,2.816183116358552e-09,-2.515160843219554e-08,-3.406591979341442e-09,2.553701554577328e-08
LC-STR-08,15,-18.5,6.286368812441908e-09,-1.204498528813415e-08,2.0472287159054664e-08,2.45706053030894e-08
LC-STR-08,16,-18.5,-2.1380753930356615e-09,-8.236761723691357e-09,3.2114323791021933e-08,3.322266399062196e-08
LC-STR-08,17,-16.0,-2.502715328965323e-10,9.64367149720256e-08,-6.003269281563519e-09,9.662371278574865e-08
LC-STR-08,18,-16.0,8.472338999409866e-09,1.0237692227223008e-07,-3.2685326908306334e-08,1.0780141621128182e-07
LC-STR-08,19,-16.0,-2.58019027824557e-09,4.2616333657582646e-08,-2.947497285776589e-07,2.978258077683832e-07
LC-STR-08,20,-16.0,2.001425446897418e-08,-9.396884279684968e-09,-6.779152428313059e-08,7.130611881700565e-08
LC-STR-08,21,-16.0,-2.502896079256984e-10,-9.643677593426613e-08,6.003275832185406e-09,9.66237740838195e-08
LC-STR-08,22,-16.0,8.472330333090923e-09,-1.0237698221041274e-07,3.268533176767589e-08,1.0780147392567146e-07
LC-STR-08,23,-16.0,-2.5801844594311968e-09,-4.261639148927056e-08,2.9474973788713367e-07,2.978258252065214e-07
LC-STR-08,24,-16.0,2.001427136872302e-08,9.396826431639848e-09,6.77915316965659e-08,7.13061229851529e-08
LC-STR-08,25,-13.5,5.953192284855356e-09,3.7276461485426726e-07,-9.781994838197669e-08,3.854317590537698e-07
LC-STR-08,26,-13.5,4.223421406331311e-08,2.7476208686906925e-07,9.648609267787706e-08,2.9425753906813603e-07
LC-STR-08,27,-13.5,-2.696994620833193e-08,1.5268657574267218e-07,2.429677804652708e-07,2.882254512612013e-07
LC-STR-08,28,-13.5,5.910714930029751e-08,-4.384332066460243e-08,1.3528609115446204e-07,1.540072021860024e-07
LC-STR-08,29,-13.5,5.953168305135029e-09,-3.727647087374017e-07,9.781996131943353e-08,3.854318527645122e-07
LC-STR-08,30,-13.5,4.2234203736989174e-08,-2.74762180890724e-07,-9.648607875508127e-08,2.94257620813219e-07
LC-STR-08,31,-13.5,-2.6969936951337463e-08,-1.526866708609104e-07,-2.429677676428486e-07,2.8822548997459677e-07
LC-STR-08,32,-13.5,5.9107173051490154e-08,4.384322529979526e-08,-1.3528607818613443e-07,1.5400717276092138e-07
LC-STR-08,33,-11.0,-1.6742112471977459e-07,-2.67898173851811e-06,-7.312021165175011e-07,2.7820189653407506e-06
LC-STR-08,34,-11.0,1.8076540879839323e-07,6.125732886152915e-07,-2.590201717247385e-07,6.892123158383897e-07
LC-STR-08,35,-11.0,-1.8607475885904708e-07,7.808891370054336e-07,-2.5792155211002215e-06,2.7012523696355786e-06
LC-STR-08,36,-11.0,1.843308443674647e-07,3.754628426342913e-07,5.517109461283427e-07,6.923403602723707e-07
LC-STR-08,37,-11.0,-1.674211564348624e-07,2.6789815975066076e-06,7.312021571710322e-07,2.7820188421455043e-06
LC-STR-08,38,-11.0,1.807653939831392e-07,-6.125734294965023e-07,2.590202122886595e-07,6.892124524129319e-07
LC-STR-08,39,-11.0,-1.860747480599255e-07,-7.808892779812862e-07,2.5792155611865203e-06,2.7012524479208526e-06
LC-STR-08,40,-11.0,1.843308745017623e-07,-3.7546298388297115e-07,-5.517109053026448e-07,6.923404123628438e-07
LC-STR-08,41,-8.5,-4.613758841083864e-07,1.1545458885597595e-05,-1.8368635401943304e-07,1.1556133837149612e-05
LC-STR-08,42,-8.5,-4.4725104543259885e-08,-1.972307874371186e-06,-1.4761206595058307e-06,2.463925909540082e-06
LC-STR-08,43,-8.5,-4.6964119472019104e-07,2.2470094179630819e-07,1.1613329822100924e-05,1.1624993889113277e-05
LC-STR-08,44,-8.5,-4.981318729826044e-08,1.5666836740618061e-06,-2.021601730850515e-06,2.5580955115824762e-06
LC-STR-08,45,-8.5,-4.613759219489006e-07,-1.1545459089939948e-05,1.8368640526073086e-07,1.1556134043628464e-05
LC-STR-08,46,-8.5,-4.472512096830041e-08,1.972307670041352e-06,1.476120710749498e-06,2.4639257769772974e-06
LC-STR-08,47,-8.5,-4.696411800943956e-07,-2.2470114620502784e-07,-1.1613329770813449e-05,1.1624993841237433e-05
LC-STR-08,48,-8.5,-4.9813150198751304e-08,-1.56668387867677e-06,2.0216017822968526e-06,2.5580956768315417e-06
LC-STR-08,49,-6.0,-3.504410493257078e-06,-5.295222079265135e-05,-2.6257801000698545e-05,5.9208873432714744e-05
LC-STR-08,50,-6.0,-3.170165428608698e-07,1.4365786917341338e-05,-1.883289820701013e-05,2.3688697476191224e-05
LC-STR-08,51,-6.0,-3.5051164145840836e-06,2.627697446410657e-05,-5.290219628866088e-05,5.917269302838177e-05
LC-STR-08,52,-6.0,-3.2086572633013474e-07,1.888005214902441e-05,1.4348182946164784e-05,2.3715599883216712e-05
LC-STR-08,53,-6.0,-3.5044105366157514e-06,5.2952220523637813e-05,2.625780108278683e-05,5.9208873231098683e-05
LC-STR-08,54,-6.0,-3.1701656249974016e-07,-1.436578718640688e-05,1.8832898288961866e-05,2.3688697704779257e-05
LC-STR-08,55,-6.0,-3.5051163990022396e-06,-2.6276974733067285e-05,5.290219637069127e-05,5.917269322023454e-05
LC-STR-08,56,-6.0,-3.2086568466795716e-07,-1.8880052418061288e-05,-1.4348182863976434e-05,2.371560004710921e-05
LC-STR-08,57,-3.5,-2.228422824739409e-05,0.00015509792257113077,0.00015814796870908674,0.0002226268906068463
LC-STR-08,58,-3.5,-2.4157620838190017e-05,-0.0002023564747576129,3.8449078244658884e-05,0.00020738868131784356
LC-STR-08,59,-3.5,-2.2283102974357604e-05,-0.00015814156185378015,0.00015511763091559155,0.00022263595775297507
LC-STR-08,60,-3.5,-2.4162150569741307e-05,-3.8432291080048554e-05,-0.00020236141284685276,0.00020739091572966934
LC-STR-08,61,-3.5,-2.2284228294669927e-05,-0.00015509792291720274,-0.00015814796860689803,0.00022262689078008508
LC-STR-08,62,-3.5,-2.415762085819969e-05,0.00020235647441154678,-3.8449078142399185e-05,0.0002073886809635469
LC-STR-08,63,-3.5,-2.2283102955430436e-05,0.00015814156150764823,-0.00015511763081310024,0.0002226359574338091
LC-STR-08,64,-3.5,-2.4162150522959765e-05,3.843229073385453e-05,0.0002023614129491529,0.00020739091575988392
LC-STR-08,65,-2.5,-8.327447408589087e-05,0.002526051558380888,0.0006317138211346367,0.0026051743637317865
LC-STR-08,66,-2.5,-8.600640100359337e-05,0.0011652825276426252,0.0017512268520700294,0.00210524961884663
LC-STR-08,67,-2.5,-8.327311893156917e-05,-0.0006317107563967724,0.0025260626863612898,0.0026051843672782143
LC-STR-08,68,-2.5,-8.600993128731854e-05,-0.0017512191003137031,0.001165281645282162,0.0021052428264727767
LC-STR-08,69,-2.5,-8.327447413457336e-05,-0.0025260515587559166,-0.000631713821020877,0.0026051743640693958
LC-STR-08,70,-2.5,-8.600640102419865e-05,-0.0011652825280175222,-0.0017512268519564809,0.0021052496189605282
LC-STR-08,71,-2.5,-8.327311891210874e-05,0.0006317107560221194,-0.002526062686247404,0.002605184367076318
LC-STR-08,72,-2.5,-8.600993123917144e-05,0.0017512190999389437,-0.001165281645168272,0.002105242826096031
LC-STR-08,73,-1.0,0.0034981459735382004,0.00013799432460220209,-0.03009017641711481,0.030293147484190153
LC-STR-08,74,-1.0,0.003498228203252944,0.021229438725142123,-0.021316511803644553,0.030287296753284468
LC-STR-08,75,-1.0,0.0034981473060443835,0.030090176423481545,0.00013800248897326923,0.030293147681579626
LC-STR-08,76,-1.0,0.0034982257418300455,0.021316514368080873,0.021229441028790187,0.030287299888571793
LC-STR-08,77,-1.0,0.0034981459734879225,-0.00013799432502277538,0.030090176417245214,0.030293147484315792
LC-STR-08,78,-1.0,0.0034982282032322964,-0.02122943872556223,0.02131651180377507,0.03028729675366841
LC-STR-08,79,-1.0,0.0034981473060653116,-0.03009017642390162,-0.00013800248884271072,0.030293147681998707
LC-STR-08,80,-1.0,0.0034982257418803577,-0.02131651436850089,-0.021229441028659916,0.030287299888781906
LC-STR-08,81,1.5,-0.006465753136009598,0.0001360756951306161,-0.1198119423370559,0.11998635758613824
LC-STR-08,82,1.5,-0.006471799911814419,0.08465139151624716,-0.08480261785140851,0.11999677609914172
LC-STR-08,83,1.5,-0.006465752505547478,0.11981194200022291,0.00013607718780219292,0.11998635721751374
LC-STR-08,84,1.5,-0.006471801105627132,0.08480261773607611,0.08465139248586136,0.11999677676603315
LC-STR-08,85,1.5,-0.006465753136062326,-0.00013607569562943393,0.11981194233722227,0.11998635758630777
LC-STR-08,86,1.5,-0.006471799911836457,-0.08465139151674433,0.08480261785157582,0.11999677609961189
LC-STR-08,87,1.5,-0.006465752505526007,-0.11981194200072065,-0.00013607718763647525,0.11998635721800942
LC-STR-08,88,1.5,-0.006471801105574643,-0.08480261773657315,-0.08465139248569627,0.11999677676626512
LC-STR-08,89,2.5,-0.004895933502156168,0.0025202129511897988,-0.13667592546814933,0.1367868057992144
LC-STR-08,90,2.5,-0.004901057451232728,0.09794393634785982,-0.0950373083116793,0.13656179920674408
LC-STR-08,91,2.5,-0.004895932939859597,0.13667592481410104,0.0025202133562241026,0.13678680513303282
LC-STR-08,92,2.5,-0.0049010583360603426,0.09503730747746604,0.09794393738017497,0.1365617993983366
LC-STR-08,93,2.5,-0.004895933502209346,-0.002520212951722517,0.13667592546832838,0.13678680579940503
LC-STR-08,94,2.5,-0.004901057451254492,-0.09794393634839042,0.09503730831185883,0.13656179920725037
LC-STR-08,95,2.5,-0.004895932939837294,-0.13667592481463167,-0.00252021335604539,0.13678680513355893
LC-STR-08,96,2.5,-0.004901058336006869,-0.09503730747799681,-0.09794393737999617,0.13656179939857582
LC-STR-08,97,4.0,-0.00496496738846008,0.00015083577423347701,-0.136151832845756,0.13624241351303912
LC-STR-08,98,4.0,-0.004968831889461818,0.09621929839287911,-0.09634053813022096,0.1362510255403026
LC-STR-08,99,4.0,-0.004964967046505908,0.13615183183455093,0.00015083506462874058,0.1362424124892592
LC-STR-08,100,4.0,-0.004968832477303124,0.09634053623851327,0.09621929986652415,0.13625102526482466
LC-STR-08,101,4.0,-0.00496496738851386,-0.00015083577481233917,0.13615183284595597,0.13624241351324157
LC-STR-08,102,4.0,-0.004968831889483788,-0.0962192983934556,0.09634053813042172,0.1362510255408525
LC-STR-08,103,4.0,-0.0049649670464833335,-0.13615183183512847,-0.00015083506443000152,0.1362424124898353
LC-STR-08,104,4.0,-0.004968832477249005,-0.09634053623909189,-0.09621929986632388,0.13625102526509036
LC-STR-08,105,6.5,-0.004982081438499006,-4.844627430481659e-05,-0.13600671450810475,0.13609794220997776
LC-STR-08,106,6.5,-0.004986693459620402,0.09617430294420778,-0.09617124137299292,0.13610022529623872
LC-STR-08,107,6.5,-0.004982081202120429,0.13600671331766284,-4.844696145116613e-05,0.1360979410119254
LC-STR-08,108,6.5,-0.00498669366499549,0.0961712391606493,0.0961743047406138,0.13610022500989394
LC-STR-08,109,6.5,-0.004982081438552789,4.844627364823541e-05,0.13600671450833873,0.13609794221021332
LC-STR-08,110,6.5,-0.004986693459641861,-0.09617430294486233,0.0961712413732277,0.13610022529686794
LC-STR-08,111,6.5,-0.004982081202096806,-0.13600671331831818,4.844696168379589e-05,0.13609794101257952
LC-STR-08,112,6.5,-0.004986693664940714,-0.09617123916130513,-0.09617430474038001,0.13610022501019017
LC-STR-08,113,9.0,-0.004985469038382414,7.808844209922982e-06,-0.13602848998265238,0.13611981872406118
LC-STR-08,114,9.0,-0.004986129922439531,0.0961868044990335,-0.09618733843179403,0.1361204133329429
LC-STR-08,115,9.0,-0.004985468984639909,0.13602848910658014,7.80785089451646e-06,0.1361198178465514
LC-STR-08,116,9.0,-0.004986129979109435,0.09618733666556249,0.09618680567929995,0.13612041292095117
LC-STR-08,117,9.0,-0.004985469038436858,-7.808844942381268e-06,0.13602848998292244,0.1361198187243331
LC-STR-08,118,9.0,-0.004986129922461201,-0.09618680449976526,0.09618733843206444,0.13612041333365185
LC-STR-08,119,9.0,-0.004985468984615969,-0.1360284891073125,-7.807850625448837e-06,0.1361198178472824
LC-STR-08,120,9.0,-0.004986129979053896,-0.09618733666629531,-0.09618680567902982,0.13612041292127608
LC-STR-08,121,11.5,-0.004985866562650877,-2.506305795318267e-06,-0.13602808357681134,0.1361194269501679
LC-STR-08,122,11.5,-0.004986163231230174,0.09618676595275917,-0.09618608714590217,0.1361195031164103
LC-STR-08,123,11.5,-0.004985866535736417,0.13602808295436072,-2.506963965573142e-06,0.13611942632716126
LC-STR-08,124,11.5,-0.004986163181103081,0.09618608589705119,0.09618676680694724,0.1361195028356978
LC-STR-08,125,11.5,-0.0049858665627053435,2.5063049848296242e-06,0.1360280835771168,0.13611942695047513
LC-STR-08,126,11.5,-0.0049861632312512266,-0.09618676595357122,0.09618608714620704,0.1361195031172003
LC-STR-08,127,11.5,-0.0049858665357116905,-0.1360280829551726,2.5069642706786077e-06,0.1361194263279717
LC-STR-08,128,11.5,-0.004986163181047108,-0.09618608589786358,-0.09618676680664094,0.1361195028360534
LC-STR-08,129,14.0,-0.004986018558891106,2.8980111675601554e-07,-0.13602856603688432,0.13611991463119782
LC-STR-08,130,14.0,-0.004986043843173567,0.09618695969885754,-0.09618652707625161,0.13611994651889261
LC-STR-08,131,14.0,-0.004986018581558525,0.13602856570249452,2.893741057258236e-07,0.13611991429786185
LC-STR-08,132,14.0,-0.004986043779222813,0.09618652638760111,0.0961869601355644,0.13611994633852037
LC-STR-08,133,14.0,-0.004986018558945658,-2.8980200559676683e-07,0.13602856603722496,0.13611991463154027
LC-STR-08,134,14.0,-0.0049860438431945766,-0.09618695969974618,0.09618652707659232,0.13611994651976206
LC-STR-08,135,14.0,-0.004986018581533733,-0.13602856570338315,-2.8937376508563673e-07,0.13611991429874895
LC-STR-08,136,14.0,-0.004986043779166766,-0.09618652638848967,-0.09618696013522392,0.13611994633890562
LC-STR-08,137,15.0,-0.004986028093629849,-2.3311834795909453e-07,-0.1360286402255482,0.13611998911921952
LC-STR-08,138,15.0,-0.004986039830628951,0.09618675917679952,-0.09618679466197858,0.13611999376092357
LC-STR-08,139,15.0,-0.0049860281179945395,0.1360286399629694,-2.3348001108847414e-07,0.13611998885771
LC-STR-08,140,15.0,-0.0049860397652793905,0.09618679410940553,0.09618675951284933,0.13611999360552746
LC-STR-08,141,15.0,-0.00498602809368432,2.331174284943714e-07,0.1360286402259028,0.13611998911957587
LC-STR-08,142,15.0,-0.004986039830649836,-0.09618675917771877,0.09618679466233325,0.13611999376182454
LC-STR-08,143,15.0,-0.004986028117969656,-0.1360286399638887,2.3348036566262106e-07,0.1361199888586278
LC-STR-08,144,15.0,-0.004986039765223309,-0.09618679411032464,-0.09618675951249496,0.13611999360592444
LC-STR-08,145,16.5,-0.004986035252939546,-2.483407747921364e-08,-0.13602869144086369,0.13612004056221066
LC-STR-08,146,16.5,-0.00498603495903409,0.09618684419462789,-0.09618677983060005,0.1361200431784925
LC-STR-08,147,16.5,-0.004986035280496064,0.13602869125977504,-2.5089228347209115e-08,0.13612004038225295
LC-STR-08,148,16.5,-0.004986034898816647,0.09618677945009134,0.09618684442535932,0.13612004307044942
LC-STR-08,149,16.5,-0.004986035252993944,2.4833112515831343e-08,0.1360286914412394,0.13612004056258814
LC-STR-08,150,16.5,-0.004986034959054902,-0.09618684419559238,0.09618677983097604,0.1361200431794405
LC-STR-08,151,16.5,-0.0049860352804711105,-0.13602869126073966,2.508960406987983e-08,0.136120040383216
LC-STR-08,152,16.5,-0.004986034898760545,-0.09618677945105598,-0.09618684442498376,0.13612004307086364
LC-STR-08,153,19.0,-0.00498603836649261,-8.460039442603238e-09,-0.13602869390173675,0.13612004313547876
LC-STR-08,154,19.0,-0.004986035933372179,0.09618681675439628,-0.09618680650264684,0.1361200426713506
LC-STR-08,155,19.0,-0.004986038395065539,0.13602869382706428,-8.580362350100877e-09,0.136120043061903
LC-STR-08,156,19.0,-0.0049860358791905465,0.09618680633999838,0.09618681684531244,0.1361200426186776
LC-STR-08,157,19.0,-0.0049860383665467165,8.45899990921988e-09,0.13602869390214833,0.13612004313589207
LC-STR-08,158,19.0,-0.0049860359333928714,-0.09618681675543547,0.09618680650305858,0.13612004267237662
LC-STR-08,159,19.0,-0.004986038395040615,-0.13602869382810365,8.58077359807584e-09,0.1361200430629408
LC-STR-08,160,19.0,-0.004986035879134628,-0.09618680634103782,-0.09618681684490088,0.13612004261911925
LC-STR-08,161,21.0,-0.00498603987982274,2.2398707859624392e-09,-0.1360286951764173,0.13612004446473652
LC-STR-08,162,21.0,-0.004986037844372845,0.09618681600057052,-0.09618680947891302,0.13612004431179794
LC-STR-08,163,21.0,-0.004986039905882574,0.13602869517042088,2.2257605568770487e-09,0.13612004445969866
LC-STR-08,164,21.0,-0.004986037793100362,0.09618680946258173,0.09618681600797194,0.13612004430360972
LC-STR-08,165,21.0,-0.004986039879876778,-2.2409693061784347e-09,0.13602869517685656,0.13612004446517748
LC-STR-08,166,21.0,-0.004986037844393468,-0.09618681600166938,0.0961868094793521,0.13612004431288546
LC-STR-08,167,21.0,-0.004986039905857549,-0.13602869517151972,-2.2253215677725892e-09,0.13612004446079584
LC-STR-08,168,21.0,-0.0049860377930444075,-0.09618680946368062,-0.09618681600753265,0.13612004430407376
LC-STR-08,169,-2.5,-0.006723062409058235,0.0011584850577979241,0.9342733757694194,0.9342982833802982
LC-STR-08,170,-2.5,-0.0011538545131229937,-0.03467702640865496,0.014214379145372493,0.037495014538901146
LC-STR-08,171,-2.5,-0.006762694078487572,-0.48664608026712775,0.8038471507024493,0.939702284323607
LC-STR-08,172,-2.5,0.0022835784434074888,-0.011036228233540703,0.036758836477221855,0.03844769334159245
LC-STR-08,173,-2.5,-0.00671575788310433,-0.8024770393346197,0.48894649715571525,0.9397250540152928
LC-STR-08,174,-2.5,-0.006723052125489059,-0.934273373767047,0.0011584955611751088,0.9342982813170041
LC-STR-08,175,-2.5,-0.0011538530356728206,-0.014214368217733845,-0.034677018110921144,0.037495002676655544
LC-STR-08,176,-2.5,-0.006762704639329557,-0.8038471470417685,-0.48664607628800594,0.9397022792074844
LC-STR-08,177,-2.5,0.0022835786495029944,-0.03675882518658576,-0.011036227863675054,0.038447682452982725
LC-STR-08,178,-2.5,-0.006715778713142811,-0.4889464875422418,-0.8024770412159525,0.9397250507687497
LC-STR-08,179,-2.5,-0.00672306240970759,-0.0011584850581733825,-0.9342733757693062,0.9342982833801903
LC-STR-08,180,-2.5,-0.0011538545131425586,0.03467702640827899,-0.014214379145258577,0.03749501453851084
LC-STR-08,181,-2.5,-0.006762694079087449,0.486646080266752,-0.8038471507023363,0.93970228432332
LC-STR-08,182,-2.5,0.0022835784434054322,0.011036228233165867,-0.036758836477108495,0.03844769334137635
LC-STR-08,183,-2.5,-0.006715757883455593,0.8024770393342441,-0.4889464971556016,0.9397250540149156
LC-STR-08,184,-2.5,-0.006723052125508353,0.9342733737666711,-0.001158495561061468,0.9342982813166282
LC-STR-08,185,-2.5,-0.0011538530356472506,0.014214368217359052,0.03467701811103494,0.03749500267661792
LC-STR-08,186,-2.5,-0.006762704639038181,0.8038471470413925,0.48664607628811934,0.9397022792072195
LC-STR-08,187,-2.5,0.002283578649536311,0.03675882518621023,0.011036227863788666,0.038447682452658276
LC-STR-08,188,-2.5,-0.006715778712617908,0.4889464875418662,0.8024770412160658,0.9397250507686472
LC-STR-08,189,2.5,-0.009380456895927704,0.0011559554505687132,-1.8411263696028564,1.8411506288328432
LC-STR-08,190,2.5,-0.006353128011115888,0.08207880361657939,-0.08957754494529704,0.12166112278407323
LC-STR-08,191,2.5,-0.009417555089227364,0.9423608016403136,-1.5878394052707643,1.8464470064810001
LC-STR-08,192,2.5,-0.0025300225726360265,0.09274433452576587,-0.08000232492922585,0.12250830418762088
LC-STR-08,193,2.5,-0.009376154975003279,1.5892052970269999,-0.9400671834442358,1.8464527336949539
LC-STR-08,194,2.5,-0.009380454943516008,1.8411263691706936,0.0011559558268356403,1.8411506283909749
LC-STR-08,195,2.5,-0.006353128372977834,0.08957754398912068,0.08207880428563,0.12166112255032475
LC-STR-08,196,2.5,-0.00941755574284068,1.5878394047043525,0.9423608024921215,1.8464470064319845
LC-STR-08,197,2.5,-0.0025300232000641343,0.08000232495228704,0.09274433585225667,0.12250830521985182
LC-STR-08,198,2.5,-0.009376157582542137,0.9400671830799858,1.5892052976566726,1.8464527340646943
LC-STR-08,199,2.5,-0.009380456902639797,-0.001155955451103321,1.8411263696030353,1.8411506288330566
LC-STR-08,200,2.5,-0.006353128011118173,-0.08207880361711278,0.08957754494547762,0.12166112278456616
LC-STR-08,201,2.5,-0.009417555094469865,-0.9423608016408463,1.587839405270945,1.8464470064814544
LC-STR-08,202,2.5,-0.002530022572616591,-0.09274433452629581,0.08000232492940362,0.12250830418813777
LC-STR-08,203,2.5,-0.009376154977754545,-1.5892052970275337,0.9400671834444155,1.846452733695519
LC-STR-08,204,2.5,-0.009380454943377154,-1.8411263691712272,-0.0011559558266569167,1.8411506283915078
LC-STR-08,205,2.5,-0.006353128372973172,-0.08957754398965134,-0.08207880428545089,0.12166112255059439
LC-STR-08,206,2.5,-0.009417555739507394,-1.5878394047048863,-0.9423608024919438,1.8464470064323357
LC-STR-08,207,2.5,-0.002530023200051613,-0.08000232495282428,-0.09274433585208015,0.12250830522006877
LC-STR-08,208,2.5,-0.009376157576338992,-0.9400671830805202,-1.5892052976564939,1.8464527340647814
LC-STR-08,209,-16.0,-8.089437515147606e-08,1.1086417422980232e-07,-1.3868243372295691e-09,1.3724681541130943e-07
LC-STR-08,210,-16.0,-1.0212634224451548e-08,-1.518284484691546e-07,2.992702342763287e-08,1.550864352340051e-07
LC-STR-08,211,-16.0,-1.8282924265190334e-08,2.958289005010774e-07,-4.735350084982637e-10,2.963937042630415e-07
LC-STR-08,212,-16.0,-8.089441248046627e-08,-1.108642366637676e-07,1.386825539258213e-09,1.3724688785788923e-07
LC-STR-08,213,-16.0,-1.0212639021692788e-08,1.5182839506373206e-07,-2.9927021476382484e-08,1.5508638288987193e-07
LC-STR-08,214,-16.0,-1.8282895228509626e-08,-2.9582896460507144e-07,4.735419383677914e-10,2.9639376646483757e-07
LC-STR-08,215,21.4,-0.0049860545288452985,-1.7240463112760417e-09,-0.060457198256307514,0.060662455940780166
LC-STR-08,216,21.4,-0.004986057891304515,0.0427496618375593,-0.0427496636855429,0.06066241097869536
LC-STR-08,217,21.4,-0.004986054516221742,0.060457198259639626,-1.7230631628710275e-09,0.06066245594306342
LC-STR-08,218,21.4,-0.004986057904977808,0.04274966369147798,0.04274966183202182,0.06066241098009941
LC-STR-08,219,21.4,-0.004986054528869805,1.7229360024891606e-09,0.06045719825675224,0.0606624559412254
LC-STR-08,220,21.4,-0.004986057891313914,-0.04274966183867001,0.04274966368598744,0.060662410979792136
LC-STR-08,221,21.4,-0.004986054516210911,-0.06045719826075027,1.7235078334846394e-09,0.06066245594416942
LC-STR-08,222,21.4,-0.004986057904953014,-0.04274966369258878,-0.04274966183157684,0.060662410980566586
LC-STR-09,1,-21.0,0.0,0.0,0.0,0.0
LC-STR-09,2,-21.0,0.0,0.0,0.0,0.0
LC-STR-09,3,-21.0,0.0,0.0,0.0,0.0
LC-STR-09,4,-21.0,0.0,0.0,0.0,0.0
LC-STR-09,5,-21.0,0.0,0.0,0.0,0.0
LC-STR-09,6,-21.0,0.0,0.0,0.0,0.0
LC-STR-09,7,-21.0,0.0,0.0,0.0,0.0
LC-STR-09,8,-21.0,0.0,0.0,0.0,0.0
LC-STR-09,9,-18.5,-0.006484228139588324,2.181176032770151e-05,0.05863373687951263,0.05899119248476875
LC-STR-09,10,-18.5,-0.006521782363529754,-0.041810032730409195,0.04132574704724196,0.05914752616236595
LC-STR-09,11,-18.5,-0.006602260698178806,-0.05897501796276997,-0.00020129478471508623,0.059343770605061075
LC-STR-09,12,-18.5,-0.006504136637905023,-0.04198465118400513,-0.041213253330729296,0.059190767680019074
LC-STR-09,13,-18.5,-0.006484228139574904,-2.1811760296286833e-05,-0.058633736879509256,0.05899119248476391
LC-STR-09,14,-18.5,-0.0065217823635288835,0.04181003273044212,-0.04132574704723985,0.05914752616238765
LC-STR-09,15,-18.5,-0.0066022606981907365,0.05897501796280385,0.0002012947847170268,0.059343770605096074
LC-STR-09,16,-18.5,-0.00650413663792289,0.04198465118403849,0.041213253330733196,0.05919076768004742
LC-STR-09,17,-16.0,9.619627376612319e-05,-0.00011970596560143715,0.11818864564203935,0.11818874541148507
LC-STR-09,18,-16.0,-2.103497492135707e-05,-0.08351032104473115,0.08364987238089171,0.11820014937724785
LC-STR-09,19,-16.0,-0.00010354721792749383,-0.11811000674180329,0.00012586053679621454,0.11811011919158275
LC-STR-09,20,-16.0,0.00013556778593484006,-0.08345084122006498,-0.08356495966506262,0.11809811075027671
LC-STR-09,21,-16.0,9.61962737910007e-05,0.00011970596567539804,-0.11818864564208333,0.11818874541152914
LC-STR-09,22,-16.0,-2.103497491737501e-05,0.08351032104479997,-0.08364987238093476,0.11820014937732694
LC-STR-09,23,-16.0,-0.00010354721794678024,0.11811000674187111,-0.00012586053684118912,0.11811011919165063
LC-STR-09,24,-16.0,0.00013556778590363792,0.08345084122013484,0.08356495966501673,0.11809811075029356
LC-STR-09,25,-13.5,-0.006462204739577536,-0.00024303761663001968,0.17755106625206404,0.17766879378389486
LC-STR-09,26,-13.5,-0.006508484694671076,-0.12496357628915818,0.1259217633925784,0.17752336823047696
LC-STR-09,27,-13.5,-0.006584832438297343,-0.17697381494776399,0.0005593985569921639,0.1770971601188213
LC-STR-09,28,-13.5,-0.006470431512022392,-0.12468533869619566,-0.1257941187878137,0.17723560728967355
LC-STR-09,29,-13.5,-0.006462204739544567,0.00024303761674297194,-0.17755106625213832,0.17766879378396802
LC-STR-09,30,-13.5,-0.006508484694666852,0.12496357628927213,-0.12592176339265407,0.1775233682306107
LC-STR-09,31,-13.5,-0.006584832438324722,0.1769738149478791,-0.0005593985570674177,0.17709716011893756
LC-STR-09,32,-13.5,-0.006470431512065168,0.12468533869631025,0.12579411878774013,0.1772356072897035
LC-STR-09,33,-11.0,0.0002078840506476975,-0.00039627932646578846,0.23782405781638633,0.23782447882700167
LC-STR-09,34,-11.0,0.00020162368302567563,-0.16790934408336508,0.16842828356309247,0.23782698582504244
LC-STR-09,35,-11.0,0.0001857659235103436,-0.23747744707754206,0.00043911507479524656,0.23747792571414728
LC-STR-09,36,-11.0,0.00020163482016323544,-0.1676072580447269,-0.1682405359578474,0.23748076036861623
LC-STR-09,37,-11.0,0.00020788405069407798,0.0003962793266297378,-0.23782405781653151,0.23782447882714716
LC-STR-09,38,-11.0,0.00020162368303420944,0.16790934408353228,-0.16842828356323578,0.23782698582526196
LC-STR-09,39,-11.0,0.00018576592347604366,0.2374774470777085,-0.0004391150749395069,0.2374779257143139
LC-STR-09,40,-11.0,0.00020163482010610202,0.16760725804489432,0.16824053595770067,0.23748076036863036
LC-STR-09,41,-8.5,-0.006498148547151004,-0.00026115338214768565,0.2980542950082483,0.2981252369533545
LC-STR-09,42,-8.5,-0.006478052287013827,-0.21054639215180987,0.2109579227922869,0.29811909297865086
LC-STR-09,43,-8.5,-0.006492934579726038,-0.2978072572867029,0.0003006697182746027,0.29787818163531976
LC-STR-09,44,-8.5,-0.006513482863941664,-0.21037007989059842,-0.21080056388697604,0.29788399370772284
LC-STR-09,45,-8.5,-0.006498148547094108,0.00026115338240345707,-0.2980542950084396,0.29812523695354476
LC-STR-09,46,-8.5,-0.00647805228700349,0.21054639215206405,-0.21095792279247874,0.2981190929789659
LC-STR-09,47,-8.5,-0.00649293457976812,0.2978072572869584,-0.000300669718464185,0.2978781816355763
LC-STR-09,48,-8.5,-0.0065134828640116636,0.21037007989085568,0.2108005638867837,0.29788399370777
LC-STR-09,49,-6.0,0.000191939384246442,-0.00017056031228317856,0.3583288428015505,0.3583289348001995
LC-STR-09,50,-6.0,0.00022093622582551101,-0.25326514673641576,0.25349591898825435,0.35833429128110766
LC-STR-09,51,-6.0,0.00021801190894320537,-0.35820512114854053,0.00014249368852465428,0.3582052158340025
LC-STR-09,52,-6.0,0.0001919743319122576,-0.2531956231071326,-0.2533809357436905,0.35820379536389824
LC-STR-09,53,-6.0,0.00019193938431474755,0.00017056031262570797,-0.35832884280182575,0.35832893480047495
LC-STR-09,54,-6.0,0.00022093622584031599,0.25326514673675754,-0.25349591898852986,0.3583342912815441
LC-STR-09,55,-6.0,0.00021801190889596603,0.3582051211488832,-0.00014249368879794933,0.3582052158343452
LC-STR-09,56,-6.0,0.00019197433183065662,0.2531956231074765,0.25338093574341447,0.35820379536394603
LC-STR-09,57,-3.5,-0.006469631198877008,5.020396989373143e-05,0.4182942877337191,0.41834431966855656
LC-STR-09,58,-3.5,-0.006447253946569129,-0.29581629513667784,0.29576153690765844,0.418358380178791
LC-STR-09,59,-3.5,-0.006448033777817994,-0.4182585944060874,0.00016101387932677502,0.41830832511393456
LC-STR-09,60,-3.5,-0.006474267178298709,-0.2956675364474679,-0.2958441190408798,0.4183120259034935
LC-STR-09,61,-3.5,-0.00646963119879972,-5.0203969433067635e-05,-0.4182942877340574,0.4183443196688936
LC-STR-09,62,-3.5,-0.006447253946552535,0.295816295137137,-0.2957615369079977,0.4183583801793552
LC-STR-09,63,-3.5,-0.006448033777871997,0.41825859440654783,-0.00016101387966449855,0.41830832511439586
LC-STR-09,64,-3.5,-0.0064742671783912745,0.29566753644792904,0.2958441190405413,0.41831202590358146
LC-STR-09,65,-2.5,-0.005422859596273587,0.0016445247672355232,0.42950922423511895,0.42954660465537914
LC-STR-09,66,-2.5,-0.005405211018917201,-0.3026316521864911,0.30458592892473013,0.42940391394376587
LC-STR-09,67,-2.5,-0.005404137887414647,-0.42949273379054254,0.0016961424930543349,0.4295300804187488
LC-STR-09,68,-2.5,-0.005426677672055519,-0.3045468766453427,-0.3026394548747864,0.4293819844286644
LC-STR-09,69,-2.5,-0.005422859596192442,-0.0016445247667277363,-0.42950922423548993,0.42954660465574723
LC-STR-09,70,-2.5,-0.00540521101889908,0.3026316521869989,-0.3045859289251013,0.4294039139443868
LC-STR-09,71,-2.5,-0.005404137887470364,0.4294927337910499,-0.0016961424934243269,0.4295300804192582
LC-STR-09,72,-2.5,-0.005426677672151936,0.3045468766458504,0.3026394548744151,0.4293819844287641
LC-STR-09,73,-1.0,-0.005466898717731981,9.177898904698976e-05,0.42915540785046935,0.4291902369489263
LC-STR-09,74,-1.0,-0.005454382315674172,-0.30351005909596573,0.30342435640335214,0.4292021042791736
LC-STR-09,75,-1.0,-0.0054526735594175695,-0.429157844286632,0.00011611662299152052,0.42919249812265453
LC-STR-09,76,-1.0,-0.005468434797440484,-0.30342069949099626,-0.303499395385293,0.42919215703222924
LC-STR-09,77,-1.0,-0.005466898717646457,-9.177898845443431e-05,-0.42915540785088735,0.429190236949343
LC-STR-09,78,-1.0,-0.00545438231565607,0.3035100590965565,-0.3034243564037702,0.42920210427988664
LC-STR-09,79,-1.0,-0.005452673559477323,0.42915784428722126,-0.00011611662341180639,0.4291924981232446
LC-STR-09,80,-1.0,-0.005468434797542985,0.3034206994915837,0.30349939538487675,0.4291921570323515
LC-STR-09,81,1.5,-0.005474393351173651,-3.2934608996798655e-05,0.4290547475298381,0.42908967179966584
LC-STR-09,82,1.5,-0.005469495561171961,-0.30339629492908976,0.3033815097576816,0.4290915608832725
LC-STR-09,83,1.5,-0.005468578842181768,-0.4290563686195776,-3.712328727719052e-05,0.42909121895665775
LC-STR-09,84,1.5,-0.005477355161896953,-0.3033855147099296,-0.3033950425194188,0.4290936072475776
LC-STR-09,85,1.5,-0.005474393351081592,3.293460972596286e-05,-0.4290547475303563,0.4290896718001828
LC-STR-09,86,1.5,-0.005469495561150839,0.30339629492981424,-0.3033815097582015,0.4290915608841521
LC-STR-09,87,1.5,-0.005468578842243571,0.4290563686203024,3.712328675890296e-05,0.4290912189573833
LC-STR-09,88,1.5,-0.005477355162005874,0.3033855147106515,0.3033950425189045,0.42909360724772583
LC-STR-09,89,2.5,-0.00547504958710397,1.163324148544498e-05,0.429067533252114,0.42910246374772487
LC-STR-09,90,2.5,-0.005470567169054593,-0.30339758901761404,0.303396478104858,0.4291030727614098
LC-STR-09,91,2.5,-0.005470409159483913,-0.4290711339624264,4.1912899905154165e-06,0.4291060048446555
LC-STR-09,92,2.5,-0.0054762173202384965,-0.3034045049994423,-0.3033947808912598,0.4291068348117409
LC-STR-09,93,2.5,-0.005475049587010584,-1.1633240693817887e-05,-0.42906753325267,0.4291024637482796
LC-STR-09,94,2.5,-0.0054705671690339856,0.30339758901839736,-0.30339647810541553,0.4291030727623576
LC-STR-09,95,2.5,-0.005470409159547916,0.4290711339632102,-4.191290543816629e-06,0.4291060048454401
LC-STR-09,96,2.5,-0.005476217320350151,0.3034045050002258,0.3033947808907063,0.4291068348119049
LC-STR-09,97,4.0,-0.00547429734686181,5.40530288428275e-06,0.4290678039775424,0.4291027247300696
LC-STR-09,98,4.0,-0.0054714182398471235,-0.30340146611663765,0.3033921317357957,0.4291027518654139
LC-STR-09,99,4.0,-0.005471624176843107,-0.4290739670994828,-9.339732124138823e-06,0.4291088533237823
LC-STR-09,100,4.0,-0.005475314342144844,-0.3034067030564819,-0.3033956632899754,0.42910900133872004
LC-STR-09,101,4.0,-0.005474297346766429,-5.405302014715223e-06,-0.4290678039781561,0.42910272473068206
LC-STR-09,102,4.0,-0.0054714182398258975,0.3034014661175023,-0.3033921317364111,0.4291027518664601
LC-STR-09,103,4.0,-0.0054716241769084935,0.42907396710034973,9.33973151394357e-06,0.4291088533246499
LC-STR-09,104,4.0,-0.005475314342258803,0.3034067030573504,0.3033956632893623,0.429109001338902
LC-STR-09,105,6.5,-0.005473900413031664,5.9717982598931385e-06,0.429067560310938,0.42910247602708446
LC-STR-09,106,6.5,-0.005472592738245343,-0.3034037637703189,0.3033911973000621,0.4291037307463539
LC-STR-09,107,6.5,-0.005472402130596471,-0.4290752055390902,-6.233320233315185e-06,0.42911010152680595
LC-STR-09,108,6.5,-0.00547384896664808,-0.3034077312124532,-0.3033945173271509,0.4291088993789022
LC-STR-09,109,6.5,-0.005473900412936094,-5.971797241761199e-06,-0.4290675603116524,0.42910247602779755
LC-STR-09,110,6.5,-0.005472592738226554,0.3034037637713326,-0.30339119730077824,0.42910373074757674
LC-STR-09,111,6.5,-0.005472402130665985,0.42907520554010414,6.233319518379248e-06,0.42911010152782075
LC-STR-09,112,6.5,-0.005473848966764886,0.30340773121346626,0.30339451732643885,0.4291088993791165
LC-STR-09,113,9.0,-0.005473249033094216,5.647919093207422e-06,0.42906861533310886,0.42910352265012763
LC-STR-09,114,9.0,-0.005472986725140445,-0.3034021908035617,0.30339298531939224,0.4291038877813942
LC-STR-09,115,9.0,-0.005473119171665625,-0.42907417324013103,-5.8740396652284475e-06,0.4291090784517074
LC-STR-09,116,9.0,-0.005473398114161072,-0.30340571992805015,-0.3033962662873176,0.42910870810210716
LC-STR-09,117,9.0,-0.00547324903299641,-5.647917938786083e-06,-0.42906861533393187,0.4291035226509493
LC-STR-09,118,9.0,-0.005472986725120881,0.30340219080471453,-0.30339298532021625,0.4291038877827917
LC-STR-09,119,9.0,-0.005473119171736228,0.4290741732412854,5.874038844927815e-06,0.4291090784528626
LC-STR-09,120,9.0,-0.005473398114280399,0.30340571992920573,0.30339626628649435,0.42910870810234375
LC-STR-09,121,11.5,-0.005473149740077659,3.613465418445191e-06,0.42906942490161626,0.42910433086434596
LC-STR-09,122,11.5,-0.005473353464541105,-0.30340154224290433,0.3033948890353938,0.42910477989218393
LC-STR-09,123,11.5,-0.005473229804916771,-0.42907337182812466,-3.6370082123002886e-06,0.4291082784912001
LC-STR-09,124,11.5,-0.005473020781485795,-0.3034037279478044,-0.3033970262742389,0.4291078321834164
LC-STR-09,125,11.5,-0.0054731497399799186,-3.613464117968334e-06,-0.42906942490254435,0.4291043308652728
LC-STR-09,126,11.5,-0.005473353464523473,0.30340154224420635,-0.3033948890363213,0.42910477989376006
LC-STR-09,127,11.5,-0.005473229804989793,0.42907337182942634,3.6370072848795796e-06,0.42910827849250266
LC-STR-09,128,11.5,-0.005473020781606439,0.3034037279491067,0.30339702627331,0.42910783218368204
LC-STR-09,129,14.0,-0.005473007817930128,2.123833922194653e-06,0.4290703263289209,0.42910523039820025
LC-STR-09,130,14.0,-0.00547338949518902,-0.30340046989832486,0.3033968661532964,0.42910542005284863
LC-STR-09,131,14.0,-0.005473370771555237,-0.4290724728323501,-2.130946340404028e-06,0.4291073813564755
LC-STR-09,132,14.0,-0.005472985852733248,-0.3034017287943414,-0.30339812001313926,0.42910719154664206
LC-STR-09,133,14.0,-0.005473007817832114,-2.123832481229074e-06,-0.42907032632995334,0.4291052303992313
LC-STR-09,134,14.0,-0.005473389495171599,0.3034004698997658,-0.30339686615432887,0.4291054200545972
LC-STR-09,135,14.0,-0.005473370771628514,0.42907247283379074,2.13094530747622e-06,0.42910738135791693
LC-STR-09,136,14.0,-0.005472985852854201,0.3034017287957818,0.30339812001210736,0.4291071915469325
LC-STR-09,137,15.0,-0.005473014182522383,1.7159377981170884e-06,0.42907056304705826,0.42910546717643455
LC-STR-09,138,15.0,-0.005473395272796597,-0.3034002028360857,0.3033973675086333,0.4291055857804218
LC-STR-09,139,15.0,-0.005473363881944946,-0.4290722365061737,-1.7158232039612426e-06,0.4291071449597852
LC-STR-09,140,15.0,-0.005472980590717088,-0.3034012262796525,-0.3033983890791072,0.4291070264168842
LC-STR-09,141,15.0,-0.0054730141824246535,-1.7159363015687217e-06,-0.42907056304813196,0.4291054671775069
LC-STR-09,142,15.0,-0.005473395272779594,0.3034002028375818,-0.30339736750970736,0.4291055857822388
LC-STR-09,143,15.0,-0.005473363882018501,0.42907223650766996,1.7158221300961393e-06,0.42910714496128227
LC-STR-09,144,15.0,-0.005472980590838147,0.30340122628114846,0.30339838907803396,0.4291070264171847
LC-STR-09,145,16.5,-0.00547302058406613,1.1512838750065935e-06,0.429070813551704,0.4291057177404657
LC-STR-09,146,16.5,-0.005473381120824238,-0.3033999473756326,0.30339796972314276,0.4291058307697012
LC-STR-09,147,16.5,-0.005473356914060403,-0.42907198628120935,-1.15039641309459e-06,0.4291068946644116
LC-STR-09,148,16.5,-0.00547299529804645,-0.30340062259579814,-0.3033986463710756,0.42910678168592414
LC-STR-09,149,16.5,-0.005473020583968632,-1.1512822972254617e-06,-0.42907081355284044,0.4291057177416007
LC-STR-09,150,16.5,-0.005473381120807553,0.30339994737720904,-0.3033979697242804,0.42910583077162
LC-STR-09,151,16.5,-0.005473356914134197,0.4290719862827867,1.1503952772309477e-06,0.4291068946659897
LC-STR-09,152,16.5,-0.005472995298167584,0.3034006225973763,0.3033986463699394,0.4291067816862382
LC-STR-09,153,19.0,-0.005473036923577712,5.051139512833992e-07,0.4290711674307105,0.4291060717978421
LC-STR-09,154,19.0,-0.005473356579768567,-0.30339954225442495,0.3033987507763477,0.42910609625719864
LC-STR-09,155,19.0,-0.005473340155419607,-0.42907163245549607,-5.04616603120941e-07,0.42910654065247694
LC-STR-09,156,19.0,-0.005473020233804632,-0.3033998418835103,-0.30339905110060916,0.42910651616372447
LC-STR-09,157,19.0,-0.005473036923481078,-5.051122414164152e-07,-0.42907116743195295,0.42910607179908317
LC-STR-09,158,19.0,-0.005473356579752271,0.303399542256134,-0.30339875077759054,0.4291060962592856
LC-STR-09,159,19.0,-0.005473340155493329,0.42907163245720625,5.046153620002107e-07,0.4291065406541879
LC-STR-09,160,19.0,-0.005473020233925125,0.3033998418852211,0.3033990510993664,0.429106516164057
LC-STR-09,161,21.0,-0.005473050517791512,3.89389490765018e-08,0.42907138257665545,0.4291062870993787
LC-STR-09,162,21.0,-0.005473352356495518,-0.3033993231628851,0.30339924756963577,0.4291062925517829
LC-STR-09,163,21.0,-0.00547332647652609,-0.42907141729264636,-3.8869871143388787e-08,0.4291063253323591
LC-STR-09,164,21.0,-0.0054730245203542215,-0.30339934538183666,-0.3033992699503315,0.42910631990442827
LC-STR-09,165,21.0,-0.005473050517694994,-3.893713502288911e-08,-0.4290713825779799,0.42910628710070176
LC-STR-09,166,21.0,-0.005473352356479464,0.3033993231647002,-0.3033992475709598,0.4291062925540022
LC-STR-09,167,21.0,-0.00547332647660012,0.42907141729446163,3.886854750853269e-08,0.4291063253341752
LC-STR-09,168,21.0,-0.005473024520474815,0.30339934538365215,0.3033992699490066,0.42910631990477666
LC-STR-09,169,-2.5,-0.008590193749527701,0.0007415440074428854,3.4833912883948295,3.483401959203267
LC-STR-09,170,-2.5,-0.0038235631515732013,-0.16616529902759974,0.2572246597930241,0.30625161524756517
LC-STR-09,171,-2.5,-0.008519698511159923,-1.754711981301964,3.013202332562877,3.486900488908416
LC-STR-09,172,-2.5,-0.00638240995533107,-0.25509150040306383,0.16755036909789547,0.30526305855698493
LC-STR-09,173,-2.5,-0.00850603623177061,-3.0122805607341516,1.7562494793557897,3.486878082607236
LC-STR-09,174,-2.5,-0.008507404623153162,-3.483380436254633,0.0007903224316136667,3.483390914644017
LC-STR-09,175,-2.5,-0.0038144032390323023,-0.25716995896517053,-0.16612785578752848,0.3061852412099239
LC-STR-09,176,-2.5,-0.008569628221400916,-3.0131831868276793,-1.754695674574269,3.486875860462846
LC-STR-09,177,-2.5,-0.006384001158310182,-0.1674967081814115,-0.25509410073729377,0.3052358153188561
LC-STR-09,178,-2.5,-0.00863865269798365,-1.7562026339943868,-3.012291451314003,3.4868642224251696
LC-STR-09,179,-2.5,-0.008590193742610682,-0.0007415440069377161,-3.4833912883952007,3.483401959203621
LC-STR-09,180,-2.5,-0.0038235631515694804,0.16616529902810012,-0.25722465979339254,0.30625161524814604
LC-STR-09,181,-2.5,-0.008519698504912918,1.7547119813024668,-3.013202332563247,3.486900488908973
LC-STR-09,182,-2.5,-0.006382409955363148,0.25509150040356954,-0.16755036909826063,0.30526305855760866
LC-STR-09,183,-2.5,-0.008506036229128456,3.012280560734655,-1.756249479356158,3.48687808260785
LC-STR-09,184,-2.5,-0.008507404624262065,3.4833804362551346,-0.0007903224319821688,3.483390914644522
LC-STR-09,185,-2.5,-0.003814403239068083,0.2571699589656807,0.16612785578716407,0.30618524121015517
LC-STR-09,186,-2.5,-0.008569628224494908,3.013183186828182,1.7546956745739,3.4868758604631016
LC-STR-09,187,-2.5,-0.006384001158355489,0.16749670818191997,0.2550941007369229,0.3052358153188261
LC-STR-09,188,-2.5,-0.008638652703190298,1.7562026339948928,3.0122914513136316,3.4868642224251167
LC-STR-09,189,2.5,-0.005265300236486847,7.390839579303528e-06,2.8605352406600444,2.8605400865045087
LC-STR-09,190,2.5,-0.005490464767515664,-0.14303056387388327,0.24772474977700157,0.28610389556509425
LC-STR-09,191,2.5,-0.0052579582907988235,-1.430269794904746,2.4772952984294547,2.860540390898708
LC-STR-09,192,2.5,-0.005484708384890473,-0.24772760264003824,0.14303443609665456,0.2861081911538639
LC-STR-09,193,2.5,-0.00525272895204824,-2.4772960655476157,1.4302712242105886,2.8605417602866763
LC-STR-09,194,2.5,-0.005255153823422046,-2.860537728874713,3.15535700205151e-07,2.8605425560472804
LC-STR-09,195,2.5,-0.005492431680724969,-0.24773538850793964,-0.14303533998847776,0.2861155326272355
LC-STR-09,196,2.5,-0.005264517324897933,-2.477299344946949,-1.4302708639281738,2.860544441853525
LC-STR-09,197,2.5,-0.005488213942340186,-0.14304292480971745,-0.24772497955880268,0.2861102310785208
LC-STR-09,198,2.5,-0.005269427004893721,-1.4302792981364114,-2.4772932249312185,2.8605433679335577
LC-STR-09,199,2.5,-0.005265300226654477,-7.3908387833372735e-06,-2.8605352406605977,2.8605400865050443
LC-STR-09,200,2.5,-0.005490464767504029,0.1430305638746732,-0.24772474977756154,0.2861038955659738
LC-STR-09,201,2.5,-0.005257958284686784,1.4302697949055339,-2.4772952984300116,2.860540390899573
LC-STR-09,202,2.5,-0.0054847083849232005,0.24772760264081772,-0.14303443609720076,0.2861081911548125
LC-STR-09,203,2.5,-0.005252728949565137,2.4772960655484053,-1.4302712242111446,2.860541760287633
LC-STR-09,204,2.5,-0.005255153826041112,2.8605377288755056,-3.1553624900143956e-07,2.8605425560480784
LC-STR-09,205,2.5,-0.005492431680735735,0.24773538850872576,0.1430353399879313,0.28611553262764317
LC-STR-09,206,2.5,-0.005264517333362056,2.477299344947741,1.4302708639276258,2.860544441853952
LC-STR-09,207,2.5,-0.005488213942359323,0.14304292481052375,0.24772497955825748,0.28611023107845224
LC-STR-09,208,2.5,-0.00526942701696035,1.430279298137207,2.4772932249306656,2.860543367933499
LC-STR-09,209,-16.0,-0.0062871126367395015,-0.00012022350619894706,0.20992095470023556,0.21001511722077734
LC-STR-09,210,-16.0,-0.026170651152487078,-0.1818480859391201,0.10512175530513845,0.2116700564083172
LC-STR-09,211,-16.0,0.013477067277892264,-0.1818915604268035,-0.10505765894717992,0.21048345018165276
LC-STR-09,212,-16.0,-0.006287112636693413,0.0001202235062754258,-0.20992095470026734,0.21001511722080773
LC-STR-09,213,-16.0,-0.026170651152502517,0.18184808593918508,-0.10512175530517867,0.21167005640839492
LC-STR-09,214,-16.0,0.013477067277833368,0.18189156042688642,0.10505765894713497,0.21048345018169826
LC-STR-09,215,21.4,-0.005473219604929325,-2.5750490279403287e-08,0.19069841099003018,0.1907769380375073
LC-STR-09,216,21.4,-0.005473143173063026,-0.1348440190998123,0.13484405699183966,0.19077679232339004
LC-STR-09,217,21.4,-0.005473157366302599,-0.19069838896132468,2.5805027159750325e-08,0.19077691423230866
LC-STR-09,218,21.4,-0.005473233502143553,-0.1348440039588947,-0.13484404190138638,0.19077677354682943
LC-STR-09,219,21.4,-0.0054732196048849985,2.575232513237958e-08,-0.19069841099137103,0.19077693803884638
LC-STR-09,220,21.4,-0.0054731431730553745,0.13484401910164845,-0.13484405699317983,0.1907767923256349
LC-STR-09,221,21.4,-0.005473157366334825,0.19069838896316066,-2.5806367588507203e-08,0.19077691423414483
LC-STR-09,222,21.4,-0.005473233502196959,0.13484400396073112,0.1348440419000447,0.19077677354718067
